"disease","disease_disbiome_author_svd64_000","disease_disbiome_author_svd64_001","disease_disbiome_author_svd64_002","disease_disbiome_author_svd64_003","disease_disbiome_author_svd64_004","disease_disbiome_author_svd64_005","disease_disbiome_author_svd64_006","disease_disbiome_author_svd64_007","disease_disbiome_author_svd64_008","disease_disbiome_author_svd64_009","disease_disbiome_author_svd64_010","disease_disbiome_author_svd64_011","disease_disbiome_author_svd64_012","disease_disbiome_author_svd64_013","disease_disbiome_author_svd64_014","disease_disbiome_author_svd64_015","disease_disbiome_author_svd64_016","disease_disbiome_author_svd64_017","disease_disbiome_author_svd64_018","disease_disbiome_author_svd64_019","disease_disbiome_author_svd64_020","disease_disbiome_author_svd64_021","disease_disbiome_author_svd64_022","disease_disbiome_author_svd64_023","disease_disbiome_author_svd64_024","disease_disbiome_author_svd64_025","disease_disbiome_author_svd64_026","disease_disbiome_author_svd64_027","disease_disbiome_author_svd64_028","disease_disbiome_author_svd64_029","disease_disbiome_author_svd64_030","disease_disbiome_author_svd64_031","disease_disbiome_author_svd64_032","disease_disbiome_author_svd64_033","disease_disbiome_author_svd64_034","disease_disbiome_author_svd64_035","disease_disbiome_author_svd64_036","disease_disbiome_author_svd64_037","disease_disbiome_author_svd64_038","disease_disbiome_author_svd64_039","disease_disbiome_author_svd64_040","disease_disbiome_author_svd64_041","disease_disbiome_author_svd64_042","disease_disbiome_author_svd64_043","disease_disbiome_author_svd64_044","disease_disbiome_author_svd64_045","disease_disbiome_author_svd64_046","disease_disbiome_author_svd64_047","disease_disbiome_author_svd64_048","disease_disbiome_author_svd64_049","disease_disbiome_author_svd64_050","disease_disbiome_author_svd64_051","disease_disbiome_author_svd64_052","disease_disbiome_author_svd64_053","disease_disbiome_author_svd64_054","disease_disbiome_author_svd64_055","disease_disbiome_author_svd64_056","disease_disbiome_author_svd64_057","disease_disbiome_author_svd64_058","disease_disbiome_author_svd64_059","disease_disbiome_author_svd64_060","disease_disbiome_author_svd64_061","disease_disbiome_author_svd64_062","disease_disbiome_author_svd64_063"
"AA amyloidosis","1.3445722","-0.0494383","-0.104966365","-0.05790934","0.040533252","0.046392754","-0.012756858","-0.12574342","0.019733194","0.01500865","-0.11632919","-0.17649783","-0.10525385","0.055831354","-0.007157807","-0.32560822","-0.06101297","-0.16644081","0.09697399","-0.09398084","-0.3588292","-0.45673165","-1.5466361","0.2920618","-1.9661399","0.8750096","0.9054214","0.55424553","-0.8913487","0.13310508","0.29096657","-0.0914505","-0.31774354","0.390984","-0.8320029","-1.3075362","0.5033036","-0.39454722","1.0002903","-0.46118346","1.068512","-0.26826337","1.1665682","0.36631152","-0.42173162","-0.7378849","-0.79597884","2.9925337","-1.2981938","-0.28384602","-0.96051705","0.6062215","1.1151584","-1.561046","0.20821336","-3.085279","-1.3178352","0.20970723","0.29271066","1.0662966","-1.8383242","0.7636467","-1.8092275","-0.19878817"
"ADHD","-0.8610144","-0.06204689","-0.022810645","0.0020611463","-0.0009565658","-0.00045902724","-0.018918822","-0.025630439","-0.0039312975","-0.018969087","-0.016530914","-0.035641547","-0.007943889","-0.0072050034","-0.013963499","-0.020377705","-0.010373334","-0.010835765","-0.016133092","-0.011339596","-0.011538723","-0.0045860168","-0.023036573","-0.014183245","-0.003153893","0.010902799","-0.006406742","-0.01712594","0.0009230043","-0.0017532083","-0.014034494","-0.0038970762","-0.009691642","0.00065829273","0.0020159772","-0.0066735","-0.0004295523","-0.0039763018","0.0055414047","0.0031142994","0.00020551936","-0.0045593185","0.00019011392","-0.0040777926","-0.0021466732","-0.0045848354","0.0016202849","-0.003749743","0.0003040471","-0.0030011972","0.00045753678","0.0034179133","-0.00023160408","-8.856923e-05","0.0009927604","-0.00262229","-0.0008311592","-0.0019204128","0.001693831","-0.0009724535","-0.0026840903","-0.0013402244","-0.0023038934","-0.000955738"
"Acne","0.77498865","0.027231915","0.07719489","-0.03453454","-0.00033979065","0.002438224","0.053160034","0.04883655","-0.04093796","-0.063170426","0.012963654","0.013459143","0.11133473","-0.18715712","-0.30812746","0.34194347","0.28382778","-0.018028682","0.8151693","-0.0789808","0.97294647","0.48764834","2.3728216","1.0167197","-0.9509682","0.6905019","-1.1705924","-1.6874831","-0.9112177","-0.58288914","3.2598648","0.9319202","-2.0757163","-1.4239392","-0.34949493","-2.208314","-0.21778597","1.4951944","-1.5828105","3.7350628","-2.7045982","2.9816723","-1.5319628","1.8201935","-1.0506253","0.2817953","-1.6228693","2.7388122","3.4034421","-0.80187947","1.3138117","1.1398228","-0.7519297","0.36251912","0.77310795","1.7921911","1.7702057","-0.21039388","0.7556762","0.29732278","0.62815654","-0.5776188","-2.1978862","-1.346207"
"Acquired Immunodeficiency Syndrome","1.1525303","0.021902027","-0.11208685","0.026372466","0.029937547","-0.03291008","0.048031468","-0.0518522","0.029337188","0.39069983","-0.13702005","0.007727805","0.017942287","0.10156615","0.103515014","0.2443805","-0.1862753","0.14988577","-0.8151334","0.37991318","-1.1966276","1.0010939","-0.04288289","1.1385291","-2.1696126","-0.5164643","-1.3476009","0.38528427","-3.3203237","1.1933813","-1.1505845","1.5588049","-1.5078905","-0.49068734","-0.70861095","2.9615638","0.4780479","0.44857368","1.6946908","-1.2089932","1.5324738","-0.11480801","0.16450194","-2.6742413","-2.9385474","1.6556044","-0.88332665","1.3077984","-0.523785","0.24776806","-2.686804","1.6530639","-0.09252032","-1.9658837","-0.3718063","-2.6976404","0.4240168","1.9323659","0.17946115","1.9302315","1.458843","-0.293049","0.9895746","-1.7155546"
"Acute Lymphoblastic Leukemia","1.1307689","-0.15362641","-0.046539713","0.016358001","0.034642193","-0.020944323","-0.0502375","-0.06410129","-0.026254445","-0.10741695","0.019786913","-0.103577964","-0.064277366","-0.06479628","-0.08293852","0.044022962","-0.18691708","0.29822016","0.005417353","0.6880121","0.34338146","-0.762214","0.9408066","-0.69868493","0.36077514","-0.17598262","-0.13289255","0.4931527","-1.3050009","0.5478135","-0.29996637","-0.014273247","-1.2208937","-1.1485206","-3.525185","2.5907133","0.66265184","1.2335154","-0.17891668","2.1879635","0.9660778","0.5040713","0.92228895","-0.8034187","1.6220422","0.5217567","-3.0149596","0.20280516","0.87400424","-0.99606574","0.6746751","0.4585593","0.7998706","-1.322967","0.747621","-1.0701431","-0.12790826","-0.40831017","-0.7213018","-0.98825693","-0.3198185","-0.89938647","0.9316279","-0.35036552"
"Acute cerbral infarction","1.1172575","-0.39890966","-0.16772544","0.036368184","-0.033051874","-0.01612872","-0.13382308","-0.20451222","-0.011110124","-0.0652437","-0.14482923","-0.15644993","0.004775514","-0.31112728","-0.51667535","-0.42652887","-0.07602301","-0.08294741","-0.9247962","-0.8163387","1.6640395","0.31373665","-2.579897","1.1011239","0.86296594","-0.25388506","0.52384067","0.29372174","-0.29462004","1.6564069","0.5811442","-1.4308419","0.59692353","3.4348674","-0.055808846","-1.5174131","1.0382334","-1.5530349","1.8817149","-2.96066","0.37937754","1.685319","1.6081378","-2.2605875","1.385461","-1.5341394","0.8403424","2.329489","1.3519338","-3.6139297","2.7298706","-1.0850399","1.2068211","-0.081179015","0.17849648","0.3920453","1.9734823","0.91532844","-0.044357974","-2.0442832","2.9086418","-0.48593765","1.161171","2.349538"
"Acute cholecystitis","-0.8610144","-0.06204689","-0.022810645","0.0020611463","-0.0009565658","-0.00045902724","-0.018918822","-0.025630439","-0.0039312975","-0.018969087","-0.016530914","-0.035641547","-0.007943889","-0.0072050034","-0.013963499","-0.020377705","-0.010373334","-0.010835765","-0.016133092","-0.011339596","-0.011538723","-0.0045860168","-0.023036573","-0.014183245","-0.003153893","0.010902799","-0.006406742","-0.01712594","0.0009230043","-0.0017532083","-0.014034494","-0.0038970762","-0.009691642","0.00065829273","0.0020159772","-0.0066735","-0.0004295523","-0.0039763018","0.0055414047","0.0031142994","0.00020551936","-0.0045593185","0.00019011392","-0.0040777926","-0.0021466732","-0.0045848354","0.0016202849","-0.003749743","0.0003040471","-0.0030011972","0.00045753678","0.0034179133","-0.00023160408","-8.856923e-05","0.0009927604","-0.00262229","-0.0008311592","-0.0019204128","0.001693831","-0.0009724535","-0.0026840903","-0.0013402244","-0.0023038934","-0.000955738"
"Acute fatty liver","1.2416966","-0.1846441","-0.08898308","0.017523088","-0.02805201","-0.004115541","-0.045772318","-0.0415364","-0.009837551","-0.07226822","0.051520932","-0.03687073","0.12605986","-0.025296051","0.21001527","0.19467507","0.056382816","-0.08010683","0.10556385","0.04523908","0.9270173","0.105826415","2.0983686","0.48421752","1.6476885","-0.20830114","0.6556255","-0.6830686","-0.2356368","1.097543","-1.4684376","1.1782633","-2.7896745","-0.59365","-1.9396968","-3.755239","-0.3034081","0.26778945","0.16702661","2.0844898","1.5975239","-1.5550693","1.2027348","0.26039287","-1.1937912","-2.577301","0.3829487","0.36235204","-1.8905665","-2.1148574","0.5440092","0.53126013","-1.7958317","1.1378906","0.24585257","-2.9398134","0.12474248","-0.68264776","-0.30490932","-0.68125063","-0.8493469","-0.27366608","0.35915345","-1.9960344"
"Acute lymphoblastic leukemia","-0.8610144","-0.06204689","-0.022810645","0.0020611463","-0.0009565658","-0.00045902724","-0.018918822","-0.025630439","-0.0039312975","-0.018969087","-0.016530914","-0.035641547","-0.007943889","-0.0072050034","-0.013963499","-0.020377705","-0.010373334","-0.010835765","-0.016133092","-0.011339596","-0.011538723","-0.0045860168","-0.023036573","-0.014183245","-0.003153893","0.010902799","-0.006406742","-0.01712594","0.0009230043","-0.0017532083","-0.014034494","-0.0038970762","-0.009691642","0.00065829273","0.0020159772","-0.0066735","-0.0004295523","-0.0039763018","0.0055414047","0.0031142994","0.00020551936","-0.0045593185","0.00019011392","-0.0040777926","-0.0021466732","-0.0045848354","0.0016202849","-0.003749743","0.0003040471","-0.0030011972","0.00045753678","0.0034179133","-0.00023160408","-8.856923e-05","0.0009927604","-0.00262229","-0.0008311592","-0.0019204128","0.001693831","-0.0009724535","-0.0026840903","-0.0013402244","-0.0023038934","-0.000955738"
"Acute skin abscess","1.1450486","-0.37507942","-0.1721526","-0.014390311","-0.032352306","-0.017066693","-0.17372453","-0.20417257","-0.064841226","-0.09619428","-0.2633411","-0.16959819","-0.12519102","-0.27951348","-0.23747453","-0.46881518","-0.015081953","-0.52853614","-0.8514973","-0.5160852","-0.37249717","-1.0399945","-1.1616688","1.3116019","0.9781522","-0.60320044","-0.41544324","1.3182743","0.487387","-0.40067","-1.399033","-0.7554234","1.7582967","0.42543173","1.506735","-0.5990524","-1.7044462","-0.56297475","0.052956764","1.8370463","-1.3193809","3.394988","2.3676403","1.2384952","-0.020314876","0.20130806","0.31510866","-0.33082023","0.38891035","0.36890477","1.4785919","0.7710807","-2.1110108","0.22257262","2.1802292","-0.6215869","-3.0042176","1.2320167","-1.5888162","-1.001973","-0.19187778","-1.177423","-0.91490513","-2.2817717"
"Adolescent idiopathic scoliosis","1.303281","-0.209766","-0.06982376","-0.009530276","0.012752731","0.020955414","-0.06015573","-0.094527625","0.014858353","-0.092866264","-0.11490979","-0.1013746","-0.0030418194","0.06895761","-0.081273064","0.3250831","-0.03961127","0.24162552","-1.0187123","0.018974254","-1.6619742","0.69728154","-0.6438906","-0.51559156","-0.9732479","-1.0410378","0.6599821","0.65228474","0.81176186","-0.22613175","-0.3273413","0.29061145","1.2950246","1.7318618","-0.32703394","-0.34451348","-0.950054","-0.65749407","-1.1476176","-1.139991","-1.2263331","1.2236394","-0.83884424","-0.20224921","1.5374333","0.119171076","-0.81303275","-0.6918867","-1.362249","-1.5275706","1.3251303","-0.23949622","-0.34235936","-1.1472923","0.9463449","-0.5124235","1.8494922","-1.8566611","-1.4325956","-0.078525335","-1.8058178","-0.13345273","0.57260495","-1.116173"
"Aerobic vaginitis","0.7025397","0.028417397","-0.0032764487","-0.026716478","-0.043050047","0.05457992","0.05673816","-0.006134709","0.03206049","0.07740888","0.0011153865","-0.13604671","0.06494092","-0.10868127","-0.0017310191","-0.035373554","0.6659528","0.013957463","0.81563824","-0.4604791","1.847939","-1.1865299","2.962025","1.1926808","-1.7890706","-2.0637002","-5.158698","-1.4498652","-1.2767248","-1.775318","6.5079226","6.8546624","6.826002","0.17779908","1.494208","0.525053","5.446842","0.65885186","7.479502","0.11500886","2.1810641","-3.9332504","2.1380126","2.2739577","1.1973358","-0.56658643","-3.3730235","1.9267622","0.1943968","-0.013259675","0.58053005","0.82686275","-0.61504436","-0.5868576","1.3278611","0.28345075","1.1642061","-0.029185437","-0.4101911","0.20728493","-0.32042432","-0.14850268","0.21944527","0.86850274"
"Aggressive periodontitis","0.4395026","0.21615545","0.16462635","-0.11931075","0.08101972","0.009023896","0.23000965","1.1726481","0.48206526","-0.13048916","0.0031005598","0.24114223","-0.027068112","0.7994762","0.6664251","0.4533338","-0.10582561","0.45189938","2.261868","5.033702","20.09639","-11.488775","-0.40250468","2.377252","-1.4876349","0.948045","1.5851499","-0.32303765","-0.27642906","-0.19085146","-0.011010748","-1.0611224","0.35174754","-0.24230677","-0.14406966","-0.2499563","-0.8483127","-1.7637415","-0.8248288","-0.17221428","0.85781926","0.09075268","0.060844213","-0.5736828","0.15437154","-0.9710284","-0.26951307","0.15940788","-0.44234228","-0.65154153","-0.078334846","-0.0034658464","0.009254985","0.6859915","-0.26904553","-0.4261773","0.15413165","0.42833477","-0.21924958","-0.088161536","0.12649328","-0.14646551","-0.14903563","0.04167579"
"Alcoholic Liver Disease","-0.8610144","-0.06204689","-0.022810645","0.0020611463","-0.0009565658","-0.00045902724","-0.018918822","-0.025630439","-0.0039312975","-0.018969087","-0.016530914","-0.035641547","-0.007943889","-0.0072050034","-0.013963499","-0.020377705","-0.010373334","-0.010835765","-0.016133092","-0.011339596","-0.011538723","-0.0045860168","-0.023036573","-0.014183245","-0.003153893","0.010902799","-0.006406742","-0.01712594","0.0009230043","-0.0017532083","-0.014034494","-0.0038970762","-0.009691642","0.00065829273","0.0020159772","-0.0066735","-0.0004295523","-0.0039763018","0.0055414047","0.0031142994","0.00020551936","-0.0045593185","0.00019011392","-0.0040777926","-0.0021466732","-0.0045848354","0.0016202849","-0.003749743","0.0003040471","-0.0030011972","0.00045753678","0.0034179133","-0.00023160408","-8.856923e-05","0.0009927604","-0.00262229","-0.0008311592","-0.0019204128","0.001693831","-0.0009724535","-0.0026840903","-0.0013402244","-0.0023038934","-0.000955738"
"Alcoholic cirrhosis","1.2681564","-0.2108387","-0.035414718","0.011444581","-0.014518661","-0.044995792","-0.11195791","-0.11877455","0.025276974","-0.06949214","-0.0015592863","0.07031961","0.36477995","0.01565616","-0.136575","-0.08851697","-0.21635605","-0.29862094","-0.68229973","0.7964314","0.68949014","1.7768912","-0.044982936","-1.6461854","-0.051202502","-0.10779691","-1.106466","0.22198924","0.2188424","0.9319664","-0.21864092","-2.355098","1.201689","-1.3239778","-0.5305796","1.0989465","-0.9342094","-2.2106383","0.57160664","-0.30898783","-0.6855594","-1.0353457","0.4070567","1.9142253","-1.7316222","1.0561982","2.0698037","1.0810014","-2.8471594","0.25627336","-2.895302","-1.4080187","0.3724864","2.7067556","1.7800636","-2.1522002","-0.03691112","3.2310936","-0.53358006","0.6020193","0.9350556","-0.70412266","-0.08692227","0.9571573"
"Alcoholic hepatitis","1.0740644","-0.094181746","0.03574038","0.012310262","0.027070392","-0.008228458","-0.07814254","-0.053760212","-0.056737818","0.0017249332","0.006881465","0.05693875","0.20965202","-0.008980293","0.19600962","0.088484965","-0.620635","0.33395967","0.25426218","1.2245291","-0.9648857","0.3224731","1.1457051","-1.1277633","0.60506487","-2.2330935","-1.3359382","1.5695261","-1.365721","1.545201","1.6672478","-2.0402865","-0.16732852","-0.04112298","-0.014569568","-1.3317907","1.7727193","-0.74025077","0.41931614","2.1498997","-1.1394365","-0.39206713","-1.8044318","0.98159635","0.99289846","0.5405517","2.893118","4.1326203","-1.0737141","-0.19755423","-2.146792","1.4470593","-0.6754625","1.2450186","-1.230536","1.4218861","1.5078578","2.4379668","-2.5784538","1.2056627","-3.130804","-2.0605924","1.4679213","2.1897724"
"Alcoholism","0.47090816","0.1337312","0.16322806","0.10822996","-0.010953647","0.017474592","0.05874751","0.03215392","-0.021139408","0.086285144","0.15177786","0.60935545","0.030051455","0.7881186","0.019450169","0.6984222","-0.40557784","0.8742909","0.7900698","-0.9635173","0.30435866","2.5833843","3.0320294","0.08242309","8.764784","-6.36354","-3.0433936","0.63665044","5.002194","-0.038710713","3.2184625","-2.4137974","-4.357252","-3.3591726","7.3065267","2.196659","1.5194799","-4.1930637","0.7883629","2.0768757","-0.20142716","2.386506","-0.0056294035","1.3480479","0.71935564","0.36752304","-2.2481494","-0.13371797","0.4869268","-1.9842981","-0.053615134","-0.1399933","0.28967887","1.3895546","0.3461505","-1.3276875","0.29028374","-0.46595696","0.21816152","0.24496223","0.21855901","0.6426053","0.51515484","-0.16102605"
"Allergic asthma","1.2803495","-0.18534134","-0.07331556","-0.0040248446","-0.012156741","0.009206525","-0.06356878","-0.13596167","-0.037982732","-0.04438599","0.13787508","-0.1344518","-0.06374531","-0.016613567","0.080263235","0.62031376","-0.06559431","-0.022159468","-0.19522534","-0.621892","0.3826897","1.5649718","-0.8848102","1.1774964","1.6005055","1.5097448","-0.82186306","-0.5005757","2.5257347","0.36702818","-2.354668","1.1792917","1.993276","1.0143247","-0.92278993","-1.2160974","0.86514264","-0.036593504","0.68901503","0.7680465","1.0944499","0.46353847","0.5537515","0.7961212","-0.19407575","1.9290234","-2.5625615","1.2460873","0.8389243","-0.72910744","0.5452967","2.2745292","-2.2822595","0.9157185","-1.8766357","1.4246612","1.0890734","-1.9966271","-0.30878654","-0.28322047","1.6673359","-0.08618013","2.2144024","-0.23229155"
"Allergic rhinoconjunctivitis","1.351084","-0.23507753","0.014754048","-0.06483479","-0.023256492","0.015843319","-0.10410567","0.1982001","-0.009103614","-0.07468734","-0.033204455","-0.18515196","-0.23175545","-0.0009527205","0.038755327","-0.07926751","-0.060544606","-0.07778192","0.018321581","-0.27604148","-0.33972433","-1.0061466","-1.1443686","0.65907353","-0.878779","0.6091718","0.39941925","-1.3174788","1.8371682","0.30344474","0.6173472","-1.4566114","-0.21670182","-0.91907686","0.28562245","0.54436976","1.8641535","0.30245647","2.696601","-0.5716291","-1.5003431","0.42281237","4.4126024","-0.07990428","1.4186002","0.48908448","-0.37502003","1.6488383","-0.054915648","0.24170765","0.0027712837","1.1003952","-0.4181799","-1.8074318","-0.4720886","-0.32566378","1.6799816","0.4916904","1.721832","-0.68720096","-1.0464565","0.19455402","-0.87733597","-2.4536612"
"Allergic sensitization","-0.8610144","-0.06204689","-0.022810645","0.0020611463","-0.0009565658","-0.00045902724","-0.018918822","-0.025630439","-0.0039312975","-0.018969087","-0.016530914","-0.035641547","-0.007943889","-0.0072050034","-0.013963499","-0.020377705","-0.010373334","-0.010835765","-0.016133092","-0.011339596","-0.011538723","-0.0045860168","-0.023036573","-0.014183245","-0.003153893","0.010902799","-0.006406742","-0.01712594","0.0009230043","-0.0017532083","-0.014034494","-0.0038970762","-0.009691642","0.00065829273","0.0020159772","-0.0066735","-0.0004295523","-0.0039763018","0.0055414047","0.0031142994","0.00020551936","-0.0045593185","0.00019011392","-0.0040777926","-0.0021466732","-0.0045848354","0.0016202849","-0.003749743","0.0003040471","-0.0030011972","0.00045753678","0.0034179133","-0.00023160408","-8.856923e-05","0.0009927604","-0.00262229","-0.0008311592","-0.0019204128","0.001693831","-0.0009724535","-0.0026840903","-0.0013402244","-0.0023038934","-0.000955738"
"Allergy","0.8553124","-0.2845309","-0.078538224","0.032426555","0.0048074247","-0.023487449","-0.10349865","-0.07291982","-0.09623571","-0.16554679","0.020338373","-0.00072642934","0.03179322","-0.08356747","0.05847437","-0.13998039","-0.28768608","0.058081787","-0.1919716","-0.63304794","0.590256","-0.54256886","-1.0770211","-0.3675355","-0.5377382","-0.8617469","-0.408513","0.80997884","-0.07730614","-2.3687108","-2.7270234","0.09842376","0.5063566","-0.4943294","-0.8006551","0.60487914","-1.4662751","-0.037487995","-1.3761865","-0.46656743","-0.6724204","-0.8451858","-0.4919732","2.0654392","1.9520148","-0.8823218","-1.2049161","-1.3133974","1.975749","-2.4751806","-0.32727888","-1.59716","-3.6925466","-4.0215316","2.3255126","2.1835198","2.9749286","-1.9867461","1.557863","2.3737338","3.0287898","1.0584354","-1.2266762","-1.2429004"
"Alopecia areata","1.3012602","-0.1655964","-0.08274647","0.004026247","0.014478195","-0.026772566","-0.043275002","-0.082523815","-0.06521176","-0.09468671","-0.033007555","-0.1349556","-0.10556592","-0.04489788","0.059775326","0.13696826","0.15820755","-0.27067885","-0.3228871","-0.335656","-0.37180716","-1.7766035","-0.24483305","0.116188176","-1.7820575","1.695839","0.605465","-0.8257318","-0.667874","-0.16442172","0.9380934","-2.5577173","0.6134334","-0.82771325","0.32841852","1.4644269","-1.7283336","0.68459445","1.1800164","0.10447151","-1.1317487","2.2496936","0.06353611","-0.08610661","-1.6913238","-2.2466872","-1.6366137","2.1489577","-1.5081646","-2.5974479","-0.3549971","2.7386096","-1.7586316","-0.9998818","3.362038","-1.4969229","1.1459405","2.8233922","0.8503471","0.9049171","-0.47431472","-0.7686863","-1.3879346","-1.751733"
"Alopecia universalis","1.3164827","-0.2054683","-0.037543572","-0.027097858","0.005781727","-0.010463744","-0.081804305","-0.08776341","-0.000322572","-0.053725544","0.016749106","-0.17895767","-0.14796612","-0.081212245","-0.31293604","0.04289361","0.2313839","0.018505247","0.3027234","-0.08604937","0.8776612","0.824984","-1.1119375","-0.48390883","0.68274546","0.21261784","-1.6792426","-1.0210285","0.18919866","-2.1362069","1.0041728","-0.9745856","-0.60262215","1.396774","-1.2992662","1.1389776","-2.628475","-1.2428093","2.3094218","0.45496368","0.009229134","0.4994611","-0.3185878","-1.0876651","-1.1779698","-3.42571","2.0864048","-1.6963403","1.4564934","0.24235788","1.3124925","-0.363789","-0.41259307","1.4985977","0.45225307","1.5188956","-0.2703918","-1.2875087","-0.7750708","1.750561","-1.1695645","0.2890993","-0.24033384","-3.5576236"
"Alzheimer disease","-0.8610144","-0.06204689","-0.022810645","0.0020611463","-0.0009565658","-0.00045902724","-0.018918822","-0.025630439","-0.0039312975","-0.018969087","-0.016530914","-0.035641547","-0.007943889","-0.0072050034","-0.013963499","-0.020377705","-0.010373334","-0.010835765","-0.016133092","-0.011339596","-0.011538723","-0.0045860168","-0.023036573","-0.014183245","-0.003153893","0.010902799","-0.006406742","-0.01712594","0.0009230043","-0.0017532083","-0.014034494","-0.0038970762","-0.009691642","0.00065829273","0.0020159772","-0.0066735","-0.0004295523","-0.0039763018","0.0055414047","0.0031142994","0.00020551936","-0.0045593185","0.00019011392","-0.0040777926","-0.0021466732","-0.0045848354","0.0016202849","-0.003749743","0.0003040471","-0.0030011972","0.00045753678","0.0034179133","-0.00023160408","-8.856923e-05","0.0009927604","-0.00262229","-0.0008311592","-0.0019204128","0.001693831","-0.0009724535","-0.0026840903","-0.0013402244","-0.0023038934","-0.000955738"
"Alzheimer's Disease","0.91387045","0.0035893214","0.18076663","0.30469862","-0.0095605375","0.0031994928","-0.031154051","-0.06457903","0.03196536","-0.05531706","0.0009089583","0.22448638","-0.08885336","0.30361906","0.0010755447","0.10691131","0.08497186","1.3079302","0.019697206","-0.5055669","-0.92955697","1.3408686","0.15857646","1.9174062","2.2410743","0.113140345","-0.21891041","0.41675866","0.41772485","0.02520552","-0.22013718","0.5294705","-0.15327017","-0.2651634","-1.2424233","1.4680983","-0.1559743","0.30740023","-3.1696687","1.3644255","1.5389073","-1.7945815","2.6548102","-0.15441124","-2.116955","0.8097659","-0.8923842","-0.92511576","-1.5859259","1.7447009","-0.7538239","-0.96122414","-1.5181961","3.4268723","1.6228572","0.1768197","-0.47227946","2.8604212","1.0132934","1.3137448","-1.0376981","-1.2603322","0.43570995","1.3673327"
"Alzheimer's disease","-0.8610144","-0.06204689","-0.022810645","0.0020611463","-0.0009565658","-0.00045902724","-0.018918822","-0.025630439","-0.0039312975","-0.018969087","-0.016530914","-0.035641547","-0.007943889","-0.0072050034","-0.013963499","-0.020377705","-0.010373334","-0.010835765","-0.016133092","-0.011339596","-0.011538723","-0.0045860168","-0.023036573","-0.014183245","-0.003153893","0.010902799","-0.006406742","-0.01712594","0.0009230043","-0.0017532083","-0.014034494","-0.0038970762","-0.009691642","0.00065829273","0.0020159772","-0.0066735","-0.0004295523","-0.0039763018","0.0055414047","0.0031142994","0.00020551936","-0.0045593185","0.00019011392","-0.0040777926","-0.0021466732","-0.0045848354","0.0016202849","-0.003749743","0.0003040471","-0.0030011972","0.00045753678","0.0034179133","-0.00023160408","-8.856923e-05","0.0009927604","-0.00262229","-0.0008311592","-0.0019204128","0.001693831","-0.0009724535","-0.0026840903","-0.0013402244","-0.0023038934","-0.000955738"
"Alzheimers disease","-0.8610144","-0.06204689","-0.022810645","0.0020611463","-0.0009565658","-0.00045902724","-0.018918822","-0.025630439","-0.0039312975","-0.018969087","-0.016530914","-0.035641547","-0.007943889","-0.0072050034","-0.013963499","-0.020377705","-0.010373334","-0.010835765","-0.016133092","-0.011339596","-0.011538723","-0.0045860168","-0.023036573","-0.014183245","-0.003153893","0.010902799","-0.006406742","-0.01712594","0.0009230043","-0.0017532083","-0.014034494","-0.0038970762","-0.009691642","0.00065829273","0.0020159772","-0.0066735","-0.0004295523","-0.0039763018","0.0055414047","0.0031142994","0.00020551936","-0.0045593185","0.00019011392","-0.0040777926","-0.0021466732","-0.0045848354","0.0016202849","-0.003749743","0.0003040471","-0.0030011972","0.00045753678","0.0034179133","-0.00023160408","-8.856923e-05","0.0009927604","-0.00262229","-0.0008311592","-0.0019204128","0.001693831","-0.0009724535","-0.0026840903","-0.0013402244","-0.0023038934","-0.000955738"
"Amyotrophic lateral sclerosis","1.2645738","-0.15066785","0.076640084","0.18083754","-0.048786826","0.027173325","-0.07644807","-0.1149266","0.0069500445","-0.041716795","-0.07982249","-0.052316252","-0.1365363","-0.18021281","-0.20807883","-0.25267336","0.24521163","0.34804878","0.19805494","-0.20577475","-1.5000757","-0.064814925","-0.70104665","0.47843695","1.753559","1.0368024","-1.0217513","-0.48949385","0.15142839","0.120647736","0.15202422","-0.24134721","-1.3109244","0.87269294","-0.671691","-0.71009433","-3.1273034","-1.5338974","-1.7972984","0.55380386","0.39758098","-0.7317251","0.97202265","0.15811457","-0.23334697","-2.3647504","-1.4708325","-3.4021227","1.589882","0.7868933","-1.9200011","-0.02741862","-0.61074555","-3.347787","-0.8086224","0.019891504","-0.030168438","0.13593","1.2886522","-0.40635544","-0.31865296","3.081361","1.0617367","0.30626404"
"Ankylosing Spondylitis","0.8485755","-0.057668462","-0.022376522","0.018122945","0.017772477","0.007681501","0.045703568","0.009985811","-0.043704424","0.04155195","-0.039673798","0.04493417","-0.05040641","0.2425112","-0.21327801","-0.084015615","0.5741895","0.21880771","0.85007304","0.89663756","-0.95239294","1.7519538","2.7805545","-0.9395165","-0.7688987","0.7885319","-0.15069301","1.8289279","-0.02155204","-2.5385373","1.2195045","-1.2389332","3.1371353","4.043611","-0.886544","-1.2237941","1.0992517","2.0389643","-2.5220687","0.3877129","0.3774497","-0.99982494","-0.64255625","-2.2409658","-0.83741546","-0.72035855","-3.611724","1.374521","-0.011229245","-1.5919986","-2.011402","1.9204693","0.92033565","-1.1773388","1.1792223","-3.0738342","-0.22168559","3.1115527","-1.125242","-1.5470792","-0.5699624","1.4900441","1.5872309","0.05189218"
"Ankylosing spondylitis","-0.8610144","-0.06204689","-0.022810645","0.0020611463","-0.0009565658","-0.00045902724","-0.018918822","-0.025630439","-0.0039312975","-0.018969087","-0.016530914","-0.035641547","-0.007943889","-0.0072050034","-0.013963499","-0.020377705","-0.010373334","-0.010835765","-0.016133092","-0.011339596","-0.011538723","-0.0045860168","-0.023036573","-0.014183245","-0.003153893","0.010902799","-0.006406742","-0.01712594","0.0009230043","-0.0017532083","-0.014034494","-0.0038970762","-0.009691642","0.00065829273","0.0020159772","-0.0066735","-0.0004295523","-0.0039763018","0.0055414047","0.0031142994","0.00020551936","-0.0045593185","0.00019011392","-0.0040777926","-0.0021466732","-0.0045848354","0.0016202849","-0.003749743","0.0003040471","-0.0030011972","0.00045753678","0.0034179133","-0.00023160408","-8.856923e-05","0.0009927604","-0.00262229","-0.0008311592","-0.0019204128","0.001693831","-0.0009724535","-0.0026840903","-0.0013402244","-0.0023038934","-0.000955738"
"Anorexia Nervosa","1.2683688","-0.1848974","-0.011733364","0.04042244","0.0007636608","0.016293362","-0.001863441","0.0028679199","-0.003624042","-0.010678354","-0.019415129","0.6098712","-0.32496977","0.42861024","0.005196086","-0.003144854","-0.29163373","0.89358085","0.38388354","-0.03671298","-0.75464946","0.95986587","-1.5456612","-1.2180667","0.40469477","-0.60952646","-0.19163339","-0.6545153","0.973339","-1.4239658","1.2906307","-0.64535826","1.5618973","-1.6416603","0.23785281","0.4652547","-0.9424935","0.7939667","1.761173","1.9782057","3.890924","-0.71850246","-1.5215015","1.7882125","-0.8929706","-0.5854267","4.021284","-0.6251553","-0.65463364","0.07976302","-0.1041056","0.56560475","0.15996717","-2.0111248","1.848334","-1.2634329","-0.2980959","-0.3246255","0.65652573","0.55190235","2.9709616","-0.20637776","-3.5995154","-0.051253907"
"Anorexia nervosa","-0.8610144","-0.06204689","-0.022810645","0.0020611463","-0.0009565658","-0.00045902724","-0.018918822","-0.025630439","-0.0039312975","-0.018969087","-0.016530914","-0.035641547","-0.007943889","-0.0072050034","-0.013963499","-0.020377705","-0.010373334","-0.010835765","-0.016133092","-0.011339596","-0.011538723","-0.0045860168","-0.023036573","-0.014183245","-0.003153893","0.010902799","-0.006406742","-0.01712594","0.0009230043","-0.0017532083","-0.014034494","-0.0038970762","-0.009691642","0.00065829273","0.0020159772","-0.0066735","-0.0004295523","-0.0039763018","0.0055414047","0.0031142994","0.00020551936","-0.0045593185","0.00019011392","-0.0040777926","-0.0021466732","-0.0045848354","0.0016202849","-0.003749743","0.0003040471","-0.0030011972","0.00045753678","0.0034179133","-0.00023160408","-8.856923e-05","0.0009927604","-0.00262229","-0.0008311592","-0.0019204128","0.001693831","-0.0009724535","-0.0026840903","-0.0013402244","-0.0023038934","-0.000955738"
"Anovulation","1.2726228","-0.12494227","0.035771087","-0.12553683","-0.021191135","0.03646497","-0.124622956","-0.082306005","0.044413786","0.0035878753","-0.1328683","-0.10114682","-0.044254586","-0.013456953","-0.22538729","-0.12961805","0.06474482","-0.13045245","0.06623532","0.24539247","0.46486858","0.3951393","-0.010951813","-0.12098956","-1.0262959","3.2939777","-0.20266354","1.9035456","2.3302581","0.20974645","0.432178","-0.8409219","-1.9533887","-1.3658651","0.6708998","-0.91006994","1.1628858","0.09327496","-0.22699864","-1.9527494","-0.47305542","-0.6193965","-1.2320013","1.3480843","-0.37309468","-2.4092746","-2.487876","0.46565616","1.170751","1.91418","-2.369716","1.8406054","0.39948133","-0.07712459","0.43299216","1.3966568","0.44704026","0.3274092","0.22870529","-0.76805955","-0.017672153","2.3606198","-0.10303916","-1.7540362"
"Anti-N-methyl-D-aspartate receptor encephalitis","1.3093797","-0.16915044","0.005721476","0.121435635","-0.019829515","-0.0153276855","-0.0711795","-0.08060149","-0.06657363","-0.020922914","0.008434302","-0.086158566","-0.027879665","-0.021550026","-0.081016205","0.10225876","0.05286808","0.07927998","-0.35392633","-0.016964883","0.5614794","0.9646264","0.6704634","-0.800993","0.7428439","-1.9942312","0.6659488","-0.2048441","-0.62748045","-0.18034941","-0.41696653","2.7081206","1.0253122","2.8685598","0.03510776","-2.3238852","0.048284188","-1.3941084","-1.2141614","0.77456504","-0.06330372","1.3405237","0.6860732","-0.2814962","-1.8568541","-1.1146011","0.0094833495","-0.39412546","-1.1897867","-2.6265903","1.1787289","1.1037573","0.3196582","-0.74780303","0.1434194","1.9249287","-0.59525394","-2.067039","0.7893417","-1.497706","-0.54767925","0.52094537","0.16351065","-0.3134292"
"Antrochoanal polyps","1.3589619","-0.20062765","-0.060444076","-0.023943074","-0.00420652","-0.07634938","-0.07883718","-0.04261834","-0.057908017","-0.11023133","-0.03198501","-0.057029847","-0.021299645","0.02183895","-0.24185991","-0.26619864","0.33799782","-0.31647047","-0.10138107","-0.11142171","-0.057313565","-0.8307506","-0.6136778","-0.9135845","-0.583059","0.97706753","-1.4776883","-2.013154","-0.16698904","-1.2901264","1.9458978","-2.2944279","-0.46882018","-0.77478534","-3.5543764","-0.25656018","2.0172951","0.3434349","1.7420565","0.3508469","0.46815926","-4.2630153","-0.7101705","1.5283656","-1.7242057","0.33143362","1.2131015","0.93454176","-0.1415276","3.2452683","2.5511878","-0.152459","-1.7916408","1.3481814","-0.8362196","-0.5358239","2.2965786","-0.28173116","1.3739336","-0.8220476","-0.9094002","2.53265","1.0387808","-0.71058613"
"Aphthous stomatitis","1.3550911","-0.19476454","-0.081318595","-0.007283481","-0.0034729987","0.0214293","0.029228093","0.26289016","0.08894717","-0.1762723","-0.045583878","-0.19027795","-0.06904486","0.018959384","-0.17548254","0.13150938","0.16768806","0.11694365","-0.24650191","-1.2523801","0.26766175","-0.8073109","-0.5473955","-0.599451","0.7629598","0.049859166","-0.19218563","-1.9764297","-1.1252259","1.6070483","-1.475384","-0.05629001","-0.181148","1.5822141","2.7894473","0.16593722","2.1367052","1.6074196","0.56757134","-1.3848176","-0.05193452","-2.1149876","-2.5315092","0.6838419","-0.5105502","2.3261776","-1.4657147","1.3021814","0.8061153","1.4655988","0.20513552","0.301227","0.59590626","1.125676","-1.1429578","-0.26047456","-1.2644475","-2.3220396","-1.3484235","-0.60945964","1.5575373","0.78533113","-2.3185647","-1.044901"
"Aphthous ulcer","1.192057","-0.15633795","-0.01816227","-0.03158247","0.007655308","0.011067148","-0.0024516715","0.3129524","0.061903726","-0.07973841","0.0038986297","-0.099285595","-0.018785158","-0.1572548","-0.086679265","-0.050610673","0.13745865","0.28296417","0.32055855","-0.39406952","1.5165614","-1.0900456","0.3718064","-0.016063595","0.4151342","-0.8437257","0.9006656","-1.5023568","-1.0262545","-0.3684106","-1.6211194","-0.1438819","-1.0321451","-1.9563483","3.466682","1.8232206","0.0066419635","2.1342869","-1.4783","-0.27923864","-1.5194242","-0.8075881","-1.4558825","2.6355333","0.2862395","-0.04692334","-1.2728586","-1.1163791","-2.0498705","1.3657401","-1.2805254","-1.3961439","-0.0054226955","0.013545507","-2.7295215","-3.7269578","0.61343086","1.0268573","-0.5270858","0.10318927","1.3235453","0.45312685","0.22703966","3.7226574"
"Appendicitis","1.2604216","0.05311123","-0.20215395","0.055228334","-0.021360734","-0.05163172","0.079466544","-0.18030734","-0.030206727","-0.018134834","-0.06392105","-0.1615841","-0.03393746","0.23340316","0.081195235","-0.2944723","0.12000585","-0.300776","-0.46180212","0.62127244","-0.16901527","0.39938015","0.2787295","1.1389225","-1.4467934","-1.2126046","-0.50116634","-0.9008703","-0.87635565","0.02338597","-0.3779956","1.7696679","0.24012305","0.64806324","0.82323396","-0.6497471","-0.33916274","1.8303013","0.61617976","2.2241995","-1.2500217","-1.8838708","1.8057643","-0.932438","-0.44416997","-0.4804355","1.0753155","-2.5495164","-0.20710474","-0.28962234","2.0768986","-1.5560566","-0.10213758","0.16210467","-0.9554276","0.90929246","1.4751711","0.79778475","1.9410148","1.678015","0.84876907","-0.22532031","-2.9252336","-0.680581"
"Arsenic exposure","1.1895323","-0.04898588","-0.09868914","0.048693694","-0.014491342","-0.0030648154","0.06919128","-0.12331109","-0.031130001","0.011393969","-0.02948736","-0.11225729","-0.17684595","-0.29694113","0.19959533","-0.05282633","-0.31044394","-0.14874674","0.003216735","0.669234","0.0021244015","-0.5645662","0.39382046","-0.7083819","-1.3538173","-0.62719774","-0.41078743","1.4611491","-0.6858828","-0.69727015","-0.16902411","0.5957492","-1.2237929","0.57672215","-0.31796885","1.4840287","-2.24761","-1.8441881","-0.40239704","0.71938676","0.43906483","-1.2608988","1.7975376","-1.4826643","-2.7049015","1.6914598","3.9686134","-0.16638976","-1.3016969","-1.5746716","-0.24452943","-1.6588515","0.77849036","1.340955","-1.1146649","1.5246736","2.2648175","-0.057238676","1.5021472","1.6369824","0.9254416","-0.07632857","1.2728729","1.4104444"
"Ascites","1.3768109","-0.23353696","-0.11678498","0.018603131","-0.043959342","-0.029317113","-0.05050511","-0.06670798","-0.012663934","-0.0998687","-0.093244374","0.0016543004","0.092812404","0.10515061","-0.22116953","-0.17101234","-0.5068718","-0.39786127","0.289684","-0.46529502","0.4563696","0.030629762","-1.9066437","-1.0543345","0.6786555","-0.9005184","-0.17523304","-2.539489","0.7398668","0.46634912","-0.0677688","-1.7038695","0.51230997","-0.38925397","0.6116282","-0.14146313","0.42368343","-2.264243","1.5396235","-1.2613678","-0.34754446","0.63909477","-0.28033957","-1.3376294","-0.46210185","0.6961314","0.1571111","2.1391413","2.0359902","-3.2711003","-0.5182537","1.0074006","0.11655777","0.47545975","0.934948","-1.1032983","-3.0986912","0.13726966","0.05689479","-1.1953378","-0.39605787","-3.4215746","-0.50305307","0.04563415"
"Asthma","0.16556732","0.550402","0.1911712","-0.021782955","-0.06462935","-0.0088480385","0.1851501","0.2114808","0.11870913","0.6632256","1.041522","0.36384666","0.07631917","1.0471598","-2.0130298","26.919226","-7.366545","-0.51757","-1.8653393","-0.54857695","-0.7489668","-1.1386168","-0.7917885","0.20746942","-0.3748619","0.21323508","0.24680883","0.63813925","-0.21406692","-0.009896199","0.2694131","-0.1005134","-0.08051383","-0.44465286","0.22605464","-0.16622867","0.083115645","0.37301934","0.065638095","-0.10505008","-0.3291527","-0.10916288","-0.18970628","-0.07279783","-0.09113628","-0.02792167","0.041227434","-0.060267728","0.0685689","-0.029431246","-0.016264206","-0.028797733","0.017852403","-0.08126038","0.08017157","-0.08657142","0.07832067","0.032310218","0.045208696","-0.032607768","-0.11116771","-0.0053258706","-0.08748702","-0.003557966"
"Atherosclerosis","1.0669616","-0.050220966","0.09956671","-0.12124581","-0.040157977","0.018755991","-0.03952294","0.035272308","0.022315618","-0.07644574","-0.013711468","-0.18853633","-0.0063652373","-0.23169549","-0.12571998","-0.18048693","-0.1676105","-0.29182974","0.264215","0.18496987","0.90243274","-0.51249194","1.5266309","-1.0655863","-0.20878813","1.7080389","0.51116365","2.1417763","-0.834965","-0.37355754","-1.1644279","0.16650869","0.188775","1.9839034","2.1252675","0.32235017","2.6069865","-0.9752465","-0.09119343","1.3019686","-1.1091752","0.20064767","-0.08854193","-0.52079564","-1.6844009","-2.794123","0.018420815","1.2046899","-1.1446306","1.3489535","2.4213684","-0.29835925","0.7048501","-0.13549119","0.17435452","-2.4277894","0.5718797","-1.7041467","3.0173466","0.27348894","2.454567","0.84251744","2.232182","-3.3996754"
"Atherosclerotic cardiovascular disease","-0.8610144","-0.06204689","-0.022810645","0.0020611463","-0.0009565658","-0.00045902724","-0.018918822","-0.025630439","-0.0039312975","-0.018969087","-0.016530914","-0.035641547","-0.007943889","-0.0072050034","-0.013963499","-0.020377705","-0.010373334","-0.010835765","-0.016133092","-0.011339596","-0.011538723","-0.0045860168","-0.023036573","-0.014183245","-0.003153893","0.010902799","-0.006406742","-0.01712594","0.0009230043","-0.0017532083","-0.014034494","-0.0038970762","-0.009691642","0.00065829273","0.0020159772","-0.0066735","-0.0004295523","-0.0039763018","0.0055414047","0.0031142994","0.00020551936","-0.0045593185","0.00019011392","-0.0040777926","-0.0021466732","-0.0045848354","0.0016202849","-0.003749743","0.0003040471","-0.0030011972","0.00045753678","0.0034179133","-0.00023160408","-8.856923e-05","0.0009927604","-0.00262229","-0.0008311592","-0.0019204128","0.001693831","-0.0009724535","-0.0026840903","-0.0013402244","-0.0023038934","-0.000955738"
"Atopic dermatitis","0.87782776","-0.057814643","0.017212184","-0.046547867","0.008511402","0.030306423","-0.088602595","-0.032390818","-0.013248812","-0.04393374","-0.007155998","-0.039359402","-0.050015654","-0.006061867","0.058332138","0.006748267","0.19330788","0.080108844","0.10945174","-0.2767662","-0.08634162","-0.06742783","1.4617461","-1.3580751","-0.92592","3.4841263","0.7714964","-2.320465","-1.8743088","0.61246264","2.2973597","4.66911","2.5446665","0.02264794","0.06303972","-2.6322894","-0.4335574","-1.8502444","1.3547593","3.8623292","2.9910111","2.4085166","-1.5404186","0.057676386","0.78257793","-1.1895486","2.5755897","1.500075","-2.1042595","0.97709846","0.056638077","-0.35931972","3.9136736","0.25633273","-2.957059","1.2121501","-1.0247492","-0.13912475","0.9082271","2.4588382","-0.45079264","-0.0154349785","0.86773854","0.17502709"
"Atopic eczema","1.2673905","-0.22040315","-0.07749191","0.028715396","-0.008680534","0.0032495996","-0.114051625","-0.037434664","0.027476892","-0.053076483","-0.027555497","-0.09227845","-0.0051609296","0.050754145","0.07360252","0.1612876","0.48659924","-0.21342653","0.0002649955","0.09703559","1.4368477","1.4724143","-1.0371813","-0.46672687","0.004260498","0.85254234","-0.5364504","-3.1162856","-0.69502515","-0.32349375","-0.29115957","2.9176164","0.3501493","1.0290099","-1.5859859","-0.19680016","1.703536","-1.3524444","0.12418252","-0.08085097","0.16963077","2.5801675","-1.8774834","-1.3003868","0.45970625","-0.07703194","-0.7954117","-1.5331938","-1.884972","-2.1231675","1.0166243","-2.3542194","-1.4016273","0.23903877","-0.9231002","-1.5901744","-0.89156157","0.3706703","-3.5740318","-0.4721317","-1.3999822","0.7419668","1.3555646","0.56021017"
"Atopic sensitisation","-0.8610144","-0.06204689","-0.022810645","0.0020611463","-0.0009565658","-0.00045902724","-0.018918822","-0.025630439","-0.0039312975","-0.018969087","-0.016530914","-0.035641547","-0.007943889","-0.0072050034","-0.013963499","-0.020377705","-0.010373334","-0.010835765","-0.016133092","-0.011339596","-0.011538723","-0.0045860168","-0.023036573","-0.014183245","-0.003153893","0.010902799","-0.006406742","-0.01712594","0.0009230043","-0.0017532083","-0.014034494","-0.0038970762","-0.009691642","0.00065829273","0.0020159772","-0.0066735","-0.0004295523","-0.0039763018","0.0055414047","0.0031142994","0.00020551936","-0.0045593185","0.00019011392","-0.0040777926","-0.0021466732","-0.0045848354","0.0016202849","-0.003749743","0.0003040471","-0.0030011972","0.00045753678","0.0034179133","-0.00023160408","-8.856923e-05","0.0009927604","-0.00262229","-0.0008311592","-0.0019204128","0.001693831","-0.0009724535","-0.0026840903","-0.0013402244","-0.0023038934","-0.000955738"
"Atopic wheeze","0.98620427","-0.3392327","-0.11021889","-0.04270286","0.007321641","-0.09843489","-0.1361938","-0.18677574","-0.062465027","-0.1369958","-0.14798899","-0.07017439","0.033119388","-0.2012454","-0.07786412","-0.16258112","0.009837143","-0.039594278","0.0066233827","-0.20102426","-0.71455276","-0.8114196","-0.96952844","0.6826765","0.44178057","-3.3899915","-2.1218908","2.4950442","-2.3876042","-0.15063989","2.4449422","1.499841","-0.77245885","-0.09601074","-1.2481896","-1.045536","-0.4754912","2.2406983","-0.81792283","0.84868145","-1.3905975","0.2650656","1.4224977","-0.6669401","-1.0273923","1.0985395","2.412016","-1.6961676","-1.6377834","0.34428164","1.8830482","-0.84086037","1.4985205","0.7612494","-2.394974","1.8697922","0.06592024","-0.72026235","-0.6419738","1.823421","0.69014835","-0.010224252","0.19605513","5.8639755"
"Atopy","1.3336596","-0.2563181","-0.06439848","0.042994633","-0.029496169","-0.006821785","-0.081020154","-0.076484606","-0.097498216","0.03202415","-0.008010048","-0.2951404","-0.11479841","-0.37037772","-0.22388777","0.016960088","0.24460897","0.058531377","0.29129985","0.3730633","0.5617597","0.6223367","-0.46876705","0.4866705","-0.04439966","-1.173056","1.2787571","-0.68573064","-0.4567469","-1.0229752","1.426983","1.1152573","-2.3288658","-0.0740836","-1.630157","-2.0628119","0.3608991","-1.0978096","-1.245722","-1.8954717","3.2508829","0.024154289","1.0434372","-0.30384415","2.5421963","2.2768242","0.2665747","-0.95907646","-1.7179103","-0.116788045","-0.38979483","-0.6429316","-3.8961325","2.0873728","-0.51695377","1.6036246","-2.1795113","-1.2570087","1.2655008","-1.4646404","1.2052661","-1.9012221","0.1841355","-0.49213898"
"Atrial fibrillation","1.1200503","-0.15583931","-0.029202677","0.0049567027","-0.032589406","-0.0005209805","-0.053582873","-0.049770225","-0.0009382402","-0.021485193","0.11590183","-0.081481434","0.13933817","-0.21084337","-0.023845343","0.44228113","0.22784856","-0.24021919","-0.17290899","0.7778019","0.432997","-0.445711","0.8497903","-0.10434925","2.2565022","0.06048903","-0.33951545","-0.49702522","1.585831","0.16950823","-0.60091007","-0.84428686","-1.6422135","0.9264924","0.06756157","-2.2686374","0.43642125","-0.030414544","0.33478916","-1.3315198","-3.0380106","0.8838752","1.3323479","0.6183569","2.8267932","-0.83342254","-0.5147521","1.5861256","0.2227355","-1.3975028","0.20357595","-1.2297293","-0.2617917","1.997159","-2.4403327","4.0911474","-1.839444","-1.2334595","0.39749023","-0.16358148","2.5215266","4.088941","-2.8873124","-1.6880723"
"Atrophic gastritis","1.2743801","0.013800449","-0.20684582","-0.0029364466","-0.02380614","0.0032939168","0.050713096","-0.16212155","-0.012572678","-0.044598866","-0.14122294","-0.20883393","-0.046356186","-0.13358013","0.26673704","-0.3136183","0.024886144","-0.27665263","-0.20101172","0.5364844","-1.2363642","0.5253282","-0.20011225","0.4035439","-1.8313857","-1.3347127","0.19858174","-1.7048974","0.68372244","1.3537123","-0.43867844","-1.1714264","-0.25295794","-0.103490464","-0.305813","0.3032129","0.85396004","-0.3556839","1.1436405","-0.37441328","-0.13959512","-1.4074281","-3.413418","0.30341163","1.1389973","-0.58238834","-1.7285764","-0.49962753","0.36193955","0.76790565","0.16462338","0.7302128","-3.2592943","-0.121606566","0.15827723","1.6541946","-0.92579645","-0.7590873","0.07930623","-1.2882046","-1.8851367","-1.1066525","0.24471459","-0.6507004"
"Attention Deficit Hyperactivity Disorder","1.136704","-0.13479257","0.028135564","0.085831545","-0.043289527","-0.0077580516","-0.0999127","-0.059916977","-0.058707718","-0.011802308","-0.05464904","1.0837514","-0.2892465","0.5618502","-0.41864875","-0.21920963","0.028092805","0.7035829","0.034343228","0.7063624","-0.30382606","0.5202945","1.053694","-0.14693357","0.22290714","1.5917548","2.6027184","2.0875587","0.7185592","-0.6374533","-1.16982","0.43129534","-2.3413258","-0.9529197","0.050376277","2.1388927","1.0560604","2.010597","-0.6243769","1.232423","1.1728436","-2.0109801","-1.9463621","-0.8126999","0.934209","1.1552589","-0.21130776","0.3666428","-0.35062036","0.56763875","0.5431063","-1.7792348","-0.77072","-1.1290481","-1.7061938","-1.5296457","-0.004562828","3.3821583","0.64953345","-0.7221128","-1.0228066","0.9556053","-1.2467206","3.3351245"
"Attention-deficit/hyperactivity disorder","-0.8610144","-0.06204689","-0.022810645","0.0020611463","-0.0009565658","-0.00045902724","-0.018918822","-0.025630439","-0.0039312975","-0.018969087","-0.016530914","-0.035641547","-0.007943889","-0.0072050034","-0.013963499","-0.020377705","-0.010373334","-0.010835765","-0.016133092","-0.011339596","-0.011538723","-0.0045860168","-0.023036573","-0.014183245","-0.003153893","0.010902799","-0.006406742","-0.01712594","0.0009230043","-0.0017532083","-0.014034494","-0.0038970762","-0.009691642","0.00065829273","0.0020159772","-0.0066735","-0.0004295523","-0.0039763018","0.0055414047","0.0031142994","0.00020551936","-0.0045593185","0.00019011392","-0.0040777926","-0.0021466732","-0.0045848354","0.0016202849","-0.003749743","0.0003040471","-0.0030011972","0.00045753678","0.0034179133","-0.00023160408","-8.856923e-05","0.0009927604","-0.00262229","-0.0008311592","-0.0019204128","0.001693831","-0.0009724535","-0.0026840903","-0.0013402244","-0.0023038934","-0.000955738"
"Autism","0.03209981","0.66075134","0.43134785","0.1259179","-0.018633544","0.03395113","0.2914504","0.5368112","0.0376512","0.49690196","0.55642515","15.395181","-4.291537","20.773859","-8.933251","-1.8720793","0.36865678","-4.615174","-0.38823372","-0.4114262","-0.096587285","-0.08312041","-0.7066894","0.23298626","-0.15761721","-0.13742317","-0.10800082","0.11255566","-0.17146662","0.16481811","0.14199562","0.06040838","0.3420651","0.37969738","-0.29070872","-0.43143532","-0.23703116","0.15877436","-0.09228951","-0.3802275","-0.53252363","0.048313037","0.15467344","0.11578667","0.036733583","0.23633604","-0.085119866","0.017508263","0.18204035","-0.27871552","-0.11947038","-0.029698245","0.049038477","0.043025132","0.21385704","0.15172824","-0.24639764","-0.2984355","-0.017839054","-0.27217883","-0.11318562","-0.057684284","0.0067410744","-0.25838208"
"Autism Spectrum Disorders","-0.34465593","0.29101738","0.19645609","0.06749246","0.015061111","-0.009577259","0.18730731","0.3125765","0.11804905","0.3557072","0.51736295","21.978052","-6.4777913","-15.398671","6.173012","0.49912885","-0.5484177","-1.2457321","-0.037176657","0.32331452","0.035667036","-0.05425497","-0.14190018","-0.016877016","-0.15359646","0.21420841","-0.13264422","-0.26251525","-0.011829321","0.11507283","-0.031179598","0.03300868","0.10590501","0.2249233","-0.0041613835","-0.25768402","-0.20298092","0.014249165","0.024661774","-0.20745018","-0.38365203","0.013889602","0.102090694","-0.0040023015","-0.061686322","0.051383592","-0.15237755","0.00078320986","0.20214051","-0.21223459","-0.11141985","-0.015071654","0.033590283","0.065574475","0.091921724","0.12496739","-0.056778766","-0.19321464","-0.029124599","-0.13218063","-0.12635209","-0.081935614","-0.005601918","-0.18249881"
"Autism spectrum disorder","-0.8610144","-0.06204689","-0.022810645","0.0020611463","-0.0009565658","-0.00045902724","-0.018918822","-0.025630439","-0.0039312975","-0.018969087","-0.016530914","-0.035641547","-0.007943889","-0.0072050034","-0.013963499","-0.020377705","-0.010373334","-0.010835765","-0.016133092","-0.011339596","-0.011538723","-0.0045860168","-0.023036573","-0.014183245","-0.003153893","0.010902799","-0.006406742","-0.01712594","0.0009230043","-0.0017532083","-0.014034494","-0.0038970762","-0.009691642","0.00065829273","0.0020159772","-0.0066735","-0.0004295523","-0.0039763018","0.0055414047","0.0031142994","0.00020551936","-0.0045593185","0.00019011392","-0.0040777926","-0.0021466732","-0.0045848354","0.0016202849","-0.003749743","0.0003040471","-0.0030011972","0.00045753678","0.0034179133","-0.00023160408","-8.856923e-05","0.0009927604","-0.00262229","-0.0008311592","-0.0019204128","0.001693831","-0.0009724535","-0.0026840903","-0.0013402244","-0.0023038934","-0.000955738"
"Autism spectrum disorders","-0.8610144","-0.06204689","-0.022810645","0.0020611463","-0.0009565658","-0.00045902724","-0.018918822","-0.025630439","-0.0039312975","-0.018969087","-0.016530914","-0.035641547","-0.007943889","-0.0072050034","-0.013963499","-0.020377705","-0.010373334","-0.010835765","-0.016133092","-0.011339596","-0.011538723","-0.0045860168","-0.023036573","-0.014183245","-0.003153893","0.010902799","-0.006406742","-0.01712594","0.0009230043","-0.0017532083","-0.014034494","-0.0038970762","-0.009691642","0.00065829273","0.0020159772","-0.0066735","-0.0004295523","-0.0039763018","0.0055414047","0.0031142994","0.00020551936","-0.0045593185","0.00019011392","-0.0040777926","-0.0021466732","-0.0045848354","0.0016202849","-0.003749743","0.0003040471","-0.0030011972","0.00045753678","0.0034179133","-0.00023160408","-8.856923e-05","0.0009927604","-0.00262229","-0.0008311592","-0.0019204128","0.001693831","-0.0009724535","-0.0026840903","-0.0013402244","-0.0023038934","-0.000955738"
"Autoimmune hepatitis","1.1579245","-0.1528126","-0.06801905","0.023015963","0.003531104","0.0078046923","-0.086137354","-0.117964976","0.035538517","-0.012237189","0.01719466","0.0040557366","0.22840068","-0.06300405","0.0070315963","0.1067566","-0.17215025","0.3480091","-0.6043916","0.71446204","-0.9330817","0.27899277","1.1546732","-0.9842226","1.3505703","0.014308517","-1.317248","1.5668169","-0.9631838","0.12972647","-2.0106387","0.6308261","-0.42378908","-1.2374356","-1.160625","-0.4968361","-0.025432475","2.282293","0.16165027","0.85403883","0.12554868","-1.8722708","-0.04248526","-3.065026","0.93432057","-0.44781128","2.4564202","0.04939032","-0.25857255","1.1598995","-0.8654859","2.0543973","-1.2158557","-4.121539","0.52259713","-0.08017317","-0.48358577","0.17078876","-0.27178842","0.9745827","-2.279704","0.3861706","1.1935462","2.5075214"
"Autoimmune polyendocrine syndrome type 1","1.1891192","-0.04005831","-0.08735035","0.023599636","0.0011442755","0.013154339","-0.0014400489","-0.06863146","0.071622446","0.02595341","-0.093772545","-0.07771468","-0.102273814","-0.0133544225","0.012318748","0.031583514","-0.14487469","0.019339753","-0.116631724","0.43690765","-0.90308785","0.6086095","0.07078999","0.13346247","-0.20434818","0.11203522","-0.19630663","-1.2490805","-2.0766249","1.8310444","1.8649064","1.846903","-1.8046979","0.7764775","1.6866909","-0.3192345","-0.5457295","-2.440996","-0.59940565","0.8258404","1.9346358","-2.2388809","-1.2404402","0.59952605","0.5744391","-1.7047336","0.5848776","1.249137","2.1331375","1.1516837","2.8205123","4.1271152","-1.8803462","-1.8115783","-0.19621335","3.1482642","1.0316899","-2.4377792","0.65729713","3.1500027","3.1858718","3.0758262","-0.1464589","-0.23836286"
"Azoospermia","1.3249547","-0.20565322","-0.09278418","-0.0032350286","0.0029945984","0.009803251","-0.046452977","-0.09773639","-0.018837268","-0.04044908","0.027677162","-0.20295016","-0.01610842","-0.012490901","-0.06638319","0.04778697","0.06335679","0.41036835","0.056462415","-1.079547","-0.19575343","-0.122540064","-0.53022504","-0.04471612","0.5999781","3.09051","-0.11583561","-1.158859","1.6369818","2.0980706","-0.7103264","-1.7566285","0.2422499","0.37586346","0.6714617","-0.08119356","-1.3830308","-1.5568838","0.5193272","-4.2548394","0.465473","-0.12063344","0.26088515","1.7594789","-0.77718526","0.5787112","-1.3392462","-1.927703","-1.2935227","-0.15538156","-2.2703993","-0.19469064","0.59564734","-0.91378385","-2.741629","0.7810506","-0.7648723","-2.3900514","2.3999777","-1.5923177","-1.4728703","2.0908809","-0.8584074","2.5344172"
"Bacterial Vaginosis","0.6888591","0.09019012","-0.034589466","0.00953122","-0.031180542","0.008879788","0.00867671","0.0126625495","0.063230105","0.1692826","-0.077277675","0.0255432","0.066572614","0.16569632","0.24436371","-0.3113635","0.46934605","-0.040299915","0.7091708","0.6009564","-0.22843035","-0.0035559253","2.1879156","-1.9601947","1.6793599","0.15930936","-1.0828854","-1.8748748","0.85986996","-4.619664","-0.10735011","1.775603","2.4643693","-5.3641934","3.4376643","-0.22468643","-0.048875887","-3.793163","-5.9033175","-4.284207","-4.460412","-0.7767733","4.9683385","0.09694819","0.8320738","4.5883927","1.5908486","1.0238683","1.5691153","1.174353","1.2275535","0.93070877","0.4289004","-1.8594667","-2.529798","-0.28385937","-0.18667807","1.1705974","0.34874588","-1.9046773","-0.6190758","-1.3458784","0.37273517","0.7236183"
"Bacterial vaginosis","-0.8610144","-0.06204689","-0.022810645","0.0020611463","-0.0009565658","-0.00045902724","-0.018918822","-0.025630439","-0.0039312975","-0.018969087","-0.016530914","-0.035641547","-0.007943889","-0.0072050034","-0.013963499","-0.020377705","-0.010373334","-0.010835765","-0.016133092","-0.011339596","-0.011538723","-0.0045860168","-0.023036573","-0.014183245","-0.003153893","0.010902799","-0.006406742","-0.01712594","0.0009230043","-0.0017532083","-0.014034494","-0.0038970762","-0.009691642","0.00065829273","0.0020159772","-0.0066735","-0.0004295523","-0.0039763018","0.0055414047","0.0031142994","0.00020551936","-0.0045593185","0.00019011392","-0.0040777926","-0.0021466732","-0.0045848354","0.0016202849","-0.003749743","0.0003040471","-0.0030011972","0.00045753678","0.0034179133","-0.00023160408","-8.856923e-05","0.0009927604","-0.00262229","-0.0008311592","-0.0019204128","0.001693831","-0.0009724535","-0.0026840903","-0.0013402244","-0.0023038934","-0.000955738"
"Barrett's oesophagus","1.2893004","-0.07014632","-0.068035655","-0.019016862","0.002407884","0.0118552875","-0.052306373","-0.13199182","-0.021483796","-0.12041306","-0.086176045","-0.119040065","-0.06957018","-0.06728844","0.22531159","-0.25511095","-0.35317606","-0.31201255","0.44157237","-0.373303","-0.7378631","-0.030935196","0.29486662","0.6028993","-1.6617149","1.0718442","-0.16769104","-0.57800287","0.30679455","1.4822342","-0.98304576","0.0877172","0.14385054","0.920748","-2.3324983","1.1451857","-0.6448188","-1.6665606","-1.3742162","2.0528011","0.45907587","0.26539624","-0.3908672","1.7075485","2.2832239","-1.3927367","-2.7058203","-1.2758671","1.1766008","0.3458054","0.23963013","0.17759617","-0.2658251","-1.732355","0.52173156","-1.444172","-1.8943657","-0.09437591","-0.08665702","-1.5045319","0.06744333","-1.8354938","-0.27211103","-0.11377923"
"Behcet's Disease","0.75469565","-0.0056960485","0.035971757","-0.05608985","0.0050168014","0.012544492","0.052307274","0.11008104","0.0239837","0.011914728","0.06993469","-0.115530886","-0.079737425","-0.062964305","-0.21668589","0.13710737","-0.0034253248","-0.222865","0.52029115","0.19188869","0.16724724","-0.18150899","2.371664","-1.8796862","3.6055243","-2.3123507","-1.9037193","-0.5809434","2.783336","0.5669878","-2.7133806","8.432028","3.33019","-5.4328814","-2.7871919","3.3399127","1.9642636","2.0551164","-5.4127064","-1.7352234","1.403871","-3.4855328","-3.4168546","-0.22133066","-0.23734632","-0.93262726","1.4669483","-0.080371656","3.323475","-1.0303416","-0.28736138","-1.3002753","-0.6981733","1.0377084","1.3834105","-0.36908355","-2.2442832","-1.422495","0.85912937","0.6491257","0.13297005","-0.04181226","-0.24120612","0.679306"
"Biliary atresia","1.205289","-0.05726623","0.023968391","-0.07537299","-0.038210433","0.023099352","-0.0059917676","-0.0054840115","0.02287553","-0.093660355","0.0322609","0.053054333","0.15662521","0.06488385","0.12677689","-0.11237881","0.16366798","0.1617818","0.21961637","-0.38748536","0.5883849","-0.040160738","1.3197854","-0.9924837","1.5332311","0.62831813","-1.2489591","4.0458097","0.97936803","0.70205003","0.10769862","-1.6330274","-2.361144","-0.16282383","-1.0353173","-0.6800564","1.9715453","-0.021930447","1.170655","-0.9113494","2.8006577","1.837466","1.1918391","-0.35852987","-0.8812291","-1.2915277","-1.0717025","0.97079885","-0.9968162","1.4845518","-0.05719531","-1.2835846","-0.15664099","-0.49942693","-1.2220395","-0.5442323","-0.5995251","-0.71158963","0.8564567","2.2446501","-2.6459658","-1.3545693","-0.056166563","0.6872929"
"Biliary tract cancer","1.3051144","-0.16296436","-0.091796994","0.0051223934","0.067414","-0.022909634","-0.03418531","-0.122752115","0.010775035","-0.024843303","-0.018515661","-0.1226138","0.02953088","0.26343414","-0.3667695","-0.08830434","0.05741812","-0.12434551","0.1263662","-0.8127358","0.195502","-0.2710228","0.9520061","1.3939835","-0.43160397","-0.2323003","-0.63585454","1.304939","-0.42833227","2.2036955","-1.6710175","0.103927046","2.1005225","1.2147878","-0.66953826","-1.2815002","-0.32766268","-0.77093893","0.120577596","0.1627793","1.9904363","0.45107847","-0.1624065","-1.5339357","1.6060374","2.0493386","1.8550653","-0.19733077","2.4316585","0.9351981","0.84697807","0.5200242","1.5850432","-0.64344454","-1.5766547","1.6760287","0.5100599","-0.015411943","-2.6249042","-0.3669307","-1.6591418","-2.1977746","0.31542245","-1.1161511"
"Bipolar disorder","1.2195405","-0.15332334","0.084156156","0.14149466","-0.027274568","0.019925263","-0.07349895","-0.018956766","-0.06851149","-0.03757569","-0.0139128165","0.7090819","-0.21707277","0.26157165","-0.14825076","-0.061351124","-0.3054902","0.9816786","-0.39058447","0.08002777","-1.2038715","-0.65249324","0.33110723","-1.1581635","0.043551557","-2.066387","0.87926286","0.53895915","-1.7671809","-1.4374521","-1.4058027","-3.4360127","-0.18063098","-2.928269","2.8010828","0.6586637","1.3437715","-1.3330426","-1.4452782","1.9583107","2.2806137","-0.46478578","0.38701767","-0.35809746","0.7217905","-0.2267022","0.7342497","1.0224181","1.4898715","3.2590215","0.93082106","1.6817704","-0.6089016","-0.77780986","1.1521618","-1.8851078","0.18543874","-1.3957068","0.48072633","-1.3969057","-1.1775633","0.80789953","1.4855303","0.5296345"
"Bladder cancer","0.9575309","0.039018568","-0.043928716","-0.021666767","0.0051431083","-0.011669884","0.018432096","0.016878836","0.03423053","0.025180383","-0.06917409","-0.016636124","0.023582228","0.26952803","-0.09357812","-0.07014098","-0.01963999","-0.45400158","1.0344192","-0.366887","1.1856974","0.2723506","1.8290924","-0.5789957","0.02331014","-1.3630337","-1.77714","0.9402464","-2.2567024","-0.34738186","2.318542","0.26358348","-0.51730347","-0.27889746","-0.5367906","-0.15250078","-3.896145","-0.56532735","-2.188467","-0.11083186","0.47806606","-1.5899514","1.8028973","-1.1308967","0.7471287","0.013155557","-2.3036523","-0.120680556","0.7857607","0.4389002","-2.0437315","-2.662802","0.04197232","-1.0210134","1.5563252","-1.6155232","2.4806616","-0.9919255","0.84910893","-1.6502564","0.19822867","2.0209188","1.1803348","-0.5364424"
"Bleeding gum","1.3053446","-0.17020084","-0.06004581","-0.026625479","0.035352223","-0.005253446","-0.04715751","0.095699","0.051358357","-0.09612244","-0.08044965","-0.043140184","-0.014017017","-0.3122392","-0.030001083","-0.18783468","0.38287735","0.026224786","0.29928678","-1.0150737","-0.076037124","-0.5110878","0.36329708","-0.9958518","0.3820052","-0.24882998","-0.2086378","-1.456813","0.8120501","-2.1005697","1.9100891","2.707975","1.3614731","-0.11832758","2.528199","0.11408636","-0.7814012","0.09899625","1.6507815","0.17141326","-2.8181148","-0.5157792","1.5590533","-2.003039","-1.1611898","-0.31582752","-2.2946258","-0.48209992","-1.2272608","-1.1636657","-3.0910993","1.8332132","0.7400219","-0.42562768","0.5685018","-1.7082615","-1.8537616","1.4330243","0.71588796","1.3922657","2.8464198","0.3443954","-0.12165783","-0.04879222"
"Blepharitis","1.2829746","-0.22127154","-0.04659886","-0.013956699","-0.026434649","-0.022622019","-0.06795202","-0.12332332","-0.018546434","-0.06197023","-0.040761415","-0.22286348","0.03366839","-0.10520891","-0.25360414","-0.2587735","0.22172318","-0.13344425","-0.028539618","0.041952897","1.2086","0.34929684","-1.4370048","0.5917613","1.2912754","0.3038293","0.29950517","-0.3758088","-1.4994005","1.5848867","-1.3768946","0.58527815","0.6058451","0.10408993","1.5464761","-0.26512754","-0.0012902519","2.698096","0.8043853","0.58969414","-0.8976119","0.5698921","1.8400218","1.6751145","0.7974796","0.64158595","-1.9434736","1.7428131","-1.075082","-0.32957178","-1.941504","2.6180065","0.40656152","0.8566321","1.9095114","2.4771948","0.023065392","-1.5327777","-0.9452032","2.1822228","1.0027155","0.37843394","0.6802979","0.21046974"
"Botulism","1.2953488","-0.17623028","-0.035596352","0.100683905","0.0054413346","-0.0023674625","-0.07886825","-0.073124364","0.016568987","-0.115547836","-0.08842544","-0.076890744","-0.04289046","0.028078845","0.29187164","0.03904377","-0.33464554","-0.12509769","0.32629922","-0.2528014","-0.86745256","1.6021669","-1.394719","-0.9394191","-0.20769648","0.0061429567","0.3319717","1.027359","0.84340876","-0.42489704","0.85881895","-1.2126882","-0.10068012","1.0697726","-1.3331944","-1.0387512","-2.7161071","-1.0000567","-0.026763346","3.5452971","0.13544357","-0.87814283","0.7120345","-1.8910291","-0.31017804","-0.32299277","-0.030268319","-0.36840254","-0.18403068","0.9153131","0.73676133","0.12764195","1.8591812","-0.020516444","0.5872212","0.6742515","-0.28060406","-0.5882369","-0.7210459","1.4911249","0.97488654","-0.5678616","-1.0787634","0.19959883"
"Breast cancer","0.999665","-0.014079421","0.0057429187","-0.022364564","0.004632772","0.010216168","0.010001103","0.015365217","0.05959271","-0.026201917","0.014179166","-0.04580097","-0.037197694","-0.042502232","-0.024422426","0.06784414","0.095338136","-0.23136684","0.37626836","0.7652741","-0.35045397","1.4818069","-0.60538995","-1.0460808","-0.20995001","-0.5782575","-1.8495557","-0.7885666","0.63734835","1.794773","-1.473735","0.8085981","1.7609453","3.170052","0.38073602","0.19404261","-0.28199515","1.337803","1.0403199","-2.5111187","-0.0041581085","0.39775935","-2.0538478","0.22229446","1.0034697","2.9557633","1.2580584","-0.7996283","0.018220218","-2.2266681","1.7319694","0.984097","1.658108","-0.12881292","-1.1808653","-0.18823911","-1.105466","3.834751","-2.85542","-0.36350518","1.0725869","-2.130433","-0.022214103","-2.0033793"
"Bronchiectasis","1.3377701","-0.2483227","-0.075094424","0.018678611","-0.037562475","0.014858695","-0.089340664","-0.13022777","-0.041510362","-0.093776956","0.1344636","-0.1556951","0.0014540404","-0.06533381","-0.106712885","0.19557296","0.013977003","0.18828298","-0.0058251265","-0.4548312","0.5466569","0.33699816","-0.6816246","-0.010174458","0.26557043","0.41079873","-0.58724725","-1.1527827","2.286432","-1.6167687","-0.93279284","-0.7165143","1.6819825","2.1976624","-2.5698295","-0.17450522","1.3758788","0.41545454","0.93059295","-0.49398744","1.4769557","1.413326","0.15279512","0.46244133","-0.3099371","-0.9398863","2.442353","0.69593984","1.091429","-0.3499245","-0.68660855","0.16635019","2.3944938","-0.7697375","-0.3981252","-2.5174737","-1.4547184","-0.26751235","-2.0187428","1.0961292","-1.1458384","2.1294637","1.5512707","1.1457871"
"Bronchiolitis","1.3437668","-0.27666083","-0.08940734","0.036903087","0.0015832682","-0.010042183","-0.11541896","-0.054224197","-0.06181723","0.027388547","0.21286032","-0.17237528","-0.06767859","0.021338012","0.1058832","0.44079268","-0.15470769","-0.10951268","-0.60279185","-0.8577835","-0.529185","0.6115575","-1.2910873","0.8519543","-0.03242001","-0.49832594","-0.7921352","-1.2732987","0.18643226","0.12384382","-1.8104421","0.7747394","0.7624481","1.6929725","-3.1396496","-1.2533194","-0.8092949","-0.41098335","-0.3249103","-0.45385924","-0.8832137","-1.8662796","0.92168725","-1.5711019","1.8888174","-0.016241323","-0.13326257","1.3230023","-0.5075337","1.5210466","2.509264","-1.6646055","0.77071744","-1.8498964","2.116233","-0.41849285","0.9416325","-0.98351157","-2.2686558","-0.07292141","0.32469928","-2.0159056","0.35204646","2.9068098"
"Budd-Chiari syndrome","1.323158","-0.18593343","-0.102352306","-0.0016171318","0.010186535","-0.01729669","-0.093356654","-0.09854154","-0.019826706","-0.025856381","-0.08784895","-0.14393398","0.21483886","-0.10797579","0.07429366","-0.20878908","0.043377858","-0.309875","0.67855835","-0.055536073","-1.4843546","0.7835562","0.6395362","-0.2674711","0.0954546","0.2582997","-0.60373336","-0.86425906","-0.0018469834","1.0250406","-0.33945727","-1.3586267","-0.76865727","0.7239588","-0.29934874","0.3554748","-2.5172627","1.384237","-0.6997799","-1.837692","0.91063464","-1.2220399","2.8068306","1.5955205","0.7249399","-1.3749247","-0.39495456","0.22190101","0.9421142","1.7899135","0.57221293","1.4750576","1.5566812","1.6727953","0.037804414","-0.20131296","-0.8425317","0.13765386","0.89036554","-2.6672702","-0.83394223","0.49077904","0.5336027","-0.6924845"
"Bullous pemphigoid","1.2840906","-0.22780694","-0.04652268","-0.0025515417","0.00376562","0.011416955","-0.062810466","-0.04597225","-0.017148957","-0.11105974","-0.0446372","-0.13891973","0.09965784","0.07422697","0.06582775","-0.05517477","0.2693748","-0.1307562","0.035965778","-0.69474643","0.71236205","-0.8488844","-0.93011785","-1.2895747","1.974414","1.0417333","2.8968163","-0.75573325","0.2799844","0.4363147","-1.3091848","3.3105571","-0.9961408","0.8832975","-1.5356765","-1.5645678","-1.0723144","-0.020049246","-0.47945035","-1.4372753","1.7204745","2.5921805","-0.8537844","-0.5011655","0.6977304","-0.37104395","0.3420499","-2.8695574","-0.37520942","-0.8896085","-0.73924834","-0.018532699","0.6194882","1.2272053","0.9031688","3.1747594","1.8052261","2.9275594","0.68954533","-1.7479538","0.47571117","-0.99313986","1.8839115","0.2288538"
"COPD","-0.8610144","-0.06204689","-0.022810645","0.0020611463","-0.0009565658","-0.00045902724","-0.018918822","-0.025630439","-0.0039312975","-0.018969087","-0.016530914","-0.035641547","-0.007943889","-0.0072050034","-0.013963499","-0.020377705","-0.010373334","-0.010835765","-0.016133092","-0.011339596","-0.011538723","-0.0045860168","-0.023036573","-0.014183245","-0.003153893","0.010902799","-0.006406742","-0.01712594","0.0009230043","-0.0017532083","-0.014034494","-0.0038970762","-0.009691642","0.00065829273","0.0020159772","-0.0066735","-0.0004295523","-0.0039763018","0.0055414047","0.0031142994","0.00020551936","-0.0045593185","0.00019011392","-0.0040777926","-0.0021466732","-0.0045848354","0.0016202849","-0.003749743","0.0003040471","-0.0030011972","0.00045753678","0.0034179133","-0.00023160408","-8.856923e-05","0.0009927604","-0.00262229","-0.0008311592","-0.0019204128","0.001693831","-0.0009724535","-0.0026840903","-0.0013402244","-0.0023038934","-0.000955738"
"COPD Exacerbation","1.0943356","-0.12831798","-0.05645682","0.033518728","-0.022844972","-0.0009672555","-0.013445196","-0.03174962","0.008649586","0.021349542","0.20953755","-0.030474413","0.12501355","0.015805341","-0.061737943","0.1745072","-0.12412542","0.048048116","0.17941451","0.23629472","1.1152749","-0.0028574835","1.034229","-0.71584237","1.004068","-0.5713252","-1.2843246","-2.2364535","-0.29771024","-0.059770897","-1.1306187","1.7222171","-1.8136243","1.7592727","1.3063412","2.0469282","-1.2407516","-2.5477746","2.2801723","-0.9777466","0.6425907","1.9223777","2.4303346","-0.024214674","0.56727564","2.3075798","-0.39420107","-0.11528599","-0.27835104","-1.0931083","2.1460059","0.4589661","-1.1912961","3.12981","1.4759667","-0.6395169","0.34201247","1.9651506","-0.56459165","-0.2961966","-0.12905727","1.9791218","4.33295","0.21212287"
"Cancer cachexia","1.3215941","-0.13987866","0.12877434","0.14720595","-0.038489625","0.0036729495","-0.08375613","-0.12630235","0.012283806","-0.10794067","0.014829349","-0.048676506","-0.011331955","0.08041277","-0.05117998","-0.054686118","-0.23886539","0.29815468","0.0065573105","-0.07223933","-0.9378961","-0.17568697","-0.9090067","0.1230877","0.8528788","1.3189819","0.69194764","2.0730429","2.4442875","-0.86578804","-0.7791871","0.49669656","-0.332017","-1.0489191","0.3115194","-1.0675979","-0.42611322","-0.6640309","-1.8604983","0.47481656","-0.22059102","1.7407707","0.54449826","0.7251568","-1.4305625","2.6818902","-2.4987175","0.9348604","0.77835023","1.8665661","-0.96776646","-1.1424781","-3.0786977","0.0151181985","-0.59966177","0.8188273","0.5234815","1.7332914","-0.47126344","-1.2822227","0.90627235","-1.0752654","-2.9347322","-1.6482383"
"Cardiac valve calcification","1.0450839","-0.37104878","-0.15471","0.01397309","0.040254828","-0.009690774","-0.1839964","-0.19025448","-0.020763252","-0.17904694","-0.097449265","-0.29837686","-0.16199757","-0.25108385","-0.08211694","-0.24518552","-0.23037022","-0.07337078","-0.53646904","-1.00562","-0.011198458","-2.441929","-2.1627548","-0.0047050477","0.28379646","-2.3448248","-1.8649454","2.2184892","0.13250366","-1.1468545","1.0839362","0.2658166","2.4577954","2.0539885","-3.1403947","-0.33808577","-0.68795955","0.30689782","-2.3029916","-1.6646668","-2.7339394","-2.4523096","0.41092038","0.2640299","-3.9857035","1.3635235","-0.013365417","-0.32687807","1.7694582","1.9826026","-0.37703452","-0.7224505","-1.2637523","0.014265649","0.91693795","0.34133595","1.1988015","3.2785916","1.1835611","0.86583096","0.8623276","0.7769559","-1.2606074","1.597307"
"Cardiovascular Diseases","-0.8610144","-0.06204689","-0.022810645","0.0020611463","-0.0009565658","-0.00045902724","-0.018918822","-0.025630439","-0.0039312975","-0.018969087","-0.016530914","-0.035641547","-0.007943889","-0.0072050034","-0.013963499","-0.020377705","-0.010373334","-0.010835765","-0.016133092","-0.011339596","-0.011538723","-0.0045860168","-0.023036573","-0.014183245","-0.003153893","0.010902799","-0.006406742","-0.01712594","0.0009230043","-0.0017532083","-0.014034494","-0.0038970762","-0.009691642","0.00065829273","0.0020159772","-0.0066735","-0.0004295523","-0.0039763018","0.0055414047","0.0031142994","0.00020551936","-0.0045593185","0.00019011392","-0.0040777926","-0.0021466732","-0.0045848354","0.0016202849","-0.003749743","0.0003040471","-0.0030011972","0.00045753678","0.0034179133","-0.00023160408","-8.856923e-05","0.0009927604","-0.00262229","-0.0008311592","-0.0019204128","0.001693831","-0.0009724535","-0.0026840903","-0.0013402244","-0.0023038934","-0.000955738"
"Cardiovascular disease","1.1165212","-0.36404416","-0.13560152","-0.01586288","-0.0038759173","-0.028728887","-0.15201406","-0.15593839","-0.011764622","-0.27710238","-0.13571179","-0.14771098","-0.12769361","-0.23475303","-0.108307414","-0.5943183","-0.12674116","-0.13598214","-0.5859536","-0.54890734","-0.10939402","0.64380735","-0.07875196","1.9959146","1.9704921","1.2462841","0.27157277","3.2312405","-0.01292732","-2.279461","-0.48641214","-1.2331315","1.7815746","-0.30203894","1.02311","1.1465032","1.9493955","0.68864435","1.0641524","1.038495","-1.0205297","0.37138003","-1.9025111","0.22289635","0.77020574","1.3023381","0.6966942","-0.29564252","-0.9090728","-0.5042815","1.2630578","-0.4374614","1.976258","0.10839981","-2.061143","-1.9774401","3.1567795","-1.2495337","-1.3003203","-0.5704401","1.8426633","-2.6567953","-0.980212","0.6840878"
"Caries","-0.0911117","2.144383","1.6067785","-0.80499136","-0.1107837","0.14667843","2.8793576","21.786469","-17.640434","-1.5695869","-0.8525775","-0.6794226","-0.29208174","-0.3990872","-0.030468019","-0.31983173","-0.338612","-0.310465","-0.4400727","-0.31030405","-0.72504914","0.20192508","-0.33730796","0.21459615","-0.075035304","-0.03459239","-0.12144136","0.26378196","-0.02308093","-0.08401979","0.105673306","-0.055852387","0.017248977","0.08139552","-0.15624744","-0.13928871","-0.15336004","-0.112662055","-0.01026021","-0.03830374","-0.04598362","0.011911208","0.051876124","-0.04062433","0.0525595","-0.05856341","-0.011909458","0.0029028042","-0.027485892","-0.06269918","0.01086439","-0.031149194","0.039763335","0.062831126","0.024333414","0.025455832","0.018851396","0.029715445","-0.015120536","0.016613148","-0.010271613","0.013522704","-0.023466967","0.02113718"
"Celiac Disease","-0.8610144","-0.06204689","-0.022810645","0.0020611463","-0.0009565658","-0.00045902724","-0.018918822","-0.025630439","-0.0039312975","-0.018969087","-0.016530914","-0.035641547","-0.007943889","-0.0072050034","-0.013963499","-0.020377705","-0.010373334","-0.010835765","-0.016133092","-0.011339596","-0.011538723","-0.0045860168","-0.023036573","-0.014183245","-0.003153893","0.010902799","-0.006406742","-0.01712594","0.0009230043","-0.0017532083","-0.014034494","-0.0038970762","-0.009691642","0.00065829273","0.0020159772","-0.0066735","-0.0004295523","-0.0039763018","0.0055414047","0.0031142994","0.00020551936","-0.0045593185","0.00019011392","-0.0040777926","-0.0021466732","-0.0045848354","0.0016202849","-0.003749743","0.0003040471","-0.0030011972","0.00045753678","0.0034179133","-0.00023160408","-8.856923e-05","0.0009927604","-0.00262229","-0.0008311592","-0.0019204128","0.001693831","-0.0009724535","-0.0026840903","-0.0013402244","-0.0023038934","-0.000955738"
"Celiac Disease, Coaliac disease","0.6060814","0.4867763","-0.16244432","-0.015931616","0.0023388905","-0.008931505","0.31363752","0.020617224","0.044877026","0.14255409","0.07098959","-0.103533685","0.024440901","0.07221287","0.05985517","0.13285087","-0.041082453","0.04682457","0.2776863","-0.5309697","-0.700208","-0.58332247","0.74143076","3.9711998","-5.5596623","-1.0481359","1.4236131","-1.0299505","-0.12561773","-0.21084316","-3.347071","-3.4111545","4.6040225","3.6793718","1.7536114","1.4827106","4.706939","4.1614213","-2.177319","6.951107","-1.7664574","-3.3623798","0.20689459","-0.17257573","3.1487138","3.8442984","0.29727006","-0.4776381","-0.14438958","0.2851027","-0.45383805","-2.3484974","-0.71522033","2.408135","-1.2140647","0.31402114","-0.36466154","0.47714505","-0.6802671","0.39252377","-0.30998394","1.1859995","0.41854423","0.18434285"
"Celiac disease","-0.8610144","-0.06204689","-0.022810645","0.0020611463","-0.0009565658","-0.00045902724","-0.018918822","-0.025630439","-0.0039312975","-0.018969087","-0.016530914","-0.035641547","-0.007943889","-0.0072050034","-0.013963499","-0.020377705","-0.010373334","-0.010835765","-0.016133092","-0.011339596","-0.011538723","-0.0045860168","-0.023036573","-0.014183245","-0.003153893","0.010902799","-0.006406742","-0.01712594","0.0009230043","-0.0017532083","-0.014034494","-0.0038970762","-0.009691642","0.00065829273","0.0020159772","-0.0066735","-0.0004295523","-0.0039763018","0.0055414047","0.0031142994","0.00020551936","-0.0045593185","0.00019011392","-0.0040777926","-0.0021466732","-0.0045848354","0.0016202849","-0.003749743","0.0003040471","-0.0030011972","0.00045753678","0.0034179133","-0.00023160408","-8.856923e-05","0.0009927604","-0.00262229","-0.0008311592","-0.0019204128","0.001693831","-0.0009724535","-0.0026840903","-0.0013402244","-0.0023038934","-0.000955738"
"Cerebral autosomal dominant arteriopathy with subcortical infarcts and leukoencephalopathy","1.3513991","-0.23452055","-0.0424247","0.06402051","0.017030807","-0.0048461934","-0.077258475","-0.17518151","0.0027714535","-0.029440666","-0.004351336","-0.18348151","-0.12999621","-0.3111757","-0.11133596","-0.12683882","-0.29430884","0.28886425","-0.030619457","0.58665466","-0.16733035","-1.1016484","-0.6989477","0.14757067","-0.5771347","-0.62322074","-0.27422595","-1.5635952","0.73307663","0.18146242","1.1037304","-0.933976","1.8825054","0.46501446","3.1509686","0.122024596","-0.3662499","0.021073587","-0.6451088","-1.6814016","-1.2012424","0.31965783","1.2703805","-1.5352349","0.00012308019","-1.845223","0.503121","-0.20449878","1.2481744","-2.5457346","-1.2608218","-1.2408828","0.725588","1.1680913","-3.3748808","1.5363307","1.2181357","-0.29809952","-1.0417404","1.9622564","-0.13338983","1.162532","3.1969137","-2.0090842"
"Cervical cancer","1.2586229","-0.037912805","-0.13353579","0.0024927594","0.01797387","-0.017228868","-0.026566524","-0.16092217","-0.020144843","0.0045939204","-0.051078033","-0.17223525","-0.12963745","-0.11535554","-0.081845015","-0.39696157","0.24165002","-0.12749712","0.34119207","-0.041496728","0.42239422","-0.7506848","0.028095433","0.36982027","-2.5444455","0.42942587","0.73351985","0.11322927","0.72391266","0.27468163","0.31364477","-0.552194","-1.1221576","-0.25213993","1.2436149","0.10709854","-0.56739163","-1.5174152","1.0092912","1.2967647","1.8547398","0.2851262","0.58796585","-1.2307476","2.0838165","1.4699239","2.2932506","-1.1410656","3.9467394","-2.7870243","2.159328","-0.7076132","-1.2008324","2.1578083","-1.753591","-3.310536","0.44855294","0.3923301","0.8264198","-1.4514078","0.16868684","0.29490116","-4.9154024","-2.286663"
"Cervical intraneoplasia","1.3119372","-0.16409905","-0.12154102","-0.02040015","0.027549494","-0.010277842","-0.04550507","-0.085697636","0.019993002","-0.053782262","-0.064947195","0.0038239402","-0.12750624","0.2533347","0.07029102","-0.09475821","-0.16944075","0.03707312","-0.14772613","0.2539207","-2.7847984","0.537762","-0.7560248","1.6503695","-1.383378","1.2294359","0.34846866","-0.25183037","1.6458923","-0.66184014","2.6091383","0.56065124","-2.1300328","0.055464916","0.6290193","-1.6601554","-1.4641533","0.6731324","1.3375453","0.38357282","-1.1778393","2.888939","-0.75209993","0.4362909","3.7632437","0.44097704","-0.5060079","1.2735611","-1.4856485","1.4461132","0.6693307","-0.66161156","0.6712078","1.3277017","-0.53116024","0.76346433","-0.6724347","-1.4148463","0.4834428","2.3122308","1.696313","-0.6827046","0.2545515","-1.6319982"
"Cervicitis","1.335121","-0.21979228","-0.08478724","-0.01576345","0.032295156","-0.027682886","-0.1283814","-0.111299776","-0.08010172","-0.08295825","-0.065676056","-0.0056222775","-0.06455996","0.30199516","0.0027787187","-0.21712555","0.0843155","0.09791788","0.46503818","-0.490432","-0.6186004","-0.029860783","0.01718525","-0.2638973","-1.0865531","0.44180208","-2.3772104","1.0180048","0.92508894","2.2331603","0.5844211","-0.9839494","-0.24867958","-0.23532751","2.8172498","-0.29331678","0.08305403","-1.0711449","-0.60284287","0.120185725","-1.2749135","-1.5681093","0.94148827","1.5114727","1.9908497","-0.0010635251","-1.4789025","-1.4223456","0.15796757","-0.34743088","-0.14351149","-1.8985918","-2.1055977","1.5706171","-1.1761246","2.7714024","-1.0125271","2.7523797","1.420274","1.0666604","1.818692","0.93157274","2.3673406","-1.6577609"
"Chagas' disease","1.2187265","-0.15409595","-0.03979892","-0.025918469","-0.008521235","-0.010484854","-0.05524436","-0.090344734","-0.02692022","0.044388555","0.042300154","-0.08348655","-0.1338417","-0.07722984","-0.22684376","0.19380477","0.19858263","0.16346404","0.26981056","0.5393601","-0.5755979","-0.6861673","-0.8466176","-1.2985642","0.13641967","-1.1576844","-0.4514033","-2.0675495","-0.31257492","-0.5355396","-0.22014418","-0.1174392","0.8941013","-0.8870112","0.009075277","0.41808054","-2.5339978","0.9665592","-1.4922439","0.49660525","0.42088372","0.9844339","-1.628326","-2.2966108","1.1324683","-2.6201136","-2.3294094","-1.2125959","0.44019508","-1.5824777","0.70281726","0.8568257","5.077052","-1.8654801","1.9948821","-1.9971453","-2.8410792","-0.97460055","1.3187984","0.15101497","0.6808281","0.3096113","0.33376274","1.1302792"
"Chlamydia","0.8442314","-0.29068068","-0.12849016","0.0123744495","-0.04381295","0.020464819","-0.09824958","-0.133861","-0.002200232","-0.09625189","-0.10281279","-0.07224343","-0.22967504","-0.28066236","0.15671766","-0.49876884","-0.15614955","0.17222013","0.39389423","-0.7315416","-0.06265605","-0.034416676","0.18952352","3.6755404","0.36890298","-2.4682553","1.0383477","4.135442","1.0022819","-1.1581364","2.445871","0.11742301","-0.028274873","0.98008317","-1.3749874","3.3843274","1.1625274","1.4073905","0.4423965","-2.4708927","0.994554","0.18515632","-3.212359","-2.74401","-2.2894242","-0.62251955","0.6539863","-0.81693274","-0.8202927","-0.50068957","-0.60950875","-1.2347615","-1.4625438","-3.1577275","1.1454481","1.1064551","-0.20546919","1.560193","-0.7781474","-1.3907702","-0.147847","2.7370865","-1.3294462","-0.2967777"
"Cholelithiasis","-0.8610144","-0.06204689","-0.022810645","0.0020611463","-0.0009565658","-0.00045902724","-0.018918822","-0.025630439","-0.0039312975","-0.018969087","-0.016530914","-0.035641547","-0.007943889","-0.0072050034","-0.013963499","-0.020377705","-0.010373334","-0.010835765","-0.016133092","-0.011339596","-0.011538723","-0.0045860168","-0.023036573","-0.014183245","-0.003153893","0.010902799","-0.006406742","-0.01712594","0.0009230043","-0.0017532083","-0.014034494","-0.0038970762","-0.009691642","0.00065829273","0.0020159772","-0.0066735","-0.0004295523","-0.0039763018","0.0055414047","0.0031142994","0.00020551936","-0.0045593185","0.00019011392","-0.0040777926","-0.0021466732","-0.0045848354","0.0016202849","-0.003749743","0.0003040471","-0.0030011972","0.00045753678","0.0034179133","-0.00023160408","-8.856923e-05","0.0009927604","-0.00262229","-0.0008311592","-0.0019204128","0.001693831","-0.0009724535","-0.0026840903","-0.0013402244","-0.0023038934","-0.000955738"
"Cholestasis","0.79558665","0.04854673","0.027115868","-0.013906165","-0.0040271347","0.0103537645","0.032209467","-0.047222037","0.025170516","0.04190692","0.10924592","0.09484288","0.15895626","0.13339904","0.18818066","0.07413406","0.070882425","-0.045386","0.0859413","0.2833935","0.9022115","1.3018306","3.0093071","1.3119478","-0.98157483","-1.4967308","-0.86266255","0.8752254","-1.3236042","3.425899","-0.81260955","-0.37814787","0.26486734","0.6491689","-2.1181252","-3.437546","1.7118824","-1.543706","-3.3621786","-3.845075","-2.0770822","1.032958","0.91364104","1.2118304","-3.2201993","0.26960853","1.3807459","-2.1508367","-1.8490669","0.73751533","-1.7585508","-3.5318387","-2.3875551","0.68356985","-0.7445245","-2.140615","-1.8981786","1.3442919","-0.09200236","3.3795917","0.7021682","-0.540565","-0.22429828","-0.79268306"
"Chronic Kidney Disease","0.27966747","0.34974277","0.34833476","-0.09790639","0.01403396","0.069481604","0.05293286","0.28088588","0.08772755","0.19625476","0.28949288","0.18897268","0.39447862","0.04427274","0.17217395","1.4395841","-0.5530327","-0.49767694","25.977316","-7.6340313","-1.8561367","-1.0919894","-1.5242821","1.5330173","0.15533857","-0.8973346","0.34009403","0.096817076","0.58274263","0.21735321","0.041167088","-0.17985702","0.35253477","-0.011982683","-0.37489614","-0.57903636","-0.0033761286","0.16091733","-0.23266578","-0.14604127","0.090820275","0.22064823","0.11080126","-0.19962524","0.027470928","-0.16303611","0.35182053","-0.052334238","0.060742885","0.02030705","-0.1495207","0.23109062","0.26393512","0.013839635","0.12355841","-0.086261295","0.17985226","0.07574689","0.10116557","-0.020347863","0.14778449","-0.10446823","0.004373919","-0.017328471"
"Chronic Obstructive Pulmonary Disease","0.57786936","0.09096001","0.057214558","-0.0363317","-0.00493724","0.014336204","-0.002189641","0.10580956","-0.090285964","0.047657106","0.43005857","-0.025931912","0.12255681","-0.075386144","0.0489107","0.9468907","0.3436841","0.24928182","1.6381336","-0.34970406","12.378692","20.285976","-7.1481285","0.37747657","-1.2893357","0.9924533","-0.07702341","2.01769","-1.4544294","-0.24679378","0.6132494","0.5205566","-0.3737375","-1.428956","0.27264246","0.64789295","-0.052890416","1.435316","-0.21078086","-0.07581351","-0.33674434","-0.56422573","-0.18096454","-0.24033745","-0.08229028","0.26628342","-0.22686596","0.010783593","-0.09438383","0.15938835","0.26906785","-0.20165204","-0.19582069","-0.31340748","0.061175566","-0.15267006","0.2412828","0.07159241","0.058621448","0.12269903","-0.24006175","-0.030436112","-0.16829535","0.2229968"
"Chronic Prostatitis/Chronic Pelvic Pain Syndrome","1.285592","-0.19358155","-0.083480306","0.022707704","-0.02525185","0.027670313","-0.05681405","-0.08315319","-0.062886894","-0.0425794","-0.069463044","-0.07852332","0.038451787","-0.077973895","-0.15958121","0.08975624","-0.1278569","0.39486402","-0.24654247","-0.91590846","0.066678375","-1.6421825","0.4531044","-1.835107","-1.442744","0.5968288","-0.13927472","-0.4823762","0.5084033","2.0541646","-0.23306347","0.39726517","-0.8583853","0.20882356","0.79944587","-0.93981385","-3.2944791","-1.080311","4.127371","-0.5798358","-1.0923531","-2.3063323","-0.029762194","-0.12704872","0.031509668","-1.1972487","1.085474","-0.8422817","-3.3475108","0.96412325","-3.7446349","-3.8145413","-2.0028167","0.54450965","-0.691931","-0.60965765","-1.5288868","-0.16047901","-0.9749932","0.9304757","-1.0544448","1.3258548","-2.3749998","-0.33882305"
"Chronic Rhinosinusitis","1.1487626","-0.16039655","-0.043423157","0.06877144","-0.0065054796","-0.024990238","-0.013126304","0.002032873","-0.048896737","-0.027296802","0.11726561","-0.03162036","-0.04114661","0.095762044","-0.07625478","-0.23384792","0.1264956","0.4167338","0.47546402","0.93056756","-1.4738512","0.40264624","1.143124","-0.24066599","1.1441382","-2.2205431","-2.3434014","-1.9786527","1.4398065","0.95936817","-1.6319221","2.2261727","-2.2305996","0.2578031","2.3560302","0.5610311","0.71608984","-0.96487856","0.9700543","1.4366789","-0.0029753689","0.66378236","-1.1088127","-0.4621534","-1.5899874","-2.161346","-0.1336109","0.054502454","0.23288956","3.5027463","1.9833825","0.63697016","0.27658725","-1.7540594","0.5488267","-0.26605293","0.028016679","-0.14136907","-1.378093","1.2434124","2.7150464","-2.5944905","-1.467145","-0.85310936"
"Chronic Rhinosinusitis with asthma","1.3273696","-0.25296563","-0.07802603","-0.012252043","0.013514598","-0.01493285","-0.09394631","-0.07045875","-0.046331074","-0.020244138","0.18083042","-0.23458754","-0.062229753","0.027662966","-0.40449664","0.65471274","-0.23727189","-0.060837224","0.21016476","-0.8562688","-0.6491161","0.7947823","-0.81216496","-1.6820837","1.7304378","-0.8221893","-0.42106017","-0.4912721","0.7521427","-0.029294137","-1.2723962","0.033026204","0.20393996","2.8967497","-3.055077","0.8974182","-0.49999523","-2.296531","0.024822557","-0.1609181","2.5304732","0.76747864","2.6789832","-1.1762179","1.53776","2.498691","-0.17688315","0.71009153","-1.0465727","-0.18483968","0.9361705","0.09642754","-0.12747219","-0.61062336","-0.98646253","-1.3273907","-0.62574553","1.7422068","3.1390913","2.1735742","2.7488196","-0.39572558","2.337139","-2.5830116"
"Chronic Rhinosinusitis with cystic fibrosis","1.321293","-0.22942379","-0.08427132","0.056707677","-0.007064988","-0.030763013","-0.07693948","-0.09996654","0.0014096845","0.023691483","0.3115421","-0.11524881","-0.036834624","-0.03926613","0.05645959","0.38327053","-0.441488","-0.19500746","0.11624554","0.7961341","0.47052208","0.4847069","-0.6592496","1.3826871","0.4837157","1.1295359","-1.5935382","1.3336062","1.0044816","0.9160615","-0.7342944","3.1264448","0.2724411","3.6104505","1.1554667","0.2760736","1.6764232","0.37899405","-0.1136962","-0.38979852","1.9679704","-0.42303857","1.9005909","3.4779637","0.56944644","-0.4135384","0.9101035","-1.1996205","-0.2739839","1.2779784","0.7105821","0.13402821","3.126259","-1.2633461","-1.0202404","0.18405911","0.5042936","0.09371212","0.308635","-0.94200003","-4.3605266","-0.8425229","0.23475851","0.2763228"
"Chronic alcoholic pancreatitis","0.8848024","0.02975607","-0.033351116","-0.020769712","0.007542263","0.01517034","0.09294462","-0.10676951","-0.00035322184","0.03829728","0.17068999","0.012776259","0.13060164","0.14838547","-0.12877028","0.048748307","0.2736501","-0.2896036","0.0979467","0.17714079","1.3694879","0.04130237","3.2238169","0.58416486","0.5871551","-1.8848717","-0.8831471","-0.89914197","-1.308147","1.333959","0.3945262","-1.2988288","1.0467793","1.4531122","-1.181953","-0.12315457","0.6967056","-2.3328938","0.7855147","-1.2153696","0.5542909","0.47393575","-1.4539012","-2.3292763","0.41360104","-0.5950061","-3.2906291","-2.6136527","-0.06165644","1.0992903","-0.1534149","2.629112","2.8720944","2.3807952","2.4557707","0.8933454","-0.48398632","2.8296578","-0.9898863","0.008622946","0.15758508","0.2913633","-0.9284633","1.9936969"
"Chronic fatigue syndrome","1.2981182","-0.1789176","-0.060075443","0.06433349","-0.025769858","-0.03874738","-0.116702944","-0.07425764","-0.029873101","0.030745931","-0.054041635","-0.056704782","-0.05758349","-0.11894418","-0.16937713","-0.3285639","-0.0063942806","-0.3773992","0.20678827","0.278423","0.33104685","-0.052359097","1.183874","-0.42529568","0.86339086","-0.061642267","0.9769783","-1.0031176","2.027292","-0.9315722","-0.9230818","-1.2175188","0.8189086","-0.061721887","0.3676212","0.5468583","-2.4330966","-1.1697927","1.2964692","1.1770921","0.9309277","-0.13212097","0.19677183","-0.017279958","2.1788864","-2.3069038","2.8131638","-1.5929598","-0.2275939","-0.64635545","0.5017045","0.20647795","0.40454745","-1.466253","-0.31456068","0.3158445","-1.5083352","-1.4478792","0.76497865","0.83157784","-0.7518273","2.1266599","0.21934341","-0.36283928"
"Chronic granulomatous disease","1.3562397","-0.23110175","-0.09357581","0.041032773","-0.019879153","-0.0233256","-0.031125816","-0.06462371","-0.032740194","0.017303484","0.09438219","-0.11821738","-0.03192501","0.1238174","-0.15707926","-0.017383318","0.044178803","-0.38862097","-0.40502316","-0.7101976","0.36476597","-0.5533968","-0.67817456","0.06842993","0.4772409","0.037998307","2.6833827","-0.14275892","0.07351922","-1.0550871","-0.94295824","0.5034496","0.024570493","-1.082201","0.52640575","2.9146109","-0.19149789","-2.1586342","-1.0719601","0.13251533","-1.1129956","0.010738831","0.117019236","-2.63542","0.918841","-1.0885551","-0.18107924","-1.2515348","-2.3351498","1.7296484","-0.46263248","2.0665286","0.22548613","0.041817404","1.0528188","5.315077","-1.8566216","0.25903875","0.30982962","-2.320302","0.7853862","1.5422692","2.3411188","-0.74888384"
"Chronic kidney disease","-0.8610144","-0.06204689","-0.022810645","0.0020611463","-0.0009565658","-0.00045902724","-0.018918822","-0.025630439","-0.0039312975","-0.018969087","-0.016530914","-0.035641547","-0.007943889","-0.0072050034","-0.013963499","-0.020377705","-0.010373334","-0.010835765","-0.016133092","-0.011339596","-0.011538723","-0.0045860168","-0.023036573","-0.014183245","-0.003153893","0.010902799","-0.006406742","-0.01712594","0.0009230043","-0.0017532083","-0.014034494","-0.0038970762","-0.009691642","0.00065829273","0.0020159772","-0.0066735","-0.0004295523","-0.0039763018","0.0055414047","0.0031142994","0.00020551936","-0.0045593185","0.00019011392","-0.0040777926","-0.0021466732","-0.0045848354","0.0016202849","-0.003749743","0.0003040471","-0.0030011972","0.00045753678","0.0034179133","-0.00023160408","-8.856923e-05","0.0009927604","-0.00262229","-0.0008311592","-0.0019204128","0.001693831","-0.0009724535","-0.0026840903","-0.0013402244","-0.0023038934","-0.000955738"
"Chronic liver disease","1.2868315","-0.138038","0.036506183","-0.096004106","-0.03699186","0.006414251","-0.07060754","-0.003500173","-0.026838485","-0.10002113","-0.07673868","-0.10277198","0.18727206","-0.10870425","0.12521249","-0.12814194","-0.14294994","-0.22287694","-0.2137336","-0.22206855","1.6881235","0.20274626","0.5678566","0.51218253","-0.32033366","2.0563066","-1.4790125","-1.008022","-1.2711693","1.1294887","-2.284702","-2.1689694","1.9227749","-2.3355687","0.49720284","-0.053167176","0.18241282","-1.823901","0.49917778","1.801955","-1.2741853","-0.6917266","-1.4639623","-0.110135816","-1.5808154","0.91399664","1.4901843","1.1516465","-0.182465","4.1426377","0.7340162","-0.50198686","-1.3609992","-2.6772823","-2.8581593","-0.7085269","-0.18365747","0.0605581","0.2737316","0.74646884","-1.1033422","3.6535988","-3.3685918","-1.0616376"
"Chronic lung disease","1.3289893","-0.20678438","-0.0458305","-0.03120421","-0.018706597","0.0027550373","-0.097042754","-0.039874427","-0.02242701","-0.11974883","0.12781803","-0.13940194","0.034186482","0.094698966","0.08202277","-0.08932015","-0.13458031","-0.50070685","-0.33441782","-0.50422436","1.3869026","1.6306468","1.2270517","0.6207707","2.0477753","0.21486999","1.2410622","-1.6479256","-0.38001978","1.3943764","0.123829536","0.52629393","-0.97637767","0.76712906","-0.35032088","-0.23495184","-1.1644176","2.086502","-0.76963955","-1.0158662","0.31123158","-1.2023755","0.09450432","1.3037133","0.9859865","0.45233926","0.94731873","-0.32262427","0.6571494","-0.2925567","0.076976806","0.39354485","0.08847364","-2.6610057","0.12272462","1.778659","-1.3409879","0.12845415","-1.8401425","0.4300302","-1.5375187","1.6726637","-0.52601653","1.2800751"
"Chronic mucocutaneous candidiasis","1.2525095","-0.1442861","-0.08350931","-7.1970615e-05","0.010768046","-0.023746368","-0.0018575495","-0.085701846","-0.0005581903","-0.03422965","0.07556813","-0.029840676","0.0039172946","0.034224037","0.030093312","-0.028515255","0.008283794","-0.1623606","0.057569385","0.39792088","0.40406245","1.295696","0.7759299","0.49414217","1.06582","-1.1670113","-0.44435975","-1.2842859","1.2858267","0.98239774","1.811544","-0.3713313","-0.22475618","-0.96973026","-2.2986321","0.81079566","-0.48327336","0.87171674","-1.365405","1.9374151","-1.304105","1.2070364","-0.3205225","-0.28635186","2.6056607","0.8629226","-0.004414213","0.5912589","2.7235944","1.3272372","-0.048521936","0.18922812","-0.7058568","0.7935699","-0.42115197","1.3683331","-1.8973055","0.09059205","1.231739","0.40874463","2.7260883","1.7177563","1.0859534","-0.24142641"
"Chronic ocular graft-versus-host disease","1.2243841","-0.055444486","-0.1584241","-0.008674449","0.020802364","-0.005019576","0.08115242","-0.13759062","-0.11213406","0.028970717","-0.054839086","-0.18798636","-0.09197058","-0.32360137","-0.09113048","0.033443183","-0.43178073","-0.23561515","0.050025944","1.6739255","-1.8358616","-0.33895916","-1.0086539","0.8034301","-1.6259629","-0.015255088","0.74323255","-2.094414","-0.20390141","0.60016376","0.4743462","-0.84434825","-1.1562083","-0.5072859","2.409923","-0.9480291","0.42902154","-0.3105895","-0.38991374","-0.7778162","0.67123944","-0.53586036","-1.1721641","-2.996555","0.45646977","-1.0963467","-1.2541907","-0.8066935","-0.9874325","-0.15722781","-0.12617743","-0.7737595","3.000478","-2.1935024","1.8855482","-0.0040449775","-0.11791553","-2.0094893","-1.1940306","-0.60676825","-0.54018176","1.728736","-1.71856","0.31360814"
"Chronic pancreatitis","1.2803464","-0.072253585","-0.13237455","0.0028311152","0.03928518","-0.029146355","0.041085616","-0.13641293","0.0057032807","-0.05417556","-0.07717428","-0.08292256","0.024154821","-0.04062027","0.15883508","-0.035642996","-0.6073964","-0.30762038","-0.16352081","-0.42563978","1.058639","-0.0015612454","0.16507585","0.82079947","-1.0197585","0.92445165","-0.33564752","-1.2891908","1.0604978","-0.036630232","0.46103913","1.3300563","1.6503247","0.41333628","0.024242168","0.6828979","0.81070876","-0.40792415","0.8793904","-0.048266783","-0.6071039","2.1156044","-0.053816877","-0.7813238","-3.3834252","-1.3991951","-0.8292473","0.2608601","-1.0025845","-1.3020728","1.1000153","-1.0899625","-1.9260459","0.23968075","-1.9671564","0.28219268","-0.7690208","-1.101412","-0.028267702","-0.4942291","-0.14264402","4.5739064","2.7093685","0.40248466"
"Chronic prostatitis / Chronic pelvic pain syndrome","-0.8610144","-0.06204689","-0.022810645","0.0020611463","-0.0009565658","-0.00045902724","-0.018918822","-0.025630439","-0.0039312975","-0.018969087","-0.016530914","-0.035641547","-0.007943889","-0.0072050034","-0.013963499","-0.020377705","-0.010373334","-0.010835765","-0.016133092","-0.011339596","-0.011538723","-0.0045860168","-0.023036573","-0.014183245","-0.003153893","0.010902799","-0.006406742","-0.01712594","0.0009230043","-0.0017532083","-0.014034494","-0.0038970762","-0.009691642","0.00065829273","0.0020159772","-0.0066735","-0.0004295523","-0.0039763018","0.0055414047","0.0031142994","0.00020551936","-0.0045593185","0.00019011392","-0.0040777926","-0.0021466732","-0.0045848354","0.0016202849","-0.003749743","0.0003040471","-0.0030011972","0.00045753678","0.0034179133","-0.00023160408","-8.856923e-05","0.0009927604","-0.00262229","-0.0008311592","-0.0019204128","0.001693831","-0.0009724535","-0.0026840903","-0.0013402244","-0.0023038934","-0.000955738"
"Chronic rhinosinusitis with nasal polyps","1.290162","-0.23795424","-0.028162453","0.08329304","-0.021544367","-0.04010999","-0.0635649","-0.01391767","-0.06737644","-0.0066194558","0.01743907","-0.06362765","-0.07400883","0.13152796","-0.0430295","0.38697124","0.1266098","-0.051497497","0.15913078","0.27849385","1.0027598","-0.5107117","-2.1686141","-0.4975692","2.3450172","-1.1370254","1.494587","-1.7096341","0.049230408","-1.1555244","1.1011585","0.9353361","0.88217795","0.54199773","-0.9883289","0.23373997","-1.2590827","1.078786","2.0211911","-0.30927414","-0.16881247","1.560012","-1.1396054","-0.08300995","-2.2844477","2.1080124","-0.034985185","-1.4906986","2.6797786","1.163826","1.3503792","0.4238339","0.38395542","0.8804475","0.35149926","-0.5413303","-0.65734965","-1.0210081","3.2542815","2.7407079","-3.7740407","-1.2778213","-1.5482632","-0.9578074"
"Chronic stress","1.3067791","-0.182857","-0.0044687106","-0.013955252","-0.0316325","0.012374813","-0.015982049","0.18563233","-0.004715487","-0.11314054","-0.06900273","0.25084704","-0.20430925","0.00584847","-0.26893303","-0.08852169","-0.12021864","0.2863228","-0.19008774","-1.3355798","1.4722794","-0.31325814","0.6134376","0.43755046","0.21133697","1.6690499","1.0373926","0.5223121","-0.5558048","0.6348105","1.6653868","0.18847503","-2.068839","0.3487457","-0.37170467","2.5979562","2.8600848","-3.5798001","-0.83146405","1.8951836","-0.5479012","-1.1633981","0.4612812","-1.0406005","0.23358272","-0.4170333","3.6950266","1.349341","-2.280361","4.4946914","0.31998357","3.0755072","0.33413252","-1.696852","-0.34433934","0.33326992","2.207635","1.7529628","-1.7712021","-0.8112113","0.332783","-2.252597","-1.3620358","-0.29719803"
"Chronic urticaria","1.2513556","-0.18880872","-0.021487242","-0.010374059","-0.02736313","0.0022890256","-0.06160618","-0.06836538","0.033515","-0.028686903","0.016649518","-0.24540395","-0.010290298","-0.22870414","-0.04449726","0.24094157","-0.03978418","-0.064096995","-0.48152938","0.41768432","-0.33711028","-0.22242069","0.5789958","-0.43804014","-0.6373701","0.12379757","-2.2756112","-0.8390134","0.46875462","-0.052374404","-0.9263249","0.38960773","-0.88228595","1.1630776","1.4140751","0.47495526","-0.57343537","1.0530198","0.06586935","-0.74827003","0.5869168","-0.98664075","-3.0363014","-0.8320056","-2.0431085","0.34230974","4.053782","-3.3351889","-2.297757","-0.66681147","1.562525","-0.03714189","-3.9933727","0.20093697","1.2992376","-0.26994678","-0.7476072","-1.9791316","4.2960415","0.38691363","-3.2694488","-3.7537358","-0.916326","-0.17975408"
"Cirrhosis","0.04051084","1.0141244","0.54539436","-0.16054702","-0.03455934","-0.057790358","0.47737297","0.572829","0.25663787","1.0252917","1.0036161","7.5871034","27.205404","-0.6008878","-0.47549227","-0.6372038","-0.41065705","-0.3680656","-0.72303003","-0.43635395","-0.28536463","-0.5259394","-1.1043758","0.0871471","-0.12433393","0.011514905","0.34178704","0.07366589","0.20440811","-0.30937836","0.056783415","0.3479003","-0.09804189","0.006995927","0.046037387","0.1930005","-0.20530382","0.1484476","-0.00071247533","0.04485723","0.05381351","-0.0017191311","0.07000174","-0.048938364","0.016589755","-0.03257411","-0.11801295","0.026099054","0.054907754","-0.011913361","0.09519762","-0.044672403","0.07035059","-0.06476604","0.010982135","-0.01912347","0.032426458","0.021405803","-0.02231116","0.0012093509","0.0035653107","0.012243711","0.013402927","-0.010931229"
"Cirrhosis with pneumonia","1.3288021","-0.22199847","-0.026334794","-0.010304711","-0.03342831","-0.016529834","-0.065329306","-0.13593423","0.022413913","-0.08470327","-0.08715931","-0.018754186","0.21740459","-0.20077635","-0.020188212","-0.13278097","-0.32020918","0.036911055","-0.12002212","0.6161781","0.14358437","1.6462127","-0.5504248","-0.39741397","1.4122013","1.392324","-2.4679856","-0.3817688","-2.0617747","1.2094357","-0.16316706","-2.2159867","0.013238222","0.3695679","-0.55943483","-3.4978757","1.2240489","0.8831386","0.5272452","0.7402195","1.5804439","-0.17057091","-1.2495435","-0.21808988","-0.29192725","1.0105354","1.555803","-1.7910298","-1.0779848","0.2732712","-2.5839677","1.1669775","1.1886262","1.3738867","-2.441991","-0.75382006","0.20052673","0.38342845","-1.4771473","0.93792796","0.6839132","-0.8368836","-0.8361628","-0.26994568"
"Cleft palate","1.3486893","-0.21169218","-0.020179449","0.039608814","-0.0027725692","-0.007897198","-0.032365076","0.2239863","-0.02199853","-0.17839463","0.040303957","0.024408005","0.061652806","0.19160838","-0.15083635","-0.005157938","0.18838298","0.013570494","0.22921924","0.09807437","-0.657061","0.0010899638","0.11544899","-1.2445143","1.299064","0.07462496","-0.5854221","-0.43151945","0.48734987","0.3332617","1.9892029","1.4348874","1.1833299","-1.7554133","1.3527765","-0.52817875","-1.5486681","0.60587984","0.64274573","-1.7211403","-0.11984926","0.8266753","2.2872837","-1.4244249","-1.6468408","-2.4298615","1.3119091","0.27369744","1.7800397","0.62701154","-2.842185","0.24301939","1.9773448","2.5760977","0.97279906","0.8051295","0.22840695","-0.29306483","0.2330118","-1.9155955","-0.38713318","1.0415739","-1.4425502","-1.7025087"
"Clonorchis sinensis infection","1.2895455","-0.187873","-0.111994445","0.044623896","-0.0018412301","-0.017806025","-0.0699995","-0.07155054","-0.057955828","0.01307093","-0.088844515","-0.09279208","0.10299948","-0.11166246","0.011799367","-0.25525215","0.026534157","-0.25643796","0.055484597","0.3879438","-0.64605427","0.33973044","-0.11460068","0.13228513","0.9438183","1.0308291","-1.411388","-2.3528433","0.8918376","0.5870584","-0.95419466","-2.2218869","0.13203946","3.8779519","0.7759866","1.3417681","1.4326409","0.36440423","0.12706152","0.09392372","-2.0385065","-2.2265296","0.2628454","-1.7982682","-0.38624468","-0.37903664","1.1041527","-2.8119416","-1.439019","-1.2457408","-2.168936","1.135589","1.1802862","-1.7441981","1.8753256","-1.1435136","2.2594557","-0.65768355","-1.0093787","-0.48921844","1.0214554","-1.8996587","1.6766783","0.22757502"
"Clostridium difficile associated disease","1.0287287","-0.38943917","-0.12986577","0.027615273","0.017222289","-0.016206378","-0.15370438","-0.2352372","-0.03507755","-0.16286993","-0.09986279","-0.10401678","-0.102757245","-0.06400143","-0.048726473","-0.2887891","-0.20519881","-0.09273135","-0.42024532","-0.64713264","-0.33491975","-0.43667102","-1.8508878","0.46319208","-0.3188692","-0.6248502","0.4146967","1.9989872","1.5713996","-2.7492309","2.0100944","-3.1250868","-0.2921649","-2.1052084","1.4391848","1.3774749","1.7110271","1.3394268","-3.204577","-2.9677675","0.17221677","1.5134165","0.269503","-1.3252666","-3.0615087","-2.0979624","-0.81153834","-0.61124986","-0.037020575","-1.1323175","-1.373874","0.3983688","0.6185029","0.61914116","-1.0541714","0.8307582","-2.400819","-3.904435","-3.8248065","-2.3411055","-0.37592712","-0.9142095","-0.75487083","2.6697009"
"Clostridium difficile infection","0.6030629","0.23421595","-0.070778094","0.061109778","0.04284591","-0.0027530834","0.13645433","0.09674789","-0.06812908","0.118475184","0.16059737","0.005972033","0.14126779","0.10302615","0.6819445","0.49070436","-0.6334308","0.41948074","-0.15678377","-0.041031983","0.80772996","0.7353875","1.37409","-1.6448932","-5.121509","-0.7271423","-0.3403859","-2.3868597","-0.812834","-0.84354866","-1.6584108","1.6335442","-2.7530086","2.0947878","-0.87023365","4.8670926","0.86864495","2.5638077","0.46949437","-3.1507177","-3.000799","4.302065","-0.084730834","1.4922912","2.339962","-0.5888335","-2.5218081","-0.0001314491","0.6787586","5.190864","-1.6674255","1.9669392","1.5337887","1.6179955","1.0288811","1.9812074","-0.22894","-1.4955097","1.2105665","-1.5047396","0.26662567","0.47826803","1.8716087","0.17445117"
"Clostridium difficile infection(CDI)","-0.8610144","-0.06204689","-0.022810645","0.0020611463","-0.0009565658","-0.00045902724","-0.018918822","-0.025630439","-0.0039312975","-0.018969087","-0.016530914","-0.035641547","-0.007943889","-0.0072050034","-0.013963499","-0.020377705","-0.010373334","-0.010835765","-0.016133092","-0.011339596","-0.011538723","-0.0045860168","-0.023036573","-0.014183245","-0.003153893","0.010902799","-0.006406742","-0.01712594","0.0009230043","-0.0017532083","-0.014034494","-0.0038970762","-0.009691642","0.00065829273","0.0020159772","-0.0066735","-0.0004295523","-0.0039763018","0.0055414047","0.0031142994","0.00020551936","-0.0045593185","0.00019011392","-0.0040777926","-0.0021466732","-0.0045848354","0.0016202849","-0.003749743","0.0003040471","-0.0030011972","0.00045753678","0.0034179133","-0.00023160408","-8.856923e-05","0.0009927604","-0.00262229","-0.0008311592","-0.0019204128","0.001693831","-0.0009724535","-0.0026840903","-0.0013402244","-0.0023038934","-0.000955738"
"Clostridium difficile infections","-0.8610144","-0.06204689","-0.022810645","0.0020611463","-0.0009565658","-0.00045902724","-0.018918822","-0.025630439","-0.0039312975","-0.018969087","-0.016530914","-0.035641547","-0.007943889","-0.0072050034","-0.013963499","-0.020377705","-0.010373334","-0.010835765","-0.016133092","-0.011339596","-0.011538723","-0.0045860168","-0.023036573","-0.014183245","-0.003153893","0.010902799","-0.006406742","-0.01712594","0.0009230043","-0.0017532083","-0.014034494","-0.0038970762","-0.009691642","0.00065829273","0.0020159772","-0.0066735","-0.0004295523","-0.0039763018","0.0055414047","0.0031142994","0.00020551936","-0.0045593185","0.00019011392","-0.0040777926","-0.0021466732","-0.0045848354","0.0016202849","-0.003749743","0.0003040471","-0.0030011972","0.00045753678","0.0034179133","-0.00023160408","-8.856923e-05","0.0009927604","-0.00262229","-0.0008311592","-0.0019204128","0.001693831","-0.0009724535","-0.0026840903","-0.0013402244","-0.0023038934","-0.000955738"
"Clostrium difficile-related diarrhea","-0.8610144","-0.06204689","-0.022810645","0.0020611463","-0.0009565658","-0.00045902724","-0.018918822","-0.025630439","-0.0039312975","-0.018969087","-0.016530914","-0.035641547","-0.007943889","-0.0072050034","-0.013963499","-0.020377705","-0.010373334","-0.010835765","-0.016133092","-0.011339596","-0.011538723","-0.0045860168","-0.023036573","-0.014183245","-0.003153893","0.010902799","-0.006406742","-0.01712594","0.0009230043","-0.0017532083","-0.014034494","-0.0038970762","-0.009691642","0.00065829273","0.0020159772","-0.0066735","-0.0004295523","-0.0039763018","0.0055414047","0.0031142994","0.00020551936","-0.0045593185","0.00019011392","-0.0040777926","-0.0021466732","-0.0045848354","0.0016202849","-0.003749743","0.0003040471","-0.0030011972","0.00045753678","0.0034179133","-0.00023160408","-8.856923e-05","0.0009927604","-0.00262229","-0.0008311592","-0.0019204128","0.001693831","-0.0009724535","-0.0026840903","-0.0013402244","-0.0023038934","-0.000955738"
"Coeliac disease","-0.8610144","-0.06204689","-0.022810645","0.0020611463","-0.0009565658","-0.00045902724","-0.018918822","-0.025630439","-0.0039312975","-0.018969087","-0.016530914","-0.035641547","-0.007943889","-0.0072050034","-0.013963499","-0.020377705","-0.010373334","-0.010835765","-0.016133092","-0.011339596","-0.011538723","-0.0045860168","-0.023036573","-0.014183245","-0.003153893","0.010902799","-0.006406742","-0.01712594","0.0009230043","-0.0017532083","-0.014034494","-0.0038970762","-0.009691642","0.00065829273","0.0020159772","-0.0066735","-0.0004295523","-0.0039763018","0.0055414047","0.0031142994","0.00020551936","-0.0045593185","0.00019011392","-0.0040777926","-0.0021466732","-0.0045848354","0.0016202849","-0.003749743","0.0003040471","-0.0030011972","0.00045753678","0.0034179133","-0.00023160408","-8.856923e-05","0.0009927604","-0.00262229","-0.0008311592","-0.0019204128","0.001693831","-0.0009724535","-0.0026840903","-0.0013402244","-0.0023038934","-0.000955738"
"Cognitive impairment","1.3571377","-0.048153374","-0.15261748","0.018933708","0.0444197","-0.012238455","-0.030878931","-0.14135297","-0.024487752","0.059522398","-0.11999986","0.3993735","-0.25327373","0.1763211","0.1377546","-0.2679385","0.16549794","0.24996983","-0.031481795","-0.6742543","-0.928731","-0.21104334","0.39587274","-0.39224133","-1.6168293","-0.73037463","1.17481","-0.3795708","-1.3377101","-0.83065873","-0.49739018","-0.7715624","-1.1469165","-1.0836766","0.9567209","0.34521252","0.4152757","-0.13015985","0.1896465","1.0751075","2.4687185","-0.8094322","-1.5620881","-0.8363756","-0.8090084","-2.6073318","1.4240823","0.9402454","0.1303737","-0.46842","-1.4876215","-0.7336372","0.16444583","0.9541984","0.0878757","-0.8406136","-0.63254076","-0.19951864","-0.56879807","1.5629481","1.1130459","-2.116396","0.2689973","-0.7566194"
"Collagenous colitis","1.2856467","0.14858031","-0.25189158","0.012083644","-0.017177293","-0.009781749","0.15959008","-0.19307928","-0.02617364","0.027774697","-0.11232816","-0.1856567","-0.041770484","0.054388035","0.21621254","-0.38341624","0.08035664","0.03252622","-0.0496864","0.4394622","-0.2353699","-0.18263353","-0.26955837","0.80993086","-2.9064875","-2.4965982","0.42423952","0.4189966","0.9956983","-0.8543324","0.29828984","0.23186183","-0.8889362","1.8308202","-0.36312142","-0.21191874","0.6057431","-2.0558293","-0.65968204","0.6228484","0.40988287","0.39934683","-0.24564041","-2.759667","-0.91468436","-0.52344674","0.23806983","0.40257993","0.37751383","1.2172403","-3.0155566","-0.733131","0.2302605","-0.42677385","1.1474099","0.75480616","0.9017313","3.289876","1.6337886","0.75040424","-0.1255431","-2.1703317","-2.0464554","0.6625581"
"Colon adenomas","1.0277528","0.17138837","-0.2055511","-0.005670651","0.084365","-0.014882353","0.089822024","-0.17833635","0.06789562","0.011378356","0.045450523","0.045033943","-0.17735323","0.33014774","0.09882836","-0.1529668","0.031227013","-0.1443634","0.22550644","0.4051298","-0.96528524","-0.59132785","0.03494685","0.8422651","-2.6123362","-1.728981","-2.5458903","-0.7254895","-0.7987921","0.46852803","-0.827447","1.0205889","-2.6790733","-0.71946794","-1.6824174","0.12089351","0.65554446","0.820776","-0.5898599","-0.8296416","2.0740545","-1.7238897","1.4682856","-0.0069357576","1.4139738","-1.5533208","0.18087624","0.10170125","3.4472","-2.8610725","-0.027962727","-1.4575212","0.5025976","1.3475764","-1.081158","2.4655137","-1.2583053","1.7590861","0.26612696","-0.45595732","2.0615847","-0.33139226","0.024865072","0.57637674"
"Colon cancer","-0.8610144","-0.06204689","-0.022810645","0.0020611463","-0.0009565658","-0.00045902724","-0.018918822","-0.025630439","-0.0039312975","-0.018969087","-0.016530914","-0.035641547","-0.007943889","-0.0072050034","-0.013963499","-0.020377705","-0.010373334","-0.010835765","-0.016133092","-0.011339596","-0.011538723","-0.0045860168","-0.023036573","-0.014183245","-0.003153893","0.010902799","-0.006406742","-0.01712594","0.0009230043","-0.0017532083","-0.014034494","-0.0038970762","-0.009691642","0.00065829273","0.0020159772","-0.0066735","-0.0004295523","-0.0039763018","0.0055414047","0.0031142994","0.00020551936","-0.0045593185","0.00019011392","-0.0040777926","-0.0021466732","-0.0045848354","0.0016202849","-0.003749743","0.0003040471","-0.0030011972","0.00045753678","0.0034179133","-0.00023160408","-8.856923e-05","0.0009927604","-0.00262229","-0.0008311592","-0.0019204128","0.001693831","-0.0009724535","-0.0026840903","-0.0013402244","-0.0023038934","-0.000955738"
"Colon polyps","1.2977414","-0.14946344","0.06967023","-0.090590045","-0.013744742","-0.02274992","-0.06682106","-0.04344453","0.0060584145","-0.079883374","-0.07558691","-0.16980633","0.07863673","0.029966298","-0.2859273","-0.202972","-0.003100861","-0.08636332","0.3803998","-0.22867712","1.5108349","-1.066943","-0.37876028","-0.9931337","-0.16329774","0.85403514","0.79588664","-0.007407257","0.17577429","0.80664957","0.0105083855","-0.4007928","1.8433475","-0.17851591","-1.6569616","-0.5645709","1.0272307","0.059333444","0.42581078","2.2203844","-1.3623941","-2.560868","-0.3760069","2.2329638","0.11057631","-1.1881976","0.14112964","0.15711367","0.6994968","-1.9892282","-0.8329145","2.2265272","0.0009036161","0.59789777","0.16943672","-1.003901","-1.142643","-1.7185464","-1.4498976","0.14456336","2.0708346","-1.397401","1.5965896","-2.3621583"
"Colorectal cancer","-0.15410453","15.181289","-5.7147117","-0.24117388","22.761145","-0.4673806","-4.6870503","-0.7107366","-0.15927497","-1.4398997","-0.40907094","-0.35090443","-0.27375484","-0.5403502","-0.87894756","-0.2815844","-0.107507706","-0.09771576","-0.263646","-0.21496882","0.023557438","-0.14195792","-0.34349108","-0.13016453","0.7493326","0.10421904","0.03225277","0.14280224","0.11934943","-0.10179501","0.028799182","0.0093882745","0.1283171","0.07032303","-0.06641246","-0.12408695","-0.049215514","0.051986493","-0.02360687","0.059372496","-0.037598725","-0.00207491","-0.028840275","0.015056908","-0.0023309283","-0.0058024316","0.033442747","-0.033790614","-0.051372603","0.04571347","-0.037269454","-0.0034385489","-0.009151137","-0.007020909","0.057397492","0.018671244","0.0056554168","0.0043548294","0.02363686","0.0022745267","-0.00834804","4.344919e-05","0.0013890998","0.008171893"
"Colorectal carcinoma","-0.8610144","-0.06204689","-0.022810645","0.0020611463","-0.0009565658","-0.00045902724","-0.018918822","-0.025630439","-0.0039312975","-0.018969087","-0.016530914","-0.035641547","-0.007943889","-0.0072050034","-0.013963499","-0.020377705","-0.010373334","-0.010835765","-0.016133092","-0.011339596","-0.011538723","-0.0045860168","-0.023036573","-0.014183245","-0.003153893","0.010902799","-0.006406742","-0.01712594","0.0009230043","-0.0017532083","-0.014034494","-0.0038970762","-0.009691642","0.00065829273","0.0020159772","-0.0066735","-0.0004295523","-0.0039763018","0.0055414047","0.0031142994","0.00020551936","-0.0045593185","0.00019011392","-0.0040777926","-0.0021466732","-0.0045848354","0.0016202849","-0.003749743","0.0003040471","-0.0030011972","0.00045753678","0.0034179133","-0.00023160408","-8.856923e-05","0.0009927604","-0.00262229","-0.0008311592","-0.0019204128","0.001693831","-0.0009724535","-0.0026840903","-0.0013402244","-0.0023038934","-0.000955738"
"Common Variable Immunodeficieny","1.220027","-0.047363784","-0.13726617","0.040719703","0.02463106","0.0150154745","0.037296973","-0.08489521","-0.04492025","0.14021863","-0.112934165","-0.17253827","-0.018759375","-0.0025162436","0.1741406","0.20735292","-0.32787448","-0.12225321","-0.05873462","0.13276663","-0.36233002","0.5939455","0.14411089","0.7869231","-1.7669616","-0.7341107","1.4588906","0.26678443","1.4016296","-2.3736134","0.39267","2.8591921","-1.4014366","-0.7479922","2.3583503","-2.0845852","1.5689473","0.06525583","-0.42047378","-0.22380126","1.0405133","-1.5244527","-2.075894","-1.9158435","1.4910709","-0.9617703","3.6972759","0.5572473","-0.6929122","-0.92016786","1.0185837","-0.35438707","-2.4205143","1.3005446","2.5376596","-0.16500604","-1.3439687","2.6016455","-4.016709","-0.7004667","0.8593003","2.4148393","-1.6121294","1.02618"
"Common variable immunodeficiency","-0.8610144","-0.06204689","-0.022810645","0.0020611463","-0.0009565658","-0.00045902724","-0.018918822","-0.025630439","-0.0039312975","-0.018969087","-0.016530914","-0.035641547","-0.007943889","-0.0072050034","-0.013963499","-0.020377705","-0.010373334","-0.010835765","-0.016133092","-0.011339596","-0.011538723","-0.0045860168","-0.023036573","-0.014183245","-0.003153893","0.010902799","-0.006406742","-0.01712594","0.0009230043","-0.0017532083","-0.014034494","-0.0038970762","-0.009691642","0.00065829273","0.0020159772","-0.0066735","-0.0004295523","-0.0039763018","0.0055414047","0.0031142994","0.00020551936","-0.0045593185","0.00019011392","-0.0040777926","-0.0021466732","-0.0045848354","0.0016202849","-0.003749743","0.0003040471","-0.0030011972","0.00045753678","0.0034179133","-0.00023160408","-8.856923e-05","0.0009927604","-0.00262229","-0.0008311592","-0.0019204128","0.001693831","-0.0009724535","-0.0026840903","-0.0013402244","-0.0023038934","-0.000955738"
"Conjunctival scarring","1.3261751","-0.21797492","-0.054177895","0.005301382","-0.012504776","-0.024405131","-0.08677225","-0.06472791","0.012019821","-0.059739184","-0.025913807","-0.16697292","0.12261661","-0.0027617884","0.014472367","-0.2614957","0.20689668","-0.18148853","0.030960346","0.30609584","-0.54607326","0.75231236","0.115941554","-0.051671468","0.9674471","-1.6761434","-1.3584684","-1.0472598","-1.8272941","-0.16854398","-0.89078707","1.2579958","0.0476893","0.85545254","0.7415685","-0.57324016","0.7415419","-0.40801457","0.0499745","1.5124774","-1.7065388","0.3678942","-1.1513641","-0.536662","0.24630633","0.41235486","-0.34946352","-0.20128144","0.04051096","-1.2605073","-1.580074","0.6768492","1.3429589","-0.7911613","-1.4217626","0.68959916","-2.8370676","1.8789223","1.7344819","1.4225496","-0.31625384","1.832342","0.53978145","0.15672493"
"Constipation","0.8886405","-0.27886584","-0.048348594","-0.06256038","0.0011012419","-0.12942445","-0.13409947","-0.10695564","0.011321107","-0.21716265","-0.13831843","-0.12410409","0.05017542","-0.23160723","0.07521135","0.01309799","-0.23593457","-0.55118185","-0.8089728","-0.6414332","-1.0564028","-1.1497538","-0.21985488","2.2620928","2.7673287","-0.23241028","1.4870434","0.48674977","-0.49619237","-0.19941378","2.4289086","0.8784982","0.41978252","1.2083619","-1.654741","0.6697624","-1.0793276","-0.5865896","0.6582977","0.03509127","1.1624117","-1.608634","3.5708265","0.16952878","2.0943482","3.5059218","0.06419962","-2.348331","0.12776189","1.6599824","1.1944095","-0.31992894","-0.7582158","0.5926209","4.3522243","-3.512299","-2.6601005","-1.6306511","-2.101061","1.246884","0.48192692","0.24364968","2.88424","0.0012573756"
"Constipation Irritable bowel syndrome(IBS)","-0.8610144","-0.06204689","-0.022810645","0.0020611463","-0.0009565658","-0.00045902724","-0.018918822","-0.025630439","-0.0039312975","-0.018969087","-0.016530914","-0.035641547","-0.007943889","-0.0072050034","-0.013963499","-0.020377705","-0.010373334","-0.010835765","-0.016133092","-0.011339596","-0.011538723","-0.0045860168","-0.023036573","-0.014183245","-0.003153893","0.010902799","-0.006406742","-0.01712594","0.0009230043","-0.0017532083","-0.014034494","-0.0038970762","-0.009691642","0.00065829273","0.0020159772","-0.0066735","-0.0004295523","-0.0039763018","0.0055414047","0.0031142994","0.00020551936","-0.0045593185","0.00019011392","-0.0040777926","-0.0021466732","-0.0045848354","0.0016202849","-0.003749743","0.0003040471","-0.0030011972","0.00045753678","0.0034179133","-0.00023160408","-8.856923e-05","0.0009927604","-0.00262229","-0.0008311592","-0.0019204128","0.001693831","-0.0009724535","-0.0026840903","-0.0013402244","-0.0023038934","-0.000955738"
"Coronary Heart Disease","1.2815958","-0.1656001","0.006129556","-0.07025588","-0.011247033","-0.018388202","-0.11201071","-0.063686766","-0.0032183416","-0.09642161","-0.10138708","-0.06799172","-0.05786706","0.0037956228","-0.099565685","-0.13247414","0.023039883","-0.28153595","-0.019965187","-0.0010959903","0.58393055","0.5887827","2.569248","-1.0265363","-0.1914044","0.24247016","-1.0668528","1.6624871","0.05513488","-1.0403426","2.0835164","-0.605277","-1.4918389","0.59811276","1.6906457","1.4850718","1.7176567","0.5660851","0.20398444","0.19163236","-3.4086733","-2.742185","1.7965804","-2.0062735","-0.62921906","2.0547283","0.5092536","1.0277007","2.167879","-0.2743626","0.666013","-2.0441306","1.9937097","-3.2961996","0.73133683","0.8064663","-0.089120045","-0.7880828","-0.9508952","0.46056256","0.038802117","-1.1065912","2.4528887","0.9193817"
"Coronary artery disease","0.5709678","0.10974924","0.09216027","-0.10902191","-0.06936463","0.036775615","0.088173166","0.049642477","0.028714087","0.052011713","0.058027416","0.062073592","0.034141667","0.26539943","-0.024035677","0.17426446","0.46387064","-0.0636488","1.0171405","-1.4231199","3.0892262","-0.93845135","4.9852176","0.43254882","0.31747907","2.3499615","-5.53554","4.0568185","0.4012947","-5.5815024","0.05824154","-0.22151023","-2.797795","8.947514","4.0556693","3.0701141","-2.876059","2.9538717","-0.23083325","-0.95787233","3.781218","2.9845166","-0.25553048","-0.26378044","0.8752248","1.4843764","1.4310303","0.4273092","1.4764903","0.65845644","-1.7882308","0.045244303","-0.63047165","-0.2556313","-0.7775208","-0.12788983","0.55603826","-0.39653867","1.3213574","0.08395598","-1.8347741","-0.93652505","-1.8035725","0.823718"
"Covid-19","0.76887614","-0.28342277","-0.1205873","0.008547758","-0.00080619036","-0.031456232","-0.10226829","-0.18224896","-0.027416373","-0.07541189","-0.017044615","0.032909196","-0.1580398","-0.24541613","-0.058806773","-0.38632044","0.112453975","0.26423573","0.16454634","-0.5001787","0.27709666","0.5601409","-0.044453405","0.6728566","0.756791","-0.0849465","0.7231756","3.1376545","0.3564701","1.1484843","-0.5520567","-0.41479686","-0.36853406","-0.55119884","-0.37356937","1.9422803","-2.4920807","-0.3677576","1.3639638","2.994652","0.21519442","-1.2802088","-1.5821196","1.2691238","0.05400835","3.6388595","2.147267","5.2940807","-0.14650215","-1.0679213","-1.3272849","0.20110656","-2.8138041","-1.571045","-0.26880664","-0.41686422","0.73571104","-1.7755778","-2.1133523","-0.46510842","-0.3556203","0.09112611","0.3601711","-0.9896322"
"Coxiella burnetii vascular infection","-0.8610144","-0.06204689","-0.022810645","0.0020611463","-0.0009565658","-0.00045902724","-0.018918822","-0.025630439","-0.0039312975","-0.018969087","-0.016530914","-0.035641547","-0.007943889","-0.0072050034","-0.013963499","-0.020377705","-0.010373334","-0.010835765","-0.016133092","-0.011339596","-0.011538723","-0.0045860168","-0.023036573","-0.014183245","-0.003153893","0.010902799","-0.006406742","-0.01712594","0.0009230043","-0.0017532083","-0.014034494","-0.0038970762","-0.009691642","0.00065829273","0.0020159772","-0.0066735","-0.0004295523","-0.0039763018","0.0055414047","0.0031142994","0.00020551936","-0.0045593185","0.00019011392","-0.0040777926","-0.0021466732","-0.0045848354","0.0016202849","-0.003749743","0.0003040471","-0.0030011972","0.00045753678","0.0034179133","-0.00023160408","-8.856923e-05","0.0009927604","-0.00262229","-0.0008311592","-0.0019204128","0.001693831","-0.0009724535","-0.0026840903","-0.0013402244","-0.0023038934","-0.000955738"
"Crohn disease","-0.8610144","-0.06204689","-0.022810645","0.0020611463","-0.0009565658","-0.00045902724","-0.018918822","-0.025630439","-0.0039312975","-0.018969087","-0.016530914","-0.035641547","-0.007943889","-0.0072050034","-0.013963499","-0.020377705","-0.010373334","-0.010835765","-0.016133092","-0.011339596","-0.011538723","-0.0045860168","-0.023036573","-0.014183245","-0.003153893","0.010902799","-0.006406742","-0.01712594","0.0009230043","-0.0017532083","-0.014034494","-0.0038970762","-0.009691642","0.00065829273","0.0020159772","-0.0066735","-0.0004295523","-0.0039763018","0.0055414047","0.0031142994","0.00020551936","-0.0045593185","0.00019011392","-0.0040777926","-0.0021466732","-0.0045848354","0.0016202849","-0.003749743","0.0003040471","-0.0030011972","0.00045753678","0.0034179133","-0.00023160408","-8.856923e-05","0.0009927604","-0.00262229","-0.0008311592","-0.0019204128","0.001693831","-0.0009724535","-0.0026840903","-0.0013402244","-0.0023038934","-0.000955738"
"Crohn's Disease","-0.16191405","18.400091","-12.431719","1.5987744","-16.734259","0.06074107","-5.354291","-0.5189206","-0.112189606","-1.2313596","-0.37411466","-0.34004572","-0.29836085","-0.56736535","-0.8813863","-0.3595745","-0.037738115","-0.12075488","-0.19937763","-0.19133104","0.11359452","-0.17127648","-0.31746545","-0.15731941","0.8124468","0.09665646","0.025303274","0.13164139","0.14064555","-0.034331057","0.019614106","-0.012339169","0.17873572","0.05834965","-0.08475426","-0.116801046","-0.106218","0.09122423","-0.017048612","0.01799809","-0.029860955","0.0058618896","-0.042505007","-0.037292324","0.02410754","-0.030749122","0.04467109","-0.052584965","0.007766849","0.06121354","-0.001957532","0.030821426","-0.020175649","0.003993351","0.02247331","0.048231445","0.029568113","0.0076816133","0.0011160522","0.004896801","-0.03237176","0.006612182","0.0035052928","-0.00081879"
"Crohn's disease","-0.8610144","-0.06204689","-0.022810645","0.0020611463","-0.0009565658","-0.00045902724","-0.018918822","-0.025630439","-0.0039312975","-0.018969087","-0.016530914","-0.035641547","-0.007943889","-0.0072050034","-0.013963499","-0.020377705","-0.010373334","-0.010835765","-0.016133092","-0.011339596","-0.011538723","-0.0045860168","-0.023036573","-0.014183245","-0.003153893","0.010902799","-0.006406742","-0.01712594","0.0009230043","-0.0017532083","-0.014034494","-0.0038970762","-0.009691642","0.00065829273","0.0020159772","-0.0066735","-0.0004295523","-0.0039763018","0.0055414047","0.0031142994","0.00020551936","-0.0045593185","0.00019011392","-0.0040777926","-0.0021466732","-0.0045848354","0.0016202849","-0.003749743","0.0003040471","-0.0030011972","0.00045753678","0.0034179133","-0.00023160408","-8.856923e-05","0.0009927604","-0.00262229","-0.0008311592","-0.0019204128","0.001693831","-0.0009724535","-0.0026840903","-0.0013402244","-0.0023038934","-0.000955738"
"Crohn's disease(CD)","-0.8610144","-0.06204689","-0.022810645","0.0020611463","-0.0009565658","-0.00045902724","-0.018918822","-0.025630439","-0.0039312975","-0.018969087","-0.016530914","-0.035641547","-0.007943889","-0.0072050034","-0.013963499","-0.020377705","-0.010373334","-0.010835765","-0.016133092","-0.011339596","-0.011538723","-0.0045860168","-0.023036573","-0.014183245","-0.003153893","0.010902799","-0.006406742","-0.01712594","0.0009230043","-0.0017532083","-0.014034494","-0.0038970762","-0.009691642","0.00065829273","0.0020159772","-0.0066735","-0.0004295523","-0.0039763018","0.0055414047","0.0031142994","0.00020551936","-0.0045593185","0.00019011392","-0.0040777926","-0.0021466732","-0.0045848354","0.0016202849","-0.003749743","0.0003040471","-0.0030011972","0.00045753678","0.0034179133","-0.00023160408","-8.856923e-05","0.0009927604","-0.00262229","-0.0008311592","-0.0019204128","0.001693831","-0.0009724535","-0.0026840903","-0.0013402244","-0.0023038934","-0.000955738"
"Crohns disease","-0.8610144","-0.06204689","-0.022810645","0.0020611463","-0.0009565658","-0.00045902724","-0.018918822","-0.025630439","-0.0039312975","-0.018969087","-0.016530914","-0.035641547","-0.007943889","-0.0072050034","-0.013963499","-0.020377705","-0.010373334","-0.010835765","-0.016133092","-0.011339596","-0.011538723","-0.0045860168","-0.023036573","-0.014183245","-0.003153893","0.010902799","-0.006406742","-0.01712594","0.0009230043","-0.0017532083","-0.014034494","-0.0038970762","-0.009691642","0.00065829273","0.0020159772","-0.0066735","-0.0004295523","-0.0039763018","0.0055414047","0.0031142994","0.00020551936","-0.0045593185","0.00019011392","-0.0040777926","-0.0021466732","-0.0045848354","0.0016202849","-0.003749743","0.0003040471","-0.0030011972","0.00045753678","0.0034179133","-0.00023160408","-8.856923e-05","0.0009927604","-0.00262229","-0.0008311592","-0.0019204128","0.001693831","-0.0009724535","-0.0026840903","-0.0013402244","-0.0023038934","-0.000955738"
"Cutaneous burn","1.2795336","-0.19102299","-0.03978985","0.043079715","-0.028151033","-0.0022221338","-0.08261448","-0.041610304","-0.032753553","-0.13221768","-0.027985431","-0.03370064","0.004214551","-0.14601515","-0.006591479","0.0779132","-0.06470083","-0.3204118","-0.67998403","-0.0793472","-0.2794558","0.09192793","0.07627787","-0.9695818","-0.36684898","-0.78000426","-0.7449515","0.7777602","1.4367794","-0.034143195","-1.5520664","-0.16271195","0.6203109","0.86801213","-0.99034315","-1.6235458","0.9756522","0.38856757","-0.23871936","-0.305654","0.42263374","-1.7623256","-0.64326507","2.9415352","-0.42857918","1.7330315","0.5740941","-3.1987796","2.191195","1.3446789","-0.8611925","3.4709296","0.4994155","0.3899214","1.2931151","-1.8040923","2.6358137","-0.6460746","-2.7111318","2.0035357","-0.63436157","-0.29458648","-2.045514","0.054490864"
"Cystic Fibrosis","-0.032580826","1.3820652","0.55897796","-0.04969626","0.060010366","0.04901285","0.8346754","1.3091943","0.477647","4.5785704","27.819435","-1.4422227","-1.0699644","-0.5048245","-0.22015962","-1.4583226","-0.038303796","-0.23593658","-0.45835873","-0.2359648","-0.3324033","-0.54220396","-0.3879425","0.05919261","-0.07136262","0.050324198","0.1924092","0.31194916","-0.12352208","-0.13959987","0.09406382","-0.14102006","-0.054853637","-0.22817512","0.091471374","-0.15932144","-0.06795516","0.18375808","0.041665558","-0.0017752636","-0.118963756","-0.014150458","-0.13306794","-0.058886535","0.026470304","0.01774421","0.0028852257","0.028409582","-0.022856379","0.014508176","0.00927296","0.00054609374","-0.074353814","0.0084091285","0.08280732","-0.08477951","0.06381738","-0.00030716794","0.057280015","-0.017566122","0.019879343","0.005375799","-0.021620978","-0.016555283"
"Cystic echinococcosis","-0.8610144","-0.06204689","-0.022810645","0.0020611463","-0.0009565658","-0.00045902724","-0.018918822","-0.025630439","-0.0039312975","-0.018969087","-0.016530914","-0.035641547","-0.007943889","-0.0072050034","-0.013963499","-0.020377705","-0.010373334","-0.010835765","-0.016133092","-0.011339596","-0.011538723","-0.0045860168","-0.023036573","-0.014183245","-0.003153893","0.010902799","-0.006406742","-0.01712594","0.0009230043","-0.0017532083","-0.014034494","-0.0038970762","-0.009691642","0.00065829273","0.0020159772","-0.0066735","-0.0004295523","-0.0039763018","0.0055414047","0.0031142994","0.00020551936","-0.0045593185","0.00019011392","-0.0040777926","-0.0021466732","-0.0045848354","0.0016202849","-0.003749743","0.0003040471","-0.0030011972","0.00045753678","0.0034179133","-0.00023160408","-8.856923e-05","0.0009927604","-0.00262229","-0.0008311592","-0.0019204128","0.001693831","-0.0009724535","-0.0026840903","-0.0013402244","-0.0023038934","-0.000955738"
"Cystic fibrosis","-0.8610144","-0.06204689","-0.022810645","0.0020611463","-0.0009565658","-0.00045902724","-0.018918822","-0.025630439","-0.0039312975","-0.018969087","-0.016530914","-0.035641547","-0.007943889","-0.0072050034","-0.013963499","-0.020377705","-0.010373334","-0.010835765","-0.016133092","-0.011339596","-0.011538723","-0.0045860168","-0.023036573","-0.014183245","-0.003153893","0.010902799","-0.006406742","-0.01712594","0.0009230043","-0.0017532083","-0.014034494","-0.0038970762","-0.009691642","0.00065829273","0.0020159772","-0.0066735","-0.0004295523","-0.0039763018","0.0055414047","0.0031142994","0.00020551936","-0.0045593185","0.00019011392","-0.0040777926","-0.0021466732","-0.0045848354","0.0016202849","-0.003749743","0.0003040471","-0.0030011972","0.00045753678","0.0034179133","-0.00023160408","-8.856923e-05","0.0009927604","-0.00262229","-0.0008311592","-0.0019204128","0.001693831","-0.0009724535","-0.0026840903","-0.0013402244","-0.0023038934","-0.000955738"
"Cystic fibrosis exacerbation","1.3319539","-0.24136077","-0.049898796","0.030015321","-0.026749296","0.0030749317","-0.05116227","-0.038783178","-0.08125997","-0.05682911","0.23937526","-0.21891704","-0.04471143","-0.22582775","0.08599494","0.127503","-0.3298385","-0.2658895","-0.22044905","-0.4003145","0.54382414","-0.44127426","-0.99742573","1.111688","2.4874103","1.6865317","0.90735286","-1.3122414","1.1550835","1.6284086","0.682114","0.80789244","0.74304587","-0.2532033","-1.6334654","0.75954986","2.080611","-2.042121","1.967446","-0.33508202","1.3236963","1.1675571","0.2536836","0.20889384","-0.7872417","-0.8166172","1.8816998","1.6024739","1.9039851","1.3284149","-1.0018997","0.30466732","0.13849217","-0.64438176","0.68509084","0.753439","-0.8334195","-1.5838264","1.2714853","1.7216489","-0.9880175","-2.5327613","-0.55560696","-0.6433205"
"Cytolytic vaginosis","1.3523614","-0.17276569","-0.07471747","0.0058940114","0.03568846","0.013294567","-0.101876095","-0.13563278","0.020692756","-0.11020801","-0.13414423","-0.2223397","-0.0693715","-0.0016655602","-0.024522427","-0.2579586","0.040834814","-0.09523201","-0.43762726","-0.51082027","-0.8677564","0.2541479","-0.15272392","-0.22402911","0.515779","1.2048163","-0.4168541","-0.16593795","-1.0650905","-0.7723761","-0.36191642","-0.1903088","-2.8471186","0.7576884","-0.077644534","1.7129201","-3.526291","-0.90251","1.8071468","-0.37063867","-1.4723307","-1.0333582","-0.125224","1.9771595","-0.6590164","-0.8306609","-1.3884869","-0.41494223","-0.4880572","0.6691613","-0.7175612","-1.0795078","-1.1084272","0.609955","-0.7539321","-2.338843","1.7337892","-0.662066","-0.34640905","-0.18415545","0.86260056","-0.796241","2.3641908","-1.61539"
"Dandruff","0.988672","-0.38128138","-0.10209363","0.036808852","0.0003852006","-0.011995792","-0.09586537","-0.12393205","-0.09420914","-0.19029136","-0.113023356","-0.0553359","-0.06420893","-0.07484547","-0.22151853","-0.2616268","0.011858601","-0.35289016","-0.49625805","0.08663691","-0.93171865","-1.3252083","-0.8900854","-0.9363836","-0.048727773","1.6536888","-0.249246","-1.682633","0.117078386","-0.24315323","2.7107968","1.8717968","0.7162983","1.8825072","-0.54972357","-0.91047657","1.3107725","2.5594978","-1.6170297","0.35155562","-0.9588925","-0.15629376","2.0389316","0.005935239","-1.4206251","-0.2141806","-2.5556495","0.39661315","0.65496707","-0.17928347","0.39201057","-2.6520255","-1.5875359","1.5910444","-1.9432856","0.4474047","-0.5733231","0.5876144","1.0283225","-1.812858","-0.6237192","-1.0471075","0.40632322","-0.021578021"
"Denture Stomatitis","1.2918721","-0.1878093","-0.0063675162","-0.016615828","0.000750521","-0.004473553","-0.026947506","0.2959924","0.07169469","-0.15856688","-0.07903545","-0.1420558","-0.07320111","0.02248166","-0.17803474","0.10144692","0.2501387","0.23564458","-0.62239885","-0.28078845","0.56286657","-1.5063854","-1.360623","-2.0055223","1.8501275","-1.9786884","0.8892137","-0.7085694","-0.57323754","0.07383396","0.40411434","0.41156664","-0.31104773","0.16102335","2.684431","-0.062066574","2.0506632","1.3934215","-0.04075464","0.94646055","-0.685057","-0.29393432","-1.7577649","3.6573997","0.03525036","2.0474567","0.63706166","-0.5696677","2.4006464","-0.408718","4.072536","-0.19911322","0.4801076","1.7893078","-0.3695206","-1.890322","-0.41376728","-0.31978175","-2.8601115","-4.023466","-1.6482515","-0.06590102","0.3959024","-0.5934088"
"Depression","-0.8610144","-0.06204689","-0.022810645","0.0020611463","-0.0009565658","-0.00045902724","-0.018918822","-0.025630439","-0.0039312975","-0.018969087","-0.016530914","-0.035641547","-0.007943889","-0.0072050034","-0.013963499","-0.020377705","-0.010373334","-0.010835765","-0.016133092","-0.011339596","-0.011538723","-0.0045860168","-0.023036573","-0.014183245","-0.003153893","0.010902799","-0.006406742","-0.01712594","0.0009230043","-0.0017532083","-0.014034494","-0.0038970762","-0.009691642","0.00065829273","0.0020159772","-0.0066735","-0.0004295523","-0.0039763018","0.0055414047","0.0031142994","0.00020551936","-0.0045593185","0.00019011392","-0.0040777926","-0.0021466732","-0.0045848354","0.0016202849","-0.003749743","0.0003040471","-0.0030011972","0.00045753678","0.0034179133","-0.00023160408","-8.856923e-05","0.0009927604","-0.00262229","-0.0008311592","-0.0019204128","0.001693831","-0.0009724535","-0.0026840903","-0.0013402244","-0.0023038934","-0.000955738"
"Diabetes mellitus type 2","-0.8610144","-0.06204689","-0.022810645","0.0020611463","-0.0009565658","-0.00045902724","-0.018918822","-0.025630439","-0.0039312975","-0.018969087","-0.016530914","-0.035641547","-0.007943889","-0.0072050034","-0.013963499","-0.020377705","-0.010373334","-0.010835765","-0.016133092","-0.011339596","-0.011538723","-0.0045860168","-0.023036573","-0.014183245","-0.003153893","0.010902799","-0.006406742","-0.01712594","0.0009230043","-0.0017532083","-0.014034494","-0.0038970762","-0.009691642","0.00065829273","0.0020159772","-0.0066735","-0.0004295523","-0.0039763018","0.0055414047","0.0031142994","0.00020551936","-0.0045593185","0.00019011392","-0.0040777926","-0.0021466732","-0.0045848354","0.0016202849","-0.003749743","0.0003040471","-0.0030011972","0.00045753678","0.0034179133","-0.00023160408","-8.856923e-05","0.0009927604","-0.00262229","-0.0008311592","-0.0019204128","0.001693831","-0.0009724535","-0.0026840903","-0.0013402244","-0.0023038934","-0.000955738"
"Diabetic nephropathy","1.3361793","-0.19251612","0.06665191","-0.11030564","-0.055761524","0.06752322","-0.10784212","-0.06645638","-0.025180085","-0.1344971","-0.058022268","-0.18958297","0.003164775","-0.08148757","0.035157796","0.09855422","-0.1359696","0.05917265","0.11323572","-0.7828614","0.5681128","0.12570429","-0.37598363","-1.706379","0.13124317","2.463586","0.073513076","0.5832633","1.9960192","0.11218449","-0.0754918","1.138562","-1.1487851","-0.4854771","1.1022493","1.4062876","-1.6148889","-0.39769998","0.13600972","1.7305226","-0.75315124","-1.784756","-1.7623641","2.1344602","0.22842251","1.56558","-0.5690313","2.3177335","0.18931572","-0.70138866","0.3095104","-2.3619304","2.213844","-2.557272","-0.8142743","-0.36406988","1.8069752","-0.14222056","-1.5985438","-0.30611515","-2.242144","0.07402376","-0.61191255","1.031169"
"Diaper dermatitis","1.2945751","-0.19511588","-0.07072093","-0.00022337204","0.0121207535","-0.00834878","-0.09861191","-0.08615875","-0.05890049","-0.059682354","0.024634186","-0.037552506","0.06866273","-0.010843359","0.041548286","-0.12134143","0.1568313","-0.19634242","-0.10776098","-0.16563174","-1.5443468","1.1924012","-0.48380274","-0.7241416","-1.2123079","-0.314331","-0.041336417","-1.0178908","-0.2212906","-2.451719","1.5371643","-0.7915271","0.23179999","0.9690255","1.9428046","-1.3048735","-0.98102784","2.033232","-1.133505","1.7053607","-0.25088158","1.668158","-1.4137052","1.4273256","-2.6029148","0.4328649","0.3889922","0.7143425","2.1867912","-0.49234095","3.6369922","0.1411921","-0.50346875","-2.188199","1.8773955","2.6077962","-1.7631054","1.9188021","0.5612938","-3.1453955","-1.5283626","-2.091681","1.6763155","-1.7541822"
"Diarrhea","1.0988635","-0.39672327","-0.10130923","-0.035114378","0.0072109145","-0.11404661","-0.12702134","-0.15448391","0.0010616789","-0.19099991","-0.098770425","-0.2635502","-0.024370106","-0.35777885","0.022397947","-0.43573788","-0.3600364","-0.21844904","-0.6341519","-0.5252133","-0.6688238","-1.400464","-0.75665873","0.9540196","1.4143336","-0.24127857","-0.87443537","1.8058153","-0.40765083","-0.94328165","2.1366317","-1.321878","2.2504194","1.3749137","-1.1408123","-0.9611345","-1.8005012","1.6936115","2.0802524","-2.9210649","-0.71784127","-0.7981054","0.07267865","0.5155444","2.5656648","-1.1346254","0.95223296","0.7834563","-0.050961435","3.3211882","-1.1111647","1.8960273","0.34715766","0.3639687","0.502931","-2.0404599","-1.7979457","-3.0875957","-3.4969583","-2.1189566","2.737442","-0.9148078","-1.2076886","-2.1783788"
"Diarrhea Irritable bowel syndrome(IBS)","-0.8610144","-0.06204689","-0.022810645","0.0020611463","-0.0009565658","-0.00045902724","-0.018918822","-0.025630439","-0.0039312975","-0.018969087","-0.016530914","-0.035641547","-0.007943889","-0.0072050034","-0.013963499","-0.020377705","-0.010373334","-0.010835765","-0.016133092","-0.011339596","-0.011538723","-0.0045860168","-0.023036573","-0.014183245","-0.003153893","0.010902799","-0.006406742","-0.01712594","0.0009230043","-0.0017532083","-0.014034494","-0.0038970762","-0.009691642","0.00065829273","0.0020159772","-0.0066735","-0.0004295523","-0.0039763018","0.0055414047","0.0031142994","0.00020551936","-0.0045593185","0.00019011392","-0.0040777926","-0.0021466732","-0.0045848354","0.0016202849","-0.003749743","0.0003040471","-0.0030011972","0.00045753678","0.0034179133","-0.00023160408","-8.856923e-05","0.0009927604","-0.00262229","-0.0008311592","-0.0019204128","0.001693831","-0.0009724535","-0.0026840903","-0.0013402244","-0.0023038934","-0.000955738"
"Disease-free ","1.016561","-0.35365304","-0.11817997","0.023144457","0.0062665995","-0.025163414","-0.10922155","-0.21965826","-0.08040159","-0.14675215","-0.091258734","-0.2653071","-0.08180677","-0.64586836","-0.40187588","-0.3729792","-0.26006877","-0.3131298","-1.4166682","0.54139906","-0.3659131","-0.6627852","-0.03979684","-0.50316226","1.2810274","-1.1278943","-1.3050231","3.6003444","-0.28734702","-0.79465306","-1.3203404","1.1579499","0.74603033","0.1922245","-2.1933963","1.2842493","-3.6747134","0.65228367","0.8477072","-0.019493965","-0.16220869","1.0030077","0.86914325","2.0224433","0.9244959","-2.5102146","3.3667707","3.0529623","3.7336648","-1.8442107","-2.3231","-1.6782446","1.9302069","-0.6917481","-0.3175214","-2.2558796","2.1311243","0.069129825","-3.0959957","-0.6233206","-0.080296844","-0.5832933","-0.92040414","-2.2181058"
"Diverticular disease","1.0543495","-0.19606611","-0.22560467","0.008927668","-0.020127878","0.0034365822","-0.06002097","-0.22416592","-0.11815794","-0.19391024","-0.18920216","-0.2189012","-0.033660546","-0.12499194","0.19084617","-0.3227321","-0.028976735","-0.51639634","0.0017299891","-0.6860215","-1.4589485","-0.74217445","-0.62651914","0.97972584","-2.0972075","-0.9306448","0.724602","3.305471","-0.3835348","-1.5642129","-0.33666506","0.46059042","1.0114084","-1.4103297","-0.88962984","0.3331859","-0.34646842","0.97528064","-0.7163124","1.1478962","2.399953","-0.65783316","1.3007035","2.2029872","-2.1696486","2.2261574","-0.90204006","-1.3450449","0.30595803","-1.4836752","0.4409354","-1.5758523","0.82995886","-0.9952674","0.104789205","-1.3354268","-1.307959","-3.734453","0.30884337","-0.85617876","5.743962","-0.8274041","-0.6928953","0.61983883"
"Down syndrome","1.3314903","-0.0401038","-0.1559298","0.026048388","0.04713818","0.0015146332","0.030525973","-0.08621801","-0.034978162","0.0083344495","-0.09776051","-0.13400662","-0.055928454","0.07095199","-0.015848447","-0.22178537","-0.11432141","-0.30194312","0.20422632","0.1487633","-0.70761615","-0.58685106","0.05173978","1.5987054","-2.9849324","0.6192395","0.89064914","0.71680236","0.87459236","0.29144043","1.9075958","-1.3630353","-0.16104709","-1.3141276","2.079094","-1.4321948","0.88864225","-2.7251585","-0.103928775","-0.4082589","-2.2260444","1.4199433","2.7753494","-1.7722603","-1.4095294","1.6221759","3.409316","-1.2728596","0.18521878","1.0796881","0.35501","2.421456","-0.9982288","-0.22481924","-1.4701077","0.79567164","0.048767194","-1.1910554","0.03531906","-0.8744953","-1.4022554","0.51576453","1.7820406","2.8130736"
"Drug-resistant Epilepsy","1.0571562","-0.3490454","-0.045809843","0.17539264","-0.0021491176","-0.011312071","-0.117013484","-0.14202005","-0.041268997","-0.20511916","-0.13720849","-0.14685419","-0.08498692","-0.18698278","0.02948719","0.06957436","-0.26009354","0.0028668311","-0.47960824","-0.50250643","-1.7400194","-1.0310633","-1.9286159","0.6557537","0.26050425","-2.0284755","1.1240616","1.1792816","0.6348378","-0.1911919","-0.8933702","0.13692343","0.38230973","1.9201373","-2.090609","-1.6297824","-0.9322614","1.55499","0.9240998","-0.5616692","1.1901505","0.24429254","1.5159854","1.1371142","-1.8144413","-0.15755951","1.3245311","0.71810436","-0.19131969","-1.1766216","-1.4622599","1.4722129","-1.0168946","0.6141575","-2.2848651","-0.56166005","-2.5517719","3.0356557","0.27745497","-0.109656","-0.23682624","4.168624","3.688141","0.74409103"
"Dry eye syndrome","1.2929962","-0.15296887","-0.11951696","0.042974465","0.020501947","-0.007001658","-0.061213356","-0.01091586","-0.11351568","-0.026056718","-0.12513292","-0.09626803","0.012880058","0.10744879","0.1697942","-0.15552825","-0.066961624","0.13855977","-0.20774962","-0.049671642","0.32465893","-0.9591916","0.045155503","0.69687593","0.28965962","0.44544283","0.72568136","-1.5000713","-2.1915803","2.6123774","-3.193923","-0.39086872","-1.9288795","-2.3173568","-1.821933","-0.2402605","-0.35970733","-0.3778844","2.325391","2.2502508","1.526212","0.7526755","0.5218797","-0.13620824","-2.2007535","2.7321603","0.14229916","0.41804993","-0.36189896","-3.357118","-1.007804","4.6995687","0.46240655","1.7418853","-0.7037371","-1.1759276","-1.4449006","-1.160099","-0.10780634","3.2787855","-2.1724072","2.4848716","-0.58507246","1.039263"
"E-smoking","1.2954109","-0.19684854","0.0033789733","0.058272913","-0.029401552","-0.020291496","-0.06702837","-0.07428969","-0.036470976","-0.100581","0.009757682","-0.049660906","-0.11634244","-0.2033876","-0.030942578","-0.1468599","0.07991035","0.10672746","-0.14731276","0.23990574","0.3440554","0.11017374","-0.8290391","0.7455721","1.6996784","0.19362365","0.7610122","0.48255712","0.12251282","-0.100255966","-2.1478965","-0.15623607","-0.29978362","-1.10013","0.16586423","-1.0093498","1.5773082","0.6343826","0.3260734","-1.3658143","-0.07866352","-1.5847133","1.2096591","-3.2356882","0.16301353","-1.118038","0.1490579","1.2634742","-1.4974949","0.010684494","1.0018619","1.3797059","2.119325","0.5818195","-1.2671585","-1.4763706","1.0744835","-0.762996","1.8086346","-3.4437296","2.302216","-1.0818185","-0.91837007","-1.1429232"
"Edentulism","1.0044857","-0.09374158","0.009916617","0.0014439143","0.021670414","-0.0021603047","-0.0054772245","0.36181694","-0.00272442","-0.16406","-0.00041395787","-0.12043908","0.018605007","-0.3188506","-0.06350693","0.09741075","-0.21020672","0.036092885","-0.9549197","0.03998318","1.445217","-0.90148133","-0.032658927","-0.2970421","1.0386417","1.5780902","1.0248194","-2.2895641","0.34723338","0.8891372","0.06403202","-2.534539","0.6757649","-1.2372209","1.7587978","0.9661123","-0.5703452","2.4590008","-1.3110245","-1.30097","7.841487","0.15802884","-2.2013986","0.86825496","0.25992817","3.52485","0.96780586","0.2723567","-2.929826","0.42337647","2.1813467","-0.1314827","1.0459926","-0.47974458","0.8865637","3.5272377","-0.9482949","1.822577","-0.18816821","-1.2894038","0.89064723","-1.4630053","3.0741138","-1.3478125"
"Endometrial cancer","1.3152539","-0.15287867","0.070536524","-0.115825675","-0.011660615","-0.018081862","-0.11122572","-0.050827954","0.012484982","-0.153245","-0.22737794","-0.20261337","-0.0085274745","0.1753699","-0.18727183","-0.0018605934","0.19999143","-0.09161898","-0.0021971632","-0.4267121","-0.2022407","-0.9175664","0.018550737","-1.5326866","-0.5228865","0.22149636","-1.6269387","-1.0261955","0.09947404","0.2575003","0.65348744","-0.1761978","-1.7560197","-0.93458486","1.1792772","0.9714991","0.5546181","0.48822373","0.2840255","-1.4719235","1.6208471","-0.7444507","0.60822576","0.045503754","1.2780125","1.6125592","1.6277971","1.3171676","-0.5984105","2.0821915","1.7045308","0.9890861","1.2327731","-3.321244","1.7795949","-0.13486218","-0.12821876","0.9262363","-1.0757618","-3.7622166","-1.1687778","-1.3829236","0.6712103","-1.8676893"
"Endometriosis","1.1341298","-0.13366105","-0.048153806","-0.0011539524","-0.02036947","-0.00339878","-0.063887484","-0.106494315","0.0016768251","-0.11876389","-0.062886104","-0.15078226","0.029939855","0.08221158","-0.025716856","-0.18048976","0.016473915","-0.1833168","0.13201076","-0.14767341","0.68051624","-0.54293513","2.0931876","-1.8983098","1.096206","0.8899603","-1.1381714","0.94466454","-0.9914268","1.5336963","0.7859023","1.7567548","-1.6760521","0.8369785","3.4358563","-0.3033607","-1.5514401","-0.94005","-1.1598091","-0.17546728","-3.2047575","-2.8771348","-0.066035554","1.7816967","-0.7083383","-1.8116153","2.2093618","0.06713763","-1.3188742","-0.36755368","-2.5002856","2.4130137","0.1447122","0.9177724","3.8894339","2.0311334","0.31771448","-0.09603521","0.281629","0.08342641","-0.0155085595","0.66215163","1.3863533","-0.61066633"
"Enthesitis related Arthritis","1.1322416","-0.4095917","-0.12802868","0.040994186","-0.0030700576","0.02661306","-0.13069072","-0.205115","-0.07190009","-0.09751578","-0.09934653","-0.22361395","-0.19922774","-0.49020046","-0.08763766","-0.4139062","-0.06455878","0.1643536","0.043240402","-0.23391053","0.03134747","-1.1345475","-0.9932041","0.97475135","0.6749428","0.8141813","0.63993686","1.2975652","0.9917075","-0.81659806","1.0326457","1.6860129","0.19365537","-1.4999905","1.5227029","0.3067425","-0.95270437","-0.26739758","-2.5849817","0.06741794","2.3498142","0.23979333","-1.1200829","-1.5226856","0.11900468","3.706769","1.9912287","-1.3299763","0.05004933","-1.7753519","0.10845765","1.2968581","0.6221781","-0.7624711","1.4253218","0.9849344","0.56455356","-2.0058548","-2.022443","1.5395172","-0.7900792","-0.8485486","0.26592612","-2.4117675"
"Enthesitis-related arthritis ","-0.8610144","-0.06204689","-0.022810645","0.0020611463","-0.0009565658","-0.00045902724","-0.018918822","-0.025630439","-0.0039312975","-0.018969087","-0.016530914","-0.035641547","-0.007943889","-0.0072050034","-0.013963499","-0.020377705","-0.010373334","-0.010835765","-0.016133092","-0.011339596","-0.011538723","-0.0045860168","-0.023036573","-0.014183245","-0.003153893","0.010902799","-0.006406742","-0.01712594","0.0009230043","-0.0017532083","-0.014034494","-0.0038970762","-0.009691642","0.00065829273","0.0020159772","-0.0066735","-0.0004295523","-0.0039763018","0.0055414047","0.0031142994","0.00020551936","-0.0045593185","0.00019011392","-0.0040777926","-0.0021466732","-0.0045848354","0.0016202849","-0.003749743","0.0003040471","-0.0030011972","0.00045753678","0.0034179133","-0.00023160408","-8.856923e-05","0.0009927604","-0.00262229","-0.0008311592","-0.0019204128","0.001693831","-0.0009724535","-0.0026840903","-0.0013402244","-0.0023038934","-0.000955738"
"Eosinophilic esophagitis","1.2101859","-0.04588997","-0.13979799","0.025416499","-0.011929695","-0.017850537","0.025150321","-0.10014649","0.055478025","-0.049462494","-0.06303242","-0.12330052","-0.034599733","0.04839764","-0.022652203","0.18841863","0.12542549","-0.2073596","-0.2683983","-0.17097351","0.15319385","1.4558772","0.03929634","0.53672016","0.677738","-0.20040073","-0.6349196","-1.6147531","0.68366784","-0.48468098","-0.27896565","-0.2255516","-1.1240169","2.726403","-2.3117268","-0.5867094","0.23343955","-1.1405345","-2.229436","2.9059725","-0.15874857","1.9044102","-1.5819877","-0.3931442","0.82037115","-1.2923981","-0.78698736","0.14381897","0.10057499","-0.93681276","0.57245487","1.2495724","-0.40922135","2.0653162","-1.5659461","-1.1727543","-1.7685158","-0.061564226","0.49019116","0.030404544","-0.35916594","-0.86727667","1.2470425","1.4385817"
"Esophageal cancer","1.3024335","-0.045016572","-0.16904776","0.008016307","0.06280044","-0.015688958","-0.035410505","-0.13006969","0.022802787","-0.051165897","-0.077928245","-0.013975907","-0.01721175","0.13593793","0.12804024","-0.15101005","0.01611668","0.07910216","0.042580612","0.25671184","-1.3464112","-0.36209777","-0.42385033","0.5047568","-2.494987","-0.3706311","1.2636517","0.16682702","-0.58634996","0.95015067","-0.70786536","0.9910026","1.519257","-0.35286626","0.28497767","1.340633","-0.17840423","1.0361807","0.5194872","0.3512359","-1.60189","-0.41038504","1.3646687","0.89511395","1.8377031","-1.6064664","2.746557","-0.45335713","2.5474055","-1.5148076","0.48701584","0.09169562","0.7594057","-0.31154773","0.3533697","-1.3086416","-1.1363254","2.6977828","-1.5540813","0.29369685","-1.3055528","0.58931893","-0.516421","-0.059410527"
"Exacerbations of idiopathic pulmonary fibrosis","1.3288307","-0.2155282","-0.07651979","-0.012374896","-0.007971474","-0.0151891215","-0.09052549","-0.09187139","0.0051304996","-0.110315375","0.1443463","-0.13721184","-0.0055954605","0.07684992","0.055629056","0.3029813","-0.35511297","-0.21169566","-0.1449512","-0.7002615","0.38127336","1.4107769","-0.024945207","-0.012485674","1.3157412","-0.13409573","-0.6657371","-1.3501034","2.6764395","0.6200285","0.9650947","2.0905848","1.4024068","1.7578208","-3.196566","0.94755536","-0.19405411","0.056023274","-0.72747165","1.8370162","-1.1471322","-0.1643108","0.09475562","1.578604","-0.7837223","-1.7273438","0.2001324","1.5957263","0.11105679","-0.14969209","-1.5338074","0.58704793","1.084471","-0.68735117","0.660911","-1.2658386","0.7503679","0.77176404","0.4467769","-1.3261405","4.2322187","-0.8196772","-0.4086795","-0.05389912"
"Excessive vomiting","1.2436448","-0.14457858","-0.004920767","-0.033746198","-0.014252477","-0.11111547","-0.05196977","-0.10639308","-0.00755833","-0.08978265","-0.075030245","0.015566921","0.032379977","0.12987162","0.04308322","-0.30591747","-0.09093611","0.11857037","-0.46126938","-0.15912838","-0.15207586","0.9101153","0.07239273","-0.0769887","0.745071","0.26765776","-0.059864223","1.1439785","-0.9710834","-0.59899473","2.2561452","-0.8984696","-0.48795497","-1.0935012","0.043274652","-3.304396","-2.8844948","1.2504693","0.75682795","1.0907778","-1.5496064","-2.0052547","0.7046484","-1.2590666","0.9009536","0.70639676","-0.10014575","-0.9695703","-1.8400189","-1.2754945","0.5220813","1.6864436","1.6443456","1.2028786","-0.7154469","-0.12613349","-1.1292193","1.5425398","3.8748536","-0.71336704","-3.2793932","-1.6647736","-1.238662","-0.1489071"
"Experimental Autoimmune Arthritis","-0.8610144","-0.06204689","-0.022810645","0.0020611463","-0.0009565658","-0.00045902724","-0.018918822","-0.025630439","-0.0039312975","-0.018969087","-0.016530914","-0.035641547","-0.007943889","-0.0072050034","-0.013963499","-0.020377705","-0.010373334","-0.010835765","-0.016133092","-0.011339596","-0.011538723","-0.0045860168","-0.023036573","-0.014183245","-0.003153893","0.010902799","-0.006406742","-0.01712594","0.0009230043","-0.0017532083","-0.014034494","-0.0038970762","-0.009691642","0.00065829273","0.0020159772","-0.0066735","-0.0004295523","-0.0039763018","0.0055414047","0.0031142994","0.00020551936","-0.0045593185","0.00019011392","-0.0040777926","-0.0021466732","-0.0045848354","0.0016202849","-0.003749743","0.0003040471","-0.0030011972","0.00045753678","0.0034179133","-0.00023160408","-8.856923e-05","0.0009927604","-0.00262229","-0.0008311592","-0.0019204128","0.001693831","-0.0009724535","-0.0026840903","-0.0013402244","-0.0023038934","-0.000955738"
"Experimental Autoimmune Encephalomyelitis","-0.8610144","-0.06204689","-0.022810645","0.0020611463","-0.0009565658","-0.00045902724","-0.018918822","-0.025630439","-0.0039312975","-0.018969087","-0.016530914","-0.035641547","-0.007943889","-0.0072050034","-0.013963499","-0.020377705","-0.010373334","-0.010835765","-0.016133092","-0.011339596","-0.011538723","-0.0045860168","-0.023036573","-0.014183245","-0.003153893","0.010902799","-0.006406742","-0.01712594","0.0009230043","-0.0017532083","-0.014034494","-0.0038970762","-0.009691642","0.00065829273","0.0020159772","-0.0066735","-0.0004295523","-0.0039763018","0.0055414047","0.0031142994","0.00020551936","-0.0045593185","0.00019011392","-0.0040777926","-0.0021466732","-0.0045848354","0.0016202849","-0.003749743","0.0003040471","-0.0030011972","0.00045753678","0.0034179133","-0.00023160408","-8.856923e-05","0.0009927604","-0.00262229","-0.0008311592","-0.0019204128","0.001693831","-0.0009724535","-0.0026840903","-0.0013402244","-0.0023038934","-0.000955738"
"Extrinsic black stain","1.2914629","-0.14084813","-0.0922856","0.039122947","0.008831699","0.0048614","-0.045153715","-0.0587491","0.015329505","-0.023123423","-0.037225693","-0.13341878","-0.084806904","0.121841565","-0.026523609","-0.19948022","-0.3222113","-0.1641245","0.08031391","-0.2616364","0.19451755","-0.75657666","0.8338637","1.8080906","1.0382271","0.13190417","-0.398536","0.07637946","0.9872547","1.0053767","-1.530792","0.31128865","0.1706538","0.20546831","-1.0426102","2.1069345","0.78692156","-0.10353992","-2.126946","0.4138404","-2.513658","-0.8134184","-1.8499494","-0.6706474","-0.62254804","0.65833396","0.03750858","0.23287861","-0.15955828","-0.54322046","-3.0104444","-1.5344995","2.985974","-1.146128","-2.4360907","2.8402843","-0.5103148","-0.7839288","0.8287996","-4.616905","-0.45405316","1.1788421","0.52952254","-3.886683"
"Familial Mediterranean fever","1.3483346","-0.055452414","-0.12479337","0.030650344","0.04524287","0.0016239933","0.027949778","-0.10716571","-0.05877075","0.06698606","-0.025511833","-0.17241207","-0.15750916","-0.027881984","0.2796316","-0.004370083","-0.38974828","-0.10105858","-0.82647514","0.42415506","-0.8060332","0.36878946","-1.7692375","1.0367116","-0.9420583","0.7615774","-1.3838385","-1.0121801","-1.4565933","0.70179117","0.85043573","-1.4204009","1.7113247","0.4511378","1.6266266","0.45885816","0.09601596","-0.047294512","-1.191476","-2.0787833","0.5156129","-2.254775","-0.69831234","-1.1894342","-0.7599454","1.5212787","1.8506206","0.9661063","4.1661325","1.779564","0.6355956","-0.5609564","1.3370382","0.12380966","-1.912356","1.812191","-1.5452677","-0.11979592","0.8304477","1.6264918","-0.3568378","-1.4597827","-1.1855422","0.31166574"
"Familial adenomatous polyposis","1.3518593","0.024319787","-0.20693853","0.025352724","0.10837739","-0.0013924498","0.041411046","-0.17551643","-0.024808615","-0.081251055","-0.040165342","-0.070884764","-0.054198567","0.40124","0.16146082","-0.38147995","-0.06766375","-0.29578122","-0.53716916","-0.55703545","0.15109606","-0.2075484","-0.5500066","0.3535366","-2.6515033","-0.9785517","0.859984","-0.47914103","-0.050072752","-1.2072271","-0.9557113","-0.8553935","-0.2734226","-0.38909075","-0.97898597","1.9190402","-0.13422325","1.0246272","0.7105883","1.5956769","1.2969059","-0.25974953","0.9725927","-1.7769349","-0.59561324","-2.8044305","-1.0977465","-2.4002209","0.41302073","-1.6015735","-0.3348114","2.3287134","-0.6417436","-0.71044165","-1.783339","0.95507276","4.0484443","-0.4797376","1.5414854","0.06959534","0.28682005","-2.1924477","-0.25193503","-0.94816786"
"Fatigue","1.1072059","-0.3749291","-0.054238003","-0.057954624","-0.031964276","-0.10284804","-0.11293438","-0.2549216","-0.08312641","-0.23886444","-0.19139178","-0.27952084","-0.16021796","-0.51990944","-0.29261392","-0.21379434","0.077534236","-0.32786646","-0.5240823","-1.0563655","0.4467852","-0.04276997","0.118886806","0.5852037","0.93257475","0.22622553","1.340787","2.2714977","-0.1973018","-2.6659565","1.3767171","-2.108176","2.6375399","-1.0615793","0.82244295","-0.6432822","-1.3163213","0.9539538","-0.13344331","-2.0595381","-1.0909057","0.16476712","-2.4063497","2.2869477","0.11935048","0.020507086","2.146332","0.5537794","0.12227863","-1.4642831","0.31807014","2.639333","-0.9476681","-0.07622392","-0.9773701","-0.20646125","-0.7587265","0.104258515","-0.6950576","0.8540649","-1.566967","1.22845","2.570594","-1.1476072"
"Fibromyalgia","1.142845","-0.13641436","0.019467408","0.03557039","-0.029406888","0.015718454","-0.028346084","-0.041288976","0.011793577","-0.002789969","-0.13843799","-0.2367807","0.31798795","-0.2571562","-0.03870696","0.11642516","0.22452526","-0.25981826","0.05613027","-0.34271932","1.0037555","0.7952676","2.1533458","-0.7552242","-1.0846369","-1.1986569","-0.51925915","-0.8391136","0.93690234","1.6666292","-0.48814997","-0.03709115","-0.17273507","-0.6285308","-0.69486237","-0.0037509408","-1.6099838","0.8181772","-0.8567327","0.5165148","-0.6165034","1.0263456","0.6980526","-2.6457176","-1.5035597","4.1678414","-0.80707026","-2.2341726","1.2784591","1.7623988","-1.1948258","-0.38138387","-1.550973","-0.920466","1.2523327","-1.0989919","4.1064463","-0.36469203","1.0641109","2.8648882","2.7444892","0.87409896","1.5920786","-1.4080116"
"Folliculitis decalvans","1.374564","-0.1973196","0.0014806103","-0.02432372","0.009565422","-0.008237279","-0.051962048","-0.035708446","0.016156098","-0.15205677","-0.05372819","-0.13103586","-0.1254779","0.10044302","0.0374522","-0.092269994","0.015423846","0.084680155","-0.5266646","-0.42741093","-0.031158188","0.43226588","0.28172636","-0.16654572","-0.13331653","0.23022343","-0.47368732","1.5210984","0.47788823","-1.6159279","-0.12769575","-1.3790686","0.89653885","-0.07479331","1.4746742","1.8412806","0.3538051","0.88222545","2.6584888","-1.0932505","0.88107884","-0.54424375","0.109436765","1.6207929","-0.53921837","-1.4997938","0.70389026","-0.21965717","2.0278141","-1.9027847","1.2652826","0.18876189","0.20489746","-0.34299588","0.49315965","1.5046091","-2.92295","1.4837794","-0.42947406","2.3629515","2.367123","0.71565527","2.6885562","2.8135095"
"Frailty","1.0998513","-0.40434983","-0.12936847","0.018469391","-0.017470662","-0.037494775","-0.15037344","-0.16525342","-0.010295574","-0.10905813","-0.16481304","-0.22011696","0.061742198","-0.33873418","-0.0010001343","-0.15390663","-0.269465","-0.30104023","0.028975938","-1.1217105","0.75696355","-0.6318082","0.95754564","0.7894136","0.69886965","-1.4985396","-0.40413958","0.62917113","-1.3304785","-0.2279774","0.73624045","0.07506305","1.7294444","-1.9508691","-0.40635386","1.1770681","0.5764939","2.3783174","0.5718028","-1.4733483","-0.73293567","1.402008","-0.9852059","0.52432704","-0.018314365","1.4896426","1.2433134","-0.6062166","0.042004615","0.25620887","3.5389543","-1.8848623","0.32063755","-0.5102106","2.90303","1.9174126","1.0718821","2.2370107","2.4892042","0.72064775","-0.33525115","-2.7191875","0.33304253","-1.522574"
"Functional dyspepsia","1.1037716","-0.3678202","-0.089565836","-0.047176216","0.0063856132","-0.088411584","-0.11668909","-0.16426472","-0.013014072","-0.26683742","-0.20723817","-0.08628571","-0.09202314","-0.09583309","-0.11936647","-0.2647916","-0.2965648","0.01752278","-0.48725423","-2.0936444","0.31514776","-0.5194556","-0.7201587","2.329905","0.36245137","-0.05863322","-0.05001471","1.9034","0.708776","-0.8724968","-0.22984643","0.32214662","-1.1363275","0.035675194","0.38585994","0.6505072","-1.7409445","0.74743116","2.0468442","-1.3962622","-0.82539594","0.9698845","0.24574316","1.1439881","1.9057949","-0.42456153","0.24865057","0.2418704","1.1771725","0.3721646","1.1104208","-1.2966615","-0.6236608","1.0489886","-1.4245245","-0.82546073","1.8616164","-0.7736698","0.47827274","-1.0705355","1.3610681","1.3203514","-0.5315825","2.1847508"
"GIT neoplasms","-0.8610144","-0.06204689","-0.022810645","0.0020611463","-0.0009565658","-0.00045902724","-0.018918822","-0.025630439","-0.0039312975","-0.018969087","-0.016530914","-0.035641547","-0.007943889","-0.0072050034","-0.013963499","-0.020377705","-0.010373334","-0.010835765","-0.016133092","-0.011339596","-0.011538723","-0.0045860168","-0.023036573","-0.014183245","-0.003153893","0.010902799","-0.006406742","-0.01712594","0.0009230043","-0.0017532083","-0.014034494","-0.0038970762","-0.009691642","0.00065829273","0.0020159772","-0.0066735","-0.0004295523","-0.0039763018","0.0055414047","0.0031142994","0.00020551936","-0.0045593185","0.00019011392","-0.0040777926","-0.0021466732","-0.0045848354","0.0016202849","-0.003749743","0.0003040471","-0.0030011972","0.00045753678","0.0034179133","-0.00023160408","-8.856923e-05","0.0009927604","-0.00262229","-0.0008311592","-0.0019204128","0.001693831","-0.0009724535","-0.0026840903","-0.0013402244","-0.0023038934","-0.000955738"
"Gallbladder cancer","-0.8610144","-0.06204689","-0.022810645","0.0020611463","-0.0009565658","-0.00045902724","-0.018918822","-0.025630439","-0.0039312975","-0.018969087","-0.016530914","-0.035641547","-0.007943889","-0.0072050034","-0.013963499","-0.020377705","-0.010373334","-0.010835765","-0.016133092","-0.011339596","-0.011538723","-0.0045860168","-0.023036573","-0.014183245","-0.003153893","0.010902799","-0.006406742","-0.01712594","0.0009230043","-0.0017532083","-0.014034494","-0.0038970762","-0.009691642","0.00065829273","0.0020159772","-0.0066735","-0.0004295523","-0.0039763018","0.0055414047","0.0031142994","0.00020551936","-0.0045593185","0.00019011392","-0.0040777926","-0.0021466732","-0.0045848354","0.0016202849","-0.003749743","0.0003040471","-0.0030011972","0.00045753678","0.0034179133","-0.00023160408","-8.856923e-05","0.0009927604","-0.00262229","-0.0008311592","-0.0019204128","0.001693831","-0.0009724535","-0.0026840903","-0.0013402244","-0.0023038934","-0.000955738"
"Gastric and duodenal ulcer","-0.8610144","-0.06204689","-0.022810645","0.0020611463","-0.0009565658","-0.00045902724","-0.018918822","-0.025630439","-0.0039312975","-0.018969087","-0.016530914","-0.035641547","-0.007943889","-0.0072050034","-0.013963499","-0.020377705","-0.010373334","-0.010835765","-0.016133092","-0.011339596","-0.011538723","-0.0045860168","-0.023036573","-0.014183245","-0.003153893","0.010902799","-0.006406742","-0.01712594","0.0009230043","-0.0017532083","-0.014034494","-0.0038970762","-0.009691642","0.00065829273","0.0020159772","-0.0066735","-0.0004295523","-0.0039763018","0.0055414047","0.0031142994","0.00020551936","-0.0045593185","0.00019011392","-0.0040777926","-0.0021466732","-0.0045848354","0.0016202849","-0.003749743","0.0003040471","-0.0030011972","0.00045753678","0.0034179133","-0.00023160408","-8.856923e-05","0.0009927604","-0.00262229","-0.0008311592","-0.0019204128","0.001693831","-0.0009724535","-0.0026840903","-0.0013402244","-0.0023038934","-0.000955738"
"Gastric cancer","-0.8610144","-0.06204689","-0.022810645","0.0020611463","-0.0009565658","-0.00045902724","-0.018918822","-0.025630439","-0.0039312975","-0.018969087","-0.016530914","-0.035641547","-0.007943889","-0.0072050034","-0.013963499","-0.020377705","-0.010373334","-0.010835765","-0.016133092","-0.011339596","-0.011538723","-0.0045860168","-0.023036573","-0.014183245","-0.003153893","0.010902799","-0.006406742","-0.01712594","0.0009230043","-0.0017532083","-0.014034494","-0.0038970762","-0.009691642","0.00065829273","0.0020159772","-0.0066735","-0.0004295523","-0.0039763018","0.0055414047","0.0031142994","0.00020551936","-0.0045593185","0.00019011392","-0.0040777926","-0.0021466732","-0.0045848354","0.0016202849","-0.003749743","0.0003040471","-0.0030011972","0.00045753678","0.0034179133","-0.00023160408","-8.856923e-05","0.0009927604","-0.00262229","-0.0008311592","-0.0019204128","0.001693831","-0.0009724535","-0.0026840903","-0.0013402244","-0.0023038934","-0.000955738"
"Gastric carcinoma","0.81637084","0.2839598","-0.09901436","-0.023833664","0.064598635","0.010355626","0.11443966","-0.070937976","0.013650961","0.0046943594","-0.034230366","-0.075458005","-0.008793357","0.031906657","0.29557538","-0.0952277","0.18234597","0.06982732","0.31584185","0.4530174","-1.4490745","-0.8521319","0.9637166","-0.3928537","-1.5859607","-2.0915036","-1.2303109","0.5737407","0.06611807","-0.39160314","0.718992","-2.9133043","-1.0662985","-3.9393098","-0.65329796","-1.6502827","-1.7574846","-1.2576321","0.81705576","-2.2433662","-0.89663106","1.3329151","-4.4227247","-3.2704928","6.4385643","0.08871314","-1.5133657","2.2676294","1.5329306","-0.75519836","1.6924522","-0.4353059","-1.9949089","-0.20107144","-1.6297728","-1.2803357","-0.3255941","-0.57989854","-1.906613","2.4987686","0.17845586","0.092268206","1.4204608","-0.02167525"
"Gastro-oesophageal reflux","-0.8610144","-0.06204689","-0.022810645","0.0020611463","-0.0009565658","-0.00045902724","-0.018918822","-0.025630439","-0.0039312975","-0.018969087","-0.016530914","-0.035641547","-0.007943889","-0.0072050034","-0.013963499","-0.020377705","-0.010373334","-0.010835765","-0.016133092","-0.011339596","-0.011538723","-0.0045860168","-0.023036573","-0.014183245","-0.003153893","0.010902799","-0.006406742","-0.01712594","0.0009230043","-0.0017532083","-0.014034494","-0.0038970762","-0.009691642","0.00065829273","0.0020159772","-0.0066735","-0.0004295523","-0.0039763018","0.0055414047","0.0031142994","0.00020551936","-0.0045593185","0.00019011392","-0.0040777926","-0.0021466732","-0.0045848354","0.0016202849","-0.003749743","0.0003040471","-0.0030011972","0.00045753678","0.0034179133","-0.00023160408","-8.856923e-05","0.0009927604","-0.00262229","-0.0008311592","-0.0019204128","0.001693831","-0.0009724535","-0.0026840903","-0.0013402244","-0.0023038934","-0.000955738"
"Gastroenteritis","1.2996475","0.1836298","-0.23953617","0.008493045","0.0140463775","0.0012727317","0.12594692","-0.21320689","0.024367126","-0.13931029","-0.06793807","-0.22522238","0.004950075","0.011855729","0.2113934","-0.48439357","0.26924652","-0.4803426","-0.46970204","-0.8873275","-0.76530683","0.5831789","-0.21503028","1.1137718","-2.7122908","-0.6476022","0.34969553","-1.9352341","-1.185331","-0.6406386","-0.82816017","0.15206501","-1.147118","-2.014567","-0.51881635","-1.1512398","2.119672","-0.793103","0.8425581","-1.627755","0.75676495","-2.9827507","1.3506597","0.48562586","-1.4548088","0.5714931","0.06828966","-1.5236349","-1.0482793","0.27259505","0.12001936","-0.3083538","1.2658604","-2.015644","1.0319672","-0.76982754","-2.5498507","-0.6285192","0.5272211","-1.0325052","-0.8949672","-0.005568711","1.5379463","2.5263393"
"Gastrointestinal follicular lymphoma","1.3246","-0.18960205","-0.0312723","-0.017541239","-0.020236852","0.030635128","-0.06980947","-0.0902012","-0.017151194","-0.12622473","-0.124860846","-0.05364872","-0.061131403","-0.10880508","-0.022787409","0.03101639","-0.016150018","0.229805","-0.28127554","-0.031096535","0.35109517","0.025332853","-0.07866693","0.40274322","0.64292324","-0.90526664","1.918607","-0.1891273","2.5417876","0.027852025","-2.0323722","-0.7991117","-1.7078513","-1.4130372","-1.3212906","0.54405385","-1.0390886","-0.84112287","-1.131008","1.1781061","0.37996787","0.6397083","1.71699","-1.58266","1.0000854","-1.2289712","-0.6538515","2.5592003","1.2742249","-0.8340409","2.9705884","2.533878","-0.629738","-2.9547","-0.9311839","0.98079497","-0.87290776","0.43622935","-1.0307106","-1.6006007","2.0246725","-0.28184092","-0.744319","-1.7027537"
"Generalized anxiety disorder","0.83390963","-0.30969274","-0.095161386","0.022524599","0.021413684","-0.049222276","-0.09031623","-0.13439324","-0.04137851","-0.14774308","-0.044247415","-0.17518461","-0.026072228","-0.17614363","-0.2683178","0.042255864","-0.27552286","0.011689753","-1.7133263","-0.15437926","-1.1093355","0.8037946","1.229156","1.5916342","0.3506121","-0.23625068","-0.32899266","2.6320276","-0.13826723","-0.8590219","-1.0814817","2.5011508","-0.9022625","-1.0494249","-2.090791","0.28623256","-1.622444","-0.85114694","0.20825982","0.31607917","0.309815","-1.7364908","-0.4367819","0.9465019","2.3131642","-2.9857552","4.7056284","1.7127852","0.7389668","-1.6792142","-1.833622","1.9581574","-2.2679303","1.9157182","0.40978226","1.504702","1.9178271","-1.565747","-0.05883212","-1.1061169","1.0048687","1.0303159","0.7306468","1.952601"
"Genitourinary lichen sclerosus","1.3152707","-0.19721085","-0.06499125","0.0020950804","-0.014038546","-0.018885784","-0.03403143","-0.07651848","-0.04443528","-0.1418498","-0.109726466","-0.18405339","-0.10047358","-0.074435264","-0.0707185","-0.105124","0.017891176","0.480911","0.66745406","-0.8324328","-0.9589696","0.6684212","-0.11932281","-0.57474786","-0.292461","0.6385163","1.3453035","0.1915709","-1.2757958","-0.8936808","1.5669487","0.10392717","-0.23403053","2.367491","1.3603369","-0.5960167","-2.265652","-1.622386","-1.5738844","0.9570357","-2.5106273","-0.014358557","1.332245","-0.67868584","-3.6103995","-1.2757443","1.6009738","-0.05190595","-1.0679516","-0.08902336","-0.696621","-0.5437844","0.062096704","0.82839745","0.5163399","1.3069382","2.1438613","-0.88514394","1.4509399","-0.3825487","1.9992415","-2.0832489","0.43175286","1.487794"
"Gestational diabetes","0.8973283","0.012450594","0.14265013","-0.13950616","-0.025286239","0.18360145","-0.0679335","0.00943272","-0.0060290573","-0.0035063317","0.049107037","0.00016409004","-0.020267172","-0.04647568","0.14376889","0.11130754","0.22007799","-0.11861614","-0.8382722","-0.13746057","0.8842788","0.22935088","1.0169297","-3.1170964","-1.1429569","1.9850689","1.0195627","-1.8085461","-1.1238312","-1.8148698","-0.30993065","-1.0732365","0.2778638","-0.91229624","0.120007254","2.2146423","0.88558555","-0.6904072","-2.1156194","2.7779891","-0.13716012","2.0734594","3.0060897","2.032541","1.8577069","-2.124537","-0.45257497","-0.919867","1.0698696","0.30310732","-2.5849018","-2.023019","4.0572777","3.595456","-0.2973315","3.1393204","0.3436305","0.9374433","-1.518475","0.8483015","0.16624294","-0.56239355","0.50134647","-0.89587736"
"Gestational diabetes + hyperlipidemia","1.2472619","-0.110681124","0.02073192","-0.07435484","-0.044709105","0.14562167","-0.07520541","-0.13073613","-0.028869633","0.06561741","-0.13007893","-0.07405859","-0.012213228","-0.32413352","-0.26442376","-0.16386783","0.21783654","0.072860934","0.367845","0.3542677","1.4733567","0.121420644","0.21802436","-0.19135508","-0.77632314","1.5032607","0.7955745","1.2025328","-0.8377811","-2.385897","-0.7642491","2.354152","-1.3969046","0.8685601","-0.106395416","-1.2862949","1.8226796","-0.03609819","-3.4013624","-1.7872053","0.8391169","2.0730212","0.16977097","0.62907076","1.5921522","-2.6245859","0.018445436","-0.95296335","0.7771352","2.8530886","-1.2599571","-1.7736436","-0.45943278","-1.5667257","1.8530331","-1.1427758","-3.033119","1.8916471","-0.93974835","2.0253","0.44888222","-0.11503405","0.8859241","-0.5384474"
"Giardia intestinalis infection","1.339846","0.091985375","-0.2504494","0.028308056","0.0025273904","-0.033112995","0.07659471","-0.15155098","-0.110967286","0.010736279","-0.11403369","-0.14341527","0.008719005","0.11238642","0.24843962","-0.2930775","0.03179257","-0.13104981","0.087700605","0.2258822","0.22538985","0.14402086","-0.2731792","0.76463926","-2.0387197","1.0768431","-0.12813076","-0.71664375","-0.93027765","-2.5455844","0.015177205","-0.78046525","-1.7779806","-0.16347143","0.74970895","-0.9980209","-1.1779088","-1.6939337","-0.28926703","-1.6640586","-0.48342842","-0.74058205","0.4534206","0.24266689","0.003457332","-0.11812999","-0.06697004","0.010635425","-0.96953535","-3.0551162","-1.4970407","0.37022978","0.41974142","-1.2119435","0.60479903","0.63460755","-0.2921722","0.28881696","-1.6714351","2.676103","1.8258705","0.0149047375","-0.4005163","-1.9051825"
"Gingivitis","1.315666","-0.16936214","-0.047454882","0.021106334","0.008200308","-0.012730341","-0.004408591","0.2910705","0.1311508","-0.05791315","-0.109849475","-0.066679314","-0.0037687805","0.12353746","-0.26618573","-0.37604713","0.23099382","0.16916907","-0.073566236","0.08088732","1.4722933","-0.6404425","-0.8990442","-0.37140524","0.09061699","-1.2507107","-2.3342066","-1.3092186","0.4433869","0.18500066","-0.6369904","-0.7332015","-0.6379138","-1.9693363","-1.8805087","0.82311445","-0.48162925","0.24573094","0.022948142","-0.26397318","-1.577896","-1.1936232","-0.5862965","1.1366941","2.5797758","-0.7515874","1.7949389","-1.0203818","-0.7985597","1.0015033","-1.4062529","-0.38291737","-0.19806096","0.85823315","2.307963","-1.1350447","-1.8567824","-3.0065322","0.21857654","1.4342221","-1.207083","1.4584196","0.6548756","-1.2009095"
"Glycogen storage disease","1.2209629","-0.11522664","0.049228836","-0.017432487","-0.009550277","0.049537435","-0.07623024","-0.072498545","-0.04010547","0.027126137","0.054009322","0.002321853","-0.08270165","0.13864705","-0.23935667","-0.11656793","-0.05868495","0.057191093","-0.53234595","0.56071913","0.40255302","-0.9930451","-0.018868249","-1.1572919","-0.42581877","1.3515298","0.5674992","0.59661984","-0.57934165","-1.1496968","-0.123224996","0.18272778","0.20068927","1.1336249","-0.77500516","1.4637703","0.0800913","-0.454018","-2.3442166","-0.6144384","0.8414804","0.94019485","2.4384916","-0.13235404","-0.88584584","0.22487654","0.74170214","-0.8847313","1.8533906","-1.5938053","-2.0723252","-1.920022","-2.0837612","0.23038763","-3.3457994","1.7503616","0.19239427","-0.16633356","-3.8091605","0.7720747","1.964278","-0.8415157","-1.7336183","-0.6594149"
"Graft-versus-host-disease","-0.8610144","-0.06204689","-0.022810645","0.0020611463","-0.0009565658","-0.00045902724","-0.018918822","-0.025630439","-0.0039312975","-0.018969087","-0.016530914","-0.035641547","-0.007943889","-0.0072050034","-0.013963499","-0.020377705","-0.010373334","-0.010835765","-0.016133092","-0.011339596","-0.011538723","-0.0045860168","-0.023036573","-0.014183245","-0.003153893","0.010902799","-0.006406742","-0.01712594","0.0009230043","-0.0017532083","-0.014034494","-0.0038970762","-0.009691642","0.00065829273","0.0020159772","-0.0066735","-0.0004295523","-0.0039763018","0.0055414047","0.0031142994","0.00020551936","-0.0045593185","0.00019011392","-0.0040777926","-0.0021466732","-0.0045848354","0.0016202849","-0.003749743","0.0003040471","-0.0030011972","0.00045753678","0.0034179133","-0.00023160408","-8.856923e-05","0.0009927604","-0.00262229","-0.0008311592","-0.0019204128","0.001693831","-0.0009724535","-0.0026840903","-0.0013402244","-0.0023038934","-0.000955738"
"Granulomatosis with polyangiitis","1.1031485","-0.35354343","-0.16314279","-0.02186714","-0.0037340913","-0.024926977","-0.1259495","-0.13440903","0.01462352","-0.2730019","-0.06034484","-0.09090751","-0.11722812","-0.10727015","-0.13405721","-0.14427648","-0.014426848","-0.2898997","-0.32247454","-1.0671517","-0.19164194","-0.7445656","-1.1704687","0.29748783","1.4925696","-2.1277738","0.9768308","0.4096125","0.6632442","1.2457172","1.7295359","-0.4593581","2.0160415","1.1665648","-0.31944206","1.6594377","0.9763662","-2.9541926","-3.679175","0.4284389","2.2474105","0.6399034","0.5382364","-0.47921953","0.64012915","0.9482738","-2.5718212","2.124865","-1.5114235","-0.0914756","-2.6344538","1.0801421","0.38958436","1.0287725","2.6200073","-0.6534162","1.8715987","2.7430415","-1.4533547","2.4387844","-0.97275764","0.62419593","-0.3354486","-3.1277964"
"Granulomatous mastitis","1.1376272","-0.36263576","-0.114256136","0.0018903338","0.014472049","-0.02072016","-0.15306212","-0.17767964","-0.009684283","-0.16492084","-0.21136232","-0.22160764","-0.20429969","-0.39614427","-0.24755383","-0.5457515","-0.13715512","0.0458977","-0.39695385","-0.5121496","-1.102151","-0.28137663","-0.58651996","-0.81268865","0.7858963","-0.6449185","1.5843637","-1.3119407","0.8638971","-1.7399789","-1.1838143","1.7020115","1.5846382","0.09724767","1.3733219","-0.46676925","0.37317038","-0.37790257","-0.44138205","-0.3995982","1.1831313","2.99946","1.0848358","0.75239515","-1.4154375","0.31394133","-1.6997826","0.056533974","-0.3582821","3.0184696","2.1129622","-2.479904","0.054662105","0.13448882","-0.87263805","-0.2886539","2.2841778","0.8714285","-1.4452553","-0.63452125","1.0385326","1.2764143","-1.8948702","2.1652365"
"Graves' disease","1.2694788","-0.15831327","-0.08080507","0.020417448","-0.013459066","0.030875115","-0.03263621","-0.057691615","-0.046822436","-0.020829812","-0.08508346","-0.11957708","-0.09822538","-0.079707175","-0.043986324","-0.04800928","-0.28848928","-0.21146071","-0.39575484","0.4978576","0.021933172","-1.3340092","0.2565957","-0.41837445","0.7414647","0.7735047","0.90204394","1.2897441","-0.20150515","-0.6844107","1.6286263","1.2914388","0.35849485","-1.775332","-0.03724525","-0.880813","-2.19656","0.4522736","-1.2382172","-0.93294615","-0.7710884","-1.3124813","0.7463348","0.39944655","1.6676508","-1.5443581","-0.4568496","-1.8661269","-0.17960037","-1.1771499","1.0803005","1.592058","1.4512044","1.9883454","0.95812905","0.93118703","0.5150881","-1.0156426","-1.9658874","-0.26167375","-0.26947963","-3.248847","-0.3217755","-0.17336911"
"Graves' orbitopathy","1.3070234","-0.20105062","-0.05509163","0.053664386","0.016489886","0.02589897","-0.07009564","-0.09378051","0.013630855","-0.06594387","-0.09025755","-0.19611965","-0.19066714","-0.18351693","0.021925883","-0.15198706","0.14046519","-0.37198308","0.027252752","0.33114767","0.32187057","-0.21571442","0.44552436","-2.235314","0.018713837","-0.16057679","1.4735785","0.67804426","-2.728","0.62806135","0.9753391","1.1082302","1.0292442","-2.8488579","0.12538023","0.5432322","-0.29525548","-0.6142202","2.1598377","0.3093153","-1.5622058","-0.44000056","-0.43858185","-3.6618679","1.0271484","0.61520624","-1.3380982","0.26256755","2.8405347","-0.56055737","-1.4072665","0.68023103","-0.57152086","0.030736499","-1.1032535","0.09352809","-0.045119487","-0.4919469","0.0053196265","-2.1034079","-1.5930556","0.11021721","-0.3121638","3.8762379"
"Guillain-Barre syndrome","-0.8610144","-0.06204689","-0.022810645","0.0020611463","-0.0009565658","-0.00045902724","-0.018918822","-0.025630439","-0.0039312975","-0.018969087","-0.016530914","-0.035641547","-0.007943889","-0.0072050034","-0.013963499","-0.020377705","-0.010373334","-0.010835765","-0.016133092","-0.011339596","-0.011538723","-0.0045860168","-0.023036573","-0.014183245","-0.003153893","0.010902799","-0.006406742","-0.01712594","0.0009230043","-0.0017532083","-0.014034494","-0.0038970762","-0.009691642","0.00065829273","0.0020159772","-0.0066735","-0.0004295523","-0.0039763018","0.0055414047","0.0031142994","0.00020551936","-0.0045593185","0.00019011392","-0.0040777926","-0.0021466732","-0.0045848354","0.0016202849","-0.003749743","0.0003040471","-0.0030011972","0.00045753678","0.0034179133","-0.00023160408","-8.856923e-05","0.0009927604","-0.00262229","-0.0008311592","-0.0019204128","0.001693831","-0.0009724535","-0.0026840903","-0.0013402244","-0.0023038934","-0.000955738"
"Guttate psoriasis","-0.8610144","-0.06204689","-0.022810645","0.0020611463","-0.0009565658","-0.00045902724","-0.018918822","-0.025630439","-0.0039312975","-0.018969087","-0.016530914","-0.035641547","-0.007943889","-0.0072050034","-0.013963499","-0.020377705","-0.010373334","-0.010835765","-0.016133092","-0.011339596","-0.011538723","-0.0045860168","-0.023036573","-0.014183245","-0.003153893","0.010902799","-0.006406742","-0.01712594","0.0009230043","-0.0017532083","-0.014034494","-0.0038970762","-0.009691642","0.00065829273","0.0020159772","-0.0066735","-0.0004295523","-0.0039763018","0.0055414047","0.0031142994","0.00020551936","-0.0045593185","0.00019011392","-0.0040777926","-0.0021466732","-0.0045848354","0.0016202849","-0.003749743","0.0003040471","-0.0030011972","0.00045753678","0.0034179133","-0.00023160408","-8.856923e-05","0.0009927604","-0.00262229","-0.0008311592","-0.0019204128","0.001693831","-0.0009724535","-0.0026840903","-0.0013402244","-0.0023038934","-0.000955738"
"H1N1 Influenza","1.0028487","-0.40044883","-0.112054296","0.026154188","-0.030479256","0.011602005","-0.1330391","-0.16987045","-0.054120578","-0.1472535","-0.06855783","-0.18006149","-0.09556645","-0.3599262","-0.21855265","-0.19029261","-0.52971244","-0.39678302","-0.56079954","-0.36810476","-0.08741723","-2.1395428","-1.4427447","0.8250096","-0.49929312","-1.7882221","1.386869","2.1886542","0.07887989","-0.12092852","-0.7551479","-0.75712615","-0.24443704","-0.5683917","-1.2123764","-0.35334963","-0.99920094","-0.5855011","-2.203409","-0.35862187","-4.1197085","0.1115066","-1.5389235","-1.7735242","-0.66785777","1.2809105","-1.1355968","0.9186839","-0.56993085","-1.9545115","2.3196266","1.3609992","-1.8336883","0.46485484","-1.8814248","0.19026454","-0.38515007","1.292762","1.5730004","-0.03376057","-2.576608","0.2509782","-2.6747575","0.5196933"
"H7N9","1.2987316","-0.18267253","-0.06555267","0.055672076","-0.030974597","-0.0024527756","0.00013068352","-0.050325252","-0.035024744","0.04949157","-0.0782898","-0.13839565","-0.016064022","-0.15974285","-0.08345854","-0.01244407","-0.30138123","-0.28024882","-0.38832542","0.04344705","0.88939434","-0.29623416","-0.09216198","-0.505531","1.424614","-0.5443684","0.84685534","-1.4232448","1.2986343","-0.7318456","0.63588715","-1.5422143","1.3325495","1.12715","1.6672207","-0.42360744","-0.29937425","-1.4510194","0.9710651","0.6997827","0.008163321","-2.0587375","-2.1257045","-0.892486","3.0740256","-0.46649417","-3.3047736","0.83451194","-3.2228608","0.21370971","-2.0732706","0.7469241","1.8744316","-0.6028364","0.30669236","-0.037669387","-2.8019178","1.3338791","1.1360278","-0.4586919","1.2689979","0.7025274","-0.030125676","1.9327925"
"HBV cirrhosis","-0.8610144","-0.06204689","-0.022810645","0.0020611463","-0.0009565658","-0.00045902724","-0.018918822","-0.025630439","-0.0039312975","-0.018969087","-0.016530914","-0.035641547","-0.007943889","-0.0072050034","-0.013963499","-0.020377705","-0.010373334","-0.010835765","-0.016133092","-0.011339596","-0.011538723","-0.0045860168","-0.023036573","-0.014183245","-0.003153893","0.010902799","-0.006406742","-0.01712594","0.0009230043","-0.0017532083","-0.014034494","-0.0038970762","-0.009691642","0.00065829273","0.0020159772","-0.0066735","-0.0004295523","-0.0039763018","0.0055414047","0.0031142994","0.00020551936","-0.0045593185","0.00019011392","-0.0040777926","-0.0021466732","-0.0045848354","0.0016202849","-0.003749743","0.0003040471","-0.0030011972","0.00045753678","0.0034179133","-0.00023160408","-8.856923e-05","0.0009927604","-0.00262229","-0.0008311592","-0.0019204128","0.001693831","-0.0009724535","-0.0026840903","-0.0013402244","-0.0023038934","-0.000955738"
"HIV infection","-0.06088079","2.518228","0.08528261","-0.09463606","0.30044135","0.020844804","2.2170455","1.6329373","0.6940243","27.607443","-5.065683","-1.0101575","-0.89779574","-0.7484514","-0.9145112","-0.7481911","-0.15672354","-0.26567268","-0.3278896","-0.1756975","0.027255667","-0.1902195","-0.55504787","0.043454446","0.53621","-0.02139183","0.06339682","0.21821018","0.1378117","-0.033829506","-0.022898432","-0.056522854","0.17991237","0.0055953823","-0.10854994","-0.16052227","-0.11142132","0.08633566","0.0023118556","0.10213311","-0.0031163474","0.039914314","8.1074744e-05","0.1619952","-0.0077590803","-0.04108478","0.011757386","-0.08279652","0.031891044","-0.01260583","0.046064384","-0.0513195","0.03064986","0.013815848","-0.013609129","0.069258384","0.049058683","-0.026534079","0.040936578","-0.02961432","-0.018274328","-0.038455877","-0.042708002","-0.024839649"
"HIV-infected pneumonia","1.3320968","-0.26841214","-0.08043631","0.03808674","-0.029999118","0.003578252","-0.12317464","-0.03026196","-0.09602985","0.03291191","0.1104823","-0.05535452","-0.0068054497","0.003270475","0.12934741","0.080631725","0.074148245","-0.12568508","-0.59479666","-0.4250469","-0.45137432","-0.10345901","-0.81816405","1.2373427","0.26272696","-0.034004685","-1.1484253","-1.3181454","-0.40557158","0.1483254","-1.6840221","-0.9752198","-0.59541076","1.0640408","0.34474114","1.7789181","-0.2287859","-0.8140999","-0.9802751","-1.6669726","0.6214534","1.1945064","-1.1226704","0.75454617","0.99571925","0.0386273","1.1664046","-0.048536755","-0.043392465","0.23518005","-1.6037064","-1.0363731","0.19282028","1.911258","0.43200824","0.2441696","0.55990165","-0.82997674","0.36566854","-0.06305637","3.189301","1.1823543","-1.327953","-0.8352346"
"Halitosis","0.94634545","-0.33505738","-0.069105975","-0.012207551","-0.047271322","-0.09944321","-0.19938211","-0.1248575","-0.029855445","-0.13315274","-0.12039232","-0.28519624","0.020159619","-0.17478447","-0.09488873","-0.08728942","-0.29135475","-0.45851055","-0.66108334","-0.7419066","0.38647664","-0.54835695","-1.7393953","1.7631024","2.3452654","-1.2907816","0.16161594","1.4479378","-1.4484267","-0.05040979","2.480032","0.45806056","0.3195583","-0.81647116","1.37649","0.8093604","0.6538831","2.027172","3.2971127","-2.7030554","3.5530534","-1.1360115","0.65933865","2.7363484","-1.5180408","-0.55482084","1.6073227","-3.8853345","0.6886291","0.56075895","-0.33884585","4.915962","3.065933","2.2534666","-2.601067","-2.3421571","-1.2156414","0.3970124","-1.7862071","-2.0160835","0.79360807","2.563311","0.8794207","-1.6347653"
"Hand, foot and mouth disease","1.3039416","-0.20296694","-0.085323595","0.008048524","0.023906838","0.012634536","-0.04941545","-0.076304","-0.03833542","0.06830541","0.0078085214","-0.08012499","-0.05526659","-0.0013912033","-0.07648849","-0.04518573","-0.07867078","0.07226187","-0.4159412","-0.42725483","-0.5272954","0.4773878","1.2133648","2.471371","1.0097499","0.5757351","-0.48767933","-2.9695287","-0.64507926","0.6207252","-0.66635555","1.1583527","-0.50539535","-1.155728","-0.3211114","-2.7480874","-1.3767945","-0.016828323","-0.39898744","-0.32798585","-0.1480431","0.33247322","-2.7899523","0.77132434","0.4655888","1.2422962","-0.24735592","0.32157862","1.1857427","-2.094255","-1.3930413","-4.0949974","1.3083987","-1.2452247","2.796783","-4.0615396","2.1925817","0.6396814","3.7998335","-0.24398822","-0.72877306","-3.2995746","2.2528908","1.7737466"
"Hashimoto thyroiditis","-0.8610144","-0.06204689","-0.022810645","0.0020611463","-0.0009565658","-0.00045902724","-0.018918822","-0.025630439","-0.0039312975","-0.018969087","-0.016530914","-0.035641547","-0.007943889","-0.0072050034","-0.013963499","-0.020377705","-0.010373334","-0.010835765","-0.016133092","-0.011339596","-0.011538723","-0.0045860168","-0.023036573","-0.014183245","-0.003153893","0.010902799","-0.006406742","-0.01712594","0.0009230043","-0.0017532083","-0.014034494","-0.0038970762","-0.009691642","0.00065829273","0.0020159772","-0.0066735","-0.0004295523","-0.0039763018","0.0055414047","0.0031142994","0.00020551936","-0.0045593185","0.00019011392","-0.0040777926","-0.0021466732","-0.0045848354","0.0016202849","-0.003749743","0.0003040471","-0.0030011972","0.00045753678","0.0034179133","-0.00023160408","-8.856923e-05","0.0009927604","-0.00262229","-0.0008311592","-0.0019204128","0.001693831","-0.0009724535","-0.0026840903","-0.0013402244","-0.0023038934","-0.000955738"
"Hashimoto's thyroiditis","1.1194539","-0.09564589","0.07927249","0.10528179","0.0026986874","0.0680757","-0.032472104","-0.055539526","-0.042101704","0.04606","-0.027434854","8.8191555e-05","-0.08612701","-0.07558196","-0.107561454","-0.15681158","-0.2826042","0.6807345","0.2981573","0.370978","-0.9980542","-0.116963714","0.901163","-0.016865028","-2.4472485","-0.36313242","-1.6382142","0.29446226","-0.71591794","-0.19222523","-1.5306121","-0.5689852","-0.041315902","-2.0486498","-1.4139727","-1.2983031","-0.6481328","-0.8489097","-0.08766142","-1.594429","0.70966834","1.5043293","-1.0617713","-0.12039099","-1.383485","-1.2829325","-1.436101","-0.8833479","0.16966593","2.2021742","0.8984888","-0.2711963","0.58756936","2.4882748","3.866692","0.21219985","-0.59414905","0.73863006","-2.2827349","0.7862498","-0.59640276","-0.6520562","1.5709836","-0.5531689"
"Head and Neck Squamous Cell Cancer","-0.8610144","-0.06204689","-0.022810645","0.0020611463","-0.0009565658","-0.00045902724","-0.018918822","-0.025630439","-0.0039312975","-0.018969087","-0.016530914","-0.035641547","-0.007943889","-0.0072050034","-0.013963499","-0.020377705","-0.010373334","-0.010835765","-0.016133092","-0.011339596","-0.011538723","-0.0045860168","-0.023036573","-0.014183245","-0.003153893","0.010902799","-0.006406742","-0.01712594","0.0009230043","-0.0017532083","-0.014034494","-0.0038970762","-0.009691642","0.00065829273","0.0020159772","-0.0066735","-0.0004295523","-0.0039763018","0.0055414047","0.0031142994","0.00020551936","-0.0045593185","0.00019011392","-0.0040777926","-0.0021466732","-0.0045848354","0.0016202849","-0.003749743","0.0003040471","-0.0030011972","0.00045753678","0.0034179133","-0.00023160408","-8.856923e-05","0.0009927604","-0.00262229","-0.0008311592","-0.0019204128","0.001693831","-0.0009724535","-0.0026840903","-0.0013402244","-0.0023038934","-0.000955738"
"Head/Neck cancer","1.2966182","-0.10076976","-0.13210715","-0.014657574","0.046239905","-0.014587883","-0.08079583","-0.081996225","-0.034342404","-0.021727415","-0.14347832","-0.020474786","-0.10234036","-0.1859223","0.07423709","-0.40537593","-0.37175015","0.14449784","0.80923","0.1743618","0.95692205","0.06937514","-0.29213232","1.5567266","-0.8493217","-1.0105445","0.6682097","-2.440288","0.006945504","2.7904103","0.80073184","-0.31597948","0.4830354","-0.8848859","1.3748779","2.8699467","-1.9688807","1.3042235","2.7144067","-0.8005381","-0.89569503","-1.7201258","1.2590255","0.24178898","-0.49591577","0.44753832","0.32132816","-1.5416514","3.0905898","0.25689375","0.683925","1.5069308","-2.9528644","1.9640722","-1.1629663","1.2953459","-1.4695863","2.9194658","1.2213453","-1.3374898","-2.2194567","-2.0419488","-2.747634","0.6095953"
"Heart failure","1.22128","-0.181567","-0.03558161","0.009756374","-0.04487297","-0.0074154246","-0.106543995","-0.07360203","-0.007660441","0.02371386","-0.032120977","-0.06733849","0.029959928","-0.22045393","-0.07006844","0.14887856","0.04460078","0.10362006","-0.29897922","-0.008270215","1.1611884","-0.8738604","1.7169558","-0.05577694","0.57188505","-0.5163754","-1.3521384","2.6211696","1.3141918","1.8541346","-0.29336014","-0.1867988","1.9188929","1.281056","0.08368663","-2.6888177","2.148117","1.5057011","-0.014676535","1.4047406","-2.5871189","-1.3427572","0.29502925","-0.7203855","-0.14953388","-1.1354984","-0.45983693","-1.4665847","0.5600871","-1.3876376","1.531577","-0.66349775","1.2355378","1.1211562","-0.95116526","-2.542015","-1.5917982","0.23739189","0.6792245","0.45298642","1.7614951","-2.899367","3.5853803","-1.2497028"
"Helicobacter pylori infection","0.7049495","-0.27468616","-0.10097107","0.03248752","-0.032792937","-0.0014947702","-0.10263523","-0.11389747","-0.063226275","-0.13642685","-0.06868273","-0.12971114","0.08794357","-0.35635275","0.052920576","-0.19096214","-0.05432444","0.08068709","-0.43555096","-0.7007659","0.113824874","-0.5710342","-0.08518322","2.2071018","0.73384875","-1.5658796","-0.9026846","3.4396744","0.84139735","-0.3984734","3.0277724","-0.28801715","-1.7622558","-0.39211142","1.2029933","5.0524993","0.34530604","-2.074429","-0.23188862","-0.74277115","0.33351472","-1.304911","-0.54176176","-2.1442091","1.2697725","-0.19046307","-0.16670556","-2.6484163","0.7948615","-1.9914769","-4.073068","-0.94014686","0.16257149","-0.0033106224","-1.3769189","0.544923","-0.8903912","0.61337674","0.51343566","-0.35012454","-1.6382706","0.05270341","-0.32078788","-1.1505783"
"Henoch-Schönlein Purpura","1.0726072","-0.3573918","-0.12248283","-0.03294204","-0.037168887","-0.006432947","-0.11646159","-0.15369858","-0.0064160465","-0.13241649","-0.17463538","-0.11500934","-0.14313939","-0.15446949","-0.2608421","-0.49361715","-0.15961279","-0.25182083","-0.7009969","-0.7941764","0.80957","-0.058136504","-2.383945","0.24266046","0.98810947","-0.45995837","0.12622797","1.377192","-1.8097056","0.44898206","-0.4700235","-0.3358841","0.182091","-0.6356767","0.60199046","-1.0909685","3.2348585","-1.2754898","-0.5540946","-0.20244457","-0.70439076","1.0760143","1.853285","1.4693786","2.0645144","0.0029172534","-0.79898006","1.4277399","-1.2511646","-1.0869379","1.2620792","0.486943","-1.6458286","0.003388266","2.9170923","1.1562724","0.9757244","0.26838106","-0.8147506","-0.79428715","2.3538325","-3.454382","1.1330262","3.9322364"
"Hepatic encephalopathy","1.1531521","-0.09972128","0.06869318","0.12887745","0.026509171","-0.023805564","-0.08237326","-0.060915668","-0.023035176","-0.015379389","-0.010926643","0.036614995","0.18798296","0.13037176","-0.02130784","-0.049943473","-0.10526185","0.14518322","-0.16059665","0.08776622","-0.4584321","0.6030921","1.8265921","0.025999216","0.9205309","-1.5320011","-0.7677788","1.1231174","-1.8339267","0.040619582","-0.6493199","-1.3676947","0.022820663","-1.5704489","-1.9712484","0.19621602","-0.15538609","-3.3508372","-0.32607707","-0.30769727","-0.54699796","0.1986967","0.50539535","2.94044","2.0594962","0.29294878","2.524749","0.06404828","-2.7628078","0.4002156","0.70492196","2.2136602","-1.9347154","-0.7454008","-0.17859463","-0.27645394","0.5342356","-0.9071136","0.75928485","-0.50306475","2.5410705","0.08255867","-0.8768736","-0.92578316"
"Hepatitis B","0.886698","-0.023742246","0.025904333","0.0023493688","0.033962082","0.00041007754","-0.043100096","-0.010104832","0.03155203","0.13585831","0.028887859","0.12269632","0.3411717","0.020556645","0.12192614","0.30428448","-0.48490426","-0.37650836","0.28033406","1.6800389","0.9077529","0.50414467","2.8290243","-0.9327867","-0.6572811","1.483202","-1.0738708","2.719756","-2.3794532","-0.5235086","0.8891007","-0.30423433","-1.2918092","-0.9688303","0.5823037","-2.0973513","1.3076131","1.1963896","-1.8887995","-2.8133051","-0.7414342","1.1960354","-1.1246238","0.40753472","0.4145187","0.22883527","-1.8674769","-0.52332354","-0.7430909","-0.25961185","-0.223963","3.6057498","-2.0542474","1.0254792","1.9176768","-0.67525667","-1.7923765","1.0787245","-1.2095953","1.3374746","-1.160864","-1.053951","-1.1943221","0.32000217"
"Hepatitis B associated liver failure","1.2712219","-0.20108038","-0.041037977","-0.014917688","-0.025127757","-0.038110726","-0.09023803","-0.10086491","-0.026125167","-0.11090907","-0.08563286","-0.004038251","0.32121378","-0.0057445928","-0.049770776","0.014382003","-0.21506804","-0.0547941","0.68008876","-0.07754243","0.15489215","-0.100399315","1.3345428","-0.52453583","-0.6835435","-0.36257717","-1.2686266","-1.6409413","-0.49940208","2.288467","-2.4320917","-3.1082342","2.6328695","-1.2040792","-0.23605072","-2.822228","1.8416377","-1.3473659","-0.6273636","-2.8269124","-0.18457621","-0.09330105","1.1732363","-1.3692142","-1.8054669","1.7019558","2.3145928","-0.36510736","-0.72706217","-0.8496249","-2.6077354","-2.555267","-0.48077768","0.6104855","1.0352256","1.5024272","-1.9722468","-2.0191553","2.0491436","-2.120327","2.6787827","0.28128093","-1.691538","-1.8758494"
"Hepatitis C","1.0165976","-0.08520325","-0.011962266","0.0415795","-0.00936031","0.024222292","0.010797434","-0.034111843","-0.009992019","0.26093945","-0.059317797","0.046108276","0.20532085","0.23197405","0.16826183","0.050475184","0.24895504","0.116808146","0.10131137","0.30175793","-0.2795132","0.09185313","2.123585","0.5238289","0.12221985","-1.7420536","0.18271613","0.6706478","-0.67439836","-0.33233738","-0.5051218","-2.0556066","-0.8672623","0.8831432","-0.7883103","1.053289","2.6010458","0.07015634","1.5964968","-0.15248354","-2.537002","-0.14656137","0.4508077","0.968006","2.7085252","-0.028508442","-0.9279874","0.42896354","-0.2870059","1.7939719","-0.70071423","-3.2140133","-2.378631","-0.35287502","0.6345306","-0.43004945","0.12269179","-1.9474846","-3.5374856","-1.1905065","-0.059022713","0.55120295","0.7276006","-0.5055622"
"Hepatocellular cancer","0.5763837","0.21114336","-0.01997026","0.03281234","0.044038035","0.0116051445","0.061374463","0.112041526","0.03683031","0.09855532","0.1482594","0.12908012","0.39635518","0.28176478","0.33122003","0.5371924","0.22800764","0.13660099","-0.37453094","0.43156835","-0.8668624","1.9259571","4.951383","-2.2105546","-1.6318346","2.3902757","-3.5844595","-1.8310071","-4.4127445","5.997956","5.508275","-5.2890882","8.523651","-2.4350019","4.155701","0.8608917","-3.3507957","1.3849822","-3.182682","0.25813872","2.4360578","2.1232126","0.383376","-0.34756216","1.0491179","-2.4430985","1.4808962","0.7491701","0.5168478","0.42689785","0.34578213","-0.48100013","1.6259077","-1.3851542","1.0016466","-0.3124892","0.24983501","-0.29628685","0.80682415","-0.21040158","0.87569135","0.58973765","-0.13910371","0.39599752"
"Hepatocellular carcinoma","-0.8610144","-0.06204689","-0.022810645","0.0020611463","-0.0009565658","-0.00045902724","-0.018918822","-0.025630439","-0.0039312975","-0.018969087","-0.016530914","-0.035641547","-0.007943889","-0.0072050034","-0.013963499","-0.020377705","-0.010373334","-0.010835765","-0.016133092","-0.011339596","-0.011538723","-0.0045860168","-0.023036573","-0.014183245","-0.003153893","0.010902799","-0.006406742","-0.01712594","0.0009230043","-0.0017532083","-0.014034494","-0.0038970762","-0.009691642","0.00065829273","0.0020159772","-0.0066735","-0.0004295523","-0.0039763018","0.0055414047","0.0031142994","0.00020551936","-0.0045593185","0.00019011392","-0.0040777926","-0.0021466732","-0.0045848354","0.0016202849","-0.003749743","0.0003040471","-0.0030011972","0.00045753678","0.0034179133","-0.00023160408","-8.856923e-05","0.0009927604","-0.00262229","-0.0008311592","-0.0019204128","0.001693831","-0.0009724535","-0.0026840903","-0.0013402244","-0.0023038934","-0.000955738"
"Hidradenitis suppurativa","1.06783","-0.370414","-0.14013281","0.035130788","0.009914602","-0.0370189","-0.11539547","-0.16003187","-0.042612318","-0.17375165","-0.12846959","-0.19569449","-0.11831943","-0.0955175","-0.15827991","-0.33842328","-0.37774312","-0.33985206","-0.6000887","-0.19336726","0.48918992","-0.28304276","-1.9194007","-0.5546355","0.439565","-2.3397212","-0.29500443","-0.42823246","1.2798166","1.5587828","-0.81868505","0.08278063","1.5480888","-2.0520236","3.2898028","-0.75471824","-0.26370874","4.599782","-2.2047658","2.215221","-1.0619417","1.3494476","0.23604521","-2.6156073","0.9116076","-2.4872885","-0.56893","-0.3683673","-4.4281096","2.759324","1.2062982","-2.284243","0.62217337","-0.23362467","-0.16345224","-0.6106227","1.035463","1.806954","-0.6938974","0.5557019","0.258536","0.8736894","0.41620317","-0.7161152"
"Hirschsprung disease","-0.8610144","-0.06204689","-0.022810645","0.0020611463","-0.0009565658","-0.00045902724","-0.018918822","-0.025630439","-0.0039312975","-0.018969087","-0.016530914","-0.035641547","-0.007943889","-0.0072050034","-0.013963499","-0.020377705","-0.010373334","-0.010835765","-0.016133092","-0.011339596","-0.011538723","-0.0045860168","-0.023036573","-0.014183245","-0.003153893","0.010902799","-0.006406742","-0.01712594","0.0009230043","-0.0017532083","-0.014034494","-0.0038970762","-0.009691642","0.00065829273","0.0020159772","-0.0066735","-0.0004295523","-0.0039763018","0.0055414047","0.0031142994","0.00020551936","-0.0045593185","0.00019011392","-0.0040777926","-0.0021466732","-0.0045848354","0.0016202849","-0.003749743","0.0003040471","-0.0030011972","0.00045753678","0.0034179133","-0.00023160408","-8.856923e-05","0.0009927604","-0.00262229","-0.0008311592","-0.0019204128","0.001693831","-0.0009724535","-0.0026840903","-0.0013402244","-0.0023038934","-0.000955738"
"Hirschsprung's disease","1.2976928","0.06555554","-0.20224729","0.031407803","0.018905247","-0.004500175","0.09872496","-0.15875797","-0.04809423","0.017484922","-0.058017824","-0.16564746","-0.106407866","0.09776482","0.47873375","-0.28709027","-0.0792792","-0.36639425","-0.46465677","-0.2617857","-0.76709795","-0.21106689","-0.35835278","1.1694314","-1.0638463","-0.12386463","2.56811","-0.18482356","-0.87468237","0.56215835","0.7675084","2.7739348","-0.41541263","-0.47486398","-0.1683779","1.7981874","-1.4200104","-0.377416","-0.43212223","-1.7128873","0.2696854","0.6110303","-0.45292434","0.5703399","0.5026943","0.6083642","0.7046536","-0.913484","-2.883688","-0.14068143","1.3685731","-1.0926847","1.6899089","-0.7429346","-1.4137243","-0.0065621925","0.53608686","-0.74843633","0.6237368","-2.6027453","0.15913413","-0.72049636","0.17127787","-0.8758673"
"Hirschsprung-associated enterocolitis","1.2997636","0.16212855","-0.25958252","0.012373679","-0.011337329","-0.035121944","0.117676504","-0.20300326","0.021553906","-0.021033393","-0.10875919","-0.22244078","-0.14549625","-0.085194886","0.24990493","-0.3375313","-0.21202017","-0.41292536","-0.012554904","-0.63919985","0.3277452","0.7546646","-0.29606766","2.6439497","-3.44494","-0.7911117","0.8303849","-1.7643265","-2.0790343","-0.7389504","0.1627352","1.1911865","-1.0063956","-1.1358546","-0.33108535","1.9827669","-0.8328805","-0.7518044","1.1354822","-2.4154904","-1.4388196","2.9364207","-2.0847712","1.7114011","-1.5538656","1.5316446","0.5789635","1.8014597","-1.9234525","-0.43337628","0.1931689","-0.20969422","-0.13925947","2.4446318","0.6439605","0.2357376","0.17135876","-2.751143","-0.6708213","0.39527607","-1.4507412","2.13848","1.9178721","1.8744416"
"Hirschsprungs associated enterocolitis","-0.8610144","-0.06204689","-0.022810645","0.0020611463","-0.0009565658","-0.00045902724","-0.018918822","-0.025630439","-0.0039312975","-0.018969087","-0.016530914","-0.035641547","-0.007943889","-0.0072050034","-0.013963499","-0.020377705","-0.010373334","-0.010835765","-0.016133092","-0.011339596","-0.011538723","-0.0045860168","-0.023036573","-0.014183245","-0.003153893","0.010902799","-0.006406742","-0.01712594","0.0009230043","-0.0017532083","-0.014034494","-0.0038970762","-0.009691642","0.00065829273","0.0020159772","-0.0066735","-0.0004295523","-0.0039763018","0.0055414047","0.0031142994","0.00020551936","-0.0045593185","0.00019011392","-0.0040777926","-0.0021466732","-0.0045848354","0.0016202849","-0.003749743","0.0003040471","-0.0030011972","0.00045753678","0.0034179133","-0.00023160408","-8.856923e-05","0.0009927604","-0.00262229","-0.0008311592","-0.0019204128","0.001693831","-0.0009724535","-0.0026840903","-0.0013402244","-0.0023038934","-0.000955738"
"Hirschsprungs disease","-0.8610144","-0.06204689","-0.022810645","0.0020611463","-0.0009565658","-0.00045902724","-0.018918822","-0.025630439","-0.0039312975","-0.018969087","-0.016530914","-0.035641547","-0.007943889","-0.0072050034","-0.013963499","-0.020377705","-0.010373334","-0.010835765","-0.016133092","-0.011339596","-0.011538723","-0.0045860168","-0.023036573","-0.014183245","-0.003153893","0.010902799","-0.006406742","-0.01712594","0.0009230043","-0.0017532083","-0.014034494","-0.0038970762","-0.009691642","0.00065829273","0.0020159772","-0.0066735","-0.0004295523","-0.0039763018","0.0055414047","0.0031142994","0.00020551936","-0.0045593185","0.00019011392","-0.0040777926","-0.0021466732","-0.0045848354","0.0016202849","-0.003749743","0.0003040471","-0.0030011972","0.00045753678","0.0034179133","-0.00023160408","-8.856923e-05","0.0009927604","-0.00262229","-0.0008311592","-0.0019204128","0.001693831","-0.0009724535","-0.0026840903","-0.0013402244","-0.0023038934","-0.000955738"
"Human end-stage renal disease","1.1060907","-0.123649746","-0.016537977","-0.010864765","0.030068252","-0.014969026","-0.052957408","-0.09256469","-0.003367989","-0.038391817","0.03137204","-0.13096713","0.074521385","-0.052108526","-0.08368623","-0.06824894","0.15391047","-0.42798787","1.1163663","0.2491927","-0.6701951","-0.045014255","1.1051489","-0.35964552","0.71233016","0.43437445","-0.5549218","1.4575068","-0.8287713","0.5396252","-3.0848765","1.3998073","0.89462554","1.3508093","0.45047536","-0.60362786","-1.686357","2.006405","0.2983415","-1.1583872","-1.0829505","1.6636686","0.0369015","-0.0018834847","1.3929383","0.9475428","1.7045233","-0.6709521","-0.8591029","0.36673534","-0.17470257","-0.6262357","-0.19168516","0.23202476","-1.8016688","1.2621028","1.6112158","-1.4537627","1.0151031","-2.2433498","-2.7410161","1.046973","2.2904487","1.1902431"
"Human papilloma virus infection","1.2482392","-0.19679865","-0.040329464","-0.0015284455","0.009163573","0.0039329045","-0.034482572","-0.03492336","0.04153472","0.006881387","-0.017274497","-0.068882056","-0.04211079","-0.057699688","-0.15514182","-0.07204596","-0.0833986","-0.08190703","0.31077927","-0.6813743","-1.122583","-0.34208888","-0.13633186","-2.0067623","-0.36840886","-1.7598804","1.4563406","-1.4406214","0.5286936","-1.4398214","1.8432789","-1.6968334","-1.0092629","0.4736503","-0.23955402","0.8770023","-1.8673582","-0.6154164","1.9915404","-0.53868765","-1.4536185","-2.0927005","-2.128994","1.1234058","1.0789195","-0.5601446","0.24330647","-0.8753055","-0.78721696","0.4999992","0.4080965","0.0782706","-0.41761616","-0.593701","-1.1476552","0.29410604","-1.1951214","1.403113","0.19839408","1.3997582","-1.5663558","-1.6973286","6.619525","-1.2607797"
"Huntington's Disease","1.0795832","-0.33640963","-0.0099330535","0.15604675","-0.041830238","-0.029433815","-0.13537396","-0.19002165","-0.059384782","-0.17052466","-0.19814093","-0.24610114","-0.18641675","-0.4059355","-0.25722057","-0.23411044","0.046983678","-0.10689636","-0.62643135","-0.100169376","-0.44732672","-1.4834881","-1.3065068","1.4920661","1.7742335","-0.27101147","0.12551525","0.6251687","-1.2988149","0.959807","0.101617314","0.21507466","1.7683265","-0.08379347","2.1652174","0.51800245","-1.3721335","-1.9487609","1.1324688","-0.77362096","-0.3362071","1.5568504","1.0991515","-1.0029176","1.6066152","-3.2628028","-2.1086094","-1.5294629","1.3622317","2.601285","0.12472174","-2.2349184","-1.4010202","0.4978725","-0.35980842","0.8020662","2.7397661","-0.5645646","-1.0664536","2.2498903","-0.0961662","-2.2623162","1.5277627","1.9547342"
"Hutchinson-Gilford progeria syndrome","1.3507661","-0.1917754","-0.0077312146","0.019154342","-0.013940801","0.04494146","-0.066817425","-0.054748956","-0.0036967162","-0.059789483","-0.074640766","-0.16015536","-0.06845048","0.10907705","-0.07266166","0.029531088","-0.34341186","-0.08884522","-0.25163597","0.42490587","0.31806138","0.56887865","-1.5221406","0.72368544","0.13641737","2.1352654","-0.16663598","-0.6281824","1.7780362","0.2944061","0.6081248","0.23655511","1.5874323","0.272776","-1.111196","0.29771778","-2.334971","-1.3253413","0.99404126","-0.86828077","0.6091659","0.3609801","0.48885068","-0.25790387","0.035810016","-0.62096184","-1.6860008","-2.2722628","-0.1342612","-0.8071006","0.32491228","0.26959237","-1.5499041","-0.2572948","-1.0695499","-0.4913733","-1.1141828","2.0521472","1.3616991","0.23562601","1.5399607","-1.4164577","0.8815897","-2.097438"
"Hyper IgE syndrome","1.2364606","-0.16156763","-0.046683375","0.022920478","0.007625526","-0.024923306","-0.00827544","0.26812068","-0.019601114","-0.04358475","0.069299504","-0.05592201","0.0071729156","-0.19413216","-0.13355699","0.036112446","-0.16381787","0.48293036","0.13270466","0.446308","1.1537735","-0.6895401","0.52394235","0.45020145","0.9445872","0.14894553","-2.3931124","0.32390308","2.2367544","0.4062433","0.17031094","-0.182336","-0.93710685","-0.7459966","-1.7350553","1.6213466","1.62323","-3.5475297","0.99342155","2.613132","-2.5513432","0.4243457","1.4239745","-1.3214101","1.5339814","1.0963922","0.3377236","-1.041063","0.029742008","1.2352027","0.6009598","2.965386","0.8321967","0.9696871","-1.2150356","0.49755576","-3.7681668","0.27984664","2.6801581","1.5445417","-1.1145415","-0.85693634","2.0453858","2.8389995"
"Hyperglycemia","1.3333831","-0.14240967","-0.00772183","-0.027346043","-0.039535217","0.09015095","-0.086584575","-0.07815572","0.02516413","-0.09389876","0.0912492","-0.14060155","-0.095910676","-0.107367545","0.20187627","-0.050189827","-0.24236855","-0.16856241","-1.0082545","-0.46760932","-0.52343","-0.3101147","-0.29611796","0.38935447","-1.1079642","1.2511839","0.9301244","-1.0390838","0.8872649","-2.625627","-3.1586359","2.0533926","1.0130283","-1.0068159","-0.31676042","-0.96665615","1.2674606","-0.50809896","0.82689863","0.30354318","-2.2993376","2.0475283","-2.6180172","-2.9280844","0.27532035","0.12185638","-1.272832","0.076574504","0.4319177","-1.5293208","-0.20814812","1.4357426","2.3285825","0.56309","-1.0021353","-0.66900706","2.374675","0.83068705","1.8713444","-0.6762338","-1.5538086","0.4461077","1.7070979","-3.5887597"
"Hyperlipidemia","1.3255606","-0.13914162","0.10819743","-0.1590762","-0.045406073","0.05223309","-0.08007431","0.003900115","-0.053450212","-0.20746934","-0.03156254","-0.22245616","0.0057054674","-0.12130922","0.09445512","-0.003286568","0.049221925","-0.27509692","0.13506109","-1.0855018","-0.6905495","-0.65549797","-0.17685336","-1.0653758","0.942169","3.8006437","-0.90561247","1.3145763","1.9165294","0.4564148","0.69539326","-0.2676729","0.8225044","-0.7950446","-1.045955","-1.6469741","0.294732","-0.60680634","-0.81231433","0.51964116","0.27860788","-0.061365057","0.23584892","1.1119338","0.15310979","-1.7469139","-1.5447989","-1.0168697","1.0896845","3.255813","-1.0212518","-1.5720403","-2.559923","0.83655965","0.71795297","-0.709275","-1.2021205","-1.0040249","0.041763034","0.6112661","0.76059353","-0.8528371","0.82742953","1.2470214"
"Hypertension","1.003638","-0.059455454","0.14227158","-0.10289398","-0.030486481","0.055646308","-0.03148921","0.057995327","-0.047993056","-0.035280067","0.08387379","-0.05520425","-0.021929618","-0.09052497","0.18029161","0.053271275","-0.30119509","0.028712794","0.020630948","-0.34241134","0.9879526","-0.7908446","1.529938","-0.5748992","1.046155","2.81823","0.5597552","2.2033033","-1.6267835","0.69078016","-1.3973073","-1.8921798","-0.48296082","3.1823466","-0.42102376","-1.3548943","0.2039936","-1.0575844","-1.0791298","0.9082191","-1.1633648","-1.721311","3.1711411","-0.93682307","-0.94386435","2.2705739","-1.0131339","-1.488536","-1.5622151","-0.29421195","6.1607656","2.298278","-2.0223644","-1.0924103","1.2121515","2.2739902","0.13459338","-1.4665928","0.11900849","-0.2992941","-1.439135","1.9675721","1.3059763","-2.2274475"
"Hypopharyngeal cancer","1.2520388","-0.1683864","-0.037277214","0.0065375054","0.044553123","-0.014511979","-0.08589012","0.06887626","-0.0061272397","-0.13901497","-0.008489889","-0.042444523","-0.022232004","-0.023870202","0.07119158","-0.04876102","-0.17281769","0.08568962","-0.4084909","1.1008135","0.9300984","-0.02993505","-0.33697826","-0.8461556","1.6575717","1.8115752","1.31434","0.21574126","1.2902018","1.4059008","0.76470584","0.632111","1.1350547","0.49960497","0.6226757","0.026282452","-0.5907104","1.0950742","-1.9045792","-1.1477973","1.3632218","0.9189013","-1.0541728","1.2294215","1.6943249","-0.047658212","-1.104426","-1.1499381","2.9772596","0.021377156","0.15283276","0.3569773","-0.8894938","2.2246456","1.9261748","0.027859088","0.43822652","2.2365406","2.4718256","1.8446417","-1.1083354","1.7380743","-1.8774879","0.035662733"
"Idiopathic Pulmonary Fibrosis","1.259634","-0.19338813","-0.06735383","-0.007086615","-0.0035298348","0.023774488","-0.049347237","-0.1370411","-0.02681346","0.02016244","0.22641326","0.10983187","-0.08003924","-0.26985508","-0.19962943","0.3909827","-0.038496703","0.2724882","-0.3720852","0.6702928","0.100870796","0.883476","0.46128994","0.27173424","1.4105935","-0.14873461","0.26691625","-1.6000617","1.3406129","0.3195691","-1.0057995","-0.36142442","-1.6583118","2.566663","1.1482329","-1.1721298","-0.5316402","-1.7645307","0.8281292","-1.3586793","0.31001478","-0.88368815","0.47647113","4.0066986","-1.8270555","1.7129912","-0.91999674","0.95111954","-1.1578295","1.1240319","0.3909241","-0.65094286","0.94068724","0.6211159","0.36865684","-0.10639979","2.8722286","2.092205","-0.20921116","-2.3225348","3.0710402","-1.8708432","-1.1775652","1.0616806"
"Idiopathic REM Sleep Behavior Disorder","1.2640516","-0.18772501","0.10106982","0.24808958","0.008874315","-0.0054355417","-0.061950654","-0.0980544","0.01753687","-0.091549195","0.029438503","0.36876512","-0.14318016","0.20526612","-0.18476687","0.08311941","-0.548491","0.54600275","-0.649858","0.0905387","0.3566798","0.9156638","-1.1037688","-0.51261353","0.18696022","-0.6259935","1.2630167","-0.5283226","0.592857","2.3525712","-0.4915346","1.4255193","-0.92619646","0.1633836","-1.2888335","1.693706","-2.6774397","-0.4925435","0.34301934","-0.26500914","1.2957582","-0.84955865","-0.96266747","-2.3243203","0.6663839","1.7166578","-1.5601485","0.37381652","0.7428693","1.0162101","0.3744082","-1.8674861","0.1387696","-2.9160001","0.28177437","0.040581252","-0.857645","-1.5239345","1.1043413","-3.0244558","0.32173744","1.1721977","1.1301355","-2.3484054"
"Idiopathic central precocious puberty","1.2895346","-0.10777696","-0.07694259","-0.06801798","0.01611954","0.06644168","-0.035197306","-0.14742315","-0.00014377112","0.023831122","-0.062883355","-0.14983623","-0.12139272","0.09720219","-0.13539141","0.024928387","-0.2946132","-0.20210703","0.10269247","-0.29407072","-0.4818496","-0.39929986","-0.31587353","0.086513236","-0.7376564","3.3046792","-1.9830097","-0.76732177","0.534704","-0.57835144","0.82896465","0.74038154","-2.2490606","0.32716432","1.4565779","0.48146075","-0.07984158","-0.9654769","0.81086445","-0.28895262","-1.0737121","-1.129524","1.0278867","-1.148065","-0.501206","-1.1424142","0.36418122","1.2447536","0.33192503","-2.476359","-0.68074256","-0.032076325","0.14771889","1.0725907","0.115638494","0.9486689","1.9126928","2.9853754","0.7675149","-1.8356992","3.8713677","2.2223265","-0.11482354","0.44881684"
"Idiopathic focal epilepsy","1.152415","-0.11129217","0.06861942","0.17644052","0.0065226713","-0.0045694476","-0.031854928","-0.02834897","-0.007921007","-0.12495461","0.0068847043","-0.1155678","-0.121258914","-0.14432706","0.08651519","0.11429787","-0.07140787","-0.10762046","-0.02855032","-0.24949731","-0.1983873","-0.69825274","1.285272","0.1047932","0.20738077","1.3101681","-1.1011701","-0.582619","0.41567007","0.7165869","-1.7063286","1.4656516","-0.9553255","0.9447693","0.3497642","0.01031646","-2.6548445","-0.37217286","-2.8940287","-0.8409148","1.6319793","-2.738913","1.3768382","1.1776658","-0.42376703","-2.679723","-0.36576343","2.7206693","0.20834571","0.63729817","0.696309","3.140239","-0.61561275","0.6329917","-0.14524926","1.4210095","-0.7571032","1.1274525","0.08652393","-0.54524446","-0.81334704","0.112662055","-1.8415287","4.1470757"
"Idiopathic infertility","1.2917402","-0.16110523","-0.04597474","-0.05771692","-0.00587248","-0.0049602613","-0.02376516","-0.048134957","0.020327767","-0.045570634","-0.09832967","-0.14814478","-0.116212666","-0.020357281","-0.03617519","-0.048462622","-0.009203288","-0.52381027","-0.6778669","-0.3569497","-0.060969036","0.07207946","-0.25549558","-0.24077924","-0.15180957","0.78737944","-1.3667222","-1.845239","-1.2029058","-1.8268977","-0.076414816","0.15940517","0.48929015","0.20278525","-0.8036938","1.0317471","1.3748785","-1.6628222","-0.71429366","-0.30963597","-0.1121106","0.015350481","2.1055176","-1.6150546","1.8226153","-1.8633957","-0.83908343","1.3007956","-0.27426976","-0.3009692","-0.20807956","0.24397296","-2.1450186","-3.2682288","1.1059339","1.7285211","1.017862","-1.300377","-0.6368238","1.6445279","-1.5282763","2.4724493","-5.6800427","0.86567456"
"Idiopathic nephrotic syndrome","1.3322783","-0.18846947","-0.05271982","-0.038952865","-0.035881147","-0.011851641","-0.13897517","-0.07133055","0.022067688","-0.0937917","-0.15074441","-0.11415259","-0.034397885","-0.06734965","-0.05980114","-0.28512353","0.078372896","-0.11521715","-0.09367006","-0.50608027","-0.06261359","-0.3023582","-0.07930524","-1.4252819","-0.014142362","1.2494665","-2.4698813","1.0010693","-0.7460486","-1.8606726","0.5033443","0.2552162","-1.3706441","-1.3908787","-1.7890383","0.62783843","-1.0664338","-1.1333065","0.3459514","-2.863162","-0.0024174163","0.34508693","-1.8259581","0.034115486","-0.31220782","0.9019003","-0.5189583","1.1974247","-0.75445485","-0.014800861","-0.9903924","-1.2361646","0.08629681","-0.9806135","1.4711683","1.1626176","-0.3708898","0.5276635","-0.75677866","0.6446075","-0.9747944","-0.1341041","-1.1198306","0.86419475"
"IgE-mediated atopic diseases","-0.8610144","-0.06204689","-0.022810645","0.0020611463","-0.0009565658","-0.00045902724","-0.018918822","-0.025630439","-0.0039312975","-0.018969087","-0.016530914","-0.035641547","-0.007943889","-0.0072050034","-0.013963499","-0.020377705","-0.010373334","-0.010835765","-0.016133092","-0.011339596","-0.011538723","-0.0045860168","-0.023036573","-0.014183245","-0.003153893","0.010902799","-0.006406742","-0.01712594","0.0009230043","-0.0017532083","-0.014034494","-0.0038970762","-0.009691642","0.00065829273","0.0020159772","-0.0066735","-0.0004295523","-0.0039763018","0.0055414047","0.0031142994","0.00020551936","-0.0045593185","0.00019011392","-0.0040777926","-0.0021466732","-0.0045848354","0.0016202849","-0.003749743","0.0003040471","-0.0030011972","0.00045753678","0.0034179133","-0.00023160408","-8.856923e-05","0.0009927604","-0.00262229","-0.0008311592","-0.0019204128","0.001693831","-0.0009724535","-0.0026840903","-0.0013402244","-0.0023038934","-0.000955738"
"Ileal Crohn's disease(CD)","-0.8610144","-0.06204689","-0.022810645","0.0020611463","-0.0009565658","-0.00045902724","-0.018918822","-0.025630439","-0.0039312975","-0.018969087","-0.016530914","-0.035641547","-0.007943889","-0.0072050034","-0.013963499","-0.020377705","-0.010373334","-0.010835765","-0.016133092","-0.011339596","-0.011538723","-0.0045860168","-0.023036573","-0.014183245","-0.003153893","0.010902799","-0.006406742","-0.01712594","0.0009230043","-0.0017532083","-0.014034494","-0.0038970762","-0.009691642","0.00065829273","0.0020159772","-0.0066735","-0.0004295523","-0.0039763018","0.0055414047","0.0031142994","0.00020551936","-0.0045593185","0.00019011392","-0.0040777926","-0.0021466732","-0.0045848354","0.0016202849","-0.003749743","0.0003040471","-0.0030011972","0.00045753678","0.0034179133","-0.00023160408","-8.856923e-05","0.0009927604","-0.00262229","-0.0008311592","-0.0019204128","0.001693831","-0.0009724535","-0.0026840903","-0.0013402244","-0.0023038934","-0.000955738"
"Inactive Crohn's Disease","1.3018004","0.20629695","-0.3121614","0.0122468565","-0.054218948","-0.027415289","0.14165798","-0.16426072","-0.016328672","-0.055847477","-0.18828642","-0.11284237","-0.110859394","0.03923792","0.49876952","-0.17865542","0.1515877","-0.19091842","0.49123725","-0.044578362","-1.1887887","0.17516683","0.13622904","0.9508251","-3.6911173","-0.10573209","0.7159628","1.8562565","-0.34996504","1.5490843","1.1717122","-0.34461892","-0.93125397","-1.8943108","-0.35673398","-0.97517383","1.2814844","-1.1298236","0.98166925","0.9406328","-2.078501","0.7564142","-0.21718243","0.95148635","0.065279596","1.0882543","-0.9725629","-0.37232146","1.9197779","-0.85158235","-1.3320634","1.8686658","0.9689183","1.7905182","1.5902709","-2.9128518","1.1331728","-0.16620903","-1.0490395","-2.7604818","1.392156","2.85468","-0.93134576","-0.49082085"
"Infant colic","1.1163247","-0.39888212","-0.12724738","0.035373285","0.0042776056","-0.038418163","-0.15892124","-0.14042753","-0.02493809","-0.09785335","0.012570995","-0.13813603","-0.06366942","-0.36886021","0.0044033243","-0.23009993","-0.36614138","-0.58380616","-1.2564737","0.39134136","-1.1054931","-0.2344134","-1.9022981","0.36559212","0.56015223","-0.3854379","0.3784422","2.1344123","1.0743821","0.22345662","1.195881","2.9325366","-1.433911","-2.0411048","0.34600577","0.793061","2.3247745","-1.388526","0.7598157","2.2046497","0.07660025","-0.6105344","0.9095407","2.922665","0.39494345","0.09770902","-1.2035195","-1.3029536","1.4964926","0.41051936","0.9507183","-1.2438625","1.3606126","-2.2399526","1.3304204","0.76006293","-0.922222","0.88805455","1.3918895","-0.75805634","-2.6797605","0.77916074","-1.2591208","0.4803726"
"Infantile eczema","0.8767055","-0.08785578","0.019904077","-0.04123116","-0.02716392","0.048421785","0.021581102","-0.050379362","0.04977041","0.01253111","0.05366384","-0.14418872","-0.020154886","0.11226775","0.16190405","0.40005857","0.4413957","-0.10591262","-0.016830496","0.6263533","-0.11201496","0.829458","1.9582609","-0.05287804","-0.08634771","0.86968493","-2.0129898","-1.4676341","0.2659089","-1.0925506","4.5825777","1.662651","-0.0332311","2.0656219","-3.2304897","0.25937814","2.074324","0.12886265","0.036137924","2.2023084","-0.34491697","5.561426","0.6883316","-2.4876893","0.44383684","1.7574632","0.9268248","-0.29677218","-1.4316772","1.6506953","-1.2069181","1.4889908","-0.9320758","0.16631584","-0.7749195","-2.1369169","-0.17660393","-1.0955311","-1.2281586","-0.47474906","1.1563613","3.2871978","-1.3162944","-0.45727062"
"Infectious colitis","-0.8610144","-0.06204689","-0.022810645","0.0020611463","-0.0009565658","-0.00045902724","-0.018918822","-0.025630439","-0.0039312975","-0.018969087","-0.016530914","-0.035641547","-0.007943889","-0.0072050034","-0.013963499","-0.020377705","-0.010373334","-0.010835765","-0.016133092","-0.011339596","-0.011538723","-0.0045860168","-0.023036573","-0.014183245","-0.003153893","0.010902799","-0.006406742","-0.01712594","0.0009230043","-0.0017532083","-0.014034494","-0.0038970762","-0.009691642","0.00065829273","0.0020159772","-0.0066735","-0.0004295523","-0.0039763018","0.0055414047","0.0031142994","0.00020551936","-0.0045593185","0.00019011392","-0.0040777926","-0.0021466732","-0.0045848354","0.0016202849","-0.003749743","0.0003040471","-0.0030011972","0.00045753678","0.0034179133","-0.00023160408","-8.856923e-05","0.0009927604","-0.00262229","-0.0008311592","-0.0019204128","0.001693831","-0.0009724535","-0.0026840903","-0.0013402244","-0.0023038934","-0.000955738"
"Infective colitis","1.2744857","0.14925684","-0.26304558","0.026833562","0.028703596","-0.04211203","0.19291185","-0.18718912","-0.04458316","-0.030292256","-0.10809153","-0.22275503","-0.055453647","0.10777546","0.2873108","-0.10639356","0.082253635","-0.3776837","-0.08930898","0.2818577","0.5964986","-1.9373395","-0.012598415","0.8139267","-2.779354","0.048727583","0.23565713","1.3467778","-0.8194742","-0.77140874","-1.6438309","-0.4411501","-2.208856","-0.72077185","0.64279586","1.3945861","0.11131074","-1.4046627","2.83018","0.030567","0.40258524","-1.3627076","-1.325068","1.1981064","0.45743278","1.5531863","0.4279097","0.18831928","-0.4203299","1.0563997","0.26917043","0.52720076","0.660633","0.08366276","0.90927786","-1.7962362","-0.5756007","-0.75064707","2.6547017","-0.31496722","2.6303263","-0.53600824","0.85341644","-1.5855281"
"Inflammation","-0.8610144","-0.06204689","-0.022810645","0.0020611463","-0.0009565658","-0.00045902724","-0.018918822","-0.025630439","-0.0039312975","-0.018969087","-0.016530914","-0.035641547","-0.007943889","-0.0072050034","-0.013963499","-0.020377705","-0.010373334","-0.010835765","-0.016133092","-0.011339596","-0.011538723","-0.0045860168","-0.023036573","-0.014183245","-0.003153893","0.010902799","-0.006406742","-0.01712594","0.0009230043","-0.0017532083","-0.014034494","-0.0038970762","-0.009691642","0.00065829273","0.0020159772","-0.0066735","-0.0004295523","-0.0039763018","0.0055414047","0.0031142994","0.00020551936","-0.0045593185","0.00019011392","-0.0040777926","-0.0021466732","-0.0045848354","0.0016202849","-0.003749743","0.0003040471","-0.0030011972","0.00045753678","0.0034179133","-0.00023160408","-8.856923e-05","0.0009927604","-0.00262229","-0.0008311592","-0.0019204128","0.001693831","-0.0009724535","-0.0026840903","-0.0013402244","-0.0023038934","-0.000955738"
"Inflammatory Bowel Disease","0.7384783","0.4234335","-0.2095711","0.021262879","-0.024475936","-0.0024216035","0.3312688","-0.02305999","-0.02213402","0.081860006","0.012129718","-0.14873797","-7.0374226e-05","0.13706294","0.3903336","0.12435519","-0.16632871","-0.13330375","-0.033018645","0.42329833","-0.8607527","0.1462087","1.0731709","2.4641414","-5.7509956","-1.2907933","-1.013757","-0.9242778","-1.2302033","1.340579","2.197719","0.8303866","-1.5860329","-2.2649705","-0.15313518","-1.0356637","-0.3004557","-1.6726489","-2.5605474","2.0286264","1.8353878","0.42498046","0.3331226","4.820247","-0.3225603","-0.12116203","-0.4089114","2.2551737","-1.2240858","-3.6345375","-1.874898","-1.136014","0.6397871","-3.7334845","-2.4612744","-1.2020419","0.7137244","1.61595","0.36100715","-4.098195","0.94708157","-0.20727547","3.9643307","0.7324253"
"Inflammatory Bowel Diseases","-0.8610144","-0.06204689","-0.022810645","0.0020611463","-0.0009565658","-0.00045902724","-0.018918822","-0.025630439","-0.0039312975","-0.018969087","-0.016530914","-0.035641547","-0.007943889","-0.0072050034","-0.013963499","-0.020377705","-0.010373334","-0.010835765","-0.016133092","-0.011339596","-0.011538723","-0.0045860168","-0.023036573","-0.014183245","-0.003153893","0.010902799","-0.006406742","-0.01712594","0.0009230043","-0.0017532083","-0.014034494","-0.0038970762","-0.009691642","0.00065829273","0.0020159772","-0.0066735","-0.0004295523","-0.0039763018","0.0055414047","0.0031142994","0.00020551936","-0.0045593185","0.00019011392","-0.0040777926","-0.0021466732","-0.0045848354","0.0016202849","-0.003749743","0.0003040471","-0.0030011972","0.00045753678","0.0034179133","-0.00023160408","-8.856923e-05","0.0009927604","-0.00262229","-0.0008311592","-0.0019204128","0.001693831","-0.0009724535","-0.0026840903","-0.0013402244","-0.0023038934","-0.000955738"
"Inflammatory bowel disease","-0.8610144","-0.06204689","-0.022810645","0.0020611463","-0.0009565658","-0.00045902724","-0.018918822","-0.025630439","-0.0039312975","-0.018969087","-0.016530914","-0.035641547","-0.007943889","-0.0072050034","-0.013963499","-0.020377705","-0.010373334","-0.010835765","-0.016133092","-0.011339596","-0.011538723","-0.0045860168","-0.023036573","-0.014183245","-0.003153893","0.010902799","-0.006406742","-0.01712594","0.0009230043","-0.0017532083","-0.014034494","-0.0038970762","-0.009691642","0.00065829273","0.0020159772","-0.0066735","-0.0004295523","-0.0039763018","0.0055414047","0.0031142994","0.00020551936","-0.0045593185","0.00019011392","-0.0040777926","-0.0021466732","-0.0045848354","0.0016202849","-0.003749743","0.0003040471","-0.0030011972","0.00045753678","0.0034179133","-0.00023160408","-8.856923e-05","0.0009927604","-0.00262229","-0.0008311592","-0.0019204128","0.001693831","-0.0009724535","-0.0026840903","-0.0013402244","-0.0023038934","-0.000955738"
"Inflammatory bowel disease(IBD)","-0.8610144","-0.06204689","-0.022810645","0.0020611463","-0.0009565658","-0.00045902724","-0.018918822","-0.025630439","-0.0039312975","-0.018969087","-0.016530914","-0.035641547","-0.007943889","-0.0072050034","-0.013963499","-0.020377705","-0.010373334","-0.010835765","-0.016133092","-0.011339596","-0.011538723","-0.0045860168","-0.023036573","-0.014183245","-0.003153893","0.010902799","-0.006406742","-0.01712594","0.0009230043","-0.0017532083","-0.014034494","-0.0038970762","-0.009691642","0.00065829273","0.0020159772","-0.0066735","-0.0004295523","-0.0039763018","0.0055414047","0.0031142994","0.00020551936","-0.0045593185","0.00019011392","-0.0040777926","-0.0021466732","-0.0045848354","0.0016202849","-0.003749743","0.0003040471","-0.0030011972","0.00045753678","0.0034179133","-0.00023160408","-8.856923e-05","0.0009927604","-0.00262229","-0.0008311592","-0.0019204128","0.001693831","-0.0009724535","-0.0026840903","-0.0013402244","-0.0023038934","-0.000955738"
"Inflammatory bowel diseases","-0.8610144","-0.06204689","-0.022810645","0.0020611463","-0.0009565658","-0.00045902724","-0.018918822","-0.025630439","-0.0039312975","-0.018969087","-0.016530914","-0.035641547","-0.007943889","-0.0072050034","-0.013963499","-0.020377705","-0.010373334","-0.010835765","-0.016133092","-0.011339596","-0.011538723","-0.0045860168","-0.023036573","-0.014183245","-0.003153893","0.010902799","-0.006406742","-0.01712594","0.0009230043","-0.0017532083","-0.014034494","-0.0038970762","-0.009691642","0.00065829273","0.0020159772","-0.0066735","-0.0004295523","-0.0039763018","0.0055414047","0.0031142994","0.00020551936","-0.0045593185","0.00019011392","-0.0040777926","-0.0021466732","-0.0045848354","0.0016202849","-0.003749743","0.0003040471","-0.0030011972","0.00045753678","0.0034179133","-0.00023160408","-8.856923e-05","0.0009927604","-0.00262229","-0.0008311592","-0.0019204128","0.001693831","-0.0009724535","-0.0026840903","-0.0013402244","-0.0023038934","-0.000955738"
"Influenza A","1.1038587","-0.14022996","-0.027543856","0.012978412","0.0029602936","-0.0115466975","-0.062479313","-0.044469606","-0.083140776","0.14131005","0.15465909","-0.023371067","-0.018337285","0.104318395","-0.044706345","0.20906623","-0.04026387","0.1701064","0.16761285","0.48764333","-0.41362357","0.69834775","-1.2793549","1.5171838","0.86258125","-1.0754169","-0.8628433","-1.4902318","0.104401425","1.4922279","1.2570026","-0.91049445","1.8155102","3.168686","0.83108896","1.0267963","0.5850512","-0.08053378","-1.8560929","-1.6733458","0.28586876","-0.1846478","-1.4067394","0.51999277","0.73446065","0.9242531","2.637377","0.94462174","0.10704203","0.8110552","-0.05790142","-1.1774019","0.6969694","-1.5417237","1.2670581","-0.5915871","1.1190442","0.9402139","-0.23015645","3.1662166","1.1955861","4.476918","1.1608212","1.0627651"
"Interstitial cystitis","1.1547298","-0.16268739","-0.035457976","-0.0030716935","-0.028304225","0.010991535","-0.09247693","-0.084298015","-0.05427446","-0.02396853","-0.119869955","-0.06514466","0.10783632","0.008344068","0.14835864","-0.0639565","0.07093624","0.2387538","0.21099935","-0.585036","0.47405237","-0.31384307","-0.22466043","-0.8650309","-0.020902706","1.1329561","-3.2453387","-1.0635453","-0.5103135","0.5737994","-0.49325296","0.5042842","0.25907895","-0.68254167","-0.5144855","1.9878618","-5.2591977","0.46436563","1.2137219","0.1330516","-3.6009364","1.3138305","-0.5182452","0.37372345","-1.2194208","-0.15146694","-2.5643053","1.7501248","1.1034262","1.8632891","1.3292702","0.23191169","-1.3149924","-2.1474135","-2.6518939","-1.487126","-2.1065042","0.9810488","-2.39223","1.7856488","0.14692806","-2.978049","0.1423109","-0.30785194"
"Intestinal metaplasia","1.312136","-0.16950853","-0.017544758","-0.06805047","-0.018452654","-0.04281612","-0.11517325","-0.022001268","-0.004071173","-0.10502929","-0.028059667","-0.13244297","0.029171236","-0.19663347","-0.28985465","-0.20703252","-0.07309381","-0.4384358","0.1363416","-0.16282168","1.4626232","-0.019184211","1.1364205","-1.1505736","1.2240965","-0.33652538","2.2604673","-0.07634751","-1.7766303","0.050146114","0.537053","-1.3644881","0.7380161","1.1442422","0.41688585","-1.5415382","-1.1116959","0.05875756","0.77480227","1.044604","0.42637464","-2.7076488","-1.9864045","0.10342479","0.48304406","0.412622","0.15051952","-0.020137524","0.9750298","0.4105116","0.30392584","-0.6031782","-1.5615572","-0.13837232","0.68921274","-0.04139515","-1.091801","0.7732717","-0.7885978","1.2585267","-2.2314038","-2.5325894","1.0417728","-2.4796753"
"Intrahepatic Cholangiocarcinoma","1.2982235","-0.1338822","-0.034801453","0.11815098","-0.009521534","-0.013064597","-0.08236306","-0.060513213","-0.013804049","-0.073145285","-0.045637127","0.01731373","0.04800766","0.2283304","-0.1267977","-0.17838545","-0.08349049","0.26097447","0.6409586","0.45963657","-0.14137314","-0.29430076","0.05784357","-0.23447849","0.49235016","-2.343315","1.656715","0.9393876","2.0037067","2.175745","-1.3153173","-0.38829887","-1.687967","0.78474224","-0.78018767","0.0146827735","-0.5191641","1.3298864","-0.17630571","0.97997946","4.0619125","-0.12568453","-0.73941326","0.6171732","-2.560841","-2.024426","-1.2667596","3.1355126","0.4479442","3.4376342","0.90099454","1.41593","0.9778144","-0.11493906","-1.757783","0.62500954","1.2865493","1.8402001","-0.66866493","0.014734576","0.14679213","0.45057377","1.1423208","-0.57400584"
"Invasive colorectal cancer","1.1307617","0.03893184","-0.16517152","0.042714555","0.05311678","-0.004407326","0.092731476","-0.094108075","-0.009996633","0.050545823","0.031427085","-0.07474323","-0.10326407","-0.0020665308","0.21754554","0.061991245","-0.016925832","-0.11887624","0.4433255","0.46454796","-0.81346107","2.1981668","0.660581","0.09930175","-1.4239899","-0.3000598","-2.7041104","0.6849448","1.3386781","0.25066522","-0.5757466","-1.0617112","0.7657698","-2.2476938","-0.9972737","0.28421465","1.030879","0.9543339","-0.75091594","0.32415178","-1.6329666","-0.96071774","1.3017905","-0.46667776","2.3795357","-2.6073675","-2.4365559","-0.6759424","-1.9414403","-0.9957462","0.26543114","3.155739","-0.22715542","0.5544236","-0.7280806","0.26080447","2.6031427","0.048436552","0.012243818","-0.676267","-1.806148","0.45874283","0.14933611","0.040421315"
"Invasive pneumococcal disease","1.2239172","-0.12299844","-0.10165377","0.012563127","-0.009199937","-0.034443405","0.022572111","-0.02047147","-0.05060996","0.058328968","-0.03026191","-0.1822667","0.14163925","-0.007887905","-0.19935629","-0.08064675","0.17595871","-0.29513615","-0.40195978","-0.47877356","0.018799428","-0.12996909","0.44214588","0.44741958","0.9948817","-1.8179559","0.6110915","-3.353828","-2.6321337","-0.19922209","-0.69980454","-0.27739766","-0.040530477","-1.1254379","-0.87099105","-2.3275225","-0.12973845","0.41938248","-1.3524932","-0.90159845","-1.1833577","-0.29271802","-0.5407596","-0.4148685","0.8140894","-2.5879555","1.4939287","-3.0499513","0.10207586","1.3348929","0.872789","1.39101","-0.100603156","1.3425268","0.39361495","-2.2659667","3.1124141","2.38695","-1.0592355","-0.5374628","-1.5224736","0.7848249","-1.7147644","-1.4379019"
"Iron-deficiency anaemia","1.2783179","-0.03981823","-0.13055384","0.0031148754","-0.033555496","0.019954404","-0.0435317","-0.14254603","0.028791895","0.084210746","-0.039011054","-0.10819157","-0.09268824","0.06592901","0.011435342","-0.34073395","0.14304912","-0.35844582","0.12695636","0.0546221","0.14591578","-0.20473307","-0.96564573","0.19442761","-1.4178966","0.45459357","0.31883723","-0.1915","0.40613863","0.087321855","-0.04186179","0.919096","1.9708561","-1.0181758","-1.0843272","-1.1645179","-0.96248275","-0.48067483","1.7122196","0.80261356","-1.12141","2.1671388","-1.1375877","-1.8863094","0.26973638","-1.4769322","0.041317206","-0.41873154","1.823618","2.0161319","-1.0000604","0.6310154","-0.7812488","-1.3139111","-0.15355301","0.30502492","2.641451","-0.6884386","-1.593472","0.81783867","-0.8353906","-2.2107499","2.6167932","1.6418138"
"Irritable Bowel Syndrome","0.037852783","1.6075423","-0.32478318","-0.025363795","0.16227768","-0.015251849","0.9702993","-0.040512778","0.09140233","0.83060706","0.08687944","0.23168398","0.3502801","10.788918","25.834892","0.6225262","-1.9327896","-0.060995687","-0.778434","-0.80040795","-0.34026414","-0.18510082","-0.86230654","-0.09966891","1.4768834","0.46606022","0.034025665","0.2594016","0.38595924","0.05138807","0.11249334","0.055010952","0.34877244","0.1164182","-0.16141948","-0.19069876","-0.08468793","0.38361475","0.046891317","0.078047276","-0.17265373","-0.055003565","-0.09527472","-0.06116912","-0.0102297105","0.033967808","0.08856786","-0.01666303","0.060262807","0.018336363","-0.01763489","0.006128375","-0.041427404","-0.026415935","0.10813676","0.042834155","0.059296433","0.027876025","0.0040951357","-0.027391521","-0.038367618","0.053691797","0.0045536538","-0.0018744783"
"Irritable Bowel Syndrome with constipation","-0.8610144","-0.06204689","-0.022810645","0.0020611463","-0.0009565658","-0.00045902724","-0.018918822","-0.025630439","-0.0039312975","-0.018969087","-0.016530914","-0.035641547","-0.007943889","-0.0072050034","-0.013963499","-0.020377705","-0.010373334","-0.010835765","-0.016133092","-0.011339596","-0.011538723","-0.0045860168","-0.023036573","-0.014183245","-0.003153893","0.010902799","-0.006406742","-0.01712594","0.0009230043","-0.0017532083","-0.014034494","-0.0038970762","-0.009691642","0.00065829273","0.0020159772","-0.0066735","-0.0004295523","-0.0039763018","0.0055414047","0.0031142994","0.00020551936","-0.0045593185","0.00019011392","-0.0040777926","-0.0021466732","-0.0045848354","0.0016202849","-0.003749743","0.0003040471","-0.0030011972","0.00045753678","0.0034179133","-0.00023160408","-8.856923e-05","0.0009927604","-0.00262229","-0.0008311592","-0.0019204128","0.001693831","-0.0009724535","-0.0026840903","-0.0013402244","-0.0023038934","-0.000955738"
"Irritable Bowel Syndrome with diarrhea","-0.8610144","-0.06204689","-0.022810645","0.0020611463","-0.0009565658","-0.00045902724","-0.018918822","-0.025630439","-0.0039312975","-0.018969087","-0.016530914","-0.035641547","-0.007943889","-0.0072050034","-0.013963499","-0.020377705","-0.010373334","-0.010835765","-0.016133092","-0.011339596","-0.011538723","-0.0045860168","-0.023036573","-0.014183245","-0.003153893","0.010902799","-0.006406742","-0.01712594","0.0009230043","-0.0017532083","-0.014034494","-0.0038970762","-0.009691642","0.00065829273","0.0020159772","-0.0066735","-0.0004295523","-0.0039763018","0.0055414047","0.0031142994","0.00020551936","-0.0045593185","0.00019011392","-0.0040777926","-0.0021466732","-0.0045848354","0.0016202849","-0.003749743","0.0003040471","-0.0030011972","0.00045753678","0.0034179133","-0.00023160408","-8.856923e-05","0.0009927604","-0.00262229","-0.0008311592","-0.0019204128","0.001693831","-0.0009724535","-0.0026840903","-0.0013402244","-0.0023038934","-0.000955738"
"Irritable bowel syndrome","-0.8610144","-0.06204689","-0.022810645","0.0020611463","-0.0009565658","-0.00045902724","-0.018918822","-0.025630439","-0.0039312975","-0.018969087","-0.016530914","-0.035641547","-0.007943889","-0.0072050034","-0.013963499","-0.020377705","-0.010373334","-0.010835765","-0.016133092","-0.011339596","-0.011538723","-0.0045860168","-0.023036573","-0.014183245","-0.003153893","0.010902799","-0.006406742","-0.01712594","0.0009230043","-0.0017532083","-0.014034494","-0.0038970762","-0.009691642","0.00065829273","0.0020159772","-0.0066735","-0.0004295523","-0.0039763018","0.0055414047","0.0031142994","0.00020551936","-0.0045593185","0.00019011392","-0.0040777926","-0.0021466732","-0.0045848354","0.0016202849","-0.003749743","0.0003040471","-0.0030011972","0.00045753678","0.0034179133","-0.00023160408","-8.856923e-05","0.0009927604","-0.00262229","-0.0008311592","-0.0019204128","0.001693831","-0.0009724535","-0.0026840903","-0.0013402244","-0.0023038934","-0.000955738"
"Irritable bowel syndrome (IBS)","-0.8610144","-0.06204689","-0.022810645","0.0020611463","-0.0009565658","-0.00045902724","-0.018918822","-0.025630439","-0.0039312975","-0.018969087","-0.016530914","-0.035641547","-0.007943889","-0.0072050034","-0.013963499","-0.020377705","-0.010373334","-0.010835765","-0.016133092","-0.011339596","-0.011538723","-0.0045860168","-0.023036573","-0.014183245","-0.003153893","0.010902799","-0.006406742","-0.01712594","0.0009230043","-0.0017532083","-0.014034494","-0.0038970762","-0.009691642","0.00065829273","0.0020159772","-0.0066735","-0.0004295523","-0.0039763018","0.0055414047","0.0031142994","0.00020551936","-0.0045593185","0.00019011392","-0.0040777926","-0.0021466732","-0.0045848354","0.0016202849","-0.003749743","0.0003040471","-0.0030011972","0.00045753678","0.0034179133","-0.00023160408","-8.856923e-05","0.0009927604","-0.00262229","-0.0008311592","-0.0019204128","0.001693831","-0.0009724535","-0.0026840903","-0.0013402244","-0.0023038934","-0.000955738"
"Irritable bowel syndrome(IBS)","-0.8610144","-0.06204689","-0.022810645","0.0020611463","-0.0009565658","-0.00045902724","-0.018918822","-0.025630439","-0.0039312975","-0.018969087","-0.016530914","-0.035641547","-0.007943889","-0.0072050034","-0.013963499","-0.020377705","-0.010373334","-0.010835765","-0.016133092","-0.011339596","-0.011538723","-0.0045860168","-0.023036573","-0.014183245","-0.003153893","0.010902799","-0.006406742","-0.01712594","0.0009230043","-0.0017532083","-0.014034494","-0.0038970762","-0.009691642","0.00065829273","0.0020159772","-0.0066735","-0.0004295523","-0.0039763018","0.0055414047","0.0031142994","0.00020551936","-0.0045593185","0.00019011392","-0.0040777926","-0.0021466732","-0.0045848354","0.0016202849","-0.003749743","0.0003040471","-0.0030011972","0.00045753678","0.0034179133","-0.00023160408","-8.856923e-05","0.0009927604","-0.00262229","-0.0008311592","-0.0019204128","0.001693831","-0.0009724535","-0.0026840903","-0.0013402244","-0.0023038934","-0.000955738"
"Ischemic stroke","1.1127483","-0.10262026","0.03329145","0.08758667","-0.044211708","-0.010584711","-0.09590732","-0.13272084","0.059262898","0.12055958","-0.09544816","-0.107266076","0.09818303","0.0006386881","-0.3627636","0.013558623","-0.40787825","-0.06278246","-0.14766748","0.9648503","0.61187905","1.1192216","0.8124904","1.3354129","0.026978362","-2.2425382","-1.4027125","0.9293508","-0.9580891","-0.8283672","-2.2046168","-0.51607496","0.83289284","-0.17203544","1.0212046","0.18258804","-1.4460772","0.14930461","0.13842279","0.78194857","1.7088418","0.7802327","0.5562414","1.9664595","-0.71534103","-0.49612847","-4.1623573","-0.32604513","-3.2152853","-2.0390594","-0.9026218","2.2200623","-2.6892774","-0.35996553","-0.06884185","0.8773581","-1.0298314","-0.5256293","0.56112343","-0.8216675","-1.2070663","-0.5520591","-2.7503853","1.1928712"
"Juvenile Idiopathic Arthritis","1.1196136","-0.42212975","-0.13230477","0.048620272","-0.026348421","-0.0021866483","-0.1599844","-0.15954557","0.0014455325","-0.08988686","-0.2042817","-0.3084137","-0.0866268","-0.44743305","-0.24602023","-0.3386574","-0.121311754","-0.6802604","-0.47881243","0.81041175","-0.13134387","0.10173411","-1.8069353","-1.5632639","-0.95857877","0.21024567","0.70568717","0.23158306","1.8191748","-1.2096275","-1.350228","1.1470007","0.41698986","-1.0293494","-0.28059745","-0.07262529","0.092731856","0.4094211","-0.52536535","-0.45705792","1.0263265","-0.53056306","2.2645066","-1.339813","0.36554185","3.4454472","-1.1495361","2.896034","-1.8638189","-1.6405934","-0.7888511","-2.9563034","3.2261147","0.48241758","1.3445656","-1.4459952","-1.3931146","-1.3298355","0.44486865","1.5984459","0.34783623","-1.3616498","0.0031683282","1.1823125"
"Juvenile idiopathic arthritis","-0.8610144","-0.06204689","-0.022810645","0.0020611463","-0.0009565658","-0.00045902724","-0.018918822","-0.025630439","-0.0039312975","-0.018969087","-0.016530914","-0.035641547","-0.007943889","-0.0072050034","-0.013963499","-0.020377705","-0.010373334","-0.010835765","-0.016133092","-0.011339596","-0.011538723","-0.0045860168","-0.023036573","-0.014183245","-0.003153893","0.010902799","-0.006406742","-0.01712594","0.0009230043","-0.0017532083","-0.014034494","-0.0038970762","-0.009691642","0.00065829273","0.0020159772","-0.0066735","-0.0004295523","-0.0039763018","0.0055414047","0.0031142994","0.00020551936","-0.0045593185","0.00019011392","-0.0040777926","-0.0021466732","-0.0045848354","0.0016202849","-0.003749743","0.0003040471","-0.0030011972","0.00045753678","0.0034179133","-0.00023160408","-8.856923e-05","0.0009927604","-0.00262229","-0.0008311592","-0.0019204128","0.001693831","-0.0009724535","-0.0026840903","-0.0013402244","-0.0023038934","-0.000955738"
"Kaposi's sarcoma","1.2541766","-0.15390556","-0.099101886","-0.02860729","0.012765487","-0.023090132","-0.09985294","-0.13598971","0.031887125","0.059700374","-0.11730913","-0.2503279","0.075367615","-0.07058386","-0.13606548","-0.15975142","0.35964152","0.011592951","0.06263103","1.0410851","-0.45427266","0.021672733","-0.06017029","0.066408694","1.0444988","-0.3073209","0.13006955","-1.392443","0.48926848","-2.4130185","0.56375915","-2.8454483","0.25580743","1.8482583","0.1260186","1.4356773","0.39277413","-2.543849","-0.5011003","1.0464144","1.9205703","-0.9232486","-2.582824","-1.9331696","-2.0258281","-1.0206689","-2.1983235","0.97419506","-1.1624852","1.8988469","2.4630265","-1.928265","-2.3810802","-1.6755571","-1.890367","1.6488857","0.3395409","-0.27825704","-1.2111304","-0.89880604","0.073505975","3.065946","1.1693568","0.86587447"
"Kawasaki disease","1.3820128","-0.23081207","-0.07749957","-0.0043826653","0.0094704395","-0.003935983","-0.13203858","-0.09388268","-0.048382543","-0.03439938","-0.14747584","-0.11565918","0.024997396","-0.21379824","-0.1602946","-0.13957897","-0.2215838","0.13670924","-0.18214135","-0.04089008","-0.4207501","0.055683948","-0.5459155","-0.073147915","1.0379593","-0.38909802","0.44992885","-1.5565473","-1.8234048","-0.33141476","-1.102051","-1.5723683","0.81094414","0.029067004","0.4007497","-0.58382356","2.7904458","-1.0225819","2.471031","-0.056460958","-1.2739528","-1.0532736","1.1937404","-2.33918","-3.2572105","-1.1942387","-0.2753466","1.1837597","-1.2708728","-0.27996424","-0.37179318","-1.6287588","-2.1205914","1.0973258","0.93639445","3.3849845","-1.4459015","0.15865788","-3.735928","-2.380367","-0.68628037","1.1361617","0.35337943","0.022434587"
"Keratitis","1.2261614","-0.16297245","-0.05269651","0.020468904","0.014526875","0.0050322018","-0.039999757","-0.047193836","-0.036190435","-0.044978347","-0.14273642","-0.22286819","-0.10552746","-0.1668785","-0.107311234","-0.089617886","-0.0766349","0.10899151","-0.06738345","-0.4083178","0.018155506","-0.5578486","-0.33136266","0.7399295","1.7052567","1.5229359","1.3327549","1.2033002","-0.557772","1.1498194","-1.9496232","-0.93588257","-3.3479028","-2.621142","0.40695718","-1.2121782","-1.2457854","2.481368","3.91856","1.0492026","-1.2002959","-0.80115676","1.749408","-1.0343025","-0.7417183","-0.07794213","-1.5351837","0.66070837","3.1704416","-1.598849","-0.9900661","-0.5641183","2.3588648","-0.7729187","1.2057153","0.624276","0.45794517","2.8802094","1.9235994","1.5732406","-0.4656679","1.7252749","-1.2442322","0.46718636"
"Kidney stone","0.99036545","-0.04623873","0.0360632","-0.042885132","-0.027733427","-0.011409587","-0.0151712485","0.018376732","0.030667502","-0.020633612","-0.089134686","0.05946322","0.06644889","0.015760371","-0.30105054","0.013557604","0.071007416","-0.34566128","0.54636353","0.16796416","0.21100283","-0.72892946","1.9913217","-2.0283785","0.034728773","-1.0787624","-0.60521996","-0.8732829","1.1375723","-0.8978882","-0.7821719","1.4231455","-0.51697594","-0.36231548","0.767091","-1.5053449","-0.0033189496","-0.8552715","0.61417633","-1.3166752","1.5803741","-2.186275","-0.2771153","1.5422063","0.35184166","0.94593066","-1.0402842","0.18015769","-1.8431271","-1.1190513","0.47478262","0.5469029","0.38158354","0.39051268","0.45862374","4.8509216","-0.35925293","-0.14624067","-0.39250836","4.2282586","1.9097517","-0.66195965","-0.40640843","1.9063157"
"Kidney stone with hypertension","1.172827","-0.22572657","-0.05290353","0.021846287","-0.004719133","-0.0038203662","-0.06884803","-0.08426988","-0.053854946","-0.037374735","-0.06954907","-0.2126603","-0.09712755","-0.08376869","-0.050273247","0.025246734","0.093126915","0.19093257","0.16671446","0.24066192","0.5274273","-1.6334916","-0.5141801","0.4329549","-0.1238668","0.4530186","-1.7080666","-0.03602975","0.19007647","2.0631394","0.30593422","-2.180955","-0.8085308","-2.0069177","-1.2513025","-1.1015683","-0.624824","-0.5051301","1.190008","2.7689745","0.64950544","0.47455367","-3.9456966","0.8295357","-1.3303132","1.9019529","-1.1311789","-1.1891444","-1.0265443","-0.48280418","-1.280542","0.21465771","0.41699782","-1.1338675","3.9596498","-0.38217854","1.9605048","0.088245764","-1.7802023","-1.3631806","1.9517127","-1.6711974","-2.5785308","0.116877876"
"Kidney stones","-0.8610144","-0.06204689","-0.022810645","0.0020611463","-0.0009565658","-0.00045902724","-0.018918822","-0.025630439","-0.0039312975","-0.018969087","-0.016530914","-0.035641547","-0.007943889","-0.0072050034","-0.013963499","-0.020377705","-0.010373334","-0.010835765","-0.016133092","-0.011339596","-0.011538723","-0.0045860168","-0.023036573","-0.014183245","-0.003153893","0.010902799","-0.006406742","-0.01712594","0.0009230043","-0.0017532083","-0.014034494","-0.0038970762","-0.009691642","0.00065829273","0.0020159772","-0.0066735","-0.0004295523","-0.0039763018","0.0055414047","0.0031142994","0.00020551936","-0.0045593185","0.00019011392","-0.0040777926","-0.0021466732","-0.0045848354","0.0016202849","-0.003749743","0.0003040471","-0.0030011972","0.00045753678","0.0034179133","-0.00023160408","-8.856923e-05","0.0009927604","-0.00262229","-0.0008311592","-0.0019204128","0.001693831","-0.0009724535","-0.0026840903","-0.0013402244","-0.0023038934","-0.000955738"
"Kostmann syndrome","1.3523576","-0.19717397","-0.027602997","0.015939705","-0.027286196","-0.07268221","-0.092540964","-0.10845548","-0.019290982","-0.16417885","-0.06932608","-0.0286496","-0.014397183","-0.011039905","0.017809914","0.06092677","-0.21040146","-0.21555546","0.35910472","0.04038409","-1.42804","0.23365301","-1.2111789","1.0131454","0.67499095","-0.6278697","1.2245716","0.2811386","0.87114114","0.037559863","0.09158118","-0.95285857","0.8350685","-0.89220303","-0.47053507","0.023062594","-0.30056375","-0.49385586","2.0688252","0.81864935","0.90267545","-0.40167606","0.20935468","-0.0049981032","-0.9929776","0.03216939","0.9058667","-3.59829","1.7228593","-0.015704524","0.91904336","0.027331887","2.1802182","1.0703835","-1.292103","2.2372065","0.8947228","0.11102471","0.4717527","0.31004253","0.22244364","1.809035","-1.972473","5.679707"
"Laryngeal Squamous Cell Carcinoma","-0.8610144","-0.06204689","-0.022810645","0.0020611463","-0.0009565658","-0.00045902724","-0.018918822","-0.025630439","-0.0039312975","-0.018969087","-0.016530914","-0.035641547","-0.007943889","-0.0072050034","-0.013963499","-0.020377705","-0.010373334","-0.010835765","-0.016133092","-0.011339596","-0.011538723","-0.0045860168","-0.023036573","-0.014183245","-0.003153893","0.010902799","-0.006406742","-0.01712594","0.0009230043","-0.0017532083","-0.014034494","-0.0038970762","-0.009691642","0.00065829273","0.0020159772","-0.0066735","-0.0004295523","-0.0039763018","0.0055414047","0.0031142994","0.00020551936","-0.0045593185","0.00019011392","-0.0040777926","-0.0021466732","-0.0045848354","0.0016202849","-0.003749743","0.0003040471","-0.0030011972","0.00045753678","0.0034179133","-0.00023160408","-8.856923e-05","0.0009927604","-0.00262229","-0.0008311592","-0.0019204128","0.001693831","-0.0009724535","-0.0026840903","-0.0013402244","-0.0023038934","-0.000955738"
"Laryngeal carcinoma","1.0212088","-0.3232439","-0.16621211","0.039780457","0.017465115","-0.0015159532","-0.1551957","-0.13556537","0.022640128","-0.08063104","-0.19328448","-0.221701","-0.16003309","-0.29210818","0.21006551","-0.25380433","-0.41367894","-0.5020284","-0.24998671","0.7269838","-0.42197993","-1.791579","-1.3046402","1.5789008","0.563322","-1.2615697","0.58582497","0.7579446","-0.5916442","0.34155682","-0.61662644","0.9085809","1.2957308","0.32044518","-0.45786875","-0.854749","0.67497027","2.7737024","-0.5986297","-0.88184863","1.4539053","-0.62948006","-0.6508911","0.9164159","1.6938511","-0.8902523","-0.21619329","2.1351898","1.0027605","1.3802992","-1.8567681","2.22355","-2.8481688","2.6762772","-1.4964957","0.49934706","2.243836","0.7598049","0.4830952","-0.3703878","3.10354","0.79834574","0.94495964","-0.19040778"
"Laryngotracheal stenosis","1.3062891","-0.23003836","-0.024174519","0.02659424","0.023524392","-0.0057542785","-0.12422673","-0.05216934","-0.03522806","-0.059963763","0.11539035","-0.04564045","0.17820276","-0.08021847","0.1801785","0.18562862","-0.59938663","-0.09121546","-0.5764134","-0.19497119","0.5138586","0.08456753","0.093949184","0.32041103","0.56903446","-0.09434295","-2.1660516","-0.53418756","-2.1400416","2.062009","1.2266847","-0.8022292","-0.09346711","-0.38276726","-1.4153644","1.6151133","1.2583592","-2.7356656","0.33023438","0.44022268","-0.51832366","-0.49320528","-0.3415767","1.69978","-0.34115267","1.7547141","-3.4216473","0.39590335","-0.03872702","-1.2558882","0.49967405","-2.4816806","1.1457942","2.0677934","1.8718283","1.4331788","0.06495456","-1.613689","0.22616777","0.07875708","-0.51637685","-2.4996715","-3.6973546","2.4758406"
"Late onset sepsis","1.1424458","-0.38729677","-0.12707317","-0.008350383","0.004451264","-0.029435167","-0.12184943","-0.14993884","0.05966598","-0.1984179","-0.067072436","-0.196044","-0.13604234","-0.36958882","-0.23994887","-0.12515165","0.090505175","-0.42775938","-0.87172806","-0.12676875","-0.29650062","1.1994286","-2.0846715","-0.11466963","1.321565","-0.631618","-0.86709636","0.6485296","0.9784353","0.8179455","1.4396645","-0.6643414","-0.79482216","-0.5429372","-1.4853477","0.41816607","1.6084528","2.4714217","1.3344399","-1.1232233","0.57934034","2.8688238","-0.051063195","-0.14980054","-0.36638597","0.55640584","1.7326031","-0.43434548","-1.672544","-1.4788316","-1.1765375","-1.3913307","-1.5558128","-3.5780296","-0.573275","2.5951762","-1.834588","0.6031418","-0.1508699","-2.3408396","1.8167703","-3.3285244","-1.4875664","-2.5311806"
"Late-onset Sepsis","-0.8610144","-0.06204689","-0.022810645","0.0020611463","-0.0009565658","-0.00045902724","-0.018918822","-0.025630439","-0.0039312975","-0.018969087","-0.016530914","-0.035641547","-0.007943889","-0.0072050034","-0.013963499","-0.020377705","-0.010373334","-0.010835765","-0.016133092","-0.011339596","-0.011538723","-0.0045860168","-0.023036573","-0.014183245","-0.003153893","0.010902799","-0.006406742","-0.01712594","0.0009230043","-0.0017532083","-0.014034494","-0.0038970762","-0.009691642","0.00065829273","0.0020159772","-0.0066735","-0.0004295523","-0.0039763018","0.0055414047","0.0031142994","0.00020551936","-0.0045593185","0.00019011392","-0.0040777926","-0.0021466732","-0.0045848354","0.0016202849","-0.003749743","0.0003040471","-0.0030011972","0.00045753678","0.0034179133","-0.00023160408","-8.856923e-05","0.0009927604","-0.00262229","-0.0008311592","-0.0019204128","0.001693831","-0.0009724535","-0.0026840903","-0.0013402244","-0.0023038934","-0.000955738"
"Listeria monocytogenes infection","-0.8610144","-0.06204689","-0.022810645","0.0020611463","-0.0009565658","-0.00045902724","-0.018918822","-0.025630439","-0.0039312975","-0.018969087","-0.016530914","-0.035641547","-0.007943889","-0.0072050034","-0.013963499","-0.020377705","-0.010373334","-0.010835765","-0.016133092","-0.011339596","-0.011538723","-0.0045860168","-0.023036573","-0.014183245","-0.003153893","0.010902799","-0.006406742","-0.01712594","0.0009230043","-0.0017532083","-0.014034494","-0.0038970762","-0.009691642","0.00065829273","0.0020159772","-0.0066735","-0.0004295523","-0.0039763018","0.0055414047","0.0031142994","0.00020551936","-0.0045593185","0.00019011392","-0.0040777926","-0.0021466732","-0.0045848354","0.0016202849","-0.003749743","0.0003040471","-0.0030011972","0.00045753678","0.0034179133","-0.00023160408","-8.856923e-05","0.0009927604","-0.00262229","-0.0008311592","-0.0019204128","0.001693831","-0.0009724535","-0.0026840903","-0.0013402244","-0.0023038934","-0.000955738"
"Liver cirrhosis","-0.8610144","-0.06204689","-0.022810645","0.0020611463","-0.0009565658","-0.00045902724","-0.018918822","-0.025630439","-0.0039312975","-0.018969087","-0.016530914","-0.035641547","-0.007943889","-0.0072050034","-0.013963499","-0.020377705","-0.010373334","-0.010835765","-0.016133092","-0.011339596","-0.011538723","-0.0045860168","-0.023036573","-0.014183245","-0.003153893","0.010902799","-0.006406742","-0.01712594","0.0009230043","-0.0017532083","-0.014034494","-0.0038970762","-0.009691642","0.00065829273","0.0020159772","-0.0066735","-0.0004295523","-0.0039763018","0.0055414047","0.0031142994","0.00020551936","-0.0045593185","0.00019011392","-0.0040777926","-0.0021466732","-0.0045848354","0.0016202849","-0.003749743","0.0003040471","-0.0030011972","0.00045753678","0.0034179133","-0.00023160408","-8.856923e-05","0.0009927604","-0.00262229","-0.0008311592","-0.0019204128","0.001693831","-0.0009724535","-0.0026840903","-0.0013402244","-0.0023038934","-0.000955738"
"Liver fibrosis","1.315642","-0.183449","-0.06231418","-0.0064876224","0.020774277","0.009234389","-0.056227442","-0.08304385","0.036480043","-0.049600378","-0.13907504","-0.031243755","0.30944392","-0.13169554","0.007207128","-0.229011","-0.12433535","-0.38095173","0.045965552","-0.42994156","0.19167225","0.29226092","0.6515275","-1.0223888","0.46767837","-0.8773532","-1.3426001","-2.52857","-0.19443294","1.4934131","-0.1546426","-3.0213215","-1.856641","0.70023584","-0.9044399","0.8477964","2.8965669","0.85755193","-0.9486863","1.4675502","-0.3133239","1.6609982","-0.77631736","0.9332613","2.0743897","-0.69700664","2.1145895","0.41155022","-1.9771808","-0.113748305","-1.2141542","2.8459191","0.20911004","0.37607342","-1.5162597","0.8121183","0.67372555","-1.560839","2.8404362","1.2977233","-1.0031348","0.086522214","-2.3750596","2.1060777"
"Liver transplant","0.96823996","-0.38039368","-0.14760244","0.060907215","0.020321175","0.009409288","-0.07806502","-0.12527828","-0.021335984","-0.11277898","-0.17976163","-0.1978369","-0.080181986","-0.38032934","0.009547967","-0.2249661","0.040299587","-0.55818176","-0.37974602","0.33914945","0.093186274","0.0388986","-0.018532803","0.40251046","-0.7345054","-2.378542","-0.38608092","3.0845912","-1.3542494","-1.9516433","1.6492174","-0.62905616","-1.5563973","0.589103","-0.36635846","0.91904074","-1.2294604","0.99531454","-1.465762","1.7612089","-1.2184052","-0.9499865","-1.385924","1.5674608","-0.22031783","2.1294065","-0.70559263","-1.6210839","-1.9483355","-0.15940294","1.7003855","-2.1223223","-1.0999843","1.1120287","-1.987723","0.6852615","0.9164544","4.0783677","0.29885575","1.4004836","-0.28299242","0.8892784","1.305697","-4.153893"
"Lower respiratory tract infection","1.3439828","-0.2207165","-0.0058073867","0.1630608","0.020564092","-0.0029285944","-0.07235547","-0.0892384","-0.020731177","-0.08417404","0.06544851","-0.02043651","-0.124273084","0.11948609","-0.045033835","0.052254643","-0.0064593046","0.56886995","-0.53817624","-0.40099186","-0.8056087","0.52163315","-0.81557214","0.5108448","0.52031535","0.3556211","-0.009823761","-0.82427037","0.86640054","0.3228892","-0.70581645","0.46224713","2.3376462","0.40661934","0.13082679","0.93124163","0.53692406","1.8133256","0.2590026","0.71544784","0.97919035","-1.3834256","-1.8019488","-1.9091016","0.8379301","-0.16857308","-1.131226","0.74983585","-1.3832325","2.2933524","0.5284454","-2.0244782","-1.9752476","1.3198011","2.2536523","-0.67185634","-1.7682775","-0.99149853","-1.0472496","0.9572414","1.8991008","-0.008643544","0.797805","0.59756553"
"Lung cancer","0.84388953","0.011055555","-0.026368344","0.01242025","0.021862902","0.009477697","0.0076197386","-0.007268478","-0.0034672187","0.10297007","0.30368382","0.10519148","0.0010718568","0.12219295","-0.051711615","0.35636306","0.04184871","-0.057089087","-0.19220032","0.26261386","0.3518106","0.1625021","0.98300403","1.8269196","-2.1209626","-2.5496004","-0.92170256","-0.17891961","-0.6443431","0.4545442","1.3999798","-0.07767539","0.9281229","-0.44284365","-0.65830153","2.2635412","-1.4325498","-0.9634922","2.6473472","2.086992","0.093177795","0.6757837","0.60967386","1.8821343","-2.3897202","0.48454767","-1.5236449","-4.087039","-1.6380965","-1.7901499","-3.1899269","-0.17811574","0.16554157","-2.010972","-0.91647357","1.6482054","-1.8016164","-0.0720888","-1.7521527","0.4320949","-0.13008435","0.74901956","0.6593939","-0.49288318"
"Macular degeneration","1.0969154","-0.13231386","-0.012893777","0.068928875","-0.021188408","-0.026383631","-0.06424453","-0.096208476","0.020426549","0.0349387","0.03343169","-0.19160482","-0.09499593","-0.37615657","-0.0021783547","-0.35588714","-0.034617","-0.10091633","0.8373503","0.2890457","1.4675782","0.1400004","1.9589847","0.3926417","1.6304342","-1.6495551","1.5048889","0.40148282","-3.7129629","0.75947386","-0.3500214","-0.4591166","-0.024536764","-2.1401386","0.50245214","0.77609795","-1.445435","0.42853698","0.1284315","3.1797013","-0.3705101","1.2155718","3.1860156","2.4587233","0.64576596","-0.35320404","0.69303805","0.1957681","-0.6672273","-0.25713468","-0.7047667","0.33820593","1.5400883","0.33097017","-2.80711","0.13311389","-0.5339767","2.5709672","-1.9039373","1.6211946","2.135482","-0.5533091","-1.7543038","-1.9599087"
"Major depressive disorder","0.9410358","-0.04289665","0.10889538","0.10447935","-0.018259948","0.02634104","0.004548417","-0.017762547","-0.028289162","0.008005097","0.007043557","0.77613175","-0.21114472","0.31089258","0.030544024","0.072963856","-0.34604725","1.1094111","0.16426024","0.58983725","-0.39205286","0.20044512","2.3214488","-0.9427536","1.1594931","-2.860792","-0.91183317","0.51251715","-0.7298859","-2.325364","0.8258576","-0.37795994","-2.5572422","-1.4729413","-1.2834214","-0.80050045","-1.7792041","-0.4352989","1.0909736","2.1940188","5.449082","-1.8326391","1.8713615","-1.4822038","0.025942044","-0.014627191","-0.7291731","-0.37358832","-1.1364001","1.5130029","1.2520895","-2.8546343","-0.39082247","0.56566113","-3.5495663","1.30261","0.61090106","-1.2267742","-0.08124377","-1.6486558","-2.5264826","-0.511451","0.23512277","-2.240782"
"Maturity-onset diabetes of the young 2","1.330397","-0.097316936","0.13503012","-0.18195762","-0.08276649","0.16254047","-0.120771796","-0.038395043","-0.011177748","-0.041357182","-0.13149339","-0.1527608","-0.051718943","0.041266892","-0.13337013","-0.34492564","-0.067130506","-0.10060471","0.41855448","-0.07811148","0.3445909","0.13767616","-0.43597144","-2.1596437","0.23107512","3.2045383","1.3587118","2.0566025","0.71650875","0.9712302","-1.4199384","-1.338283","0.6707596","0.71586937","-0.4273873","-1.4615746","-0.3644962","2.721354","-1.5233525","-1.4539305","0.082758404","0.3804565","1.3082682","1.2942331","1.7893918","0.30316836","2.3431187","0.19240034","-0.66171783","-1.4087331","0.63727176","-0.48600242","1.0665516","0.82179785","1.5202641","-1.113235","-0.84353197","-0.5730493","2.1206563","-0.34675884","0.26598912","-0.37972105","0.20883058","-0.18391155"
"Megaesophagus","1.3393968","-0.11031492","-0.10642629","-0.011757442","-0.011872166","0.012484792","-0.0736123","-0.1749371","0.003257838","-0.035518944","-0.02738066","-0.09024082","-0.0296902","0.03587792","0.0010526286","-0.066588104","-0.09179188","0.17517096","0.46545804","-0.095831245","-0.5090649","0.47382677","1.315359","1.4320368","0.030025093","-2.0259154","0.89638066","2.41423","-0.872593","0.7875089","-1.6022453","-0.49201328","-1.4534987","2.3942575","0.6235756","1.1610866","-1.377872","0.09414182","-1.9528383","0.26677534","1.8361144","0.5546096","1.9490042","-1.2855564","2.2042708","-3.3489232","-0.7182359","0.33526605","-1.6720611","-1.1277521","1.64829","-0.28023848","1.8361835","0.4023892","2.1523814","-0.7166435","-1.9730159","-0.17256248","1.2367716","-0.6922613","-0.32525787","-2.15","-0.24374354","2.0285816"
"Meningococcal disease","1.3118358","-0.21908003","-0.08603114","0.014896297","-0.017640695","-0.005926798","-0.06389308","-0.092048466","-0.029406384","-0.032806955","-0.08960108","0.002302637","0.11267509","-0.08632381","-0.04976101","-0.2833721","-0.19703501","0.23976162","0.1334268","0.07926672","0.38938472","1.0817753","-0.16186307","-1.5373069","-1.5883697","0.3047287","-1.5574915","-1.4754304","-0.98100656","-0.7450569","-0.043725833","0.008538469","-0.16445339","1.0804983","-0.43844754","-0.2563237","0.18483211","0.59685004","-1.6492724","0.99685526","-2.1021795","-0.25477645","0.25435996","0.103225395","1.0179974","-0.079809345","-0.44196528","0.5612436","1.7493843","0.41934535","-0.94249517","1.1641283","0.34747398","-2.4639735","0.93918836","-1.2020279","2.034744","1.4401112","-1.3927516","-0.968174","-0.8189265","1.4745351","-1.1637046","-0.62048584"
"Metabolic syndrome","1.047852","-0.31821615","-0.047706682","-0.030702475","-0.04876452","0.04734769","-0.1775013","-0.21726929","-0.033574406","-0.06961157","-0.17452858","-0.17749152","-0.12971237","-0.081410185","-0.021279406","-0.49713355","-0.20057479","-0.07947328","-0.20227402","0.5316178","0.05086489","-1.5449693","-0.92481863","-0.19585352","-0.70984435","-0.06392644","-0.42507","-1.5328295","1.9320658","-0.4246205","0.6416698","1.018521","-1.7125229","-0.75338733","-2.271852","0.7060988","0.46228704","0.04249152","-0.2536653","1.0593585","1.9814203","0.21141955","-1.4592657","0.9201283","-2.071359","2.0109825","-1.6783171","-0.7160487","1.6034393","0.74936646","-2.661164","0.22067295","0.5211044","3.124062","2.527237","-0.6477917","1.3401896","-0.22725998","1.5584137","-1.3813734","-2.8617766","-1.1247349","1.8239294","2.7795744"
"Microscopic colitis","1.0885054","0.25200903","-0.23790376","0.025952682","0.01898011","0.015672032","0.20770064","-0.085431986","-0.019220883","0.0017107597","-0.108711556","-0.12972751","-0.020512646","-0.0055591227","0.48768476","0.031001559","-0.20258495","-0.57510346","-0.36092725","0.29264998","-1.0443344","-0.090968564","-0.48507598","0.3968926","-4.1173635","-1.3708888","-0.5781048","-1.2834004","0.020610312","-2.8331754","-2.11151","-0.8769395","-1.7412918","-0.23511009","0.19047247","2.1172667","0.3506107","-1.8101422","-1.3845961","-0.5181825","-0.10348113","-0.9656779","0.42002714","1.118839","-1.9114951","-1.1269114","0.45780143","1.0175327","0.26013464","0.7762643","1.3999456","0.7486456","0.52462965","0.007426666","-2.2280333","-0.5337642","-2.7373626","2.802893","1.1814376","1.174577","-0.17595331","-1.2328013","-1.7818769","-0.16115554"
"Migraine","1.2900596","-0.11456487","0.12718351","0.045094308","-0.012359018","0.0037152288","-0.053021125","-0.087609254","0.01867474","-0.075538784","-0.03727184","-0.15162802","-0.14577375","0.017991507","-0.2102717","-0.22857212","0.2547808","0.026971184","-0.29957914","-1.200971","-0.15584","0.3040292","-2.125809","-1.036358","0.052134965","1.7787423","0.523298","1.8472657","-0.82374233","-1.0324407","-1.3448689","0.4910206","-1.7406998","0.19697624","1.6525346","-1.7919416","2.486598","-1.0759933","0.0790369","2.6726887","0.8342894","0.19840881","0.8478481","-1.8364158","-2.6162179","-1.3373768","1.3505874","0.633746","0.24643464","0.0021048565","-1.6067594","0.39124414","-0.7717687","-0.53456","2.4041245","-1.7132158","-1.639326","0.73424363","2.7420855","-1.6798925","-0.0012110852","1.6321572","1.1421705","0.16009405"
"Mild cognitive impairment","-0.8610144","-0.06204689","-0.022810645","0.0020611463","-0.0009565658","-0.00045902724","-0.018918822","-0.025630439","-0.0039312975","-0.018969087","-0.016530914","-0.035641547","-0.007943889","-0.0072050034","-0.013963499","-0.020377705","-0.010373334","-0.010835765","-0.016133092","-0.011339596","-0.011538723","-0.0045860168","-0.023036573","-0.014183245","-0.003153893","0.010902799","-0.006406742","-0.01712594","0.0009230043","-0.0017532083","-0.014034494","-0.0038970762","-0.009691642","0.00065829273","0.0020159772","-0.0066735","-0.0004295523","-0.0039763018","0.0055414047","0.0031142994","0.00020551936","-0.0045593185","0.00019011392","-0.0040777926","-0.0021466732","-0.0045848354","0.0016202849","-0.003749743","0.0003040471","-0.0030011972","0.00045753678","0.0034179133","-0.00023160408","-8.856923e-05","0.0009927604","-0.00262229","-0.0008311592","-0.0019204128","0.001693831","-0.0009724535","-0.0026840903","-0.0013402244","-0.0023038934","-0.000955738"
"Miscarriage","1.1212189","-0.39832664","-0.15696153","0.032369","0.006240538","0.004481171","-0.11353518","-0.18989938","0.02950804","-0.16960236","-0.12616847","-0.17060843","-0.16023128","-0.15776801","-0.3415465","-0.28058538","-0.045704186","-0.1805373","-0.6026181","0.21038722","-0.22338204","-0.88593954","-2.0005078","-0.5258522","1.4111358","0.546711","1.0752416","0.7008779","2.5084455","0.21437886","1.4433758","-1.3497351","0.90897703","0.29446533","0.4478022","-1.3245602","-0.57631606","-1.4100891","-0.13867679","0.7306751","-2.4512088","2.8007765","0.7129755","1.101448","0.4402937","2.200859","-0.22326006","-2.31991","-0.51941925","1.6806858","1.7486612","-0.6428527","0.17883629","-2.8669355","0.39902458","0.16396227","-1.0287696","0.06974599","1.3510151","0.8066059","0.39897972","0.8946583","1.4057093","1.0364838"
"Mucosa-associated lymphoid tissue lymphoma","1.2589155","-0.06505946","-0.21244341","0.03206254","0.02536023","-0.004139884","0.04153953","-0.1436225","-0.005875976","0.06151837","-0.10109753","-0.08686839","-0.07199446","0.124044284","0.16733146","-0.2886309","0.2937788","-0.11003193","0.53228116","-0.16685107","-0.55621773","0.11846385","-0.39064172","1.9051744","-3.864274","-1.2601217","-0.3915224","-0.70383996","-0.23137021","-0.64939564","2.1609168","2.8047476","-0.7808215","-3.7942936","2.933238","-1.6729938","-0.44662988","-1.5396371","0.16751091","-1.5017142","2.8645267","0.5020659","0.8486187","-1.643585","3.338792","0.4600429","0.28198883","-0.3927276","-1.1438817","-0.2760498","0.11377223","1.2213296","-2.0826502","0.21963073","0.83619875","-0.9465537","-0.44218507","0.07174045","-0.6379795","-0.69657576","-0.58659","-1.8019935","-0.5062177","-1.5850321"
"Multiple Sclerosis","0.4485809","0.16949567","0.14772528","0.12987332","-0.044854","0.0071743047","0.13570999","-0.038361344","0.046183683","0.08700018","0.019983737","0.066897","0.06066548","0.36517954","0.4568273","0.5687391","0.022790529","1.0194284","1.8794478","1.8365223","-1.7372979","3.2431564","4.527553","-2.5761003","3.003294","0.62873226","12.573207","-3.8048406","-8.355754","-6.3654485","3.50418","-3.1200807","-0.6362116","2.3542287","-0.98477244","1.401978","-0.5462998","-2.241884","-0.1951032","-1.0742596","-0.009070603","-1.3550023","-1.0078535","2.6171086","0.19842866","0.74587035","0.49817428","-0.54531246","1.4025184","-0.60216254","-0.6344421","-0.7143075","0.10919731","-0.083809","0.7413074","-0.17732312","0.25352824","0.15779169","0.08866619","-0.018370623","0.3988518","-0.36029452","-0.35521376","0.5275875"
"Multiple system atrophy","1.2433171","-0.12923323","0.24399637","0.437766","-0.0017144178","-0.019388387","-0.11656617","-0.10333902","-0.031334057","-0.097864695","-0.037405904","-0.011869223","-0.047489006","-0.18678153","-0.10036542","0.302184","-0.39532375","0.14276442","-0.4780455","0.06671517","0.25120008","-0.5297926","-1.8250622","-0.10151578","-0.7584701","0.34279132","1.0483855","-0.48563382","-0.48484665","-0.7006224","0.072476484","-0.30740967","2.6576276","0.48909184","1.9759911","1.4929494","-0.25981456","-2.5991068","-2.551867","0.30245358","2.4810338","1.3251309","0.296257","0.8015075","-0.8777599","-0.53744173","-1.3475716","-1.1442509","0.091069795","1.231271","-0.2259848","1.5815142","-1.1917211","-2.2447011","-1.4083211","2.094876","3.37592","-2.9254565","2.3033","-0.2978354","0.51344204","-1.9674939","0.43082106","0.3122061"
"Myasthenia gravis","1.0684335","-0.082656495","0.03216054","0.11668901","0.024285348","-0.008337068","-0.031849388","-0.016080743","-0.035933807","-0.025399424","-0.036594085","0.04129411","0.0961244","-0.03403678","0.24009064","0.1253641","0.073526725","0.60650843","0.24955292","0.83951503","0.10742879","-0.066368945","1.1697464","-1.4824973","0.19385262","-0.2542263","-0.67551327","0.22781195","-0.96808547","-1.1934469","-0.6407907","1.4030547","-0.090708345","0.6264523","0.17957635","-0.8361898","-1.5701741","0.051569734","1.577724","0.47671303","0.88248605","-2.1965556","2.5900154","-1.5691239","0.2838793","0.69520056","-0.7824551","-1.4211783","0.6909294","-1.3628517","2.2833219","-0.9271366","0.98151255","1.5935842","2.7261417","1.2167149","-0.91664004","-1.7470652","0.9548009","-2.9307237","2.5945947","2.06715","-1.5882709","-0.75480247"
"NAFLD","-0.8610144","-0.06204689","-0.022810645","0.0020611463","-0.0009565658","-0.00045902724","-0.018918822","-0.025630439","-0.0039312975","-0.018969087","-0.016530914","-0.035641547","-0.007943889","-0.0072050034","-0.013963499","-0.020377705","-0.010373334","-0.010835765","-0.016133092","-0.011339596","-0.011538723","-0.0045860168","-0.023036573","-0.014183245","-0.003153893","0.010902799","-0.006406742","-0.01712594","0.0009230043","-0.0017532083","-0.014034494","-0.0038970762","-0.009691642","0.00065829273","0.0020159772","-0.0066735","-0.0004295523","-0.0039763018","0.0055414047","0.0031142994","0.00020551936","-0.0045593185","0.00019011392","-0.0040777926","-0.0021466732","-0.0045848354","0.0016202849","-0.003749743","0.0003040471","-0.0030011972","0.00045753678","0.0034179133","-0.00023160408","-8.856923e-05","0.0009927604","-0.00262229","-0.0008311592","-0.0019204128","0.001693831","-0.0009724535","-0.0026840903","-0.0013402244","-0.0023038934","-0.000955738"
"Nasolacrimal duct obstruction","1.1152842","-0.36836463","-0.14519338","0.0009930761","-0.03174685","-0.043287005","-0.13069028","-0.20174485","-0.053295463","-0.10510539","-0.14716893","-0.22110465","-0.1257296","-0.41096595","-0.26634112","-0.61597115","0.1908142","-0.027616754","-0.39320973","0.19678131","-0.5440904","-0.20387505","-0.24615072","0.19848281","3.1778667","0.943701","-0.95338213","1.9069252","0.8614572","0.6680471","-0.46046227","0.26061293","1.7810713","-3.2740803","-0.9450755","-1.4494082","-0.20792064","1.1097456","0.98298925","0.54118234","-0.002107785","1.6433051","1.1749442","-0.62224543","-0.47988275","3.13986","-1.3267391","1.3144767","-2.9020646","-2.5128508","-0.8683006","1.9522793","-0.81769204","1.1913146","0.26531643","0.2837914","-1.4660618","-0.33283064","2.6479726","-0.82092434","-1.0186366","0.90517116","0.29632005","-1.1839553"
"Necrotizing Enterocolitis","1.3065192","-0.010991009","-0.18687764","0.005388217","-0.008371328","0.012407251","0.09901723","-0.1659916","0.010997122","-0.15001321","-0.12272109","-0.06493548","-0.0161536","0.01624154","0.037398893","-0.24068582","0.1243637","-0.019366367","-0.93645835","-1.2995293","-0.5220603","0.91930395","-0.89942247","-0.3016562","-1.1479762","-2.0723488","0.30930233","-0.5543455","1.0971947","-0.5891049","-1.3709807","-0.8510112","-1.0002164","-1.6419811","1.6455122","1.2637159","2.0799823","0.93926454","0.9196986","-0.72429454","1.0407474","-0.029390624","-0.99146044","0.48705798","-1.0172433","0.33103076","0.024188945","1.4233453","-3.2204444","-1.323695","-0.27013502","0.33494562","3.0037756","1.2562172","2.4158552","2.7382834","2.3696506","1.2443297","1.2270869","0.27830216","0.23342727","2.0559592","-0.24684964","-3.8760977"
"Necrotizing enterocolitis","-0.8610144","-0.06204689","-0.022810645","0.0020611463","-0.0009565658","-0.00045902724","-0.018918822","-0.025630439","-0.0039312975","-0.018969087","-0.016530914","-0.035641547","-0.007943889","-0.0072050034","-0.013963499","-0.020377705","-0.010373334","-0.010835765","-0.016133092","-0.011339596","-0.011538723","-0.0045860168","-0.023036573","-0.014183245","-0.003153893","0.010902799","-0.006406742","-0.01712594","0.0009230043","-0.0017532083","-0.014034494","-0.0038970762","-0.009691642","0.00065829273","0.0020159772","-0.0066735","-0.0004295523","-0.0039763018","0.0055414047","0.0031142994","0.00020551936","-0.0045593185","0.00019011392","-0.0040777926","-0.0021466732","-0.0045848354","0.0016202849","-0.003749743","0.0003040471","-0.0030011972","0.00045753678","0.0034179133","-0.00023160408","-8.856923e-05","0.0009927604","-0.00262229","-0.0008311592","-0.0019204128","0.001693831","-0.0009724535","-0.0026840903","-0.0013402244","-0.0023038934","-0.000955738"
"Neisseria gonorrhoeae infection","1.3203555","-0.21596344","-0.078983456","0.006023004","-0.008269425","-0.017756132","-0.11786495","-0.098334394","0.0046237055","0.06123267","-0.057874236","-0.108931646","0.012188889","-0.030447343","-0.16876574","-0.024010386","-0.33114812","-0.014402474","0.17872049","0.39243105","0.78163975","1.1987832","-1.2859644","-1.9035096","0.4700212","-0.92418164","-0.16836973","-0.43034315","0.99733436","0.98185515","-0.69117707","0.5255562","-0.68599856","0.16504292","2.0129716","-0.80548126","-0.88105","-0.5107314","0.22104847","-2.5293834","0.13340147","-1.3631994","0.42064315","-1.4910712","1.241193","0.27341983","-1.7402828","-0.29206473","-1.6380355","2.7897398","-0.9921335","0.6178785","0.22530909","1.1089803","-1.693941","-3.1462934","2.0838456","-0.5099003","1.7475009","0.45271942","-2.4062712","1.3440406","-0.7152423","-0.39454368"
"Nephrolithiasis","-0.8610144","-0.06204689","-0.022810645","0.0020611463","-0.0009565658","-0.00045902724","-0.018918822","-0.025630439","-0.0039312975","-0.018969087","-0.016530914","-0.035641547","-0.007943889","-0.0072050034","-0.013963499","-0.020377705","-0.010373334","-0.010835765","-0.016133092","-0.011339596","-0.011538723","-0.0045860168","-0.023036573","-0.014183245","-0.003153893","0.010902799","-0.006406742","-0.01712594","0.0009230043","-0.0017532083","-0.014034494","-0.0038970762","-0.009691642","0.00065829273","0.0020159772","-0.0066735","-0.0004295523","-0.0039763018","0.0055414047","0.0031142994","0.00020551936","-0.0045593185","0.00019011392","-0.0040777926","-0.0021466732","-0.0045848354","0.0016202849","-0.003749743","0.0003040471","-0.0030011972","0.00045753678","0.0034179133","-0.00023160408","-8.856923e-05","0.0009927604","-0.00262229","-0.0008311592","-0.0019204128","0.001693831","-0.0009724535","-0.0026840903","-0.0013402244","-0.0023038934","-0.000955738"
"Neuro-Behcet's disease","1.3450915","-0.21285014","-0.015095033","-0.025760071","-0.010099452","0.002335643","-0.068385154","0.107022785","0.003697126","-0.16050328","0.00063533435","-0.16834761","0.018455267","0.21742493","0.07698869","0.014455599","0.08772035","-0.23642182","-0.39331287","-1.2594433","0.06712961","-1.9252958","0.47368604","-1.5142679","0.61035204","0.6845863","2.2204945","1.4549217","-0.59219307","1.0405126","1.2301013","1.6430626","1.9498608","0.17862415","0.74794513","0.6117582","0.045841858","1.5818193","-0.5154691","0.9727498","0.46893948","-1.7858114","1.181097","-2.2329016","0.15206221","-0.88832206","-1.3069727","0.8585497","-2.6944745","-2.1531627","2.6727505","0.41629508","-1.8483187","-0.6166591","0.84559625","2.3799942","0.41994485","2.270168","-0.59413165","-0.45887673","-1.7608562","2.8773856","-2.608869","0.9127551"
"Neuromyelitis optica","1.0784266","-0.1136877","0.0083411215","0.050078668","0.037664667","0.04618853","-0.005309675","-0.093244344","-0.033040702","0.010945477","-0.0821477","-0.15181008","-0.046326313","0.004618843","0.11102377","-0.051872496","-0.31935596","-0.041549556","-0.10151562","0.22510196","-0.8876405","0.41314742","2.8904552","0.44894934","-0.7097266","-1.7242047","0.8371469","0.9668099","-2.7035267","1.389421","-2.3550277","-0.60422635","0.19903186","0.6811646","-1.8463503","-0.24568701","-1.3787032","2.1620271","1.0409492","0.4870942","1.7667627","0.22718257","2.4288883","-3.2911558","1.9611796","2.5135996","-0.71425384","1.8483242","-0.8050138","-2.9605985","1.7192453","0.5438992","4.270177","-1.3979814","-0.32990703","0.9490818","-1.4692822","1.8381484","0.23558363","-1.8523626","0.27485427","-0.8585624","-0.39734063","1.3960215"
"Neuropathic bladder","1.3711734","-0.21616977","-0.01715148","0.017779358","-0.03149677","-0.047011256","-0.09726974","-0.13194245","-0.028222825","-0.10481004","-0.12836301","-0.073203325","-0.064608164","-0.026018865","-0.3734706","-0.14973368","-0.19147189","0.13947779","0.12213057","-0.10501083","0.16927832","-0.3786802","-1.4553078","-1.7068242","0.6864003","0.5354576","-0.34752274","-2.657546","1.3576269","0.083365016","2.1023629","2.0904653","1.5727483","0.71850425","0.4437578","-0.06576849","-0.20055784","1.1149281","3.4146802","1.8219856","0.51706636","-1.118433","1.8890272","0.025902431","1.2868315","0.81083965","-0.7705478","1.1496825","-2.6967127","-0.26558873","1.2493852","-0.6373394","-1.9129902","0.18178095","-0.8146588","-1.0322737","3.0766578","-1.5891553","1.568163","0.8821837","-0.26639646","-1.6892316","-0.3369705","-0.29158536"
"New-onset untreated rheumatoid arthrits","-0.8610144","-0.06204689","-0.022810645","0.0020611463","-0.0009565658","-0.00045902724","-0.018918822","-0.025630439","-0.0039312975","-0.018969087","-0.016530914","-0.035641547","-0.007943889","-0.0072050034","-0.013963499","-0.020377705","-0.010373334","-0.010835765","-0.016133092","-0.011339596","-0.011538723","-0.0045860168","-0.023036573","-0.014183245","-0.003153893","0.010902799","-0.006406742","-0.01712594","0.0009230043","-0.0017532083","-0.014034494","-0.0038970762","-0.009691642","0.00065829273","0.0020159772","-0.0066735","-0.0004295523","-0.0039763018","0.0055414047","0.0031142994","0.00020551936","-0.0045593185","0.00019011392","-0.0040777926","-0.0021466732","-0.0045848354","0.0016202849","-0.003749743","0.0003040471","-0.0030011972","0.00045753678","0.0034179133","-0.00023160408","-8.856923e-05","0.0009927604","-0.00262229","-0.0008311592","-0.0019204128","0.001693831","-0.0009724535","-0.0026840903","-0.0013402244","-0.0023038934","-0.000955738"
"Non alcoholic steatohepatitis","0.97051466","-0.31625146","-0.14262904","0.014153925","-0.022392942","0.034903053","-0.081433296","-0.13422288","-0.07940725","-0.13172553","-0.08154717","0.031242566","0.07583385","-0.17466718","0.109537765","-0.18929227","-0.30487323","-0.39352617","-0.4553444","0.06961555","-0.34112793","0.23640883","0.5279902","2.8100207","0.06519843","-0.9095058","2.935069","1.7454038","-0.04531828","0.7915838","-0.312323","-2.2631524","0.41454256","-0.9058174","-3.2954798","-1.0127902","0.017087823","1.6769896","-1.0407966","-0.4476805","0.3669246","-2.9693985","-1.8479457","1.9035492","-0.46268526","-0.88507366","-0.66102743","1.3309288","0.18694085","1.0148758","-0.92748535","1.2837843","0.41293168","3.1744611","-0.6305134","1.1933558","0.075976826","-1.612124","1.4362963","-0.11064801","0.36554244","-3.2925394","3.0438173","-0.5103916"
"Non-Oedematous Malnutrition","-0.8610144","-0.06204689","-0.022810645","0.0020611463","-0.0009565658","-0.00045902724","-0.018918822","-0.025630439","-0.0039312975","-0.018969087","-0.016530914","-0.035641547","-0.007943889","-0.0072050034","-0.013963499","-0.020377705","-0.010373334","-0.010835765","-0.016133092","-0.011339596","-0.011538723","-0.0045860168","-0.023036573","-0.014183245","-0.003153893","0.010902799","-0.006406742","-0.01712594","0.0009230043","-0.0017532083","-0.014034494","-0.0038970762","-0.009691642","0.00065829273","0.0020159772","-0.0066735","-0.0004295523","-0.0039763018","0.0055414047","0.0031142994","0.00020551936","-0.0045593185","0.00019011392","-0.0040777926","-0.0021466732","-0.0045848354","0.0016202849","-0.003749743","0.0003040471","-0.0030011972","0.00045753678","0.0034179133","-0.00023160408","-8.856923e-05","0.0009927604","-0.00262229","-0.0008311592","-0.0019204128","0.001693831","-0.0009724535","-0.0026840903","-0.0013402244","-0.0023038934","-0.000955738"
"Non-alcoholic Fatty Liver Disease","0.19897012","-0.105507314","-0.016962279","0.04182056","0.053709395","-0.017231682","-0.0418752","-0.0136178285","-0.026483953","0.026209708","-0.051357873","0.17843905","0.3834523","0.1301961","-0.7058802","-0.1059926","-0.3244432","-0.12419524","-0.035936218","2.5426848","-1.1191946","3.7296546","9.20022","16.41575","3.1599102","7.8542795","2.6345608","-2.2170794","4.2361507","0.07928194","0.4084639","0.4122726","0.10967757","-1.295584","0.053936258","-0.011289833","-0.8203482","0.65106225","0.57958674","-0.25234082","-1.0759263","-0.27207196","-1.0011051","-0.33869135","-0.14221899","0.04073652","-0.003612068","-0.31708932","0.3278878","0.30012608","0.4333638","0.3005456","-0.07694381","-0.12641855","0.17575374","0.0503787","0.5137906","-0.19538514","0.025603553","0.08690793","-0.16113867","0.10263987","-0.027923957","0.267285"
"Non-alcoholic fatty liver disease","-0.8610144","-0.06204689","-0.022810645","0.0020611463","-0.0009565658","-0.00045902724","-0.018918822","-0.025630439","-0.0039312975","-0.018969087","-0.016530914","-0.035641547","-0.007943889","-0.0072050034","-0.013963499","-0.020377705","-0.010373334","-0.010835765","-0.016133092","-0.011339596","-0.011538723","-0.0045860168","-0.023036573","-0.014183245","-0.003153893","0.010902799","-0.006406742","-0.01712594","0.0009230043","-0.0017532083","-0.014034494","-0.0038970762","-0.009691642","0.00065829273","0.0020159772","-0.0066735","-0.0004295523","-0.0039763018","0.0055414047","0.0031142994","0.00020551936","-0.0045593185","0.00019011392","-0.0040777926","-0.0021466732","-0.0045848354","0.0016202849","-0.003749743","0.0003040471","-0.0030011972","0.00045753678","0.0034179133","-0.00023160408","-8.856923e-05","0.0009927604","-0.00262229","-0.0008311592","-0.0019204128","0.001693831","-0.0009724535","-0.0026840903","-0.0013402244","-0.0023038934","-0.000955738"
"Nonalcoholic fatty liver disease","-0.8610144","-0.06204689","-0.022810645","0.0020611463","-0.0009565658","-0.00045902724","-0.018918822","-0.025630439","-0.0039312975","-0.018969087","-0.016530914","-0.035641547","-0.007943889","-0.0072050034","-0.013963499","-0.020377705","-0.010373334","-0.010835765","-0.016133092","-0.011339596","-0.011538723","-0.0045860168","-0.023036573","-0.014183245","-0.003153893","0.010902799","-0.006406742","-0.01712594","0.0009230043","-0.0017532083","-0.014034494","-0.0038970762","-0.009691642","0.00065829273","0.0020159772","-0.0066735","-0.0004295523","-0.0039763018","0.0055414047","0.0031142994","0.00020551936","-0.0045593185","0.00019011392","-0.0040777926","-0.0021466732","-0.0045848354","0.0016202849","-0.003749743","0.0003040471","-0.0030011972","0.00045753678","0.0034179133","-0.00023160408","-8.856923e-05","0.0009927604","-0.00262229","-0.0008311592","-0.0019204128","0.001693831","-0.0009724535","-0.0026840903","-0.0013402244","-0.0023038934","-0.000955738"
"Nonalcoholic steatohepatitis","-0.8610144","-0.06204689","-0.022810645","0.0020611463","-0.0009565658","-0.00045902724","-0.018918822","-0.025630439","-0.0039312975","-0.018969087","-0.016530914","-0.035641547","-0.007943889","-0.0072050034","-0.013963499","-0.020377705","-0.010373334","-0.010835765","-0.016133092","-0.011339596","-0.011538723","-0.0045860168","-0.023036573","-0.014183245","-0.003153893","0.010902799","-0.006406742","-0.01712594","0.0009230043","-0.0017532083","-0.014034494","-0.0038970762","-0.009691642","0.00065829273","0.0020159772","-0.0066735","-0.0004295523","-0.0039763018","0.0055414047","0.0031142994","0.00020551936","-0.0045593185","0.00019011392","-0.0040777926","-0.0021466732","-0.0045848354","0.0016202849","-0.003749743","0.0003040471","-0.0030011972","0.00045753678","0.0034179133","-0.00023160408","-8.856923e-05","0.0009927604","-0.00262229","-0.0008311592","-0.0019204128","0.001693831","-0.0009724535","-0.0026840903","-0.0013402244","-0.0023038934","-0.000955738"
"Nongonococcal urethritis","1.345987","-0.13540283","-0.12157938","-0.0034592326","-0.008331318","-0.049212538","-0.058001414","-0.13499646","-0.010428996","0.021971216","-0.107119106","-0.208553","0.018572494","0.04823415","-0.17251106","-0.27197847","-0.047984183","-0.21252052","-0.3155871","-0.4624257","0.17142025","-0.20287272","0.31841248","-1.4699594","-2.5376384","2.0599203","0.2533371","-1.3988425","-0.2928254","0.44959986","0.9572958","-0.31861115","-2.1327991","0.31870693","1.0363692","0.08298073","-1.8237264","-0.006643295","1.2532885","0.5593681","0.92756224","-1.3055428","0.33229277","-1.2427592","-2.8079147","0.0016248826","-1.688219","-0.10573235","1.8902898","-1.3395497","-0.7971127","-0.00016606963","1.0040395","0.95964855","-0.6137836","-2.0885155","-0.79269844","-0.8947438","-1.7955235","1.22412","0.003852462","-1.6649375","0.3830502","2.5063527"
"Normal weight obesity","1.3267453","0.033394016","0.030054018","-0.21094276","0.036779627","-0.29997793","0.016666453","-0.1531083","-0.03473061","-0.06899589","-0.14783546","-0.23047812","-0.108796455","0.24268728","0.13483408","-0.2897785","-0.0063806167","-0.28480485","-0.40674996","-0.21684402","-2.2615416","-0.34419972","-1.6638526","0.09629365","-0.65080595","0.5339048","1.0445249","0.7916755","-0.83756495","-0.12305132","-0.3888134","-0.58553517","-0.50930524","-0.6378544","0.08130937","-0.7706188","1.4522321","0.29018986","0.24601218","-3.858165","-0.12503083","1.9737128","0.9357924","2.2759478","-1.6703329","-0.92761064","-0.034553107","-0.8973027","0.91632986","0.21352816","-0.31094652","1.1121099","0.53502584","2.0004678","-0.7276619","0.17020746","1.2093961","-1.53798","0.27866188","1.3577806","-0.38014972","-0.8992291","-1.3214766","-0.33915043"
"Norovirus infection","-0.8610144","-0.06204689","-0.022810645","0.0020611463","-0.0009565658","-0.00045902724","-0.018918822","-0.025630439","-0.0039312975","-0.018969087","-0.016530914","-0.035641547","-0.007943889","-0.0072050034","-0.013963499","-0.020377705","-0.010373334","-0.010835765","-0.016133092","-0.011339596","-0.011538723","-0.0045860168","-0.023036573","-0.014183245","-0.003153893","0.010902799","-0.006406742","-0.01712594","0.0009230043","-0.0017532083","-0.014034494","-0.0038970762","-0.009691642","0.00065829273","0.0020159772","-0.0066735","-0.0004295523","-0.0039763018","0.0055414047","0.0031142994","0.00020551936","-0.0045593185","0.00019011392","-0.0040777926","-0.0021466732","-0.0045848354","0.0016202849","-0.003749743","0.0003040471","-0.0030011972","0.00045753678","0.0034179133","-0.00023160408","-8.856923e-05","0.0009927604","-0.00262229","-0.0008311592","-0.0019204128","0.001693831","-0.0009724535","-0.0026840903","-0.0013402244","-0.0023038934","-0.000955738"
"Obesity","-0.110167764","7.311949","13.490671","-13.615038","-2.5793595","-19.256754","-1.5813915","-2.2933836","-0.24667849","-0.6652128","-0.4915147","-0.48273963","-0.5212438","-0.28964254","-0.18146776","-0.35463402","-0.20121245","-0.1929704","-0.3572367","-0.06063657","-0.1277704","-0.045819785","-0.25914565","0.20465572","0.052394476","-0.27045387","0.019463079","-0.13177632","0.029221592","0.020303428","-0.026631633","0.060161278","0.008689437","-0.0067266957","-0.07861444","0.034368712","-0.093697436","-0.005173392","-0.062157307","-0.009661746","0.016122768","0.008520197","-0.011852454","-0.08405048","0.028149385","0.0275057","-0.026275026","0.03497996","-0.07926368","-0.06789773","-0.026630739","-0.056976397","0.0071910704","-0.041851718","0.02539954","0.05419094","0.058217105","0.054930963","0.016511073","-0.0053643794","-0.026364302","0.014050506","-0.007438632","-0.007661164"
"Obstructive sleep apnea-hypopnea syndrome","1.0004905","-0.026142867","0.1083768","-0.10644278","-0.029056055","0.009397879","-0.020960515","-0.0051495666","-0.050922714","0.050422333","0.0009489941","-0.06312286","0.00024743145","-0.17732584","-0.039278865","-0.0030867474","0.14589362","-0.38365197","0.09367445","0.42922592","0.61608964","-0.027307348","0.45556775","-1.2594761","0.9737213","0.56991774","-0.41496497","1.1918837","0.44474304","0.18470158","1.5232683","0.13297698","-3.246073","0.96559125","-1.3622533","1.8339591","1.0870107","2.4389513","1.1657908","1.0375907","-0.5430717","-0.23650968","0.60487497","-0.6061105","-0.9877792","0.54559654","0.4419026","-2.2637334","1.3405643","1.3107272","1.3375045","-0.48960975","-1.3947047","0.89761204","2.6894813","-1.7659992","-0.80075926","0.7040733","0.94623846","1.2871841","3.0460365","0.4582369","-0.21880767","2.037954"
"Oedematous Malnutrition","-0.8610144","-0.06204689","-0.022810645","0.0020611463","-0.0009565658","-0.00045902724","-0.018918822","-0.025630439","-0.0039312975","-0.018969087","-0.016530914","-0.035641547","-0.007943889","-0.0072050034","-0.013963499","-0.020377705","-0.010373334","-0.010835765","-0.016133092","-0.011339596","-0.011538723","-0.0045860168","-0.023036573","-0.014183245","-0.003153893","0.010902799","-0.006406742","-0.01712594","0.0009230043","-0.0017532083","-0.014034494","-0.0038970762","-0.009691642","0.00065829273","0.0020159772","-0.0066735","-0.0004295523","-0.0039763018","0.0055414047","0.0031142994","0.00020551936","-0.0045593185","0.00019011392","-0.0040777926","-0.0021466732","-0.0045848354","0.0016202849","-0.003749743","0.0003040471","-0.0030011972","0.00045753678","0.0034179133","-0.00023160408","-8.856923e-05","0.0009927604","-0.00262229","-0.0008311592","-0.0019204128","0.001693831","-0.0009724535","-0.0026840903","-0.0013402244","-0.0023038934","-0.000955738"
"Oligoasthenoteratozoospermia","1.3106833","-0.1536194","0.032004893","-0.041449122","-0.042345624","0.0024412754","-0.050477438","-0.015279209","0.028272076","-0.07109227","-0.07476419","-0.09175177","-0.09312196","-0.2421136","-0.048547767","-0.33090022","0.010006731","-0.46071744","-0.34413663","0.34191495","0.021158056","-0.79318213","1.634991","-0.91977775","0.37715456","1.7418265","-1.7700024","1.1493242","-0.7274387","-0.48769656","-0.19837913","-0.64438254","-2.080049","2.5273278","2.1882207","-1.3995727","-1.0315151","0.6687747","0.6859863","0.46737894","-0.9597711","0.6785934","-1.4348128","1.0814378","-1.1710958","-1.2202722","0.3456021","-0.27616796","0.4477369","1.1373553","0.14474902","-1.9278855","0.29674858","-0.59843224","-1.1524436","-0.49345845","0.72458255","-1.3191432","-1.0330045","-2.8738344","0.13638099","0.44489348","-1.3092238","0.9184441"
"Opisthorchis felineus infection","1.2648044","-0.18313307","-0.04729568","0.011239789","0.033860795","-0.032860268","-0.14859079","-0.0629583","0.014822968","-0.08716402","-0.06969095","-0.034585033","0.13592266","-0.033347152","0.22643289","0.02544569","0.15241247","-0.258389","-0.4196068","-0.45926884","-0.92339","0.76058286","2.1692944","-0.15807346","-0.20623787","0.96158934","-1.1411166","-2.2861109","0.7222457","-0.71422106","-0.6015755","-1.8824418","0.46649936","2.4895024","-0.1653871","-0.568252","1.7471465","1.026284","0.12470155","0.059492342","-0.6606515","1.3226018","-1.2717605","-4.015848","1.4839166","1.3298541","1.3159518","-0.108227454","0.5472569","-3.1268384","-0.17649706","2.5448163","-0.41600287","2.294321","1.6749655","-0.26038307","2.293974","-0.8876924","0.5963124","-1.4145013","-1.4746125","-2.306946","-1.627193","0.46966097"
"Oral cancer","0.8599862","-0.0024136363","-0.0033428469","0.015647719","-0.012009392","-0.039728433","0.01483903","0.4283248","0.10140319","-0.07815612","0.056112748","0.008805311","-0.13732076","0.026537212","-0.15961328","-0.12581751","0.045609605","0.20123477","0.63915247","0.77271444","1.9882944","-1.2342986","2.7626805","-0.67679584","2.0066922","-3.3640354","3.5080276","-3.5879092","-0.554496","2.4553819","-1.2516068","0.59996927","-1.8716596","0.45937747","0.29885113","1.4355327","0.03689395","4.9897428","1.5524821","-1.300478","-1.6724433","2.920244","5.0869794","1.753581","-1.4041504","-1.9982929","2.0434716","-3.4567618","-1.0057762","-1.4524795","1.628212","-2.4820194","-0.9165228","-3.1678813","0.93249136","-1.5853543","0.12778336","-0.3526789","-2.5925446","2.4654748","-1.2428455","0.8195463","0.530937","0.26429164"
"Oral leukoplakia","1.3244921","-0.17513257","-0.07432561","0.009686543","0.0074876253","-0.02130488","-0.08074694","0.021922205","0.02145135","-0.11304386","-0.13850562","-0.061971314","-0.15184811","-0.06600617","-0.1313767","-0.3790004","0.23018423","0.18705718","0.8168471","0.7029807","0.5567442","1.0911578","-1.3329993","-1.1627796","0.014513984","0.25280172","-0.37448865","-0.31671235","1.461365","1.0133548","-0.55228776","2.016383","1.1456146","-0.87346435","-1.0239097","-0.8939359","-0.8525572","1.4718409","-0.04857549","2.129781","0.9395351","-0.86254424","-0.46781078","1.1761799","0.1267664","-2.0899782","0.4872728","0.44408438","-0.052485965","2.2646856","-1.167399","-2.311578","-0.10169829","-1.1590015","1.8743724","1.4158295","1.7176489","-0.4345377","1.8084569","-3.9649003","-1.1849338","1.2482917","-0.49643397","-0.34907138"
"Oral lichen planus","1.1369206","-0.08325812","-0.025690097","-0.024276504","0.019849552","-0.056735855","0.003263679","0.2054168","-0.010326516","-0.1374813","-0.062357403","-0.11767291","-0.009912348","0.027891248","0.024201449","-0.086644","0.114919424","-0.0945835","0.07735001","-1.1595936","-0.23400322","-0.3710254","-0.07631616","-0.96639174","1.6468372","-1.7060788","-0.46200442","-0.6351137","-0.38237348","1.8369963","-1.5712305","1.0508655","1.1956149","0.7573912","-0.7422386","-1.1312381","2.31043","0.007368585","-0.35113737","1.01219","2.0946486","4.2432675","-0.40551212","-0.8554532","0.96486145","1.2741575","0.9240882","-1.3183775","-0.14226349","0.36175358","-1.6344985","-0.8737066","0.2214598","1.3979965","-2.893424","0.07062282","3.1409593","-1.5889792","-0.47482115","-0.5805821","-3.610598","-0.85280955","0.20402543","0.15057375"
"Oral potentially malignant disorder","1.1719501","-0.1453634","-0.041422866","0.03132527","-0.027088631","0.01482692","0.032628845","0.38773787","0.11695475","-0.08681856","-0.08380106","-0.062350206","-0.1405443","0.0012404011","-0.22925654","-0.21850997","0.29583266","0.2746659","-0.34915352","0.38262898","0.17327787","-1.3068774","-0.42073455","-0.09849505","1.4684688","-0.5508234","4.170308","-2.302451","0.17515707","-0.5143095","1.2141767","-0.2627519","1.4242332","-0.83689904","0.58382386","-0.37573218","1.3031306","-0.022406485","-0.7396986","-0.05818612","0.20558022","-0.9147897","-1.1868442","1.7031707","-2.034923","2.8377807","0.33111003","1.6631582","2.0809693","-3.0207908","-2.2798958","-1.1624863","-3.754922","-1.230325","0.9505709","-1.0215681","1.0039197","0.7814152","2.082069","-0.05160337","-1.2594815","-1.3766873","-0.030285472","1.1384982"
"Oral squamous cell carcinoma","-0.8610144","-0.06204689","-0.022810645","0.0020611463","-0.0009565658","-0.00045902724","-0.018918822","-0.025630439","-0.0039312975","-0.018969087","-0.016530914","-0.035641547","-0.007943889","-0.0072050034","-0.013963499","-0.020377705","-0.010373334","-0.010835765","-0.016133092","-0.011339596","-0.011538723","-0.0045860168","-0.023036573","-0.014183245","-0.003153893","0.010902799","-0.006406742","-0.01712594","0.0009230043","-0.0017532083","-0.014034494","-0.0038970762","-0.009691642","0.00065829273","0.0020159772","-0.0066735","-0.0004295523","-0.0039763018","0.0055414047","0.0031142994","0.00020551936","-0.0045593185","0.00019011392","-0.0040777926","-0.0021466732","-0.0045848354","0.0016202849","-0.003749743","0.0003040471","-0.0030011972","0.00045753678","0.0034179133","-0.00023160408","-8.856923e-05","0.0009927604","-0.00262229","-0.0008311592","-0.0019204128","0.001693831","-0.0009724535","-0.0026840903","-0.0013402244","-0.0023038934","-0.000955738"
"Orofacial granulomatosis","1.3635206","-0.0812709","-0.1364858","0.018948792","0.042342808","-0.05024847","-0.01387579","0.040556844","0.017215611","-0.037947252","-0.18245484","-0.26279956","-0.022873262","-0.18072705","0.08187586","-0.22446302","-0.025242202","-0.6083544","0.38246697","0.12685391","0.91891813","0.41104403","-1.4695061","-0.12905125","-0.34057572","-0.36933458","1.1927916","-1.4140689","-0.36557388","-0.3212143","0.35510817","-0.55781245","-1.5880227","1.1658628","1.6400418","1.5474361","1.2051575","-0.89632016","0.19887462","0.37479535","0.15438296","-0.17778614","0.8208557","-1.282372","-0.05708877","0.22662015","0.8293137","2.1566942","0.40592325","0.31295994","0.73065156","-0.8666738","-1.4906899","0.49516025","0.5497115","-0.53490585","-1.9561408","-0.570928","-0.08849537","-2.6706295","2.5345457","-1.1316898","2.4472752","1.2808752"
"Oropharyngeal cancer","1.256896","-0.15800461","-0.07157116","0.029611528","0.019713713","0.01395575","-0.03652666","0.097663596","-0.008571619","-0.16529523","-0.08606211","-0.1270495","-0.13107191","-0.04613469","-0.1692061","0.027828434","-0.3466033","0.20586915","-0.1375865","0.16147378","0.18306665","-1.1578547","-0.87216145","-0.28371602","1.2016088","0.4956061","-0.9386808","-0.8845977","-1.483289","0.039418764","-1.8094922","0.7253065","-0.71943754","0.7682291","-2.1736016","-0.24598378","-1.0408188","1.7602705","1.3347244","-1.4977477","-0.3347581","-1.1848164","-0.0885287","1.8397453","1.9820842","-1.1621315","-2.9260583","-1.222139","1.291672","-0.16593827","1.5694032","-1.6943046","-0.028780641","-2.205873","1.9992244","0.56982917","1.8992896","3.121099","-1.4303412","-0.6818113","1.1992542","-1.2060808","-1.2806934","0.7969708"
"Osmotic diarrhea","1.0937583","-0.386981","-0.10053733","-0.03261495","-0.019981844","-0.10991298","-0.1603889","-0.1345014","-0.0137264235","-0.18704103","-0.15597543","-0.14664635","-0.06329526","-0.166734","0.027622338","-0.1577943","-0.2774836","-0.476254","-1.2179961","-0.61500794","0.49777308","-0.38177422","-1.366569","0.95338196","0.5332811","-1.0247008","0.121808074","1.9995041","-0.93157405","-0.34825715","1.5950121","-1.6159211","0.5322189","0.3780009","0.5260207","-2.1195056","-0.712136","0.79872257","1.9961914","-1.0875348","1.2096092","-0.30307078","0.50344646","-2.4225397","-0.5160589","-1.6938423","2.7762494","-1.271836","1.0567688","2.4813902","-1.5776558","-1.2639798","1.3380941","-0.075195886","-1.0750179","-1.1262754","-0.1108492","0.67060095","-0.30724165","1.2314959","-1.9835978","-1.1747082","1.3459904","-0.49684027"
"Osteoarthritis","1.3042538","-0.19224386","0.005630467","-0.022248747","-0.04659581","-0.017806044","-0.059953675","-0.060424","-0.008642576","-0.066544645","-0.09852703","-0.1917791","-0.057568252","-0.22497703","-0.17045523","-0.0578913","-0.100340225","-0.18847653","0.06924428","1.0483468","-0.5018345","-0.020677824","0.81831634","-0.6141487","0.27485624","-0.7677843","-0.06647183","1.5703899","0.42204285","0.35935482","-0.7275842","0.07453306","-0.49371645","-0.21648365","0.025863549","-1.623792","0.9326393","-1.045706","-1.7593398","-1.9084877","0.04559578","-0.42522043","-0.40997845","-0.09358801","-1.87124","-1.2001889","0.34946114","1.396441","-0.18304203","1.6288329","-3.883615","-1.1055456","1.2744172","-0.34333384","-0.3484094","-2.0416243","-0.9581169","-2.9160194","3.092765","-1.1906635","-0.8518581","-0.60861504","0.36367267","0.26215103"
"Osteoporosis","1.3669211","-0.19300503","0.025265088","0.103610165","-0.016026637","0.051414635","-0.05713531","-0.064426385","-0.03279131","-0.12519366","-0.042595524","-0.09044536","-0.1464299","-0.19093987","-0.047472924","-0.13045566","0.03362742","-0.043188788","-0.22201554","0.03187669","-0.2410822","0.5980968","-1.7652065","-0.47285497","1.1138033","-0.096901976","0.54453146","-0.68931353","2.7133462","-0.34855825","-1.403176","-0.048312347","3.2479975","-2.1583707","-0.64276296","-1.6841788","-1.6316783","-0.95862776","1.7537755","0.9052572","-0.8876828","-0.73153776","0.9847351","-2.4340568","-1.3674357","1.312273","-0.3768747","-0.23819642","0.48900032","0.8767389","0.21225928","-1.9652339","-1.1669964","0.55501056","1.1385679","0.43043855","0.19360247","1.4291352","-3.3377576","-2.1016119","-3.027751","-0.23410384","-0.21035106","0.9463285"
"Otitis Media","1.038268","-0.08791182","-0.06498994","0.0060904934","0.027590988","-0.005300439","0.009972239","-0.029583855","-0.0062840777","-0.046495773","0.065829","0.10623204","-0.030520631","0.3831527","0.01658289","0.23913765","0.487391","0.3144396","0.15242964","-0.8531982","-0.40550986","-0.6460921","0.97351825","0.14602149","0.23133303","2.4224098","-1.9970641","-3.5149083","0.99563086","-0.5155487","0.73489267","0.23590316","-0.080467686","-2.213845","-1.8671569","-1.1387204","1.4570448","0.2144669","1.1337707","-0.71188605","-0.006354929","-0.23752703","-0.4494068","2.0688298","-1.3742831","-0.7659024","2.9206002","-0.5785329","-1.3599843","-0.638727","0.2185754","-0.14478464","0.9696962","-1.3990318","-2.3112648","1.3900869","1.5170603","3.2052567","0.070978604","1.8066393","0.72428095","-2.7634525","1.8727293","0.39448228"
"Overactive bladder","1.2527821","-0.20632306","-0.025262162","-0.014913904","-0.011995869","-0.030143686","-0.1226516","-0.06294073","-0.026132286","-0.110055044","-0.12963092","-0.09333447","0.061942838","-0.10191148","-0.020874333","-0.0019145276","-0.24260871","-0.00021279685","0.46704876","0.017331224","0.70351744","-1.1073493","0.58708286","-0.9194987","0.4343309","1.86472","-1.1159725","-0.72277534","-1.2379357","1.0522147","2.1857347","-0.50630534","-0.5192768","-1.8171167","-0.8653869","-0.43500456","-3.3513367","0.1197394","-0.0850292","3.4489326","-0.34701598","-0.45207563","-1.4776177","-2.7598777","0.556836","1.3182194","-1.094628","-0.01782493","0.3855697","-0.46176773","1.5159961","-2.3659341","1.5520787","0.30530372","-1.329286","-1.221835","-1.4686775","-0.49362856","0.04382683","0.77256423","3.4185123","2.6310596","1.6899322","0.46429738"
"Palmoplantar pustulosis","1.3116087","-0.20330241","-0.07688626","-0.011973957","0.029028943","-0.028659","-0.017014403","-0.10362354","-0.054955807","-0.04864772","-0.07806217","-0.11356059","-0.002328029","-0.0980632","-0.15885146","-0.012288842","0.46091026","-0.021865895","-0.06553965","-0.50410235","-0.2658735","0.5938855","-0.8520593","0.16909277","2.041598","-0.67445445","0.6840968","-1.1807873","-0.55656767","-1.3497158","0.8233883","1.5907377","-0.14090769","-0.21059251","-0.5032481","-0.31390285","-1.0011158","-2.0157533","-2.6178262","-0.3434891","-0.65836036","0.4802124","-1.4137771","2.445699","-0.88073146","-1.0374677","-0.5072235","0.34982467","0.21781838","0.8743061","0.57795906","1.7928936","1.6719221","-0.15554428","0.12266722","-2.8606365","0.84038454","-0.26243415","-1.3013071","-1.468961","-1.774296","1.8758547","0.6369906","-1.2581558"
"Pancreatic cancer","0.87546587","0.14748387","-0.052944664","0.0050146296","0.06602271","-0.0070944517","0.062255215","-0.089447245","-0.01985829","0.11901688","0.01190289","-0.057897314","0.16664949","-0.020146083","0.08777848","-0.3282189","0.03887682","0.25280362","0.91663563","-0.1631513","0.47836614","0.2609042","1.9925704","-0.59176886","-0.7808169","0.020124078","-1.857113","2.3392038","-0.46476012","3.498938","-1.1097503","-3.1104352","-0.383457","3.0968065","0.071106546","-2.8085883","1.5922182","-1.8268327","1.4601189","-4.8454795","2.5504584","-3.3525352","-4.11332","-0.81776667","-4.224186","0.7289129","-2.4762797","0.25576982","1.8147607","0.5065021","3.2842152","0.71265507","1.651988","-1.0203506","-0.8036201","0.38448223","0.43486604","0.0553364","-2.2279723","1.243641","-0.21392345","1.3074095","-0.9281341","-1.8770919"
"Pancreatic ductal adenocarcinoma","-0.8610144","-0.06204689","-0.022810645","0.0020611463","-0.0009565658","-0.00045902724","-0.018918822","-0.025630439","-0.0039312975","-0.018969087","-0.016530914","-0.035641547","-0.007943889","-0.0072050034","-0.013963499","-0.020377705","-0.010373334","-0.010835765","-0.016133092","-0.011339596","-0.011538723","-0.0045860168","-0.023036573","-0.014183245","-0.003153893","0.010902799","-0.006406742","-0.01712594","0.0009230043","-0.0017532083","-0.014034494","-0.0038970762","-0.009691642","0.00065829273","0.0020159772","-0.0066735","-0.0004295523","-0.0039763018","0.0055414047","0.0031142994","0.00020551936","-0.0045593185","0.00019011392","-0.0040777926","-0.0021466732","-0.0045848354","0.0016202849","-0.003749743","0.0003040471","-0.0030011972","0.00045753678","0.0034179133","-0.00023160408","-8.856923e-05","0.0009927604","-0.00262229","-0.0008311592","-0.0019204128","0.001693831","-0.0009724535","-0.0026840903","-0.0013402244","-0.0023038934","-0.000955738"
"Pancreatic head cancer","1.1831433","-0.034909867","-0.10415895","0.041770767","0.016580557","0.0069490345","-0.053593483","-0.054203376","-0.040086403","-0.0024979732","-0.043852907","-0.0769414","0.049714155","0.060906716","0.15857494","-0.32981613","-0.14537409","-0.39088616","0.05537421","0.5251036","0.5064667","-0.013009565","1.273244","0.5351029","0.20428552","-0.33482483","-2.2123227","1.103784","-0.38199532","1.0413327","-0.909857","-2.1807742","-1.0626168","-0.60139817","0.5091345","2.863598","-2.0019622","0.7191977","-1.4207712","1.1538311","-1.5266185","1.2097288","-1.9227139","-0.99852777","-1.1181523","1.0914505","-0.4237184","-0.8544616","-1.7465128","-1.0453473","2.5533967","-0.053544","0.19098286","1.5480428","3.1167803","-0.85909694","1.780107","-1.9947678","-0.48426875","-0.48593858","-1.031121","0.625833","2.18468","1.4593679"
"Pancreatitis","0.9306793","0.0048574316","-0.06365259","0.039287653","-0.025603756","-0.0036652756","0.07125262","-0.05574546","0.027267115","0.08845343","0.033399437","-0.060008876","0.2619428","0.057142816","0.05123692","-0.00388144","0.14727737","-0.543092","0.23456345","0.38212648","0.92382616","0.78064734","0.70451206","0.4010086","-1.0617174","1.3562658","0.36480996","-0.9164049","0.48169428","0.074002765","-0.20248796","-1.9573092","2.7597222","-0.12700173","-0.2450852","2.9223125","-0.8502853","2.0857258","0.08627849","1.8961587","0.65020746","-0.14216664","-1.7978706","1.9106233","-1.7636365","-1.14163","0.087669246","1.4794673","-1.9431096","-1.957302","1.3968565","-1.7229253","-0.7904455","-1.1514698","-1.2272911","1.2405312","-0.360166","-3.4903975","-0.33773154","1.7615491","-0.99581254","-0.52865034","0.35517687","1.0204737"
"Parkinson disease","-0.8610144","-0.06204689","-0.022810645","0.0020611463","-0.0009565658","-0.00045902724","-0.018918822","-0.025630439","-0.0039312975","-0.018969087","-0.016530914","-0.035641547","-0.007943889","-0.0072050034","-0.013963499","-0.020377705","-0.010373334","-0.010835765","-0.016133092","-0.011339596","-0.011538723","-0.0045860168","-0.023036573","-0.014183245","-0.003153893","0.010902799","-0.006406742","-0.01712594","0.0009230043","-0.0017532083","-0.014034494","-0.0038970762","-0.009691642","0.00065829273","0.0020159772","-0.0066735","-0.0004295523","-0.0039763018","0.0055414047","0.0031142994","0.00020551936","-0.0045593185","0.00019011392","-0.0040777926","-0.0021466732","-0.0045848354","0.0016202849","-0.003749743","0.0003040471","-0.0030011972","0.00045753678","0.0034179133","-0.00023160408","-8.856923e-05","0.0009927604","-0.00262229","-0.0008311592","-0.0019204128","0.001693831","-0.0009724535","-0.0026840903","-0.0013402244","-0.0023038934","-0.000955738"
"Parkinson's Disease","-0.15128079","7.4403996","16.244574","21.911865","-1.1354322","-0.6983999","-1.3158873","-1.3298095","-0.20695744","-0.6994648","-0.59767723","-0.7614252","-0.28494474","-0.45381472","-0.065328196","-0.38141328","-0.19346756","-0.7069212","-0.30543438","-0.1334704","0.010962055","-0.18057357","-0.34441087","0.1290282","-0.11891845","0.017803717","-0.07128617","0.048424017","0.035913855","-0.012894323","0.054936767","0.02230368","-0.02020419","0.012093494","-0.044536613","-0.09303439","0.085298404","0.17306694","0.14111249","-0.12016873","-0.20783429","0.032822337","-0.13731505","0.029384919","0.100568205","0.011992923","0.12576745","0.056279827","-0.060334492","-0.09596734","0.015420938","-0.012287888","0.14954974","0.015257203","0.06673446","-0.017297225","-0.07146129","-0.023472635","-0.061798535","0.01751547","0.013725499","-0.0033202232","-0.037767686","-0.0104239825"
"Parkinson's disease","-0.8610144","-0.06204689","-0.022810645","0.0020611463","-0.0009565658","-0.00045902724","-0.018918822","-0.025630439","-0.0039312975","-0.018969087","-0.016530914","-0.035641547","-0.007943889","-0.0072050034","-0.013963499","-0.020377705","-0.010373334","-0.010835765","-0.016133092","-0.011339596","-0.011538723","-0.0045860168","-0.023036573","-0.014183245","-0.003153893","0.010902799","-0.006406742","-0.01712594","0.0009230043","-0.0017532083","-0.014034494","-0.0038970762","-0.009691642","0.00065829273","0.0020159772","-0.0066735","-0.0004295523","-0.0039763018","0.0055414047","0.0031142994","0.00020551936","-0.0045593185","0.00019011392","-0.0040777926","-0.0021466732","-0.0045848354","0.0016202849","-0.003749743","0.0003040471","-0.0030011972","0.00045753678","0.0034179133","-0.00023160408","-8.856923e-05","0.0009927604","-0.00262229","-0.0008311592","-0.0019204128","0.001693831","-0.0009724535","-0.0026840903","-0.0013402244","-0.0023038934","-0.000955738"
"Parkinson's disease with mild cognitive impairment","-0.8610144","-0.06204689","-0.022810645","0.0020611463","-0.0009565658","-0.00045902724","-0.018918822","-0.025630439","-0.0039312975","-0.018969087","-0.016530914","-0.035641547","-0.007943889","-0.0072050034","-0.013963499","-0.020377705","-0.010373334","-0.010835765","-0.016133092","-0.011339596","-0.011538723","-0.0045860168","-0.023036573","-0.014183245","-0.003153893","0.010902799","-0.006406742","-0.01712594","0.0009230043","-0.0017532083","-0.014034494","-0.0038970762","-0.009691642","0.00065829273","0.0020159772","-0.0066735","-0.0004295523","-0.0039763018","0.0055414047","0.0031142994","0.00020551936","-0.0045593185","0.00019011392","-0.0040777926","-0.0021466732","-0.0045848354","0.0016202849","-0.003749743","0.0003040471","-0.0030011972","0.00045753678","0.0034179133","-0.00023160408","-8.856923e-05","0.0009927604","-0.00262229","-0.0008311592","-0.0019204128","0.001693831","-0.0009724535","-0.0026840903","-0.0013402244","-0.0023038934","-0.000955738"
"Parkinsons disease","-0.8610144","-0.06204689","-0.022810645","0.0020611463","-0.0009565658","-0.00045902724","-0.018918822","-0.025630439","-0.0039312975","-0.018969087","-0.016530914","-0.035641547","-0.007943889","-0.0072050034","-0.013963499","-0.020377705","-0.010373334","-0.010835765","-0.016133092","-0.011339596","-0.011538723","-0.0045860168","-0.023036573","-0.014183245","-0.003153893","0.010902799","-0.006406742","-0.01712594","0.0009230043","-0.0017532083","-0.014034494","-0.0038970762","-0.009691642","0.00065829273","0.0020159772","-0.0066735","-0.0004295523","-0.0039763018","0.0055414047","0.0031142994","0.00020551936","-0.0045593185","0.00019011392","-0.0040777926","-0.0021466732","-0.0045848354","0.0016202849","-0.003749743","0.0003040471","-0.0030011972","0.00045753678","0.0034179133","-0.00023160408","-8.856923e-05","0.0009927604","-0.00262229","-0.0008311592","-0.0019204128","0.001693831","-0.0009724535","-0.0026840903","-0.0013402244","-0.0023038934","-0.000955738"
"Pediculosis","1.3232284","-0.2321219","-0.030049967","0.04263104","0.06528297","-0.031354215","-0.0918528","-0.007564755","0.011075518","-0.09607869","-0.040143274","0.052249137","-0.0322666","0.2699408","-0.34271726","-0.12213498","-0.11576093","-0.2079853","-0.4862786","0.38110602","-0.7664636","0.39157096","-1.8259763","-1.1804863","0.94715685","0.30878395","0.91843444","0.049181417","0.09171112","-1.9775972","-0.50194","0.043869313","-0.08769192","2.0137167","2.182801","-0.11810758","-0.61015207","0.15549737","-0.9969284","1.2260004","-0.17932627","1.5200891","-0.77691066","-1.5239342","-2.114843","-0.8733982","-2.5642843","1.0681833","0.020330915","0.24678199","-3.0697994","1.7403162","0.06641338","0.99342465","-0.69676894","1.1874025","2.1151915","-2.2422996","-0.30715054","2.5618753","-1.5927992","-2.9581597","0.6756382","-1.0629961"
"Pelvic inflammatory disease","1.3046283","-0.1429228","-0.10894435","-0.0025093528","-0.028748278","0.008143268","-0.03604973","-0.12290255","0.0038356925","-0.026139978","-0.06906923","-0.110219836","-0.09935595","0.17246836","-0.1867042","-0.21601263","0.40992695","0.3352626","0.65663505","-0.13001636","-0.69400495","0.06440798","1.0467354","0.32559076","0.8504015","1.3900251","-0.9435672","2.0783873","-1.4119892","-1.0119702","0.7247894","1.2487472","0.6538215","-0.050512414","1.0177443","0.062852375","-1.8382399","1.3570256","1.9939814","-1.8149679","-2.3436723","0.48712617","0.6154432","-1.1086886","-0.49750164","0.96436584","-0.08982551","0.65487224","0.9245218","1.0200782","0.4009578","-1.3014307","-2.5254152","3.7996838","-0.8243685","1.582641","-1.4128644","0.92728204","1.3660969","-0.52926624","-2.8281002","-0.9233071","0.5472976","-1.4558464"
"Pemphigus vulgaris","1.3096006","-0.22273535","-0.051017594","0.042922154","0.0020316318","0.008085928","-0.017174188","0.005500092","0.017866924","-0.06970502","-0.061894484","-0.09839531","-0.04122002","0.085031986","-0.053926267","0.21905276","0.18556742","-0.081356734","0.18718338","-0.013719076","-0.74133945","0.98231745","0.31172782","-0.86050296","0.55306727","-0.56243193","0.637948","0.27445874","0.65887105","-0.32430604","-1.245936","0.47128835","-1.8807164","1.9669968","0.193118","2.4249654","-0.8364018","1.9494171","-1.6898745","-0.7841923","-0.86088765","-1.4931235","-2.105783","-1.0739942","2.7332678","3.126174","0.68864876","0.095901266","2.1123807","0.35573378","-2.3337631","2.332285","-0.30033302","0.64464754","-0.24513604","-0.053749267","-2.423825","-0.582018","1.348736","2.1205432","0.72999394","-0.3884415","-2.6626844","2.5469842"
"Periodontal","-0.8610144","-0.06204689","-0.022810645","0.0020611463","-0.0009565658","-0.00045902724","-0.018918822","-0.025630439","-0.0039312975","-0.018969087","-0.016530914","-0.035641547","-0.007943889","-0.0072050034","-0.013963499","-0.020377705","-0.010373334","-0.010835765","-0.016133092","-0.011339596","-0.011538723","-0.0045860168","-0.023036573","-0.014183245","-0.003153893","0.010902799","-0.006406742","-0.01712594","0.0009230043","-0.0017532083","-0.014034494","-0.0038970762","-0.009691642","0.00065829273","0.0020159772","-0.0066735","-0.0004295523","-0.0039763018","0.0055414047","0.0031142994","0.00020551936","-0.0045593185","0.00019011392","-0.0040777926","-0.0021466732","-0.0045848354","0.0016202849","-0.003749743","0.0003040471","-0.0030011972","0.00045753678","0.0034179133","-0.00023160408","-8.856923e-05","0.0009927604","-0.00262229","-0.0008311592","-0.0019204128","0.001693831","-0.0009724535","-0.0026840903","-0.0013402244","-0.0023038934","-0.000955738"
"Periodontal abscess","1.0592626","-0.3673043","-0.12989298","0.032786407","-0.028351368","0.011545743","-0.12980232","0.12334442","0.08924896","-0.09372779","-0.21513869","-0.15878035","0.021426994","-0.18803781","-0.24144104","-0.26979265","-0.01690828","0.004044313","-0.21371631","0.6078166","0.7680323","-1.3073518","-0.8341226","-0.011301129","1.0572679","-2.7529726","1.1162201","-0.55486614","-0.4198272","1.3445295","0.60331213","0.5226168","-0.37124872","-0.29133502","-0.7672393","0.30391157","0.4791289","2.4876657","-0.7062214","-2.5307024","-1.889066","1.8679409","-2.034625","0.152479","-1.4999468","-1.2068083","3.5752451","4.9265475","0.3844144","0.45340297","2.5759833","0.6937342","0.5164094","-0.17969286","0.7428073","0.28188705","0.18289791","1.733665","1.4382075","2.3814542","2.1118097","-0.67302996","0.41244742","0.87964606"
"Periodontal disease","1.0028588","-0.043790396","0.02042876","-0.053377494","0.00035477264","0.005096973","-0.041046165","0.58029413","0.19445431","-0.026357422","-0.15548487","0.113764964","-0.17660306","-0.13594332","0.0352398","-0.13934813","0.24128091","0.08111856","0.40801024","0.5448359","1.4655377","-0.8066736","1.5430857","0.40586022","2.3533127","-2.563317","1.3728176","0.5606008","-1.5828583","-0.5042064","-2.052602","1.9463137","-1.1696771","-1.1023304","1.3653132","0.768405","3.8156357","1.4033006","1.6709056","0.34517336","-0.52496415","-1.4612967","-2.7767205","-2.5735261","-0.8041801","-0.8077749","0.2717242","-0.6330763","-0.24127452","1.4381182","-3.1603575","0.21960367","0.80040175","-2.5024788","-2.9661183","-0.2985097","0.7354063","-2.4080503","1.5523404","-1.5488896","3.1241603","0.35952196","1.4634814","-0.5111372"
"Peripheral Arterial Disease","-0.8610144","-0.06204689","-0.022810645","0.0020611463","-0.0009565658","-0.00045902724","-0.018918822","-0.025630439","-0.0039312975","-0.018969087","-0.016530914","-0.035641547","-0.007943889","-0.0072050034","-0.013963499","-0.020377705","-0.010373334","-0.010835765","-0.016133092","-0.011339596","-0.011538723","-0.0045860168","-0.023036573","-0.014183245","-0.003153893","0.010902799","-0.006406742","-0.01712594","0.0009230043","-0.0017532083","-0.014034494","-0.0038970762","-0.009691642","0.00065829273","0.0020159772","-0.0066735","-0.0004295523","-0.0039763018","0.0055414047","0.0031142994","0.00020551936","-0.0045593185","0.00019011392","-0.0040777926","-0.0021466732","-0.0045848354","0.0016202849","-0.003749743","0.0003040471","-0.0030011972","0.00045753678","0.0034179133","-0.00023160408","-8.856923e-05","0.0009927604","-0.00262229","-0.0008311592","-0.0019204128","0.001693831","-0.0009724535","-0.0026840903","-0.0013402244","-0.0023038934","-0.000955738"
"Pervasive developmental disorder NOS","1.1389987","-0.14442608","-0.037713297","0.085323825","0.00074415584","0.0005203818","-0.060550343","-0.028945975","-0.024362104","0.0016619553","0.051353574","2.249885","-0.67081994","1.0451957","-0.3976071","-0.124371566","-0.22562367","0.4127267","-0.12014638","0.19581923","-0.95748436","0.11728191","0.59802735","-1.0519136","0.29653034","0.0860611","1.1593804","0.9093304","0.7116318","-0.36090067","-1.5405327","0.40071177","-0.36272973","-2.0962982","0.50183046","0.9006779","3.0565653","-0.042136274","1.129599","0.7077168","3.2367368","1.1791422","-1.6240809","0.88264376","0.8926248","-1.716714","0.99778426","-0.8483648","-3.3259141","1.9529785","1.3855264","1.0930505","-0.50422907","0.057066694","-1.1675745","-1.6014398","1.5092548","2.0871344","0.53179246","3.4688103","2.44482","1.3487988","1.1891778","3.4564664"
"Phenylketonuria","-0.8610144","-0.06204689","-0.022810645","0.0020611463","-0.0009565658","-0.00045902724","-0.018918822","-0.025630439","-0.0039312975","-0.018969087","-0.016530914","-0.035641547","-0.007943889","-0.0072050034","-0.013963499","-0.020377705","-0.010373334","-0.010835765","-0.016133092","-0.011339596","-0.011538723","-0.0045860168","-0.023036573","-0.014183245","-0.003153893","0.010902799","-0.006406742","-0.01712594","0.0009230043","-0.0017532083","-0.014034494","-0.0038970762","-0.009691642","0.00065829273","0.0020159772","-0.0066735","-0.0004295523","-0.0039763018","0.0055414047","0.0031142994","0.00020551936","-0.0045593185","0.00019011392","-0.0040777926","-0.0021466732","-0.0045848354","0.0016202849","-0.003749743","0.0003040471","-0.0030011972","0.00045753678","0.0034179133","-0.00023160408","-8.856923e-05","0.0009927604","-0.00262229","-0.0008311592","-0.0019204128","0.001693831","-0.0009724535","-0.0026840903","-0.0013402244","-0.0023038934","-0.000955738"
"Pneumonia","1.3282125","-0.22780678","-0.059258714","0.039803028","-0.033726625","-0.0073518488","-0.089281216","-0.056906823","-0.016190935","0.019086136","0.12967063","-0.21084322","-0.08181256","-0.2955121","-0.04567489","0.04321551","0.20661405","-0.17520177","-0.5073455","0.27828458","0.04803898","0.8129319","-1.3791046","-0.014330516","2.192411","0.33476382","-0.2964666","-2.8408318","2.1809373","0.7709158","-1.2124282","-0.047043126","1.135688","-0.26301533","-0.88112694","1.4513137","-0.5265557","0.639282","-2.1230924","-2.3889127","-0.9987054","-2.0408525","-1.0956252","0.27952185","0.6686765","-2.819966","-0.6877718","-0.15107052","-0.7762628","-1.7172289","-1.9184157","-1.3270879","0.03569902","1.3840799","-2.1013026","3.3903334","-1.9908942","1.097377","-2.8753567","0.7442697","0.5663694","0.11275486","0.4390699","-1.5559288"
"Polycystic Ovary Syndrome","1.2418299","-0.11388971","0.04708146","-0.103153996","-0.014624504","-0.017266404","-0.11160109","0.021085365","-0.013927046","0.021970123","-0.15570812","-0.23256047","0.060479105","-0.026946366","-0.23805498","0.012890401","0.15513878","-0.3989763","0.37364733","-0.1893229","0.78989434","0.18684714","-0.08238802","0.16155364","0.7096043","1.9672335","0.78324383","1.5578903","-0.45123646","-0.8377751","-0.8190979","-0.44130832","-0.013723587","-0.3732457","-1.1170777","-0.69671124","0.8578647","1.1401609","1.7193106","-2.5035906","-0.57382035","1.7084367","-2.6540768","2.3318233","0.7224652","0.82948273","-0.70082706","0.80921286","0.7897988","-1.471437","-2.0106678","0.05724399","0.41599947","-1.5173109","0.39753762","4.180831","1.8859419","0.9282423","0.37455362","-1.6963494","1.9044899","-0.014171546","-1.1845255","1.889067"
"Polycystic ovary syndrome","-0.8610144","-0.06204689","-0.022810645","0.0020611463","-0.0009565658","-0.00045902724","-0.018918822","-0.025630439","-0.0039312975","-0.018969087","-0.016530914","-0.035641547","-0.007943889","-0.0072050034","-0.013963499","-0.020377705","-0.010373334","-0.010835765","-0.016133092","-0.011339596","-0.011538723","-0.0045860168","-0.023036573","-0.014183245","-0.003153893","0.010902799","-0.006406742","-0.01712594","0.0009230043","-0.0017532083","-0.014034494","-0.0038970762","-0.009691642","0.00065829273","0.0020159772","-0.0066735","-0.0004295523","-0.0039763018","0.0055414047","0.0031142994","0.00020551936","-0.0045593185","0.00019011392","-0.0040777926","-0.0021466732","-0.0045848354","0.0016202849","-0.003749743","0.0003040471","-0.0030011972","0.00045753678","0.0034179133","-0.00023160408","-8.856923e-05","0.0009927604","-0.00262229","-0.0008311592","-0.0019204128","0.001693831","-0.0009724535","-0.0026840903","-0.0013402244","-0.0023038934","-0.000955738"
"Post-finasteride syndrome","-0.8610144","-0.06204689","-0.022810645","0.0020611463","-0.0009565658","-0.00045902724","-0.018918822","-0.025630439","-0.0039312975","-0.018969087","-0.016530914","-0.035641547","-0.007943889","-0.0072050034","-0.013963499","-0.020377705","-0.010373334","-0.010835765","-0.016133092","-0.011339596","-0.011538723","-0.0045860168","-0.023036573","-0.014183245","-0.003153893","0.010902799","-0.006406742","-0.01712594","0.0009230043","-0.0017532083","-0.014034494","-0.0038970762","-0.009691642","0.00065829273","0.0020159772","-0.0066735","-0.0004295523","-0.0039763018","0.0055414047","0.0031142994","0.00020551936","-0.0045593185","0.00019011392","-0.0040777926","-0.0021466732","-0.0045848354","0.0016202849","-0.003749743","0.0003040471","-0.0030011972","0.00045753678","0.0034179133","-0.00023160408","-8.856923e-05","0.0009927604","-0.00262229","-0.0008311592","-0.0019204128","0.001693831","-0.0009724535","-0.0026840903","-0.0013402244","-0.0023038934","-0.000955738"
"Postmenopausal","1.2513814","-0.14285679","-0.01593979","-0.04512524","-0.022143207","0.0076590166","-0.07781624","-0.061380047","-0.060195222","-0.05436577","-0.059350863","-0.12162644","-0.009984906","0.37496084","0.08824403","0.11991853","0.027321499","0.52303576","0.091476716","0.34804875","-0.13078298","-0.2570939","-1.0683511","0.10408204","-2.2399082","1.1219873","0.2841499","1.1776116","0.83917075","-2.5458388","0.33933848","2.239394","1.8079649","0.3581671","-2.1535485","-0.90616","-1.0601126","-1.4225391","-0.58690035","-0.5659475","-0.27777928","0.04203883","-0.4774114","-0.0927793","-0.34950837","1.8955364","-0.5275312","0.865123","-0.12269724","-1.3718711","-1.7650127","1.5499109","-0.22227874","-2.8944159","0.18292835","0.24880873","-1.8215494","-1.5205228","-2.4795458","1.634423","-0.6965863","0.05107491","2.807048","-1.1112808"
"Posttraumatic stress syndrome","1.2862917","-0.114221275","-0.0698927","0.007018969","-0.01673371","0.019427907","-0.052342772","-0.08694273","-0.01787255","0.0498847","-0.06852042","0.3172254","-0.17824985","0.08368474","-0.08178665","-0.09578637","-0.3737097","0.2398748","0.13503721","0.032496136","-1.452884","0.44710013","-0.94704175","0.10782151","0.87827706","1.221624","1.6222616","-1.2782258","-1.2959422","-1.172196","-0.7528617","0.96859556","-1.8279262","2.445706","-0.7926901","2.2558427","2.2469666","0.38528845","0.9686933","1.6669282","-1.3556092","-1.7079816","0.7575792","-1.7658367","-1.5430111","-0.05387027","1.9092276","2.4565256","0.7685913","0.45808336","1.444136","0.79760075","2.561316","-0.025125409","0.88292503","2.8680336","-0.34995908","1.8064489","-0.9474522","1.278071","-1.7869287","1.9541419","-0.7789129","-3.5167277"
"Pouchitis","0.98692465","0.27460912","-0.21453945","0.037538458","0.005080324","-0.010156246","0.1583648","-0.094504975","-0.03331668","0.040450275","-0.06757879","0.01992718","-0.09556085","0.3309153","0.35263267","0.06480748","0.0365146","-0.15993308","0.14284556","0.6529224","-1.037053","0.17334643","1.5745225","0.39265844","-3.5479147","-1.1507233","-0.54773045","1.2961831","-0.5268532","-0.999886","1.580611","1.5730875","-0.70655507","-0.4033521","0.24707162","-1.2730807","0.26750094","0.27355","1.3180029","-2.1446152","0.39910942","-0.6383889","1.1104164","1.764426","-1.6113992","0.7788503","-1.3687359","0.34406185","-1.7862277","3.2610912","0.7647821","-0.683269","2.9230149","0.20488703","-0.43207553","0.23417939","1.2124953","0.6761485","1.8220768","1.3276051","0.2514647","-2.0635014","-2.5364878","-3.0168505"
"Prediabetes","1.3222286","-0.10284038","0.15773484","-0.1866179","-0.09400018","0.16163829","-0.087870166","-0.08869935","0.017188413","-0.02905631","-0.075803205","-0.17122671","-0.093256794","-0.20286565","-0.17461164","-0.4101656","0.016217332","-0.43187776","0.22079238","-0.27107576","-0.5960994","-0.6988085","-0.51680833","-1.444583","-0.8826544","2.4964988","1.1552005","1.9232118","0.8882256","-3.9325635","-2.6330326","0.040319227","1.2439247","-0.043839056","1.5068103","-0.21497266","1.2865775","-0.33691594","1.867283","0.2576088","-1.5649097","-1.0437084","0.7531334","2.3870282","-0.0023912652","-0.96734357","-0.4883686","2.156987","-0.7962788","0.6849287","1.6094546","-0.31837064","-0.66971976","2.0217752","4.0604677","-2.6906257","0.7129094","0.48577634","0.9678811","0.67398924","-1.8629371","0.9788726","1.5125672","-1.2109914"
"Preeclampsia","-0.8610144","-0.06204689","-0.022810645","0.0020611463","-0.0009565658","-0.00045902724","-0.018918822","-0.025630439","-0.0039312975","-0.018969087","-0.016530914","-0.035641547","-0.007943889","-0.0072050034","-0.013963499","-0.020377705","-0.010373334","-0.010835765","-0.016133092","-0.011339596","-0.011538723","-0.0045860168","-0.023036573","-0.014183245","-0.003153893","0.010902799","-0.006406742","-0.01712594","0.0009230043","-0.0017532083","-0.014034494","-0.0038970762","-0.009691642","0.00065829273","0.0020159772","-0.0066735","-0.0004295523","-0.0039763018","0.0055414047","0.0031142994","0.00020551936","-0.0045593185","0.00019011392","-0.0040777926","-0.0021466732","-0.0045848354","0.0016202849","-0.003749743","0.0003040471","-0.0030011972","0.00045753678","0.0034179133","-0.00023160408","-8.856923e-05","0.0009927604","-0.00262229","-0.0008311592","-0.0019204128","0.001693831","-0.0009724535","-0.0026840903","-0.0013402244","-0.0023038934","-0.000955738"
"Preeclamsia","1.0859265","-0.07076322","0.00609619","-0.057949763","0.006220943","0.017350204","-0.038870525","0.047634814","0.015011969","0.004045535","-0.04622957","-0.13771607","0.08332245","0.16603763","0.31526607","0.32599252","0.1665005","-0.13939515","-0.021511244","-0.024422817","0.032637015","-0.36812767","1.3966835","2.247626","0.5640354","0.030810263","-1.057948","-1.3975524","0.4753711","0.31574693","-0.78622264","-1.8355474","-1.0079081","-1.7014825","1.52168","0.087204635","-0.70210785","1.3360296","-4.0366035","-0.70074135","0.7493688","-1.1994882","0.40146798","-0.91698045","-2.6058393","-3.0720708","0.3451432","4.114485","-1.0833536","-0.37612778","-0.19683157","-1.5861306","2.117218","3.0971797","2.1050718","-1.1962624","-0.19571017","-1.3384712","0.7383044","2.9468153","-0.58929443","-0.33061454","0.43468738","-1.1490045"
"Pregnancy","0.9801546","-0.36303434","-0.1221756","0.011570372","-0.015303794","0.003948056","-0.13409564","-0.16498932","-0.054376718","-0.12000478","-0.2142079","-0.18657361","-0.18279317","-0.4116663","-0.36324385","-0.43712902","-0.037966985","-0.22098084","0.23060903","0.09087995","0.32292178","-2.061815","-1.4201901","-0.96813846","0.54074365","-1.1012474","-0.2019775","1.6270081","1.2177105","-0.3052123","1.2022666","-0.7207119","-0.98949194","0.976121","-1.932309","-2.3901043","-0.69202423","0.033319168","1.3410528","1.441036","-1.9245037","1.2237158","-1.3643146","1.4752144","2.5124","4.5248995","3.028975","-0.1747955","-3.001154","3.414653","-2.8539934","2.1023626","3.1273491","-3.0797071","2.17806","4.5791316","-0.30282384","0.5443841","-1.0539424","0.96764785","-0.53364515","1.7529442","0.14047183","0.5298101"
"Pressure ulcers","1.2596666","-0.06592851","-0.15055555","0.010225634","0.006457905","-0.012268376","0.04462043","-0.15638617","-0.054214694","-0.0012147232","-0.1326488","-0.16821921","-0.23525606","-0.20397227","0.18228519","-0.07162984","-0.1929889","-0.3161057","-0.8866229","-0.13934879","-0.67472506","0.61913323","-2.6347363","0.9590211","-2.0838835","-2.6679108","-1.0706534","-1.6646509","1.6156847","0.37849462","1.4402776","1.8949213","-1.1045872","0.45958284","0.76918435","0.37797266","0.100726336","1.8107849","0.675525","0.9563793","-1.5854192","3.0712602","1.0535098","-0.09783544","-2.0479183","-1.1763849","0.7757089","3.1540892","1.3472755","0.5819643","1.758285","1.9437817","-1.7900043","1.499112","0.27268535","-1.5570295","-1.2801826","-0.8581858","1.9902701","-2.4228842","0.86314577","1.4853953","2.0639021","1.254538"
"Preterm birth","1.062001","-0.07598774","-0.0072578","-0.015166505","0.0020375624","0.009278661","-0.008370848","-0.06760085","0.00025956216","-0.012583644","-0.032177813","0.015119419","-0.08797528","0.17837898","-0.025579922","0.29605544","-0.14011998","0.30556363","0.43355858","-0.03158803","1.0294616","-0.7887572","0.43090037","0.12736548","-0.956978","2.0303266","1.3097811","-2.1051786","0.26017046","-3.5420911","-1.6185987","1.6923035","1.0329629","-1.7279046","-0.7470314","-0.81104505","0.26632896","-0.17816286","-1.3350568","0.49479824","-2.5016909","-1.9327223","0.58240443","-0.5318522","0.25357765","1.4077878","1.3553311","-0.22590275","-3.9631736","1.4252783","0.4016498","-1.6065589","1.1758956","1.0569732","-0.37634912","0.04761102","-0.3992605","0.30120108","-0.6107857","1.9663212","0.9149163","1.8896035","-2.7604299","0.36839056"
"Primary Open-Angle Glaucoma","1.3136894","-0.23028326","-0.09483342","0.03539574","-0.01639058","0.016039945","-0.07011961","-0.10587665","-0.05262041","-0.063891195","-0.056071304","-0.16911478","-0.01670397","-0.21083775","-0.19011357","-0.29494652","0.22519848","-0.18497275","0.017925272","0.12957619","-0.1342822","-0.30810896","-0.5356291","0.2771277","2.4031816","0.83755565","0.4078727","1.2895911","-3.3234744","-0.5987632","-1.5532917","0.033046704","0.52243704","-1.1298702","2.6464248","-0.25587714","0.1090122","3.3904767","0.6710475","1.657078","-0.06410162","1.3486716","1.1135019","-0.50551087","-0.40381092","0.50637364","0.19333999","0.78832096","1.3073275","-0.7473665","-1.4481494","-0.18736386","0.25993294","-0.003484191","-2.1999698","-1.353493","0.94438475","0.53201216","4.7365856","0.61644584","0.58494216","0.25894704","0.0554258","0.5861304"
"Primary biliary cholangitis","0.8455779","0.015338059","0.003980854","-0.007995045","0.007471009","-0.009979997","-0.0394101","0.025652237","0.03377852","0.0020139182","0.03965266","0.06261608","0.4476993","0.11052496","0.22143753","-0.03521172","0.21204211","-0.12607935","0.7172128","0.62855244","0.38882673","1.3335649","2.9178963","-1.5444083","0.7374122","-0.9393277","-0.4168817","1.5825425","-2.6020179","-1.5252587","-1.7336053","0.32460517","1.8315381","1.4408107","-1.298736","-2.4717305","1.78304","-1.3921934","0.754427","-1.7689583","0.6213223","-0.6348556","0.46782312","0.39930835","1.1906542","-1.4185889","1.665776","0.59562486","1.0137815","-0.6332649","1.2954178","-0.65759504","-2.1740768","0.036706015","-1.7541485","-0.1693366","-0.6856214","-3.6119611","1.6068754","0.7349968","2.869477","-0.44368553","-2.0687428","0.5245696"
"Primary biliary cirrhosis","1.275634","-0.21922965","-0.05860698","0.036921807","-0.013134658","-0.012801362","-0.09935223","-0.092649564","-0.032080088","0.016373742","0.04321681","0.005115947","0.30530146","-0.113586776","0.0011945283","-0.12604444","-0.22378026","-0.047818203","0.30402803","1.0000459","0.6041399","1.0249661","0.72664213","-1.91455","0.74383914","-2.257356","-1.3147122","0.1724016","-1.5943921","0.35139877","0.86334145","1.1096419","1.5305638","-0.05755305","1.4720368","-3.7554936","1.6137319","-1.4055388","1.4734684","-0.8523178","1.8415983","-0.4649423","-1.5745924","0.8160409","1.6036625","-1.6040562","0.6240057","1.1172062","-0.918954","-3.1917038","-1.1857193","-0.830973","-1.6075646","-1.4426329","0.74933004","0.5653708","1.4052519","0.35917717","1.8182739","-1.8715014","-2.796532","2.772687","-1.0487026","-0.38667208"
"Primary immune thrombocytopenia","1.3380153","-0.2191824","-0.08074458","0.027948907","0.024490898","0.021133719","-0.06970197","-0.0807489","-0.049516734","-0.07968577","-0.080606095","-0.08983886","-0.08164723","-0.18017142","-0.05835185","-0.18110514","0.084020816","-0.0017764004","-0.46246004","0.3474833","-0.48821366","0.7260322","-0.67372346","-0.81560415","1.7801945","0.18833034","-0.033504765","0.9544298","-1.8672441","-0.42065948","2.4766088","0.8710911","-0.2385529","0.81921846","1.1699883","-1.572456","1.1824932","-2.1842782","0.1871577","0.56608456","0.31424457","-0.744566","-1.5669606","0.5372038","-0.83732903","0.3704319","0.52682555","-1.6966443","-0.9895788","-1.5525476","-1.9079267","-2.0299103","-1.3376037","1.874111","2.5232375","-0.025209617","0.60772157","-1.7311964","-0.39035624","-0.42977786","-0.04355617","1.9438902","1.1445602","-0.53607464"
"Primary liver cancer","1.2880508","-0.12171042","-0.13873574","-0.0014335251","0.045810916","-0.022843722","-0.07435149","-0.1433348","-0.04220193","-0.04074725","-0.030152505","0.042934902","0.08659186","-0.009627886","0.0012657817","0.07331626","-0.32990554","-0.020673","-0.12409958","-0.28117308","0.026798379","0.3528593","0.56710476","-1.1417073","-1.7373431","-0.90694535","-1.0352086","-0.7030958","0.24255966","0.87260026","1.4685352","-1.7469673","-0.83873665","0.8198778","-3.280598","0.08355173","0.8051156","2.1298342","-1.0628896","-1.8451041","-0.82827","1.653439","0.8004635","1.4495794","-2.51799","0.68851304","0.95166814","-2.4129584","1.4035387","0.6106097","0.009079564","1.9055277","-0.31132653","-0.5404592","1.5640415","1.6714681","-1.37836","-3.0576558","0.6840265","-2.3909264","-0.9649465","1.8034729","2.7290583","-1.8678026"
"Primary sclerosing cholangitis","0.79843044","-0.0021706177","0.04452025","-0.039408922","0.00050928484","0.005105774","0.008368327","0.029162236","-0.007755432","0.05532185","0.106296845","-0.064085536","0.3614087","0.041778903","0.13010855","0.40372208","-0.28024617","-0.035171513","0.27460387","0.7078406","0.62442976","0.61710465","3.8304727","-0.91722655","0.5960612","0.041761093","-0.4427028","1.4923815","-1.224608","0.18804881","-2.5290384","-0.17657603","-1.7380713","-1.696073","-1.26313","-3.880815","2.332631","-2.2198033","2.489417","-1.2272302","-0.6027809","-0.28712788","-2.2661998","-0.05067872","0.96384645","0.12125148","-1.4468348","-0.6030539","5.0822163","0.5977131","1.804117","-1.0014691","0.2716049","-1.0749071","0.37359425","2.1092262","1.0940642","2.9624035","-0.47064814","-1.6976115","-0.6344083","1.2158418","2.2264738","2.3630166"
"Primary sclerosing cholangitis-IBD","0.81422734","0.0014949677","0.021049256","0.008779219","0.03846977","0.0024147423","0.034986794","0.06130904","0.016982105","-0.04359269","0.23449197","-0.06293305","0.25508916","0.1682103","-0.049643364","0.5192845","-0.07689438","-0.4605418","-1.1533271","0.49697298","0.70450723","1.4593729","1.5357451","0.6968162","2.186711","-0.21905611","-2.7065413","0.45747823","-1.0308312","-1.254846","-0.48143175","1.321395","-0.7753782","-0.67559767","-2.8403828","-0.44835448","0.99262154","-2.175652","1.7979953","-0.068436444","-1.1539953","-3.0081465","1.2554758","-2.4392767","-2.1976776","1.0641799","-1.1372901","-1.5081046","-0.75398016","2.251467","-0.11320106","-1.4451286","2.321347","-0.39196792","-3.8275719","-0.7162287","0.8773611","0.65538955","0.32514828","-0.68020076","1.8347311","-1.039865","0.9019138","-1.0046911"
"Progressive supranuclear palsy","-0.8610144","-0.06204689","-0.022810645","0.0020611463","-0.0009565658","-0.00045902724","-0.018918822","-0.025630439","-0.0039312975","-0.018969087","-0.016530914","-0.035641547","-0.007943889","-0.0072050034","-0.013963499","-0.020377705","-0.010373334","-0.010835765","-0.016133092","-0.011339596","-0.011538723","-0.0045860168","-0.023036573","-0.014183245","-0.003153893","0.010902799","-0.006406742","-0.01712594","0.0009230043","-0.0017532083","-0.014034494","-0.0038970762","-0.009691642","0.00065829273","0.0020159772","-0.0066735","-0.0004295523","-0.0039763018","0.0055414047","0.0031142994","0.00020551936","-0.0045593185","0.00019011392","-0.0040777926","-0.0021466732","-0.0045848354","0.0016202849","-0.003749743","0.0003040471","-0.0030011972","0.00045753678","0.0034179133","-0.00023160408","-8.856923e-05","0.0009927604","-0.00262229","-0.0008311592","-0.0019204128","0.001693831","-0.0009724535","-0.0026840903","-0.0013402244","-0.0023038934","-0.000955738"
"Prostate cancer","1.366272","-0.18152474","-0.051566903","-0.025070231","0.0071088853","-0.032088175","-0.08455895","-0.098384924","-0.006364593","-0.17789459","-0.07226777","-0.08652713","-0.1887559","0.07468087","0.047318004","-0.10117855","0.019750794","0.13404158","0.47416732","-0.19942562","-0.532678","-0.5597081","-2.2834713","0.03682176","-0.779333","1.8429543","-0.04363752","-1.0214751","-1.2968924","2.254667","-0.28410485","-1.4339567","0.095442235","-0.3590103","0.89122397","0.608445","-1.125676","1.3344887","1.3052262","-1.2558272","-1.2962245","-1.404369","0.23001932","-0.87227243","2.5864973","1.9367794","1.7870578","0.7726072","-0.25818884","2.7493513","-1.8301793","-0.96208274","-0.39753917","-0.5028428","1.9557407","1.4357191","0.60210073","1.694537","1.2572008","-1.6391602","0.83043754","-0.40234634","3.053332","1.5502449"
"Protracted bacterial bronchitis","1.1503142","-0.13743146","-0.024285605","0.02724588","-0.015952598","-0.018593857","-0.06761481","-0.058580954","-0.0062674684","0.02460675","0.23410691","-0.118361294","-0.15644813","-0.16678956","0.19480334","0.021013008","-0.33599153","-0.09862205","-0.25429335","0.67810804","0.052992787","0.14006604","-1.158348","1.432656","1.2539315","0.48417866","-0.25868022","-1.4394367","3.0532973","-1.6371009","0.6963015","-0.40897286","1.2955143","2.829094","-0.21418038","-1.3344903","-1.5629917","-0.9008847","0.22255749","0.89054704","2.824311","0.26241356","-0.39477527","2.2363749","0.80934834","0.06890895","0.33742544","1.3286357","0.3311425","0.9662732","-0.054231837","0.5391236","-0.789439","-0.4175363","-0.38645968","-1.656619","-2.2656837","-1.8159811","1.2760233","-1.0502807","0.5037236","-0.7459362","-0.4803393","0.37653783"
"Psoriasis","0.16470484","0.4489053","0.30184346","-0.026877254","0.017763777","0.0126333125","0.16541317","0.3338263","0.014979778","0.30855727","0.23257273","0.4691797","0.2989281","0.33897358","1.4734455","7.2713895","26.95987","0.13558763","-0.87101233","-1.9272772","-0.32033566","-0.7127746","-0.5703065","0.68725306","0.0712916","-0.06426054","0.10034889","0.4680645","0.22488947","0.18721025","-0.21802166","-0.6179671","-0.21687175","-0.28112265","-0.22389044","0.29461092","-0.07269935","0.05928356","0.09138272","-0.15780677","0.012743264","-0.3017013","0.14434047","-0.06749119","0.1424612","0.079415314","0.13736263","-0.11396516","-0.078464665","0.006251987","0.0528535","0.0806972","0.036544938","-0.06466547","0.080145985","0.043996252","0.060993403","0.0014576917","0.06800644","-0.0074305404","0.06619005","-0.008761655","0.0142166475","0.097037114"
"Psoriatic Arthritis","1.341848","-0.1932759","-0.09630687","0.029869376","-0.019423567","-0.036891587","-0.06846636","-0.1177245","0.026052555","-0.018501634","-0.079636395","-0.09764213","-0.25577524","-0.18788761","-0.09109118","-0.12844434","0.5261099","0.23006153","0.04708304","0.20298687","0.03618985","1.3264928","0.48637417","-1.5007942","0.17951143","0.41760537","1.2697872","-1.133796","-0.18032692","0.33665538","-0.9127566","1.715384","-1.0871708","-0.89370275","1.3209018","0.3386745","-0.5121515","-1.9848089","-2.6780813","-2.2841938","0.84536386","-1.9220545","-0.38282934","-0.40668127","-0.26814744","0.543329","-2.9732904","-1.4672893","0.58599544","0.1898901","4.048539","2.2760782","1.9870142","1.0088991","-1.2928139","-1.9903951","-1.0587277","-1.7323731","-0.6757169","1.938405","1.507632","-0.9333397","0.7256245","-1.3635737"
"Pulmonary Arterial Hypertension","1.2848049","-0.0836008","-0.089815445","0.006162284","0.028090378","-0.021671217","-0.010888715","-0.044865415","-0.03889703","-0.020623038","0.045745686","-0.13817638","-0.015911495","0.019926317","0.09588558","-0.006138881","-0.8194215","-0.35630623","-0.17990501","-0.29546362","-0.36252967","0.35971385","-0.09198315","-0.11384278","-1.4735433","-0.550305","0.2642422","-0.052281242","1.1227866","-0.6112144","0.36281198","0.39091325","1.8291308","-0.3204801","-1.4489291","2.8046303","0.18373068","-1.8619909","-0.47542244","1.4006319","0.36769468","0.973137","-0.73210305","-0.8535094","-1.0584025","1.7687982","1.8112448","0.17122354","0.6520906","0.3157176","-1.2774421","0.21268095","-1.7787232","1.7359864","-0.025839653","-1.1895722","-3.5868359","1.6014818","-0.13941456","-0.17163508","1.6126685","-1.79425","-3.5537982","0.7592396"
"Pulmonary arterial hypertension","-0.8610144","-0.06204689","-0.022810645","0.0020611463","-0.0009565658","-0.00045902724","-0.018918822","-0.025630439","-0.0039312975","-0.018969087","-0.016530914","-0.035641547","-0.007943889","-0.0072050034","-0.013963499","-0.020377705","-0.010373334","-0.010835765","-0.016133092","-0.011339596","-0.011538723","-0.0045860168","-0.023036573","-0.014183245","-0.003153893","0.010902799","-0.006406742","-0.01712594","0.0009230043","-0.0017532083","-0.014034494","-0.0038970762","-0.009691642","0.00065829273","0.0020159772","-0.0066735","-0.0004295523","-0.0039763018","0.0055414047","0.0031142994","0.00020551936","-0.0045593185","0.00019011392","-0.0040777926","-0.0021466732","-0.0045848354","0.0016202849","-0.003749743","0.0003040471","-0.0030011972","0.00045753678","0.0034179133","-0.00023160408","-8.856923e-05","0.0009927604","-0.00262229","-0.0008311592","-0.0019204128","0.001693831","-0.0009724535","-0.0026840903","-0.0013402244","-0.0023038934","-0.000955738"
"Pulmonary tubercolosis","0.53278327","-0.2611366","-0.120631404","0.0018586502","-0.016578343","-0.00932933","-0.054033402","-0.14191574","0.08668794","-0.11938055","-0.024661476","-0.107982084","-0.008936431","0.14884683","-0.1727922","-0.15989561","0.7589542","0.20055993","0.8134206","-0.6389719","0.986147","-0.9935375","-0.22579378","1.1049163","1.4152702","-1.4478519","1.3543451","1.351065","-2.0867097","1.5359763","1.81737","-1.4587696","-0.25588062","-2.060194","-5.6396337","2.1801245","2.3770344","-0.90420926","-1.740255","2.0738637","-1.5000591","0.8900551","1.5124098","1.9776103","-0.83808565","-2.050297","-0.3172257","4.2257547","1.2579876","2.0359235","1.7709074","-1.2530867","3.6966639","0.93242544","0.15304808","1.5434095","0.5205774","-2.7871015","0.25473174","-0.818682","-3.6426277","0.0030439026","-1.6436344","-0.012778001"
"Radiation enteritis","1.3192075","0.1564831","-0.30857763","-9.024242e-05","0.024724487","-0.024969744","0.14205125","-0.1758602","-0.07393686","-0.056929626","-0.15004417","-0.29391122","-0.05578291","-0.1323779","0.29732004","-0.17790912","-0.20199761","-0.07625137","0.2463461","0.016257681","-0.9275505","-0.3018033","0.19316787","2.108841","-2.8280406","0.29791194","1.2896441","-1.1925918","1.890301","-0.848073","-0.3177567","-0.3386299","-1.8846716","0.43513218","0.43622413","-0.16977626","2.915937","0.16558821","-0.51667017","-0.848579","-0.7680559","1.1726904","2.9100301","0.9818752","-1.7044472","-2.3565793","-0.5107127","1.5205501","-1.0639535","0.13195834","1.455661","-1.3873007","-0.5373603","-2.0131304","0.07030391","0.4988518","-0.871932","-0.99230593","-0.87104523","2.6901312","-0.80437994","-4.0034366","-0.48449364","-0.9280271"
"Reactive arthritis","1.3266522","-0.06553322","-0.1988047","0.015682932","0.012969055","-0.036118887","0.017957017","-0.10721711","-0.07490972","0.03533642","-0.1843896","-0.06361107","-0.20986004","-0.06437982","0.080320545","-0.24002518","0.0307678","-0.4941131","0.21626636","-0.0016685444","-0.912945","0.046074864","-0.08928116","1.8502742","-1.490314","1.5463858","0.08963894","-0.7905898","2.2170424","-1.6004881","0.24168658","-0.30892327","0.3929468","2.6357522","0.3450124","-1.328574","0.35754934","1.454471","1.9388","-0.856055","1.7033609","-0.27380505","-0.56599534","-0.93451285","-0.5941841","-1.1745912","-0.24754997","0.78131694","-1.1950797","-0.95221376","1.1279165","-2.1513107","-0.54326236","1.0867671","0.9149563","1.1453751","0.046521604","-0.8955888","0.08171922","0.8640996","-1.7304584","-0.511633","0.4245751","1.3596227"
"Rectal Carcinoma","1.217707","0.1625171","-0.2903016","0.0008995945","0.11650062","-0.023116456","0.10989899","-0.17260487","0.0036099628","0.06237877","-0.10038664","-0.23787546","0.0016184478","0.0880183","-0.063945815","-0.10011318","0.19126296","0.17163071","-0.37948242","-0.3356833","-0.35362732","0.4068769","-0.7827211","0.7407301","-4.2201133","-0.92146456","1.554512","3.4751678","-1.6675515","0.760223","1.0467044","1.2614484","-0.19884613","-0.2853791","-2.165773","1.2618973","-1.9831402","0.2886654","0.07244301","-0.8239386","-0.86680526","-0.088999435","1.2515523","2.3385298","2.2363014","0.7119088","0.10387131","-0.72293246","-1.4124317","0.98818135","0.6876793","0.9796661","0.99351865","0.045919135","-1.1394132","-0.2638675","-1.2892923","-2.8276558","1.5981976","-0.3744138","-0.87694955","1.6834493","-2.6128836","-0.45862317"
"Rectal cancer","-0.8610144","-0.06204689","-0.022810645","0.0020611463","-0.0009565658","-0.00045902724","-0.018918822","-0.025630439","-0.0039312975","-0.018969087","-0.016530914","-0.035641547","-0.007943889","-0.0072050034","-0.013963499","-0.020377705","-0.010373334","-0.010835765","-0.016133092","-0.011339596","-0.011538723","-0.0045860168","-0.023036573","-0.014183245","-0.003153893","0.010902799","-0.006406742","-0.01712594","0.0009230043","-0.0017532083","-0.014034494","-0.0038970762","-0.009691642","0.00065829273","0.0020159772","-0.0066735","-0.0004295523","-0.0039763018","0.0055414047","0.0031142994","0.00020551936","-0.0045593185","0.00019011392","-0.0040777926","-0.0021466732","-0.0045848354","0.0016202849","-0.003749743","0.0003040471","-0.0030011972","0.00045753678","0.0034179133","-0.00023160408","-8.856923e-05","0.0009927604","-0.00262229","-0.0008311592","-0.0019204128","0.001693831","-0.0009724535","-0.0026840903","-0.0013402244","-0.0023038934","-0.000955738"
"Recurrent Clostridium difficile infection","-0.8610144","-0.06204689","-0.022810645","0.0020611463","-0.0009565658","-0.00045902724","-0.018918822","-0.025630439","-0.0039312975","-0.018969087","-0.016530914","-0.035641547","-0.007943889","-0.0072050034","-0.013963499","-0.020377705","-0.010373334","-0.010835765","-0.016133092","-0.011339596","-0.011538723","-0.0045860168","-0.023036573","-0.014183245","-0.003153893","0.010902799","-0.006406742","-0.01712594","0.0009230043","-0.0017532083","-0.014034494","-0.0038970762","-0.009691642","0.00065829273","0.0020159772","-0.0066735","-0.0004295523","-0.0039763018","0.0055414047","0.0031142994","0.00020551936","-0.0045593185","0.00019011392","-0.0040777926","-0.0021466732","-0.0045848354","0.0016202849","-0.003749743","0.0003040471","-0.0030011972","0.00045753678","0.0034179133","-0.00023160408","-8.856923e-05","0.0009927604","-0.00262229","-0.0008311592","-0.0019204128","0.001693831","-0.0009724535","-0.0026840903","-0.0013402244","-0.0023038934","-0.000955738"
"Recurrent aphthous stomatitis ","1.3397313","-0.20682709","-0.06755368","-0.04720896","-0.00036903296","0.007408102","-0.042228553","0.14705464","-0.0050576674","-0.10697865","0.0074873595","-0.14222929","-0.033920545","-0.1662286","-0.0634111","0.06348314","0.012683478","0.24468158","0.38512006","-1.3365579","-0.058295693","0.0027635235","-0.8339955","-0.38049808","1.1339438","0.21440448","-0.5972896","-1.6975133","1.9817426","0.4626436","0.20536365","0.87143654","-1.9790484","0.027238345","1.17884","1.5838134","0.2215286","2.0490234","-2.6476645","-0.8827521","1.9704964","-0.288658","-0.15367883","1.9127367","1.4442658","1.7842647","-1.3038156","-0.44542173","-2.6456099","-2.3609588","3.6536684","0.30123594","2.9076715","0.8031104","0.7679801","-1.3173641","-0.7844883","-1.3055394","-1.6370239","0.59686613","-2.0542662","1.6098955","-3.1912742","-0.93630683"
"Recurrent miscarriage","1.3186301","-0.15616302","-0.05316673","-0.010789791","0.025838567","-0.0036589818","-0.08058681","-0.07928621","-0.019446837","-0.044258006","-0.021067826","-0.25581312","-0.0119226","-0.1402513","0.08229279","-0.22670133","0.07065813","-0.25170133","-0.21972108","-0.17210563","-0.14565839","-0.58198506","-0.57726115","-0.2124073","-0.6071816","2.1364288","-1.4294316","-0.8812702","0.5118315","-0.16298422","-0.02589753","0.49756768","-1.1769006","-0.68445534","-0.001353279","-0.7788633","0.5048016","0.054574817","-2.5231485","-0.5999956","0.5875777","-1.0895414","-1.3728297","-0.30615667","-0.20079799","0.83526284","1.2912782","-3.115128","-2.3886595","-0.50788206","1.9979023","3.3548043","-0.99432373","-0.01744993","0.23949513","-2.075537","1.6529336","0.63134706","-3.5755067","-0.3093304","-0.49090222","1.7376631","-0.11606385","1.1521952"
"Recurrent tonsillitis","1.2964389","-0.18691356","-0.066780515","-0.0069930367","-0.00078764994","-0.016004141","-0.025893064","0.010114405","0.015485069","-0.039906964","0.023974305","-0.12439573","-0.13462767","-0.052124713","-0.39900386","-0.24351987","0.43769166","0.062165685","-0.35220686","-0.062717795","0.39151317","1.0815768","-1.1336141","-0.5618297","0.6924998","0.6004924","-0.13162808","-2.1655507","-0.56090647","-0.87522143","-2.3729668","-0.9790771","1.0582856","-0.6733265","-0.49121204","0.2873946","-1.4219319","1.6411135","-0.4666495","-1.060063","0.5911797","0.7483067","1.7284453","-2.806435","-1.8756919","1.1715552","-0.52757245","1.678452","1.045479","2.9049723","-0.8909614","3.1998549","-0.11484702","-0.34494263","0.3089406","2.459889","-1.1428838","1.2787064","1.4709672","0.64835036","0.04560886","-1.0578805","0.34401506","1.6865524"
"Reflux esophagitis","1.346298","-0.03550343","-0.17239594","0.04504187","-0.016843393","-0.003317497","0.06021523","-0.1371584","0.018740496","-0.054349303","-0.10830229","-0.19219323","-0.03481144","-0.048432443","0.19251636","-0.2246108","0.1002576","-0.39374268","-0.3289063","0.67908484","-1.8387707","0.7295222","0.952278","-0.5478743","0.6830475","-1.0046792","0.43368173","0.58039707","-0.3980943","-0.35121125","-2.0883904","-1.4963506","-1.2433685","0.827795","-0.41334724","-0.40126294","0.43121296","2.113154","1.107486","3.2488444","2.2776158","3.1666574","0.9589295","2.100768","1.3801548","-0.16944996","-1.6486387","-2.3119736","0.89064854","0.58414304","-2.606449","-2.9536095","-0.4714054","-0.64480186","4.612008","0.5554767","0.4802482","1.3711468","0.5954896","0.5879121","0.10744672","1.0636353","-0.861579","0.75657463"
"Refractory celiac disease","1.3232265","0.07960383","-0.22992131","-0.014006453","0.021857796","-0.031424873","0.06472662","-0.17092948","-0.020325072","-0.017105896","-0.12783861","-0.13670905","-0.14446476","0.12334001","0.33441553","-0.2727856","-0.2737867","-0.40644842","0.30569923","-0.10677356","-1.2674439","1.5840845","-1.6264887","1.1917561","-1.5570982","1.1172107","-0.06940789","1.0522794","-1.1932216","0.09570764","0.6918313","1.5410717","-0.7168593","-0.24465609","1.4025029","2.2011464","2.3039203","-0.45929316","0.53607935","-1.0730436","-0.54913515","-1.6137975","-0.88099235","-1.3301879","2.0688224","1.3915557","-0.8260774","-0.49271566","1.4690427","-2.997914","-1.3209865","-0.90752107","-0.71442014","-0.0924149","0.39927325","0.07225337","3.7100828","-1.6184491","-3.0435205","3.30896","-0.9466047","-0.6408775","1.3185098","-0.83266234"
"Rett Syndrome","1.2860762","-0.18439062","0.006575744","0.09211127","0.0021811503","0.009066133","-0.08027427","-0.051205873","-0.0052819485","-0.02438062","0.09208117","0.06588828","-0.09237127","0.16026081","-0.106762856","0.0098908795","-0.123082004","0.055520542","-0.4530608","-0.13559571","-1.1130004","-0.37349886","-0.8295128","0.34675217","1.7246052","-0.094792716","2.7580328","1.426188","3.3793685","1.1937048","1.6210371","-1.3038627","0.060237784","-1.8893269","-0.014874341","2.2408652","-0.41535088","-0.24931654","1.1535413","-1.4152402","0.23675695","1.5294442","0.9371216","-3.1844935","-1.851221","-2.3293254","1.116116","-0.82037854","0.9777134","-2.2428854","0.19861059","-1.7540528","2.73492","-2.382409","-0.60925984","0.16173647","3.8356106","-1.0833074","-2.5337524","1.9921632","-0.5213607","1.1634395","-0.6603105","1.8177885"
"Rett syndrome","-0.8610144","-0.06204689","-0.022810645","0.0020611463","-0.0009565658","-0.00045902724","-0.018918822","-0.025630439","-0.0039312975","-0.018969087","-0.016530914","-0.035641547","-0.007943889","-0.0072050034","-0.013963499","-0.020377705","-0.010373334","-0.010835765","-0.016133092","-0.011339596","-0.011538723","-0.0045860168","-0.023036573","-0.014183245","-0.003153893","0.010902799","-0.006406742","-0.01712594","0.0009230043","-0.0017532083","-0.014034494","-0.0038970762","-0.009691642","0.00065829273","0.0020159772","-0.0066735","-0.0004295523","-0.0039763018","0.0055414047","0.0031142994","0.00020551936","-0.0045593185","0.00019011392","-0.0040777926","-0.0021466732","-0.0045848354","0.0016202849","-0.003749743","0.0003040471","-0.0030011972","0.00045753678","0.0034179133","-0.00023160408","-8.856923e-05","0.0009927604","-0.00262229","-0.0008311592","-0.0019204128","0.001693831","-0.0009724535","-0.0026840903","-0.0013402244","-0.0023038934","-0.000955738"
"Rheumatoid Arthritis","0.3830806","0.3273603","0.08250179","-0.05838731","0.012844705","0.03686674","0.20237009","0.19229111","-0.0034811483","-0.01815297","0.19630913","-0.10281262","0.39253268","0.6722316","0.39514855","1.1862162","1.8534312","0.1878686","6.763978","24.384861","-4.121685","0.41918465","-4.841532","0.23278908","0.7647376","-0.34856504","-1.2920616","0.7782758","0.6532478","-0.41849467","0.43321264","-0.36539128","0.23930311","0.44822416","0.5876626","-0.036250733","0.25405684","0.48770624","0.5117501","0.2810081","-0.2763659","0.1829334","0.0935654","0.6273522","0.024330068","-0.08330869","0.33013806","0.06789737","0.15582915","0.2531958","0.11763958","-0.27270985","-0.06915093","-0.093899764","-0.021837974","0.18917389","0.053302657","-0.08092794","0.24300976","-0.103083566","0.009002808","0.062365","-0.06697025","-0.059701893"
"Rheumatoid arthrits","-0.8610144","-0.06204689","-0.022810645","0.0020611463","-0.0009565658","-0.00045902724","-0.018918822","-0.025630439","-0.0039312975","-0.018969087","-0.016530914","-0.035641547","-0.007943889","-0.0072050034","-0.013963499","-0.020377705","-0.010373334","-0.010835765","-0.016133092","-0.011339596","-0.011538723","-0.0045860168","-0.023036573","-0.014183245","-0.003153893","0.010902799","-0.006406742","-0.01712594","0.0009230043","-0.0017532083","-0.014034494","-0.0038970762","-0.009691642","0.00065829273","0.0020159772","-0.0066735","-0.0004295523","-0.0039763018","0.0055414047","0.0031142994","0.00020551936","-0.0045593185","0.00019011392","-0.0040777926","-0.0021466732","-0.0045848354","0.0016202849","-0.003749743","0.0003040471","-0.0030011972","0.00045753678","0.0034179133","-0.00023160408","-8.856923e-05","0.0009927604","-0.00262229","-0.0008311592","-0.0019204128","0.001693831","-0.0009724535","-0.0026840903","-0.0013402244","-0.0023038934","-0.000955738"
"Rhinovirus infection","1.1227425","-0.38206187","-0.14445633","0.02474338","-0.016412055","-0.01222093","-0.15253723","-0.20423658","-0.08203025","-0.14392394","-0.15420124","-0.13566092","-0.19620986","-0.2438307","-0.16447975","-0.42484382","-0.24745935","-0.21970119","-0.9821987","-0.601911","-0.10755303","-1.407151","-1.2857044","0.9005136","-0.37613207","-1.6438334","1.6651022","1.4905692","-0.1579997","-1.7853792","1.8310626","-1.3021613","2.0158699","1.8074425","-1.0315113","-2.1974864","0.9206477","0.22682051","-0.3623342","-1.6325547","-0.8743928","0.8043683","-2.1815553","-1.6867758","3.888255","0.29342452","-4.1641917","1.065272","-0.43635762","0.15644103","1.0810518","-0.10541479","1.7057853","-0.68139935","-2.0657268","-1.8893445","0.99332947","0.06911366","3.355194","1.5563648","0.3448479","0.87786204","-1.5251935","0.96848935"
"Rosacea","1.3231325","-0.2071621","-0.016133076","0.11982816","0.039599992","-0.029914603","-0.16061004","-0.0901111","-0.02384531","-0.07791316","-0.013026071","-0.07788593","-0.016735949","0.13521978","-0.25771442","0.069995455","-0.014001492","-0.13286757","-0.71801955","0.6900229","-0.26262698","-0.42053014","-1.2141855","-0.38817716","2.413544","-1.1569101","1.1989621","-0.5868922","0.44907087","-2.3158603","1.8445909","-1.0493231","-1.3033559","0.7838525","1.6123506","-0.65419143","-1.7393459","2.7122443","1.3128039","1.2047758","-0.7241924","1.144843","0.21645269","1.120026","-1.2230468","1.6877183","-0.9599157","2.0856595","-1.018957","1.1790618","0.2737366","-0.33872843","-0.3383846","0.482981","-2.197128","-2.4550471","-0.5308014","-1.2356609","-2.4859805","-0.19767901","0.19946092","-0.19703294","-2.535338","-1.1117651"
"Sarcopenia","-0.8610144","-0.06204689","-0.022810645","0.0020611463","-0.0009565658","-0.00045902724","-0.018918822","-0.025630439","-0.0039312975","-0.018969087","-0.016530914","-0.035641547","-0.007943889","-0.0072050034","-0.013963499","-0.020377705","-0.010373334","-0.010835765","-0.016133092","-0.011339596","-0.011538723","-0.0045860168","-0.023036573","-0.014183245","-0.003153893","0.010902799","-0.006406742","-0.01712594","0.0009230043","-0.0017532083","-0.014034494","-0.0038970762","-0.009691642","0.00065829273","0.0020159772","-0.0066735","-0.0004295523","-0.0039763018","0.0055414047","0.0031142994","0.00020551936","-0.0045593185","0.00019011392","-0.0040777926","-0.0021466732","-0.0045848354","0.0016202849","-0.003749743","0.0003040471","-0.0030011972","0.00045753678","0.0034179133","-0.00023160408","-8.856923e-05","0.0009927604","-0.00262229","-0.0008311592","-0.0019204128","0.001693831","-0.0009724535","-0.0026840903","-0.0013402244","-0.0023038934","-0.000955738"
"Schizophrenia","0.19472247","0.5337314","0.50004846","0.32545745","-0.054633465","-0.0136758005","0.1277984","0.35543114","0.08410205","0.26461032","0.18967128","3.2638342","-0.6657276","2.5173142","-1.2468064","-0.13947144","-0.3325987","27.476305","-0.1329841","-0.6814468","-0.4452237","-0.43639416","-1.006282","0.65382856","-0.769663","0.34243196","-0.38194942","0.23329985","0.049705744","0.31612635","0.27528572","0.20789072","0.38789442","0.39377862","-0.3535365","-0.49615753","0.015209263","0.28570515","0.013556151","-0.58060205","-0.74935365","0.25492382","0.019799262","0.14641753","0.12224624","0.09713442","0.052391835","-0.095340095","0.02524031","-0.5352023","-0.13076471","0.11104147","0.120047815","0.03232487","0.07800369","0.11309999","-0.15242387","-0.16917078","0.04839634","0.015676517","0.048710275","-0.048851203","0.022065053","-0.032252688"
"Seborrheic dermatitis","1.2842703","-0.20999476","-0.034848746","-0.0033714087","0.023839036","-0.001959641","-0.053501647","-0.036302198","-0.07170713","-0.1011395","-0.08976702","-0.17049938","0.068924606","-0.12926234","-0.19489765","0.26942992","0.20095433","0.040701706","-0.18904665","-1.574763","1.3960912","0.31482893","-0.3179358","-0.7387235","1.0016063","0.5674559","-0.016909769","0.4928806","-1.0891443","-2.4979126","1.8142811","0.61729217","2.0036774","-1.391369","-0.7298633","-2.175307","0.78889084","0.114038624","0.36703616","0.6722634","-0.0007875727","3.2321715","-1.1964487","0.16169438","-1.7743975","-0.7375676","0.14375104","0.9770582","1.6955993","0.84294486","0.7250599","-1.4411963","0.40658733","2.7406027","0.70036024","0.71369344","1.1452082","0.12355042","-0.16686194","-1.7865952","-0.50021577","0.141523","1.1728932","1.6545154"
"Seminal hyperviscosity","1.3049371","-0.18513636","-0.0497292","0.0061940574","0.004535087","0.017078847","-0.06368497","-0.119601056","-0.009849862","-0.061480917","-0.09340706","-0.102234796","0.020468542","-0.054909065","0.17525356","-0.0021056884","-0.51491064","0.48233148","0.5180546","0.6718069","-0.26772198","0.27112952","1.0292343","-0.4565854","0.63618225","-0.9740145","0.15763484","0.9066501","1.7082583","0.38823265","0.09830553","1.0941678","-1.0200037","2.584496","-1.0464492","-2.3034825","0.982539","1.7187401","0.012605524","1.5978041","-2.7683058","-2.1113172","1.2811995","-0.93900526","0.4484628","-1.9852304","-0.17897035","-3.6754305","-1.4259946","-2.2050967","-1.0644617","2.1950128","0.3687846","-1.1458906","1.1443479","1.0650175","0.6295717","-1.7676748","0.21196783","0.83928835","0.23274502","-2.3395271","-1.5058746","-0.6567808"
"Sensitive scalp","1.1241117","-0.40952882","-0.13490018","0.031069594","-0.020268051","0.020805383","-0.14647573","-0.18889457","-0.025813177","-0.17549346","-0.21063326","-0.19810349","-0.16634525","-0.42316586","-0.07638109","-0.2435288","-0.30742222","-0.4397731","-0.2916759","-0.5803851","0.41051936","-1.4857751","-2.1116095","1.7871294","0.8811271","-1.3435063","-0.15086019","2.2098908","1.2947228","0.73877126","1.0901854","-1.7592306","1.051831","1.2113754","-1.0325943","-0.9962384","-1.2309935","-0.097854555","-3.2060626","-0.7273235","-0.5611292","-1.3569214","-0.22911926","1.8794955","-1.1591538","-0.28503343","-1.2918816","1.6607534","-1.6315409","0.03226749","1.0952551","-1.014008","0.8018959","-2.1447418","1.2022718","-0.19377066","2.262765","-1.0905236","1.3148657","3.2099078","-1.3703923","1.7246752","1.1079583","1.8664176"
"Sepsis","1.3695171","-0.08356467","-0.17877899","-0.02937654","0.04496174","-0.015911773","-0.045908786","-0.1533277","-0.062488988","-0.025252858","-0.13458382","-0.17510045","-0.0042068446","-0.2791304","0.111874424","-0.08461398","-0.06098172","-0.01599278","-0.040038235","-0.40998703","0.001278887","-1.3151652","-1.5908707","0.3229861","-1.790327","0.21214117","-1.2125572","-0.93025523","-0.6969469","-1.1563783","-0.9360661","-0.16076335","0.46301347","0.158705","1.1500593","0.083397344","0.39585996","-0.63290477","-0.17077455","0.21571574","1.5581636","0.6631697","0.92933404","1.1627098","2.0347853","1.316617","0.73845345","0.36037853","0.2318245","0.4123985","-1.9241581","0.69418836","0.5182898","-2.2621865","-1.5797925","-0.80754644","-0.21255153","2.1991363","0.64931965","-0.9808034","-2.1270065","0.30494636","1.2352479","0.14172135"
"Severe Acute Malnutrition","-0.8610144","-0.06204689","-0.022810645","0.0020611463","-0.0009565658","-0.00045902724","-0.018918822","-0.025630439","-0.0039312975","-0.018969087","-0.016530914","-0.035641547","-0.007943889","-0.0072050034","-0.013963499","-0.020377705","-0.010373334","-0.010835765","-0.016133092","-0.011339596","-0.011538723","-0.0045860168","-0.023036573","-0.014183245","-0.003153893","0.010902799","-0.006406742","-0.01712594","0.0009230043","-0.0017532083","-0.014034494","-0.0038970762","-0.009691642","0.00065829273","0.0020159772","-0.0066735","-0.0004295523","-0.0039763018","0.0055414047","0.0031142994","0.00020551936","-0.0045593185","0.00019011392","-0.0040777926","-0.0021466732","-0.0045848354","0.0016202849","-0.003749743","0.0003040471","-0.0030011972","0.00045753678","0.0034179133","-0.00023160408","-8.856923e-05","0.0009927604","-0.00262229","-0.0008311592","-0.0019204128","0.001693831","-0.0009724535","-0.0026840903","-0.0013402244","-0.0023038934","-0.000955738"
"Severe congenital neutropenia","1.3568648","-0.18198921","-0.088598676","0.024704894","0.018029694","-0.019907044","-0.028128922","0.0031424358","0.010648727","-0.076113075","-0.026837615","-0.17846899","-0.019642252","0.05263626","-0.19348975","-0.007756052","0.09999655","-0.16995294","-0.20175332","-0.066382706","-0.32704845","-0.25843328","-1.532073","-1.5074418","0.5296569","-0.40667132","-0.6890549","-0.41978207","-2.756254","1.2596937","0.4586034","-1.7096478","-0.0796023","0.33427545","-1.700386","0.60335326","0.14692347","-2.0528786","2.4711785","-0.5434173","-1.3805177","2.4227102","-1.4728332","0.41406062","-0.25908822","-2.8252935","0.6206808","-1.9442868","-1.1194568","-2.3012378","2.3083992","1.5667098","-3.5414703","-1.7720635","1.316751","-0.26634625","-2.0558355","0.52337986","0.70354843","-1.0768937","1.8495747","-0.8363353","-0.6344105","1.7392384"
"Severe fever with thrombocytopenia syndrome","0.9115607","-0.297431","-0.11454024","0.022904804","0.033372726","-0.017002787","-0.1558175","-0.1148943","-0.0075975186","-0.009702082","-0.15416904","-0.12882324","-0.019507065","-0.34161195","-0.20817266","-0.09705411","-0.09192604","0.22118519","-0.66144675","1.7343968","1.0118761","-1.680186","0.25605434","1.828578","1.4283954","-0.6153817","-1.4803509","-0.16821842","-1.720162","-1.2447441","1.1823575","-0.530155","1.5231248","1.346024","-1.0577166","3.7952793","1.1673269","0.26006597","-1.8847448","-2.0155153","-0.35519752","0.5349813","-0.55139214","-0.50017697","0.2644287","-1.7796745","1.050094","0.9013991","-2.0932255","-1.6693155","0.7840672","1.3682061","1.7800213","-1.0341753","1.3002999","-2.5200996","0.5196139","2.0171392","3.4257717","-2.8774457","-0.64478165","-0.17329767","0.39481917","-0.7604936"
"Shiga Toxin-producing E. coli infection","1.1198875","-0.39367834","-0.13470453","-0.0019669218","-0.012983355","-0.054702032","-0.17976905","-0.13394587","-0.04597055","-0.18718493","-0.17101096","-0.21188292","-0.06107411","-0.31924778","-0.07221866","-0.45838016","0.04853595","-0.3823385","-0.068319105","-0.8521754","-0.4029689","-0.38503948","-1.6014403","2.3133628","0.42365992","0.7824534","0.2729948","0.8209364","-0.34847143","-2.8621945","1.9275464","-1.5355843","3.5090592","0.09034878","-1.2100847","1.3496749","2.1069014","-0.8742366","1.1569207","0.6120067","-0.24032006","-2.0118387","-1.1929959","1.3634852","-0.19616146","-0.7170544","-3.2798622","-2.364279","-0.5392055","0.8515555","-2.0921967","-1.5917859","2.5700774","0.0710518","0.53555757","1.1744814","-3.2714968","0.9584112","0.5722871","-0.5080506","-0.26532304","-0.5524981","-1.8596443","-1.3414724"
"Short Bowel Syndrome","0.6187384","0.40095213","-0.1306807","-0.012541896","0.017265063","-0.020168696","0.22739863","-0.0013872575","0.0728134","0.10538199","0.12132225","0.064792596","0.05094423","0.089622624","0.52407795","0.19728918","0.7215784","-0.09051231","0.5392155","0.7466728","-0.6945929","-0.08242345","3.7598274","1.9574172","-2.5884488","0.01500027","-0.11275457","2.573934","1.692289","2.358443","0.2206894","1.8535401","0.4236172","0.66530854","0.33175093","-1.1357529","-3.1480742","-2.380769","-0.4329124","0.40097827","1.3786821","3.3082602","0.46414733","-1.6263903","-4.8232136","1.7283416","0.035851378","2.9780998","-1.349767","-0.16975975","1.1639363","-0.2895975","-1.7141515","-0.39019227","2.7074692","-0.61817133","-1.9134246","1.3991747","-2.5068681","-1.69845","0.010783323","1.2664373","-0.9678808","1.9328804"
"Short bowel syndrome","-0.8610144","-0.06204689","-0.022810645","0.0020611463","-0.0009565658","-0.00045902724","-0.018918822","-0.025630439","-0.0039312975","-0.018969087","-0.016530914","-0.035641547","-0.007943889","-0.0072050034","-0.013963499","-0.020377705","-0.010373334","-0.010835765","-0.016133092","-0.011339596","-0.011538723","-0.0045860168","-0.023036573","-0.014183245","-0.003153893","0.010902799","-0.006406742","-0.01712594","0.0009230043","-0.0017532083","-0.014034494","-0.0038970762","-0.009691642","0.00065829273","0.0020159772","-0.0066735","-0.0004295523","-0.0039763018","0.0055414047","0.0031142994","0.00020551936","-0.0045593185","0.00019011392","-0.0040777926","-0.0021466732","-0.0045848354","0.0016202849","-0.003749743","0.0003040471","-0.0030011972","0.00045753678","0.0034179133","-0.00023160408","-8.856923e-05","0.0009927604","-0.00262229","-0.0008311592","-0.0019204128","0.001693831","-0.0009724535","-0.0026840903","-0.0013402244","-0.0023038934","-0.000955738"
"Sicca syndrome","1.1869375","-0.1630442","-0.03426759","0.041410133","-0.018879397","-0.0022296167","-0.055282213","0.034453686","-0.021551087","-0.11270401","-0.018393734","-0.25424466","-0.003958289","-0.104827575","-0.013892028","0.19489866","0.24083617","0.026719276","0.62638515","0.7389644","0.024749156","-1.2547474","0.6813801","-2.634634","-0.21864316","0.07697653","1.0245408","-0.43054876","-0.1336298","-0.31905794","0.7621603","2.489332","-1.7477663","-0.410996","-0.86881226","-0.9604179","-0.47431168","0.71140635","-0.49407747","-0.30119926","0.6810802","-0.8918845","-0.57605827","-1.6039482","0.6297243","1.4117457","-3.055781","2.295074","-3.083675","-1.4072706","-1.5106686","-0.09035636","-0.37594503","-0.53739554","-2.0536427","1.3518113","1.1425956","-3.281138","-1.561206","2.4277368","-1.3011904","-0.9524208","1.9737281","1.1495512"
"Sickle cell disease","1.3118403","-0.2515281","-0.033480722","0.056679342","-0.005381304","0.040749133","-0.072466865","-0.050204042","-0.026363498","-0.06672374","-0.00021009843","-0.11715472","-0.024639705","-0.2897367","0.21514","0.25587934","-0.20345797","-0.15041153","-0.464288","0.2579037","-0.02326665","0.51643103","0.31508404","0.04865229","-0.36677146","1.7395549","-1.0183139","-0.86522156","-0.91214377","1.8686457","0.5911028","1.1874285","-0.9956665","1.5774866","0.51084083","-1.8395711","1.3171334","-1.1245096","0.3643","0.5926195","-3.112407","0.35830906","0.08135066","1.8640684","0.5711714","0.7954295","1.4759227","-1.0513974","0.8352555","-1.9376634","-0.064849935","-2.0827875","1.4000614","-2.0935273","0.5769386","-1.5737795","-0.7311765","-2.2223506","2.2058935","0.47313845","-1.5298464","-0.10039319","-0.73793036","-0.25671127"
"Silicosis","1.2473063","-0.18146555","-0.08222562","-0.0006135285","-0.025243567","0.013137794","-0.030655464","-0.057508655","-0.0045130807","-0.004788248","0.15265405","-0.1478941","-0.06758353","-0.2629853","-0.39208764","0.28120714","-0.102649204","-0.027201839","-0.20327282","0.12217478","0.23131928","-0.007966004","-0.23501067","0.515587","1.4637133","-1.8522161","-0.5823017","-1.5858473","0.3677806","-1.4795612","-0.33974522","-0.55885625","1.1910943","1.817863","-0.29438972","-0.5832493","-0.033299897","-1.8645074","-0.7026089","1.0950845","1.3215333","-1.4074295","4.335399","0.44061932","-1.4817976","1.0255108","1.217411","0.38381258","1.180861","-1.5983179","-2.9541247","1.1417723","1.8590392","0.4314309","0.18904127","0.42597845","-0.5048098","-2.3851986","-4.712165","-1.8150166","-1.0415329","-2.2000945","-1.3305978","1.1478635"
"Sjögren Syndrome","0.5248105","0.050831333","0.057681013","-0.018425234","0.0782397","-0.011045757","0.03186708","0.1879646","-0.00875369","-0.06406745","0.11321625","0.027771156","0.26907003","0.4100909","0.48958188","1.0324783","0.18233508","0.61042404","0.12713775","0.77737457","2.532661","3.624777","7.6844707","-3.5081167","-4.3913913","-6.128403","4.2045665","2.4924762","7.2735357","-5.1642556","-5.9727855","-0.99110466","6.0899916","-1.6216931","0.85060567","-1.924557","-2.7543285","-0.47321993","4.319951","-0.2555642","-0.73538065","1.9569286","-0.37256154","0.6154064","-0.23666462","-0.8387911","1.1177657","-0.22875142","0.02603282","0.8072764","0.24938414","-0.37963775","0.7915083","0.47664365","0.049568847","0.5636544","-0.030376313","0.02697922","0.32459697","-0.24680218","0.28309736","-0.09660339","-0.41779342","-0.25314987"
"Skin and mucosal infections","-0.8610144","-0.06204689","-0.022810645","0.0020611463","-0.0009565658","-0.00045902724","-0.018918822","-0.025630439","-0.0039312975","-0.018969087","-0.016530914","-0.035641547","-0.007943889","-0.0072050034","-0.013963499","-0.020377705","-0.010373334","-0.010835765","-0.016133092","-0.011339596","-0.011538723","-0.0045860168","-0.023036573","-0.014183245","-0.003153893","0.010902799","-0.006406742","-0.01712594","0.0009230043","-0.0017532083","-0.014034494","-0.0038970762","-0.009691642","0.00065829273","0.0020159772","-0.0066735","-0.0004295523","-0.0039763018","0.0055414047","0.0031142994","0.00020551936","-0.0045593185","0.00019011392","-0.0040777926","-0.0021466732","-0.0045848354","0.0016202849","-0.003749743","0.0003040471","-0.0030011972","0.00045753678","0.0034179133","-0.00023160408","-8.856923e-05","0.0009927604","-0.00262229","-0.0008311592","-0.0019204128","0.001693831","-0.0009724535","-0.0026840903","-0.0013402244","-0.0023038934","-0.000955738"
"Small intestine neoplasm","1.1349736","-0.3865801","-0.14176387","0.008535713","0.0065473844","-0.034324303","-0.08469829","-0.16361526","-0.08852992","-0.2244529","-0.16661753","-0.25362962","-0.13159694","-0.28974572","-0.15073381","-0.155753","-0.35887295","-0.0287579","0.041561104","-0.6760747","0.7092691","-0.27419186","-1.597015","0.38070914","-0.3371351","-0.21067598","-2.0955017","1.8181212","-0.12964812","0.0031817306","-2.0526874","-2.6918342","-1.5311854","-0.45692307","-0.17343253","0.14351124","1.3420357","-0.694238","-0.7110439","0.38456053","1.870669","2.2381713","-0.2627068","-1.2657715","2.1570272","-2.4718773","0.6989073","-1.6362622","0.37983328","-1.6550779","-0.5526185","-3.6702583","0.29311222","0.21369547","0.66458565","-0.064347796","-1.1982161","1.80219","0.117808804","-0.6325059","-2.115322","0.93367106","0.5926239","-1.2983427"
"Smoking","0.31734258","-0.17247887","-0.08014251","-0.034963716","0.024910612","0.0029823345","-0.10064711","-0.11328749","-0.045173988","-0.09156088","-0.06276112","-0.22315083","0.1307458","-0.09571557","0.1096195","-0.054805472","0.5612968","-0.36049291","-0.9543105","0.044799004","0.10719821","1.0903057","-1.2902381","2.2603376","-1.6424427","-3.9215","8.027525","3.4496596","0.065970674","11.242399","0.48568386","5.0078006","1.4059918","4.7369123","5.5772715","-1.004917","-0.88842416","-4.315723","-1.2179261","0.8951358","-1.6815853","-0.57278484","-0.74773055","-0.42170185","0.9284734","-0.28632864","0.35491014","-0.17652388","0.59166825","1.9782655","-1.0112128","0.35785","-0.4373876","0.0045961007","0.668302","0.21032345","-0.1814653","-0.19266364","0.305439","-0.15726833","0.23060136","-1.4028301","-0.3861735","-0.14036173"
"Spinal Cord Injury","1.1152644","-0.13420816","0.042891465","0.124554016","0.04307204","0.0091364505","-0.031310946","-0.040983297","-0.041110445","-0.14991236","-0.018200204","0.0167259","0.02189449","0.18455008","-0.0046882196","0.27122754","-0.13003963","0.18451536","-0.115640186","-0.41728872","-0.9557011","0.114208825","-0.88913804","0.32608247","0.73787755","0.48639444","-0.51258034","0.37678823","-1.2076964","1.9086756","0.72645515","-0.44409826","1.1369373","-0.15708478","-0.5774069","1.894091","0.46921864","1.9326078","-1.0896101","-0.14346905","0.033629067","-3.0693974","2.115862","-1.5672169","0.4507578","-0.21266937","0.26717228","0.030584415","1.8928509","-1.9627213","0.486094","-0.6830776","-3.7898889","-1.4968563","-0.85301846","-1.6439835","0.00354579","-1.5130675","0.9648914","1.4174808","-1.7799696","0.90888005","0.32916567","-3.7747545"
"Spinal cord injury","-0.8610144","-0.06204689","-0.022810645","0.0020611463","-0.0009565658","-0.00045902724","-0.018918822","-0.025630439","-0.0039312975","-0.018969087","-0.016530914","-0.035641547","-0.007943889","-0.0072050034","-0.013963499","-0.020377705","-0.010373334","-0.010835765","-0.016133092","-0.011339596","-0.011538723","-0.0045860168","-0.023036573","-0.014183245","-0.003153893","0.010902799","-0.006406742","-0.01712594","0.0009230043","-0.0017532083","-0.014034494","-0.0038970762","-0.009691642","0.00065829273","0.0020159772","-0.0066735","-0.0004295523","-0.0039763018","0.0055414047","0.0031142994","0.00020551936","-0.0045593185","0.00019011392","-0.0040777926","-0.0021466732","-0.0045848354","0.0016202849","-0.003749743","0.0003040471","-0.0030011972","0.00045753678","0.0034179133","-0.00023160408","-8.856923e-05","0.0009927604","-0.00262229","-0.0008311592","-0.0019204128","0.001693831","-0.0009724535","-0.0026840903","-0.0013402244","-0.0023038934","-0.000955738"
"Spleen deficiency syndrome","1.3196962","-0.18662065","-0.06062359","0.008611698","0.024652649","-0.014139824","-0.08826331","-0.08159689","-0.019548155","-0.058572255","-0.025460836","-0.08027838","-0.020545593","-0.025900437","-0.23113112","-0.24625853","-0.35557014","0.2746036","-0.37664893","0.40232193","-0.5845641","-0.3813799","-0.16314328","0.35365793","2.1577985","-0.42305788","0.727966","-0.070231475","1.4721776","-1.6086048","0.73319054","-1.0094832","0.8432584","0.010727185","0.034884874","-1.179071","2.5936518","-3.357097","0.20147692","-1.848237","-2.0982144","0.0058878213","0.76342213","-0.13243128","0.470311","2.910463","1.5416287","1.6444727","0.2511344","-0.6978271","1.4474937","-1.750182","1.2819138","0.869401","1.7404597","-2.33825","0.5456716","-1.0221841","2.2540884","1.4819579","0.3274926","2.316607","-0.050152894","-0.9766616"
"Spondyloarthritis","1.2083343","-0.16046357","-0.06280006","0.015739227","0.01708361","-0.039006945","0.00061809033","-0.044425588","-0.06979685","-0.08369653","-0.07999315","-0.076633066","-0.08755629","0.011965584","-0.03518283","0.0145492535","0.23597786","-0.4126592","0.42911142","-0.0041684886","-0.64081395","0.8480781","0.5891943","-2.7715342","-1.5367639","-0.32623893","-0.30587366","0.71861476","0.7278259","0.059204407","0.5591552","0.17710343","1.5732841","0.77029264","0.23680294","-1.0431083","-1.900709","-0.34515405","-1.8702581","-0.05608945","0.7851203","-0.9292106","-0.23385535","-0.7196338","-1.0179507","0.9038791","-1.4948481","0.6583249","1.215751","-0.5141031","-0.43311772","1.8270085","1.4582105","-0.5510243","-2.178235","-0.4468977","1.5767001","0.24227394","-0.15699369","-0.041309398","-0.14548922","-0.2503209","-1.1214238","0.0544241"
"Stevens-Johnson syndrome","0.9792351","-0.04758747","-0.02196272","-0.00065507006","0.0074451347","0.0019397469","0.026987474","0.17821017","0.058472756","-0.013263888","0.02107721","0.0118371975","0.07019419","0.07778637","0.048604548","-0.022412129","0.44888824","0.54094195","-0.23577401","-0.13371618","0.15122752","0.028264081","2.1110394","-0.07760839","0.80353737","-2.1726882","-0.11973076","-0.1489595","-2.1529133","0.6052087","-0.5362947","1.739007","-0.9597428","0.59408593","2.063812","-0.90528053","1.1133788","2.8949306","-0.07190508","0.2592341","-1.3794822","2.0177908","-1.859005","1.9194657","-2.068194","1.4403546","-1.0193316","0.8811894","1.0618042","-1.932542","-0.24233243","1.3641826","0.57962614","-2.1141932","-1.9490955","1.7135185","-1.7264878","-2.8419223","1.3670921","1.0622443","0.38556653","-2.3858716","1.1890706","-0.19900788"
"Stomach cancer","1.3327563","-0.017754791","-0.23296785","0.037240032","0.06873413","-0.014240422","0.10035158","-0.13609788","-0.027110688","-0.10698182","-0.106569566","-0.051509514","-0.052632082","0.16632457","0.03244014","-0.2883094","-0.20384416","-0.53967685","0.22298583","-0.2001129","1.1049516","0.516957","-0.1414084","-0.17522132","-1.7849834","-0.5538323","-0.3146176","-0.94043666","-1.1595716","1.2581775","-1.1016449","0.31601244","-2.7993677","0.8044841","0.079867266","-0.54558986","1.2679313","-0.43976352","-0.9011719","-2.6321168","-0.20136279","1.5188855","1.2280809","0.31021607","2.2961004","0.4089411","-0.1307125","0.9428634","2.9926672","0.56449133","1.126888","-2.6679509","-0.088605024","-1.7773099","-1.8427029","-2.8185055","-0.58950907","-1.5006309","-1.707028","2.2236896","-1.3979055","-0.3308032","0.7670615","1.0673336"
"Systemic Lupus Erythematosus","0.55940104","0.13687223","0.062284745","0.023444027","0.023915641","-0.0064744866","0.018791359","0.03488894","-0.0069910563","0.2702006","0.021046948","-0.146451","0.09079052","-0.2246024","-0.18736102","-0.24188682","-0.033208307","-0.18845369","-0.25447184","0.71384597","1.9304193","1.2748197","5.4371395","-7.201456","-3.5690653","0.124357834","4.311217","-0.5045385","10.413979","4.2757072","8.727911","-2.1442106","-3.6270049","0.6318746","-3.1304152","-0.9981941","2.0628192","3.4910886","-0.5076618","-1.3403842","0.20560251","-1.8749703","1.8887459","-0.25807047","0.5797556","-0.059992116","1.1860123","1.43983","0.40805578","0.24319728","-0.88293415","-0.067668855","-0.4563792","0.09218977","-0.4868322","-0.17505701","0.18958257","0.71574837","0.7139617","0.025477834","0.26824632","0.178647","-0.0999005","0.06829062"
"Systemic inflammatory response syndrome","-0.8610144","-0.06204689","-0.022810645","0.0020611463","-0.0009565658","-0.00045902724","-0.018918822","-0.025630439","-0.0039312975","-0.018969087","-0.016530914","-0.035641547","-0.007943889","-0.0072050034","-0.013963499","-0.020377705","-0.010373334","-0.010835765","-0.016133092","-0.011339596","-0.011538723","-0.0045860168","-0.023036573","-0.014183245","-0.003153893","0.010902799","-0.006406742","-0.01712594","0.0009230043","-0.0017532083","-0.014034494","-0.0038970762","-0.009691642","0.00065829273","0.0020159772","-0.0066735","-0.0004295523","-0.0039763018","0.0055414047","0.0031142994","0.00020551936","-0.0045593185","0.00019011392","-0.0040777926","-0.0021466732","-0.0045848354","0.0016202849","-0.003749743","0.0003040471","-0.0030011972","0.00045753678","0.0034179133","-0.00023160408","-8.856923e-05","0.0009927604","-0.00262229","-0.0008311592","-0.0019204128","0.001693831","-0.0009724535","-0.0026840903","-0.0013402244","-0.0023038934","-0.000955738"
"Systemic lupus erythematosus","-0.8610144","-0.06204689","-0.022810645","0.0020611463","-0.0009565658","-0.00045902724","-0.018918822","-0.025630439","-0.0039312975","-0.018969087","-0.016530914","-0.035641547","-0.007943889","-0.0072050034","-0.013963499","-0.020377705","-0.010373334","-0.010835765","-0.016133092","-0.011339596","-0.011538723","-0.0045860168","-0.023036573","-0.014183245","-0.003153893","0.010902799","-0.006406742","-0.01712594","0.0009230043","-0.0017532083","-0.014034494","-0.0038970762","-0.009691642","0.00065829273","0.0020159772","-0.0066735","-0.0004295523","-0.0039763018","0.0055414047","0.0031142994","0.00020551936","-0.0045593185","0.00019011392","-0.0040777926","-0.0021466732","-0.0045848354","0.0016202849","-0.003749743","0.0003040471","-0.0030011972","0.00045753678","0.0034179133","-0.00023160408","-8.856923e-05","0.0009927604","-0.00262229","-0.0008311592","-0.0019204128","0.001693831","-0.0009724535","-0.0026840903","-0.0013402244","-0.0023038934","-0.000955738"
"Systemic sclerosis","1.1615213","-0.13994353","-0.071500435","0.018857159","0.02482167","-0.04400045","-0.0545376","-0.026052525","-0.023294132","0.017647712","0.015869424","-0.067697845","-0.06312122","-0.019403115","-0.0037581304","0.11482985","0.1895997","-0.10992319","0.30086863","0.5882985","-1.1518897","1.1455009","0.29359704","-0.5438654","0.42945454","-0.20056896","0.7460347","-0.014426039","-2.060133","-0.06844193","1.5220917","3.1350496","-2.2361171","1.3354263","-1.1152483","-0.110252604","0.6103698","-0.036158957","-1.7792526","0.99241596","-1.9547278","1.3823061","-3.3026383","-0.20378338","0.1415224","-1.2824152","-0.12617403","-1.3396802","-1.9603728","-0.72237676","0.09004429","-1.8046554","-0.41791102","3.0891132","-2.8828082","-0.599133","-2.6380708","3.637584","-3.0980504","-0.44029355","-2.274867","0.31156066","-0.7494847","0.08765815"
"T2D with hyperlipidemia","1.343104","-0.13050704","0.17936613","-0.23073055","-0.032034606","0.19096759","-0.060408503","-0.15846168","0.027251745","-0.06699101","-0.11070076","-0.13880053","-0.16307694","-0.08020122","-0.23994943","0.042177133","-0.10915931","0.18531105","-0.012359944","-0.5770733","-0.031271398","0.8434811","-0.6548904","-1.116076","-0.11929691","3.3417659","0.86968833","2.4553144","0.22854055","-0.023227707","-1.6618932","0.024865238","1.6979195","-1.3739606","2.6824896","-0.4014513","1.0794833","0.09047828","-0.31536233","2.7376075","0.012693708","-2.59564","2.706954","2.9225028","0.10907059","-1.9600563","-0.28456914","-1.1026967","3.9137993","0.8505248","0.18405703","0.81870437","0.25901392","-1.7214649","2.3574047","0.48605314","-1.429541","0.179882","-0.6652257","2.1680126","-1.4270588","1.2123682","2.426094","0.6125775"
"T2D with hypertension","1.2994153","-0.13241862","0.15533301","-0.17793761","-0.054395746","0.21387835","-0.11194911","-0.07750288","0.00950297","-0.022270244","-0.09609648","-0.07653883","0.027132696","0.06183674","-0.24341407","-0.20264201","0.20980126","0.17946069","-0.39134485","0.3638818","0.6285164","-0.13973352","-0.44102183","-1.9553815","-1.671062","2.4279637","1.2460257","1.5293195","0.7727533","-0.38557428","-0.09495247","0.67154825","-0.81002635","-0.44615588","0.67183614","-0.93896663","1.5060396","0.14522982","-1.937259","0.6090066","0.09763076","-0.68544066","-0.61159873","-1.0531504","0.51761407","1.6347289","0.52734137","-2.2395103","1.4835824","0.5380643","0.08145831","0.6014675","1.3652208","-1.2880869","-1.4729339","-1.9217988","-1.1600752","0.014549027","0.48168632","-0.29429245","-0.1400833","0.5339756","-1.2555932","0.737159"
"T2D with hypertension and hyperlipidemia","1.3439085","-0.13023187","0.1681447","-0.1729487","-0.056066703","0.18671781","-0.090677105","-0.022611655","-0.008452261","-0.08082429","-0.049999002","-0.16765775","-0.02727704","0.097825445","0.061875466","-0.25410467","0.14812632","-0.077343926","-0.28500628","0.1991439","-0.025728952","-1.6638316","-2.460318","-0.17050038","-2.098136","2.558726","0.61484694","2.0862105","3.3970888","0.09839061","0.13601708","-0.1971212","-1.6408143","-0.092982434","1.6867999","-0.4493949","0.5386828","-0.9817851","0.25337407","0.7172319","1.1688509","-0.3395843","0.21012658","1.5371201","1.4937232","-1.201847","0.7399696","-0.0148442965","2.175076","-3.2547684","0.66591096","-0.74758184","1.8366842","2.2848423","-2.0210767","-0.64234954","-0.15860592","-0.5969354","-1.527996","0.01489183","1.0371269","-0.2354073","1.8695276","1.9525284"
"Tetratricopeptide repeat domain 7A deficiency","1.0832319","-0.3799831","-0.14794232","0.043601584","-0.014398247","0.004574635","-0.12692638","-0.22576204","-0.04677976","-0.14777668","-0.11185404","-0.21528167","-0.17160706","-0.12913597","-0.0962199","-0.52873117","-0.3277428","-0.16541512","-0.3305688","-0.13729343","-1.2575908","0.35831267","-1.0968125","1.4092199","-0.64416635","0.4808192","-0.930534","3.4882507","-1.5651213","0.69998544","-0.3119844","2.9786232","0.49364886","-1.0834533","1.7313787","-0.59508884","0.1888131","-0.63542885","1.1289932","-1.3216081","-0.21634111","2.4383144","-1.8247975","0.23195279","-2.1258655","-0.786714","-0.6431932","2.9981802","0.53512895","-0.015994493","2.7146485","-0.6171147","3.073294","1.8232256","1.3535929","2.110418","-2.2272968","-0.18189864","0.30704722","4.7172794","0.1717181","2.3635678","-0.75229007","-2.6661804"
"Thyroid carcinoma","1.0977949","0.099555045","-0.1519233","0.01235262","0.07984147","0.014460396","0.03142115","-0.05471112","0.025226476","0.08567817","-0.021463314","-0.114447095","-0.047808107","0.16934188","-0.002482078","0.03611447","-0.21309723","0.3048343","-0.08186239","1.1241546","-0.34455997","0.5394442","0.8654953","-1.0755218","-3.356287","-0.39236397","-0.19466937","-0.33245027","-0.77321154","1.3066845","-0.50135654","-0.43109393","0.33713725","-1.3247972","1.422292","2.9519715","1.9596974","1.1354309","-0.7963351","-1.9772544","2.6187515","1.3114995","1.6925769","0.53926206","-1.6572752","1.8512309","0.39841262","-2.0249112","-0.12479645","0.19223423","1.565464","-3.3962777","-0.47740397","0.74724054","1.718385","1.2892238","0.9018274","-2.825524","1.0981388","-1.4547147","-0.75539726","2.1604805","-0.23447838","0.91739875"
"Tongue cancer","1.1329536","-0.10233622","-0.060198106","-0.045450866","-0.025211023","0.02828536","-0.020864893","0.26362163","0.13505924","-0.050006565","-0.11988708","-0.12919979","-0.1733396","-0.10829884","-0.32264557","-0.49937785","0.08233691","-0.252767","0.17272802","0.5733234","0.5672642","-1.7336134","0.80295646","-0.66067505","-1.2487328","-1.9095049","2.3825588","-1.181622","0.8488137","0.8061133","-1.5252974","-0.22624843","0.06462977","-1.4856607","-0.13825345","0.38686824","-0.96025753","-0.37024283","0.06972282","2.6549983","1.1280136","0.88444537","-1.5718225","-0.9007627","-3.2837343","1.4806979","-1.6673106","-4.0539646","3.451919","1.5263573","-1.4048157","2.0275595","-2.0384333","0.2697787","0.98681945","1.5693799","2.0364614","-2.099468","-0.7660346","1.4932324","0.6934759","0.3727863","0.46895164","-1.8613567"
"Trachoma","1.3172568","-0.22657955","-0.09625888","-0.0011570378","-0.009651639","0.008683411","-0.0087216785","-0.15857518","0.0015351812","-0.08865314","-0.022550737","-0.24837004","-0.12637179","-0.19858177","-0.28426304","-0.2602205","0.045123298","-0.0735538","0.3511139","-0.41464478","-0.62952024","0.38484195","-1.1419654","0.22938158","1.3534846","-0.012580297","1.5610381","-0.83499444","0.051985223","2.003482","-0.7252272","-2.0212688","-0.65021425","-2.5661864","-1.2005656","-0.50351053","-1.2062265","3.7684045","1.967269","-3.1488242","-2.6058645","-1.8120776","1.2611939","-0.7689613","-2.4179027","-1.1478945","-1.6287249","0.43750712","-2.7990146","-0.6337205","1.0837475","0.36626264","-0.57286054","-1.0241427","-0.837078","-2.1157498","-0.0079824","-0.34006453","-1.6487796","-0.08160076","0.90852094","-1.3890812","-1.736049","1.8166388"
"Transient Ischemic Attack","1.204778","-0.1653929","0.07643895","0.16949604","-0.0010893286","-0.007118888","-0.0824685","-0.1303867","0.026427517","-0.032519426","-0.049677778","0.047367588","-0.08465304","-0.103218675","-0.18639392","-0.074473396","-0.103774406","0.8555369","-0.40291527","1.6197796","0.96215355","0.3012963","1.2089949","0.48915002","0.04167453","-0.19377999","-0.91388124","0.8809358","-0.4824585","1.1321882","0.09848982","0.5342468","0.68472266","0.15900256","-2.168105","0.96435326","-0.69571763","-0.41155607","-1.1323686","0.26212958","0.9504735","0.45353985","1.3929154","0.38058394","1.2978162","1.6227597","-1.475525","0.867923","2.1434562","1.0150582","0.7229773","1.4217235","-0.018315312","4.1966267","0.35896814","0.25792313","3.1934607","0.50118434","-2.5883853","-0.10303049","-0.13586736","0.36119694","0.093622044","-0.84556204"
"Traumatic Brain Injury","1.3468806","-0.21506773","0.00845586","0.15706892","-0.012644316","-0.016854038","-0.10910584","-0.0703141","-0.05693683","-0.114237614","0.10005652","-0.19470465","0.022905765","-0.040781252","0.1584679","0.37355566","0.31240526","0.3010575","-0.37227544","-0.9861903","-1.0504175","0.24361457","-0.57040036","-0.41709483","-0.3904135","1.1707652","0.43416533","0.5795856","-0.17280376","0.9202395","-1.0443045","-1.6294911","-0.6257006","1.136358","0.54989547","-0.42824975","1.2470204","-2.368184","-1.0951368","-0.98592633","2.0440495","-0.73413867","3.0681264","2.064512","0.1109179","0.02605702","-1.6281881","0.42747986","-0.7283958","-1.4217169","-0.49912307","-0.49250755","-1.6849893","2.316585","-2.5095203","-0.32338023","4.2311516","3.691663","0.5866063","-0.3396211","-0.23518465","-0.18402673","-0.20304133","0.6331866"
"Traumatic brain injury","-0.8610144","-0.06204689","-0.022810645","0.0020611463","-0.0009565658","-0.00045902724","-0.018918822","-0.025630439","-0.0039312975","-0.018969087","-0.016530914","-0.035641547","-0.007943889","-0.0072050034","-0.013963499","-0.020377705","-0.010373334","-0.010835765","-0.016133092","-0.011339596","-0.011538723","-0.0045860168","-0.023036573","-0.014183245","-0.003153893","0.010902799","-0.006406742","-0.01712594","0.0009230043","-0.0017532083","-0.014034494","-0.0038970762","-0.009691642","0.00065829273","0.0020159772","-0.0066735","-0.0004295523","-0.0039763018","0.0055414047","0.0031142994","0.00020551936","-0.0045593185","0.00019011392","-0.0040777926","-0.0021466732","-0.0045848354","0.0016202849","-0.003749743","0.0003040471","-0.0030011972","0.00045753678","0.0034179133","-0.00023160408","-8.856923e-05","0.0009927604","-0.00262229","-0.0008311592","-0.0019204128","0.001693831","-0.0009724535","-0.0026840903","-0.0013402244","-0.0023038934","-0.000955738"
"Trichomonas vaginalis infection","1.048509","-0.4034078","-0.12044075","0.04754931","-0.021263491","-0.010244005","-0.17906612","-0.17442328","-0.1139252","-0.14372161","-0.03907344","-0.10384486","-0.15737385","-0.09782564","0.043209907","-0.17323337","-0.48507395","-0.065279946","-0.70724475","-0.5298443","-0.11300226","-0.9421166","0.27073488","1.3169528","0.30246678","-0.6046182","1.9218249","-2.8769195","-0.6743355","-0.35777116","0.9752037","1.7939447","0.5222619","0.6679892","0.13894069","-1.9946868","-0.50585973","3.5738657","-0.9604299","-1.6411042","-0.07913174","0.2565725","0.41877714","-0.7624042","-0.90081805","0.6176827","-1.2748672","-0.09215118","0.074520096","1.2991911","-1.5943426","1.6031672","-1.4368746","-0.6170079","-1.3224999","-2.7133732","0.5549287","-0.11836098","-2.1120186","-2.3935432","2.1801076","3.6108887","-0.9298199","0.31282738"
"Tuberculosis","1.3383789","-0.16157891","-0.10595158","0.041662373","0.039938055","-0.011366308","-0.063478895","-0.04729199","-0.030055862","0.0047744103","-0.051883753","-0.24010378","0.06526935","-0.16607276","-0.11969855","0.007038902","-0.3545446","-0.1438401","0.063389726","0.29472542","-0.20511371","1.0522515","-1.121536","-0.17400853","-0.0322056","-0.5915404","-1.5781163","-1.8481395","0.6448209","-1.0485767","-1.9024965","-2.162735","-0.2091745","0.29697865","0.94384426","2.8121016","0.7602211","-0.60335195","1.3191905","-0.8245492","1.4525303","-0.90311235","3.133649","-1.8853198","0.5994795","0.14648072","0.85546577","2.0008392","1.6245887","-0.22371076","-0.13070409","2.00496","-4.184464","0.48690522","-0.2741913","-1.4399115","1.9264562","-0.49664873","0.7291625","1.2914208","-1.2851086","0.8043655","0.41734076","1.3617487"
"Type 1 Diabetes","0.5581107","0.16325676","0.26260954","-0.20782706","-0.053865965","0.22737496","0.09014249","0.011168646","-0.05450161","0.10005319","-0.0802974","0.17875272","-0.055275925","-0.09314298","-0.3315836","-0.13946441","-0.051260944","-0.2212719","2.0544147","1.5001805","-2.685166","0.052086577","2.3609126","-6.2726007","0.70533246","7.2857437","2.4367118","4.9535747","-0.273953","3.7833047","-0.75817525","2.4253771","4.407351","-0.8462866","-2.485155","9.192789","1.2846427","-2.1481802","2.5353358","-2.8004105","-0.009453296","2.637853","-0.7510385","-0.14850403","1.0892016","-0.05843578","0.03900924","-1.2896264","-3.7816567","-0.78015995","1.1564058","0.76909393","-1.0791218","1.8954268","-1.5378629","-1.8400724","1.228035","0.61924005","0.15784946","-0.3844646","0.5667535","-0.9953054","-0.49914682","-0.2602368"
"Type 1 diabetes","-0.8610144","-0.06204689","-0.022810645","0.0020611463","-0.0009565658","-0.00045902724","-0.018918822","-0.025630439","-0.0039312975","-0.018969087","-0.016530914","-0.035641547","-0.007943889","-0.0072050034","-0.013963499","-0.020377705","-0.010373334","-0.010835765","-0.016133092","-0.011339596","-0.011538723","-0.0045860168","-0.023036573","-0.014183245","-0.003153893","0.010902799","-0.006406742","-0.01712594","0.0009230043","-0.0017532083","-0.014034494","-0.0038970762","-0.009691642","0.00065829273","0.0020159772","-0.0066735","-0.0004295523","-0.0039763018","0.0055414047","0.0031142994","0.00020551936","-0.0045593185","0.00019011392","-0.0040777926","-0.0021466732","-0.0045848354","0.0016202849","-0.003749743","0.0003040471","-0.0030011972","0.00045753678","0.0034179133","-0.00023160408","-8.856923e-05","0.0009927604","-0.00262229","-0.0008311592","-0.0019204128","0.001693831","-0.0009724535","-0.0026840903","-0.0013402244","-0.0023038934","-0.000955738"
"Type 1 diabetes mellitus","-0.8610144","-0.06204689","-0.022810645","0.0020611463","-0.0009565658","-0.00045902724","-0.018918822","-0.025630439","-0.0039312975","-0.018969087","-0.016530914","-0.035641547","-0.007943889","-0.0072050034","-0.013963499","-0.020377705","-0.010373334","-0.010835765","-0.016133092","-0.011339596","-0.011538723","-0.0045860168","-0.023036573","-0.014183245","-0.003153893","0.010902799","-0.006406742","-0.01712594","0.0009230043","-0.0017532083","-0.014034494","-0.0038970762","-0.009691642","0.00065829273","0.0020159772","-0.0066735","-0.0004295523","-0.0039763018","0.0055414047","0.0031142994","0.00020551936","-0.0045593185","0.00019011392","-0.0040777926","-0.0021466732","-0.0045848354","0.0016202849","-0.003749743","0.0003040471","-0.0030011972","0.00045753678","0.0034179133","-0.00023160408","-8.856923e-05","0.0009927604","-0.00262229","-0.0008311592","-0.0019204128","0.001693831","-0.0009724535","-0.0026840903","-0.0013402244","-0.0023038934","-0.000955738"
"Type 2 Diabetes","-0.09210867","7.2398605","12.8102665","-11.786537","-1.847628","20.921812","-1.5029725","-2.4691815","-0.25930908","-0.7006969","-0.5382062","-0.4721605","-0.41123116","-0.33260688","-0.15132666","-0.34837073","-0.22763693","-0.19989718","-0.49284685","-0.12450267","-0.15021333","-0.06493671","-0.33599222","0.42124507","0.16084793","-0.60965097","-0.031524833","-0.22383823","-0.054749954","0.026718458","0.11784453","-0.029681232","0.010916908","0.039773896","-0.12825243","-0.04004132","-0.17403671","0.070321344","0.061063614","-0.12578614","-0.0055086934","-0.012747705","-0.036096975","-0.103810996","-0.026940249","0.04356876","0.06354537","0.026745206","-0.10593824","-0.018776456","-0.0012079272","0.008910961","-0.016628105","-0.005452008","-0.050081603","0.038688853","0.065154925","-0.01253261","0.03688799","-0.03308505","-0.012076765","-0.03829217","-0.059226368","-0.012502421"
"Type 2 diabetes","-0.8610144","-0.06204689","-0.022810645","0.0020611463","-0.0009565658","-0.00045902724","-0.018918822","-0.025630439","-0.0039312975","-0.018969087","-0.016530914","-0.035641547","-0.007943889","-0.0072050034","-0.013963499","-0.020377705","-0.010373334","-0.010835765","-0.016133092","-0.011339596","-0.011538723","-0.0045860168","-0.023036573","-0.014183245","-0.003153893","0.010902799","-0.006406742","-0.01712594","0.0009230043","-0.0017532083","-0.014034494","-0.0038970762","-0.009691642","0.00065829273","0.0020159772","-0.0066735","-0.0004295523","-0.0039763018","0.0055414047","0.0031142994","0.00020551936","-0.0045593185","0.00019011392","-0.0040777926","-0.0021466732","-0.0045848354","0.0016202849","-0.003749743","0.0003040471","-0.0030011972","0.00045753678","0.0034179133","-0.00023160408","-8.856923e-05","0.0009927604","-0.00262229","-0.0008311592","-0.0019204128","0.001693831","-0.0009724535","-0.0026840903","-0.0013402244","-0.0023038934","-0.000955738"
"Type 2 diabetes mellitus","1.3705282","-0.13345653","0.14817788","-0.20421088","-0.05167999","0.1864241","-0.12895834","-0.10438058","0.051922906","-0.12744871","-0.08735338","-0.07276619","-0.06648093","-0.24763942","-0.2508365","-0.30199552","-0.026971411","-0.1721114","-0.6813457","-0.6824406","-0.0014198205","0.08649703","-0.74679625","-1.2243805","-0.68628854","4.407242","0.7343192","1.0644556","-0.97240084","0.010049251","-0.42768654","-1.2642738","-1.2254516","-1.383847","0.18723433","-2.1668386","2.2667153","0.7455855","-0.70764697","2.235204","1.2161697","2.4355767","1.905355","0.6191686","-0.81482315","0.77922904","-0.9084494","-0.8463188","0.87747025","-1.8005736","-0.9283254","0.64170504","-0.9253674","-0.047439042","0.03879553","0.4365251","-2.9656308","-0.48990086","-0.19505404","2.388539","0.5152403","2.4408004","-0.5313341","1.3628783"
"Type II Diabetes","-0.8610144","-0.06204689","-0.022810645","0.0020611463","-0.0009565658","-0.00045902724","-0.018918822","-0.025630439","-0.0039312975","-0.018969087","-0.016530914","-0.035641547","-0.007943889","-0.0072050034","-0.013963499","-0.020377705","-0.010373334","-0.010835765","-0.016133092","-0.011339596","-0.011538723","-0.0045860168","-0.023036573","-0.014183245","-0.003153893","0.010902799","-0.006406742","-0.01712594","0.0009230043","-0.0017532083","-0.014034494","-0.0038970762","-0.009691642","0.00065829273","0.0020159772","-0.0066735","-0.0004295523","-0.0039763018","0.0055414047","0.0031142994","0.00020551936","-0.0045593185","0.00019011392","-0.0040777926","-0.0021466732","-0.0045848354","0.0016202849","-0.003749743","0.0003040471","-0.0030011972","0.00045753678","0.0034179133","-0.00023160408","-8.856923e-05","0.0009927604","-0.00262229","-0.0008311592","-0.0019204128","0.001693831","-0.0009724535","-0.0026840903","-0.0013402244","-0.0023038934","-0.000955738"
"Ulcerative Colitis","-0.11959863","6.4621043","-1.5433973","0.056880582","0.3010345","-0.09785271","26.995447","-4.6990814","-0.31348494","-2.7900786","-0.5798539","-0.5288843","-0.43329573","-0.7391174","-1.2340772","-0.34690857","-0.10023462","-0.111790724","-0.25584286","-0.30181932","0.101664945","-0.15001899","-0.4049131","-0.1693037","0.90254307","0.11298541","-0.007440016","0.13878787","0.1688167","-0.0028062398","0.019362945","-0.033342447","0.19650376","0.06385363","-0.075818144","-0.15326485","-0.10332658","0.1056736","-0.02366765","0.0036010563","-0.0540048","-0.00088984455","-0.04658911","-0.027817683","0.033494614","-0.029903524","0.06714023","-0.06768717","0.011210488","0.07555243","-0.0120586585","0.03244808","-0.011077885","-0.0020561847","0.03174266","0.04813575","0.032724515","0.002557038","-0.012934898","-0.00057141203","-0.025690753","0.016054593","0.007818978","0.00739909"
"Ulcerative colitis","-0.8610144","-0.06204689","-0.022810645","0.0020611463","-0.0009565658","-0.00045902724","-0.018918822","-0.025630439","-0.0039312975","-0.018969087","-0.016530914","-0.035641547","-0.007943889","-0.0072050034","-0.013963499","-0.020377705","-0.010373334","-0.010835765","-0.016133092","-0.011339596","-0.011538723","-0.0045860168","-0.023036573","-0.014183245","-0.003153893","0.010902799","-0.006406742","-0.01712594","0.0009230043","-0.0017532083","-0.014034494","-0.0038970762","-0.009691642","0.00065829273","0.0020159772","-0.0066735","-0.0004295523","-0.0039763018","0.0055414047","0.0031142994","0.00020551936","-0.0045593185","0.00019011392","-0.0040777926","-0.0021466732","-0.0045848354","0.0016202849","-0.003749743","0.0003040471","-0.0030011972","0.00045753678","0.0034179133","-0.00023160408","-8.856923e-05","0.0009927604","-0.00262229","-0.0008311592","-0.0019204128","0.001693831","-0.0009724535","-0.0026840903","-0.0013402244","-0.0023038934","-0.000955738"
"Undernourishment","1.3603587","-0.080771916","0.050450053","-0.117696345","-0.037493307","-0.0658327","-0.08369751","-0.13481562","-0.026205612","-0.048148207","-0.07385038","-0.04855417","-0.027036078","-0.14819947","-0.17560199","-0.18903112","0.13185064","0.5381255","-0.020623708","-0.7275095","0.21528174","-1.2687726","-0.54659873","-0.34161285","-1.1092865","0.4612933","-0.074520096","1.5001414","-0.42332035","-1.5022902","1.1868695","0.16542831","1.0906307","1.2623371","1.1731128","0.48558262","1.1350443","0.8597111","-0.98331124","2.6887774","-0.4309122","0.908418","-3.1380134","-2.8875391","-0.35256895","-3.013976","1.158086","-2.131269","0.83202094","1.7269677","1.5281667","1.8753752","-0.192844","1.8343499","-0.20188181","-1.9667735","-1.0230981","-1.2806295","0.41846827","-1.5017705","2.7947536","-1.2588451","-1.0988089","3.0864758"
"Urgency urinary incontinence","1.247078","-0.17437758","-0.095676884","0.010950587","-0.015443772","-0.01370346","-0.05873215","-0.09521912","0.033010043","-0.05637008","-0.13438852","-0.13162023","0.014641089","-0.13726003","-0.24968393","-0.04975487","-0.13056624","0.048747238","-0.56032586","-0.76645297","0.5305587","-0.22733136","-1.0182868","-0.082751244","-0.48086417","2.4729986","0.9723682","0.300595","0.39542186","0.55428916","2.074948","-0.10030484","-1.1980902","-0.75197","-0.9919031","1.1360326","-1.2577947","-2.1233442","1.3474368","1.3129538","0.56734496","-2.1869626","-3.5392575","-1.9053702","-0.11961828","-1.9686269","1.1563","0.0653708","1.4159595","0.8620908","3.0997365","-2.9826632","1.2025965","1.9630451","-0.408173","1.2503976","-2.038227","0.005584834","1.3465004","-1.7324988","-0.34531233","-1.4987613","-1.0599412","-0.58431137"
"Urogenital Schistosomiasis","1.1831851","-0.12548505","0.0046589086","-0.050496485","-0.006782126","0.03638176","-0.002390121","-0.044458643","-0.0041253585","0.006936075","-0.051585983","-0.034721237","-0.011751588","0.19945125","-0.11690507","0.22408246","-0.21328792","0.1391313","0.2447781","-0.36660853","0.22381796","-0.26075804","-0.35635394","-2.4292812","0.5662605","0.7948363","-1.5244061","2.4898713","-1.2016273","0.643651","-0.4042891","0.97569","-0.87222064","-0.41106004","1.2212269","0.5621986","0.04407854","1.4605557","-1.8003744","2.2432258","-3.4321294","-1.596285","-1.2492486","0.44071242","-0.8964643","-2.423426","0.9209336","1.524413","-3.7513936","0.90738374","-0.23198058","-0.7121831","-3.6830106","1.2873968","-0.45457724","-0.14187963","-0.78218424","-1.5151119","-1.6793909","-3.2773604","-0.06518633","-2.3448775","-0.22655627","-0.14016746"
"Urolithiasis","1.3101393","-0.17606845","-0.024148252","-0.08143423","0.009790523","0.02868542","-0.093090914","-0.03549699","0.017073866","-0.053497005","-0.1528888","-0.1344037","-0.010868481","0.072394125","-0.10187694","-0.27510568","-0.05722338","-0.27272144","0.50274384","-0.07057217","-0.9882392","-0.33022812","-0.53358424","-1.6595501","-0.45351446","2.1849742","-1.5191922","0.50936246","0.4874069","-0.53257513","-0.09119964","1.9776146","-0.4328008","-1.3027552","-0.10179712","-2.355485","-1.7922268","0.5165405","-1.6216061","1.8349704","0.21146554","0.22699551","-2.0632823","2.64875","-2.4626737","-0.79280734","-0.1305771","-2.844018","-0.7227516","-1.8501582","2.9334416","1.4191402","-0.61027133","-2.664216","-3.2519815","0.8087169","2.0529745","1.0308675","0.37561858","-1.4634762","0.9816775","0.2996297","0.70307165","0.7113543"
"Uveitits","0.8263817","0.00039809052","0.0067662993","0.025576733","0.021821257","-0.00016634728","0.021995911","0.020710729","-0.06785039","0.103189714","-0.06026471","-0.07228163","0.093616575","-0.077015616","0.13240731","0.3423161","-0.34233677","0.048526518","0.084729254","0.6397863","-0.5557045","-0.33929148","1.8975377","0.3766574","1.840553","2.5460908","1.5377754","1.1673062","-4.133806","1.1320336","-0.8171577","1.3961945","-0.70477784","-1.9506978","1.3742548","-1.5614264","0.5319824","2.7482672","1.5415446","-0.13984571","3.050116","2.0887823","3.2919042","-2.4401853","0.8372088","0.56796324","-2.310995","2.8507862","0.110357806","4.917878","-2.6689415","-1.3179322","-1.7784218","-1.0665345","-0.09725048","0.6015974","-3.3683681","-0.711043","-1.8148669","-0.5052873","-0.3428908","-0.7366519","0.75134367","-1.3378806"
"Vestibulodynia","1.3668528","-0.13733454","-0.14864506","-0.021509146","-0.034535836","0.020258756","-0.055047944","-0.17028223","-0.0036403118","-0.0312412","-0.17618717","-0.18430257","-0.01973114","-0.2077919","-0.15998663","-0.25700414","-0.18142788","-0.27483898","0.48507994","0.05090996","-0.42979535","-0.38076097","-0.51769745","0.3938882","-0.77729505","1.2217284","-0.8753459","-0.33107176","-0.71844107","0.6173047","-1.1676866","-1.3390421","0.05520556","-1.2251145","-1.2527986","-0.5957219","-2.368372","2.3184144","-1.0337877","1.3764153","0.43239415","0.17098662","-0.38371816","-0.054106247","1.2149609","2.6101797","2.1571517","0.57337236","-0.6764721","-0.79588985","-0.10721273","-1.2728205","0.8068056","4.403963","0.11610734","0.9279987","1.9318876","-1.641898","-1.4740415","-0.66819763","2.3258324","2.350612","1.8389771","0.2387735"
"Viral respiratory tract infection","1.3035747","-0.18188643","-0.06753824","0.02908002","-0.018600838","0.0067838957","-0.12380449","-0.10031788","-0.042733293","0.10054431","0.045414202","-0.063799754","-0.11717142","-0.08174071","-0.023688264","-0.17226994","0.089228965","-0.11284251","-0.36993706","-0.19860086","-0.54985","-0.035724856","0.5560495","0.3901532","0.9938475","-0.5107461","-2.4412513","-2.0619113","0.53918225","-0.57219267","-1.4003164","-0.24544561","1.09687","1.5056448","-0.4607741","0.811892","-2.648213","-2.959667","-1.400979","0.5743822","-1.1714451","0.6349041","0.12153563","1.4393958","1.5099583","0.20499913","2.2733696","2.487524","0.029612912","1.7784741","1.1927828","-1.142484","0.47941884","-1.5553762","-0.5106123","1.3990521","0.076544374","0.80813164","-0.5328113","-0.29151103","0.18699498","-0.15536085","-2.1963384","1.3226645"
"Vitiligo","1.2931406","-0.21637584","-0.04593057","0.028667212","-0.006931612","0.0060567954","-0.038797855","-0.09036237","0.028302765","-0.09780897","-0.047892433","-0.12031255","-0.020350581","-0.08582566","-0.2569443","0.116154805","0.19846156","-0.09145709","-0.26373485","-0.999459","-0.220439","-0.5277466","-0.6178939","-0.5065977","0.04344555","-0.09208469","1.6761727","-2.318733","-0.9479234","-0.20440444","1.5818738","1.584788","-0.5355529","0.10669164","-0.8949276","-0.09282395","-1.9256675","1.2727604","-0.64421225","-1.1140257","1.5492576","0.47555792","-1.9900371","-1.8876864","-0.32350588","-0.28204557","2.044593","2.1789842","2.8358946","-0.9750692","-2.0952055","-1.3186506","-2.5802739","0.17125972","0.18607515","-1.9971294","2.15923","1.5289959","2.072083","0.7550803","0.23766887","1.346637","-0.97349375","-1.0938979"
"Vogt-Koyagani-Harada disease","1.3253887","-0.21636082","-0.08477517","-0.0020441243","0.014339774","-0.0038723983","-0.04429422","-0.1286516","0.008879371","-0.1186023","-0.102006264","-0.22896422","0.024960665","0.007102847","-0.17052287","0.11261853","0.36497444","-0.0806882","0.07938533","-1.195056","-0.028933953","-0.46330664","-1.2511191","0.13049862","-0.51381576","1.5127078","-0.42597708","-1.8951836","-0.36426842","0.41142264","-0.7937985","0.72486466","-1.3751893","-0.521942","-0.48334","-3.4158947","1.3299174","-1.6887631","0.49530476","0.9098751","0.26205742","2.8118498","-0.5545583","-1.4316782","1.7957231","0.3233012","2.5129576","-1.9861144","-0.3210881","1.6253742","-0.08798374","-1.5026268","1.1318973","0.57828486","1.7794932","-0.27651927","0.7538521","-0.71248543","-0.13033341","0.44333547","0.42314392","-0.28198174","-2.6824498","-3.1609614"
"Vulvar vestibulitis syndrome","1.3316544","-0.17269525","-0.06910491","-0.0009388793","0.04102448","-0.008167731","-0.04361134","-0.036091316","-0.017242836","-0.14258821","-0.029151723","-0.19725084","-0.01940252","-0.049474705","-0.01586417","0.10663931","0.12442373","0.1700664","-0.12821637","-0.30244234","0.761341","-2.2149024","1.6489012","1.5521022e-05","0.04568375","1.1283748","0.6754161","-1.1240346","1.5458763","1.2426686","-0.5045067","2.5292978","-0.5770889","0.80857736","2.0935693","3.3390474","0.8925185","0.85254484","2.3156173","-0.57151043","-2.3470988","1.12216","-1.6834553","2.2580338","-0.16064255","0.8103203","-0.11389393","-0.5839836","-0.18844205","-0.43236744","-1.4386071","0.6222519","0.3203533","-2.3298826","0.73212016","0.034779023","-0.6181522","0.49234155","0.4917094","0.19899061","-1.5188371","-0.6614479","-1.4847255","0.6699753"
"Vulvodynia","1.3632098","-0.17627028","0.0023385948","-0.1259504","-0.017793857","0.008087841","-0.10121054","-0.12809776","-0.015501372","-0.1614177","-0.10510728","-0.18079692","-0.045527413","0.20239112","-0.18751599","-0.178756","0.19378753","0.16711706","0.38956493","-1.1736425","-1.0195296","-1.7516328","-0.33938286","-1.9835594","1.1185205","2.6618462","0.2405679","-0.91499203","0.9232262","0.68825245","-1.9467447","-1.2414993","-1.2396151","0.2670158","4.178554","-1.6753806","1.8617414","1.3791839","-0.33911344","0.72977316","0.18042694","-0.073003404","-2.6578202","0.12453913","1.8460363","0.59228104","-1.0193042","0.81921697","0.67539895","-0.048367765","-2.3525424","-1.099607","-1.8073887","-0.6459734","-0.7241155","1.2136941","-2.69475","0.0022508923","-0.918092","-1.3592447","0.30172774","-2.0058057","-0.7261888","-1.1633816"
"Whipple's disease","-0.8610144","-0.06204689","-0.022810645","0.0020611463","-0.0009565658","-0.00045902724","-0.018918822","-0.025630439","-0.0039312975","-0.018969087","-0.016530914","-0.035641547","-0.007943889","-0.0072050034","-0.013963499","-0.020377705","-0.010373334","-0.010835765","-0.016133092","-0.011339596","-0.011538723","-0.0045860168","-0.023036573","-0.014183245","-0.003153893","0.010902799","-0.006406742","-0.01712594","0.0009230043","-0.0017532083","-0.014034494","-0.0038970762","-0.009691642","0.00065829273","0.0020159772","-0.0066735","-0.0004295523","-0.0039763018","0.0055414047","0.0031142994","0.00020551936","-0.0045593185","0.00019011392","-0.0040777926","-0.0021466732","-0.0045848354","0.0016202849","-0.003749743","0.0003040471","-0.0030011972","0.00045753678","0.0034179133","-0.00023160408","-8.856923e-05","0.0009927604","-0.00262229","-0.0008311592","-0.0019204128","0.001693831","-0.0009724535","-0.0026840903","-0.0013402244","-0.0023038934","-0.000955738"
"Wilson's disease","1.275159","-0.14177993","0.10805231","0.2617143","-0.03708095","-0.013109091","-0.0949154","-0.09823779","-0.022735836","-0.11216976","-0.054961387","-0.061122153","0.054741256","-0.088744454","-0.15868747","-0.04434485","-0.2626213","0.022278031","0.21564332","0.16619572","-0.10524439","-0.5036947","1.529733","0.5231857","1.1191192","-0.40845108","-0.90198267","-0.0341993","-0.17910798","0.6260395","-2.643322","0.034433655","2.0286431","-0.23013763","-0.29231057","1.3487376","2.119826","-2.5318165","-2.5651028","1.2433971","0.94586873","1.0331681","-0.288148","1.397822","-1.3597454","-0.91410226","1.0918009","-2.2366655","1.7719122","-0.7565484","-0.110560715","-0.13300292","-0.89914924","-1.8729132","-1.1335807","-2.333307","-2.6463642","1.6910223","1.2181873","0.17153516","-1.0377828","0.33378842","0.84875524","-1.6884683"
"Wiskott-Aldrich syndrome","1.3117313","-0.20634368","-0.072803564","0.011210529","-0.042143643","-0.025934625","-0.12841253","-0.12325135","-0.020717384","0.0062372684","-0.086376205","-0.107551545","0.12858154","-0.10579726","0.13401692","-0.09533924","-0.12806715","0.16687237","0.094643526","0.3727637","-0.8100974","-0.028867727","0.121128485","-0.8039124","0.3643084","1.0291123","-0.16271204","0.8133962","0.18678802","1.0247725","1.967375","-2.1331172","-0.035921667","-2.1189651","-0.88679093","0.42389858","5.572977","1.4198887","-1.8338057","0.5455598","-0.72941315","2.6318176","0.810352","-1.966735","-1.3468012","0.95459026","-0.5790798","-2.7953296","1.8999466","-0.5074655","2.2390125","-0.40781373","0.53681237","-0.6871208","-0.82461685","0.91991067","2.3989701","1.0125184","-1.5011715","0.16066198","2.6334355","-1.611758","0.25069904","-2.5359557"
"X-linked inhibitor of apoptosis deficiency","1.1058983","-0.3890755","-0.13461125","0.050362382","-0.016345747","0.02045146","-0.11521678","-0.23947625","-0.015204231","-0.14511959","-0.10651145","-0.16930398","-0.10608861","-0.36120898","-0.08198592","-0.25181997","-0.19527537","-0.20413508","-0.7346812","-0.44114262","0.29550052","0.1012698","-0.81809515","3.8566985","-1.922709","-0.59933794","-0.31189907","-0.20449214","1.2719715","-2.644654","2.3250723","0.44538304","-0.6163529","-2.5343804","1.5951551","-1.5581399","-0.3692428","2.745757","-1.9529616","-0.03427569","1.3930012","-1.2789217","1.4928004","-0.41637525","3.29417","-1.3383857","1.8834298","-2.8328052","-1.1803489","1.9235771","0.5912318","1.07263","-1.5711935","0.9210671","0.06817338","1.4059284","1.2254872","0.2668451","-0.245343","1.0694829","-1.3693329","-1.7126117","0.10456672","-0.96617997"
"abdominal bloating","-0.8610144","-0.06204689","-0.022810645","0.0020611463","-0.0009565658","-0.00045902724","-0.018918822","-0.025630439","-0.0039312975","-0.018969087","-0.016530914","-0.035641547","-0.007943889","-0.0072050034","-0.013963499","-0.020377705","-0.010373334","-0.010835765","-0.016133092","-0.011339596","-0.011538723","-0.0045860168","-0.023036573","-0.014183245","-0.003153893","0.010902799","-0.006406742","-0.01712594","0.0009230043","-0.0017532083","-0.014034494","-0.0038970762","-0.009691642","0.00065829273","0.0020159772","-0.0066735","-0.0004295523","-0.0039763018","0.0055414047","0.0031142994","0.00020551936","-0.0045593185","0.00019011392","-0.0040777926","-0.0021466732","-0.0045848354","0.0016202849","-0.003749743","0.0003040471","-0.0030011972","0.00045753678","0.0034179133","-0.00023160408","-8.856923e-05","0.0009927604","-0.00262229","-0.0008311592","-0.0019204128","0.001693831","-0.0009724535","-0.0026840903","-0.0013402244","-0.0023038934","-0.000955738"
"abdominal dysfunction","-0.8610144","-0.06204689","-0.022810645","0.0020611463","-0.0009565658","-0.00045902724","-0.018918822","-0.025630439","-0.0039312975","-0.018969087","-0.016530914","-0.035641547","-0.007943889","-0.0072050034","-0.013963499","-0.020377705","-0.010373334","-0.010835765","-0.016133092","-0.011339596","-0.011538723","-0.0045860168","-0.023036573","-0.014183245","-0.003153893","0.010902799","-0.006406742","-0.01712594","0.0009230043","-0.0017532083","-0.014034494","-0.0038970762","-0.009691642","0.00065829273","0.0020159772","-0.0066735","-0.0004295523","-0.0039763018","0.0055414047","0.0031142994","0.00020551936","-0.0045593185","0.00019011392","-0.0040777926","-0.0021466732","-0.0045848354","0.0016202849","-0.003749743","0.0003040471","-0.0030011972","0.00045753678","0.0034179133","-0.00023160408","-8.856923e-05","0.0009927604","-0.00262229","-0.0008311592","-0.0019204128","0.001693831","-0.0009724535","-0.0026840903","-0.0013402244","-0.0023038934","-0.000955738"
"acne","-0.8610144","-0.06204689","-0.022810645","0.0020611463","-0.0009565658","-0.00045902724","-0.018918822","-0.025630439","-0.0039312975","-0.018969087","-0.016530914","-0.035641547","-0.007943889","-0.0072050034","-0.013963499","-0.020377705","-0.010373334","-0.010835765","-0.016133092","-0.011339596","-0.011538723","-0.0045860168","-0.023036573","-0.014183245","-0.003153893","0.010902799","-0.006406742","-0.01712594","0.0009230043","-0.0017532083","-0.014034494","-0.0038970762","-0.009691642","0.00065829273","0.0020159772","-0.0066735","-0.0004295523","-0.0039763018","0.0055414047","0.0031142994","0.00020551936","-0.0045593185","0.00019011392","-0.0040777926","-0.0021466732","-0.0045848354","0.0016202849","-0.003749743","0.0003040471","-0.0030011972","0.00045753678","0.0034179133","-0.00023160408","-8.856923e-05","0.0009927604","-0.00262229","-0.0008311592","-0.0019204128","0.001693831","-0.0009724535","-0.0026840903","-0.0013402244","-0.0023038934","-0.000955738"
"acne vulgaris","-0.8610144","-0.06204689","-0.022810645","0.0020611463","-0.0009565658","-0.00045902724","-0.018918822","-0.025630439","-0.0039312975","-0.018969087","-0.016530914","-0.035641547","-0.007943889","-0.0072050034","-0.013963499","-0.020377705","-0.010373334","-0.010835765","-0.016133092","-0.011339596","-0.011538723","-0.0045860168","-0.023036573","-0.014183245","-0.003153893","0.010902799","-0.006406742","-0.01712594","0.0009230043","-0.0017532083","-0.014034494","-0.0038970762","-0.009691642","0.00065829273","0.0020159772","-0.0066735","-0.0004295523","-0.0039763018","0.0055414047","0.0031142994","0.00020551936","-0.0045593185","0.00019011392","-0.0040777926","-0.0021466732","-0.0045848354","0.0016202849","-0.003749743","0.0003040471","-0.0030011972","0.00045753678","0.0034179133","-0.00023160408","-8.856923e-05","0.0009927604","-0.00262229","-0.0008311592","-0.0019204128","0.001693831","-0.0009724535","-0.0026840903","-0.0013402244","-0.0023038934","-0.000955738"
"acute anterior uveitis","-0.8610144","-0.06204689","-0.022810645","0.0020611463","-0.0009565658","-0.00045902724","-0.018918822","-0.025630439","-0.0039312975","-0.018969087","-0.016530914","-0.035641547","-0.007943889","-0.0072050034","-0.013963499","-0.020377705","-0.010373334","-0.010835765","-0.016133092","-0.011339596","-0.011538723","-0.0045860168","-0.023036573","-0.014183245","-0.003153893","0.010902799","-0.006406742","-0.01712594","0.0009230043","-0.0017532083","-0.014034494","-0.0038970762","-0.009691642","0.00065829273","0.0020159772","-0.0066735","-0.0004295523","-0.0039763018","0.0055414047","0.0031142994","0.00020551936","-0.0045593185","0.00019011392","-0.0040777926","-0.0021466732","-0.0045848354","0.0016202849","-0.003749743","0.0003040471","-0.0030011972","0.00045753678","0.0034179133","-0.00023160408","-8.856923e-05","0.0009927604","-0.00262229","-0.0008311592","-0.0019204128","0.001693831","-0.0009724535","-0.0026840903","-0.0013402244","-0.0023038934","-0.000955738"
"acute diarrhea","-0.8610144","-0.06204689","-0.022810645","0.0020611463","-0.0009565658","-0.00045902724","-0.018918822","-0.025630439","-0.0039312975","-0.018969087","-0.016530914","-0.035641547","-0.007943889","-0.0072050034","-0.013963499","-0.020377705","-0.010373334","-0.010835765","-0.016133092","-0.011339596","-0.011538723","-0.0045860168","-0.023036573","-0.014183245","-0.003153893","0.010902799","-0.006406742","-0.01712594","0.0009230043","-0.0017532083","-0.014034494","-0.0038970762","-0.009691642","0.00065829273","0.0020159772","-0.0066735","-0.0004295523","-0.0039763018","0.0055414047","0.0031142994","0.00020551936","-0.0045593185","0.00019011392","-0.0040777926","-0.0021466732","-0.0045848354","0.0016202849","-0.003749743","0.0003040471","-0.0030011972","0.00045753678","0.0034179133","-0.00023160408","-8.856923e-05","0.0009927604","-0.00262229","-0.0008311592","-0.0019204128","0.001693831","-0.0009724535","-0.0026840903","-0.0013402244","-0.0023038934","-0.000955738"
"acute febrile diarrhea","-0.8610144","-0.06204689","-0.022810645","0.0020611463","-0.0009565658","-0.00045902724","-0.018918822","-0.025630439","-0.0039312975","-0.018969087","-0.016530914","-0.035641547","-0.007943889","-0.0072050034","-0.013963499","-0.020377705","-0.010373334","-0.010835765","-0.016133092","-0.011339596","-0.011538723","-0.0045860168","-0.023036573","-0.014183245","-0.003153893","0.010902799","-0.006406742","-0.01712594","0.0009230043","-0.0017532083","-0.014034494","-0.0038970762","-0.009691642","0.00065829273","0.0020159772","-0.0066735","-0.0004295523","-0.0039763018","0.0055414047","0.0031142994","0.00020551936","-0.0045593185","0.00019011392","-0.0040777926","-0.0021466732","-0.0045848354","0.0016202849","-0.003749743","0.0003040471","-0.0030011972","0.00045753678","0.0034179133","-0.00023160408","-8.856923e-05","0.0009927604","-0.00262229","-0.0008311592","-0.0019204128","0.001693831","-0.0009724535","-0.0026840903","-0.0013402244","-0.0023038934","-0.000955738"
"acute lymphocytic leukemia","-0.8610144","-0.06204689","-0.022810645","0.0020611463","-0.0009565658","-0.00045902724","-0.018918822","-0.025630439","-0.0039312975","-0.018969087","-0.016530914","-0.035641547","-0.007943889","-0.0072050034","-0.013963499","-0.020377705","-0.010373334","-0.010835765","-0.016133092","-0.011339596","-0.011538723","-0.0045860168","-0.023036573","-0.014183245","-0.003153893","0.010902799","-0.006406742","-0.01712594","0.0009230043","-0.0017532083","-0.014034494","-0.0038970762","-0.009691642","0.00065829273","0.0020159772","-0.0066735","-0.0004295523","-0.0039763018","0.0055414047","0.0031142994","0.00020551936","-0.0045593185","0.00019011392","-0.0040777926","-0.0021466732","-0.0045848354","0.0016202849","-0.003749743","0.0003040471","-0.0030011972","0.00045753678","0.0034179133","-0.00023160408","-8.856923e-05","0.0009927604","-0.00262229","-0.0008311592","-0.0019204128","0.001693831","-0.0009724535","-0.0026840903","-0.0013402244","-0.0023038934","-0.000955738"
"acute myocardial infarction","-0.8610144","-0.06204689","-0.022810645","0.0020611463","-0.0009565658","-0.00045902724","-0.018918822","-0.025630439","-0.0039312975","-0.018969087","-0.016530914","-0.035641547","-0.007943889","-0.0072050034","-0.013963499","-0.020377705","-0.010373334","-0.010835765","-0.016133092","-0.011339596","-0.011538723","-0.0045860168","-0.023036573","-0.014183245","-0.003153893","0.010902799","-0.006406742","-0.01712594","0.0009230043","-0.0017532083","-0.014034494","-0.0038970762","-0.009691642","0.00065829273","0.0020159772","-0.0066735","-0.0004295523","-0.0039763018","0.0055414047","0.0031142994","0.00020551936","-0.0045593185","0.00019011392","-0.0040777926","-0.0021466732","-0.0045848354","0.0016202849","-0.003749743","0.0003040471","-0.0030011972","0.00045753678","0.0034179133","-0.00023160408","-8.856923e-05","0.0009927604","-0.00262229","-0.0008311592","-0.0019204128","0.001693831","-0.0009724535","-0.0026840903","-0.0013402244","-0.0023038934","-0.000955738"
"acute pancreatitis","-0.8610144","-0.06204689","-0.022810645","0.0020611463","-0.0009565658","-0.00045902724","-0.018918822","-0.025630439","-0.0039312975","-0.018969087","-0.016530914","-0.035641547","-0.007943889","-0.0072050034","-0.013963499","-0.020377705","-0.010373334","-0.010835765","-0.016133092","-0.011339596","-0.011538723","-0.0045860168","-0.023036573","-0.014183245","-0.003153893","0.010902799","-0.006406742","-0.01712594","0.0009230043","-0.0017532083","-0.014034494","-0.0038970762","-0.009691642","0.00065829273","0.0020159772","-0.0066735","-0.0004295523","-0.0039763018","0.0055414047","0.0031142994","0.00020551936","-0.0045593185","0.00019011392","-0.0040777926","-0.0021466732","-0.0045848354","0.0016202849","-0.003749743","0.0003040471","-0.0030011972","0.00045753678","0.0034179133","-0.00023160408","-8.856923e-05","0.0009927604","-0.00262229","-0.0008311592","-0.0019204128","0.001693831","-0.0009724535","-0.0026840903","-0.0013402244","-0.0023038934","-0.000955738"
"acute respiratory tract infection","-0.8610144","-0.06204689","-0.022810645","0.0020611463","-0.0009565658","-0.00045902724","-0.018918822","-0.025630439","-0.0039312975","-0.018969087","-0.016530914","-0.035641547","-0.007943889","-0.0072050034","-0.013963499","-0.020377705","-0.010373334","-0.010835765","-0.016133092","-0.011339596","-0.011538723","-0.0045860168","-0.023036573","-0.014183245","-0.003153893","0.010902799","-0.006406742","-0.01712594","0.0009230043","-0.0017532083","-0.014034494","-0.0038970762","-0.009691642","0.00065829273","0.0020159772","-0.0066735","-0.0004295523","-0.0039763018","0.0055414047","0.0031142994","0.00020551936","-0.0045593185","0.00019011392","-0.0040777926","-0.0021466732","-0.0045848354","0.0016202849","-0.003749743","0.0003040471","-0.0030011972","0.00045753678","0.0034179133","-0.00023160408","-8.856923e-05","0.0009927604","-0.00262229","-0.0008311592","-0.0019204128","0.001693831","-0.0009724535","-0.0026840903","-0.0013402244","-0.0023038934","-0.000955738"
"adenoma","-0.8610144","-0.06204689","-0.022810645","0.0020611463","-0.0009565658","-0.00045902724","-0.018918822","-0.025630439","-0.0039312975","-0.018969087","-0.016530914","-0.035641547","-0.007943889","-0.0072050034","-0.013963499","-0.020377705","-0.010373334","-0.010835765","-0.016133092","-0.011339596","-0.011538723","-0.0045860168","-0.023036573","-0.014183245","-0.003153893","0.010902799","-0.006406742","-0.01712594","0.0009230043","-0.0017532083","-0.014034494","-0.0038970762","-0.009691642","0.00065829273","0.0020159772","-0.0066735","-0.0004295523","-0.0039763018","0.0055414047","0.0031142994","0.00020551936","-0.0045593185","0.00019011392","-0.0040777926","-0.0021466732","-0.0045848354","0.0016202849","-0.003749743","0.0003040471","-0.0030011972","0.00045753678","0.0034179133","-0.00023160408","-8.856923e-05","0.0009927604","-0.00262229","-0.0008311592","-0.0019204128","0.001693831","-0.0009724535","-0.0026840903","-0.0013402244","-0.0023038934","-0.000955738"
"adenomatous polyps","-0.8610144","-0.06204689","-0.022810645","0.0020611463","-0.0009565658","-0.00045902724","-0.018918822","-0.025630439","-0.0039312975","-0.018969087","-0.016530914","-0.035641547","-0.007943889","-0.0072050034","-0.013963499","-0.020377705","-0.010373334","-0.010835765","-0.016133092","-0.011339596","-0.011538723","-0.0045860168","-0.023036573","-0.014183245","-0.003153893","0.010902799","-0.006406742","-0.01712594","0.0009230043","-0.0017532083","-0.014034494","-0.0038970762","-0.009691642","0.00065829273","0.0020159772","-0.0066735","-0.0004295523","-0.0039763018","0.0055414047","0.0031142994","0.00020551936","-0.0045593185","0.00019011392","-0.0040777926","-0.0021466732","-0.0045848354","0.0016202849","-0.003749743","0.0003040471","-0.0030011972","0.00045753678","0.0034179133","-0.00023160408","-8.856923e-05","0.0009927604","-0.00262229","-0.0008311592","-0.0019204128","0.001693831","-0.0009724535","-0.0026840903","-0.0013402244","-0.0023038934","-0.000955738"
"adiposity","-0.8610144","-0.06204689","-0.022810645","0.0020611463","-0.0009565658","-0.00045902724","-0.018918822","-0.025630439","-0.0039312975","-0.018969087","-0.016530914","-0.035641547","-0.007943889","-0.0072050034","-0.013963499","-0.020377705","-0.010373334","-0.010835765","-0.016133092","-0.011339596","-0.011538723","-0.0045860168","-0.023036573","-0.014183245","-0.003153893","0.010902799","-0.006406742","-0.01712594","0.0009230043","-0.0017532083","-0.014034494","-0.0038970762","-0.009691642","0.00065829273","0.0020159772","-0.0066735","-0.0004295523","-0.0039763018","0.0055414047","0.0031142994","0.00020551936","-0.0045593185","0.00019011392","-0.0040777926","-0.0021466732","-0.0045848354","0.0016202849","-0.003749743","0.0003040471","-0.0030011972","0.00045753678","0.0034179133","-0.00023160408","-8.856923e-05","0.0009927604","-0.00262229","-0.0008311592","-0.0019204128","0.001693831","-0.0009724535","-0.0026840903","-0.0013402244","-0.0023038934","-0.000955738"
"advanced adenomas","-0.8610144","-0.06204689","-0.022810645","0.0020611463","-0.0009565658","-0.00045902724","-0.018918822","-0.025630439","-0.0039312975","-0.018969087","-0.016530914","-0.035641547","-0.007943889","-0.0072050034","-0.013963499","-0.020377705","-0.010373334","-0.010835765","-0.016133092","-0.011339596","-0.011538723","-0.0045860168","-0.023036573","-0.014183245","-0.003153893","0.010902799","-0.006406742","-0.01712594","0.0009230043","-0.0017532083","-0.014034494","-0.0038970762","-0.009691642","0.00065829273","0.0020159772","-0.0066735","-0.0004295523","-0.0039763018","0.0055414047","0.0031142994","0.00020551936","-0.0045593185","0.00019011392","-0.0040777926","-0.0021466732","-0.0045848354","0.0016202849","-0.003749743","0.0003040471","-0.0030011972","0.00045753678","0.0034179133","-0.00023160408","-8.856923e-05","0.0009927604","-0.00262229","-0.0008311592","-0.0019204128","0.001693831","-0.0009724535","-0.0026840903","-0.0013402244","-0.0023038934","-0.000955738"
"age-related dysbiosis","-0.8610144","-0.06204689","-0.022810645","0.0020611463","-0.0009565658","-0.00045902724","-0.018918822","-0.025630439","-0.0039312975","-0.018969087","-0.016530914","-0.035641547","-0.007943889","-0.0072050034","-0.013963499","-0.020377705","-0.010373334","-0.010835765","-0.016133092","-0.011339596","-0.011538723","-0.0045860168","-0.023036573","-0.014183245","-0.003153893","0.010902799","-0.006406742","-0.01712594","0.0009230043","-0.0017532083","-0.014034494","-0.0038970762","-0.009691642","0.00065829273","0.0020159772","-0.0066735","-0.0004295523","-0.0039763018","0.0055414047","0.0031142994","0.00020551936","-0.0045593185","0.00019011392","-0.0040777926","-0.0021466732","-0.0045848354","0.0016202849","-0.003749743","0.0003040471","-0.0030011972","0.00045753678","0.0034179133","-0.00023160408","-8.856923e-05","0.0009927604","-0.00262229","-0.0008311592","-0.0019204128","0.001693831","-0.0009724535","-0.0026840903","-0.0013402244","-0.0023038934","-0.000955738"
"age-related microbiota changes","-0.8610144","-0.06204689","-0.022810645","0.0020611463","-0.0009565658","-0.00045902724","-0.018918822","-0.025630439","-0.0039312975","-0.018969087","-0.016530914","-0.035641547","-0.007943889","-0.0072050034","-0.013963499","-0.020377705","-0.010373334","-0.010835765","-0.016133092","-0.011339596","-0.011538723","-0.0045860168","-0.023036573","-0.014183245","-0.003153893","0.010902799","-0.006406742","-0.01712594","0.0009230043","-0.0017532083","-0.014034494","-0.0038970762","-0.009691642","0.00065829273","0.0020159772","-0.0066735","-0.0004295523","-0.0039763018","0.0055414047","0.0031142994","0.00020551936","-0.0045593185","0.00019011392","-0.0040777926","-0.0021466732","-0.0045848354","0.0016202849","-0.003749743","0.0003040471","-0.0030011972","0.00045753678","0.0034179133","-0.00023160408","-8.856923e-05","0.0009927604","-0.00262229","-0.0008311592","-0.0019204128","0.001693831","-0.0009724535","-0.0026840903","-0.0013402244","-0.0023038934","-0.000955738"
"aging","-0.8610144","-0.06204689","-0.022810645","0.0020611463","-0.0009565658","-0.00045902724","-0.018918822","-0.025630439","-0.0039312975","-0.018969087","-0.016530914","-0.035641547","-0.007943889","-0.0072050034","-0.013963499","-0.020377705","-0.010373334","-0.010835765","-0.016133092","-0.011339596","-0.011538723","-0.0045860168","-0.023036573","-0.014183245","-0.003153893","0.010902799","-0.006406742","-0.01712594","0.0009230043","-0.0017532083","-0.014034494","-0.0038970762","-0.009691642","0.00065829273","0.0020159772","-0.0066735","-0.0004295523","-0.0039763018","0.0055414047","0.0031142994","0.00020551936","-0.0045593185","0.00019011392","-0.0040777926","-0.0021466732","-0.0045848354","0.0016202849","-0.003749743","0.0003040471","-0.0030011972","0.00045753678","0.0034179133","-0.00023160408","-8.856923e-05","0.0009927604","-0.00262229","-0.0008311592","-0.0019204128","0.001693831","-0.0009724535","-0.0026840903","-0.0013402244","-0.0023038934","-0.000955738"
"aging-associated immune changes","-0.8610144","-0.06204689","-0.022810645","0.0020611463","-0.0009565658","-0.00045902724","-0.018918822","-0.025630439","-0.0039312975","-0.018969087","-0.016530914","-0.035641547","-0.007943889","-0.0072050034","-0.013963499","-0.020377705","-0.010373334","-0.010835765","-0.016133092","-0.011339596","-0.011538723","-0.0045860168","-0.023036573","-0.014183245","-0.003153893","0.010902799","-0.006406742","-0.01712594","0.0009230043","-0.0017532083","-0.014034494","-0.0038970762","-0.009691642","0.00065829273","0.0020159772","-0.0066735","-0.0004295523","-0.0039763018","0.0055414047","0.0031142994","0.00020551936","-0.0045593185","0.00019011392","-0.0040777926","-0.0021466732","-0.0045848354","0.0016202849","-0.003749743","0.0003040471","-0.0030011972","0.00045753678","0.0034179133","-0.00023160408","-8.856923e-05","0.0009927604","-0.00262229","-0.0008311592","-0.0019204128","0.001693831","-0.0009724535","-0.0026840903","-0.0013402244","-0.0023038934","-0.000955738"
"alcohol addiction","-0.8610144","-0.06204689","-0.022810645","0.0020611463","-0.0009565658","-0.00045902724","-0.018918822","-0.025630439","-0.0039312975","-0.018969087","-0.016530914","-0.035641547","-0.007943889","-0.0072050034","-0.013963499","-0.020377705","-0.010373334","-0.010835765","-0.016133092","-0.011339596","-0.011538723","-0.0045860168","-0.023036573","-0.014183245","-0.003153893","0.010902799","-0.006406742","-0.01712594","0.0009230043","-0.0017532083","-0.014034494","-0.0038970762","-0.009691642","0.00065829273","0.0020159772","-0.0066735","-0.0004295523","-0.0039763018","0.0055414047","0.0031142994","0.00020551936","-0.0045593185","0.00019011392","-0.0040777926","-0.0021466732","-0.0045848354","0.0016202849","-0.003749743","0.0003040471","-0.0030011972","0.00045753678","0.0034179133","-0.00023160408","-8.856923e-05","0.0009927604","-0.00262229","-0.0008311592","-0.0019204128","0.001693831","-0.0009724535","-0.0026840903","-0.0013402244","-0.0023038934","-0.000955738"
"alcohol use disorder","-0.8610144","-0.06204689","-0.022810645","0.0020611463","-0.0009565658","-0.00045902724","-0.018918822","-0.025630439","-0.0039312975","-0.018969087","-0.016530914","-0.035641547","-0.007943889","-0.0072050034","-0.013963499","-0.020377705","-0.010373334","-0.010835765","-0.016133092","-0.011339596","-0.011538723","-0.0045860168","-0.023036573","-0.014183245","-0.003153893","0.010902799","-0.006406742","-0.01712594","0.0009230043","-0.0017532083","-0.014034494","-0.0038970762","-0.009691642","0.00065829273","0.0020159772","-0.0066735","-0.0004295523","-0.0039763018","0.0055414047","0.0031142994","0.00020551936","-0.0045593185","0.00019011392","-0.0040777926","-0.0021466732","-0.0045848354","0.0016202849","-0.003749743","0.0003040471","-0.0030011972","0.00045753678","0.0034179133","-0.00023160408","-8.856923e-05","0.0009927604","-0.00262229","-0.0008311592","-0.0019204128","0.001693831","-0.0009724535","-0.0026840903","-0.0013402244","-0.0023038934","-0.000955738"
"alcoholic liver disease","-0.8610144","-0.06204689","-0.022810645","0.0020611463","-0.0009565658","-0.00045902724","-0.018918822","-0.025630439","-0.0039312975","-0.018969087","-0.016530914","-0.035641547","-0.007943889","-0.0072050034","-0.013963499","-0.020377705","-0.010373334","-0.010835765","-0.016133092","-0.011339596","-0.011538723","-0.0045860168","-0.023036573","-0.014183245","-0.003153893","0.010902799","-0.006406742","-0.01712594","0.0009230043","-0.0017532083","-0.014034494","-0.0038970762","-0.009691642","0.00065829273","0.0020159772","-0.0066735","-0.0004295523","-0.0039763018","0.0055414047","0.0031142994","0.00020551936","-0.0045593185","0.00019011392","-0.0040777926","-0.0021466732","-0.0045848354","0.0016202849","-0.003749743","0.0003040471","-0.0030011972","0.00045753678","0.0034179133","-0.00023160408","-8.856923e-05","0.0009927604","-0.00262229","-0.0008311592","-0.0019204128","0.001693831","-0.0009724535","-0.0026840903","-0.0013402244","-0.0023038934","-0.000955738"
"allergic asthma","-0.8610144","-0.06204689","-0.022810645","0.0020611463","-0.0009565658","-0.00045902724","-0.018918822","-0.025630439","-0.0039312975","-0.018969087","-0.016530914","-0.035641547","-0.007943889","-0.0072050034","-0.013963499","-0.020377705","-0.010373334","-0.010835765","-0.016133092","-0.011339596","-0.011538723","-0.0045860168","-0.023036573","-0.014183245","-0.003153893","0.010902799","-0.006406742","-0.01712594","0.0009230043","-0.0017532083","-0.014034494","-0.0038970762","-0.009691642","0.00065829273","0.0020159772","-0.0066735","-0.0004295523","-0.0039763018","0.0055414047","0.0031142994","0.00020551936","-0.0045593185","0.00019011392","-0.0040777926","-0.0021466732","-0.0045848354","0.0016202849","-0.003749743","0.0003040471","-0.0030011972","0.00045753678","0.0034179133","-0.00023160408","-8.856923e-05","0.0009927604","-0.00262229","-0.0008311592","-0.0019204128","0.001693831","-0.0009724535","-0.0026840903","-0.0013402244","-0.0023038934","-0.000955738"
"allergic disease","-0.8610144","-0.06204689","-0.022810645","0.0020611463","-0.0009565658","-0.00045902724","-0.018918822","-0.025630439","-0.0039312975","-0.018969087","-0.016530914","-0.035641547","-0.007943889","-0.0072050034","-0.013963499","-0.020377705","-0.010373334","-0.010835765","-0.016133092","-0.011339596","-0.011538723","-0.0045860168","-0.023036573","-0.014183245","-0.003153893","0.010902799","-0.006406742","-0.01712594","0.0009230043","-0.0017532083","-0.014034494","-0.0038970762","-0.009691642","0.00065829273","0.0020159772","-0.0066735","-0.0004295523","-0.0039763018","0.0055414047","0.0031142994","0.00020551936","-0.0045593185","0.00019011392","-0.0040777926","-0.0021466732","-0.0045848354","0.0016202849","-0.003749743","0.0003040471","-0.0030011972","0.00045753678","0.0034179133","-0.00023160408","-8.856923e-05","0.0009927604","-0.00262229","-0.0008311592","-0.0019204128","0.001693831","-0.0009724535","-0.0026840903","-0.0013402244","-0.0023038934","-0.000955738"
"allergic reactions","-0.8610144","-0.06204689","-0.022810645","0.0020611463","-0.0009565658","-0.00045902724","-0.018918822","-0.025630439","-0.0039312975","-0.018969087","-0.016530914","-0.035641547","-0.007943889","-0.0072050034","-0.013963499","-0.020377705","-0.010373334","-0.010835765","-0.016133092","-0.011339596","-0.011538723","-0.0045860168","-0.023036573","-0.014183245","-0.003153893","0.010902799","-0.006406742","-0.01712594","0.0009230043","-0.0017532083","-0.014034494","-0.0038970762","-0.009691642","0.00065829273","0.0020159772","-0.0066735","-0.0004295523","-0.0039763018","0.0055414047","0.0031142994","0.00020551936","-0.0045593185","0.00019011392","-0.0040777926","-0.0021466732","-0.0045848354","0.0016202849","-0.003749743","0.0003040471","-0.0030011972","0.00045753678","0.0034179133","-0.00023160408","-8.856923e-05","0.0009927604","-0.00262229","-0.0008311592","-0.0019204128","0.001693831","-0.0009724535","-0.0026840903","-0.0013402244","-0.0023038934","-0.000955738"
"allergic rhinitis","-0.8610144","-0.06204689","-0.022810645","0.0020611463","-0.0009565658","-0.00045902724","-0.018918822","-0.025630439","-0.0039312975","-0.018969087","-0.016530914","-0.035641547","-0.007943889","-0.0072050034","-0.013963499","-0.020377705","-0.010373334","-0.010835765","-0.016133092","-0.011339596","-0.011538723","-0.0045860168","-0.023036573","-0.014183245","-0.003153893","0.010902799","-0.006406742","-0.01712594","0.0009230043","-0.0017532083","-0.014034494","-0.0038970762","-0.009691642","0.00065829273","0.0020159772","-0.0066735","-0.0004295523","-0.0039763018","0.0055414047","0.0031142994","0.00020551936","-0.0045593185","0.00019011392","-0.0040777926","-0.0021466732","-0.0045848354","0.0016202849","-0.003749743","0.0003040471","-0.0030011972","0.00045753678","0.0034179133","-0.00023160408","-8.856923e-05","0.0009927604","-0.00262229","-0.0008311592","-0.0019204128","0.001693831","-0.0009724535","-0.0026840903","-0.0013402244","-0.0023038934","-0.000955738"
"allergic sensitisation","-0.8610144","-0.06204689","-0.022810645","0.0020611463","-0.0009565658","-0.00045902724","-0.018918822","-0.025630439","-0.0039312975","-0.018969087","-0.016530914","-0.035641547","-0.007943889","-0.0072050034","-0.013963499","-0.020377705","-0.010373334","-0.010835765","-0.016133092","-0.011339596","-0.011538723","-0.0045860168","-0.023036573","-0.014183245","-0.003153893","0.010902799","-0.006406742","-0.01712594","0.0009230043","-0.0017532083","-0.014034494","-0.0038970762","-0.009691642","0.00065829273","0.0020159772","-0.0066735","-0.0004295523","-0.0039763018","0.0055414047","0.0031142994","0.00020551936","-0.0045593185","0.00019011392","-0.0040777926","-0.0021466732","-0.0045848354","0.0016202849","-0.003749743","0.0003040471","-0.0030011972","0.00045753678","0.0034179133","-0.00023160408","-8.856923e-05","0.0009927604","-0.00262229","-0.0008311592","-0.0019204128","0.001693831","-0.0009724535","-0.0026840903","-0.0013402244","-0.0023038934","-0.000955738"
"allergy","-0.8610144","-0.06204689","-0.022810645","0.0020611463","-0.0009565658","-0.00045902724","-0.018918822","-0.025630439","-0.0039312975","-0.018969087","-0.016530914","-0.035641547","-0.007943889","-0.0072050034","-0.013963499","-0.020377705","-0.010373334","-0.010835765","-0.016133092","-0.011339596","-0.011538723","-0.0045860168","-0.023036573","-0.014183245","-0.003153893","0.010902799","-0.006406742","-0.01712594","0.0009230043","-0.0017532083","-0.014034494","-0.0038970762","-0.009691642","0.00065829273","0.0020159772","-0.0066735","-0.0004295523","-0.0039763018","0.0055414047","0.0031142994","0.00020551936","-0.0045593185","0.00019011392","-0.0040777926","-0.0021466732","-0.0045848354","0.0016202849","-0.003749743","0.0003040471","-0.0030011972","0.00045753678","0.0034179133","-0.00023160408","-8.856923e-05","0.0009927604","-0.00262229","-0.0008311592","-0.0019204128","0.001693831","-0.0009724535","-0.0026840903","-0.0013402244","-0.0023038934","-0.000955738"
"amyotrophic lateral sclerosis","-0.8610144","-0.06204689","-0.022810645","0.0020611463","-0.0009565658","-0.00045902724","-0.018918822","-0.025630439","-0.0039312975","-0.018969087","-0.016530914","-0.035641547","-0.007943889","-0.0072050034","-0.013963499","-0.020377705","-0.010373334","-0.010835765","-0.016133092","-0.011339596","-0.011538723","-0.0045860168","-0.023036573","-0.014183245","-0.003153893","0.010902799","-0.006406742","-0.01712594","0.0009230043","-0.0017532083","-0.014034494","-0.0038970762","-0.009691642","0.00065829273","0.0020159772","-0.0066735","-0.0004295523","-0.0039763018","0.0055414047","0.0031142994","0.00020551936","-0.0045593185","0.00019011392","-0.0040777926","-0.0021466732","-0.0045848354","0.0016202849","-0.003749743","0.0003040471","-0.0030011972","0.00045753678","0.0034179133","-0.00023160408","-8.856923e-05","0.0009927604","-0.00262229","-0.0008311592","-0.0019204128","0.001693831","-0.0009724535","-0.0026840903","-0.0013402244","-0.0023038934","-0.000955738"
"anorexia nervosa","-0.8610144","-0.06204689","-0.022810645","0.0020611463","-0.0009565658","-0.00045902724","-0.018918822","-0.025630439","-0.0039312975","-0.018969087","-0.016530914","-0.035641547","-0.007943889","-0.0072050034","-0.013963499","-0.020377705","-0.010373334","-0.010835765","-0.016133092","-0.011339596","-0.011538723","-0.0045860168","-0.023036573","-0.014183245","-0.003153893","0.010902799","-0.006406742","-0.01712594","0.0009230043","-0.0017532083","-0.014034494","-0.0038970762","-0.009691642","0.00065829273","0.0020159772","-0.0066735","-0.0004295523","-0.0039763018","0.0055414047","0.0031142994","0.00020551936","-0.0045593185","0.00019011392","-0.0040777926","-0.0021466732","-0.0045848354","0.0016202849","-0.003749743","0.0003040471","-0.0030011972","0.00045753678","0.0034179133","-0.00023160408","-8.856923e-05","0.0009927604","-0.00262229","-0.0008311592","-0.0019204128","0.001693831","-0.0009724535","-0.0026840903","-0.0013402244","-0.0023038934","-0.000955738"
"antibiotic associated diarrhea","-0.8610144","-0.06204689","-0.022810645","0.0020611463","-0.0009565658","-0.00045902724","-0.018918822","-0.025630439","-0.0039312975","-0.018969087","-0.016530914","-0.035641547","-0.007943889","-0.0072050034","-0.013963499","-0.020377705","-0.010373334","-0.010835765","-0.016133092","-0.011339596","-0.011538723","-0.0045860168","-0.023036573","-0.014183245","-0.003153893","0.010902799","-0.006406742","-0.01712594","0.0009230043","-0.0017532083","-0.014034494","-0.0038970762","-0.009691642","0.00065829273","0.0020159772","-0.0066735","-0.0004295523","-0.0039763018","0.0055414047","0.0031142994","0.00020551936","-0.0045593185","0.00019011392","-0.0040777926","-0.0021466732","-0.0045848354","0.0016202849","-0.003749743","0.0003040471","-0.0030011972","0.00045753678","0.0034179133","-0.00023160408","-8.856923e-05","0.0009927604","-0.00262229","-0.0008311592","-0.0019204128","0.001693831","-0.0009724535","-0.0026840903","-0.0013402244","-0.0023038934","-0.000955738"
"antibiotic-associated diarrhea","-0.8610144","-0.06204689","-0.022810645","0.0020611463","-0.0009565658","-0.00045902724","-0.018918822","-0.025630439","-0.0039312975","-0.018969087","-0.016530914","-0.035641547","-0.007943889","-0.0072050034","-0.013963499","-0.020377705","-0.010373334","-0.010835765","-0.016133092","-0.011339596","-0.011538723","-0.0045860168","-0.023036573","-0.014183245","-0.003153893","0.010902799","-0.006406742","-0.01712594","0.0009230043","-0.0017532083","-0.014034494","-0.0038970762","-0.009691642","0.00065829273","0.0020159772","-0.0066735","-0.0004295523","-0.0039763018","0.0055414047","0.0031142994","0.00020551936","-0.0045593185","0.00019011392","-0.0040777926","-0.0021466732","-0.0045848354","0.0016202849","-0.003749743","0.0003040471","-0.0030011972","0.00045753678","0.0034179133","-0.00023160408","-8.856923e-05","0.0009927604","-0.00262229","-0.0008311592","-0.0019204128","0.001693831","-0.0009724535","-0.0026840903","-0.0013402244","-0.0023038934","-0.000955738"
"antibiotic-induced pseudomembranous colitis","-0.8610144","-0.06204689","-0.022810645","0.0020611463","-0.0009565658","-0.00045902724","-0.018918822","-0.025630439","-0.0039312975","-0.018969087","-0.016530914","-0.035641547","-0.007943889","-0.0072050034","-0.013963499","-0.020377705","-0.010373334","-0.010835765","-0.016133092","-0.011339596","-0.011538723","-0.0045860168","-0.023036573","-0.014183245","-0.003153893","0.010902799","-0.006406742","-0.01712594","0.0009230043","-0.0017532083","-0.014034494","-0.0038970762","-0.009691642","0.00065829273","0.0020159772","-0.0066735","-0.0004295523","-0.0039763018","0.0055414047","0.0031142994","0.00020551936","-0.0045593185","0.00019011392","-0.0040777926","-0.0021466732","-0.0045848354","0.0016202849","-0.003749743","0.0003040471","-0.0030011972","0.00045753678","0.0034179133","-0.00023160408","-8.856923e-05","0.0009927604","-0.00262229","-0.0008311592","-0.0019204128","0.001693831","-0.0009724535","-0.0026840903","-0.0013402244","-0.0023038934","-0.000955738"
"anxiety","-0.8610144","-0.06204689","-0.022810645","0.0020611463","-0.0009565658","-0.00045902724","-0.018918822","-0.025630439","-0.0039312975","-0.018969087","-0.016530914","-0.035641547","-0.007943889","-0.0072050034","-0.013963499","-0.020377705","-0.010373334","-0.010835765","-0.016133092","-0.011339596","-0.011538723","-0.0045860168","-0.023036573","-0.014183245","-0.003153893","0.010902799","-0.006406742","-0.01712594","0.0009230043","-0.0017532083","-0.014034494","-0.0038970762","-0.009691642","0.00065829273","0.0020159772","-0.0066735","-0.0004295523","-0.0039763018","0.0055414047","0.0031142994","0.00020551936","-0.0045593185","0.00019011392","-0.0040777926","-0.0021466732","-0.0045848354","0.0016202849","-0.003749743","0.0003040471","-0.0030011972","0.00045753678","0.0034179133","-0.00023160408","-8.856923e-05","0.0009927604","-0.00262229","-0.0008311592","-0.0019204128","0.001693831","-0.0009724535","-0.0026840903","-0.0013402244","-0.0023038934","-0.000955738"
"anxiety and depressive like behavior","-0.8610144","-0.06204689","-0.022810645","0.0020611463","-0.0009565658","-0.00045902724","-0.018918822","-0.025630439","-0.0039312975","-0.018969087","-0.016530914","-0.035641547","-0.007943889","-0.0072050034","-0.013963499","-0.020377705","-0.010373334","-0.010835765","-0.016133092","-0.011339596","-0.011538723","-0.0045860168","-0.023036573","-0.014183245","-0.003153893","0.010902799","-0.006406742","-0.01712594","0.0009230043","-0.0017532083","-0.014034494","-0.0038970762","-0.009691642","0.00065829273","0.0020159772","-0.0066735","-0.0004295523","-0.0039763018","0.0055414047","0.0031142994","0.00020551936","-0.0045593185","0.00019011392","-0.0040777926","-0.0021466732","-0.0045848354","0.0016202849","-0.003749743","0.0003040471","-0.0030011972","0.00045753678","0.0034179133","-0.00023160408","-8.856923e-05","0.0009927604","-0.00262229","-0.0008311592","-0.0019204128","0.001693831","-0.0009724535","-0.0026840903","-0.0013402244","-0.0023038934","-0.000955738"
"anxiety-like behavior","-0.8610144","-0.06204689","-0.022810645","0.0020611463","-0.0009565658","-0.00045902724","-0.018918822","-0.025630439","-0.0039312975","-0.018969087","-0.016530914","-0.035641547","-0.007943889","-0.0072050034","-0.013963499","-0.020377705","-0.010373334","-0.010835765","-0.016133092","-0.011339596","-0.011538723","-0.0045860168","-0.023036573","-0.014183245","-0.003153893","0.010902799","-0.006406742","-0.01712594","0.0009230043","-0.0017532083","-0.014034494","-0.0038970762","-0.009691642","0.00065829273","0.0020159772","-0.0066735","-0.0004295523","-0.0039763018","0.0055414047","0.0031142994","0.00020551936","-0.0045593185","0.00019011392","-0.0040777926","-0.0021466732","-0.0045848354","0.0016202849","-0.003749743","0.0003040471","-0.0030011972","0.00045753678","0.0034179133","-0.00023160408","-8.856923e-05","0.0009927604","-0.00262229","-0.0008311592","-0.0019204128","0.001693831","-0.0009724535","-0.0026840903","-0.0013402244","-0.0023038934","-0.000955738"
"arsenic exposure related diseases","-0.8610144","-0.06204689","-0.022810645","0.0020611463","-0.0009565658","-0.00045902724","-0.018918822","-0.025630439","-0.0039312975","-0.018969087","-0.016530914","-0.035641547","-0.007943889","-0.0072050034","-0.013963499","-0.020377705","-0.010373334","-0.010835765","-0.016133092","-0.011339596","-0.011538723","-0.0045860168","-0.023036573","-0.014183245","-0.003153893","0.010902799","-0.006406742","-0.01712594","0.0009230043","-0.0017532083","-0.014034494","-0.0038970762","-0.009691642","0.00065829273","0.0020159772","-0.0066735","-0.0004295523","-0.0039763018","0.0055414047","0.0031142994","0.00020551936","-0.0045593185","0.00019011392","-0.0040777926","-0.0021466732","-0.0045848354","0.0016202849","-0.003749743","0.0003040471","-0.0030011972","0.00045753678","0.0034179133","-0.00023160408","-8.856923e-05","0.0009927604","-0.00262229","-0.0008311592","-0.0019204128","0.001693831","-0.0009724535","-0.0026840903","-0.0013402244","-0.0023038934","-0.000955738"
"arterial stiffness","-0.8610144","-0.06204689","-0.022810645","0.0020611463","-0.0009565658","-0.00045902724","-0.018918822","-0.025630439","-0.0039312975","-0.018969087","-0.016530914","-0.035641547","-0.007943889","-0.0072050034","-0.013963499","-0.020377705","-0.010373334","-0.010835765","-0.016133092","-0.011339596","-0.011538723","-0.0045860168","-0.023036573","-0.014183245","-0.003153893","0.010902799","-0.006406742","-0.01712594","0.0009230043","-0.0017532083","-0.014034494","-0.0038970762","-0.009691642","0.00065829273","0.0020159772","-0.0066735","-0.0004295523","-0.0039763018","0.0055414047","0.0031142994","0.00020551936","-0.0045593185","0.00019011392","-0.0040777926","-0.0021466732","-0.0045848354","0.0016202849","-0.003749743","0.0003040471","-0.0030011972","0.00045753678","0.0034179133","-0.00023160408","-8.856923e-05","0.0009927604","-0.00262229","-0.0008311592","-0.0019204128","0.001693831","-0.0009724535","-0.0026840903","-0.0013402244","-0.0023038934","-0.000955738"
"asthma","-0.8610144","-0.06204689","-0.022810645","0.0020611463","-0.0009565658","-0.00045902724","-0.018918822","-0.025630439","-0.0039312975","-0.018969087","-0.016530914","-0.035641547","-0.007943889","-0.0072050034","-0.013963499","-0.020377705","-0.010373334","-0.010835765","-0.016133092","-0.011339596","-0.011538723","-0.0045860168","-0.023036573","-0.014183245","-0.003153893","0.010902799","-0.006406742","-0.01712594","0.0009230043","-0.0017532083","-0.014034494","-0.0038970762","-0.009691642","0.00065829273","0.0020159772","-0.0066735","-0.0004295523","-0.0039763018","0.0055414047","0.0031142994","0.00020551936","-0.0045593185","0.00019011392","-0.0040777926","-0.0021466732","-0.0045848354","0.0016202849","-0.003749743","0.0003040471","-0.0030011972","0.00045753678","0.0034179133","-0.00023160408","-8.856923e-05","0.0009927604","-0.00262229","-0.0008311592","-0.0019204128","0.001693831","-0.0009724535","-0.0026840903","-0.0013402244","-0.0023038934","-0.000955738"
"atherosclerosis","-0.8610144","-0.06204689","-0.022810645","0.0020611463","-0.0009565658","-0.00045902724","-0.018918822","-0.025630439","-0.0039312975","-0.018969087","-0.016530914","-0.035641547","-0.007943889","-0.0072050034","-0.013963499","-0.020377705","-0.010373334","-0.010835765","-0.016133092","-0.011339596","-0.011538723","-0.0045860168","-0.023036573","-0.014183245","-0.003153893","0.010902799","-0.006406742","-0.01712594","0.0009230043","-0.0017532083","-0.014034494","-0.0038970762","-0.009691642","0.00065829273","0.0020159772","-0.0066735","-0.0004295523","-0.0039763018","0.0055414047","0.0031142994","0.00020551936","-0.0045593185","0.00019011392","-0.0040777926","-0.0021466732","-0.0045848354","0.0016202849","-0.003749743","0.0003040471","-0.0030011972","0.00045753678","0.0034179133","-0.00023160408","-8.856923e-05","0.0009927604","-0.00262229","-0.0008311592","-0.0019204128","0.001693831","-0.0009724535","-0.0026840903","-0.0013402244","-0.0023038934","-0.000955738"
"atherosclerotic cardiovascular disease","-0.8610144","-0.06204689","-0.022810645","0.0020611463","-0.0009565658","-0.00045902724","-0.018918822","-0.025630439","-0.0039312975","-0.018969087","-0.016530914","-0.035641547","-0.007943889","-0.0072050034","-0.013963499","-0.020377705","-0.010373334","-0.010835765","-0.016133092","-0.011339596","-0.011538723","-0.0045860168","-0.023036573","-0.014183245","-0.003153893","0.010902799","-0.006406742","-0.01712594","0.0009230043","-0.0017532083","-0.014034494","-0.0038970762","-0.009691642","0.00065829273","0.0020159772","-0.0066735","-0.0004295523","-0.0039763018","0.0055414047","0.0031142994","0.00020551936","-0.0045593185","0.00019011392","-0.0040777926","-0.0021466732","-0.0045848354","0.0016202849","-0.003749743","0.0003040471","-0.0030011972","0.00045753678","0.0034179133","-0.00023160408","-8.856923e-05","0.0009927604","-0.00262229","-0.0008311592","-0.0019204128","0.001693831","-0.0009724535","-0.0026840903","-0.0013402244","-0.0023038934","-0.000955738"
"atopic dermatitis","-0.8610144","-0.06204689","-0.022810645","0.0020611463","-0.0009565658","-0.00045902724","-0.018918822","-0.025630439","-0.0039312975","-0.018969087","-0.016530914","-0.035641547","-0.007943889","-0.0072050034","-0.013963499","-0.020377705","-0.010373334","-0.010835765","-0.016133092","-0.011339596","-0.011538723","-0.0045860168","-0.023036573","-0.014183245","-0.003153893","0.010902799","-0.006406742","-0.01712594","0.0009230043","-0.0017532083","-0.014034494","-0.0038970762","-0.009691642","0.00065829273","0.0020159772","-0.0066735","-0.0004295523","-0.0039763018","0.0055414047","0.0031142994","0.00020551936","-0.0045593185","0.00019011392","-0.0040777926","-0.0021466732","-0.0045848354","0.0016202849","-0.003749743","0.0003040471","-0.0030011972","0.00045753678","0.0034179133","-0.00023160408","-8.856923e-05","0.0009927604","-0.00262229","-0.0008311592","-0.0019204128","0.001693831","-0.0009724535","-0.0026840903","-0.0013402244","-0.0023038934","-0.000955738"
"atopic disease","-0.8610144","-0.06204689","-0.022810645","0.0020611463","-0.0009565658","-0.00045902724","-0.018918822","-0.025630439","-0.0039312975","-0.018969087","-0.016530914","-0.035641547","-0.007943889","-0.0072050034","-0.013963499","-0.020377705","-0.010373334","-0.010835765","-0.016133092","-0.011339596","-0.011538723","-0.0045860168","-0.023036573","-0.014183245","-0.003153893","0.010902799","-0.006406742","-0.01712594","0.0009230043","-0.0017532083","-0.014034494","-0.0038970762","-0.009691642","0.00065829273","0.0020159772","-0.0066735","-0.0004295523","-0.0039763018","0.0055414047","0.0031142994","0.00020551936","-0.0045593185","0.00019011392","-0.0040777926","-0.0021466732","-0.0045848354","0.0016202849","-0.003749743","0.0003040471","-0.0030011972","0.00045753678","0.0034179133","-0.00023160408","-8.856923e-05","0.0009927604","-0.00262229","-0.0008311592","-0.0019204128","0.001693831","-0.0009724535","-0.0026840903","-0.0013402244","-0.0023038934","-0.000955738"
"atopic eczema","-0.8610144","-0.06204689","-0.022810645","0.0020611463","-0.0009565658","-0.00045902724","-0.018918822","-0.025630439","-0.0039312975","-0.018969087","-0.016530914","-0.035641547","-0.007943889","-0.0072050034","-0.013963499","-0.020377705","-0.010373334","-0.010835765","-0.016133092","-0.011339596","-0.011538723","-0.0045860168","-0.023036573","-0.014183245","-0.003153893","0.010902799","-0.006406742","-0.01712594","0.0009230043","-0.0017532083","-0.014034494","-0.0038970762","-0.009691642","0.00065829273","0.0020159772","-0.0066735","-0.0004295523","-0.0039763018","0.0055414047","0.0031142994","0.00020551936","-0.0045593185","0.00019011392","-0.0040777926","-0.0021466732","-0.0045848354","0.0016202849","-0.003749743","0.0003040471","-0.0030011972","0.00045753678","0.0034179133","-0.00023160408","-8.856923e-05","0.0009927604","-0.00262229","-0.0008311592","-0.0019204128","0.001693831","-0.0009724535","-0.0026840903","-0.0013402244","-0.0023038934","-0.000955738"
"autism","-0.8610144","-0.06204689","-0.022810645","0.0020611463","-0.0009565658","-0.00045902724","-0.018918822","-0.025630439","-0.0039312975","-0.018969087","-0.016530914","-0.035641547","-0.007943889","-0.0072050034","-0.013963499","-0.020377705","-0.010373334","-0.010835765","-0.016133092","-0.011339596","-0.011538723","-0.0045860168","-0.023036573","-0.014183245","-0.003153893","0.010902799","-0.006406742","-0.01712594","0.0009230043","-0.0017532083","-0.014034494","-0.0038970762","-0.009691642","0.00065829273","0.0020159772","-0.0066735","-0.0004295523","-0.0039763018","0.0055414047","0.0031142994","0.00020551936","-0.0045593185","0.00019011392","-0.0040777926","-0.0021466732","-0.0045848354","0.0016202849","-0.003749743","0.0003040471","-0.0030011972","0.00045753678","0.0034179133","-0.00023160408","-8.856923e-05","0.0009927604","-0.00262229","-0.0008311592","-0.0019204128","0.001693831","-0.0009724535","-0.0026840903","-0.0013402244","-0.0023038934","-0.000955738"
"autism spectrum disorder","-0.8610144","-0.06204689","-0.022810645","0.0020611463","-0.0009565658","-0.00045902724","-0.018918822","-0.025630439","-0.0039312975","-0.018969087","-0.016530914","-0.035641547","-0.007943889","-0.0072050034","-0.013963499","-0.020377705","-0.010373334","-0.010835765","-0.016133092","-0.011339596","-0.011538723","-0.0045860168","-0.023036573","-0.014183245","-0.003153893","0.010902799","-0.006406742","-0.01712594","0.0009230043","-0.0017532083","-0.014034494","-0.0038970762","-0.009691642","0.00065829273","0.0020159772","-0.0066735","-0.0004295523","-0.0039763018","0.0055414047","0.0031142994","0.00020551936","-0.0045593185","0.00019011392","-0.0040777926","-0.0021466732","-0.0045848354","0.0016202849","-0.003749743","0.0003040471","-0.0030011972","0.00045753678","0.0034179133","-0.00023160408","-8.856923e-05","0.0009927604","-0.00262229","-0.0008311592","-0.0019204128","0.001693831","-0.0009724535","-0.0026840903","-0.0013402244","-0.0023038934","-0.000955738"
"autistic disorder","-0.8610144","-0.06204689","-0.022810645","0.0020611463","-0.0009565658","-0.00045902724","-0.018918822","-0.025630439","-0.0039312975","-0.018969087","-0.016530914","-0.035641547","-0.007943889","-0.0072050034","-0.013963499","-0.020377705","-0.010373334","-0.010835765","-0.016133092","-0.011339596","-0.011538723","-0.0045860168","-0.023036573","-0.014183245","-0.003153893","0.010902799","-0.006406742","-0.01712594","0.0009230043","-0.0017532083","-0.014034494","-0.0038970762","-0.009691642","0.00065829273","0.0020159772","-0.0066735","-0.0004295523","-0.0039763018","0.0055414047","0.0031142994","0.00020551936","-0.0045593185","0.00019011392","-0.0040777926","-0.0021466732","-0.0045848354","0.0016202849","-0.003749743","0.0003040471","-0.0030011972","0.00045753678","0.0034179133","-0.00023160408","-8.856923e-05","0.0009927604","-0.00262229","-0.0008311592","-0.0019204128","0.001693831","-0.0009724535","-0.0026840903","-0.0013402244","-0.0023038934","-0.000955738"
"autoimmune hepatitis","-0.8610144","-0.06204689","-0.022810645","0.0020611463","-0.0009565658","-0.00045902724","-0.018918822","-0.025630439","-0.0039312975","-0.018969087","-0.016530914","-0.035641547","-0.007943889","-0.0072050034","-0.013963499","-0.020377705","-0.010373334","-0.010835765","-0.016133092","-0.011339596","-0.011538723","-0.0045860168","-0.023036573","-0.014183245","-0.003153893","0.010902799","-0.006406742","-0.01712594","0.0009230043","-0.0017532083","-0.014034494","-0.0038970762","-0.009691642","0.00065829273","0.0020159772","-0.0066735","-0.0004295523","-0.0039763018","0.0055414047","0.0031142994","0.00020551936","-0.0045593185","0.00019011392","-0.0040777926","-0.0021466732","-0.0045848354","0.0016202849","-0.003749743","0.0003040471","-0.0030011972","0.00045753678","0.0034179133","-0.00023160408","-8.856923e-05","0.0009927604","-0.00262229","-0.0008311592","-0.0019204128","0.001693831","-0.0009724535","-0.0026840903","-0.0013402244","-0.0023038934","-0.000955738"
"autoimmunity","-0.8610144","-0.06204689","-0.022810645","0.0020611463","-0.0009565658","-0.00045902724","-0.018918822","-0.025630439","-0.0039312975","-0.018969087","-0.016530914","-0.035641547","-0.007943889","-0.0072050034","-0.013963499","-0.020377705","-0.010373334","-0.010835765","-0.016133092","-0.011339596","-0.011538723","-0.0045860168","-0.023036573","-0.014183245","-0.003153893","0.010902799","-0.006406742","-0.01712594","0.0009230043","-0.0017532083","-0.014034494","-0.0038970762","-0.009691642","0.00065829273","0.0020159772","-0.0066735","-0.0004295523","-0.0039763018","0.0055414047","0.0031142994","0.00020551936","-0.0045593185","0.00019011392","-0.0040777926","-0.0021466732","-0.0045848354","0.0016202849","-0.003749743","0.0003040471","-0.0030011972","0.00045753678","0.0034179133","-0.00023160408","-8.856923e-05","0.0009927604","-0.00262229","-0.0008311592","-0.0019204128","0.001693831","-0.0009724535","-0.0026840903","-0.0013402244","-0.0023038934","-0.000955738"
"bacillary angiomatosis","-0.8610144","-0.06204689","-0.022810645","0.0020611463","-0.0009565658","-0.00045902724","-0.018918822","-0.025630439","-0.0039312975","-0.018969087","-0.016530914","-0.035641547","-0.007943889","-0.0072050034","-0.013963499","-0.020377705","-0.010373334","-0.010835765","-0.016133092","-0.011339596","-0.011538723","-0.0045860168","-0.023036573","-0.014183245","-0.003153893","0.010902799","-0.006406742","-0.01712594","0.0009230043","-0.0017532083","-0.014034494","-0.0038970762","-0.009691642","0.00065829273","0.0020159772","-0.0066735","-0.0004295523","-0.0039763018","0.0055414047","0.0031142994","0.00020551936","-0.0045593185","0.00019011392","-0.0040777926","-0.0021466732","-0.0045848354","0.0016202849","-0.003749743","0.0003040471","-0.0030011972","0.00045753678","0.0034179133","-0.00023160408","-8.856923e-05","0.0009927604","-0.00262229","-0.0008311592","-0.0019204128","0.001693831","-0.0009724535","-0.0026840903","-0.0013402244","-0.0023038934","-0.000955738"
"bacterial pneumonia","-0.8610144","-0.06204689","-0.022810645","0.0020611463","-0.0009565658","-0.00045902724","-0.018918822","-0.025630439","-0.0039312975","-0.018969087","-0.016530914","-0.035641547","-0.007943889","-0.0072050034","-0.013963499","-0.020377705","-0.010373334","-0.010835765","-0.016133092","-0.011339596","-0.011538723","-0.0045860168","-0.023036573","-0.014183245","-0.003153893","0.010902799","-0.006406742","-0.01712594","0.0009230043","-0.0017532083","-0.014034494","-0.0038970762","-0.009691642","0.00065829273","0.0020159772","-0.0066735","-0.0004295523","-0.0039763018","0.0055414047","0.0031142994","0.00020551936","-0.0045593185","0.00019011392","-0.0040777926","-0.0021466732","-0.0045848354","0.0016202849","-0.003749743","0.0003040471","-0.0030011972","0.00045753678","0.0034179133","-0.00023160408","-8.856923e-05","0.0009927604","-0.00262229","-0.0008311592","-0.0019204128","0.001693831","-0.0009724535","-0.0026840903","-0.0013402244","-0.0023038934","-0.000955738"
"biliary tract cancer","-0.8610144","-0.06204689","-0.022810645","0.0020611463","-0.0009565658","-0.00045902724","-0.018918822","-0.025630439","-0.0039312975","-0.018969087","-0.016530914","-0.035641547","-0.007943889","-0.0072050034","-0.013963499","-0.020377705","-0.010373334","-0.010835765","-0.016133092","-0.011339596","-0.011538723","-0.0045860168","-0.023036573","-0.014183245","-0.003153893","0.010902799","-0.006406742","-0.01712594","0.0009230043","-0.0017532083","-0.014034494","-0.0038970762","-0.009691642","0.00065829273","0.0020159772","-0.0066735","-0.0004295523","-0.0039763018","0.0055414047","0.0031142994","0.00020551936","-0.0045593185","0.00019011392","-0.0040777926","-0.0021466732","-0.0045848354","0.0016202849","-0.003749743","0.0003040471","-0.0030011972","0.00045753678","0.0034179133","-0.00023160408","-8.856923e-05","0.0009927604","-0.00262229","-0.0008311592","-0.0019204128","0.001693831","-0.0009724535","-0.0026840903","-0.0013402244","-0.0023038934","-0.000955738"
"bladder cancer","-0.8610144","-0.06204689","-0.022810645","0.0020611463","-0.0009565658","-0.00045902724","-0.018918822","-0.025630439","-0.0039312975","-0.018969087","-0.016530914","-0.035641547","-0.007943889","-0.0072050034","-0.013963499","-0.020377705","-0.010373334","-0.010835765","-0.016133092","-0.011339596","-0.011538723","-0.0045860168","-0.023036573","-0.014183245","-0.003153893","0.010902799","-0.006406742","-0.01712594","0.0009230043","-0.0017532083","-0.014034494","-0.0038970762","-0.009691642","0.00065829273","0.0020159772","-0.0066735","-0.0004295523","-0.0039763018","0.0055414047","0.0031142994","0.00020551936","-0.0045593185","0.00019011392","-0.0040777926","-0.0021466732","-0.0045848354","0.0016202849","-0.003749743","0.0003040471","-0.0030011972","0.00045753678","0.0034179133","-0.00023160408","-8.856923e-05","0.0009927604","-0.00262229","-0.0008311592","-0.0019204128","0.001693831","-0.0009724535","-0.0026840903","-0.0013402244","-0.0023038934","-0.000955738"
"bloodstream infection","-0.8610144","-0.06204689","-0.022810645","0.0020611463","-0.0009565658","-0.00045902724","-0.018918822","-0.025630439","-0.0039312975","-0.018969087","-0.016530914","-0.035641547","-0.007943889","-0.0072050034","-0.013963499","-0.020377705","-0.010373334","-0.010835765","-0.016133092","-0.011339596","-0.011538723","-0.0045860168","-0.023036573","-0.014183245","-0.003153893","0.010902799","-0.006406742","-0.01712594","0.0009230043","-0.0017532083","-0.014034494","-0.0038970762","-0.009691642","0.00065829273","0.0020159772","-0.0066735","-0.0004295523","-0.0039763018","0.0055414047","0.0031142994","0.00020551936","-0.0045593185","0.00019011392","-0.0040777926","-0.0021466732","-0.0045848354","0.0016202849","-0.003749743","0.0003040471","-0.0030011972","0.00045753678","0.0034179133","-0.00023160408","-8.856923e-05","0.0009927604","-0.00262229","-0.0008311592","-0.0019204128","0.001693831","-0.0009724535","-0.0026840903","-0.0013402244","-0.0023038934","-0.000955738"
"bloodstream infections","-0.8610144","-0.06204689","-0.022810645","0.0020611463","-0.0009565658","-0.00045902724","-0.018918822","-0.025630439","-0.0039312975","-0.018969087","-0.016530914","-0.035641547","-0.007943889","-0.0072050034","-0.013963499","-0.020377705","-0.010373334","-0.010835765","-0.016133092","-0.011339596","-0.011538723","-0.0045860168","-0.023036573","-0.014183245","-0.003153893","0.010902799","-0.006406742","-0.01712594","0.0009230043","-0.0017532083","-0.014034494","-0.0038970762","-0.009691642","0.00065829273","0.0020159772","-0.0066735","-0.0004295523","-0.0039763018","0.0055414047","0.0031142994","0.00020551936","-0.0045593185","0.00019011392","-0.0040777926","-0.0021466732","-0.0045848354","0.0016202849","-0.003749743","0.0003040471","-0.0030011972","0.00045753678","0.0034179133","-0.00023160408","-8.856923e-05","0.0009927604","-0.00262229","-0.0008311592","-0.0019204128","0.001693831","-0.0009724535","-0.0026840903","-0.0013402244","-0.0023038934","-0.000955738"
"brain disorders","-0.8610144","-0.06204689","-0.022810645","0.0020611463","-0.0009565658","-0.00045902724","-0.018918822","-0.025630439","-0.0039312975","-0.018969087","-0.016530914","-0.035641547","-0.007943889","-0.0072050034","-0.013963499","-0.020377705","-0.010373334","-0.010835765","-0.016133092","-0.011339596","-0.011538723","-0.0045860168","-0.023036573","-0.014183245","-0.003153893","0.010902799","-0.006406742","-0.01712594","0.0009230043","-0.0017532083","-0.014034494","-0.0038970762","-0.009691642","0.00065829273","0.0020159772","-0.0066735","-0.0004295523","-0.0039763018","0.0055414047","0.0031142994","0.00020551936","-0.0045593185","0.00019011392","-0.0040777926","-0.0021466732","-0.0045848354","0.0016202849","-0.003749743","0.0003040471","-0.0030011972","0.00045753678","0.0034179133","-0.00023160408","-8.856923e-05","0.0009927604","-0.00262229","-0.0008311592","-0.0019204128","0.001693831","-0.0009724535","-0.0026840903","-0.0013402244","-0.0023038934","-0.000955738"
"breast cancer","-0.8610144","-0.06204689","-0.022810645","0.0020611463","-0.0009565658","-0.00045902724","-0.018918822","-0.025630439","-0.0039312975","-0.018969087","-0.016530914","-0.035641547","-0.007943889","-0.0072050034","-0.013963499","-0.020377705","-0.010373334","-0.010835765","-0.016133092","-0.011339596","-0.011538723","-0.0045860168","-0.023036573","-0.014183245","-0.003153893","0.010902799","-0.006406742","-0.01712594","0.0009230043","-0.0017532083","-0.014034494","-0.0038970762","-0.009691642","0.00065829273","0.0020159772","-0.0066735","-0.0004295523","-0.0039763018","0.0055414047","0.0031142994","0.00020551936","-0.0045593185","0.00019011392","-0.0040777926","-0.0021466732","-0.0045848354","0.0016202849","-0.003749743","0.0003040471","-0.0030011972","0.00045753678","0.0034179133","-0.00023160408","-8.856923e-05","0.0009927604","-0.00262229","-0.0008311592","-0.0019204128","0.001693831","-0.0009724535","-0.0026840903","-0.0013402244","-0.0023038934","-0.000955738"
"calcium nephrolithiasis","-0.8610144","-0.06204689","-0.022810645","0.0020611463","-0.0009565658","-0.00045902724","-0.018918822","-0.025630439","-0.0039312975","-0.018969087","-0.016530914","-0.035641547","-0.007943889","-0.0072050034","-0.013963499","-0.020377705","-0.010373334","-0.010835765","-0.016133092","-0.011339596","-0.011538723","-0.0045860168","-0.023036573","-0.014183245","-0.003153893","0.010902799","-0.006406742","-0.01712594","0.0009230043","-0.0017532083","-0.014034494","-0.0038970762","-0.009691642","0.00065829273","0.0020159772","-0.0066735","-0.0004295523","-0.0039763018","0.0055414047","0.0031142994","0.00020551936","-0.0045593185","0.00019011392","-0.0040777926","-0.0021466732","-0.0045848354","0.0016202849","-0.003749743","0.0003040471","-0.0030011972","0.00045753678","0.0034179133","-0.00023160408","-8.856923e-05","0.0009927604","-0.00262229","-0.0008311592","-0.0019204128","0.001693831","-0.0009724535","-0.0026840903","-0.0013402244","-0.0023038934","-0.000955738"
"cancer","-0.8610144","-0.06204689","-0.022810645","0.0020611463","-0.0009565658","-0.00045902724","-0.018918822","-0.025630439","-0.0039312975","-0.018969087","-0.016530914","-0.035641547","-0.007943889","-0.0072050034","-0.013963499","-0.020377705","-0.010373334","-0.010835765","-0.016133092","-0.011339596","-0.011538723","-0.0045860168","-0.023036573","-0.014183245","-0.003153893","0.010902799","-0.006406742","-0.01712594","0.0009230043","-0.0017532083","-0.014034494","-0.0038970762","-0.009691642","0.00065829273","0.0020159772","-0.0066735","-0.0004295523","-0.0039763018","0.0055414047","0.0031142994","0.00020551936","-0.0045593185","0.00019011392","-0.0040777926","-0.0021466732","-0.0045848354","0.0016202849","-0.003749743","0.0003040471","-0.0030011972","0.00045753678","0.0034179133","-0.00023160408","-8.856923e-05","0.0009927604","-0.00262229","-0.0008311592","-0.0019204128","0.001693831","-0.0009724535","-0.0026840903","-0.0013402244","-0.0023038934","-0.000955738"
"cardiac disease","-0.8610144","-0.06204689","-0.022810645","0.0020611463","-0.0009565658","-0.00045902724","-0.018918822","-0.025630439","-0.0039312975","-0.018969087","-0.016530914","-0.035641547","-0.007943889","-0.0072050034","-0.013963499","-0.020377705","-0.010373334","-0.010835765","-0.016133092","-0.011339596","-0.011538723","-0.0045860168","-0.023036573","-0.014183245","-0.003153893","0.010902799","-0.006406742","-0.01712594","0.0009230043","-0.0017532083","-0.014034494","-0.0038970762","-0.009691642","0.00065829273","0.0020159772","-0.0066735","-0.0004295523","-0.0039763018","0.0055414047","0.0031142994","0.00020551936","-0.0045593185","0.00019011392","-0.0040777926","-0.0021466732","-0.0045848354","0.0016202849","-0.003749743","0.0003040471","-0.0030011972","0.00045753678","0.0034179133","-0.00023160408","-8.856923e-05","0.0009927604","-0.00262229","-0.0008311592","-0.0019204128","0.001693831","-0.0009724535","-0.0026840903","-0.0013402244","-0.0023038934","-0.000955738"
"cardiometabolic disease complications","-0.8610144","-0.06204689","-0.022810645","0.0020611463","-0.0009565658","-0.00045902724","-0.018918822","-0.025630439","-0.0039312975","-0.018969087","-0.016530914","-0.035641547","-0.007943889","-0.0072050034","-0.013963499","-0.020377705","-0.010373334","-0.010835765","-0.016133092","-0.011339596","-0.011538723","-0.0045860168","-0.023036573","-0.014183245","-0.003153893","0.010902799","-0.006406742","-0.01712594","0.0009230043","-0.0017532083","-0.014034494","-0.0038970762","-0.009691642","0.00065829273","0.0020159772","-0.0066735","-0.0004295523","-0.0039763018","0.0055414047","0.0031142994","0.00020551936","-0.0045593185","0.00019011392","-0.0040777926","-0.0021466732","-0.0045848354","0.0016202849","-0.003749743","0.0003040471","-0.0030011972","0.00045753678","0.0034179133","-0.00023160408","-8.856923e-05","0.0009927604","-0.00262229","-0.0008311592","-0.0019204128","0.001693831","-0.0009724535","-0.0026840903","-0.0013402244","-0.0023038934","-0.000955738"
"cardiometabolic diseases","-0.8610144","-0.06204689","-0.022810645","0.0020611463","-0.0009565658","-0.00045902724","-0.018918822","-0.025630439","-0.0039312975","-0.018969087","-0.016530914","-0.035641547","-0.007943889","-0.0072050034","-0.013963499","-0.020377705","-0.010373334","-0.010835765","-0.016133092","-0.011339596","-0.011538723","-0.0045860168","-0.023036573","-0.014183245","-0.003153893","0.010902799","-0.006406742","-0.01712594","0.0009230043","-0.0017532083","-0.014034494","-0.0038970762","-0.009691642","0.00065829273","0.0020159772","-0.0066735","-0.0004295523","-0.0039763018","0.0055414047","0.0031142994","0.00020551936","-0.0045593185","0.00019011392","-0.0040777926","-0.0021466732","-0.0045848354","0.0016202849","-0.003749743","0.0003040471","-0.0030011972","0.00045753678","0.0034179133","-0.00023160408","-8.856923e-05","0.0009927604","-0.00262229","-0.0008311592","-0.0019204128","0.001693831","-0.0009724535","-0.0026840903","-0.0013402244","-0.0023038934","-0.000955738"
"cardiometabolic disorders","-0.8610144","-0.06204689","-0.022810645","0.0020611463","-0.0009565658","-0.00045902724","-0.018918822","-0.025630439","-0.0039312975","-0.018969087","-0.016530914","-0.035641547","-0.007943889","-0.0072050034","-0.013963499","-0.020377705","-0.010373334","-0.010835765","-0.016133092","-0.011339596","-0.011538723","-0.0045860168","-0.023036573","-0.014183245","-0.003153893","0.010902799","-0.006406742","-0.01712594","0.0009230043","-0.0017532083","-0.014034494","-0.0038970762","-0.009691642","0.00065829273","0.0020159772","-0.0066735","-0.0004295523","-0.0039763018","0.0055414047","0.0031142994","0.00020551936","-0.0045593185","0.00019011392","-0.0040777926","-0.0021466732","-0.0045848354","0.0016202849","-0.003749743","0.0003040471","-0.0030011972","0.00045753678","0.0034179133","-0.00023160408","-8.856923e-05","0.0009927604","-0.00262229","-0.0008311592","-0.0019204128","0.001693831","-0.0009724535","-0.0026840903","-0.0013402244","-0.0023038934","-0.000955738"
"cardiovascular disease","-0.8610144","-0.06204689","-0.022810645","0.0020611463","-0.0009565658","-0.00045902724","-0.018918822","-0.025630439","-0.0039312975","-0.018969087","-0.016530914","-0.035641547","-0.007943889","-0.0072050034","-0.013963499","-0.020377705","-0.010373334","-0.010835765","-0.016133092","-0.011339596","-0.011538723","-0.0045860168","-0.023036573","-0.014183245","-0.003153893","0.010902799","-0.006406742","-0.01712594","0.0009230043","-0.0017532083","-0.014034494","-0.0038970762","-0.009691642","0.00065829273","0.0020159772","-0.0066735","-0.0004295523","-0.0039763018","0.0055414047","0.0031142994","0.00020551936","-0.0045593185","0.00019011392","-0.0040777926","-0.0021466732","-0.0045848354","0.0016202849","-0.003749743","0.0003040471","-0.0030011972","0.00045753678","0.0034179133","-0.00023160408","-8.856923e-05","0.0009927604","-0.00262229","-0.0008311592","-0.0019204128","0.001693831","-0.0009724535","-0.0026840903","-0.0013402244","-0.0023038934","-0.000955738"
"cardiovascular diseases","-0.8610144","-0.06204689","-0.022810645","0.0020611463","-0.0009565658","-0.00045902724","-0.018918822","-0.025630439","-0.0039312975","-0.018969087","-0.016530914","-0.035641547","-0.007943889","-0.0072050034","-0.013963499","-0.020377705","-0.010373334","-0.010835765","-0.016133092","-0.011339596","-0.011538723","-0.0045860168","-0.023036573","-0.014183245","-0.003153893","0.010902799","-0.006406742","-0.01712594","0.0009230043","-0.0017532083","-0.014034494","-0.0038970762","-0.009691642","0.00065829273","0.0020159772","-0.0066735","-0.0004295523","-0.0039763018","0.0055414047","0.0031142994","0.00020551936","-0.0045593185","0.00019011392","-0.0040777926","-0.0021466732","-0.0045848354","0.0016202849","-0.003749743","0.0003040471","-0.0030011972","0.00045753678","0.0034179133","-0.00023160408","-8.856923e-05","0.0009927604","-0.00262229","-0.0008311592","-0.0019204128","0.001693831","-0.0009724535","-0.0026840903","-0.0013402244","-0.0023038934","-0.000955738"
"celiac disease","-0.8610144","-0.06204689","-0.022810645","0.0020611463","-0.0009565658","-0.00045902724","-0.018918822","-0.025630439","-0.0039312975","-0.018969087","-0.016530914","-0.035641547","-0.007943889","-0.0072050034","-0.013963499","-0.020377705","-0.010373334","-0.010835765","-0.016133092","-0.011339596","-0.011538723","-0.0045860168","-0.023036573","-0.014183245","-0.003153893","0.010902799","-0.006406742","-0.01712594","0.0009230043","-0.0017532083","-0.014034494","-0.0038970762","-0.009691642","0.00065829273","0.0020159772","-0.0066735","-0.0004295523","-0.0039763018","0.0055414047","0.0031142994","0.00020551936","-0.0045593185","0.00019011392","-0.0040777926","-0.0021466732","-0.0045848354","0.0016202849","-0.003749743","0.0003040471","-0.0030011972","0.00045753678","0.0034179133","-0.00023160408","-8.856923e-05","0.0009927604","-0.00262229","-0.0008311592","-0.0019204128","0.001693831","-0.0009724535","-0.0026840903","-0.0013402244","-0.0023038934","-0.000955738"
"cervical cancer","-0.8610144","-0.06204689","-0.022810645","0.0020611463","-0.0009565658","-0.00045902724","-0.018918822","-0.025630439","-0.0039312975","-0.018969087","-0.016530914","-0.035641547","-0.007943889","-0.0072050034","-0.013963499","-0.020377705","-0.010373334","-0.010835765","-0.016133092","-0.011339596","-0.011538723","-0.0045860168","-0.023036573","-0.014183245","-0.003153893","0.010902799","-0.006406742","-0.01712594","0.0009230043","-0.0017532083","-0.014034494","-0.0038970762","-0.009691642","0.00065829273","0.0020159772","-0.0066735","-0.0004295523","-0.0039763018","0.0055414047","0.0031142994","0.00020551936","-0.0045593185","0.00019011392","-0.0040777926","-0.0021466732","-0.0045848354","0.0016202849","-0.003749743","0.0003040471","-0.0030011972","0.00045753678","0.0034179133","-0.00023160408","-8.856923e-05","0.0009927604","-0.00262229","-0.0008311592","-0.0019204128","0.001693831","-0.0009724535","-0.0026840903","-0.0013402244","-0.0023038934","-0.000955738"
"cervical intraepithelial neoplasia","-0.8610144","-0.06204689","-0.022810645","0.0020611463","-0.0009565658","-0.00045902724","-0.018918822","-0.025630439","-0.0039312975","-0.018969087","-0.016530914","-0.035641547","-0.007943889","-0.0072050034","-0.013963499","-0.020377705","-0.010373334","-0.010835765","-0.016133092","-0.011339596","-0.011538723","-0.0045860168","-0.023036573","-0.014183245","-0.003153893","0.010902799","-0.006406742","-0.01712594","0.0009230043","-0.0017532083","-0.014034494","-0.0038970762","-0.009691642","0.00065829273","0.0020159772","-0.0066735","-0.0004295523","-0.0039763018","0.0055414047","0.0031142994","0.00020551936","-0.0045593185","0.00019011392","-0.0040777926","-0.0021466732","-0.0045848354","0.0016202849","-0.003749743","0.0003040471","-0.0030011972","0.00045753678","0.0034179133","-0.00023160408","-8.856923e-05","0.0009927604","-0.00262229","-0.0008311592","-0.0019204128","0.001693831","-0.0009724535","-0.0026840903","-0.0013402244","-0.0023038934","-0.000955738"
"childhood mortality","-0.8610144","-0.06204689","-0.022810645","0.0020611463","-0.0009565658","-0.00045902724","-0.018918822","-0.025630439","-0.0039312975","-0.018969087","-0.016530914","-0.035641547","-0.007943889","-0.0072050034","-0.013963499","-0.020377705","-0.010373334","-0.010835765","-0.016133092","-0.011339596","-0.011538723","-0.0045860168","-0.023036573","-0.014183245","-0.003153893","0.010902799","-0.006406742","-0.01712594","0.0009230043","-0.0017532083","-0.014034494","-0.0038970762","-0.009691642","0.00065829273","0.0020159772","-0.0066735","-0.0004295523","-0.0039763018","0.0055414047","0.0031142994","0.00020551936","-0.0045593185","0.00019011392","-0.0040777926","-0.0021466732","-0.0045848354","0.0016202849","-0.003749743","0.0003040471","-0.0030011972","0.00045753678","0.0034179133","-0.00023160408","-8.856923e-05","0.0009927604","-0.00262229","-0.0008311592","-0.0019204128","0.001693831","-0.0009724535","-0.0026840903","-0.0013402244","-0.0023038934","-0.000955738"
"cholecystitis","-0.8610144","-0.06204689","-0.022810645","0.0020611463","-0.0009565658","-0.00045902724","-0.018918822","-0.025630439","-0.0039312975","-0.018969087","-0.016530914","-0.035641547","-0.007943889","-0.0072050034","-0.013963499","-0.020377705","-0.010373334","-0.010835765","-0.016133092","-0.011339596","-0.011538723","-0.0045860168","-0.023036573","-0.014183245","-0.003153893","0.010902799","-0.006406742","-0.01712594","0.0009230043","-0.0017532083","-0.014034494","-0.0038970762","-0.009691642","0.00065829273","0.0020159772","-0.0066735","-0.0004295523","-0.0039763018","0.0055414047","0.0031142994","0.00020551936","-0.0045593185","0.00019011392","-0.0040777926","-0.0021466732","-0.0045848354","0.0016202849","-0.003749743","0.0003040471","-0.0030011972","0.00045753678","0.0034179133","-0.00023160408","-8.856923e-05","0.0009927604","-0.00262229","-0.0008311592","-0.0019204128","0.001693831","-0.0009724535","-0.0026840903","-0.0013402244","-0.0023038934","-0.000955738"
"cholera","-0.8610144","-0.06204689","-0.022810645","0.0020611463","-0.0009565658","-0.00045902724","-0.018918822","-0.025630439","-0.0039312975","-0.018969087","-0.016530914","-0.035641547","-0.007943889","-0.0072050034","-0.013963499","-0.020377705","-0.010373334","-0.010835765","-0.016133092","-0.011339596","-0.011538723","-0.0045860168","-0.023036573","-0.014183245","-0.003153893","0.010902799","-0.006406742","-0.01712594","0.0009230043","-0.0017532083","-0.014034494","-0.0038970762","-0.009691642","0.00065829273","0.0020159772","-0.0066735","-0.0004295523","-0.0039763018","0.0055414047","0.0031142994","0.00020551936","-0.0045593185","0.00019011392","-0.0040777926","-0.0021466732","-0.0045848354","0.0016202849","-0.003749743","0.0003040471","-0.0030011972","0.00045753678","0.0034179133","-0.00023160408","-8.856923e-05","0.0009927604","-0.00262229","-0.0008311592","-0.0019204128","0.001693831","-0.0009724535","-0.0026840903","-0.0013402244","-0.0023038934","-0.000955738"
"cholesterol gallstones","-0.8610144","-0.06204689","-0.022810645","0.0020611463","-0.0009565658","-0.00045902724","-0.018918822","-0.025630439","-0.0039312975","-0.018969087","-0.016530914","-0.035641547","-0.007943889","-0.0072050034","-0.013963499","-0.020377705","-0.010373334","-0.010835765","-0.016133092","-0.011339596","-0.011538723","-0.0045860168","-0.023036573","-0.014183245","-0.003153893","0.010902799","-0.006406742","-0.01712594","0.0009230043","-0.0017532083","-0.014034494","-0.0038970762","-0.009691642","0.00065829273","0.0020159772","-0.0066735","-0.0004295523","-0.0039763018","0.0055414047","0.0031142994","0.00020551936","-0.0045593185","0.00019011392","-0.0040777926","-0.0021466732","-0.0045848354","0.0016202849","-0.003749743","0.0003040471","-0.0030011972","0.00045753678","0.0034179133","-0.00023160408","-8.856923e-05","0.0009927604","-0.00262229","-0.0008311592","-0.0019204128","0.001693831","-0.0009724535","-0.0026840903","-0.0013402244","-0.0023038934","-0.000955738"
"chronic HIV infection","-0.8610144","-0.06204689","-0.022810645","0.0020611463","-0.0009565658","-0.00045902724","-0.018918822","-0.025630439","-0.0039312975","-0.018969087","-0.016530914","-0.035641547","-0.007943889","-0.0072050034","-0.013963499","-0.020377705","-0.010373334","-0.010835765","-0.016133092","-0.011339596","-0.011538723","-0.0045860168","-0.023036573","-0.014183245","-0.003153893","0.010902799","-0.006406742","-0.01712594","0.0009230043","-0.0017532083","-0.014034494","-0.0038970762","-0.009691642","0.00065829273","0.0020159772","-0.0066735","-0.0004295523","-0.0039763018","0.0055414047","0.0031142994","0.00020551936","-0.0045593185","0.00019011392","-0.0040777926","-0.0021466732","-0.0045848354","0.0016202849","-0.003749743","0.0003040471","-0.0030011972","0.00045753678","0.0034179133","-0.00023160408","-8.856923e-05","0.0009927604","-0.00262229","-0.0008311592","-0.0019204128","0.001693831","-0.0009724535","-0.0026840903","-0.0013402244","-0.0023038934","-0.000955738"
"chronic bacteremia","-0.8610144","-0.06204689","-0.022810645","0.0020611463","-0.0009565658","-0.00045902724","-0.018918822","-0.025630439","-0.0039312975","-0.018969087","-0.016530914","-0.035641547","-0.007943889","-0.0072050034","-0.013963499","-0.020377705","-0.010373334","-0.010835765","-0.016133092","-0.011339596","-0.011538723","-0.0045860168","-0.023036573","-0.014183245","-0.003153893","0.010902799","-0.006406742","-0.01712594","0.0009230043","-0.0017532083","-0.014034494","-0.0038970762","-0.009691642","0.00065829273","0.0020159772","-0.0066735","-0.0004295523","-0.0039763018","0.0055414047","0.0031142994","0.00020551936","-0.0045593185","0.00019011392","-0.0040777926","-0.0021466732","-0.0045848354","0.0016202849","-0.003749743","0.0003040471","-0.0030011972","0.00045753678","0.0034179133","-0.00023160408","-8.856923e-05","0.0009927604","-0.00262229","-0.0008311592","-0.0019204128","0.001693831","-0.0009724535","-0.0026840903","-0.0013402244","-0.0023038934","-0.000955738"
"chronic constipation","-0.8610144","-0.06204689","-0.022810645","0.0020611463","-0.0009565658","-0.00045902724","-0.018918822","-0.025630439","-0.0039312975","-0.018969087","-0.016530914","-0.035641547","-0.007943889","-0.0072050034","-0.013963499","-0.020377705","-0.010373334","-0.010835765","-0.016133092","-0.011339596","-0.011538723","-0.0045860168","-0.023036573","-0.014183245","-0.003153893","0.010902799","-0.006406742","-0.01712594","0.0009230043","-0.0017532083","-0.014034494","-0.0038970762","-0.009691642","0.00065829273","0.0020159772","-0.0066735","-0.0004295523","-0.0039763018","0.0055414047","0.0031142994","0.00020551936","-0.0045593185","0.00019011392","-0.0040777926","-0.0021466732","-0.0045848354","0.0016202849","-0.003749743","0.0003040471","-0.0030011972","0.00045753678","0.0034179133","-0.00023160408","-8.856923e-05","0.0009927604","-0.00262229","-0.0008311592","-0.0019204128","0.001693831","-0.0009724535","-0.0026840903","-0.0013402244","-0.0023038934","-0.000955738"
"chronic gastritis","-0.8610144","-0.06204689","-0.022810645","0.0020611463","-0.0009565658","-0.00045902724","-0.018918822","-0.025630439","-0.0039312975","-0.018969087","-0.016530914","-0.035641547","-0.007943889","-0.0072050034","-0.013963499","-0.020377705","-0.010373334","-0.010835765","-0.016133092","-0.011339596","-0.011538723","-0.0045860168","-0.023036573","-0.014183245","-0.003153893","0.010902799","-0.006406742","-0.01712594","0.0009230043","-0.0017532083","-0.014034494","-0.0038970762","-0.009691642","0.00065829273","0.0020159772","-0.0066735","-0.0004295523","-0.0039763018","0.0055414047","0.0031142994","0.00020551936","-0.0045593185","0.00019011392","-0.0040777926","-0.0021466732","-0.0045848354","0.0016202849","-0.003749743","0.0003040471","-0.0030011972","0.00045753678","0.0034179133","-0.00023160408","-8.856923e-05","0.0009927604","-0.00262229","-0.0008311592","-0.0019204128","0.001693831","-0.0009724535","-0.0026840903","-0.0013402244","-0.0023038934","-0.000955738"
"chronic gastrointestinal inflammation","-0.8610144","-0.06204689","-0.022810645","0.0020611463","-0.0009565658","-0.00045902724","-0.018918822","-0.025630439","-0.0039312975","-0.018969087","-0.016530914","-0.035641547","-0.007943889","-0.0072050034","-0.013963499","-0.020377705","-0.010373334","-0.010835765","-0.016133092","-0.011339596","-0.011538723","-0.0045860168","-0.023036573","-0.014183245","-0.003153893","0.010902799","-0.006406742","-0.01712594","0.0009230043","-0.0017532083","-0.014034494","-0.0038970762","-0.009691642","0.00065829273","0.0020159772","-0.0066735","-0.0004295523","-0.0039763018","0.0055414047","0.0031142994","0.00020551936","-0.0045593185","0.00019011392","-0.0040777926","-0.0021466732","-0.0045848354","0.0016202849","-0.003749743","0.0003040471","-0.0030011972","0.00045753678","0.0034179133","-0.00023160408","-8.856923e-05","0.0009927604","-0.00262229","-0.0008311592","-0.0019204128","0.001693831","-0.0009724535","-0.0026840903","-0.0013402244","-0.0023038934","-0.000955738"
"chronic inflammation","-0.8610144","-0.06204689","-0.022810645","0.0020611463","-0.0009565658","-0.00045902724","-0.018918822","-0.025630439","-0.0039312975","-0.018969087","-0.016530914","-0.035641547","-0.007943889","-0.0072050034","-0.013963499","-0.020377705","-0.010373334","-0.010835765","-0.016133092","-0.011339596","-0.011538723","-0.0045860168","-0.023036573","-0.014183245","-0.003153893","0.010902799","-0.006406742","-0.01712594","0.0009230043","-0.0017532083","-0.014034494","-0.0038970762","-0.009691642","0.00065829273","0.0020159772","-0.0066735","-0.0004295523","-0.0039763018","0.0055414047","0.0031142994","0.00020551936","-0.0045593185","0.00019011392","-0.0040777926","-0.0021466732","-0.0045848354","0.0016202849","-0.003749743","0.0003040471","-0.0030011972","0.00045753678","0.0034179133","-0.00023160408","-8.856923e-05","0.0009927604","-0.00262229","-0.0008311592","-0.0019204128","0.001693831","-0.0009724535","-0.0026840903","-0.0013402244","-0.0023038934","-0.000955738"
"chronic kidney disease","-0.8610144","-0.06204689","-0.022810645","0.0020611463","-0.0009565658","-0.00045902724","-0.018918822","-0.025630439","-0.0039312975","-0.018969087","-0.016530914","-0.035641547","-0.007943889","-0.0072050034","-0.013963499","-0.020377705","-0.010373334","-0.010835765","-0.016133092","-0.011339596","-0.011538723","-0.0045860168","-0.023036573","-0.014183245","-0.003153893","0.010902799","-0.006406742","-0.01712594","0.0009230043","-0.0017532083","-0.014034494","-0.0038970762","-0.009691642","0.00065829273","0.0020159772","-0.0066735","-0.0004295523","-0.0039763018","0.0055414047","0.0031142994","0.00020551936","-0.0045593185","0.00019011392","-0.0040777926","-0.0021466732","-0.0045848354","0.0016202849","-0.003749743","0.0003040471","-0.0030011972","0.00045753678","0.0034179133","-0.00023160408","-8.856923e-05","0.0009927604","-0.00262229","-0.0008311592","-0.0019204128","0.001693831","-0.0009724535","-0.0026840903","-0.0013402244","-0.0023038934","-0.000955738"
"chronic nonbacterial prostate inflammation","-0.8610144","-0.06204689","-0.022810645","0.0020611463","-0.0009565658","-0.00045902724","-0.018918822","-0.025630439","-0.0039312975","-0.018969087","-0.016530914","-0.035641547","-0.007943889","-0.0072050034","-0.013963499","-0.020377705","-0.010373334","-0.010835765","-0.016133092","-0.011339596","-0.011538723","-0.0045860168","-0.023036573","-0.014183245","-0.003153893","0.010902799","-0.006406742","-0.01712594","0.0009230043","-0.0017532083","-0.014034494","-0.0038970762","-0.009691642","0.00065829273","0.0020159772","-0.0066735","-0.0004295523","-0.0039763018","0.0055414047","0.0031142994","0.00020551936","-0.0045593185","0.00019011392","-0.0040777926","-0.0021466732","-0.0045848354","0.0016202849","-0.003749743","0.0003040471","-0.0030011972","0.00045753678","0.0034179133","-0.00023160408","-8.856923e-05","0.0009927604","-0.00262229","-0.0008311592","-0.0019204128","0.001693831","-0.0009724535","-0.0026840903","-0.0013402244","-0.0023038934","-0.000955738"
"chronic pancreatitis","-0.8610144","-0.06204689","-0.022810645","0.0020611463","-0.0009565658","-0.00045902724","-0.018918822","-0.025630439","-0.0039312975","-0.018969087","-0.016530914","-0.035641547","-0.007943889","-0.0072050034","-0.013963499","-0.020377705","-0.010373334","-0.010835765","-0.016133092","-0.011339596","-0.011538723","-0.0045860168","-0.023036573","-0.014183245","-0.003153893","0.010902799","-0.006406742","-0.01712594","0.0009230043","-0.0017532083","-0.014034494","-0.0038970762","-0.009691642","0.00065829273","0.0020159772","-0.0066735","-0.0004295523","-0.0039763018","0.0055414047","0.0031142994","0.00020551936","-0.0045593185","0.00019011392","-0.0040777926","-0.0021466732","-0.0045848354","0.0016202849","-0.003749743","0.0003040471","-0.0030011972","0.00045753678","0.0034179133","-0.00023160408","-8.856923e-05","0.0009927604","-0.00262229","-0.0008311592","-0.0019204128","0.001693831","-0.0009724535","-0.0026840903","-0.0013402244","-0.0023038934","-0.000955738"
"cirrhosis","-0.8610144","-0.06204689","-0.022810645","0.0020611463","-0.0009565658","-0.00045902724","-0.018918822","-0.025630439","-0.0039312975","-0.018969087","-0.016530914","-0.035641547","-0.007943889","-0.0072050034","-0.013963499","-0.020377705","-0.010373334","-0.010835765","-0.016133092","-0.011339596","-0.011538723","-0.0045860168","-0.023036573","-0.014183245","-0.003153893","0.010902799","-0.006406742","-0.01712594","0.0009230043","-0.0017532083","-0.014034494","-0.0038970762","-0.009691642","0.00065829273","0.0020159772","-0.0066735","-0.0004295523","-0.0039763018","0.0055414047","0.0031142994","0.00020551936","-0.0045593185","0.00019011392","-0.0040777926","-0.0021466732","-0.0045848354","0.0016202849","-0.003749743","0.0003040471","-0.0030011972","0.00045753678","0.0034179133","-0.00023160408","-8.856923e-05","0.0009927604","-0.00262229","-0.0008311592","-0.0019204128","0.001693831","-0.0009724535","-0.0026840903","-0.0013402244","-0.0023038934","-0.000955738"
"coeliac disease","-0.8610144","-0.06204689","-0.022810645","0.0020611463","-0.0009565658","-0.00045902724","-0.018918822","-0.025630439","-0.0039312975","-0.018969087","-0.016530914","-0.035641547","-0.007943889","-0.0072050034","-0.013963499","-0.020377705","-0.010373334","-0.010835765","-0.016133092","-0.011339596","-0.011538723","-0.0045860168","-0.023036573","-0.014183245","-0.003153893","0.010902799","-0.006406742","-0.01712594","0.0009230043","-0.0017532083","-0.014034494","-0.0038970762","-0.009691642","0.00065829273","0.0020159772","-0.0066735","-0.0004295523","-0.0039763018","0.0055414047","0.0031142994","0.00020551936","-0.0045593185","0.00019011392","-0.0040777926","-0.0021466732","-0.0045848354","0.0016202849","-0.003749743","0.0003040471","-0.0030011972","0.00045753678","0.0034179133","-0.00023160408","-8.856923e-05","0.0009927604","-0.00262229","-0.0008311592","-0.0019204128","0.001693831","-0.0009724535","-0.0026840903","-0.0013402244","-0.0023038934","-0.000955738"
"cognitive decline","-0.8610144","-0.06204689","-0.022810645","0.0020611463","-0.0009565658","-0.00045902724","-0.018918822","-0.025630439","-0.0039312975","-0.018969087","-0.016530914","-0.035641547","-0.007943889","-0.0072050034","-0.013963499","-0.020377705","-0.010373334","-0.010835765","-0.016133092","-0.011339596","-0.011538723","-0.0045860168","-0.023036573","-0.014183245","-0.003153893","0.010902799","-0.006406742","-0.01712594","0.0009230043","-0.0017532083","-0.014034494","-0.0038970762","-0.009691642","0.00065829273","0.0020159772","-0.0066735","-0.0004295523","-0.0039763018","0.0055414047","0.0031142994","0.00020551936","-0.0045593185","0.00019011392","-0.0040777926","-0.0021466732","-0.0045848354","0.0016202849","-0.003749743","0.0003040471","-0.0030011972","0.00045753678","0.0034179133","-0.00023160408","-8.856923e-05","0.0009927604","-0.00262229","-0.0008311592","-0.0019204128","0.001693831","-0.0009724535","-0.0026840903","-0.0013402244","-0.0023038934","-0.000955738"
"cognitive deficits","-0.8610144","-0.06204689","-0.022810645","0.0020611463","-0.0009565658","-0.00045902724","-0.018918822","-0.025630439","-0.0039312975","-0.018969087","-0.016530914","-0.035641547","-0.007943889","-0.0072050034","-0.013963499","-0.020377705","-0.010373334","-0.010835765","-0.016133092","-0.011339596","-0.011538723","-0.0045860168","-0.023036573","-0.014183245","-0.003153893","0.010902799","-0.006406742","-0.01712594","0.0009230043","-0.0017532083","-0.014034494","-0.0038970762","-0.009691642","0.00065829273","0.0020159772","-0.0066735","-0.0004295523","-0.0039763018","0.0055414047","0.0031142994","0.00020551936","-0.0045593185","0.00019011392","-0.0040777926","-0.0021466732","-0.0045848354","0.0016202849","-0.003749743","0.0003040471","-0.0030011972","0.00045753678","0.0034179133","-0.00023160408","-8.856923e-05","0.0009927604","-0.00262229","-0.0008311592","-0.0019204128","0.001693831","-0.0009724535","-0.0026840903","-0.0013402244","-0.0023038934","-0.000955738"
"cognitive impairment","-0.8610144","-0.06204689","-0.022810645","0.0020611463","-0.0009565658","-0.00045902724","-0.018918822","-0.025630439","-0.0039312975","-0.018969087","-0.016530914","-0.035641547","-0.007943889","-0.0072050034","-0.013963499","-0.020377705","-0.010373334","-0.010835765","-0.016133092","-0.011339596","-0.011538723","-0.0045860168","-0.023036573","-0.014183245","-0.003153893","0.010902799","-0.006406742","-0.01712594","0.0009230043","-0.0017532083","-0.014034494","-0.0038970762","-0.009691642","0.00065829273","0.0020159772","-0.0066735","-0.0004295523","-0.0039763018","0.0055414047","0.0031142994","0.00020551936","-0.0045593185","0.00019011392","-0.0040777926","-0.0021466732","-0.0045848354","0.0016202849","-0.003749743","0.0003040471","-0.0030011972","0.00045753678","0.0034179133","-0.00023160408","-8.856923e-05","0.0009927604","-0.00262229","-0.0008311592","-0.0019204128","0.001693831","-0.0009724535","-0.0026840903","-0.0013402244","-0.0023038934","-0.000955738"
"colitis","-0.8610144","-0.06204689","-0.022810645","0.0020611463","-0.0009565658","-0.00045902724","-0.018918822","-0.025630439","-0.0039312975","-0.018969087","-0.016530914","-0.035641547","-0.007943889","-0.0072050034","-0.013963499","-0.020377705","-0.010373334","-0.010835765","-0.016133092","-0.011339596","-0.011538723","-0.0045860168","-0.023036573","-0.014183245","-0.003153893","0.010902799","-0.006406742","-0.01712594","0.0009230043","-0.0017532083","-0.014034494","-0.0038970762","-0.009691642","0.00065829273","0.0020159772","-0.0066735","-0.0004295523","-0.0039763018","0.0055414047","0.0031142994","0.00020551936","-0.0045593185","0.00019011392","-0.0040777926","-0.0021466732","-0.0045848354","0.0016202849","-0.003749743","0.0003040471","-0.0030011972","0.00045753678","0.0034179133","-0.00023160408","-8.856923e-05","0.0009927604","-0.00262229","-0.0008311592","-0.0019204128","0.001693831","-0.0009724535","-0.0026840903","-0.0013402244","-0.0023038934","-0.000955738"
"colitis associated colon cancer","-0.8610144","-0.06204689","-0.022810645","0.0020611463","-0.0009565658","-0.00045902724","-0.018918822","-0.025630439","-0.0039312975","-0.018969087","-0.016530914","-0.035641547","-0.007943889","-0.0072050034","-0.013963499","-0.020377705","-0.010373334","-0.010835765","-0.016133092","-0.011339596","-0.011538723","-0.0045860168","-0.023036573","-0.014183245","-0.003153893","0.010902799","-0.006406742","-0.01712594","0.0009230043","-0.0017532083","-0.014034494","-0.0038970762","-0.009691642","0.00065829273","0.0020159772","-0.0066735","-0.0004295523","-0.0039763018","0.0055414047","0.0031142994","0.00020551936","-0.0045593185","0.00019011392","-0.0040777926","-0.0021466732","-0.0045848354","0.0016202849","-0.003749743","0.0003040471","-0.0030011972","0.00045753678","0.0034179133","-0.00023160408","-8.856923e-05","0.0009927604","-0.00262229","-0.0008311592","-0.0019204128","0.001693831","-0.0009724535","-0.0026840903","-0.0013402244","-0.0023038934","-0.000955738"
"colitis-associated cancer","-0.8610144","-0.06204689","-0.022810645","0.0020611463","-0.0009565658","-0.00045902724","-0.018918822","-0.025630439","-0.0039312975","-0.018969087","-0.016530914","-0.035641547","-0.007943889","-0.0072050034","-0.013963499","-0.020377705","-0.010373334","-0.010835765","-0.016133092","-0.011339596","-0.011538723","-0.0045860168","-0.023036573","-0.014183245","-0.003153893","0.010902799","-0.006406742","-0.01712594","0.0009230043","-0.0017532083","-0.014034494","-0.0038970762","-0.009691642","0.00065829273","0.0020159772","-0.0066735","-0.0004295523","-0.0039763018","0.0055414047","0.0031142994","0.00020551936","-0.0045593185","0.00019011392","-0.0040777926","-0.0021466732","-0.0045848354","0.0016202849","-0.003749743","0.0003040471","-0.0030011972","0.00045753678","0.0034179133","-0.00023160408","-8.856923e-05","0.0009927604","-0.00262229","-0.0008311592","-0.0019204128","0.001693831","-0.0009724535","-0.0026840903","-0.0013402244","-0.0023038934","-0.000955738"
"colon adenocarcinoma","-0.8610144","-0.06204689","-0.022810645","0.0020611463","-0.0009565658","-0.00045902724","-0.018918822","-0.025630439","-0.0039312975","-0.018969087","-0.016530914","-0.035641547","-0.007943889","-0.0072050034","-0.013963499","-0.020377705","-0.010373334","-0.010835765","-0.016133092","-0.011339596","-0.011538723","-0.0045860168","-0.023036573","-0.014183245","-0.003153893","0.010902799","-0.006406742","-0.01712594","0.0009230043","-0.0017532083","-0.014034494","-0.0038970762","-0.009691642","0.00065829273","0.0020159772","-0.0066735","-0.0004295523","-0.0039763018","0.0055414047","0.0031142994","0.00020551936","-0.0045593185","0.00019011392","-0.0040777926","-0.0021466732","-0.0045848354","0.0016202849","-0.003749743","0.0003040471","-0.0030011972","0.00045753678","0.0034179133","-0.00023160408","-8.856923e-05","0.0009927604","-0.00262229","-0.0008311592","-0.0019204128","0.001693831","-0.0009724535","-0.0026840903","-0.0013402244","-0.0023038934","-0.000955738"
"colon cancer","-0.8610144","-0.06204689","-0.022810645","0.0020611463","-0.0009565658","-0.00045902724","-0.018918822","-0.025630439","-0.0039312975","-0.018969087","-0.016530914","-0.035641547","-0.007943889","-0.0072050034","-0.013963499","-0.020377705","-0.010373334","-0.010835765","-0.016133092","-0.011339596","-0.011538723","-0.0045860168","-0.023036573","-0.014183245","-0.003153893","0.010902799","-0.006406742","-0.01712594","0.0009230043","-0.0017532083","-0.014034494","-0.0038970762","-0.009691642","0.00065829273","0.0020159772","-0.0066735","-0.0004295523","-0.0039763018","0.0055414047","0.0031142994","0.00020551936","-0.0045593185","0.00019011392","-0.0040777926","-0.0021466732","-0.0045848354","0.0016202849","-0.003749743","0.0003040471","-0.0030011972","0.00045753678","0.0034179133","-0.00023160408","-8.856923e-05","0.0009927604","-0.00262229","-0.0008311592","-0.0019204128","0.001693831","-0.0009724535","-0.0026840903","-0.0013402244","-0.0023038934","-0.000955738"
"colon health","-0.8610144","-0.06204689","-0.022810645","0.0020611463","-0.0009565658","-0.00045902724","-0.018918822","-0.025630439","-0.0039312975","-0.018969087","-0.016530914","-0.035641547","-0.007943889","-0.0072050034","-0.013963499","-0.020377705","-0.010373334","-0.010835765","-0.016133092","-0.011339596","-0.011538723","-0.0045860168","-0.023036573","-0.014183245","-0.003153893","0.010902799","-0.006406742","-0.01712594","0.0009230043","-0.0017532083","-0.014034494","-0.0038970762","-0.009691642","0.00065829273","0.0020159772","-0.0066735","-0.0004295523","-0.0039763018","0.0055414047","0.0031142994","0.00020551936","-0.0045593185","0.00019011392","-0.0040777926","-0.0021466732","-0.0045848354","0.0016202849","-0.003749743","0.0003040471","-0.0030011972","0.00045753678","0.0034179133","-0.00023160408","-8.856923e-05","0.0009927604","-0.00262229","-0.0008311592","-0.0019204128","0.001693831","-0.0009724535","-0.0026840903","-0.0013402244","-0.0023038934","-0.000955738"
"colon neoplasms","-0.8610144","-0.06204689","-0.022810645","0.0020611463","-0.0009565658","-0.00045902724","-0.018918822","-0.025630439","-0.0039312975","-0.018969087","-0.016530914","-0.035641547","-0.007943889","-0.0072050034","-0.013963499","-0.020377705","-0.010373334","-0.010835765","-0.016133092","-0.011339596","-0.011538723","-0.0045860168","-0.023036573","-0.014183245","-0.003153893","0.010902799","-0.006406742","-0.01712594","0.0009230043","-0.0017532083","-0.014034494","-0.0038970762","-0.009691642","0.00065829273","0.0020159772","-0.0066735","-0.0004295523","-0.0039763018","0.0055414047","0.0031142994","0.00020551936","-0.0045593185","0.00019011392","-0.0040777926","-0.0021466732","-0.0045848354","0.0016202849","-0.003749743","0.0003040471","-0.0030011972","0.00045753678","0.0034179133","-0.00023160408","-8.856923e-05","0.0009927604","-0.00262229","-0.0008311592","-0.0019204128","0.001693831","-0.0009724535","-0.0026840903","-0.0013402244","-0.0023038934","-0.000955738"
"colonic inflammation","-0.8610144","-0.06204689","-0.022810645","0.0020611463","-0.0009565658","-0.00045902724","-0.018918822","-0.025630439","-0.0039312975","-0.018969087","-0.016530914","-0.035641547","-0.007943889","-0.0072050034","-0.013963499","-0.020377705","-0.010373334","-0.010835765","-0.016133092","-0.011339596","-0.011538723","-0.0045860168","-0.023036573","-0.014183245","-0.003153893","0.010902799","-0.006406742","-0.01712594","0.0009230043","-0.0017532083","-0.014034494","-0.0038970762","-0.009691642","0.00065829273","0.0020159772","-0.0066735","-0.0004295523","-0.0039763018","0.0055414047","0.0031142994","0.00020551936","-0.0045593185","0.00019011392","-0.0040777926","-0.0021466732","-0.0045848354","0.0016202849","-0.003749743","0.0003040471","-0.0030011972","0.00045753678","0.0034179133","-0.00023160408","-8.856923e-05","0.0009927604","-0.00262229","-0.0008311592","-0.0019204128","0.001693831","-0.0009724535","-0.0026840903","-0.0013402244","-0.0023038934","-0.000955738"
"colorectal adenoma","-0.8610144","-0.06204689","-0.022810645","0.0020611463","-0.0009565658","-0.00045902724","-0.018918822","-0.025630439","-0.0039312975","-0.018969087","-0.016530914","-0.035641547","-0.007943889","-0.0072050034","-0.013963499","-0.020377705","-0.010373334","-0.010835765","-0.016133092","-0.011339596","-0.011538723","-0.0045860168","-0.023036573","-0.014183245","-0.003153893","0.010902799","-0.006406742","-0.01712594","0.0009230043","-0.0017532083","-0.014034494","-0.0038970762","-0.009691642","0.00065829273","0.0020159772","-0.0066735","-0.0004295523","-0.0039763018","0.0055414047","0.0031142994","0.00020551936","-0.0045593185","0.00019011392","-0.0040777926","-0.0021466732","-0.0045848354","0.0016202849","-0.003749743","0.0003040471","-0.0030011972","0.00045753678","0.0034179133","-0.00023160408","-8.856923e-05","0.0009927604","-0.00262229","-0.0008311592","-0.0019204128","0.001693831","-0.0009724535","-0.0026840903","-0.0013402244","-0.0023038934","-0.000955738"
"colorectal adenomas","-0.8610144","-0.06204689","-0.022810645","0.0020611463","-0.0009565658","-0.00045902724","-0.018918822","-0.025630439","-0.0039312975","-0.018969087","-0.016530914","-0.035641547","-0.007943889","-0.0072050034","-0.013963499","-0.020377705","-0.010373334","-0.010835765","-0.016133092","-0.011339596","-0.011538723","-0.0045860168","-0.023036573","-0.014183245","-0.003153893","0.010902799","-0.006406742","-0.01712594","0.0009230043","-0.0017532083","-0.014034494","-0.0038970762","-0.009691642","0.00065829273","0.0020159772","-0.0066735","-0.0004295523","-0.0039763018","0.0055414047","0.0031142994","0.00020551936","-0.0045593185","0.00019011392","-0.0040777926","-0.0021466732","-0.0045848354","0.0016202849","-0.003749743","0.0003040471","-0.0030011972","0.00045753678","0.0034179133","-0.00023160408","-8.856923e-05","0.0009927604","-0.00262229","-0.0008311592","-0.0019204128","0.001693831","-0.0009724535","-0.0026840903","-0.0013402244","-0.0023038934","-0.000955738"
"colorectal cancer","-0.8610144","-0.06204689","-0.022810645","0.0020611463","-0.0009565658","-0.00045902724","-0.018918822","-0.025630439","-0.0039312975","-0.018969087","-0.016530914","-0.035641547","-0.007943889","-0.0072050034","-0.013963499","-0.020377705","-0.010373334","-0.010835765","-0.016133092","-0.011339596","-0.011538723","-0.0045860168","-0.023036573","-0.014183245","-0.003153893","0.010902799","-0.006406742","-0.01712594","0.0009230043","-0.0017532083","-0.014034494","-0.0038970762","-0.009691642","0.00065829273","0.0020159772","-0.0066735","-0.0004295523","-0.0039763018","0.0055414047","0.0031142994","0.00020551936","-0.0045593185","0.00019011392","-0.0040777926","-0.0021466732","-0.0045848354","0.0016202849","-0.003749743","0.0003040471","-0.0030011972","0.00045753678","0.0034179133","-0.00023160408","-8.856923e-05","0.0009927604","-0.00262229","-0.0008311592","-0.0019204128","0.001693831","-0.0009724535","-0.0026840903","-0.0013402244","-0.0023038934","-0.000955738"
"colorectal carcinoma","-0.8610144","-0.06204689","-0.022810645","0.0020611463","-0.0009565658","-0.00045902724","-0.018918822","-0.025630439","-0.0039312975","-0.018969087","-0.016530914","-0.035641547","-0.007943889","-0.0072050034","-0.013963499","-0.020377705","-0.010373334","-0.010835765","-0.016133092","-0.011339596","-0.011538723","-0.0045860168","-0.023036573","-0.014183245","-0.003153893","0.010902799","-0.006406742","-0.01712594","0.0009230043","-0.0017532083","-0.014034494","-0.0038970762","-0.009691642","0.00065829273","0.0020159772","-0.0066735","-0.0004295523","-0.0039763018","0.0055414047","0.0031142994","0.00020551936","-0.0045593185","0.00019011392","-0.0040777926","-0.0021466732","-0.0045848354","0.0016202849","-0.003749743","0.0003040471","-0.0030011972","0.00045753678","0.0034179133","-0.00023160408","-8.856923e-05","0.0009927604","-0.00262229","-0.0008311592","-0.0019204128","0.001693831","-0.0009724535","-0.0026840903","-0.0013402244","-0.0023038934","-0.000955738"
"constipated-irritable bowel syndrome","-0.8610144","-0.06204689","-0.022810645","0.0020611463","-0.0009565658","-0.00045902724","-0.018918822","-0.025630439","-0.0039312975","-0.018969087","-0.016530914","-0.035641547","-0.007943889","-0.0072050034","-0.013963499","-0.020377705","-0.010373334","-0.010835765","-0.016133092","-0.011339596","-0.011538723","-0.0045860168","-0.023036573","-0.014183245","-0.003153893","0.010902799","-0.006406742","-0.01712594","0.0009230043","-0.0017532083","-0.014034494","-0.0038970762","-0.009691642","0.00065829273","0.0020159772","-0.0066735","-0.0004295523","-0.0039763018","0.0055414047","0.0031142994","0.00020551936","-0.0045593185","0.00019011392","-0.0040777926","-0.0021466732","-0.0045848354","0.0016202849","-0.003749743","0.0003040471","-0.0030011972","0.00045753678","0.0034179133","-0.00023160408","-8.856923e-05","0.0009927604","-0.00262229","-0.0008311592","-0.0019204128","0.001693831","-0.0009724535","-0.0026840903","-0.0013402244","-0.0023038934","-0.000955738"
"constipation","-0.8610144","-0.06204689","-0.022810645","0.0020611463","-0.0009565658","-0.00045902724","-0.018918822","-0.025630439","-0.0039312975","-0.018969087","-0.016530914","-0.035641547","-0.007943889","-0.0072050034","-0.013963499","-0.020377705","-0.010373334","-0.010835765","-0.016133092","-0.011339596","-0.011538723","-0.0045860168","-0.023036573","-0.014183245","-0.003153893","0.010902799","-0.006406742","-0.01712594","0.0009230043","-0.0017532083","-0.014034494","-0.0038970762","-0.009691642","0.00065829273","0.0020159772","-0.0066735","-0.0004295523","-0.0039763018","0.0055414047","0.0031142994","0.00020551936","-0.0045593185","0.00019011392","-0.0040777926","-0.0021466732","-0.0045848354","0.0016202849","-0.003749743","0.0003040471","-0.0030011972","0.00045753678","0.0034179133","-0.00023160408","-8.856923e-05","0.0009927604","-0.00262229","-0.0008311592","-0.0019204128","0.001693831","-0.0009724535","-0.0026840903","-0.0013402244","-0.0023038934","-0.000955738"
"coronary artery disease","-0.8610144","-0.06204689","-0.022810645","0.0020611463","-0.0009565658","-0.00045902724","-0.018918822","-0.025630439","-0.0039312975","-0.018969087","-0.016530914","-0.035641547","-0.007943889","-0.0072050034","-0.013963499","-0.020377705","-0.010373334","-0.010835765","-0.016133092","-0.011339596","-0.011538723","-0.0045860168","-0.023036573","-0.014183245","-0.003153893","0.010902799","-0.006406742","-0.01712594","0.0009230043","-0.0017532083","-0.014034494","-0.0038970762","-0.009691642","0.00065829273","0.0020159772","-0.0066735","-0.0004295523","-0.0039763018","0.0055414047","0.0031142994","0.00020551936","-0.0045593185","0.00019011392","-0.0040777926","-0.0021466732","-0.0045848354","0.0016202849","-0.003749743","0.0003040471","-0.0030011972","0.00045753678","0.0034179133","-0.00023160408","-8.856923e-05","0.0009927604","-0.00262229","-0.0008311592","-0.0019204128","0.001693831","-0.0009724535","-0.0026840903","-0.0013402244","-0.0023038934","-0.000955738"
"coronary heart disease","-0.8610144","-0.06204689","-0.022810645","0.0020611463","-0.0009565658","-0.00045902724","-0.018918822","-0.025630439","-0.0039312975","-0.018969087","-0.016530914","-0.035641547","-0.007943889","-0.0072050034","-0.013963499","-0.020377705","-0.010373334","-0.010835765","-0.016133092","-0.011339596","-0.011538723","-0.0045860168","-0.023036573","-0.014183245","-0.003153893","0.010902799","-0.006406742","-0.01712594","0.0009230043","-0.0017532083","-0.014034494","-0.0038970762","-0.009691642","0.00065829273","0.0020159772","-0.0066735","-0.0004295523","-0.0039763018","0.0055414047","0.0031142994","0.00020551936","-0.0045593185","0.00019011392","-0.0040777926","-0.0021466732","-0.0045848354","0.0016202849","-0.003749743","0.0003040471","-0.0030011972","0.00045753678","0.0034179133","-0.00023160408","-8.856923e-05","0.0009927604","-0.00262229","-0.0008311592","-0.0019204128","0.001693831","-0.0009724535","-0.0026840903","-0.0013402244","-0.0023038934","-0.000955738"
"coronary heart disease complicated with nonalcoholic fatty liver disease","-0.8610144","-0.06204689","-0.022810645","0.0020611463","-0.0009565658","-0.00045902724","-0.018918822","-0.025630439","-0.0039312975","-0.018969087","-0.016530914","-0.035641547","-0.007943889","-0.0072050034","-0.013963499","-0.020377705","-0.010373334","-0.010835765","-0.016133092","-0.011339596","-0.011538723","-0.0045860168","-0.023036573","-0.014183245","-0.003153893","0.010902799","-0.006406742","-0.01712594","0.0009230043","-0.0017532083","-0.014034494","-0.0038970762","-0.009691642","0.00065829273","0.0020159772","-0.0066735","-0.0004295523","-0.0039763018","0.0055414047","0.0031142994","0.00020551936","-0.0045593185","0.00019011392","-0.0040777926","-0.0021466732","-0.0045848354","0.0016202849","-0.003749743","0.0003040471","-0.0030011972","0.00045753678","0.0034179133","-0.00023160408","-8.856923e-05","0.0009927604","-0.00262229","-0.0008311592","-0.0019204128","0.001693831","-0.0009724535","-0.0026840903","-0.0013402244","-0.0023038934","-0.000955738"
"cow milk protein allergy","-0.8610144","-0.06204689","-0.022810645","0.0020611463","-0.0009565658","-0.00045902724","-0.018918822","-0.025630439","-0.0039312975","-0.018969087","-0.016530914","-0.035641547","-0.007943889","-0.0072050034","-0.013963499","-0.020377705","-0.010373334","-0.010835765","-0.016133092","-0.011339596","-0.011538723","-0.0045860168","-0.023036573","-0.014183245","-0.003153893","0.010902799","-0.006406742","-0.01712594","0.0009230043","-0.0017532083","-0.014034494","-0.0038970762","-0.009691642","0.00065829273","0.0020159772","-0.0066735","-0.0004295523","-0.0039763018","0.0055414047","0.0031142994","0.00020551936","-0.0045593185","0.00019011392","-0.0040777926","-0.0021466732","-0.0045848354","0.0016202849","-0.003749743","0.0003040471","-0.0030011972","0.00045753678","0.0034179133","-0.00023160408","-8.856923e-05","0.0009927604","-0.00262229","-0.0008311592","-0.0019204128","0.001693831","-0.0009724535","-0.0026840903","-0.0013402244","-0.0023038934","-0.000955738"
"cystic fibrosis","-0.8610144","-0.06204689","-0.022810645","0.0020611463","-0.0009565658","-0.00045902724","-0.018918822","-0.025630439","-0.0039312975","-0.018969087","-0.016530914","-0.035641547","-0.007943889","-0.0072050034","-0.013963499","-0.020377705","-0.010373334","-0.010835765","-0.016133092","-0.011339596","-0.011538723","-0.0045860168","-0.023036573","-0.014183245","-0.003153893","0.010902799","-0.006406742","-0.01712594","0.0009230043","-0.0017532083","-0.014034494","-0.0038970762","-0.009691642","0.00065829273","0.0020159772","-0.0066735","-0.0004295523","-0.0039763018","0.0055414047","0.0031142994","0.00020551936","-0.0045593185","0.00019011392","-0.0040777926","-0.0021466732","-0.0045848354","0.0016202849","-0.003749743","0.0003040471","-0.0030011972","0.00045753678","0.0034179133","-0.00023160408","-8.856923e-05","0.0009927604","-0.00262229","-0.0008311592","-0.0019204128","0.001693831","-0.0009724535","-0.0026840903","-0.0013402244","-0.0023038934","-0.000955738"
"depression","-0.8610144","-0.06204689","-0.022810645","0.0020611463","-0.0009565658","-0.00045902724","-0.018918822","-0.025630439","-0.0039312975","-0.018969087","-0.016530914","-0.035641547","-0.007943889","-0.0072050034","-0.013963499","-0.020377705","-0.010373334","-0.010835765","-0.016133092","-0.011339596","-0.011538723","-0.0045860168","-0.023036573","-0.014183245","-0.003153893","0.010902799","-0.006406742","-0.01712594","0.0009230043","-0.0017532083","-0.014034494","-0.0038970762","-0.009691642","0.00065829273","0.0020159772","-0.0066735","-0.0004295523","-0.0039763018","0.0055414047","0.0031142994","0.00020551936","-0.0045593185","0.00019011392","-0.0040777926","-0.0021466732","-0.0045848354","0.0016202849","-0.003749743","0.0003040471","-0.0030011972","0.00045753678","0.0034179133","-0.00023160408","-8.856923e-05","0.0009927604","-0.00262229","-0.0008311592","-0.0019204128","0.001693831","-0.0009724535","-0.0026840903","-0.0013402244","-0.0023038934","-0.000955738"
"dextran sulphate sodium-induced colitis","-0.8610144","-0.06204689","-0.022810645","0.0020611463","-0.0009565658","-0.00045902724","-0.018918822","-0.025630439","-0.0039312975","-0.018969087","-0.016530914","-0.035641547","-0.007943889","-0.0072050034","-0.013963499","-0.020377705","-0.010373334","-0.010835765","-0.016133092","-0.011339596","-0.011538723","-0.0045860168","-0.023036573","-0.014183245","-0.003153893","0.010902799","-0.006406742","-0.01712594","0.0009230043","-0.0017532083","-0.014034494","-0.0038970762","-0.009691642","0.00065829273","0.0020159772","-0.0066735","-0.0004295523","-0.0039763018","0.0055414047","0.0031142994","0.00020551936","-0.0045593185","0.00019011392","-0.0040777926","-0.0021466732","-0.0045848354","0.0016202849","-0.003749743","0.0003040471","-0.0030011972","0.00045753678","0.0034179133","-0.00023160408","-8.856923e-05","0.0009927604","-0.00262229","-0.0008311592","-0.0019204128","0.001693831","-0.0009724535","-0.0026840903","-0.0013402244","-0.0023038934","-0.000955738"
"diabetes","-0.8610144","-0.06204689","-0.022810645","0.0020611463","-0.0009565658","-0.00045902724","-0.018918822","-0.025630439","-0.0039312975","-0.018969087","-0.016530914","-0.035641547","-0.007943889","-0.0072050034","-0.013963499","-0.020377705","-0.010373334","-0.010835765","-0.016133092","-0.011339596","-0.011538723","-0.0045860168","-0.023036573","-0.014183245","-0.003153893","0.010902799","-0.006406742","-0.01712594","0.0009230043","-0.0017532083","-0.014034494","-0.0038970762","-0.009691642","0.00065829273","0.0020159772","-0.0066735","-0.0004295523","-0.0039763018","0.0055414047","0.0031142994","0.00020551936","-0.0045593185","0.00019011392","-0.0040777926","-0.0021466732","-0.0045848354","0.0016202849","-0.003749743","0.0003040471","-0.0030011972","0.00045753678","0.0034179133","-0.00023160408","-8.856923e-05","0.0009927604","-0.00262229","-0.0008311592","-0.0019204128","0.001693831","-0.0009724535","-0.0026840903","-0.0013402244","-0.0023038934","-0.000955738"
"diabetes mellitus","-0.8610144","-0.06204689","-0.022810645","0.0020611463","-0.0009565658","-0.00045902724","-0.018918822","-0.025630439","-0.0039312975","-0.018969087","-0.016530914","-0.035641547","-0.007943889","-0.0072050034","-0.013963499","-0.020377705","-0.010373334","-0.010835765","-0.016133092","-0.011339596","-0.011538723","-0.0045860168","-0.023036573","-0.014183245","-0.003153893","0.010902799","-0.006406742","-0.01712594","0.0009230043","-0.0017532083","-0.014034494","-0.0038970762","-0.009691642","0.00065829273","0.0020159772","-0.0066735","-0.0004295523","-0.0039763018","0.0055414047","0.0031142994","0.00020551936","-0.0045593185","0.00019011392","-0.0040777926","-0.0021466732","-0.0045848354","0.0016202849","-0.003749743","0.0003040471","-0.0030011972","0.00045753678","0.0034179133","-0.00023160408","-8.856923e-05","0.0009927604","-0.00262229","-0.0008311592","-0.0019204128","0.001693831","-0.0009724535","-0.0026840903","-0.0013402244","-0.0023038934","-0.000955738"
"diarrhea","-0.8610144","-0.06204689","-0.022810645","0.0020611463","-0.0009565658","-0.00045902724","-0.018918822","-0.025630439","-0.0039312975","-0.018969087","-0.016530914","-0.035641547","-0.007943889","-0.0072050034","-0.013963499","-0.020377705","-0.010373334","-0.010835765","-0.016133092","-0.011339596","-0.011538723","-0.0045860168","-0.023036573","-0.014183245","-0.003153893","0.010902799","-0.006406742","-0.01712594","0.0009230043","-0.0017532083","-0.014034494","-0.0038970762","-0.009691642","0.00065829273","0.0020159772","-0.0066735","-0.0004295523","-0.0039763018","0.0055414047","0.0031142994","0.00020551936","-0.0045593185","0.00019011392","-0.0040777926","-0.0021466732","-0.0045848354","0.0016202849","-0.003749743","0.0003040471","-0.0030011972","0.00045753678","0.0034179133","-0.00023160408","-8.856923e-05","0.0009927604","-0.00262229","-0.0008311592","-0.0019204128","0.001693831","-0.0009724535","-0.0026840903","-0.0013402244","-0.0023038934","-0.000955738"
"diarrhea-predominant irritable bowel syndrome","-0.8610144","-0.06204689","-0.022810645","0.0020611463","-0.0009565658","-0.00045902724","-0.018918822","-0.025630439","-0.0039312975","-0.018969087","-0.016530914","-0.035641547","-0.007943889","-0.0072050034","-0.013963499","-0.020377705","-0.010373334","-0.010835765","-0.016133092","-0.011339596","-0.011538723","-0.0045860168","-0.023036573","-0.014183245","-0.003153893","0.010902799","-0.006406742","-0.01712594","0.0009230043","-0.0017532083","-0.014034494","-0.0038970762","-0.009691642","0.00065829273","0.0020159772","-0.0066735","-0.0004295523","-0.0039763018","0.0055414047","0.0031142994","0.00020551936","-0.0045593185","0.00019011392","-0.0040777926","-0.0021466732","-0.0045848354","0.0016202849","-0.003749743","0.0003040471","-0.0030011972","0.00045753678","0.0034179133","-0.00023160408","-8.856923e-05","0.0009927604","-0.00262229","-0.0008311592","-0.0019204128","0.001693831","-0.0009724535","-0.0026840903","-0.0013402244","-0.0023038934","-0.000955738"
"diarrheal diseases","-0.8610144","-0.06204689","-0.022810645","0.0020611463","-0.0009565658","-0.00045902724","-0.018918822","-0.025630439","-0.0039312975","-0.018969087","-0.016530914","-0.035641547","-0.007943889","-0.0072050034","-0.013963499","-0.020377705","-0.010373334","-0.010835765","-0.016133092","-0.011339596","-0.011538723","-0.0045860168","-0.023036573","-0.014183245","-0.003153893","0.010902799","-0.006406742","-0.01712594","0.0009230043","-0.0017532083","-0.014034494","-0.0038970762","-0.009691642","0.00065829273","0.0020159772","-0.0066735","-0.0004295523","-0.0039763018","0.0055414047","0.0031142994","0.00020551936","-0.0045593185","0.00019011392","-0.0040777926","-0.0021466732","-0.0045848354","0.0016202849","-0.003749743","0.0003040471","-0.0030011972","0.00045753678","0.0034179133","-0.00023160408","-8.856923e-05","0.0009927604","-0.00262229","-0.0008311592","-0.0019204128","0.001693831","-0.0009724535","-0.0026840903","-0.0013402244","-0.0023038934","-0.000955738"
"diet-induced obesity","-0.8610144","-0.06204689","-0.022810645","0.0020611463","-0.0009565658","-0.00045902724","-0.018918822","-0.025630439","-0.0039312975","-0.018969087","-0.016530914","-0.035641547","-0.007943889","-0.0072050034","-0.013963499","-0.020377705","-0.010373334","-0.010835765","-0.016133092","-0.011339596","-0.011538723","-0.0045860168","-0.023036573","-0.014183245","-0.003153893","0.010902799","-0.006406742","-0.01712594","0.0009230043","-0.0017532083","-0.014034494","-0.0038970762","-0.009691642","0.00065829273","0.0020159772","-0.0066735","-0.0004295523","-0.0039763018","0.0055414047","0.0031142994","0.00020551936","-0.0045593185","0.00019011392","-0.0040777926","-0.0021466732","-0.0045848354","0.0016202849","-0.003749743","0.0003040471","-0.0030011972","0.00045753678","0.0034179133","-0.00023160408","-8.856923e-05","0.0009927604","-0.00262229","-0.0008311592","-0.0019204128","0.001693831","-0.0009724535","-0.0026840903","-0.0013402244","-0.0023038934","-0.000955738"
"diverticular disease","-0.8610144","-0.06204689","-0.022810645","0.0020611463","-0.0009565658","-0.00045902724","-0.018918822","-0.025630439","-0.0039312975","-0.018969087","-0.016530914","-0.035641547","-0.007943889","-0.0072050034","-0.013963499","-0.020377705","-0.010373334","-0.010835765","-0.016133092","-0.011339596","-0.011538723","-0.0045860168","-0.023036573","-0.014183245","-0.003153893","0.010902799","-0.006406742","-0.01712594","0.0009230043","-0.0017532083","-0.014034494","-0.0038970762","-0.009691642","0.00065829273","0.0020159772","-0.0066735","-0.0004295523","-0.0039763018","0.0055414047","0.0031142994","0.00020551936","-0.0045593185","0.00019011392","-0.0040777926","-0.0021466732","-0.0045848354","0.0016202849","-0.003749743","0.0003040471","-0.0030011972","0.00045753678","0.0034179133","-0.00023160408","-8.856923e-05","0.0009927604","-0.00262229","-0.0008311592","-0.0019204128","0.001693831","-0.0009724535","-0.0026840903","-0.0013402244","-0.0023038934","-0.000955738"
"dry skin","-0.8610144","-0.06204689","-0.022810645","0.0020611463","-0.0009565658","-0.00045902724","-0.018918822","-0.025630439","-0.0039312975","-0.018969087","-0.016530914","-0.035641547","-0.007943889","-0.0072050034","-0.013963499","-0.020377705","-0.010373334","-0.010835765","-0.016133092","-0.011339596","-0.011538723","-0.0045860168","-0.023036573","-0.014183245","-0.003153893","0.010902799","-0.006406742","-0.01712594","0.0009230043","-0.0017532083","-0.014034494","-0.0038970762","-0.009691642","0.00065829273","0.0020159772","-0.0066735","-0.0004295523","-0.0039763018","0.0055414047","0.0031142994","0.00020551936","-0.0045593185","0.00019011392","-0.0040777926","-0.0021466732","-0.0045848354","0.0016202849","-0.003749743","0.0003040471","-0.0030011972","0.00045753678","0.0034179133","-0.00023160408","-8.856923e-05","0.0009927604","-0.00262229","-0.0008311592","-0.0019204128","0.001693831","-0.0009724535","-0.0026840903","-0.0013402244","-0.0023038934","-0.000955738"
"duodenal ulcer","-0.8610144","-0.06204689","-0.022810645","0.0020611463","-0.0009565658","-0.00045902724","-0.018918822","-0.025630439","-0.0039312975","-0.018969087","-0.016530914","-0.035641547","-0.007943889","-0.0072050034","-0.013963499","-0.020377705","-0.010373334","-0.010835765","-0.016133092","-0.011339596","-0.011538723","-0.0045860168","-0.023036573","-0.014183245","-0.003153893","0.010902799","-0.006406742","-0.01712594","0.0009230043","-0.0017532083","-0.014034494","-0.0038970762","-0.009691642","0.00065829273","0.0020159772","-0.0066735","-0.0004295523","-0.0039763018","0.0055414047","0.0031142994","0.00020551936","-0.0045593185","0.00019011392","-0.0040777926","-0.0021466732","-0.0045848354","0.0016202849","-0.003749743","0.0003040471","-0.0030011972","0.00045753678","0.0034179133","-0.00023160408","-8.856923e-05","0.0009927604","-0.00262229","-0.0008311592","-0.0019204128","0.001693831","-0.0009724535","-0.0026840903","-0.0013402244","-0.0023038934","-0.000955738"
"dysbiosis","-0.8610144","-0.06204689","-0.022810645","0.0020611463","-0.0009565658","-0.00045902724","-0.018918822","-0.025630439","-0.0039312975","-0.018969087","-0.016530914","-0.035641547","-0.007943889","-0.0072050034","-0.013963499","-0.020377705","-0.010373334","-0.010835765","-0.016133092","-0.011339596","-0.011538723","-0.0045860168","-0.023036573","-0.014183245","-0.003153893","0.010902799","-0.006406742","-0.01712594","0.0009230043","-0.0017532083","-0.014034494","-0.0038970762","-0.009691642","0.00065829273","0.0020159772","-0.0066735","-0.0004295523","-0.0039763018","0.0055414047","0.0031142994","0.00020551936","-0.0045593185","0.00019011392","-0.0040777926","-0.0021466732","-0.0045848354","0.0016202849","-0.003749743","0.0003040471","-0.0030011972","0.00045753678","0.0034179133","-0.00023160408","-8.856923e-05","0.0009927604","-0.00262229","-0.0008311592","-0.0019204128","0.001693831","-0.0009724535","-0.0026840903","-0.0013402244","-0.0023038934","-0.000955738"
"dysenteric diarrhea","-0.8610144","-0.06204689","-0.022810645","0.0020611463","-0.0009565658","-0.00045902724","-0.018918822","-0.025630439","-0.0039312975","-0.018969087","-0.016530914","-0.035641547","-0.007943889","-0.0072050034","-0.013963499","-0.020377705","-0.010373334","-0.010835765","-0.016133092","-0.011339596","-0.011538723","-0.0045860168","-0.023036573","-0.014183245","-0.003153893","0.010902799","-0.006406742","-0.01712594","0.0009230043","-0.0017532083","-0.014034494","-0.0038970762","-0.009691642","0.00065829273","0.0020159772","-0.0066735","-0.0004295523","-0.0039763018","0.0055414047","0.0031142994","0.00020551936","-0.0045593185","0.00019011392","-0.0040777926","-0.0021466732","-0.0045848354","0.0016202849","-0.003749743","0.0003040471","-0.0030011972","0.00045753678","0.0034179133","-0.00023160408","-8.856923e-05","0.0009927604","-0.00262229","-0.0008311592","-0.0019204128","0.001693831","-0.0009724535","-0.0026840903","-0.0013402244","-0.0023038934","-0.000955738"
"dyslipidemia","-0.8610144","-0.06204689","-0.022810645","0.0020611463","-0.0009565658","-0.00045902724","-0.018918822","-0.025630439","-0.0039312975","-0.018969087","-0.016530914","-0.035641547","-0.007943889","-0.0072050034","-0.013963499","-0.020377705","-0.010373334","-0.010835765","-0.016133092","-0.011339596","-0.011538723","-0.0045860168","-0.023036573","-0.014183245","-0.003153893","0.010902799","-0.006406742","-0.01712594","0.0009230043","-0.0017532083","-0.014034494","-0.0038970762","-0.009691642","0.00065829273","0.0020159772","-0.0066735","-0.0004295523","-0.0039763018","0.0055414047","0.0031142994","0.00020551936","-0.0045593185","0.00019011392","-0.0040777926","-0.0021466732","-0.0045848354","0.0016202849","-0.003749743","0.0003040471","-0.0030011972","0.00045753678","0.0034179133","-0.00023160408","-8.856923e-05","0.0009927604","-0.00262229","-0.0008311592","-0.0019204128","0.001693831","-0.0009724535","-0.0026840903","-0.0013402244","-0.0023038934","-0.000955738"
"early-stage lung cancer","-0.8610144","-0.06204689","-0.022810645","0.0020611463","-0.0009565658","-0.00045902724","-0.018918822","-0.025630439","-0.0039312975","-0.018969087","-0.016530914","-0.035641547","-0.007943889","-0.0072050034","-0.013963499","-0.020377705","-0.010373334","-0.010835765","-0.016133092","-0.011339596","-0.011538723","-0.0045860168","-0.023036573","-0.014183245","-0.003153893","0.010902799","-0.006406742","-0.01712594","0.0009230043","-0.0017532083","-0.014034494","-0.0038970762","-0.009691642","0.00065829273","0.0020159772","-0.0066735","-0.0004295523","-0.0039763018","0.0055414047","0.0031142994","0.00020551936","-0.0045593185","0.00019011392","-0.0040777926","-0.0021466732","-0.0045848354","0.0016202849","-0.003749743","0.0003040471","-0.0030011972","0.00045753678","0.0034179133","-0.00023160408","-8.856923e-05","0.0009927604","-0.00262229","-0.0008311592","-0.0019204128","0.001693831","-0.0009724535","-0.0026840903","-0.0013402244","-0.0023038934","-0.000955738"
"eczema","-0.8610144","-0.06204689","-0.022810645","0.0020611463","-0.0009565658","-0.00045902724","-0.018918822","-0.025630439","-0.0039312975","-0.018969087","-0.016530914","-0.035641547","-0.007943889","-0.0072050034","-0.013963499","-0.020377705","-0.010373334","-0.010835765","-0.016133092","-0.011339596","-0.011538723","-0.0045860168","-0.023036573","-0.014183245","-0.003153893","0.010902799","-0.006406742","-0.01712594","0.0009230043","-0.0017532083","-0.014034494","-0.0038970762","-0.009691642","0.00065829273","0.0020159772","-0.0066735","-0.0004295523","-0.0039763018","0.0055414047","0.0031142994","0.00020551936","-0.0045593185","0.00019011392","-0.0040777926","-0.0021466732","-0.0045848354","0.0016202849","-0.003749743","0.0003040471","-0.0030011972","0.00045753678","0.0034179133","-0.00023160408","-8.856923e-05","0.0009927604","-0.00262229","-0.0008311592","-0.0019204128","0.001693831","-0.0009724535","-0.0026840903","-0.0013402244","-0.0023038934","-0.000955738"
"end stage renal disease","-0.8610144","-0.06204689","-0.022810645","0.0020611463","-0.0009565658","-0.00045902724","-0.018918822","-0.025630439","-0.0039312975","-0.018969087","-0.016530914","-0.035641547","-0.007943889","-0.0072050034","-0.013963499","-0.020377705","-0.010373334","-0.010835765","-0.016133092","-0.011339596","-0.011538723","-0.0045860168","-0.023036573","-0.014183245","-0.003153893","0.010902799","-0.006406742","-0.01712594","0.0009230043","-0.0017532083","-0.014034494","-0.0038970762","-0.009691642","0.00065829273","0.0020159772","-0.0066735","-0.0004295523","-0.0039763018","0.0055414047","0.0031142994","0.00020551936","-0.0045593185","0.00019011392","-0.0040777926","-0.0021466732","-0.0045848354","0.0016202849","-0.003749743","0.0003040471","-0.0030011972","0.00045753678","0.0034179133","-0.00023160408","-8.856923e-05","0.0009927604","-0.00262229","-0.0008311592","-0.0019204128","0.001693831","-0.0009724535","-0.0026840903","-0.0013402244","-0.0023038934","-0.000955738"
"endocarditis","-0.8610144","-0.06204689","-0.022810645","0.0020611463","-0.0009565658","-0.00045902724","-0.018918822","-0.025630439","-0.0039312975","-0.018969087","-0.016530914","-0.035641547","-0.007943889","-0.0072050034","-0.013963499","-0.020377705","-0.010373334","-0.010835765","-0.016133092","-0.011339596","-0.011538723","-0.0045860168","-0.023036573","-0.014183245","-0.003153893","0.010902799","-0.006406742","-0.01712594","0.0009230043","-0.0017532083","-0.014034494","-0.0038970762","-0.009691642","0.00065829273","0.0020159772","-0.0066735","-0.0004295523","-0.0039763018","0.0055414047","0.0031142994","0.00020551936","-0.0045593185","0.00019011392","-0.0040777926","-0.0021466732","-0.0045848354","0.0016202849","-0.003749743","0.0003040471","-0.0030011972","0.00045753678","0.0034179133","-0.00023160408","-8.856923e-05","0.0009927604","-0.00262229","-0.0008311592","-0.0019204128","0.001693831","-0.0009724535","-0.0026840903","-0.0013402244","-0.0023038934","-0.000955738"
"endometrial cancer","-0.8610144","-0.06204689","-0.022810645","0.0020611463","-0.0009565658","-0.00045902724","-0.018918822","-0.025630439","-0.0039312975","-0.018969087","-0.016530914","-0.035641547","-0.007943889","-0.0072050034","-0.013963499","-0.020377705","-0.010373334","-0.010835765","-0.016133092","-0.011339596","-0.011538723","-0.0045860168","-0.023036573","-0.014183245","-0.003153893","0.010902799","-0.006406742","-0.01712594","0.0009230043","-0.0017532083","-0.014034494","-0.0038970762","-0.009691642","0.00065829273","0.0020159772","-0.0066735","-0.0004295523","-0.0039763018","0.0055414047","0.0031142994","0.00020551936","-0.0045593185","0.00019011392","-0.0040777926","-0.0021466732","-0.0045848354","0.0016202849","-0.003749743","0.0003040471","-0.0030011972","0.00045753678","0.0034179133","-0.00023160408","-8.856923e-05","0.0009927604","-0.00262229","-0.0008311592","-0.0019204128","0.001693831","-0.0009724535","-0.0026840903","-0.0013402244","-0.0023038934","-0.000955738"
"endotoxemia","-0.8610144","-0.06204689","-0.022810645","0.0020611463","-0.0009565658","-0.00045902724","-0.018918822","-0.025630439","-0.0039312975","-0.018969087","-0.016530914","-0.035641547","-0.007943889","-0.0072050034","-0.013963499","-0.020377705","-0.010373334","-0.010835765","-0.016133092","-0.011339596","-0.011538723","-0.0045860168","-0.023036573","-0.014183245","-0.003153893","0.010902799","-0.006406742","-0.01712594","0.0009230043","-0.0017532083","-0.014034494","-0.0038970762","-0.009691642","0.00065829273","0.0020159772","-0.0066735","-0.0004295523","-0.0039763018","0.0055414047","0.0031142994","0.00020551936","-0.0045593185","0.00019011392","-0.0040777926","-0.0021466732","-0.0045848354","0.0016202849","-0.003749743","0.0003040471","-0.0030011972","0.00045753678","0.0034179133","-0.00023160408","-8.856923e-05","0.0009927604","-0.00262229","-0.0008311592","-0.0019204128","0.001693831","-0.0009724535","-0.0026840903","-0.0013402244","-0.0023038934","-0.000955738"
"enteritis","-0.8610144","-0.06204689","-0.022810645","0.0020611463","-0.0009565658","-0.00045902724","-0.018918822","-0.025630439","-0.0039312975","-0.018969087","-0.016530914","-0.035641547","-0.007943889","-0.0072050034","-0.013963499","-0.020377705","-0.010373334","-0.010835765","-0.016133092","-0.011339596","-0.011538723","-0.0045860168","-0.023036573","-0.014183245","-0.003153893","0.010902799","-0.006406742","-0.01712594","0.0009230043","-0.0017532083","-0.014034494","-0.0038970762","-0.009691642","0.00065829273","0.0020159772","-0.0066735","-0.0004295523","-0.0039763018","0.0055414047","0.0031142994","0.00020551936","-0.0045593185","0.00019011392","-0.0040777926","-0.0021466732","-0.0045848354","0.0016202849","-0.003749743","0.0003040471","-0.0030011972","0.00045753678","0.0034179133","-0.00023160408","-8.856923e-05","0.0009927604","-0.00262229","-0.0008311592","-0.0019204128","0.001693831","-0.0009724535","-0.0026840903","-0.0013402244","-0.0023038934","-0.000955738"
"esophageal squamous cell carcinoma","-0.8610144","-0.06204689","-0.022810645","0.0020611463","-0.0009565658","-0.00045902724","-0.018918822","-0.025630439","-0.0039312975","-0.018969087","-0.016530914","-0.035641547","-0.007943889","-0.0072050034","-0.013963499","-0.020377705","-0.010373334","-0.010835765","-0.016133092","-0.011339596","-0.011538723","-0.0045860168","-0.023036573","-0.014183245","-0.003153893","0.010902799","-0.006406742","-0.01712594","0.0009230043","-0.0017532083","-0.014034494","-0.0038970762","-0.009691642","0.00065829273","0.0020159772","-0.0066735","-0.0004295523","-0.0039763018","0.0055414047","0.0031142994","0.00020551936","-0.0045593185","0.00019011392","-0.0040777926","-0.0021466732","-0.0045848354","0.0016202849","-0.003749743","0.0003040471","-0.0030011972","0.00045753678","0.0034179133","-0.00023160408","-8.856923e-05","0.0009927604","-0.00262229","-0.0008311592","-0.0019204128","0.001693831","-0.0009724535","-0.0026840903","-0.0013402244","-0.0023038934","-0.000955738"
"exercise economy impairment","-0.8610144","-0.06204689","-0.022810645","0.0020611463","-0.0009565658","-0.00045902724","-0.018918822","-0.025630439","-0.0039312975","-0.018969087","-0.016530914","-0.035641547","-0.007943889","-0.0072050034","-0.013963499","-0.020377705","-0.010373334","-0.010835765","-0.016133092","-0.011339596","-0.011538723","-0.0045860168","-0.023036573","-0.014183245","-0.003153893","0.010902799","-0.006406742","-0.01712594","0.0009230043","-0.0017532083","-0.014034494","-0.0038970762","-0.009691642","0.00065829273","0.0020159772","-0.0066735","-0.0004295523","-0.0039763018","0.0055414047","0.0031142994","0.00020551936","-0.0045593185","0.00019011392","-0.0040777926","-0.0021466732","-0.0045848354","0.0016202849","-0.003749743","0.0003040471","-0.0030011972","0.00045753678","0.0034179133","-0.00023160408","-8.856923e-05","0.0009927604","-0.00262229","-0.0008311592","-0.0019204128","0.001693831","-0.0009724535","-0.0026840903","-0.0013402244","-0.0023038934","-0.000955738"
"exercise-induced fatigue","-0.8610144","-0.06204689","-0.022810645","0.0020611463","-0.0009565658","-0.00045902724","-0.018918822","-0.025630439","-0.0039312975","-0.018969087","-0.016530914","-0.035641547","-0.007943889","-0.0072050034","-0.013963499","-0.020377705","-0.010373334","-0.010835765","-0.016133092","-0.011339596","-0.011538723","-0.0045860168","-0.023036573","-0.014183245","-0.003153893","0.010902799","-0.006406742","-0.01712594","0.0009230043","-0.0017532083","-0.014034494","-0.0038970762","-0.009691642","0.00065829273","0.0020159772","-0.0066735","-0.0004295523","-0.0039763018","0.0055414047","0.0031142994","0.00020551936","-0.0045593185","0.00019011392","-0.0040777926","-0.0021466732","-0.0045848354","0.0016202849","-0.003749743","0.0003040471","-0.0030011972","0.00045753678","0.0034179133","-0.00023160408","-8.856923e-05","0.0009927604","-0.00262229","-0.0008311592","-0.0019204128","0.001693831","-0.0009724535","-0.0026840903","-0.0013402244","-0.0023038934","-0.000955738"
"experimental autoimmune encephalomyelitis","-0.8610144","-0.06204689","-0.022810645","0.0020611463","-0.0009565658","-0.00045902724","-0.018918822","-0.025630439","-0.0039312975","-0.018969087","-0.016530914","-0.035641547","-0.007943889","-0.0072050034","-0.013963499","-0.020377705","-0.010373334","-0.010835765","-0.016133092","-0.011339596","-0.011538723","-0.0045860168","-0.023036573","-0.014183245","-0.003153893","0.010902799","-0.006406742","-0.01712594","0.0009230043","-0.0017532083","-0.014034494","-0.0038970762","-0.009691642","0.00065829273","0.0020159772","-0.0066735","-0.0004295523","-0.0039763018","0.0055414047","0.0031142994","0.00020551936","-0.0045593185","0.00019011392","-0.0040777926","-0.0021466732","-0.0045848354","0.0016202849","-0.003749743","0.0003040471","-0.0030011972","0.00045753678","0.0034179133","-0.00023160408","-8.856923e-05","0.0009927604","-0.00262229","-0.0008311592","-0.0019204128","0.001693831","-0.0009724535","-0.0026840903","-0.0013402244","-0.0023038934","-0.000955738"
"familial Mediterranean fever","-0.8610144","-0.06204689","-0.022810645","0.0020611463","-0.0009565658","-0.00045902724","-0.018918822","-0.025630439","-0.0039312975","-0.018969087","-0.016530914","-0.035641547","-0.007943889","-0.0072050034","-0.013963499","-0.020377705","-0.010373334","-0.010835765","-0.016133092","-0.011339596","-0.011538723","-0.0045860168","-0.023036573","-0.014183245","-0.003153893","0.010902799","-0.006406742","-0.01712594","0.0009230043","-0.0017532083","-0.014034494","-0.0038970762","-0.009691642","0.00065829273","0.0020159772","-0.0066735","-0.0004295523","-0.0039763018","0.0055414047","0.0031142994","0.00020551936","-0.0045593185","0.00019011392","-0.0040777926","-0.0021466732","-0.0045848354","0.0016202849","-0.003749743","0.0003040471","-0.0030011972","0.00045753678","0.0034179133","-0.00023160408","-8.856923e-05","0.0009927604","-0.00262229","-0.0008311592","-0.0019204128","0.001693831","-0.0009724535","-0.0026840903","-0.0013402244","-0.0023038934","-0.000955738"
"febrile episodes","-0.8610144","-0.06204689","-0.022810645","0.0020611463","-0.0009565658","-0.00045902724","-0.018918822","-0.025630439","-0.0039312975","-0.018969087","-0.016530914","-0.035641547","-0.007943889","-0.0072050034","-0.013963499","-0.020377705","-0.010373334","-0.010835765","-0.016133092","-0.011339596","-0.011538723","-0.0045860168","-0.023036573","-0.014183245","-0.003153893","0.010902799","-0.006406742","-0.01712594","0.0009230043","-0.0017532083","-0.014034494","-0.0038970762","-0.009691642","0.00065829273","0.0020159772","-0.0066735","-0.0004295523","-0.0039763018","0.0055414047","0.0031142994","0.00020551936","-0.0045593185","0.00019011392","-0.0040777926","-0.0021466732","-0.0045848354","0.0016202849","-0.003749743","0.0003040471","-0.0030011972","0.00045753678","0.0034179133","-0.00023160408","-8.856923e-05","0.0009927604","-0.00262229","-0.0008311592","-0.0019204128","0.001693831","-0.0009724535","-0.0026840903","-0.0013402244","-0.0023038934","-0.000955738"
"fibrosis","-0.8610144","-0.06204689","-0.022810645","0.0020611463","-0.0009565658","-0.00045902724","-0.018918822","-0.025630439","-0.0039312975","-0.018969087","-0.016530914","-0.035641547","-0.007943889","-0.0072050034","-0.013963499","-0.020377705","-0.010373334","-0.010835765","-0.016133092","-0.011339596","-0.011538723","-0.0045860168","-0.023036573","-0.014183245","-0.003153893","0.010902799","-0.006406742","-0.01712594","0.0009230043","-0.0017532083","-0.014034494","-0.0038970762","-0.009691642","0.00065829273","0.0020159772","-0.0066735","-0.0004295523","-0.0039763018","0.0055414047","0.0031142994","0.00020551936","-0.0045593185","0.00019011392","-0.0040777926","-0.0021466732","-0.0045848354","0.0016202849","-0.003749743","0.0003040471","-0.0030011972","0.00045753678","0.0034179133","-0.00023160408","-8.856923e-05","0.0009927604","-0.00262229","-0.0008311592","-0.0019204128","0.001693831","-0.0009724535","-0.0026840903","-0.0013402244","-0.0023038934","-0.000955738"
"food allergy","-0.8610144","-0.06204689","-0.022810645","0.0020611463","-0.0009565658","-0.00045902724","-0.018918822","-0.025630439","-0.0039312975","-0.018969087","-0.016530914","-0.035641547","-0.007943889","-0.0072050034","-0.013963499","-0.020377705","-0.010373334","-0.010835765","-0.016133092","-0.011339596","-0.011538723","-0.0045860168","-0.023036573","-0.014183245","-0.003153893","0.010902799","-0.006406742","-0.01712594","0.0009230043","-0.0017532083","-0.014034494","-0.0038970762","-0.009691642","0.00065829273","0.0020159772","-0.0066735","-0.0004295523","-0.0039763018","0.0055414047","0.0031142994","0.00020551936","-0.0045593185","0.00019011392","-0.0040777926","-0.0021466732","-0.0045848354","0.0016202849","-0.003749743","0.0003040471","-0.0030011972","0.00045753678","0.0034179133","-0.00023160408","-8.856923e-05","0.0009927604","-0.00262229","-0.0008311592","-0.0019204128","0.001693831","-0.0009724535","-0.0026840903","-0.0013402244","-0.0023038934","-0.000955738"
"functional constipation","-0.8610144","-0.06204689","-0.022810645","0.0020611463","-0.0009565658","-0.00045902724","-0.018918822","-0.025630439","-0.0039312975","-0.018969087","-0.016530914","-0.035641547","-0.007943889","-0.0072050034","-0.013963499","-0.020377705","-0.010373334","-0.010835765","-0.016133092","-0.011339596","-0.011538723","-0.0045860168","-0.023036573","-0.014183245","-0.003153893","0.010902799","-0.006406742","-0.01712594","0.0009230043","-0.0017532083","-0.014034494","-0.0038970762","-0.009691642","0.00065829273","0.0020159772","-0.0066735","-0.0004295523","-0.0039763018","0.0055414047","0.0031142994","0.00020551936","-0.0045593185","0.00019011392","-0.0040777926","-0.0021466732","-0.0045848354","0.0016202849","-0.003749743","0.0003040471","-0.0030011972","0.00045753678","0.0034179133","-0.00023160408","-8.856923e-05","0.0009927604","-0.00262229","-0.0008311592","-0.0019204128","0.001693831","-0.0009724535","-0.0026840903","-0.0013402244","-0.0023038934","-0.000955738"
"fungal Keratitis","-0.8610144","-0.06204689","-0.022810645","0.0020611463","-0.0009565658","-0.00045902724","-0.018918822","-0.025630439","-0.0039312975","-0.018969087","-0.016530914","-0.035641547","-0.007943889","-0.0072050034","-0.013963499","-0.020377705","-0.010373334","-0.010835765","-0.016133092","-0.011339596","-0.011538723","-0.0045860168","-0.023036573","-0.014183245","-0.003153893","0.010902799","-0.006406742","-0.01712594","0.0009230043","-0.0017532083","-0.014034494","-0.0038970762","-0.009691642","0.00065829273","0.0020159772","-0.0066735","-0.0004295523","-0.0039763018","0.0055414047","0.0031142994","0.00020551936","-0.0045593185","0.00019011392","-0.0040777926","-0.0021466732","-0.0045848354","0.0016202849","-0.003749743","0.0003040471","-0.0030011972","0.00045753678","0.0034179133","-0.00023160408","-8.856923e-05","0.0009927604","-0.00262229","-0.0008311592","-0.0019204128","0.001693831","-0.0009724535","-0.0026840903","-0.0013402244","-0.0023038934","-0.000955738"
"gallbladder cancer","-0.8610144","-0.06204689","-0.022810645","0.0020611463","-0.0009565658","-0.00045902724","-0.018918822","-0.025630439","-0.0039312975","-0.018969087","-0.016530914","-0.035641547","-0.007943889","-0.0072050034","-0.013963499","-0.020377705","-0.010373334","-0.010835765","-0.016133092","-0.011339596","-0.011538723","-0.0045860168","-0.023036573","-0.014183245","-0.003153893","0.010902799","-0.006406742","-0.01712594","0.0009230043","-0.0017532083","-0.014034494","-0.0038970762","-0.009691642","0.00065829273","0.0020159772","-0.0066735","-0.0004295523","-0.0039763018","0.0055414047","0.0031142994","0.00020551936","-0.0045593185","0.00019011392","-0.0040777926","-0.0021466732","-0.0045848354","0.0016202849","-0.003749743","0.0003040471","-0.0030011972","0.00045753678","0.0034179133","-0.00023160408","-8.856923e-05","0.0009927604","-0.00262229","-0.0008311592","-0.0019204128","0.001693831","-0.0009724535","-0.0026840903","-0.0013402244","-0.0023038934","-0.000955738"
"gastric adenocarcinoma","-0.8610144","-0.06204689","-0.022810645","0.0020611463","-0.0009565658","-0.00045902724","-0.018918822","-0.025630439","-0.0039312975","-0.018969087","-0.016530914","-0.035641547","-0.007943889","-0.0072050034","-0.013963499","-0.020377705","-0.010373334","-0.010835765","-0.016133092","-0.011339596","-0.011538723","-0.0045860168","-0.023036573","-0.014183245","-0.003153893","0.010902799","-0.006406742","-0.01712594","0.0009230043","-0.0017532083","-0.014034494","-0.0038970762","-0.009691642","0.00065829273","0.0020159772","-0.0066735","-0.0004295523","-0.0039763018","0.0055414047","0.0031142994","0.00020551936","-0.0045593185","0.00019011392","-0.0040777926","-0.0021466732","-0.0045848354","0.0016202849","-0.003749743","0.0003040471","-0.0030011972","0.00045753678","0.0034179133","-0.00023160408","-8.856923e-05","0.0009927604","-0.00262229","-0.0008311592","-0.0019204128","0.001693831","-0.0009724535","-0.0026840903","-0.0013402244","-0.0023038934","-0.000955738"
"gastric cancer","-0.8610144","-0.06204689","-0.022810645","0.0020611463","-0.0009565658","-0.00045902724","-0.018918822","-0.025630439","-0.0039312975","-0.018969087","-0.016530914","-0.035641547","-0.007943889","-0.0072050034","-0.013963499","-0.020377705","-0.010373334","-0.010835765","-0.016133092","-0.011339596","-0.011538723","-0.0045860168","-0.023036573","-0.014183245","-0.003153893","0.010902799","-0.006406742","-0.01712594","0.0009230043","-0.0017532083","-0.014034494","-0.0038970762","-0.009691642","0.00065829273","0.0020159772","-0.0066735","-0.0004295523","-0.0039763018","0.0055414047","0.0031142994","0.00020551936","-0.0045593185","0.00019011392","-0.0040777926","-0.0021466732","-0.0045848354","0.0016202849","-0.003749743","0.0003040471","-0.0030011972","0.00045753678","0.0034179133","-0.00023160408","-8.856923e-05","0.0009927604","-0.00262229","-0.0008311592","-0.0019204128","0.001693831","-0.0009724535","-0.0026840903","-0.0013402244","-0.0023038934","-0.000955738"
"gastric carcinoma","-0.8610144","-0.06204689","-0.022810645","0.0020611463","-0.0009565658","-0.00045902724","-0.018918822","-0.025630439","-0.0039312975","-0.018969087","-0.016530914","-0.035641547","-0.007943889","-0.0072050034","-0.013963499","-0.020377705","-0.010373334","-0.010835765","-0.016133092","-0.011339596","-0.011538723","-0.0045860168","-0.023036573","-0.014183245","-0.003153893","0.010902799","-0.006406742","-0.01712594","0.0009230043","-0.0017532083","-0.014034494","-0.0038970762","-0.009691642","0.00065829273","0.0020159772","-0.0066735","-0.0004295523","-0.0039763018","0.0055414047","0.0031142994","0.00020551936","-0.0045593185","0.00019011392","-0.0040777926","-0.0021466732","-0.0045848354","0.0016202849","-0.003749743","0.0003040471","-0.0030011972","0.00045753678","0.0034179133","-0.00023160408","-8.856923e-05","0.0009927604","-0.00262229","-0.0008311592","-0.0019204128","0.001693831","-0.0009724535","-0.0026840903","-0.0013402244","-0.0023038934","-0.000955738"
"gastric mucosa-associated lymphoid tissue lymphoma","-0.8610144","-0.06204689","-0.022810645","0.0020611463","-0.0009565658","-0.00045902724","-0.018918822","-0.025630439","-0.0039312975","-0.018969087","-0.016530914","-0.035641547","-0.007943889","-0.0072050034","-0.013963499","-0.020377705","-0.010373334","-0.010835765","-0.016133092","-0.011339596","-0.011538723","-0.0045860168","-0.023036573","-0.014183245","-0.003153893","0.010902799","-0.006406742","-0.01712594","0.0009230043","-0.0017532083","-0.014034494","-0.0038970762","-0.009691642","0.00065829273","0.0020159772","-0.0066735","-0.0004295523","-0.0039763018","0.0055414047","0.0031142994","0.00020551936","-0.0045593185","0.00019011392","-0.0040777926","-0.0021466732","-0.0045848354","0.0016202849","-0.003749743","0.0003040471","-0.0030011972","0.00045753678","0.0034179133","-0.00023160408","-8.856923e-05","0.0009927604","-0.00262229","-0.0008311592","-0.0019204128","0.001693831","-0.0009724535","-0.0026840903","-0.0013402244","-0.0023038934","-0.000955738"
"gastric ulcer","-0.8610144","-0.06204689","-0.022810645","0.0020611463","-0.0009565658","-0.00045902724","-0.018918822","-0.025630439","-0.0039312975","-0.018969087","-0.016530914","-0.035641547","-0.007943889","-0.0072050034","-0.013963499","-0.020377705","-0.010373334","-0.010835765","-0.016133092","-0.011339596","-0.011538723","-0.0045860168","-0.023036573","-0.014183245","-0.003153893","0.010902799","-0.006406742","-0.01712594","0.0009230043","-0.0017532083","-0.014034494","-0.0038970762","-0.009691642","0.00065829273","0.0020159772","-0.0066735","-0.0004295523","-0.0039763018","0.0055414047","0.0031142994","0.00020551936","-0.0045593185","0.00019011392","-0.0040777926","-0.0021466732","-0.0045848354","0.0016202849","-0.003749743","0.0003040471","-0.0030011972","0.00045753678","0.0034179133","-0.00023160408","-8.856923e-05","0.0009927604","-0.00262229","-0.0008311592","-0.0019204128","0.001693831","-0.0009724535","-0.0026840903","-0.0013402244","-0.0023038934","-0.000955738"
"gastro-oesophageal reflux disease","1.3622715","-0.122028016","-0.11865511","-0.019242506","-0.023339858","-0.018807044","-0.03507955","-0.17051087","-0.023242632","-0.11400969","-0.0893541","-0.19629584","-0.11790964","-0.21425948","0.07300724","-0.043777242","0.04593713","-5.296853e-05","-0.28424817","-0.65813035","-0.76480097","0.9858212","0.05794682","2.2585337","0.26252806","-0.0047671245","1.9252459","-0.6373421","0.5206168","0.6361371","0.022492511","-2.2956264","0.59724814","-1.5077133","-2.515938","-1.2064413","0.50939804","-1.231882","1.0619466","-1.4145291","0.74042785","1.8185165","0.9521819","2.281696","2.8821702","-3.114921","-0.9816323","-1.1324259","-1.8522282","0.5543569","-0.1333961","0.28795433","-1.7956645","-2.172835","-2.0702791","-1.688759","0.14190215","0.79831314","1.3212552","-0.21764839","-1.5806525","-0.7117818","-0.02830033","-0.03720802"
"gastroduodenal ulcers","-0.8610144","-0.06204689","-0.022810645","0.0020611463","-0.0009565658","-0.00045902724","-0.018918822","-0.025630439","-0.0039312975","-0.018969087","-0.016530914","-0.035641547","-0.007943889","-0.0072050034","-0.013963499","-0.020377705","-0.010373334","-0.010835765","-0.016133092","-0.011339596","-0.011538723","-0.0045860168","-0.023036573","-0.014183245","-0.003153893","0.010902799","-0.006406742","-0.01712594","0.0009230043","-0.0017532083","-0.014034494","-0.0038970762","-0.009691642","0.00065829273","0.0020159772","-0.0066735","-0.0004295523","-0.0039763018","0.0055414047","0.0031142994","0.00020551936","-0.0045593185","0.00019011392","-0.0040777926","-0.0021466732","-0.0045848354","0.0016202849","-0.003749743","0.0003040471","-0.0030011972","0.00045753678","0.0034179133","-0.00023160408","-8.856923e-05","0.0009927604","-0.00262229","-0.0008311592","-0.0019204128","0.001693831","-0.0009724535","-0.0026840903","-0.0013402244","-0.0023038934","-0.000955738"
"gastrointestinal discomfort","-0.8610144","-0.06204689","-0.022810645","0.0020611463","-0.0009565658","-0.00045902724","-0.018918822","-0.025630439","-0.0039312975","-0.018969087","-0.016530914","-0.035641547","-0.007943889","-0.0072050034","-0.013963499","-0.020377705","-0.010373334","-0.010835765","-0.016133092","-0.011339596","-0.011538723","-0.0045860168","-0.023036573","-0.014183245","-0.003153893","0.010902799","-0.006406742","-0.01712594","0.0009230043","-0.0017532083","-0.014034494","-0.0038970762","-0.009691642","0.00065829273","0.0020159772","-0.0066735","-0.0004295523","-0.0039763018","0.0055414047","0.0031142994","0.00020551936","-0.0045593185","0.00019011392","-0.0040777926","-0.0021466732","-0.0045848354","0.0016202849","-0.003749743","0.0003040471","-0.0030011972","0.00045753678","0.0034179133","-0.00023160408","-8.856923e-05","0.0009927604","-0.00262229","-0.0008311592","-0.0019204128","0.001693831","-0.0009724535","-0.0026840903","-0.0013402244","-0.0023038934","-0.000955738"
"gastrointestinal diseases","-0.8610144","-0.06204689","-0.022810645","0.0020611463","-0.0009565658","-0.00045902724","-0.018918822","-0.025630439","-0.0039312975","-0.018969087","-0.016530914","-0.035641547","-0.007943889","-0.0072050034","-0.013963499","-0.020377705","-0.010373334","-0.010835765","-0.016133092","-0.011339596","-0.011538723","-0.0045860168","-0.023036573","-0.014183245","-0.003153893","0.010902799","-0.006406742","-0.01712594","0.0009230043","-0.0017532083","-0.014034494","-0.0038970762","-0.009691642","0.00065829273","0.0020159772","-0.0066735","-0.0004295523","-0.0039763018","0.0055414047","0.0031142994","0.00020551936","-0.0045593185","0.00019011392","-0.0040777926","-0.0021466732","-0.0045848354","0.0016202849","-0.003749743","0.0003040471","-0.0030011972","0.00045753678","0.0034179133","-0.00023160408","-8.856923e-05","0.0009927604","-0.00262229","-0.0008311592","-0.0019204128","0.001693831","-0.0009724535","-0.0026840903","-0.0013402244","-0.0023038934","-0.000955738"
"gastrointestinal disorders","-0.8610144","-0.06204689","-0.022810645","0.0020611463","-0.0009565658","-0.00045902724","-0.018918822","-0.025630439","-0.0039312975","-0.018969087","-0.016530914","-0.035641547","-0.007943889","-0.0072050034","-0.013963499","-0.020377705","-0.010373334","-0.010835765","-0.016133092","-0.011339596","-0.011538723","-0.0045860168","-0.023036573","-0.014183245","-0.003153893","0.010902799","-0.006406742","-0.01712594","0.0009230043","-0.0017532083","-0.014034494","-0.0038970762","-0.009691642","0.00065829273","0.0020159772","-0.0066735","-0.0004295523","-0.0039763018","0.0055414047","0.0031142994","0.00020551936","-0.0045593185","0.00019011392","-0.0040777926","-0.0021466732","-0.0045848354","0.0016202849","-0.003749743","0.0003040471","-0.0030011972","0.00045753678","0.0034179133","-0.00023160408","-8.856923e-05","0.0009927604","-0.00262229","-0.0008311592","-0.0019204128","0.001693831","-0.0009724535","-0.0026840903","-0.0013402244","-0.0023038934","-0.000955738"
"gastrointestinal distress","-0.8610144","-0.06204689","-0.022810645","0.0020611463","-0.0009565658","-0.00045902724","-0.018918822","-0.025630439","-0.0039312975","-0.018969087","-0.016530914","-0.035641547","-0.007943889","-0.0072050034","-0.013963499","-0.020377705","-0.010373334","-0.010835765","-0.016133092","-0.011339596","-0.011538723","-0.0045860168","-0.023036573","-0.014183245","-0.003153893","0.010902799","-0.006406742","-0.01712594","0.0009230043","-0.0017532083","-0.014034494","-0.0038970762","-0.009691642","0.00065829273","0.0020159772","-0.0066735","-0.0004295523","-0.0039763018","0.0055414047","0.0031142994","0.00020551936","-0.0045593185","0.00019011392","-0.0040777926","-0.0021466732","-0.0045848354","0.0016202849","-0.003749743","0.0003040471","-0.0030011972","0.00045753678","0.0034179133","-0.00023160408","-8.856923e-05","0.0009927604","-0.00262229","-0.0008311592","-0.0019204128","0.001693831","-0.0009724535","-0.0026840903","-0.0013402244","-0.0023038934","-0.000955738"
"gastrointestinal dysfunction","-0.8610144","-0.06204689","-0.022810645","0.0020611463","-0.0009565658","-0.00045902724","-0.018918822","-0.025630439","-0.0039312975","-0.018969087","-0.016530914","-0.035641547","-0.007943889","-0.0072050034","-0.013963499","-0.020377705","-0.010373334","-0.010835765","-0.016133092","-0.011339596","-0.011538723","-0.0045860168","-0.023036573","-0.014183245","-0.003153893","0.010902799","-0.006406742","-0.01712594","0.0009230043","-0.0017532083","-0.014034494","-0.0038970762","-0.009691642","0.00065829273","0.0020159772","-0.0066735","-0.0004295523","-0.0039763018","0.0055414047","0.0031142994","0.00020551936","-0.0045593185","0.00019011392","-0.0040777926","-0.0021466732","-0.0045848354","0.0016202849","-0.003749743","0.0003040471","-0.0030011972","0.00045753678","0.0034179133","-0.00023160408","-8.856923e-05","0.0009927604","-0.00262229","-0.0008311592","-0.0019204128","0.001693831","-0.0009724535","-0.0026840903","-0.0013402244","-0.0023038934","-0.000955738"
"gastrointestinal helminth infections","-0.8610144","-0.06204689","-0.022810645","0.0020611463","-0.0009565658","-0.00045902724","-0.018918822","-0.025630439","-0.0039312975","-0.018969087","-0.016530914","-0.035641547","-0.007943889","-0.0072050034","-0.013963499","-0.020377705","-0.010373334","-0.010835765","-0.016133092","-0.011339596","-0.011538723","-0.0045860168","-0.023036573","-0.014183245","-0.003153893","0.010902799","-0.006406742","-0.01712594","0.0009230043","-0.0017532083","-0.014034494","-0.0038970762","-0.009691642","0.00065829273","0.0020159772","-0.0066735","-0.0004295523","-0.0039763018","0.0055414047","0.0031142994","0.00020551936","-0.0045593185","0.00019011392","-0.0040777926","-0.0021466732","-0.0045848354","0.0016202849","-0.003749743","0.0003040471","-0.0030011972","0.00045753678","0.0034179133","-0.00023160408","-8.856923e-05","0.0009927604","-0.00262229","-0.0008311592","-0.0019204128","0.001693831","-0.0009724535","-0.0026840903","-0.0013402244","-0.0023038934","-0.000955738"
"gastrointestinal infections","-0.8610144","-0.06204689","-0.022810645","0.0020611463","-0.0009565658","-0.00045902724","-0.018918822","-0.025630439","-0.0039312975","-0.018969087","-0.016530914","-0.035641547","-0.007943889","-0.0072050034","-0.013963499","-0.020377705","-0.010373334","-0.010835765","-0.016133092","-0.011339596","-0.011538723","-0.0045860168","-0.023036573","-0.014183245","-0.003153893","0.010902799","-0.006406742","-0.01712594","0.0009230043","-0.0017532083","-0.014034494","-0.0038970762","-0.009691642","0.00065829273","0.0020159772","-0.0066735","-0.0004295523","-0.0039763018","0.0055414047","0.0031142994","0.00020551936","-0.0045593185","0.00019011392","-0.0040777926","-0.0021466732","-0.0045848354","0.0016202849","-0.003749743","0.0003040471","-0.0030011972","0.00045753678","0.0034179133","-0.00023160408","-8.856923e-05","0.0009927604","-0.00262229","-0.0008311592","-0.0019204128","0.001693831","-0.0009724535","-0.0026840903","-0.0013402244","-0.0023038934","-0.000955738"
"gastrointestinal symptoms","-0.8610144","-0.06204689","-0.022810645","0.0020611463","-0.0009565658","-0.00045902724","-0.018918822","-0.025630439","-0.0039312975","-0.018969087","-0.016530914","-0.035641547","-0.007943889","-0.0072050034","-0.013963499","-0.020377705","-0.010373334","-0.010835765","-0.016133092","-0.011339596","-0.011538723","-0.0045860168","-0.023036573","-0.014183245","-0.003153893","0.010902799","-0.006406742","-0.01712594","0.0009230043","-0.0017532083","-0.014034494","-0.0038970762","-0.009691642","0.00065829273","0.0020159772","-0.0066735","-0.0004295523","-0.0039763018","0.0055414047","0.0031142994","0.00020551936","-0.0045593185","0.00019011392","-0.0040777926","-0.0021466732","-0.0045848354","0.0016202849","-0.003749743","0.0003040471","-0.0030011972","0.00045753678","0.0034179133","-0.00023160408","-8.856923e-05","0.0009927604","-0.00262229","-0.0008311592","-0.0019204128","0.001693831","-0.0009724535","-0.0026840903","-0.0013402244","-0.0023038934","-0.000955738"
"gastrointestinal tract infections","-0.8610144","-0.06204689","-0.022810645","0.0020611463","-0.0009565658","-0.00045902724","-0.018918822","-0.025630439","-0.0039312975","-0.018969087","-0.016530914","-0.035641547","-0.007943889","-0.0072050034","-0.013963499","-0.020377705","-0.010373334","-0.010835765","-0.016133092","-0.011339596","-0.011538723","-0.0045860168","-0.023036573","-0.014183245","-0.003153893","0.010902799","-0.006406742","-0.01712594","0.0009230043","-0.0017532083","-0.014034494","-0.0038970762","-0.009691642","0.00065829273","0.0020159772","-0.0066735","-0.0004295523","-0.0039763018","0.0055414047","0.0031142994","0.00020551936","-0.0045593185","0.00019011392","-0.0040777926","-0.0021466732","-0.0045848354","0.0016202849","-0.003749743","0.0003040471","-0.0030011972","0.00045753678","0.0034179133","-0.00023160408","-8.856923e-05","0.0009927604","-0.00262229","-0.0008311592","-0.0019204128","0.001693831","-0.0009724535","-0.0026840903","-0.0013402244","-0.0023038934","-0.000955738"
"gestational diabetes mellitus","-0.8610144","-0.06204689","-0.022810645","0.0020611463","-0.0009565658","-0.00045902724","-0.018918822","-0.025630439","-0.0039312975","-0.018969087","-0.016530914","-0.035641547","-0.007943889","-0.0072050034","-0.013963499","-0.020377705","-0.010373334","-0.010835765","-0.016133092","-0.011339596","-0.011538723","-0.0045860168","-0.023036573","-0.014183245","-0.003153893","0.010902799","-0.006406742","-0.01712594","0.0009230043","-0.0017532083","-0.014034494","-0.0038970762","-0.009691642","0.00065829273","0.0020159772","-0.0066735","-0.0004295523","-0.0039763018","0.0055414047","0.0031142994","0.00020551936","-0.0045593185","0.00019011392","-0.0040777926","-0.0021466732","-0.0045848354","0.0016202849","-0.003749743","0.0003040471","-0.0030011972","0.00045753678","0.0034179133","-0.00023160408","-8.856923e-05","0.0009927604","-0.00262229","-0.0008311592","-0.0019204128","0.001693831","-0.0009724535","-0.0026840903","-0.0013402244","-0.0023038934","-0.000955738"
"gingival squamous cell carcinoma","-0.8610144","-0.06204689","-0.022810645","0.0020611463","-0.0009565658","-0.00045902724","-0.018918822","-0.025630439","-0.0039312975","-0.018969087","-0.016530914","-0.035641547","-0.007943889","-0.0072050034","-0.013963499","-0.020377705","-0.010373334","-0.010835765","-0.016133092","-0.011339596","-0.011538723","-0.0045860168","-0.023036573","-0.014183245","-0.003153893","0.010902799","-0.006406742","-0.01712594","0.0009230043","-0.0017532083","-0.014034494","-0.0038970762","-0.009691642","0.00065829273","0.0020159772","-0.0066735","-0.0004295523","-0.0039763018","0.0055414047","0.0031142994","0.00020551936","-0.0045593185","0.00019011392","-0.0040777926","-0.0021466732","-0.0045848354","0.0016202849","-0.003749743","0.0003040471","-0.0030011972","0.00045753678","0.0034179133","-0.00023160408","-8.856923e-05","0.0009927604","-0.00262229","-0.0008311592","-0.0019204128","0.001693831","-0.0009724535","-0.0026840903","-0.0013402244","-0.0023038934","-0.000955738"
"glucose metabolism disorder","-0.8610144","-0.06204689","-0.022810645","0.0020611463","-0.0009565658","-0.00045902724","-0.018918822","-0.025630439","-0.0039312975","-0.018969087","-0.016530914","-0.035641547","-0.007943889","-0.0072050034","-0.013963499","-0.020377705","-0.010373334","-0.010835765","-0.016133092","-0.011339596","-0.011538723","-0.0045860168","-0.023036573","-0.014183245","-0.003153893","0.010902799","-0.006406742","-0.01712594","0.0009230043","-0.0017532083","-0.014034494","-0.0038970762","-0.009691642","0.00065829273","0.0020159772","-0.0066735","-0.0004295523","-0.0039763018","0.0055414047","0.0031142994","0.00020551936","-0.0045593185","0.00019011392","-0.0040777926","-0.0021466732","-0.0045848354","0.0016202849","-0.003749743","0.0003040471","-0.0030011972","0.00045753678","0.0034179133","-0.00023160408","-8.856923e-05","0.0009927604","-0.00262229","-0.0008311592","-0.0019204128","0.001693831","-0.0009724535","-0.0026840903","-0.0013402244","-0.0023038934","-0.000955738"
"gut dysbiosis","-0.8610144","-0.06204689","-0.022810645","0.0020611463","-0.0009565658","-0.00045902724","-0.018918822","-0.025630439","-0.0039312975","-0.018969087","-0.016530914","-0.035641547","-0.007943889","-0.0072050034","-0.013963499","-0.020377705","-0.010373334","-0.010835765","-0.016133092","-0.011339596","-0.011538723","-0.0045860168","-0.023036573","-0.014183245","-0.003153893","0.010902799","-0.006406742","-0.01712594","0.0009230043","-0.0017532083","-0.014034494","-0.0038970762","-0.009691642","0.00065829273","0.0020159772","-0.0066735","-0.0004295523","-0.0039763018","0.0055414047","0.0031142994","0.00020551936","-0.0045593185","0.00019011392","-0.0040777926","-0.0021466732","-0.0045848354","0.0016202849","-0.003749743","0.0003040471","-0.0030011972","0.00045753678","0.0034179133","-0.00023160408","-8.856923e-05","0.0009927604","-0.00262229","-0.0008311592","-0.0019204128","0.001693831","-0.0009724535","-0.0026840903","-0.0013402244","-0.0023038934","-0.000955738"
"gut microbiota dysbiosis","-0.8610144","-0.06204689","-0.022810645","0.0020611463","-0.0009565658","-0.00045902724","-0.018918822","-0.025630439","-0.0039312975","-0.018969087","-0.016530914","-0.035641547","-0.007943889","-0.0072050034","-0.013963499","-0.020377705","-0.010373334","-0.010835765","-0.016133092","-0.011339596","-0.011538723","-0.0045860168","-0.023036573","-0.014183245","-0.003153893","0.010902799","-0.006406742","-0.01712594","0.0009230043","-0.0017532083","-0.014034494","-0.0038970762","-0.009691642","0.00065829273","0.0020159772","-0.0066735","-0.0004295523","-0.0039763018","0.0055414047","0.0031142994","0.00020551936","-0.0045593185","0.00019011392","-0.0040777926","-0.0021466732","-0.0045848354","0.0016202849","-0.003749743","0.0003040471","-0.0030011972","0.00045753678","0.0034179133","-0.00023160408","-8.856923e-05","0.0009927604","-0.00262229","-0.0008311592","-0.0019204128","0.001693831","-0.0009724535","-0.0026840903","-0.0013402244","-0.0023038934","-0.000955738"
"gut-related conditions","-0.8610144","-0.06204689","-0.022810645","0.0020611463","-0.0009565658","-0.00045902724","-0.018918822","-0.025630439","-0.0039312975","-0.018969087","-0.016530914","-0.035641547","-0.007943889","-0.0072050034","-0.013963499","-0.020377705","-0.010373334","-0.010835765","-0.016133092","-0.011339596","-0.011538723","-0.0045860168","-0.023036573","-0.014183245","-0.003153893","0.010902799","-0.006406742","-0.01712594","0.0009230043","-0.0017532083","-0.014034494","-0.0038970762","-0.009691642","0.00065829273","0.0020159772","-0.0066735","-0.0004295523","-0.0039763018","0.0055414047","0.0031142994","0.00020551936","-0.0045593185","0.00019011392","-0.0040777926","-0.0021466732","-0.0045848354","0.0016202849","-0.003749743","0.0003040471","-0.0030011972","0.00045753678","0.0034179133","-0.00023160408","-8.856923e-05","0.0009927604","-0.00262229","-0.0008311592","-0.0019204128","0.001693831","-0.0009724535","-0.0026840903","-0.0013402244","-0.0023038934","-0.000955738"
"harmful enzyme production","-0.8610144","-0.06204689","-0.022810645","0.0020611463","-0.0009565658","-0.00045902724","-0.018918822","-0.025630439","-0.0039312975","-0.018969087","-0.016530914","-0.035641547","-0.007943889","-0.0072050034","-0.013963499","-0.020377705","-0.010373334","-0.010835765","-0.016133092","-0.011339596","-0.011538723","-0.0045860168","-0.023036573","-0.014183245","-0.003153893","0.010902799","-0.006406742","-0.01712594","0.0009230043","-0.0017532083","-0.014034494","-0.0038970762","-0.009691642","0.00065829273","0.0020159772","-0.0066735","-0.0004295523","-0.0039763018","0.0055414047","0.0031142994","0.00020551936","-0.0045593185","0.00019011392","-0.0040777926","-0.0021466732","-0.0045848354","0.0016202849","-0.003749743","0.0003040471","-0.0030011972","0.00045753678","0.0034179133","-0.00023160408","-8.856923e-05","0.0009927604","-0.00262229","-0.0008311592","-0.0019204128","0.001693831","-0.0009724535","-0.0026840903","-0.0013402244","-0.0023038934","-0.000955738"
"head and neck squamous cell carcinoma","-0.8610144","-0.06204689","-0.022810645","0.0020611463","-0.0009565658","-0.00045902724","-0.018918822","-0.025630439","-0.0039312975","-0.018969087","-0.016530914","-0.035641547","-0.007943889","-0.0072050034","-0.013963499","-0.020377705","-0.010373334","-0.010835765","-0.016133092","-0.011339596","-0.011538723","-0.0045860168","-0.023036573","-0.014183245","-0.003153893","0.010902799","-0.006406742","-0.01712594","0.0009230043","-0.0017532083","-0.014034494","-0.0038970762","-0.009691642","0.00065829273","0.0020159772","-0.0066735","-0.0004295523","-0.0039763018","0.0055414047","0.0031142994","0.00020551936","-0.0045593185","0.00019011392","-0.0040777926","-0.0021466732","-0.0045848354","0.0016202849","-0.003749743","0.0003040471","-0.0030011972","0.00045753678","0.0034179133","-0.00023160408","-8.856923e-05","0.0009927604","-0.00262229","-0.0008311592","-0.0019204128","0.001693831","-0.0009724535","-0.0026840903","-0.0013402244","-0.0023038934","-0.000955738"
"head and neck squamous cell carcinomas","-0.8610144","-0.06204689","-0.022810645","0.0020611463","-0.0009565658","-0.00045902724","-0.018918822","-0.025630439","-0.0039312975","-0.018969087","-0.016530914","-0.035641547","-0.007943889","-0.0072050034","-0.013963499","-0.020377705","-0.010373334","-0.010835765","-0.016133092","-0.011339596","-0.011538723","-0.0045860168","-0.023036573","-0.014183245","-0.003153893","0.010902799","-0.006406742","-0.01712594","0.0009230043","-0.0017532083","-0.014034494","-0.0038970762","-0.009691642","0.00065829273","0.0020159772","-0.0066735","-0.0004295523","-0.0039763018","0.0055414047","0.0031142994","0.00020551936","-0.0045593185","0.00019011392","-0.0040777926","-0.0021466732","-0.0045848354","0.0016202849","-0.003749743","0.0003040471","-0.0030011972","0.00045753678","0.0034179133","-0.00023160408","-8.856923e-05","0.0009927604","-0.00262229","-0.0008311592","-0.0019204128","0.001693831","-0.0009724535","-0.0026840903","-0.0013402244","-0.0023038934","-0.000955738"
"heavy metal exposure","-0.8610144","-0.06204689","-0.022810645","0.0020611463","-0.0009565658","-0.00045902724","-0.018918822","-0.025630439","-0.0039312975","-0.018969087","-0.016530914","-0.035641547","-0.007943889","-0.0072050034","-0.013963499","-0.020377705","-0.010373334","-0.010835765","-0.016133092","-0.011339596","-0.011538723","-0.0045860168","-0.023036573","-0.014183245","-0.003153893","0.010902799","-0.006406742","-0.01712594","0.0009230043","-0.0017532083","-0.014034494","-0.0038970762","-0.009691642","0.00065829273","0.0020159772","-0.0066735","-0.0004295523","-0.0039763018","0.0055414047","0.0031142994","0.00020551936","-0.0045593185","0.00019011392","-0.0040777926","-0.0021466732","-0.0045848354","0.0016202849","-0.003749743","0.0003040471","-0.0030011972","0.00045753678","0.0034179133","-0.00023160408","-8.856923e-05","0.0009927604","-0.00262229","-0.0008311592","-0.0019204128","0.001693831","-0.0009724535","-0.0026840903","-0.0013402244","-0.0023038934","-0.000955738"
"hepatic diseases","-0.8610144","-0.06204689","-0.022810645","0.0020611463","-0.0009565658","-0.00045902724","-0.018918822","-0.025630439","-0.0039312975","-0.018969087","-0.016530914","-0.035641547","-0.007943889","-0.0072050034","-0.013963499","-0.020377705","-0.010373334","-0.010835765","-0.016133092","-0.011339596","-0.011538723","-0.0045860168","-0.023036573","-0.014183245","-0.003153893","0.010902799","-0.006406742","-0.01712594","0.0009230043","-0.0017532083","-0.014034494","-0.0038970762","-0.009691642","0.00065829273","0.0020159772","-0.0066735","-0.0004295523","-0.0039763018","0.0055414047","0.0031142994","0.00020551936","-0.0045593185","0.00019011392","-0.0040777926","-0.0021466732","-0.0045848354","0.0016202849","-0.003749743","0.0003040471","-0.0030011972","0.00045753678","0.0034179133","-0.00023160408","-8.856923e-05","0.0009927604","-0.00262229","-0.0008311592","-0.0019204128","0.001693831","-0.0009724535","-0.0026840903","-0.0013402244","-0.0023038934","-0.000955738"
"hepatic lipid metabolism disorder","-0.8610144","-0.06204689","-0.022810645","0.0020611463","-0.0009565658","-0.00045902724","-0.018918822","-0.025630439","-0.0039312975","-0.018969087","-0.016530914","-0.035641547","-0.007943889","-0.0072050034","-0.013963499","-0.020377705","-0.010373334","-0.010835765","-0.016133092","-0.011339596","-0.011538723","-0.0045860168","-0.023036573","-0.014183245","-0.003153893","0.010902799","-0.006406742","-0.01712594","0.0009230043","-0.0017532083","-0.014034494","-0.0038970762","-0.009691642","0.00065829273","0.0020159772","-0.0066735","-0.0004295523","-0.0039763018","0.0055414047","0.0031142994","0.00020551936","-0.0045593185","0.00019011392","-0.0040777926","-0.0021466732","-0.0045848354","0.0016202849","-0.003749743","0.0003040471","-0.0030011972","0.00045753678","0.0034179133","-0.00023160408","-8.856923e-05","0.0009927604","-0.00262229","-0.0008311592","-0.0019204128","0.001693831","-0.0009724535","-0.0026840903","-0.0013402244","-0.0023038934","-0.000955738"
"hepatic steatosis","-0.8610144","-0.06204689","-0.022810645","0.0020611463","-0.0009565658","-0.00045902724","-0.018918822","-0.025630439","-0.0039312975","-0.018969087","-0.016530914","-0.035641547","-0.007943889","-0.0072050034","-0.013963499","-0.020377705","-0.010373334","-0.010835765","-0.016133092","-0.011339596","-0.011538723","-0.0045860168","-0.023036573","-0.014183245","-0.003153893","0.010902799","-0.006406742","-0.01712594","0.0009230043","-0.0017532083","-0.014034494","-0.0038970762","-0.009691642","0.00065829273","0.0020159772","-0.0066735","-0.0004295523","-0.0039763018","0.0055414047","0.0031142994","0.00020551936","-0.0045593185","0.00019011392","-0.0040777926","-0.0021466732","-0.0045848354","0.0016202849","-0.003749743","0.0003040471","-0.0030011972","0.00045753678","0.0034179133","-0.00023160408","-8.856923e-05","0.0009927604","-0.00262229","-0.0008311592","-0.0019204128","0.001693831","-0.0009724535","-0.0026840903","-0.0013402244","-0.0023038934","-0.000955738"
"hepatic toxicity","-0.8610144","-0.06204689","-0.022810645","0.0020611463","-0.0009565658","-0.00045902724","-0.018918822","-0.025630439","-0.0039312975","-0.018969087","-0.016530914","-0.035641547","-0.007943889","-0.0072050034","-0.013963499","-0.020377705","-0.010373334","-0.010835765","-0.016133092","-0.011339596","-0.011538723","-0.0045860168","-0.023036573","-0.014183245","-0.003153893","0.010902799","-0.006406742","-0.01712594","0.0009230043","-0.0017532083","-0.014034494","-0.0038970762","-0.009691642","0.00065829273","0.0020159772","-0.0066735","-0.0004295523","-0.0039763018","0.0055414047","0.0031142994","0.00020551936","-0.0045593185","0.00019011392","-0.0040777926","-0.0021466732","-0.0045848354","0.0016202849","-0.003749743","0.0003040471","-0.0030011972","0.00045753678","0.0034179133","-0.00023160408","-8.856923e-05","0.0009927604","-0.00262229","-0.0008311592","-0.0019204128","0.001693831","-0.0009724535","-0.0026840903","-0.0013402244","-0.0023038934","-0.000955738"
"hepatitis B cirrhosis treated with liver transplant","-0.8610144","-0.06204689","-0.022810645","0.0020611463","-0.0009565658","-0.00045902724","-0.018918822","-0.025630439","-0.0039312975","-0.018969087","-0.016530914","-0.035641547","-0.007943889","-0.0072050034","-0.013963499","-0.020377705","-0.010373334","-0.010835765","-0.016133092","-0.011339596","-0.011538723","-0.0045860168","-0.023036573","-0.014183245","-0.003153893","0.010902799","-0.006406742","-0.01712594","0.0009230043","-0.0017532083","-0.014034494","-0.0038970762","-0.009691642","0.00065829273","0.0020159772","-0.0066735","-0.0004295523","-0.0039763018","0.0055414047","0.0031142994","0.00020551936","-0.0045593185","0.00019011392","-0.0040777926","-0.0021466732","-0.0045848354","0.0016202849","-0.003749743","0.0003040471","-0.0030011972","0.00045753678","0.0034179133","-0.00023160408","-8.856923e-05","0.0009927604","-0.00262229","-0.0008311592","-0.0019204128","0.001693831","-0.0009724535","-0.0026840903","-0.0013402244","-0.0023038934","-0.000955738"
"hepatitis B virus-related decompensated cirrhosis","-0.8610144","-0.06204689","-0.022810645","0.0020611463","-0.0009565658","-0.00045902724","-0.018918822","-0.025630439","-0.0039312975","-0.018969087","-0.016530914","-0.035641547","-0.007943889","-0.0072050034","-0.013963499","-0.020377705","-0.010373334","-0.010835765","-0.016133092","-0.011339596","-0.011538723","-0.0045860168","-0.023036573","-0.014183245","-0.003153893","0.010902799","-0.006406742","-0.01712594","0.0009230043","-0.0017532083","-0.014034494","-0.0038970762","-0.009691642","0.00065829273","0.0020159772","-0.0066735","-0.0004295523","-0.0039763018","0.0055414047","0.0031142994","0.00020551936","-0.0045593185","0.00019011392","-0.0040777926","-0.0021466732","-0.0045848354","0.0016202849","-0.003749743","0.0003040471","-0.0030011972","0.00045753678","0.0034179133","-0.00023160408","-8.856923e-05","0.0009927604","-0.00262229","-0.0008311592","-0.0019204128","0.001693831","-0.0009724535","-0.0026840903","-0.0013402244","-0.0023038934","-0.000955738"
"hepatocellular carcinoma","-0.8610144","-0.06204689","-0.022810645","0.0020611463","-0.0009565658","-0.00045902724","-0.018918822","-0.025630439","-0.0039312975","-0.018969087","-0.016530914","-0.035641547","-0.007943889","-0.0072050034","-0.013963499","-0.020377705","-0.010373334","-0.010835765","-0.016133092","-0.011339596","-0.011538723","-0.0045860168","-0.023036573","-0.014183245","-0.003153893","0.010902799","-0.006406742","-0.01712594","0.0009230043","-0.0017532083","-0.014034494","-0.0038970762","-0.009691642","0.00065829273","0.0020159772","-0.0066735","-0.0004295523","-0.0039763018","0.0055414047","0.0031142994","0.00020551936","-0.0045593185","0.00019011392","-0.0040777926","-0.0021466732","-0.0045848354","0.0016202849","-0.003749743","0.0003040471","-0.0030011972","0.00045753678","0.0034179133","-0.00023160408","-8.856923e-05","0.0009927604","-0.00262229","-0.0008311592","-0.0019204128","0.001693831","-0.0009724535","-0.0026840903","-0.0013402244","-0.0023038934","-0.000955738"
"high-grade squamous intraepithelial lesion","-0.8610144","-0.06204689","-0.022810645","0.0020611463","-0.0009565658","-0.00045902724","-0.018918822","-0.025630439","-0.0039312975","-0.018969087","-0.016530914","-0.035641547","-0.007943889","-0.0072050034","-0.013963499","-0.020377705","-0.010373334","-0.010835765","-0.016133092","-0.011339596","-0.011538723","-0.0045860168","-0.023036573","-0.014183245","-0.003153893","0.010902799","-0.006406742","-0.01712594","0.0009230043","-0.0017532083","-0.014034494","-0.0038970762","-0.009691642","0.00065829273","0.0020159772","-0.0066735","-0.0004295523","-0.0039763018","0.0055414047","0.0031142994","0.00020551936","-0.0045593185","0.00019011392","-0.0040777926","-0.0021466732","-0.0045848354","0.0016202849","-0.003749743","0.0003040471","-0.0030011972","0.00045753678","0.0034179133","-0.00023160408","-8.856923e-05","0.0009927604","-0.00262229","-0.0008311592","-0.0019204128","0.001693831","-0.0009724535","-0.0026840903","-0.0013402244","-0.0023038934","-0.000955738"
"human papilloma virus infection","-0.8610144","-0.06204689","-0.022810645","0.0020611463","-0.0009565658","-0.00045902724","-0.018918822","-0.025630439","-0.0039312975","-0.018969087","-0.016530914","-0.035641547","-0.007943889","-0.0072050034","-0.013963499","-0.020377705","-0.010373334","-0.010835765","-0.016133092","-0.011339596","-0.011538723","-0.0045860168","-0.023036573","-0.014183245","-0.003153893","0.010902799","-0.006406742","-0.01712594","0.0009230043","-0.0017532083","-0.014034494","-0.0038970762","-0.009691642","0.00065829273","0.0020159772","-0.0066735","-0.0004295523","-0.0039763018","0.0055414047","0.0031142994","0.00020551936","-0.0045593185","0.00019011392","-0.0040777926","-0.0021466732","-0.0045848354","0.0016202849","-0.003749743","0.0003040471","-0.0030011972","0.00045753678","0.0034179133","-0.00023160408","-8.856923e-05","0.0009927604","-0.00262229","-0.0008311592","-0.0019204128","0.001693831","-0.0009724535","-0.0026840903","-0.0013402244","-0.0023038934","-0.000955738"
"hyperemesis, dyspepsia, gastric discomfort","-0.8610144","-0.06204689","-0.022810645","0.0020611463","-0.0009565658","-0.00045902724","-0.018918822","-0.025630439","-0.0039312975","-0.018969087","-0.016530914","-0.035641547","-0.007943889","-0.0072050034","-0.013963499","-0.020377705","-0.010373334","-0.010835765","-0.016133092","-0.011339596","-0.011538723","-0.0045860168","-0.023036573","-0.014183245","-0.003153893","0.010902799","-0.006406742","-0.01712594","0.0009230043","-0.0017532083","-0.014034494","-0.0038970762","-0.009691642","0.00065829273","0.0020159772","-0.0066735","-0.0004295523","-0.0039763018","0.0055414047","0.0031142994","0.00020551936","-0.0045593185","0.00019011392","-0.0040777926","-0.0021466732","-0.0045848354","0.0016202849","-0.003749743","0.0003040471","-0.0030011972","0.00045753678","0.0034179133","-0.00023160408","-8.856923e-05","0.0009927604","-0.00262229","-0.0008311592","-0.0019204128","0.001693831","-0.0009724535","-0.0026840903","-0.0013402244","-0.0023038934","-0.000955738"
"hyperglycemia","-0.8610144","-0.06204689","-0.022810645","0.0020611463","-0.0009565658","-0.00045902724","-0.018918822","-0.025630439","-0.0039312975","-0.018969087","-0.016530914","-0.035641547","-0.007943889","-0.0072050034","-0.013963499","-0.020377705","-0.010373334","-0.010835765","-0.016133092","-0.011339596","-0.011538723","-0.0045860168","-0.023036573","-0.014183245","-0.003153893","0.010902799","-0.006406742","-0.01712594","0.0009230043","-0.0017532083","-0.014034494","-0.0038970762","-0.009691642","0.00065829273","0.0020159772","-0.0066735","-0.0004295523","-0.0039763018","0.0055414047","0.0031142994","0.00020551936","-0.0045593185","0.00019011392","-0.0040777926","-0.0021466732","-0.0045848354","0.0016202849","-0.003749743","0.0003040471","-0.0030011972","0.00045753678","0.0034179133","-0.00023160408","-8.856923e-05","0.0009927604","-0.00262229","-0.0008311592","-0.0019204128","0.001693831","-0.0009724535","-0.0026840903","-0.0013402244","-0.0023038934","-0.000955738"
"hypertension","-0.8610144","-0.06204689","-0.022810645","0.0020611463","-0.0009565658","-0.00045902724","-0.018918822","-0.025630439","-0.0039312975","-0.018969087","-0.016530914","-0.035641547","-0.007943889","-0.0072050034","-0.013963499","-0.020377705","-0.010373334","-0.010835765","-0.016133092","-0.011339596","-0.011538723","-0.0045860168","-0.023036573","-0.014183245","-0.003153893","0.010902799","-0.006406742","-0.01712594","0.0009230043","-0.0017532083","-0.014034494","-0.0038970762","-0.009691642","0.00065829273","0.0020159772","-0.0066735","-0.0004295523","-0.0039763018","0.0055414047","0.0031142994","0.00020551936","-0.0045593185","0.00019011392","-0.0040777926","-0.0021466732","-0.0045848354","0.0016202849","-0.003749743","0.0003040471","-0.0030011972","0.00045753678","0.0034179133","-0.00023160408","-8.856923e-05","0.0009927604","-0.00262229","-0.0008311592","-0.0019204128","0.001693831","-0.0009724535","-0.0026840903","-0.0013402244","-0.0023038934","-0.000955738"
"hyperthyroidism","1.318516","-0.15095869","-0.048173133","-0.038109105","-0.022805238","0.08599013","-0.05356874","-0.14257331","0.052748982","0.023754759","-0.043204613","-0.16180606","-0.07047348","0.04162162","-0.12337261","-0.21796669","-0.42413735","-0.10154872","0.11396124","0.61792696","-0.066102155","0.28697768","-0.7165507","0.90856755","-1.0618175","0.7407383","0.24861449","-0.0847642","-0.5047443","-0.9332764","-0.34224194","-0.5586759","-0.15854391","-1.1044751","1.8361479","-0.62570614","-3.0577555","-0.38699284","0.45905504","-0.873804","-1.9011822","0.05089317","-0.29933116","-0.79318607","-0.59942585","1.8162671","0.48922935","-3.2026422","-0.8023273","1.6174754","-0.42501682","0.7962486","2.5996625","0.94261014","1.4917991","0.050735004","2.07076","-0.17502353","0.07830009","-2.2936397","0.842483","-0.94546324","0.5888146","1.6911455"
"immune suppression","-0.8610144","-0.06204689","-0.022810645","0.0020611463","-0.0009565658","-0.00045902724","-0.018918822","-0.025630439","-0.0039312975","-0.018969087","-0.016530914","-0.035641547","-0.007943889","-0.0072050034","-0.013963499","-0.020377705","-0.010373334","-0.010835765","-0.016133092","-0.011339596","-0.011538723","-0.0045860168","-0.023036573","-0.014183245","-0.003153893","0.010902799","-0.006406742","-0.01712594","0.0009230043","-0.0017532083","-0.014034494","-0.0038970762","-0.009691642","0.00065829273","0.0020159772","-0.0066735","-0.0004295523","-0.0039763018","0.0055414047","0.0031142994","0.00020551936","-0.0045593185","0.00019011392","-0.0040777926","-0.0021466732","-0.0045848354","0.0016202849","-0.003749743","0.0003040471","-0.0030011972","0.00045753678","0.0034179133","-0.00023160408","-8.856923e-05","0.0009927604","-0.00262229","-0.0008311592","-0.0019204128","0.001693831","-0.0009724535","-0.0026840903","-0.0013402244","-0.0023038934","-0.000955738"
"immune system diseases","-0.8610144","-0.06204689","-0.022810645","0.0020611463","-0.0009565658","-0.00045902724","-0.018918822","-0.025630439","-0.0039312975","-0.018969087","-0.016530914","-0.035641547","-0.007943889","-0.0072050034","-0.013963499","-0.020377705","-0.010373334","-0.010835765","-0.016133092","-0.011339596","-0.011538723","-0.0045860168","-0.023036573","-0.014183245","-0.003153893","0.010902799","-0.006406742","-0.01712594","0.0009230043","-0.0017532083","-0.014034494","-0.0038970762","-0.009691642","0.00065829273","0.0020159772","-0.0066735","-0.0004295523","-0.0039763018","0.0055414047","0.0031142994","0.00020551936","-0.0045593185","0.00019011392","-0.0040777926","-0.0021466732","-0.0045848354","0.0016202849","-0.003749743","0.0003040471","-0.0030011972","0.00045753678","0.0034179133","-0.00023160408","-8.856923e-05","0.0009927604","-0.00262229","-0.0008311592","-0.0019204128","0.001693831","-0.0009724535","-0.0026840903","-0.0013402244","-0.0023038934","-0.000955738"
"immunological diseases","-0.8610144","-0.06204689","-0.022810645","0.0020611463","-0.0009565658","-0.00045902724","-0.018918822","-0.025630439","-0.0039312975","-0.018969087","-0.016530914","-0.035641547","-0.007943889","-0.0072050034","-0.013963499","-0.020377705","-0.010373334","-0.010835765","-0.016133092","-0.011339596","-0.011538723","-0.0045860168","-0.023036573","-0.014183245","-0.003153893","0.010902799","-0.006406742","-0.01712594","0.0009230043","-0.0017532083","-0.014034494","-0.0038970762","-0.009691642","0.00065829273","0.0020159772","-0.0066735","-0.0004295523","-0.0039763018","0.0055414047","0.0031142994","0.00020551936","-0.0045593185","0.00019011392","-0.0040777926","-0.0021466732","-0.0045848354","0.0016202849","-0.003749743","0.0003040471","-0.0030011972","0.00045753678","0.0034179133","-0.00023160408","-8.856923e-05","0.0009927604","-0.00262229","-0.0008311592","-0.0019204128","0.001693831","-0.0009724535","-0.0026840903","-0.0013402244","-0.0023038934","-0.000955738"
"immunosenescence","-0.8610144","-0.06204689","-0.022810645","0.0020611463","-0.0009565658","-0.00045902724","-0.018918822","-0.025630439","-0.0039312975","-0.018969087","-0.016530914","-0.035641547","-0.007943889","-0.0072050034","-0.013963499","-0.020377705","-0.010373334","-0.010835765","-0.016133092","-0.011339596","-0.011538723","-0.0045860168","-0.023036573","-0.014183245","-0.003153893","0.010902799","-0.006406742","-0.01712594","0.0009230043","-0.0017532083","-0.014034494","-0.0038970762","-0.009691642","0.00065829273","0.0020159772","-0.0066735","-0.0004295523","-0.0039763018","0.0055414047","0.0031142994","0.00020551936","-0.0045593185","0.00019011392","-0.0040777926","-0.0021466732","-0.0045848354","0.0016202849","-0.003749743","0.0003040471","-0.0030011972","0.00045753678","0.0034179133","-0.00023160408","-8.856923e-05","0.0009927604","-0.00262229","-0.0008311592","-0.0019204128","0.001693831","-0.0009724535","-0.0026840903","-0.0013402244","-0.0023038934","-0.000955738"
"impaired lipid and glucose metabolism","-0.8610144","-0.06204689","-0.022810645","0.0020611463","-0.0009565658","-0.00045902724","-0.018918822","-0.025630439","-0.0039312975","-0.018969087","-0.016530914","-0.035641547","-0.007943889","-0.0072050034","-0.013963499","-0.020377705","-0.010373334","-0.010835765","-0.016133092","-0.011339596","-0.011538723","-0.0045860168","-0.023036573","-0.014183245","-0.003153893","0.010902799","-0.006406742","-0.01712594","0.0009230043","-0.0017532083","-0.014034494","-0.0038970762","-0.009691642","0.00065829273","0.0020159772","-0.0066735","-0.0004295523","-0.0039763018","0.0055414047","0.0031142994","0.00020551936","-0.0045593185","0.00019011392","-0.0040777926","-0.0021466732","-0.0045848354","0.0016202849","-0.003749743","0.0003040471","-0.0030011972","0.00045753678","0.0034179133","-0.00023160408","-8.856923e-05","0.0009927604","-0.00262229","-0.0008311592","-0.0019204128","0.001693831","-0.0009724535","-0.0026840903","-0.0013402244","-0.0023038934","-0.000955738"
"infant botulism","-0.8610144","-0.06204689","-0.022810645","0.0020611463","-0.0009565658","-0.00045902724","-0.018918822","-0.025630439","-0.0039312975","-0.018969087","-0.016530914","-0.035641547","-0.007943889","-0.0072050034","-0.013963499","-0.020377705","-0.010373334","-0.010835765","-0.016133092","-0.011339596","-0.011538723","-0.0045860168","-0.023036573","-0.014183245","-0.003153893","0.010902799","-0.006406742","-0.01712594","0.0009230043","-0.0017532083","-0.014034494","-0.0038970762","-0.009691642","0.00065829273","0.0020159772","-0.0066735","-0.0004295523","-0.0039763018","0.0055414047","0.0031142994","0.00020551936","-0.0045593185","0.00019011392","-0.0040777926","-0.0021466732","-0.0045848354","0.0016202849","-0.003749743","0.0003040471","-0.0030011972","0.00045753678","0.0034179133","-0.00023160408","-8.856923e-05","0.0009927604","-0.00262229","-0.0008311592","-0.0019204128","0.001693831","-0.0009724535","-0.0026840903","-0.0013402244","-0.0023038934","-0.000955738"
"infant colic","-0.8610144","-0.06204689","-0.022810645","0.0020611463","-0.0009565658","-0.00045902724","-0.018918822","-0.025630439","-0.0039312975","-0.018969087","-0.016530914","-0.035641547","-0.007943889","-0.0072050034","-0.013963499","-0.020377705","-0.010373334","-0.010835765","-0.016133092","-0.011339596","-0.011538723","-0.0045860168","-0.023036573","-0.014183245","-0.003153893","0.010902799","-0.006406742","-0.01712594","0.0009230043","-0.0017532083","-0.014034494","-0.0038970762","-0.009691642","0.00065829273","0.0020159772","-0.0066735","-0.0004295523","-0.0039763018","0.0055414047","0.0031142994","0.00020551936","-0.0045593185","0.00019011392","-0.0040777926","-0.0021466732","-0.0045848354","0.0016202849","-0.003749743","0.0003040471","-0.0030011972","0.00045753678","0.0034179133","-0.00023160408","-8.856923e-05","0.0009927604","-0.00262229","-0.0008311592","-0.0019204128","0.001693831","-0.0009724535","-0.0026840903","-0.0013402244","-0.0023038934","-0.000955738"
"infection","-0.8610144","-0.06204689","-0.022810645","0.0020611463","-0.0009565658","-0.00045902724","-0.018918822","-0.025630439","-0.0039312975","-0.018969087","-0.016530914","-0.035641547","-0.007943889","-0.0072050034","-0.013963499","-0.020377705","-0.010373334","-0.010835765","-0.016133092","-0.011339596","-0.011538723","-0.0045860168","-0.023036573","-0.014183245","-0.003153893","0.010902799","-0.006406742","-0.01712594","0.0009230043","-0.0017532083","-0.014034494","-0.0038970762","-0.009691642","0.00065829273","0.0020159772","-0.0066735","-0.0004295523","-0.0039763018","0.0055414047","0.0031142994","0.00020551936","-0.0045593185","0.00019011392","-0.0040777926","-0.0021466732","-0.0045848354","0.0016202849","-0.003749743","0.0003040471","-0.0030011972","0.00045753678","0.0034179133","-0.00023160408","-8.856923e-05","0.0009927604","-0.00262229","-0.0008311592","-0.0019204128","0.001693831","-0.0009724535","-0.0026840903","-0.0013402244","-0.0023038934","-0.000955738"
"infectious colitis","-0.8610144","-0.06204689","-0.022810645","0.0020611463","-0.0009565658","-0.00045902724","-0.018918822","-0.025630439","-0.0039312975","-0.018969087","-0.016530914","-0.035641547","-0.007943889","-0.0072050034","-0.013963499","-0.020377705","-0.010373334","-0.010835765","-0.016133092","-0.011339596","-0.011538723","-0.0045860168","-0.023036573","-0.014183245","-0.003153893","0.010902799","-0.006406742","-0.01712594","0.0009230043","-0.0017532083","-0.014034494","-0.0038970762","-0.009691642","0.00065829273","0.0020159772","-0.0066735","-0.0004295523","-0.0039763018","0.0055414047","0.0031142994","0.00020551936","-0.0045593185","0.00019011392","-0.0040777926","-0.0021466732","-0.0045848354","0.0016202849","-0.003749743","0.0003040471","-0.0030011972","0.00045753678","0.0034179133","-0.00023160408","-8.856923e-05","0.0009927604","-0.00262229","-0.0008311592","-0.0019204128","0.001693831","-0.0009724535","-0.0026840903","-0.0013402244","-0.0023038934","-0.000955738"
"infectious diarrhea","-0.8610144","-0.06204689","-0.022810645","0.0020611463","-0.0009565658","-0.00045902724","-0.018918822","-0.025630439","-0.0039312975","-0.018969087","-0.016530914","-0.035641547","-0.007943889","-0.0072050034","-0.013963499","-0.020377705","-0.010373334","-0.010835765","-0.016133092","-0.011339596","-0.011538723","-0.0045860168","-0.023036573","-0.014183245","-0.003153893","0.010902799","-0.006406742","-0.01712594","0.0009230043","-0.0017532083","-0.014034494","-0.0038970762","-0.009691642","0.00065829273","0.0020159772","-0.0066735","-0.0004295523","-0.0039763018","0.0055414047","0.0031142994","0.00020551936","-0.0045593185","0.00019011392","-0.0040777926","-0.0021466732","-0.0045848354","0.0016202849","-0.003749743","0.0003040471","-0.0030011972","0.00045753678","0.0034179133","-0.00023160408","-8.856923e-05","0.0009927604","-0.00262229","-0.0008311592","-0.0019204128","0.001693831","-0.0009724535","-0.0026840903","-0.0013402244","-0.0023038934","-0.000955738"
"infectious diseases","-0.8610144","-0.06204689","-0.022810645","0.0020611463","-0.0009565658","-0.00045902724","-0.018918822","-0.025630439","-0.0039312975","-0.018969087","-0.016530914","-0.035641547","-0.007943889","-0.0072050034","-0.013963499","-0.020377705","-0.010373334","-0.010835765","-0.016133092","-0.011339596","-0.011538723","-0.0045860168","-0.023036573","-0.014183245","-0.003153893","0.010902799","-0.006406742","-0.01712594","0.0009230043","-0.0017532083","-0.014034494","-0.0038970762","-0.009691642","0.00065829273","0.0020159772","-0.0066735","-0.0004295523","-0.0039763018","0.0055414047","0.0031142994","0.00020551936","-0.0045593185","0.00019011392","-0.0040777926","-0.0021466732","-0.0045848354","0.0016202849","-0.003749743","0.0003040471","-0.0030011972","0.00045753678","0.0034179133","-0.00023160408","-8.856923e-05","0.0009927604","-0.00262229","-0.0008311592","-0.0019204128","0.001693831","-0.0009724535","-0.0026840903","-0.0013402244","-0.0023038934","-0.000955738"
"inflammation","-0.8610144","-0.06204689","-0.022810645","0.0020611463","-0.0009565658","-0.00045902724","-0.018918822","-0.025630439","-0.0039312975","-0.018969087","-0.016530914","-0.035641547","-0.007943889","-0.0072050034","-0.013963499","-0.020377705","-0.010373334","-0.010835765","-0.016133092","-0.011339596","-0.011538723","-0.0045860168","-0.023036573","-0.014183245","-0.003153893","0.010902799","-0.006406742","-0.01712594","0.0009230043","-0.0017532083","-0.014034494","-0.0038970762","-0.009691642","0.00065829273","0.0020159772","-0.0066735","-0.0004295523","-0.0039763018","0.0055414047","0.0031142994","0.00020551936","-0.0045593185","0.00019011392","-0.0040777926","-0.0021466732","-0.0045848354","0.0016202849","-0.003749743","0.0003040471","-0.0030011972","0.00045753678","0.0034179133","-0.00023160408","-8.856923e-05","0.0009927604","-0.00262229","-0.0008311592","-0.0019204128","0.001693831","-0.0009724535","-0.0026840903","-0.0013402244","-0.0023038934","-0.000955738"
"inflammatory bowel disease","-0.8610144","-0.06204689","-0.022810645","0.0020611463","-0.0009565658","-0.00045902724","-0.018918822","-0.025630439","-0.0039312975","-0.018969087","-0.016530914","-0.035641547","-0.007943889","-0.0072050034","-0.013963499","-0.020377705","-0.010373334","-0.010835765","-0.016133092","-0.011339596","-0.011538723","-0.0045860168","-0.023036573","-0.014183245","-0.003153893","0.010902799","-0.006406742","-0.01712594","0.0009230043","-0.0017532083","-0.014034494","-0.0038970762","-0.009691642","0.00065829273","0.0020159772","-0.0066735","-0.0004295523","-0.0039763018","0.0055414047","0.0031142994","0.00020551936","-0.0045593185","0.00019011392","-0.0040777926","-0.0021466732","-0.0045848354","0.0016202849","-0.003749743","0.0003040471","-0.0030011972","0.00045753678","0.0034179133","-0.00023160408","-8.856923e-05","0.0009927604","-0.00262229","-0.0008311592","-0.0019204128","0.001693831","-0.0009724535","-0.0026840903","-0.0013402244","-0.0023038934","-0.000955738"
"inflammatory bowel diseases","-0.8610144","-0.06204689","-0.022810645","0.0020611463","-0.0009565658","-0.00045902724","-0.018918822","-0.025630439","-0.0039312975","-0.018969087","-0.016530914","-0.035641547","-0.007943889","-0.0072050034","-0.013963499","-0.020377705","-0.010373334","-0.010835765","-0.016133092","-0.011339596","-0.011538723","-0.0045860168","-0.023036573","-0.014183245","-0.003153893","0.010902799","-0.006406742","-0.01712594","0.0009230043","-0.0017532083","-0.014034494","-0.0038970762","-0.009691642","0.00065829273","0.0020159772","-0.0066735","-0.0004295523","-0.0039763018","0.0055414047","0.0031142994","0.00020551936","-0.0045593185","0.00019011392","-0.0040777926","-0.0021466732","-0.0045848354","0.0016202849","-0.003749743","0.0003040471","-0.0030011972","0.00045753678","0.0034179133","-0.00023160408","-8.856923e-05","0.0009927604","-0.00262229","-0.0008311592","-0.0019204128","0.001693831","-0.0009724535","-0.0026840903","-0.0013402244","-0.0023038934","-0.000955738"
"inflammatory diseases","-0.8610144","-0.06204689","-0.022810645","0.0020611463","-0.0009565658","-0.00045902724","-0.018918822","-0.025630439","-0.0039312975","-0.018969087","-0.016530914","-0.035641547","-0.007943889","-0.0072050034","-0.013963499","-0.020377705","-0.010373334","-0.010835765","-0.016133092","-0.011339596","-0.011538723","-0.0045860168","-0.023036573","-0.014183245","-0.003153893","0.010902799","-0.006406742","-0.01712594","0.0009230043","-0.0017532083","-0.014034494","-0.0038970762","-0.009691642","0.00065829273","0.0020159772","-0.0066735","-0.0004295523","-0.0039763018","0.0055414047","0.0031142994","0.00020551936","-0.0045593185","0.00019011392","-0.0040777926","-0.0021466732","-0.0045848354","0.0016202849","-0.003749743","0.0003040471","-0.0030011972","0.00045753678","0.0034179133","-0.00023160408","-8.856923e-05","0.0009927604","-0.00262229","-0.0008311592","-0.0019204128","0.001693831","-0.0009724535","-0.0026840903","-0.0013402244","-0.0023038934","-0.000955738"
"insulin resistance","-0.8610144","-0.06204689","-0.022810645","0.0020611463","-0.0009565658","-0.00045902724","-0.018918822","-0.025630439","-0.0039312975","-0.018969087","-0.016530914","-0.035641547","-0.007943889","-0.0072050034","-0.013963499","-0.020377705","-0.010373334","-0.010835765","-0.016133092","-0.011339596","-0.011538723","-0.0045860168","-0.023036573","-0.014183245","-0.003153893","0.010902799","-0.006406742","-0.01712594","0.0009230043","-0.0017532083","-0.014034494","-0.0038970762","-0.009691642","0.00065829273","0.0020159772","-0.0066735","-0.0004295523","-0.0039763018","0.0055414047","0.0031142994","0.00020551936","-0.0045593185","0.00019011392","-0.0040777926","-0.0021466732","-0.0045848354","0.0016202849","-0.003749743","0.0003040471","-0.0030011972","0.00045753678","0.0034179133","-0.00023160408","-8.856923e-05","0.0009927604","-0.00262229","-0.0008311592","-0.0019204128","0.001693831","-0.0009724535","-0.0026840903","-0.0013402244","-0.0023038934","-0.000955738"
"intestinal atrophy","-0.8610144","-0.06204689","-0.022810645","0.0020611463","-0.0009565658","-0.00045902724","-0.018918822","-0.025630439","-0.0039312975","-0.018969087","-0.016530914","-0.035641547","-0.007943889","-0.0072050034","-0.013963499","-0.020377705","-0.010373334","-0.010835765","-0.016133092","-0.011339596","-0.011538723","-0.0045860168","-0.023036573","-0.014183245","-0.003153893","0.010902799","-0.006406742","-0.01712594","0.0009230043","-0.0017532083","-0.014034494","-0.0038970762","-0.009691642","0.00065829273","0.0020159772","-0.0066735","-0.0004295523","-0.0039763018","0.0055414047","0.0031142994","0.00020551936","-0.0045593185","0.00019011392","-0.0040777926","-0.0021466732","-0.0045848354","0.0016202849","-0.003749743","0.0003040471","-0.0030011972","0.00045753678","0.0034179133","-0.00023160408","-8.856923e-05","0.0009927604","-0.00262229","-0.0008311592","-0.0019204128","0.001693831","-0.0009724535","-0.0026840903","-0.0013402244","-0.0023038934","-0.000955738"
"intestinal bowel diseases","-0.8610144","-0.06204689","-0.022810645","0.0020611463","-0.0009565658","-0.00045902724","-0.018918822","-0.025630439","-0.0039312975","-0.018969087","-0.016530914","-0.035641547","-0.007943889","-0.0072050034","-0.013963499","-0.020377705","-0.010373334","-0.010835765","-0.016133092","-0.011339596","-0.011538723","-0.0045860168","-0.023036573","-0.014183245","-0.003153893","0.010902799","-0.006406742","-0.01712594","0.0009230043","-0.0017532083","-0.014034494","-0.0038970762","-0.009691642","0.00065829273","0.0020159772","-0.0066735","-0.0004295523","-0.0039763018","0.0055414047","0.0031142994","0.00020551936","-0.0045593185","0.00019011392","-0.0040777926","-0.0021466732","-0.0045848354","0.0016202849","-0.003749743","0.0003040471","-0.0030011972","0.00045753678","0.0034179133","-0.00023160408","-8.856923e-05","0.0009927604","-0.00262229","-0.0008311592","-0.0019204128","0.001693831","-0.0009724535","-0.0026840903","-0.0013402244","-0.0023038934","-0.000955738"
"intestinal discomfort","-0.8610144","-0.06204689","-0.022810645","0.0020611463","-0.0009565658","-0.00045902724","-0.018918822","-0.025630439","-0.0039312975","-0.018969087","-0.016530914","-0.035641547","-0.007943889","-0.0072050034","-0.013963499","-0.020377705","-0.010373334","-0.010835765","-0.016133092","-0.011339596","-0.011538723","-0.0045860168","-0.023036573","-0.014183245","-0.003153893","0.010902799","-0.006406742","-0.01712594","0.0009230043","-0.0017532083","-0.014034494","-0.0038970762","-0.009691642","0.00065829273","0.0020159772","-0.0066735","-0.0004295523","-0.0039763018","0.0055414047","0.0031142994","0.00020551936","-0.0045593185","0.00019011392","-0.0040777926","-0.0021466732","-0.0045848354","0.0016202849","-0.003749743","0.0003040471","-0.0030011972","0.00045753678","0.0034179133","-0.00023160408","-8.856923e-05","0.0009927604","-0.00262229","-0.0008311592","-0.0019204128","0.001693831","-0.0009724535","-0.0026840903","-0.0013402244","-0.0023038934","-0.000955738"
"intestinal health","-0.8610144","-0.06204689","-0.022810645","0.0020611463","-0.0009565658","-0.00045902724","-0.018918822","-0.025630439","-0.0039312975","-0.018969087","-0.016530914","-0.035641547","-0.007943889","-0.0072050034","-0.013963499","-0.020377705","-0.010373334","-0.010835765","-0.016133092","-0.011339596","-0.011538723","-0.0045860168","-0.023036573","-0.014183245","-0.003153893","0.010902799","-0.006406742","-0.01712594","0.0009230043","-0.0017532083","-0.014034494","-0.0038970762","-0.009691642","0.00065829273","0.0020159772","-0.0066735","-0.0004295523","-0.0039763018","0.0055414047","0.0031142994","0.00020551936","-0.0045593185","0.00019011392","-0.0040777926","-0.0021466732","-0.0045848354","0.0016202849","-0.003749743","0.0003040471","-0.0030011972","0.00045753678","0.0034179133","-0.00023160408","-8.856923e-05","0.0009927604","-0.00262229","-0.0008311592","-0.0019204128","0.001693831","-0.0009724535","-0.0026840903","-0.0013402244","-0.0023038934","-0.000955738"
"intestinal immune dysfunction","-0.8610144","-0.06204689","-0.022810645","0.0020611463","-0.0009565658","-0.00045902724","-0.018918822","-0.025630439","-0.0039312975","-0.018969087","-0.016530914","-0.035641547","-0.007943889","-0.0072050034","-0.013963499","-0.020377705","-0.010373334","-0.010835765","-0.016133092","-0.011339596","-0.011538723","-0.0045860168","-0.023036573","-0.014183245","-0.003153893","0.010902799","-0.006406742","-0.01712594","0.0009230043","-0.0017532083","-0.014034494","-0.0038970762","-0.009691642","0.00065829273","0.0020159772","-0.0066735","-0.0004295523","-0.0039763018","0.0055414047","0.0031142994","0.00020551936","-0.0045593185","0.00019011392","-0.0040777926","-0.0021466732","-0.0045848354","0.0016202849","-0.003749743","0.0003040471","-0.0030011972","0.00045753678","0.0034179133","-0.00023160408","-8.856923e-05","0.0009927604","-0.00262229","-0.0008311592","-0.0019204128","0.001693831","-0.0009724535","-0.0026840903","-0.0013402244","-0.0023038934","-0.000955738"
"intestinal infection","-0.8610144","-0.06204689","-0.022810645","0.0020611463","-0.0009565658","-0.00045902724","-0.018918822","-0.025630439","-0.0039312975","-0.018969087","-0.016530914","-0.035641547","-0.007943889","-0.0072050034","-0.013963499","-0.020377705","-0.010373334","-0.010835765","-0.016133092","-0.011339596","-0.011538723","-0.0045860168","-0.023036573","-0.014183245","-0.003153893","0.010902799","-0.006406742","-0.01712594","0.0009230043","-0.0017532083","-0.014034494","-0.0038970762","-0.009691642","0.00065829273","0.0020159772","-0.0066735","-0.0004295523","-0.0039763018","0.0055414047","0.0031142994","0.00020551936","-0.0045593185","0.00019011392","-0.0040777926","-0.0021466732","-0.0045848354","0.0016202849","-0.003749743","0.0003040471","-0.0030011972","0.00045753678","0.0034179133","-0.00023160408","-8.856923e-05","0.0009927604","-0.00262229","-0.0008311592","-0.0019204128","0.001693831","-0.0009724535","-0.0026840903","-0.0013402244","-0.0023038934","-0.000955738"
"intestinal inflammation","-0.8610144","-0.06204689","-0.022810645","0.0020611463","-0.0009565658","-0.00045902724","-0.018918822","-0.025630439","-0.0039312975","-0.018969087","-0.016530914","-0.035641547","-0.007943889","-0.0072050034","-0.013963499","-0.020377705","-0.010373334","-0.010835765","-0.016133092","-0.011339596","-0.011538723","-0.0045860168","-0.023036573","-0.014183245","-0.003153893","0.010902799","-0.006406742","-0.01712594","0.0009230043","-0.0017532083","-0.014034494","-0.0038970762","-0.009691642","0.00065829273","0.0020159772","-0.0066735","-0.0004295523","-0.0039763018","0.0055414047","0.0031142994","0.00020551936","-0.0045593185","0.00019011392","-0.0040777926","-0.0021466732","-0.0045848354","0.0016202849","-0.003749743","0.0003040471","-0.0030011972","0.00045753678","0.0034179133","-0.00023160408","-8.856923e-05","0.0009927604","-0.00262229","-0.0008311592","-0.0019204128","0.001693831","-0.0009724535","-0.0026840903","-0.0013402244","-0.0023038934","-0.000955738"
"intestinal metabolic perturbation","-0.8610144","-0.06204689","-0.022810645","0.0020611463","-0.0009565658","-0.00045902724","-0.018918822","-0.025630439","-0.0039312975","-0.018969087","-0.016530914","-0.035641547","-0.007943889","-0.0072050034","-0.013963499","-0.020377705","-0.010373334","-0.010835765","-0.016133092","-0.011339596","-0.011538723","-0.0045860168","-0.023036573","-0.014183245","-0.003153893","0.010902799","-0.006406742","-0.01712594","0.0009230043","-0.0017532083","-0.014034494","-0.0038970762","-0.009691642","0.00065829273","0.0020159772","-0.0066735","-0.0004295523","-0.0039763018","0.0055414047","0.0031142994","0.00020551936","-0.0045593185","0.00019011392","-0.0040777926","-0.0021466732","-0.0045848354","0.0016202849","-0.003749743","0.0003040471","-0.0030011972","0.00045753678","0.0034179133","-0.00023160408","-8.856923e-05","0.0009927604","-0.00262229","-0.0008311592","-0.0019204128","0.001693831","-0.0009724535","-0.0026840903","-0.0013402244","-0.0023038934","-0.000955738"
"intestinal microbiota dysbiosis","-0.8610144","-0.06204689","-0.022810645","0.0020611463","-0.0009565658","-0.00045902724","-0.018918822","-0.025630439","-0.0039312975","-0.018969087","-0.016530914","-0.035641547","-0.007943889","-0.0072050034","-0.013963499","-0.020377705","-0.010373334","-0.010835765","-0.016133092","-0.011339596","-0.011538723","-0.0045860168","-0.023036573","-0.014183245","-0.003153893","0.010902799","-0.006406742","-0.01712594","0.0009230043","-0.0017532083","-0.014034494","-0.0038970762","-0.009691642","0.00065829273","0.0020159772","-0.0066735","-0.0004295523","-0.0039763018","0.0055414047","0.0031142994","0.00020551936","-0.0045593185","0.00019011392","-0.0040777926","-0.0021466732","-0.0045848354","0.0016202849","-0.003749743","0.0003040471","-0.0030011972","0.00045753678","0.0034179133","-0.00023160408","-8.856923e-05","0.0009927604","-0.00262229","-0.0008311592","-0.0019204128","0.001693831","-0.0009724535","-0.0026840903","-0.0013402244","-0.0023038934","-0.000955738"
"intestinal microbiota imbalance","-0.8610144","-0.06204689","-0.022810645","0.0020611463","-0.0009565658","-0.00045902724","-0.018918822","-0.025630439","-0.0039312975","-0.018969087","-0.016530914","-0.035641547","-0.007943889","-0.0072050034","-0.013963499","-0.020377705","-0.010373334","-0.010835765","-0.016133092","-0.011339596","-0.011538723","-0.0045860168","-0.023036573","-0.014183245","-0.003153893","0.010902799","-0.006406742","-0.01712594","0.0009230043","-0.0017532083","-0.014034494","-0.0038970762","-0.009691642","0.00065829273","0.0020159772","-0.0066735","-0.0004295523","-0.0039763018","0.0055414047","0.0031142994","0.00020551936","-0.0045593185","0.00019011392","-0.0040777926","-0.0021466732","-0.0045848354","0.0016202849","-0.003749743","0.0003040471","-0.0030011972","0.00045753678","0.0034179133","-0.00023160408","-8.856923e-05","0.0009927604","-0.00262229","-0.0008311592","-0.0019204128","0.001693831","-0.0009724535","-0.0026840903","-0.0013402244","-0.0023038934","-0.000955738"
"intestinal microflora dysfunction","-0.8610144","-0.06204689","-0.022810645","0.0020611463","-0.0009565658","-0.00045902724","-0.018918822","-0.025630439","-0.0039312975","-0.018969087","-0.016530914","-0.035641547","-0.007943889","-0.0072050034","-0.013963499","-0.020377705","-0.010373334","-0.010835765","-0.016133092","-0.011339596","-0.011538723","-0.0045860168","-0.023036573","-0.014183245","-0.003153893","0.010902799","-0.006406742","-0.01712594","0.0009230043","-0.0017532083","-0.014034494","-0.0038970762","-0.009691642","0.00065829273","0.0020159772","-0.0066735","-0.0004295523","-0.0039763018","0.0055414047","0.0031142994","0.00020551936","-0.0045593185","0.00019011392","-0.0040777926","-0.0021466732","-0.0045848354","0.0016202849","-0.003749743","0.0003040471","-0.0030011972","0.00045753678","0.0034179133","-0.00023160408","-8.856923e-05","0.0009927604","-0.00262229","-0.0008311592","-0.0019204128","0.001693831","-0.0009724535","-0.0026840903","-0.0013402244","-0.0023038934","-0.000955738"
"intestinal permeability","-0.8610144","-0.06204689","-0.022810645","0.0020611463","-0.0009565658","-0.00045902724","-0.018918822","-0.025630439","-0.0039312975","-0.018969087","-0.016530914","-0.035641547","-0.007943889","-0.0072050034","-0.013963499","-0.020377705","-0.010373334","-0.010835765","-0.016133092","-0.011339596","-0.011538723","-0.0045860168","-0.023036573","-0.014183245","-0.003153893","0.010902799","-0.006406742","-0.01712594","0.0009230043","-0.0017532083","-0.014034494","-0.0038970762","-0.009691642","0.00065829273","0.0020159772","-0.0066735","-0.0004295523","-0.0039763018","0.0055414047","0.0031142994","0.00020551936","-0.0045593185","0.00019011392","-0.0040777926","-0.0021466732","-0.0045848354","0.0016202849","-0.003749743","0.0003040471","-0.0030011972","0.00045753678","0.0034179133","-0.00023160408","-8.856923e-05","0.0009927604","-0.00262229","-0.0008311592","-0.0019204128","0.001693831","-0.0009724535","-0.0026840903","-0.0013402244","-0.0023038934","-0.000955738"
"intestinal polyps","-0.8610144","-0.06204689","-0.022810645","0.0020611463","-0.0009565658","-0.00045902724","-0.018918822","-0.025630439","-0.0039312975","-0.018969087","-0.016530914","-0.035641547","-0.007943889","-0.0072050034","-0.013963499","-0.020377705","-0.010373334","-0.010835765","-0.016133092","-0.011339596","-0.011538723","-0.0045860168","-0.023036573","-0.014183245","-0.003153893","0.010902799","-0.006406742","-0.01712594","0.0009230043","-0.0017532083","-0.014034494","-0.0038970762","-0.009691642","0.00065829273","0.0020159772","-0.0066735","-0.0004295523","-0.0039763018","0.0055414047","0.0031142994","0.00020551936","-0.0045593185","0.00019011392","-0.0040777926","-0.0021466732","-0.0045848354","0.0016202849","-0.003749743","0.0003040471","-0.0030011972","0.00045753678","0.0034179133","-0.00023160408","-8.856923e-05","0.0009927604","-0.00262229","-0.0008311592","-0.0019204128","0.001693831","-0.0009724535","-0.0026840903","-0.0013402244","-0.0023038934","-0.000955738"
"iron-deficiency anaemia","-0.8610144","-0.06204689","-0.022810645","0.0020611463","-0.0009565658","-0.00045902724","-0.018918822","-0.025630439","-0.0039312975","-0.018969087","-0.016530914","-0.035641547","-0.007943889","-0.0072050034","-0.013963499","-0.020377705","-0.010373334","-0.010835765","-0.016133092","-0.011339596","-0.011538723","-0.0045860168","-0.023036573","-0.014183245","-0.003153893","0.010902799","-0.006406742","-0.01712594","0.0009230043","-0.0017532083","-0.014034494","-0.0038970762","-0.009691642","0.00065829273","0.0020159772","-0.0066735","-0.0004295523","-0.0039763018","0.0055414047","0.0031142994","0.00020551936","-0.0045593185","0.00019011392","-0.0040777926","-0.0021466732","-0.0045848354","0.0016202849","-0.003749743","0.0003040471","-0.0030011972","0.00045753678","0.0034179133","-0.00023160408","-8.856923e-05","0.0009927604","-0.00262229","-0.0008311592","-0.0019204128","0.001693831","-0.0009724535","-0.0026840903","-0.0013402244","-0.0023038934","-0.000955738"
"irritable bowel syndrome","-0.8610144","-0.06204689","-0.022810645","0.0020611463","-0.0009565658","-0.00045902724","-0.018918822","-0.025630439","-0.0039312975","-0.018969087","-0.016530914","-0.035641547","-0.007943889","-0.0072050034","-0.013963499","-0.020377705","-0.010373334","-0.010835765","-0.016133092","-0.011339596","-0.011538723","-0.0045860168","-0.023036573","-0.014183245","-0.003153893","0.010902799","-0.006406742","-0.01712594","0.0009230043","-0.0017532083","-0.014034494","-0.0038970762","-0.009691642","0.00065829273","0.0020159772","-0.0066735","-0.0004295523","-0.0039763018","0.0055414047","0.0031142994","0.00020551936","-0.0045593185","0.00019011392","-0.0040777926","-0.0021466732","-0.0045848354","0.0016202849","-0.003749743","0.0003040471","-0.0030011972","0.00045753678","0.0034179133","-0.00023160408","-8.856923e-05","0.0009927604","-0.00262229","-0.0008311592","-0.0019204128","0.001693831","-0.0009724535","-0.0026840903","-0.0013402244","-0.0023038934","-0.000955738"
"ischemic heart disease","-0.8610144","-0.06204689","-0.022810645","0.0020611463","-0.0009565658","-0.00045902724","-0.018918822","-0.025630439","-0.0039312975","-0.018969087","-0.016530914","-0.035641547","-0.007943889","-0.0072050034","-0.013963499","-0.020377705","-0.010373334","-0.010835765","-0.016133092","-0.011339596","-0.011538723","-0.0045860168","-0.023036573","-0.014183245","-0.003153893","0.010902799","-0.006406742","-0.01712594","0.0009230043","-0.0017532083","-0.014034494","-0.0038970762","-0.009691642","0.00065829273","0.0020159772","-0.0066735","-0.0004295523","-0.0039763018","0.0055414047","0.0031142994","0.00020551936","-0.0045593185","0.00019011392","-0.0040777926","-0.0021466732","-0.0045848354","0.0016202849","-0.003749743","0.0003040471","-0.0030011972","0.00045753678","0.0034179133","-0.00023160408","-8.856923e-05","0.0009927604","-0.00262229","-0.0008311592","-0.0019204128","0.001693831","-0.0009724535","-0.0026840903","-0.0013402244","-0.0023038934","-0.000955738"
"lactose intolerance","-0.8610144","-0.06204689","-0.022810645","0.0020611463","-0.0009565658","-0.00045902724","-0.018918822","-0.025630439","-0.0039312975","-0.018969087","-0.016530914","-0.035641547","-0.007943889","-0.0072050034","-0.013963499","-0.020377705","-0.010373334","-0.010835765","-0.016133092","-0.011339596","-0.011538723","-0.0045860168","-0.023036573","-0.014183245","-0.003153893","0.010902799","-0.006406742","-0.01712594","0.0009230043","-0.0017532083","-0.014034494","-0.0038970762","-0.009691642","0.00065829273","0.0020159772","-0.0066735","-0.0004295523","-0.0039763018","0.0055414047","0.0031142994","0.00020551936","-0.0045593185","0.00019011392","-0.0040777926","-0.0021466732","-0.0045848354","0.0016202849","-0.003749743","0.0003040471","-0.0030011972","0.00045753678","0.0034179133","-0.00023160408","-8.856923e-05","0.0009927604","-0.00262229","-0.0008311592","-0.0019204128","0.001693831","-0.0009724535","-0.0026840903","-0.0013402244","-0.0023038934","-0.000955738"
"laryngeal cancer","-0.8610144","-0.06204689","-0.022810645","0.0020611463","-0.0009565658","-0.00045902724","-0.018918822","-0.025630439","-0.0039312975","-0.018969087","-0.016530914","-0.035641547","-0.007943889","-0.0072050034","-0.013963499","-0.020377705","-0.010373334","-0.010835765","-0.016133092","-0.011339596","-0.011538723","-0.0045860168","-0.023036573","-0.014183245","-0.003153893","0.010902799","-0.006406742","-0.01712594","0.0009230043","-0.0017532083","-0.014034494","-0.0038970762","-0.009691642","0.00065829273","0.0020159772","-0.0066735","-0.0004295523","-0.0039763018","0.0055414047","0.0031142994","0.00020551936","-0.0045593185","0.00019011392","-0.0040777926","-0.0021466732","-0.0045848354","0.0016202849","-0.003749743","0.0003040471","-0.0030011972","0.00045753678","0.0034179133","-0.00023160408","-8.856923e-05","0.0009927604","-0.00262229","-0.0008311592","-0.0019204128","0.001693831","-0.0009724535","-0.0026840903","-0.0013402244","-0.0023038934","-0.000955738"
"laryngeal carcinoma","-0.8610144","-0.06204689","-0.022810645","0.0020611463","-0.0009565658","-0.00045902724","-0.018918822","-0.025630439","-0.0039312975","-0.018969087","-0.016530914","-0.035641547","-0.007943889","-0.0072050034","-0.013963499","-0.020377705","-0.010373334","-0.010835765","-0.016133092","-0.011339596","-0.011538723","-0.0045860168","-0.023036573","-0.014183245","-0.003153893","0.010902799","-0.006406742","-0.01712594","0.0009230043","-0.0017532083","-0.014034494","-0.0038970762","-0.009691642","0.00065829273","0.0020159772","-0.0066735","-0.0004295523","-0.0039763018","0.0055414047","0.0031142994","0.00020551936","-0.0045593185","0.00019011392","-0.0040777926","-0.0021466732","-0.0045848354","0.0016202849","-0.003749743","0.0003040471","-0.0030011972","0.00045753678","0.0034179133","-0.00023160408","-8.856923e-05","0.0009927604","-0.00262229","-0.0008311592","-0.0019204128","0.001693831","-0.0009724535","-0.0026840903","-0.0013402244","-0.0023038934","-0.000955738"
"leukemia","-0.8610144","-0.06204689","-0.022810645","0.0020611463","-0.0009565658","-0.00045902724","-0.018918822","-0.025630439","-0.0039312975","-0.018969087","-0.016530914","-0.035641547","-0.007943889","-0.0072050034","-0.013963499","-0.020377705","-0.010373334","-0.010835765","-0.016133092","-0.011339596","-0.011538723","-0.0045860168","-0.023036573","-0.014183245","-0.003153893","0.010902799","-0.006406742","-0.01712594","0.0009230043","-0.0017532083","-0.014034494","-0.0038970762","-0.009691642","0.00065829273","0.0020159772","-0.0066735","-0.0004295523","-0.0039763018","0.0055414047","0.0031142994","0.00020551936","-0.0045593185","0.00019011392","-0.0040777926","-0.0021466732","-0.0045848354","0.0016202849","-0.003749743","0.0003040471","-0.0030011972","0.00045753678","0.0034179133","-0.00023160408","-8.856923e-05","0.0009927604","-0.00262229","-0.0008311592","-0.0019204128","0.001693831","-0.0009724535","-0.0026840903","-0.0013402244","-0.0023038934","-0.000955738"
"lipid metabolism disorder","-0.8610144","-0.06204689","-0.022810645","0.0020611463","-0.0009565658","-0.00045902724","-0.018918822","-0.025630439","-0.0039312975","-0.018969087","-0.016530914","-0.035641547","-0.007943889","-0.0072050034","-0.013963499","-0.020377705","-0.010373334","-0.010835765","-0.016133092","-0.011339596","-0.011538723","-0.0045860168","-0.023036573","-0.014183245","-0.003153893","0.010902799","-0.006406742","-0.01712594","0.0009230043","-0.0017532083","-0.014034494","-0.0038970762","-0.009691642","0.00065829273","0.0020159772","-0.0066735","-0.0004295523","-0.0039763018","0.0055414047","0.0031142994","0.00020551936","-0.0045593185","0.00019011392","-0.0040777926","-0.0021466732","-0.0045848354","0.0016202849","-0.003749743","0.0003040471","-0.0030011972","0.00045753678","0.0034179133","-0.00023160408","-8.856923e-05","0.0009927604","-0.00262229","-0.0008311592","-0.0019204128","0.001693831","-0.0009724535","-0.0026840903","-0.0013402244","-0.0023038934","-0.000955738"
"lipid metabolism dysfunction","-0.8610144","-0.06204689","-0.022810645","0.0020611463","-0.0009565658","-0.00045902724","-0.018918822","-0.025630439","-0.0039312975","-0.018969087","-0.016530914","-0.035641547","-0.007943889","-0.0072050034","-0.013963499","-0.020377705","-0.010373334","-0.010835765","-0.016133092","-0.011339596","-0.011538723","-0.0045860168","-0.023036573","-0.014183245","-0.003153893","0.010902799","-0.006406742","-0.01712594","0.0009230043","-0.0017532083","-0.014034494","-0.0038970762","-0.009691642","0.00065829273","0.0020159772","-0.0066735","-0.0004295523","-0.0039763018","0.0055414047","0.0031142994","0.00020551936","-0.0045593185","0.00019011392","-0.0040777926","-0.0021466732","-0.0045848354","0.0016202849","-0.003749743","0.0003040471","-0.0030011972","0.00045753678","0.0034179133","-0.00023160408","-8.856923e-05","0.0009927604","-0.00262229","-0.0008311592","-0.0019204128","0.001693831","-0.0009724535","-0.0026840903","-0.0013402244","-0.0023038934","-0.000955738"
"liver cancer","-0.8610144","-0.06204689","-0.022810645","0.0020611463","-0.0009565658","-0.00045902724","-0.018918822","-0.025630439","-0.0039312975","-0.018969087","-0.016530914","-0.035641547","-0.007943889","-0.0072050034","-0.013963499","-0.020377705","-0.010373334","-0.010835765","-0.016133092","-0.011339596","-0.011538723","-0.0045860168","-0.023036573","-0.014183245","-0.003153893","0.010902799","-0.006406742","-0.01712594","0.0009230043","-0.0017532083","-0.014034494","-0.0038970762","-0.009691642","0.00065829273","0.0020159772","-0.0066735","-0.0004295523","-0.0039763018","0.0055414047","0.0031142994","0.00020551936","-0.0045593185","0.00019011392","-0.0040777926","-0.0021466732","-0.0045848354","0.0016202849","-0.003749743","0.0003040471","-0.0030011972","0.00045753678","0.0034179133","-0.00023160408","-8.856923e-05","0.0009927604","-0.00262229","-0.0008311592","-0.0019204128","0.001693831","-0.0009724535","-0.0026840903","-0.0013402244","-0.0023038934","-0.000955738"
"liver carcinoma","-0.8610144","-0.06204689","-0.022810645","0.0020611463","-0.0009565658","-0.00045902724","-0.018918822","-0.025630439","-0.0039312975","-0.018969087","-0.016530914","-0.035641547","-0.007943889","-0.0072050034","-0.013963499","-0.020377705","-0.010373334","-0.010835765","-0.016133092","-0.011339596","-0.011538723","-0.0045860168","-0.023036573","-0.014183245","-0.003153893","0.010902799","-0.006406742","-0.01712594","0.0009230043","-0.0017532083","-0.014034494","-0.0038970762","-0.009691642","0.00065829273","0.0020159772","-0.0066735","-0.0004295523","-0.0039763018","0.0055414047","0.0031142994","0.00020551936","-0.0045593185","0.00019011392","-0.0040777926","-0.0021466732","-0.0045848354","0.0016202849","-0.003749743","0.0003040471","-0.0030011972","0.00045753678","0.0034179133","-0.00023160408","-8.856923e-05","0.0009927604","-0.00262229","-0.0008311592","-0.0019204128","0.001693831","-0.0009724535","-0.0026840903","-0.0013402244","-0.0023038934","-0.000955738"
"liver cirrhosis","-0.8610144","-0.06204689","-0.022810645","0.0020611463","-0.0009565658","-0.00045902724","-0.018918822","-0.025630439","-0.0039312975","-0.018969087","-0.016530914","-0.035641547","-0.007943889","-0.0072050034","-0.013963499","-0.020377705","-0.010373334","-0.010835765","-0.016133092","-0.011339596","-0.011538723","-0.0045860168","-0.023036573","-0.014183245","-0.003153893","0.010902799","-0.006406742","-0.01712594","0.0009230043","-0.0017532083","-0.014034494","-0.0038970762","-0.009691642","0.00065829273","0.0020159772","-0.0066735","-0.0004295523","-0.0039763018","0.0055414047","0.0031142994","0.00020551936","-0.0045593185","0.00019011392","-0.0040777926","-0.0021466732","-0.0045848354","0.0016202849","-0.003749743","0.0003040471","-0.0030011972","0.00045753678","0.0034179133","-0.00023160408","-8.856923e-05","0.0009927604","-0.00262229","-0.0008311592","-0.0019204128","0.001693831","-0.0009724535","-0.0026840903","-0.0013402244","-0.0023038934","-0.000955738"
"liver disease","-0.8610144","-0.06204689","-0.022810645","0.0020611463","-0.0009565658","-0.00045902724","-0.018918822","-0.025630439","-0.0039312975","-0.018969087","-0.016530914","-0.035641547","-0.007943889","-0.0072050034","-0.013963499","-0.020377705","-0.010373334","-0.010835765","-0.016133092","-0.011339596","-0.011538723","-0.0045860168","-0.023036573","-0.014183245","-0.003153893","0.010902799","-0.006406742","-0.01712594","0.0009230043","-0.0017532083","-0.014034494","-0.0038970762","-0.009691642","0.00065829273","0.0020159772","-0.0066735","-0.0004295523","-0.0039763018","0.0055414047","0.0031142994","0.00020551936","-0.0045593185","0.00019011392","-0.0040777926","-0.0021466732","-0.0045848354","0.0016202849","-0.003749743","0.0003040471","-0.0030011972","0.00045753678","0.0034179133","-0.00023160408","-8.856923e-05","0.0009927604","-0.00262229","-0.0008311592","-0.0019204128","0.001693831","-0.0009724535","-0.0026840903","-0.0013402244","-0.0023038934","-0.000955738"
"liver inflammation","-0.8610144","-0.06204689","-0.022810645","0.0020611463","-0.0009565658","-0.00045902724","-0.018918822","-0.025630439","-0.0039312975","-0.018969087","-0.016530914","-0.035641547","-0.007943889","-0.0072050034","-0.013963499","-0.020377705","-0.010373334","-0.010835765","-0.016133092","-0.011339596","-0.011538723","-0.0045860168","-0.023036573","-0.014183245","-0.003153893","0.010902799","-0.006406742","-0.01712594","0.0009230043","-0.0017532083","-0.014034494","-0.0038970762","-0.009691642","0.00065829273","0.0020159772","-0.0066735","-0.0004295523","-0.0039763018","0.0055414047","0.0031142994","0.00020551936","-0.0045593185","0.00019011392","-0.0040777926","-0.0021466732","-0.0045848354","0.0016202849","-0.003749743","0.0003040471","-0.0030011972","0.00045753678","0.0034179133","-0.00023160408","-8.856923e-05","0.0009927604","-0.00262229","-0.0008311592","-0.0019204128","0.001693831","-0.0009724535","-0.0026840903","-0.0013402244","-0.0023038934","-0.000955738"
"low-grade inflammation","-0.8610144","-0.06204689","-0.022810645","0.0020611463","-0.0009565658","-0.00045902724","-0.018918822","-0.025630439","-0.0039312975","-0.018969087","-0.016530914","-0.035641547","-0.007943889","-0.0072050034","-0.013963499","-0.020377705","-0.010373334","-0.010835765","-0.016133092","-0.011339596","-0.011538723","-0.0045860168","-0.023036573","-0.014183245","-0.003153893","0.010902799","-0.006406742","-0.01712594","0.0009230043","-0.0017532083","-0.014034494","-0.0038970762","-0.009691642","0.00065829273","0.0020159772","-0.0066735","-0.0004295523","-0.0039763018","0.0055414047","0.0031142994","0.00020551936","-0.0045593185","0.00019011392","-0.0040777926","-0.0021466732","-0.0045848354","0.0016202849","-0.003749743","0.0003040471","-0.0030011972","0.00045753678","0.0034179133","-0.00023160408","-8.856923e-05","0.0009927604","-0.00262229","-0.0008311592","-0.0019204128","0.001693831","-0.0009724535","-0.0026840903","-0.0013402244","-0.0023038934","-0.000955738"
"lung cancer","-0.8610144","-0.06204689","-0.022810645","0.0020611463","-0.0009565658","-0.00045902724","-0.018918822","-0.025630439","-0.0039312975","-0.018969087","-0.016530914","-0.035641547","-0.007943889","-0.0072050034","-0.013963499","-0.020377705","-0.010373334","-0.010835765","-0.016133092","-0.011339596","-0.011538723","-0.0045860168","-0.023036573","-0.014183245","-0.003153893","0.010902799","-0.006406742","-0.01712594","0.0009230043","-0.0017532083","-0.014034494","-0.0038970762","-0.009691642","0.00065829273","0.0020159772","-0.0066735","-0.0004295523","-0.0039763018","0.0055414047","0.0031142994","0.00020551936","-0.0045593185","0.00019011392","-0.0040777926","-0.0021466732","-0.0045848354","0.0016202849","-0.003749743","0.0003040471","-0.0030011972","0.00045753678","0.0034179133","-0.00023160408","-8.856923e-05","0.0009927604","-0.00262229","-0.0008311592","-0.0019204128","0.001693831","-0.0009724535","-0.0026840903","-0.0013402244","-0.0023038934","-0.000955738"
"major depressive disorder","-0.8610144","-0.06204689","-0.022810645","0.0020611463","-0.0009565658","-0.00045902724","-0.018918822","-0.025630439","-0.0039312975","-0.018969087","-0.016530914","-0.035641547","-0.007943889","-0.0072050034","-0.013963499","-0.020377705","-0.010373334","-0.010835765","-0.016133092","-0.011339596","-0.011538723","-0.0045860168","-0.023036573","-0.014183245","-0.003153893","0.010902799","-0.006406742","-0.01712594","0.0009230043","-0.0017532083","-0.014034494","-0.0038970762","-0.009691642","0.00065829273","0.0020159772","-0.0066735","-0.0004295523","-0.0039763018","0.0055414047","0.0031142994","0.00020551936","-0.0045593185","0.00019011392","-0.0040777926","-0.0021466732","-0.0045848354","0.0016202849","-0.003749743","0.0003040471","-0.0030011972","0.00045753678","0.0034179133","-0.00023160408","-8.856923e-05","0.0009927604","-0.00262229","-0.0008311592","-0.0019204128","0.001693831","-0.0009724535","-0.0026840903","-0.0013402244","-0.0023038934","-0.000955738"
"meningitis","-0.8610144","-0.06204689","-0.022810645","0.0020611463","-0.0009565658","-0.00045902724","-0.018918822","-0.025630439","-0.0039312975","-0.018969087","-0.016530914","-0.035641547","-0.007943889","-0.0072050034","-0.013963499","-0.020377705","-0.010373334","-0.010835765","-0.016133092","-0.011339596","-0.011538723","-0.0045860168","-0.023036573","-0.014183245","-0.003153893","0.010902799","-0.006406742","-0.01712594","0.0009230043","-0.0017532083","-0.014034494","-0.0038970762","-0.009691642","0.00065829273","0.0020159772","-0.0066735","-0.0004295523","-0.0039763018","0.0055414047","0.0031142994","0.00020551936","-0.0045593185","0.00019011392","-0.0040777926","-0.0021466732","-0.0045848354","0.0016202849","-0.003749743","0.0003040471","-0.0030011972","0.00045753678","0.0034179133","-0.00023160408","-8.856923e-05","0.0009927604","-0.00262229","-0.0008311592","-0.0019204128","0.001693831","-0.0009724535","-0.0026840903","-0.0013402244","-0.0023038934","-0.000955738"
"metabolic diseases","-0.8610144","-0.06204689","-0.022810645","0.0020611463","-0.0009565658","-0.00045902724","-0.018918822","-0.025630439","-0.0039312975","-0.018969087","-0.016530914","-0.035641547","-0.007943889","-0.0072050034","-0.013963499","-0.020377705","-0.010373334","-0.010835765","-0.016133092","-0.011339596","-0.011538723","-0.0045860168","-0.023036573","-0.014183245","-0.003153893","0.010902799","-0.006406742","-0.01712594","0.0009230043","-0.0017532083","-0.014034494","-0.0038970762","-0.009691642","0.00065829273","0.0020159772","-0.0066735","-0.0004295523","-0.0039763018","0.0055414047","0.0031142994","0.00020551936","-0.0045593185","0.00019011392","-0.0040777926","-0.0021466732","-0.0045848354","0.0016202849","-0.003749743","0.0003040471","-0.0030011972","0.00045753678","0.0034179133","-0.00023160408","-8.856923e-05","0.0009927604","-0.00262229","-0.0008311592","-0.0019204128","0.001693831","-0.0009724535","-0.0026840903","-0.0013402244","-0.0023038934","-0.000955738"
"metabolic disorder","-0.8610144","-0.06204689","-0.022810645","0.0020611463","-0.0009565658","-0.00045902724","-0.018918822","-0.025630439","-0.0039312975","-0.018969087","-0.016530914","-0.035641547","-0.007943889","-0.0072050034","-0.013963499","-0.020377705","-0.010373334","-0.010835765","-0.016133092","-0.011339596","-0.011538723","-0.0045860168","-0.023036573","-0.014183245","-0.003153893","0.010902799","-0.006406742","-0.01712594","0.0009230043","-0.0017532083","-0.014034494","-0.0038970762","-0.009691642","0.00065829273","0.0020159772","-0.0066735","-0.0004295523","-0.0039763018","0.0055414047","0.0031142994","0.00020551936","-0.0045593185","0.00019011392","-0.0040777926","-0.0021466732","-0.0045848354","0.0016202849","-0.003749743","0.0003040471","-0.0030011972","0.00045753678","0.0034179133","-0.00023160408","-8.856923e-05","0.0009927604","-0.00262229","-0.0008311592","-0.0019204128","0.001693831","-0.0009724535","-0.0026840903","-0.0013402244","-0.0023038934","-0.000955738"
"metabolic disorders","-0.8610144","-0.06204689","-0.022810645","0.0020611463","-0.0009565658","-0.00045902724","-0.018918822","-0.025630439","-0.0039312975","-0.018969087","-0.016530914","-0.035641547","-0.007943889","-0.0072050034","-0.013963499","-0.020377705","-0.010373334","-0.010835765","-0.016133092","-0.011339596","-0.011538723","-0.0045860168","-0.023036573","-0.014183245","-0.003153893","0.010902799","-0.006406742","-0.01712594","0.0009230043","-0.0017532083","-0.014034494","-0.0038970762","-0.009691642","0.00065829273","0.0020159772","-0.0066735","-0.0004295523","-0.0039763018","0.0055414047","0.0031142994","0.00020551936","-0.0045593185","0.00019011392","-0.0040777926","-0.0021466732","-0.0045848354","0.0016202849","-0.003749743","0.0003040471","-0.0030011972","0.00045753678","0.0034179133","-0.00023160408","-8.856923e-05","0.0009927604","-0.00262229","-0.0008311592","-0.0019204128","0.001693831","-0.0009724535","-0.0026840903","-0.0013402244","-0.0023038934","-0.000955738"
"metabolic syndrome","-0.8610144","-0.06204689","-0.022810645","0.0020611463","-0.0009565658","-0.00045902724","-0.018918822","-0.025630439","-0.0039312975","-0.018969087","-0.016530914","-0.035641547","-0.007943889","-0.0072050034","-0.013963499","-0.020377705","-0.010373334","-0.010835765","-0.016133092","-0.011339596","-0.011538723","-0.0045860168","-0.023036573","-0.014183245","-0.003153893","0.010902799","-0.006406742","-0.01712594","0.0009230043","-0.0017532083","-0.014034494","-0.0038970762","-0.009691642","0.00065829273","0.0020159772","-0.0066735","-0.0004295523","-0.0039763018","0.0055414047","0.0031142994","0.00020551936","-0.0045593185","0.00019011392","-0.0040777926","-0.0021466732","-0.0045848354","0.0016202849","-0.003749743","0.0003040471","-0.0030011972","0.00045753678","0.0034179133","-0.00023160408","-8.856923e-05","0.0009927604","-0.00262229","-0.0008311592","-0.0019204128","0.001693831","-0.0009724535","-0.0026840903","-0.0013402244","-0.0023038934","-0.000955738"
"microbiota imbalance","-0.8610144","-0.06204689","-0.022810645","0.0020611463","-0.0009565658","-0.00045902724","-0.018918822","-0.025630439","-0.0039312975","-0.018969087","-0.016530914","-0.035641547","-0.007943889","-0.0072050034","-0.013963499","-0.020377705","-0.010373334","-0.010835765","-0.016133092","-0.011339596","-0.011538723","-0.0045860168","-0.023036573","-0.014183245","-0.003153893","0.010902799","-0.006406742","-0.01712594","0.0009230043","-0.0017532083","-0.014034494","-0.0038970762","-0.009691642","0.00065829273","0.0020159772","-0.0066735","-0.0004295523","-0.0039763018","0.0055414047","0.0031142994","0.00020551936","-0.0045593185","0.00019011392","-0.0040777926","-0.0021466732","-0.0045848354","0.0016202849","-0.003749743","0.0003040471","-0.0030011972","0.00045753678","0.0034179133","-0.00023160408","-8.856923e-05","0.0009927604","-0.00262229","-0.0008311592","-0.0019204128","0.001693831","-0.0009724535","-0.0026840903","-0.0013402244","-0.0023038934","-0.000955738"
"milk allergy","-0.8610144","-0.06204689","-0.022810645","0.0020611463","-0.0009565658","-0.00045902724","-0.018918822","-0.025630439","-0.0039312975","-0.018969087","-0.016530914","-0.035641547","-0.007943889","-0.0072050034","-0.013963499","-0.020377705","-0.010373334","-0.010835765","-0.016133092","-0.011339596","-0.011538723","-0.0045860168","-0.023036573","-0.014183245","-0.003153893","0.010902799","-0.006406742","-0.01712594","0.0009230043","-0.0017532083","-0.014034494","-0.0038970762","-0.009691642","0.00065829273","0.0020159772","-0.0066735","-0.0004295523","-0.0039763018","0.0055414047","0.0031142994","0.00020551936","-0.0045593185","0.00019011392","-0.0040777926","-0.0021466732","-0.0045848354","0.0016202849","-0.003749743","0.0003040471","-0.0030011972","0.00045753678","0.0034179133","-0.00023160408","-8.856923e-05","0.0009927604","-0.00262229","-0.0008311592","-0.0019204128","0.001693831","-0.0009724535","-0.0026840903","-0.0013402244","-0.0023038934","-0.000955738"
"multiple sclerosis","-0.8610144","-0.06204689","-0.022810645","0.0020611463","-0.0009565658","-0.00045902724","-0.018918822","-0.025630439","-0.0039312975","-0.018969087","-0.016530914","-0.035641547","-0.007943889","-0.0072050034","-0.013963499","-0.020377705","-0.010373334","-0.010835765","-0.016133092","-0.011339596","-0.011538723","-0.0045860168","-0.023036573","-0.014183245","-0.003153893","0.010902799","-0.006406742","-0.01712594","0.0009230043","-0.0017532083","-0.014034494","-0.0038970762","-0.009691642","0.00065829273","0.0020159772","-0.0066735","-0.0004295523","-0.0039763018","0.0055414047","0.0031142994","0.00020551936","-0.0045593185","0.00019011392","-0.0040777926","-0.0021466732","-0.0045848354","0.0016202849","-0.003749743","0.0003040471","-0.0030011972","0.00045753678","0.0034179133","-0.00023160408","-8.856923e-05","0.0009927604","-0.00262229","-0.0008311592","-0.0019204128","0.001693831","-0.0009724535","-0.0026840903","-0.0013402244","-0.0023038934","-0.000955738"
"myalgic encephalomyelitis/chronic fatigue syndrome","-0.8610144","-0.06204689","-0.022810645","0.0020611463","-0.0009565658","-0.00045902724","-0.018918822","-0.025630439","-0.0039312975","-0.018969087","-0.016530914","-0.035641547","-0.007943889","-0.0072050034","-0.013963499","-0.020377705","-0.010373334","-0.010835765","-0.016133092","-0.011339596","-0.011538723","-0.0045860168","-0.023036573","-0.014183245","-0.003153893","0.010902799","-0.006406742","-0.01712594","0.0009230043","-0.0017532083","-0.014034494","-0.0038970762","-0.009691642","0.00065829273","0.0020159772","-0.0066735","-0.0004295523","-0.0039763018","0.0055414047","0.0031142994","0.00020551936","-0.0045593185","0.00019011392","-0.0040777926","-0.0021466732","-0.0045848354","0.0016202849","-0.003749743","0.0003040471","-0.0030011972","0.00045753678","0.0034179133","-0.00023160408","-8.856923e-05","0.0009927604","-0.00262229","-0.0008311592","-0.0019204128","0.001693831","-0.0009724535","-0.0026840903","-0.0013402244","-0.0023038934","-0.000955738"
"myelination impairments","-0.8610144","-0.06204689","-0.022810645","0.0020611463","-0.0009565658","-0.00045902724","-0.018918822","-0.025630439","-0.0039312975","-0.018969087","-0.016530914","-0.035641547","-0.007943889","-0.0072050034","-0.013963499","-0.020377705","-0.010373334","-0.010835765","-0.016133092","-0.011339596","-0.011538723","-0.0045860168","-0.023036573","-0.014183245","-0.003153893","0.010902799","-0.006406742","-0.01712594","0.0009230043","-0.0017532083","-0.014034494","-0.0038970762","-0.009691642","0.00065829273","0.0020159772","-0.0066735","-0.0004295523","-0.0039763018","0.0055414047","0.0031142994","0.00020551936","-0.0045593185","0.00019011392","-0.0040777926","-0.0021466732","-0.0045848354","0.0016202849","-0.003749743","0.0003040471","-0.0030011972","0.00045753678","0.0034179133","-0.00023160408","-8.856923e-05","0.0009927604","-0.00262229","-0.0008311592","-0.0019204128","0.001693831","-0.0009724535","-0.0026840903","-0.0013402244","-0.0023038934","-0.000955738"
"necrotising enterocolitis","-0.8610144","-0.06204689","-0.022810645","0.0020611463","-0.0009565658","-0.00045902724","-0.018918822","-0.025630439","-0.0039312975","-0.018969087","-0.016530914","-0.035641547","-0.007943889","-0.0072050034","-0.013963499","-0.020377705","-0.010373334","-0.010835765","-0.016133092","-0.011339596","-0.011538723","-0.0045860168","-0.023036573","-0.014183245","-0.003153893","0.010902799","-0.006406742","-0.01712594","0.0009230043","-0.0017532083","-0.014034494","-0.0038970762","-0.009691642","0.00065829273","0.0020159772","-0.0066735","-0.0004295523","-0.0039763018","0.0055414047","0.0031142994","0.00020551936","-0.0045593185","0.00019011392","-0.0040777926","-0.0021466732","-0.0045848354","0.0016202849","-0.003749743","0.0003040471","-0.0030011972","0.00045753678","0.0034179133","-0.00023160408","-8.856923e-05","0.0009927604","-0.00262229","-0.0008311592","-0.0019204128","0.001693831","-0.0009724535","-0.0026840903","-0.0013402244","-0.0023038934","-0.000955738"
"necrotizing enterocolitis","-0.8610144","-0.06204689","-0.022810645","0.0020611463","-0.0009565658","-0.00045902724","-0.018918822","-0.025630439","-0.0039312975","-0.018969087","-0.016530914","-0.035641547","-0.007943889","-0.0072050034","-0.013963499","-0.020377705","-0.010373334","-0.010835765","-0.016133092","-0.011339596","-0.011538723","-0.0045860168","-0.023036573","-0.014183245","-0.003153893","0.010902799","-0.006406742","-0.01712594","0.0009230043","-0.0017532083","-0.014034494","-0.0038970762","-0.009691642","0.00065829273","0.0020159772","-0.0066735","-0.0004295523","-0.0039763018","0.0055414047","0.0031142994","0.00020551936","-0.0045593185","0.00019011392","-0.0040777926","-0.0021466732","-0.0045848354","0.0016202849","-0.003749743","0.0003040471","-0.0030011972","0.00045753678","0.0034179133","-0.00023160408","-8.856923e-05","0.0009927604","-0.00262229","-0.0008311592","-0.0019204128","0.001693831","-0.0009724535","-0.0026840903","-0.0013402244","-0.0023038934","-0.000955738"
"necrotizing fasciitis","-0.8610144","-0.06204689","-0.022810645","0.0020611463","-0.0009565658","-0.00045902724","-0.018918822","-0.025630439","-0.0039312975","-0.018969087","-0.016530914","-0.035641547","-0.007943889","-0.0072050034","-0.013963499","-0.020377705","-0.010373334","-0.010835765","-0.016133092","-0.011339596","-0.011538723","-0.0045860168","-0.023036573","-0.014183245","-0.003153893","0.010902799","-0.006406742","-0.01712594","0.0009230043","-0.0017532083","-0.014034494","-0.0038970762","-0.009691642","0.00065829273","0.0020159772","-0.0066735","-0.0004295523","-0.0039763018","0.0055414047","0.0031142994","0.00020551936","-0.0045593185","0.00019011392","-0.0040777926","-0.0021466732","-0.0045848354","0.0016202849","-0.003749743","0.0003040471","-0.0030011972","0.00045753678","0.0034179133","-0.00023160408","-8.856923e-05","0.0009927604","-0.00262229","-0.0008311592","-0.0019204128","0.001693831","-0.0009724535","-0.0026840903","-0.0013402244","-0.0023038934","-0.000955738"
"neonatal infection","-0.8610144","-0.06204689","-0.022810645","0.0020611463","-0.0009565658","-0.00045902724","-0.018918822","-0.025630439","-0.0039312975","-0.018969087","-0.016530914","-0.035641547","-0.007943889","-0.0072050034","-0.013963499","-0.020377705","-0.010373334","-0.010835765","-0.016133092","-0.011339596","-0.011538723","-0.0045860168","-0.023036573","-0.014183245","-0.003153893","0.010902799","-0.006406742","-0.01712594","0.0009230043","-0.0017532083","-0.014034494","-0.0038970762","-0.009691642","0.00065829273","0.0020159772","-0.0066735","-0.0004295523","-0.0039763018","0.0055414047","0.0031142994","0.00020551936","-0.0045593185","0.00019011392","-0.0040777926","-0.0021466732","-0.0045848354","0.0016202849","-0.003749743","0.0003040471","-0.0030011972","0.00045753678","0.0034179133","-0.00023160408","-8.856923e-05","0.0009927604","-0.00262229","-0.0008311592","-0.0019204128","0.001693831","-0.0009724535","-0.0026840903","-0.0013402244","-0.0023038934","-0.000955738"
"neuroblastoma","-0.8610144","-0.06204689","-0.022810645","0.0020611463","-0.0009565658","-0.00045902724","-0.018918822","-0.025630439","-0.0039312975","-0.018969087","-0.016530914","-0.035641547","-0.007943889","-0.0072050034","-0.013963499","-0.020377705","-0.010373334","-0.010835765","-0.016133092","-0.011339596","-0.011538723","-0.0045860168","-0.023036573","-0.014183245","-0.003153893","0.010902799","-0.006406742","-0.01712594","0.0009230043","-0.0017532083","-0.014034494","-0.0038970762","-0.009691642","0.00065829273","0.0020159772","-0.0066735","-0.0004295523","-0.0039763018","0.0055414047","0.0031142994","0.00020551936","-0.0045593185","0.00019011392","-0.0040777926","-0.0021466732","-0.0045848354","0.0016202849","-0.003749743","0.0003040471","-0.0030011972","0.00045753678","0.0034179133","-0.00023160408","-8.856923e-05","0.0009927604","-0.00262229","-0.0008311592","-0.0019204128","0.001693831","-0.0009724535","-0.0026840903","-0.0013402244","-0.0023038934","-0.000955738"
"neuromyelitis optica","-0.8610144","-0.06204689","-0.022810645","0.0020611463","-0.0009565658","-0.00045902724","-0.018918822","-0.025630439","-0.0039312975","-0.018969087","-0.016530914","-0.035641547","-0.007943889","-0.0072050034","-0.013963499","-0.020377705","-0.010373334","-0.010835765","-0.016133092","-0.011339596","-0.011538723","-0.0045860168","-0.023036573","-0.014183245","-0.003153893","0.010902799","-0.006406742","-0.01712594","0.0009230043","-0.0017532083","-0.014034494","-0.0038970762","-0.009691642","0.00065829273","0.0020159772","-0.0066735","-0.0004295523","-0.0039763018","0.0055414047","0.0031142994","0.00020551936","-0.0045593185","0.00019011392","-0.0040777926","-0.0021466732","-0.0045848354","0.0016202849","-0.003749743","0.0003040471","-0.0030011972","0.00045753678","0.0034179133","-0.00023160408","-8.856923e-05","0.0009927604","-0.00262229","-0.0008311592","-0.0019204128","0.001693831","-0.0009724535","-0.0026840903","-0.0013402244","-0.0023038934","-0.000955738"
"neuropathology","-0.8610144","-0.06204689","-0.022810645","0.0020611463","-0.0009565658","-0.00045902724","-0.018918822","-0.025630439","-0.0039312975","-0.018969087","-0.016530914","-0.035641547","-0.007943889","-0.0072050034","-0.013963499","-0.020377705","-0.010373334","-0.010835765","-0.016133092","-0.011339596","-0.011538723","-0.0045860168","-0.023036573","-0.014183245","-0.003153893","0.010902799","-0.006406742","-0.01712594","0.0009230043","-0.0017532083","-0.014034494","-0.0038970762","-0.009691642","0.00065829273","0.0020159772","-0.0066735","-0.0004295523","-0.0039763018","0.0055414047","0.0031142994","0.00020551936","-0.0045593185","0.00019011392","-0.0040777926","-0.0021466732","-0.0045848354","0.0016202849","-0.003749743","0.0003040471","-0.0030011972","0.00045753678","0.0034179133","-0.00023160408","-8.856923e-05","0.0009927604","-0.00262229","-0.0008311592","-0.0019204128","0.001693831","-0.0009724535","-0.0026840903","-0.0013402244","-0.0023038934","-0.000955738"
"non-HBV non-HCV related hepatocellular carcinoma","-0.8610144","-0.06204689","-0.022810645","0.0020611463","-0.0009565658","-0.00045902724","-0.018918822","-0.025630439","-0.0039312975","-0.018969087","-0.016530914","-0.035641547","-0.007943889","-0.0072050034","-0.013963499","-0.020377705","-0.010373334","-0.010835765","-0.016133092","-0.011339596","-0.011538723","-0.0045860168","-0.023036573","-0.014183245","-0.003153893","0.010902799","-0.006406742","-0.01712594","0.0009230043","-0.0017532083","-0.014034494","-0.0038970762","-0.009691642","0.00065829273","0.0020159772","-0.0066735","-0.0004295523","-0.0039763018","0.0055414047","0.0031142994","0.00020551936","-0.0045593185","0.00019011392","-0.0040777926","-0.0021466732","-0.0045848354","0.0016202849","-0.003749743","0.0003040471","-0.0030011972","0.00045753678","0.0034179133","-0.00023160408","-8.856923e-05","0.0009927604","-0.00262229","-0.0008311592","-0.0019204128","0.001693831","-0.0009724535","-0.0026840903","-0.0013402244","-0.0023038934","-0.000955738"
"non-alcoholic fatty liver disease","-0.8610144","-0.06204689","-0.022810645","0.0020611463","-0.0009565658","-0.00045902724","-0.018918822","-0.025630439","-0.0039312975","-0.018969087","-0.016530914","-0.035641547","-0.007943889","-0.0072050034","-0.013963499","-0.020377705","-0.010373334","-0.010835765","-0.016133092","-0.011339596","-0.011538723","-0.0045860168","-0.023036573","-0.014183245","-0.003153893","0.010902799","-0.006406742","-0.01712594","0.0009230043","-0.0017532083","-0.014034494","-0.0038970762","-0.009691642","0.00065829273","0.0020159772","-0.0066735","-0.0004295523","-0.0039763018","0.0055414047","0.0031142994","0.00020551936","-0.0045593185","0.00019011392","-0.0040777926","-0.0021466732","-0.0045848354","0.0016202849","-0.003749743","0.0003040471","-0.0030011972","0.00045753678","0.0034179133","-0.00023160408","-8.856923e-05","0.0009927604","-0.00262229","-0.0008311592","-0.0019204128","0.001693831","-0.0009724535","-0.0026840903","-0.0013402244","-0.0023038934","-0.000955738"
"non-alcoholic steatohepatitis","-0.8610144","-0.06204689","-0.022810645","0.0020611463","-0.0009565658","-0.00045902724","-0.018918822","-0.025630439","-0.0039312975","-0.018969087","-0.016530914","-0.035641547","-0.007943889","-0.0072050034","-0.013963499","-0.020377705","-0.010373334","-0.010835765","-0.016133092","-0.011339596","-0.011538723","-0.0045860168","-0.023036573","-0.014183245","-0.003153893","0.010902799","-0.006406742","-0.01712594","0.0009230043","-0.0017532083","-0.014034494","-0.0038970762","-0.009691642","0.00065829273","0.0020159772","-0.0066735","-0.0004295523","-0.0039763018","0.0055414047","0.0031142994","0.00020551936","-0.0045593185","0.00019011392","-0.0040777926","-0.0021466732","-0.0045848354","0.0016202849","-0.003749743","0.0003040471","-0.0030011972","0.00045753678","0.0034179133","-0.00023160408","-8.856923e-05","0.0009927604","-0.00262229","-0.0008311592","-0.0019204128","0.001693831","-0.0009724535","-0.0026840903","-0.0013402244","-0.0023038934","-0.000955738"
"non-celiac gluten sensitivity","-0.8610144","-0.06204689","-0.022810645","0.0020611463","-0.0009565658","-0.00045902724","-0.018918822","-0.025630439","-0.0039312975","-0.018969087","-0.016530914","-0.035641547","-0.007943889","-0.0072050034","-0.013963499","-0.020377705","-0.010373334","-0.010835765","-0.016133092","-0.011339596","-0.011538723","-0.0045860168","-0.023036573","-0.014183245","-0.003153893","0.010902799","-0.006406742","-0.01712594","0.0009230043","-0.0017532083","-0.014034494","-0.0038970762","-0.009691642","0.00065829273","0.0020159772","-0.0066735","-0.0004295523","-0.0039763018","0.0055414047","0.0031142994","0.00020551936","-0.0045593185","0.00019011392","-0.0040777926","-0.0021466732","-0.0045848354","0.0016202849","-0.003749743","0.0003040471","-0.0030011972","0.00045753678","0.0034179133","-0.00023160408","-8.856923e-05","0.0009927604","-0.00262229","-0.0008311592","-0.0019204128","0.001693831","-0.0009724535","-0.0026840903","-0.0013402244","-0.0023038934","-0.000955738"
"nonalcoholic steatohepatitis","-0.8610144","-0.06204689","-0.022810645","0.0020611463","-0.0009565658","-0.00045902724","-0.018918822","-0.025630439","-0.0039312975","-0.018969087","-0.016530914","-0.035641547","-0.007943889","-0.0072050034","-0.013963499","-0.020377705","-0.010373334","-0.010835765","-0.016133092","-0.011339596","-0.011538723","-0.0045860168","-0.023036573","-0.014183245","-0.003153893","0.010902799","-0.006406742","-0.01712594","0.0009230043","-0.0017532083","-0.014034494","-0.0038970762","-0.009691642","0.00065829273","0.0020159772","-0.0066735","-0.0004295523","-0.0039763018","0.0055414047","0.0031142994","0.00020551936","-0.0045593185","0.00019011392","-0.0040777926","-0.0021466732","-0.0045848354","0.0016202849","-0.003749743","0.0003040471","-0.0030011972","0.00045753678","0.0034179133","-0.00023160408","-8.856923e-05","0.0009927604","-0.00262229","-0.0008311592","-0.0019204128","0.001693831","-0.0009724535","-0.0026840903","-0.0013402244","-0.0023038934","-0.000955738"
"nosocomial diarrhea","-0.8610144","-0.06204689","-0.022810645","0.0020611463","-0.0009565658","-0.00045902724","-0.018918822","-0.025630439","-0.0039312975","-0.018969087","-0.016530914","-0.035641547","-0.007943889","-0.0072050034","-0.013963499","-0.020377705","-0.010373334","-0.010835765","-0.016133092","-0.011339596","-0.011538723","-0.0045860168","-0.023036573","-0.014183245","-0.003153893","0.010902799","-0.006406742","-0.01712594","0.0009230043","-0.0017532083","-0.014034494","-0.0038970762","-0.009691642","0.00065829273","0.0020159772","-0.0066735","-0.0004295523","-0.0039763018","0.0055414047","0.0031142994","0.00020551936","-0.0045593185","0.00019011392","-0.0040777926","-0.0021466732","-0.0045848354","0.0016202849","-0.003749743","0.0003040471","-0.0030011972","0.00045753678","0.0034179133","-0.00023160408","-8.856923e-05","0.0009927604","-0.00262229","-0.0008311592","-0.0019204128","0.001693831","-0.0009724535","-0.0026840903","-0.0013402244","-0.0023038934","-0.000955738"
"nosocomial infections","-0.8610144","-0.06204689","-0.022810645","0.0020611463","-0.0009565658","-0.00045902724","-0.018918822","-0.025630439","-0.0039312975","-0.018969087","-0.016530914","-0.035641547","-0.007943889","-0.0072050034","-0.013963499","-0.020377705","-0.010373334","-0.010835765","-0.016133092","-0.011339596","-0.011538723","-0.0045860168","-0.023036573","-0.014183245","-0.003153893","0.010902799","-0.006406742","-0.01712594","0.0009230043","-0.0017532083","-0.014034494","-0.0038970762","-0.009691642","0.00065829273","0.0020159772","-0.0066735","-0.0004295523","-0.0039763018","0.0055414047","0.0031142994","0.00020551936","-0.0045593185","0.00019011392","-0.0040777926","-0.0021466732","-0.0045848354","0.0016202849","-0.003749743","0.0003040471","-0.0030011972","0.00045753678","0.0034179133","-0.00023160408","-8.856923e-05","0.0009927604","-0.00262229","-0.0008311592","-0.0019204128","0.001693831","-0.0009724535","-0.0026840903","-0.0013402244","-0.0023038934","-0.000955738"
"obesity","-0.8610144","-0.06204689","-0.022810645","0.0020611463","-0.0009565658","-0.00045902724","-0.018918822","-0.025630439","-0.0039312975","-0.018969087","-0.016530914","-0.035641547","-0.007943889","-0.0072050034","-0.013963499","-0.020377705","-0.010373334","-0.010835765","-0.016133092","-0.011339596","-0.011538723","-0.0045860168","-0.023036573","-0.014183245","-0.003153893","0.010902799","-0.006406742","-0.01712594","0.0009230043","-0.0017532083","-0.014034494","-0.0038970762","-0.009691642","0.00065829273","0.0020159772","-0.0066735","-0.0004295523","-0.0039763018","0.0055414047","0.0031142994","0.00020551936","-0.0045593185","0.00019011392","-0.0040777926","-0.0021466732","-0.0045848354","0.0016202849","-0.003749743","0.0003040471","-0.0030011972","0.00045753678","0.0034179133","-0.00023160408","-8.856923e-05","0.0009927604","-0.00262229","-0.0008311592","-0.0019204128","0.001693831","-0.0009724535","-0.0026840903","-0.0013402244","-0.0023038934","-0.000955738"
"oesophageal adenocarcinoma","1.377927","-0.18748923","-0.069651105","-0.02208073","0.035487484","0.006648746","-0.046392027","-0.119269125","-0.0008902143","-0.104840934","-0.19109789","-0.13272747","-0.11803392","-0.14457536","-0.15421328","-0.1933235","-0.2088292","-0.07727887","0.18347178","-0.1631871","-0.17080514","0.94189006","-1.001663","-0.6242864","-0.7705906","-0.37345257","-0.8396217","-1.4444834","1.5397767","2.5891645","-2.9203753","-1.7202898","1.2966114","0.45085898","1.8197578","0.6285409","-1.0220172","-0.4610035","1.8315908","1.2551177","-0.9386103","0.20560011","-0.6327758","2.9281397","-1.3637359","1.0765872","-0.3185616","-0.44820982","0.9663375","1.0264925","-0.15854447","-0.08941183","1.1079795","1.3295844","-2.048804","-1.9055364","-0.89565927","1.5796659","-1.9789127","-0.66781175","-0.24039184","1.1255026","-1.0740213","-0.12412955"
"oesophageal squamous cell carcinoma","-0.8610144","-0.06204689","-0.022810645","0.0020611463","-0.0009565658","-0.00045902724","-0.018918822","-0.025630439","-0.0039312975","-0.018969087","-0.016530914","-0.035641547","-0.007943889","-0.0072050034","-0.013963499","-0.020377705","-0.010373334","-0.010835765","-0.016133092","-0.011339596","-0.011538723","-0.0045860168","-0.023036573","-0.014183245","-0.003153893","0.010902799","-0.006406742","-0.01712594","0.0009230043","-0.0017532083","-0.014034494","-0.0038970762","-0.009691642","0.00065829273","0.0020159772","-0.0066735","-0.0004295523","-0.0039763018","0.0055414047","0.0031142994","0.00020551936","-0.0045593185","0.00019011392","-0.0040777926","-0.0021466732","-0.0045848354","0.0016202849","-0.003749743","0.0003040471","-0.0030011972","0.00045753678","0.0034179133","-0.00023160408","-8.856923e-05","0.0009927604","-0.00262229","-0.0008311592","-0.0019204128","0.001693831","-0.0009724535","-0.0026840903","-0.0013402244","-0.0023038934","-0.000955738"
"opportunistic pathogen infection","-0.8610144","-0.06204689","-0.022810645","0.0020611463","-0.0009565658","-0.00045902724","-0.018918822","-0.025630439","-0.0039312975","-0.018969087","-0.016530914","-0.035641547","-0.007943889","-0.0072050034","-0.013963499","-0.020377705","-0.010373334","-0.010835765","-0.016133092","-0.011339596","-0.011538723","-0.0045860168","-0.023036573","-0.014183245","-0.003153893","0.010902799","-0.006406742","-0.01712594","0.0009230043","-0.0017532083","-0.014034494","-0.0038970762","-0.009691642","0.00065829273","0.0020159772","-0.0066735","-0.0004295523","-0.0039763018","0.0055414047","0.0031142994","0.00020551936","-0.0045593185","0.00019011392","-0.0040777926","-0.0021466732","-0.0045848354","0.0016202849","-0.003749743","0.0003040471","-0.0030011972","0.00045753678","0.0034179133","-0.00023160408","-8.856923e-05","0.0009927604","-0.00262229","-0.0008311592","-0.0019204128","0.001693831","-0.0009724535","-0.0026840903","-0.0013402244","-0.0023038934","-0.000955738"
"opportunistic pulmonary infections","-0.8610144","-0.06204689","-0.022810645","0.0020611463","-0.0009565658","-0.00045902724","-0.018918822","-0.025630439","-0.0039312975","-0.018969087","-0.016530914","-0.035641547","-0.007943889","-0.0072050034","-0.013963499","-0.020377705","-0.010373334","-0.010835765","-0.016133092","-0.011339596","-0.011538723","-0.0045860168","-0.023036573","-0.014183245","-0.003153893","0.010902799","-0.006406742","-0.01712594","0.0009230043","-0.0017532083","-0.014034494","-0.0038970762","-0.009691642","0.00065829273","0.0020159772","-0.0066735","-0.0004295523","-0.0039763018","0.0055414047","0.0031142994","0.00020551936","-0.0045593185","0.00019011392","-0.0040777926","-0.0021466732","-0.0045848354","0.0016202849","-0.003749743","0.0003040471","-0.0030011972","0.00045753678","0.0034179133","-0.00023160408","-8.856923e-05","0.0009927604","-0.00262229","-0.0008311592","-0.0019204128","0.001693831","-0.0009724535","-0.0026840903","-0.0013402244","-0.0023038934","-0.000955738"
"oral cancer","-0.8610144","-0.06204689","-0.022810645","0.0020611463","-0.0009565658","-0.00045902724","-0.018918822","-0.025630439","-0.0039312975","-0.018969087","-0.016530914","-0.035641547","-0.007943889","-0.0072050034","-0.013963499","-0.020377705","-0.010373334","-0.010835765","-0.016133092","-0.011339596","-0.011538723","-0.0045860168","-0.023036573","-0.014183245","-0.003153893","0.010902799","-0.006406742","-0.01712594","0.0009230043","-0.0017532083","-0.014034494","-0.0038970762","-0.009691642","0.00065829273","0.0020159772","-0.0066735","-0.0004295523","-0.0039763018","0.0055414047","0.0031142994","0.00020551936","-0.0045593185","0.00019011392","-0.0040777926","-0.0021466732","-0.0045848354","0.0016202849","-0.003749743","0.0003040471","-0.0030011972","0.00045753678","0.0034179133","-0.00023160408","-8.856923e-05","0.0009927604","-0.00262229","-0.0008311592","-0.0019204128","0.001693831","-0.0009724535","-0.0026840903","-0.0013402244","-0.0023038934","-0.000955738"
"oral squamous cell carcinoma","-0.8610144","-0.06204689","-0.022810645","0.0020611463","-0.0009565658","-0.00045902724","-0.018918822","-0.025630439","-0.0039312975","-0.018969087","-0.016530914","-0.035641547","-0.007943889","-0.0072050034","-0.013963499","-0.020377705","-0.010373334","-0.010835765","-0.016133092","-0.011339596","-0.011538723","-0.0045860168","-0.023036573","-0.014183245","-0.003153893","0.010902799","-0.006406742","-0.01712594","0.0009230043","-0.0017532083","-0.014034494","-0.0038970762","-0.009691642","0.00065829273","0.0020159772","-0.0066735","-0.0004295523","-0.0039763018","0.0055414047","0.0031142994","0.00020551936","-0.0045593185","0.00019011392","-0.0040777926","-0.0021466732","-0.0045848354","0.0016202849","-0.003749743","0.0003040471","-0.0030011972","0.00045753678","0.0034179133","-0.00023160408","-8.856923e-05","0.0009927604","-0.00262229","-0.0008311592","-0.0019204128","0.001693831","-0.0009724535","-0.0026840903","-0.0013402244","-0.0023038934","-0.000955738"
"oral tongue cancer","-0.8610144","-0.06204689","-0.022810645","0.0020611463","-0.0009565658","-0.00045902724","-0.018918822","-0.025630439","-0.0039312975","-0.018969087","-0.016530914","-0.035641547","-0.007943889","-0.0072050034","-0.013963499","-0.020377705","-0.010373334","-0.010835765","-0.016133092","-0.011339596","-0.011538723","-0.0045860168","-0.023036573","-0.014183245","-0.003153893","0.010902799","-0.006406742","-0.01712594","0.0009230043","-0.0017532083","-0.014034494","-0.0038970762","-0.009691642","0.00065829273","0.0020159772","-0.0066735","-0.0004295523","-0.0039763018","0.0055414047","0.0031142994","0.00020551936","-0.0045593185","0.00019011392","-0.0040777926","-0.0021466732","-0.0045848354","0.0016202849","-0.003749743","0.0003040471","-0.0030011972","0.00045753678","0.0034179133","-0.00023160408","-8.856923e-05","0.0009927604","-0.00262229","-0.0008311592","-0.0019204128","0.001693831","-0.0009724535","-0.0026840903","-0.0013402244","-0.0023038934","-0.000955738"
"oropharyngeal cancer","-0.8610144","-0.06204689","-0.022810645","0.0020611463","-0.0009565658","-0.00045902724","-0.018918822","-0.025630439","-0.0039312975","-0.018969087","-0.016530914","-0.035641547","-0.007943889","-0.0072050034","-0.013963499","-0.020377705","-0.010373334","-0.010835765","-0.016133092","-0.011339596","-0.011538723","-0.0045860168","-0.023036573","-0.014183245","-0.003153893","0.010902799","-0.006406742","-0.01712594","0.0009230043","-0.0017532083","-0.014034494","-0.0038970762","-0.009691642","0.00065829273","0.0020159772","-0.0066735","-0.0004295523","-0.0039763018","0.0055414047","0.0031142994","0.00020551936","-0.0045593185","0.00019011392","-0.0040777926","-0.0021466732","-0.0045848354","0.0016202849","-0.003749743","0.0003040471","-0.0030011972","0.00045753678","0.0034179133","-0.00023160408","-8.856923e-05","0.0009927604","-0.00262229","-0.0008311592","-0.0019204128","0.001693831","-0.0009724535","-0.0026840903","-0.0013402244","-0.0023038934","-0.000955738"
"osmotic diarrhea","-0.8610144","-0.06204689","-0.022810645","0.0020611463","-0.0009565658","-0.00045902724","-0.018918822","-0.025630439","-0.0039312975","-0.018969087","-0.016530914","-0.035641547","-0.007943889","-0.0072050034","-0.013963499","-0.020377705","-0.010373334","-0.010835765","-0.016133092","-0.011339596","-0.011538723","-0.0045860168","-0.023036573","-0.014183245","-0.003153893","0.010902799","-0.006406742","-0.01712594","0.0009230043","-0.0017532083","-0.014034494","-0.0038970762","-0.009691642","0.00065829273","0.0020159772","-0.0066735","-0.0004295523","-0.0039763018","0.0055414047","0.0031142994","0.00020551936","-0.0045593185","0.00019011392","-0.0040777926","-0.0021466732","-0.0045848354","0.0016202849","-0.003749743","0.0003040471","-0.0030011972","0.00045753678","0.0034179133","-0.00023160408","-8.856923e-05","0.0009927604","-0.00262229","-0.0008311592","-0.0019204128","0.001693831","-0.0009724535","-0.0026840903","-0.0013402244","-0.0023038934","-0.000955738"
"osteoarthritis","-0.8610144","-0.06204689","-0.022810645","0.0020611463","-0.0009565658","-0.00045902724","-0.018918822","-0.025630439","-0.0039312975","-0.018969087","-0.016530914","-0.035641547","-0.007943889","-0.0072050034","-0.013963499","-0.020377705","-0.010373334","-0.010835765","-0.016133092","-0.011339596","-0.011538723","-0.0045860168","-0.023036573","-0.014183245","-0.003153893","0.010902799","-0.006406742","-0.01712594","0.0009230043","-0.0017532083","-0.014034494","-0.0038970762","-0.009691642","0.00065829273","0.0020159772","-0.0066735","-0.0004295523","-0.0039763018","0.0055414047","0.0031142994","0.00020551936","-0.0045593185","0.00019011392","-0.0040777926","-0.0021466732","-0.0045848354","0.0016202849","-0.003749743","0.0003040471","-0.0030011972","0.00045753678","0.0034179133","-0.00023160408","-8.856923e-05","0.0009927604","-0.00262229","-0.0008311592","-0.0019204128","0.001693831","-0.0009724535","-0.0026840903","-0.0013402244","-0.0023038934","-0.000955738"
"osteoporosis","-0.8610144","-0.06204689","-0.022810645","0.0020611463","-0.0009565658","-0.00045902724","-0.018918822","-0.025630439","-0.0039312975","-0.018969087","-0.016530914","-0.035641547","-0.007943889","-0.0072050034","-0.013963499","-0.020377705","-0.010373334","-0.010835765","-0.016133092","-0.011339596","-0.011538723","-0.0045860168","-0.023036573","-0.014183245","-0.003153893","0.010902799","-0.006406742","-0.01712594","0.0009230043","-0.0017532083","-0.014034494","-0.0038970762","-0.009691642","0.00065829273","0.0020159772","-0.0066735","-0.0004295523","-0.0039763018","0.0055414047","0.0031142994","0.00020551936","-0.0045593185","0.00019011392","-0.0040777926","-0.0021466732","-0.0045848354","0.0016202849","-0.003749743","0.0003040471","-0.0030011972","0.00045753678","0.0034179133","-0.00023160408","-8.856923e-05","0.0009927604","-0.00262229","-0.0008311592","-0.0019204128","0.001693831","-0.0009724535","-0.0026840903","-0.0013402244","-0.0023038934","-0.000955738"
"ovarian cancer","-0.8610144","-0.06204689","-0.022810645","0.0020611463","-0.0009565658","-0.00045902724","-0.018918822","-0.025630439","-0.0039312975","-0.018969087","-0.016530914","-0.035641547","-0.007943889","-0.0072050034","-0.013963499","-0.020377705","-0.010373334","-0.010835765","-0.016133092","-0.011339596","-0.011538723","-0.0045860168","-0.023036573","-0.014183245","-0.003153893","0.010902799","-0.006406742","-0.01712594","0.0009230043","-0.0017532083","-0.014034494","-0.0038970762","-0.009691642","0.00065829273","0.0020159772","-0.0066735","-0.0004295523","-0.0039763018","0.0055414047","0.0031142994","0.00020551936","-0.0045593185","0.00019011392","-0.0040777926","-0.0021466732","-0.0045848354","0.0016202849","-0.003749743","0.0003040471","-0.0030011972","0.00045753678","0.0034179133","-0.00023160408","-8.856923e-05","0.0009927604","-0.00262229","-0.0008311592","-0.0019204128","0.001693831","-0.0009724535","-0.0026840903","-0.0013402244","-0.0023038934","-0.000955738"
"ovarian carcinoma","-0.8610144","-0.06204689","-0.022810645","0.0020611463","-0.0009565658","-0.00045902724","-0.018918822","-0.025630439","-0.0039312975","-0.018969087","-0.016530914","-0.035641547","-0.007943889","-0.0072050034","-0.013963499","-0.020377705","-0.010373334","-0.010835765","-0.016133092","-0.011339596","-0.011538723","-0.0045860168","-0.023036573","-0.014183245","-0.003153893","0.010902799","-0.006406742","-0.01712594","0.0009230043","-0.0017532083","-0.014034494","-0.0038970762","-0.009691642","0.00065829273","0.0020159772","-0.0066735","-0.0004295523","-0.0039763018","0.0055414047","0.0031142994","0.00020551936","-0.0045593185","0.00019011392","-0.0040777926","-0.0021466732","-0.0045848354","0.0016202849","-0.003749743","0.0003040471","-0.0030011972","0.00045753678","0.0034179133","-0.00023160408","-8.856923e-05","0.0009927604","-0.00262229","-0.0008311592","-0.0019204128","0.001693831","-0.0009724535","-0.0026840903","-0.0013402244","-0.0023038934","-0.000955738"
"overweight","-0.8610144","-0.06204689","-0.022810645","0.0020611463","-0.0009565658","-0.00045902724","-0.018918822","-0.025630439","-0.0039312975","-0.018969087","-0.016530914","-0.035641547","-0.007943889","-0.0072050034","-0.013963499","-0.020377705","-0.010373334","-0.010835765","-0.016133092","-0.011339596","-0.011538723","-0.0045860168","-0.023036573","-0.014183245","-0.003153893","0.010902799","-0.006406742","-0.01712594","0.0009230043","-0.0017532083","-0.014034494","-0.0038970762","-0.009691642","0.00065829273","0.0020159772","-0.0066735","-0.0004295523","-0.0039763018","0.0055414047","0.0031142994","0.00020551936","-0.0045593185","0.00019011392","-0.0040777926","-0.0021466732","-0.0045848354","0.0016202849","-0.003749743","0.0003040471","-0.0030011972","0.00045753678","0.0034179133","-0.00023160408","-8.856923e-05","0.0009927604","-0.00262229","-0.0008311592","-0.0019204128","0.001693831","-0.0009724535","-0.0026840903","-0.0013402244","-0.0023038934","-0.000955738"
"oxidative stress-related ailments","-0.8610144","-0.06204689","-0.022810645","0.0020611463","-0.0009565658","-0.00045902724","-0.018918822","-0.025630439","-0.0039312975","-0.018969087","-0.016530914","-0.035641547","-0.007943889","-0.0072050034","-0.013963499","-0.020377705","-0.010373334","-0.010835765","-0.016133092","-0.011339596","-0.011538723","-0.0045860168","-0.023036573","-0.014183245","-0.003153893","0.010902799","-0.006406742","-0.01712594","0.0009230043","-0.0017532083","-0.014034494","-0.0038970762","-0.009691642","0.00065829273","0.0020159772","-0.0066735","-0.0004295523","-0.0039763018","0.0055414047","0.0031142994","0.00020551936","-0.0045593185","0.00019011392","-0.0040777926","-0.0021466732","-0.0045848354","0.0016202849","-0.003749743","0.0003040471","-0.0030011972","0.00045753678","0.0034179133","-0.00023160408","-8.856923e-05","0.0009927604","-0.00262229","-0.0008311592","-0.0019204128","0.001693831","-0.0009724535","-0.0026840903","-0.0013402244","-0.0023038934","-0.000955738"
"pancreatic cancer","-0.8610144","-0.06204689","-0.022810645","0.0020611463","-0.0009565658","-0.00045902724","-0.018918822","-0.025630439","-0.0039312975","-0.018969087","-0.016530914","-0.035641547","-0.007943889","-0.0072050034","-0.013963499","-0.020377705","-0.010373334","-0.010835765","-0.016133092","-0.011339596","-0.011538723","-0.0045860168","-0.023036573","-0.014183245","-0.003153893","0.010902799","-0.006406742","-0.01712594","0.0009230043","-0.0017532083","-0.014034494","-0.0038970762","-0.009691642","0.00065829273","0.0020159772","-0.0066735","-0.0004295523","-0.0039763018","0.0055414047","0.0031142994","0.00020551936","-0.0045593185","0.00019011392","-0.0040777926","-0.0021466732","-0.0045848354","0.0016202849","-0.003749743","0.0003040471","-0.0030011972","0.00045753678","0.0034179133","-0.00023160408","-8.856923e-05","0.0009927604","-0.00262229","-0.0008311592","-0.0019204128","0.001693831","-0.0009724535","-0.0026840903","-0.0013402244","-0.0023038934","-0.000955738"
"pancreatic head cancer","-0.8610144","-0.06204689","-0.022810645","0.0020611463","-0.0009565658","-0.00045902724","-0.018918822","-0.025630439","-0.0039312975","-0.018969087","-0.016530914","-0.035641547","-0.007943889","-0.0072050034","-0.013963499","-0.020377705","-0.010373334","-0.010835765","-0.016133092","-0.011339596","-0.011538723","-0.0045860168","-0.023036573","-0.014183245","-0.003153893","0.010902799","-0.006406742","-0.01712594","0.0009230043","-0.0017532083","-0.014034494","-0.0038970762","-0.009691642","0.00065829273","0.0020159772","-0.0066735","-0.0004295523","-0.0039763018","0.0055414047","0.0031142994","0.00020551936","-0.0045593185","0.00019011392","-0.0040777926","-0.0021466732","-0.0045848354","0.0016202849","-0.003749743","0.0003040471","-0.0030011972","0.00045753678","0.0034179133","-0.00023160408","-8.856923e-05","0.0009927604","-0.00262229","-0.0008311592","-0.0019204128","0.001693831","-0.0009724535","-0.0026840903","-0.0013402244","-0.0023038934","-0.000955738"
"pediatric multiple sclerosis","-0.8610144","-0.06204689","-0.022810645","0.0020611463","-0.0009565658","-0.00045902724","-0.018918822","-0.025630439","-0.0039312975","-0.018969087","-0.016530914","-0.035641547","-0.007943889","-0.0072050034","-0.013963499","-0.020377705","-0.010373334","-0.010835765","-0.016133092","-0.011339596","-0.011538723","-0.0045860168","-0.023036573","-0.014183245","-0.003153893","0.010902799","-0.006406742","-0.01712594","0.0009230043","-0.0017532083","-0.014034494","-0.0038970762","-0.009691642","0.00065829273","0.0020159772","-0.0066735","-0.0004295523","-0.0039763018","0.0055414047","0.0031142994","0.00020551936","-0.0045593185","0.00019011392","-0.0040777926","-0.0021466732","-0.0045848354","0.0016202849","-0.003749743","0.0003040471","-0.0030011972","0.00045753678","0.0034179133","-0.00023160408","-8.856923e-05","0.0009927604","-0.00262229","-0.0008311592","-0.0019204128","0.001693831","-0.0009724535","-0.0026840903","-0.0013402244","-0.0023038934","-0.000955738"
"pediatric obesity","-0.8610144","-0.06204689","-0.022810645","0.0020611463","-0.0009565658","-0.00045902724","-0.018918822","-0.025630439","-0.0039312975","-0.018969087","-0.016530914","-0.035641547","-0.007943889","-0.0072050034","-0.013963499","-0.020377705","-0.010373334","-0.010835765","-0.016133092","-0.011339596","-0.011538723","-0.0045860168","-0.023036573","-0.014183245","-0.003153893","0.010902799","-0.006406742","-0.01712594","0.0009230043","-0.0017532083","-0.014034494","-0.0038970762","-0.009691642","0.00065829273","0.0020159772","-0.0066735","-0.0004295523","-0.0039763018","0.0055414047","0.0031142994","0.00020551936","-0.0045593185","0.00019011392","-0.0040777926","-0.0021466732","-0.0045848354","0.0016202849","-0.003749743","0.0003040471","-0.0030011972","0.00045753678","0.0034179133","-0.00023160408","-8.856923e-05","0.0009927604","-0.00262229","-0.0008311592","-0.0019204128","0.001693831","-0.0009724535","-0.0026840903","-0.0013402244","-0.0023038934","-0.000955738"
"peptic ulcer","-0.8610144","-0.06204689","-0.022810645","0.0020611463","-0.0009565658","-0.00045902724","-0.018918822","-0.025630439","-0.0039312975","-0.018969087","-0.016530914","-0.035641547","-0.007943889","-0.0072050034","-0.013963499","-0.020377705","-0.010373334","-0.010835765","-0.016133092","-0.011339596","-0.011538723","-0.0045860168","-0.023036573","-0.014183245","-0.003153893","0.010902799","-0.006406742","-0.01712594","0.0009230043","-0.0017532083","-0.014034494","-0.0038970762","-0.009691642","0.00065829273","0.0020159772","-0.0066735","-0.0004295523","-0.0039763018","0.0055414047","0.0031142994","0.00020551936","-0.0045593185","0.00019011392","-0.0040777926","-0.0021466732","-0.0045848354","0.0016202849","-0.003749743","0.0003040471","-0.0030011972","0.00045753678","0.0034179133","-0.00023160408","-8.856923e-05","0.0009927604","-0.00262229","-0.0008311592","-0.0019204128","0.001693831","-0.0009724535","-0.0026840903","-0.0013402244","-0.0023038934","-0.000955738"
"peptic ulcer disease","-0.8610144","-0.06204689","-0.022810645","0.0020611463","-0.0009565658","-0.00045902724","-0.018918822","-0.025630439","-0.0039312975","-0.018969087","-0.016530914","-0.035641547","-0.007943889","-0.0072050034","-0.013963499","-0.020377705","-0.010373334","-0.010835765","-0.016133092","-0.011339596","-0.011538723","-0.0045860168","-0.023036573","-0.014183245","-0.003153893","0.010902799","-0.006406742","-0.01712594","0.0009230043","-0.0017532083","-0.014034494","-0.0038970762","-0.009691642","0.00065829273","0.0020159772","-0.0066735","-0.0004295523","-0.0039763018","0.0055414047","0.0031142994","0.00020551936","-0.0045593185","0.00019011392","-0.0040777926","-0.0021466732","-0.0045848354","0.0016202849","-0.003749743","0.0003040471","-0.0030011972","0.00045753678","0.0034179133","-0.00023160408","-8.856923e-05","0.0009927604","-0.00262229","-0.0008311592","-0.0019204128","0.001693831","-0.0009724535","-0.0026840903","-0.0013402244","-0.0023038934","-0.000955738"
"perceived stress","-0.8610144","-0.06204689","-0.022810645","0.0020611463","-0.0009565658","-0.00045902724","-0.018918822","-0.025630439","-0.0039312975","-0.018969087","-0.016530914","-0.035641547","-0.007943889","-0.0072050034","-0.013963499","-0.020377705","-0.010373334","-0.010835765","-0.016133092","-0.011339596","-0.011538723","-0.0045860168","-0.023036573","-0.014183245","-0.003153893","0.010902799","-0.006406742","-0.01712594","0.0009230043","-0.0017532083","-0.014034494","-0.0038970762","-0.009691642","0.00065829273","0.0020159772","-0.0066735","-0.0004295523","-0.0039763018","0.0055414047","0.0031142994","0.00020551936","-0.0045593185","0.00019011392","-0.0040777926","-0.0021466732","-0.0045848354","0.0016202849","-0.003749743","0.0003040471","-0.0030011972","0.00045753678","0.0034179133","-0.00023160408","-8.856923e-05","0.0009927604","-0.00262229","-0.0008311592","-0.0019204128","0.001693831","-0.0009724535","-0.0026840903","-0.0013402244","-0.0023038934","-0.000955738"
"periodontitis","-0.05996678","2.0258496","1.5414082","-0.70056194","-0.07883551","0.13059907","2.426118","16.936676","22.288998","-2.3156314","-1.1784431","-0.7841604","-0.49155995","-0.35678235","-0.14960718","-0.39411315","-0.26746625","-0.35825148","-0.52749777","-0.348108","-1.041403","0.50083655","-0.40092364","0.20831195","-0.066521496","0.0031914462","-0.1455714","0.3054116","0.02715098","-0.08784835","0.109514736","-0.05800296","0.019179301","0.106581956","-0.16793105","-0.15201353","-0.1831097","-0.1158049","0.013576383","-0.049819957","-0.0074214907","0.023955151","0.092303164","-0.03625468","0.070631504","-0.034930605","-0.031581193","0.009495276","-0.04307955","-0.0614822","0.02389282","-0.03521355","0.043065045","0.069728166","0.03818578","0.045505106","0.029455798","0.053871036","-0.017592285","0.011918917","-0.032339554","0.0064021787","-0.04193837","0.0035335913"
"photo-ageing","-0.8610144","-0.06204689","-0.022810645","0.0020611463","-0.0009565658","-0.00045902724","-0.018918822","-0.025630439","-0.0039312975","-0.018969087","-0.016530914","-0.035641547","-0.007943889","-0.0072050034","-0.013963499","-0.020377705","-0.010373334","-0.010835765","-0.016133092","-0.011339596","-0.011538723","-0.0045860168","-0.023036573","-0.014183245","-0.003153893","0.010902799","-0.006406742","-0.01712594","0.0009230043","-0.0017532083","-0.014034494","-0.0038970762","-0.009691642","0.00065829273","0.0020159772","-0.0066735","-0.0004295523","-0.0039763018","0.0055414047","0.0031142994","0.00020551936","-0.0045593185","0.00019011392","-0.0040777926","-0.0021466732","-0.0045848354","0.0016202849","-0.003749743","0.0003040471","-0.0030011972","0.00045753678","0.0034179133","-0.00023160408","-8.856923e-05","0.0009927604","-0.00262229","-0.0008311592","-0.0019204128","0.001693831","-0.0009724535","-0.0026840903","-0.0013402244","-0.0023038934","-0.000955738"
"plaque psoriasis","-0.8610144","-0.06204689","-0.022810645","0.0020611463","-0.0009565658","-0.00045902724","-0.018918822","-0.025630439","-0.0039312975","-0.018969087","-0.016530914","-0.035641547","-0.007943889","-0.0072050034","-0.013963499","-0.020377705","-0.010373334","-0.010835765","-0.016133092","-0.011339596","-0.011538723","-0.0045860168","-0.023036573","-0.014183245","-0.003153893","0.010902799","-0.006406742","-0.01712594","0.0009230043","-0.0017532083","-0.014034494","-0.0038970762","-0.009691642","0.00065829273","0.0020159772","-0.0066735","-0.0004295523","-0.0039763018","0.0055414047","0.0031142994","0.00020551936","-0.0045593185","0.00019011392","-0.0040777926","-0.0021466732","-0.0045848354","0.0016202849","-0.003749743","0.0003040471","-0.0030011972","0.00045753678","0.0034179133","-0.00023160408","-8.856923e-05","0.0009927604","-0.00262229","-0.0008311592","-0.0019204128","0.001693831","-0.0009724535","-0.0026840903","-0.0013402244","-0.0023038934","-0.000955738"
"pneumonia","-0.8610144","-0.06204689","-0.022810645","0.0020611463","-0.0009565658","-0.00045902724","-0.018918822","-0.025630439","-0.0039312975","-0.018969087","-0.016530914","-0.035641547","-0.007943889","-0.0072050034","-0.013963499","-0.020377705","-0.010373334","-0.010835765","-0.016133092","-0.011339596","-0.011538723","-0.0045860168","-0.023036573","-0.014183245","-0.003153893","0.010902799","-0.006406742","-0.01712594","0.0009230043","-0.0017532083","-0.014034494","-0.0038970762","-0.009691642","0.00065829273","0.0020159772","-0.0066735","-0.0004295523","-0.0039763018","0.0055414047","0.0031142994","0.00020551936","-0.0045593185","0.00019011392","-0.0040777926","-0.0021466732","-0.0045848354","0.0016202849","-0.003749743","0.0003040471","-0.0030011972","0.00045753678","0.0034179133","-0.00023160408","-8.856923e-05","0.0009927604","-0.00262229","-0.0008311592","-0.0019204128","0.001693831","-0.0009724535","-0.0026840903","-0.0013402244","-0.0023038934","-0.000955738"
"postoperative delirium","-0.8610144","-0.06204689","-0.022810645","0.0020611463","-0.0009565658","-0.00045902724","-0.018918822","-0.025630439","-0.0039312975","-0.018969087","-0.016530914","-0.035641547","-0.007943889","-0.0072050034","-0.013963499","-0.020377705","-0.010373334","-0.010835765","-0.016133092","-0.011339596","-0.011538723","-0.0045860168","-0.023036573","-0.014183245","-0.003153893","0.010902799","-0.006406742","-0.01712594","0.0009230043","-0.0017532083","-0.014034494","-0.0038970762","-0.009691642","0.00065829273","0.0020159772","-0.0066735","-0.0004295523","-0.0039763018","0.0055414047","0.0031142994","0.00020551936","-0.0045593185","0.00019011392","-0.0040777926","-0.0021466732","-0.0045848354","0.0016202849","-0.003749743","0.0003040471","-0.0030011972","0.00045753678","0.0034179133","-0.00023160408","-8.856923e-05","0.0009927604","-0.00262229","-0.0008311592","-0.0019204128","0.001693831","-0.0009724535","-0.0026840903","-0.0013402244","-0.0023038934","-0.000955738"
"posttransplant complications","-0.8610144","-0.06204689","-0.022810645","0.0020611463","-0.0009565658","-0.00045902724","-0.018918822","-0.025630439","-0.0039312975","-0.018969087","-0.016530914","-0.035641547","-0.007943889","-0.0072050034","-0.013963499","-0.020377705","-0.010373334","-0.010835765","-0.016133092","-0.011339596","-0.011538723","-0.0045860168","-0.023036573","-0.014183245","-0.003153893","0.010902799","-0.006406742","-0.01712594","0.0009230043","-0.0017532083","-0.014034494","-0.0038970762","-0.009691642","0.00065829273","0.0020159772","-0.0066735","-0.0004295523","-0.0039763018","0.0055414047","0.0031142994","0.00020551936","-0.0045593185","0.00019011392","-0.0040777926","-0.0021466732","-0.0045848354","0.0016202849","-0.003749743","0.0003040471","-0.0030011972","0.00045753678","0.0034179133","-0.00023160408","-8.856923e-05","0.0009927604","-0.00262229","-0.0008311592","-0.0019204128","0.001693831","-0.0009724535","-0.0026840903","-0.0013402244","-0.0023038934","-0.000955738"
"posttransplant diarrhea","-0.8610144","-0.06204689","-0.022810645","0.0020611463","-0.0009565658","-0.00045902724","-0.018918822","-0.025630439","-0.0039312975","-0.018969087","-0.016530914","-0.035641547","-0.007943889","-0.0072050034","-0.013963499","-0.020377705","-0.010373334","-0.010835765","-0.016133092","-0.011339596","-0.011538723","-0.0045860168","-0.023036573","-0.014183245","-0.003153893","0.010902799","-0.006406742","-0.01712594","0.0009230043","-0.0017532083","-0.014034494","-0.0038970762","-0.009691642","0.00065829273","0.0020159772","-0.0066735","-0.0004295523","-0.0039763018","0.0055414047","0.0031142994","0.00020551936","-0.0045593185","0.00019011392","-0.0040777926","-0.0021466732","-0.0045848354","0.0016202849","-0.003749743","0.0003040471","-0.0030011972","0.00045753678","0.0034179133","-0.00023160408","-8.856923e-05","0.0009927604","-0.00262229","-0.0008311592","-0.0019204128","0.001693831","-0.0009724535","-0.0026840903","-0.0013402244","-0.0023038934","-0.000955738"
"pouchitis","-0.8610144","-0.06204689","-0.022810645","0.0020611463","-0.0009565658","-0.00045902724","-0.018918822","-0.025630439","-0.0039312975","-0.018969087","-0.016530914","-0.035641547","-0.007943889","-0.0072050034","-0.013963499","-0.020377705","-0.010373334","-0.010835765","-0.016133092","-0.011339596","-0.011538723","-0.0045860168","-0.023036573","-0.014183245","-0.003153893","0.010902799","-0.006406742","-0.01712594","0.0009230043","-0.0017532083","-0.014034494","-0.0038970762","-0.009691642","0.00065829273","0.0020159772","-0.0066735","-0.0004295523","-0.0039763018","0.0055414047","0.0031142994","0.00020551936","-0.0045593185","0.00019011392","-0.0040777926","-0.0021466732","-0.0045848354","0.0016202849","-0.003749743","0.0003040471","-0.0030011972","0.00045753678","0.0034179133","-0.00023160408","-8.856923e-05","0.0009927604","-0.00262229","-0.0008311592","-0.0019204128","0.001693831","-0.0009724535","-0.0026840903","-0.0013402244","-0.0023038934","-0.000955738"
"pre-cancerous pancreatic lesions","-0.8610144","-0.06204689","-0.022810645","0.0020611463","-0.0009565658","-0.00045902724","-0.018918822","-0.025630439","-0.0039312975","-0.018969087","-0.016530914","-0.035641547","-0.007943889","-0.0072050034","-0.013963499","-0.020377705","-0.010373334","-0.010835765","-0.016133092","-0.011339596","-0.011538723","-0.0045860168","-0.023036573","-0.014183245","-0.003153893","0.010902799","-0.006406742","-0.01712594","0.0009230043","-0.0017532083","-0.014034494","-0.0038970762","-0.009691642","0.00065829273","0.0020159772","-0.0066735","-0.0004295523","-0.0039763018","0.0055414047","0.0031142994","0.00020551936","-0.0045593185","0.00019011392","-0.0040777926","-0.0021466732","-0.0045848354","0.0016202849","-0.003749743","0.0003040471","-0.0030011972","0.00045753678","0.0034179133","-0.00023160408","-8.856923e-05","0.0009927604","-0.00262229","-0.0008311592","-0.0019204128","0.001693831","-0.0009724535","-0.0026840903","-0.0013402244","-0.0023038934","-0.000955738"
"preeclampsia","-0.8610144","-0.06204689","-0.022810645","0.0020611463","-0.0009565658","-0.00045902724","-0.018918822","-0.025630439","-0.0039312975","-0.018969087","-0.016530914","-0.035641547","-0.007943889","-0.0072050034","-0.013963499","-0.020377705","-0.010373334","-0.010835765","-0.016133092","-0.011339596","-0.011538723","-0.0045860168","-0.023036573","-0.014183245","-0.003153893","0.010902799","-0.006406742","-0.01712594","0.0009230043","-0.0017532083","-0.014034494","-0.0038970762","-0.009691642","0.00065829273","0.0020159772","-0.0066735","-0.0004295523","-0.0039763018","0.0055414047","0.0031142994","0.00020551936","-0.0045593185","0.00019011392","-0.0040777926","-0.0021466732","-0.0045848354","0.0016202849","-0.003749743","0.0003040471","-0.0030011972","0.00045753678","0.0034179133","-0.00023160408","-8.856923e-05","0.0009927604","-0.00262229","-0.0008311592","-0.0019204128","0.001693831","-0.0009724535","-0.0026840903","-0.0013402244","-0.0023038934","-0.000955738"
"pregnancy-related gastrointestinal issues","-0.8610144","-0.06204689","-0.022810645","0.0020611463","-0.0009565658","-0.00045902724","-0.018918822","-0.025630439","-0.0039312975","-0.018969087","-0.016530914","-0.035641547","-0.007943889","-0.0072050034","-0.013963499","-0.020377705","-0.010373334","-0.010835765","-0.016133092","-0.011339596","-0.011538723","-0.0045860168","-0.023036573","-0.014183245","-0.003153893","0.010902799","-0.006406742","-0.01712594","0.0009230043","-0.0017532083","-0.014034494","-0.0038970762","-0.009691642","0.00065829273","0.0020159772","-0.0066735","-0.0004295523","-0.0039763018","0.0055414047","0.0031142994","0.00020551936","-0.0045593185","0.00019011392","-0.0040777926","-0.0021466732","-0.0045848354","0.0016202849","-0.003749743","0.0003040471","-0.0030011972","0.00045753678","0.0034179133","-0.00023160408","-8.856923e-05","0.0009927604","-0.00262229","-0.0008311592","-0.0019204128","0.001693831","-0.0009724535","-0.0026840903","-0.0013402244","-0.0023038934","-0.000955738"
"preterm infant gut dysbiosis","-0.8610144","-0.06204689","-0.022810645","0.0020611463","-0.0009565658","-0.00045902724","-0.018918822","-0.025630439","-0.0039312975","-0.018969087","-0.016530914","-0.035641547","-0.007943889","-0.0072050034","-0.013963499","-0.020377705","-0.010373334","-0.010835765","-0.016133092","-0.011339596","-0.011538723","-0.0045860168","-0.023036573","-0.014183245","-0.003153893","0.010902799","-0.006406742","-0.01712594","0.0009230043","-0.0017532083","-0.014034494","-0.0038970762","-0.009691642","0.00065829273","0.0020159772","-0.0066735","-0.0004295523","-0.0039763018","0.0055414047","0.0031142994","0.00020551936","-0.0045593185","0.00019011392","-0.0040777926","-0.0021466732","-0.0045848354","0.0016202849","-0.003749743","0.0003040471","-0.0030011972","0.00045753678","0.0034179133","-0.00023160408","-8.856923e-05","0.0009927604","-0.00262229","-0.0008311592","-0.0019204128","0.001693831","-0.0009724535","-0.0026840903","-0.0013402244","-0.0023038934","-0.000955738"
"primary Sjogrens syndrome","-0.8610144","-0.06204689","-0.022810645","0.0020611463","-0.0009565658","-0.00045902724","-0.018918822","-0.025630439","-0.0039312975","-0.018969087","-0.016530914","-0.035641547","-0.007943889","-0.0072050034","-0.013963499","-0.020377705","-0.010373334","-0.010835765","-0.016133092","-0.011339596","-0.011538723","-0.0045860168","-0.023036573","-0.014183245","-0.003153893","0.010902799","-0.006406742","-0.01712594","0.0009230043","-0.0017532083","-0.014034494","-0.0038970762","-0.009691642","0.00065829273","0.0020159772","-0.0066735","-0.0004295523","-0.0039763018","0.0055414047","0.0031142994","0.00020551936","-0.0045593185","0.00019011392","-0.0040777926","-0.0021466732","-0.0045848354","0.0016202849","-0.003749743","0.0003040471","-0.0030011972","0.00045753678","0.0034179133","-0.00023160408","-8.856923e-05","0.0009927604","-0.00262229","-0.0008311592","-0.0019204128","0.001693831","-0.0009724535","-0.0026840903","-0.0013402244","-0.0023038934","-0.000955738"
"primary biliary cholangitis","-0.8610144","-0.06204689","-0.022810645","0.0020611463","-0.0009565658","-0.00045902724","-0.018918822","-0.025630439","-0.0039312975","-0.018969087","-0.016530914","-0.035641547","-0.007943889","-0.0072050034","-0.013963499","-0.020377705","-0.010373334","-0.010835765","-0.016133092","-0.011339596","-0.011538723","-0.0045860168","-0.023036573","-0.014183245","-0.003153893","0.010902799","-0.006406742","-0.01712594","0.0009230043","-0.0017532083","-0.014034494","-0.0038970762","-0.009691642","0.00065829273","0.0020159772","-0.0066735","-0.0004295523","-0.0039763018","0.0055414047","0.0031142994","0.00020551936","-0.0045593185","0.00019011392","-0.0040777926","-0.0021466732","-0.0045848354","0.0016202849","-0.003749743","0.0003040471","-0.0030011972","0.00045753678","0.0034179133","-0.00023160408","-8.856923e-05","0.0009927604","-0.00262229","-0.0008311592","-0.0019204128","0.001693831","-0.0009724535","-0.0026840903","-0.0013402244","-0.0023038934","-0.000955738"
"primary liver cancer","-0.8610144","-0.06204689","-0.022810645","0.0020611463","-0.0009565658","-0.00045902724","-0.018918822","-0.025630439","-0.0039312975","-0.018969087","-0.016530914","-0.035641547","-0.007943889","-0.0072050034","-0.013963499","-0.020377705","-0.010373334","-0.010835765","-0.016133092","-0.011339596","-0.011538723","-0.0045860168","-0.023036573","-0.014183245","-0.003153893","0.010902799","-0.006406742","-0.01712594","0.0009230043","-0.0017532083","-0.014034494","-0.0038970762","-0.009691642","0.00065829273","0.0020159772","-0.0066735","-0.0004295523","-0.0039763018","0.0055414047","0.0031142994","0.00020551936","-0.0045593185","0.00019011392","-0.0040777926","-0.0021466732","-0.0045848354","0.0016202849","-0.003749743","0.0003040471","-0.0030011972","0.00045753678","0.0034179133","-0.00023160408","-8.856923e-05","0.0009927604","-0.00262229","-0.0008311592","-0.0019204128","0.001693831","-0.0009724535","-0.0026840903","-0.0013402244","-0.0023038934","-0.000955738"
"primary sclerosing cholangitis","-0.8610144","-0.06204689","-0.022810645","0.0020611463","-0.0009565658","-0.00045902724","-0.018918822","-0.025630439","-0.0039312975","-0.018969087","-0.016530914","-0.035641547","-0.007943889","-0.0072050034","-0.013963499","-0.020377705","-0.010373334","-0.010835765","-0.016133092","-0.011339596","-0.011538723","-0.0045860168","-0.023036573","-0.014183245","-0.003153893","0.010902799","-0.006406742","-0.01712594","0.0009230043","-0.0017532083","-0.014034494","-0.0038970762","-0.009691642","0.00065829273","0.0020159772","-0.0066735","-0.0004295523","-0.0039763018","0.0055414047","0.0031142994","0.00020551936","-0.0045593185","0.00019011392","-0.0040777926","-0.0021466732","-0.0045848354","0.0016202849","-0.003749743","0.0003040471","-0.0030011972","0.00045753678","0.0034179133","-0.00023160408","-8.856923e-05","0.0009927604","-0.00262229","-0.0008311592","-0.0019204128","0.001693831","-0.0009724535","-0.0026840903","-0.0013402244","-0.0023038934","-0.000955738"
"prostate cancer","-0.8610144","-0.06204689","-0.022810645","0.0020611463","-0.0009565658","-0.00045902724","-0.018918822","-0.025630439","-0.0039312975","-0.018969087","-0.016530914","-0.035641547","-0.007943889","-0.0072050034","-0.013963499","-0.020377705","-0.010373334","-0.010835765","-0.016133092","-0.011339596","-0.011538723","-0.0045860168","-0.023036573","-0.014183245","-0.003153893","0.010902799","-0.006406742","-0.01712594","0.0009230043","-0.0017532083","-0.014034494","-0.0038970762","-0.009691642","0.00065829273","0.0020159772","-0.0066735","-0.0004295523","-0.0039763018","0.0055414047","0.0031142994","0.00020551936","-0.0045593185","0.00019011392","-0.0040777926","-0.0021466732","-0.0045848354","0.0016202849","-0.003749743","0.0003040471","-0.0030011972","0.00045753678","0.0034179133","-0.00023160408","-8.856923e-05","0.0009927604","-0.00262229","-0.0008311592","-0.0019204128","0.001693831","-0.0009724535","-0.0026840903","-0.0013402244","-0.0023038934","-0.000955738"
"protein-energy undernutrition","-0.8610144","-0.06204689","-0.022810645","0.0020611463","-0.0009565658","-0.00045902724","-0.018918822","-0.025630439","-0.0039312975","-0.018969087","-0.016530914","-0.035641547","-0.007943889","-0.0072050034","-0.013963499","-0.020377705","-0.010373334","-0.010835765","-0.016133092","-0.011339596","-0.011538723","-0.0045860168","-0.023036573","-0.014183245","-0.003153893","0.010902799","-0.006406742","-0.01712594","0.0009230043","-0.0017532083","-0.014034494","-0.0038970762","-0.009691642","0.00065829273","0.0020159772","-0.0066735","-0.0004295523","-0.0039763018","0.0055414047","0.0031142994","0.00020551936","-0.0045593185","0.00019011392","-0.0040777926","-0.0021466732","-0.0045848354","0.0016202849","-0.003749743","0.0003040471","-0.0030011972","0.00045753678","0.0034179133","-0.00023160408","-8.856923e-05","0.0009927604","-0.00262229","-0.0008311592","-0.0019204128","0.001693831","-0.0009724535","-0.0026840903","-0.0013402244","-0.0023038934","-0.000955738"
"pseudomembraneous colitis","-0.8610144","-0.06204689","-0.022810645","0.0020611463","-0.0009565658","-0.00045902724","-0.018918822","-0.025630439","-0.0039312975","-0.018969087","-0.016530914","-0.035641547","-0.007943889","-0.0072050034","-0.013963499","-0.020377705","-0.010373334","-0.010835765","-0.016133092","-0.011339596","-0.011538723","-0.0045860168","-0.023036573","-0.014183245","-0.003153893","0.010902799","-0.006406742","-0.01712594","0.0009230043","-0.0017532083","-0.014034494","-0.0038970762","-0.009691642","0.00065829273","0.0020159772","-0.0066735","-0.0004295523","-0.0039763018","0.0055414047","0.0031142994","0.00020551936","-0.0045593185","0.00019011392","-0.0040777926","-0.0021466732","-0.0045848354","0.0016202849","-0.003749743","0.0003040471","-0.0030011972","0.00045753678","0.0034179133","-0.00023160408","-8.856923e-05","0.0009927604","-0.00262229","-0.0008311592","-0.0019204128","0.001693831","-0.0009724535","-0.0026840903","-0.0013402244","-0.0023038934","-0.000955738"
"psoriasis","-0.8610144","-0.06204689","-0.022810645","0.0020611463","-0.0009565658","-0.00045902724","-0.018918822","-0.025630439","-0.0039312975","-0.018969087","-0.016530914","-0.035641547","-0.007943889","-0.0072050034","-0.013963499","-0.020377705","-0.010373334","-0.010835765","-0.016133092","-0.011339596","-0.011538723","-0.0045860168","-0.023036573","-0.014183245","-0.003153893","0.010902799","-0.006406742","-0.01712594","0.0009230043","-0.0017532083","-0.014034494","-0.0038970762","-0.009691642","0.00065829273","0.0020159772","-0.0066735","-0.0004295523","-0.0039763018","0.0055414047","0.0031142994","0.00020551936","-0.0045593185","0.00019011392","-0.0040777926","-0.0021466732","-0.0045848354","0.0016202849","-0.003749743","0.0003040471","-0.0030011972","0.00045753678","0.0034179133","-0.00023160408","-8.856923e-05","0.0009927604","-0.00262229","-0.0008311592","-0.0019204128","0.001693831","-0.0009724535","-0.0026840903","-0.0013402244","-0.0023038934","-0.000955738"
"pyogenic liver abscess","-0.8610144","-0.06204689","-0.022810645","0.0020611463","-0.0009565658","-0.00045902724","-0.018918822","-0.025630439","-0.0039312975","-0.018969087","-0.016530914","-0.035641547","-0.007943889","-0.0072050034","-0.013963499","-0.020377705","-0.010373334","-0.010835765","-0.016133092","-0.011339596","-0.011538723","-0.0045860168","-0.023036573","-0.014183245","-0.003153893","0.010902799","-0.006406742","-0.01712594","0.0009230043","-0.0017532083","-0.014034494","-0.0038970762","-0.009691642","0.00065829273","0.0020159772","-0.0066735","-0.0004295523","-0.0039763018","0.0055414047","0.0031142994","0.00020551936","-0.0045593185","0.00019011392","-0.0040777926","-0.0021466732","-0.0045848354","0.0016202849","-0.003749743","0.0003040471","-0.0030011972","0.00045753678","0.0034179133","-0.00023160408","-8.856923e-05","0.0009927604","-0.00262229","-0.0008311592","-0.0019204128","0.001693831","-0.0009724535","-0.0026840903","-0.0013402244","-0.0023038934","-0.000955738"
"reactive hypoglycemia","-0.8610144","-0.06204689","-0.022810645","0.0020611463","-0.0009565658","-0.00045902724","-0.018918822","-0.025630439","-0.0039312975","-0.018969087","-0.016530914","-0.035641547","-0.007943889","-0.0072050034","-0.013963499","-0.020377705","-0.010373334","-0.010835765","-0.016133092","-0.011339596","-0.011538723","-0.0045860168","-0.023036573","-0.014183245","-0.003153893","0.010902799","-0.006406742","-0.01712594","0.0009230043","-0.0017532083","-0.014034494","-0.0038970762","-0.009691642","0.00065829273","0.0020159772","-0.0066735","-0.0004295523","-0.0039763018","0.0055414047","0.0031142994","0.00020551936","-0.0045593185","0.00019011392","-0.0040777926","-0.0021466732","-0.0045848354","0.0016202849","-0.003749743","0.0003040471","-0.0030011972","0.00045753678","0.0034179133","-0.00023160408","-8.856923e-05","0.0009927604","-0.00262229","-0.0008311592","-0.0019204128","0.001693831","-0.0009724535","-0.0026840903","-0.0013402244","-0.0023038934","-0.000955738"
"rectal cancer","-0.8610144","-0.06204689","-0.022810645","0.0020611463","-0.0009565658","-0.00045902724","-0.018918822","-0.025630439","-0.0039312975","-0.018969087","-0.016530914","-0.035641547","-0.007943889","-0.0072050034","-0.013963499","-0.020377705","-0.010373334","-0.010835765","-0.016133092","-0.011339596","-0.011538723","-0.0045860168","-0.023036573","-0.014183245","-0.003153893","0.010902799","-0.006406742","-0.01712594","0.0009230043","-0.0017532083","-0.014034494","-0.0038970762","-0.009691642","0.00065829273","0.0020159772","-0.0066735","-0.0004295523","-0.0039763018","0.0055414047","0.0031142994","0.00020551936","-0.0045593185","0.00019011392","-0.0040777926","-0.0021466732","-0.0045848354","0.0016202849","-0.003749743","0.0003040471","-0.0030011972","0.00045753678","0.0034179133","-0.00023160408","-8.856923e-05","0.0009927604","-0.00262229","-0.0008311592","-0.0019204128","0.001693831","-0.0009724535","-0.0026840903","-0.0013402244","-0.0023038934","-0.000955738"
"rectal neoplasms","-0.8610144","-0.06204689","-0.022810645","0.0020611463","-0.0009565658","-0.00045902724","-0.018918822","-0.025630439","-0.0039312975","-0.018969087","-0.016530914","-0.035641547","-0.007943889","-0.0072050034","-0.013963499","-0.020377705","-0.010373334","-0.010835765","-0.016133092","-0.011339596","-0.011538723","-0.0045860168","-0.023036573","-0.014183245","-0.003153893","0.010902799","-0.006406742","-0.01712594","0.0009230043","-0.0017532083","-0.014034494","-0.0038970762","-0.009691642","0.00065829273","0.0020159772","-0.0066735","-0.0004295523","-0.0039763018","0.0055414047","0.0031142994","0.00020551936","-0.0045593185","0.00019011392","-0.0040777926","-0.0021466732","-0.0045848354","0.0016202849","-0.003749743","0.0003040471","-0.0030011972","0.00045753678","0.0034179133","-0.00023160408","-8.856923e-05","0.0009927604","-0.00262229","-0.0008311592","-0.0019204128","0.001693831","-0.0009724535","-0.0026840903","-0.0013402244","-0.0023038934","-0.000955738"
"recurrent wheeze","-0.8610144","-0.06204689","-0.022810645","0.0020611463","-0.0009565658","-0.00045902724","-0.018918822","-0.025630439","-0.0039312975","-0.018969087","-0.016530914","-0.035641547","-0.007943889","-0.0072050034","-0.013963499","-0.020377705","-0.010373334","-0.010835765","-0.016133092","-0.011339596","-0.011538723","-0.0045860168","-0.023036573","-0.014183245","-0.003153893","0.010902799","-0.006406742","-0.01712594","0.0009230043","-0.0017532083","-0.014034494","-0.0038970762","-0.009691642","0.00065829273","0.0020159772","-0.0066735","-0.0004295523","-0.0039763018","0.0055414047","0.0031142994","0.00020551936","-0.0045593185","0.00019011392","-0.0040777926","-0.0021466732","-0.0045848354","0.0016202849","-0.003749743","0.0003040471","-0.0030011972","0.00045753678","0.0034179133","-0.00023160408","-8.856923e-05","0.0009927604","-0.00262229","-0.0008311592","-0.0019204128","0.001693831","-0.0009724535","-0.0026840903","-0.0013402244","-0.0023038934","-0.000955738"
"refractory epilepsy","-0.8610144","-0.06204689","-0.022810645","0.0020611463","-0.0009565658","-0.00045902724","-0.018918822","-0.025630439","-0.0039312975","-0.018969087","-0.016530914","-0.035641547","-0.007943889","-0.0072050034","-0.013963499","-0.020377705","-0.010373334","-0.010835765","-0.016133092","-0.011339596","-0.011538723","-0.0045860168","-0.023036573","-0.014183245","-0.003153893","0.010902799","-0.006406742","-0.01712594","0.0009230043","-0.0017532083","-0.014034494","-0.0038970762","-0.009691642","0.00065829273","0.0020159772","-0.0066735","-0.0004295523","-0.0039763018","0.0055414047","0.0031142994","0.00020551936","-0.0045593185","0.00019011392","-0.0040777926","-0.0021466732","-0.0045848354","0.0016202849","-0.003749743","0.0003040471","-0.0030011972","0.00045753678","0.0034179133","-0.00023160408","-8.856923e-05","0.0009927604","-0.00262229","-0.0008311592","-0.0019204128","0.001693831","-0.0009724535","-0.0026840903","-0.0013402244","-0.0023038934","-0.000955738"
"relapsing-remitting multiple sclerosis","-0.8610144","-0.06204689","-0.022810645","0.0020611463","-0.0009565658","-0.00045902724","-0.018918822","-0.025630439","-0.0039312975","-0.018969087","-0.016530914","-0.035641547","-0.007943889","-0.0072050034","-0.013963499","-0.020377705","-0.010373334","-0.010835765","-0.016133092","-0.011339596","-0.011538723","-0.0045860168","-0.023036573","-0.014183245","-0.003153893","0.010902799","-0.006406742","-0.01712594","0.0009230043","-0.0017532083","-0.014034494","-0.0038970762","-0.009691642","0.00065829273","0.0020159772","-0.0066735","-0.0004295523","-0.0039763018","0.0055414047","0.0031142994","0.00020551936","-0.0045593185","0.00019011392","-0.0040777926","-0.0021466732","-0.0045848354","0.0016202849","-0.003749743","0.0003040471","-0.0030011972","0.00045753678","0.0034179133","-0.00023160408","-8.856923e-05","0.0009927604","-0.00262229","-0.0008311592","-0.0019204128","0.001693831","-0.0009724535","-0.0026840903","-0.0013402244","-0.0023038934","-0.000955738"
"respiratory infections","-0.8610144","-0.06204689","-0.022810645","0.0020611463","-0.0009565658","-0.00045902724","-0.018918822","-0.025630439","-0.0039312975","-0.018969087","-0.016530914","-0.035641547","-0.007943889","-0.0072050034","-0.013963499","-0.020377705","-0.010373334","-0.010835765","-0.016133092","-0.011339596","-0.011538723","-0.0045860168","-0.023036573","-0.014183245","-0.003153893","0.010902799","-0.006406742","-0.01712594","0.0009230043","-0.0017532083","-0.014034494","-0.0038970762","-0.009691642","0.00065829273","0.0020159772","-0.0066735","-0.0004295523","-0.0039763018","0.0055414047","0.0031142994","0.00020551936","-0.0045593185","0.00019011392","-0.0040777926","-0.0021466732","-0.0045848354","0.0016202849","-0.003749743","0.0003040471","-0.0030011972","0.00045753678","0.0034179133","-0.00023160408","-8.856923e-05","0.0009927604","-0.00262229","-0.0008311592","-0.0019204128","0.001693831","-0.0009724535","-0.0026840903","-0.0013402244","-0.0023038934","-0.000955738"
"respiratory tract infections","-0.8610144","-0.06204689","-0.022810645","0.0020611463","-0.0009565658","-0.00045902724","-0.018918822","-0.025630439","-0.0039312975","-0.018969087","-0.016530914","-0.035641547","-0.007943889","-0.0072050034","-0.013963499","-0.020377705","-0.010373334","-0.010835765","-0.016133092","-0.011339596","-0.011538723","-0.0045860168","-0.023036573","-0.014183245","-0.003153893","0.010902799","-0.006406742","-0.01712594","0.0009230043","-0.0017532083","-0.014034494","-0.0038970762","-0.009691642","0.00065829273","0.0020159772","-0.0066735","-0.0004295523","-0.0039763018","0.0055414047","0.0031142994","0.00020551936","-0.0045593185","0.00019011392","-0.0040777926","-0.0021466732","-0.0045848354","0.0016202849","-0.003749743","0.0003040471","-0.0030011972","0.00045753678","0.0034179133","-0.00023160408","-8.856923e-05","0.0009927604","-0.00262229","-0.0008311592","-0.0019204128","0.001693831","-0.0009724535","-0.0026840903","-0.0013402244","-0.0023038934","-0.000955738"
"rheumatoid arthritis","-0.8610144","-0.06204689","-0.022810645","0.0020611463","-0.0009565658","-0.00045902724","-0.018918822","-0.025630439","-0.0039312975","-0.018969087","-0.016530914","-0.035641547","-0.007943889","-0.0072050034","-0.013963499","-0.020377705","-0.010373334","-0.010835765","-0.016133092","-0.011339596","-0.011538723","-0.0045860168","-0.023036573","-0.014183245","-0.003153893","0.010902799","-0.006406742","-0.01712594","0.0009230043","-0.0017532083","-0.014034494","-0.0038970762","-0.009691642","0.00065829273","0.0020159772","-0.0066735","-0.0004295523","-0.0039763018","0.0055414047","0.0031142994","0.00020551936","-0.0045593185","0.00019011392","-0.0040777926","-0.0021466732","-0.0045848354","0.0016202849","-0.003749743","0.0003040471","-0.0030011972","0.00045753678","0.0034179133","-0.00023160408","-8.856923e-05","0.0009927604","-0.00262229","-0.0008311592","-0.0019204128","0.001693831","-0.0009724535","-0.0026840903","-0.0013402244","-0.0023038934","-0.000955738"
"sarcopenia","-0.8610144","-0.06204689","-0.022810645","0.0020611463","-0.0009565658","-0.00045902724","-0.018918822","-0.025630439","-0.0039312975","-0.018969087","-0.016530914","-0.035641547","-0.007943889","-0.0072050034","-0.013963499","-0.020377705","-0.010373334","-0.010835765","-0.016133092","-0.011339596","-0.011538723","-0.0045860168","-0.023036573","-0.014183245","-0.003153893","0.010902799","-0.006406742","-0.01712594","0.0009230043","-0.0017532083","-0.014034494","-0.0038970762","-0.009691642","0.00065829273","0.0020159772","-0.0066735","-0.0004295523","-0.0039763018","0.0055414047","0.0031142994","0.00020551936","-0.0045593185","0.00019011392","-0.0040777926","-0.0021466732","-0.0045848354","0.0016202849","-0.003749743","0.0003040471","-0.0030011972","0.00045753678","0.0034179133","-0.00023160408","-8.856923e-05","0.0009927604","-0.00262229","-0.0008311592","-0.0019204128","0.001693831","-0.0009724535","-0.0026840903","-0.0013402244","-0.0023038934","-0.000955738"
"sepsis","-0.8610144","-0.06204689","-0.022810645","0.0020611463","-0.0009565658","-0.00045902724","-0.018918822","-0.025630439","-0.0039312975","-0.018969087","-0.016530914","-0.035641547","-0.007943889","-0.0072050034","-0.013963499","-0.020377705","-0.010373334","-0.010835765","-0.016133092","-0.011339596","-0.011538723","-0.0045860168","-0.023036573","-0.014183245","-0.003153893","0.010902799","-0.006406742","-0.01712594","0.0009230043","-0.0017532083","-0.014034494","-0.0038970762","-0.009691642","0.00065829273","0.0020159772","-0.0066735","-0.0004295523","-0.0039763018","0.0055414047","0.0031142994","0.00020551936","-0.0045593185","0.00019011392","-0.0040777926","-0.0021466732","-0.0045848354","0.0016202849","-0.003749743","0.0003040471","-0.0030011972","0.00045753678","0.0034179133","-0.00023160408","-8.856923e-05","0.0009927604","-0.00262229","-0.0008311592","-0.0019204128","0.001693831","-0.0009724535","-0.0026840903","-0.0013402244","-0.0023038934","-0.000955738"
"septicemia","-0.8610144","-0.06204689","-0.022810645","0.0020611463","-0.0009565658","-0.00045902724","-0.018918822","-0.025630439","-0.0039312975","-0.018969087","-0.016530914","-0.035641547","-0.007943889","-0.0072050034","-0.013963499","-0.020377705","-0.010373334","-0.010835765","-0.016133092","-0.011339596","-0.011538723","-0.0045860168","-0.023036573","-0.014183245","-0.003153893","0.010902799","-0.006406742","-0.01712594","0.0009230043","-0.0017532083","-0.014034494","-0.0038970762","-0.009691642","0.00065829273","0.0020159772","-0.0066735","-0.0004295523","-0.0039763018","0.0055414047","0.0031142994","0.00020551936","-0.0045593185","0.00019011392","-0.0040777926","-0.0021466732","-0.0045848354","0.0016202849","-0.003749743","0.0003040471","-0.0030011972","0.00045753678","0.0034179133","-0.00023160408","-8.856923e-05","0.0009927604","-0.00262229","-0.0008311592","-0.0019204128","0.001693831","-0.0009724535","-0.0026840903","-0.0013402244","-0.0023038934","-0.000955738"
"severe acute malnutrition","-0.8610144","-0.06204689","-0.022810645","0.0020611463","-0.0009565658","-0.00045902724","-0.018918822","-0.025630439","-0.0039312975","-0.018969087","-0.016530914","-0.035641547","-0.007943889","-0.0072050034","-0.013963499","-0.020377705","-0.010373334","-0.010835765","-0.016133092","-0.011339596","-0.011538723","-0.0045860168","-0.023036573","-0.014183245","-0.003153893","0.010902799","-0.006406742","-0.01712594","0.0009230043","-0.0017532083","-0.014034494","-0.0038970762","-0.009691642","0.00065829273","0.0020159772","-0.0066735","-0.0004295523","-0.0039763018","0.0055414047","0.0031142994","0.00020551936","-0.0045593185","0.00019011392","-0.0040777926","-0.0021466732","-0.0045848354","0.0016202849","-0.003749743","0.0003040471","-0.0030011972","0.00045753678","0.0034179133","-0.00023160408","-8.856923e-05","0.0009927604","-0.00262229","-0.0008311592","-0.0019204128","0.001693831","-0.0009724535","-0.0026840903","-0.0013402244","-0.0023038934","-0.000955738"
"severe skin and soft tissue infection","1.3661948","-0.23582758","-0.10560454","-0.0073002228","0.009326541","-0.0046742954","-0.118378855","-0.11243753","-0.0052002887","0.0024964071","-0.054670352","-0.10648021","-0.078262955","-0.07667267","-0.1877343","-0.03333998","0.3360002","0.15794858","-0.10040373","-0.007958546","-1.4846089","0.12993754","0.9537881","-0.5333561","-1.7293166","-1.2991471","0.121337","-2.3483403","0.1412883","1.1802754","-2.1926484","-0.21943262","0.5081719","2.3669868","-1.533322","1.365706","-0.8762522","-1.5869431","1.3427407","1.1610538","-1.3043145","-2.224035","-1.0819901","0.83982086","0.24079478","-2.1536899","-1.4726876","0.88592064","0.2750735","-0.9414983","0.8328648","-1.7606053","1.0961989","4.854523","-0.18213576","0.010810105","0.36458415","-3.1052713","1.3522729","-0.6321291","-2.7248466","1.3046819","-0.9351894","-0.004635168"
"sinusitis","-0.8610144","-0.06204689","-0.022810645","0.0020611463","-0.0009565658","-0.00045902724","-0.018918822","-0.025630439","-0.0039312975","-0.018969087","-0.016530914","-0.035641547","-0.007943889","-0.0072050034","-0.013963499","-0.020377705","-0.010373334","-0.010835765","-0.016133092","-0.011339596","-0.011538723","-0.0045860168","-0.023036573","-0.014183245","-0.003153893","0.010902799","-0.006406742","-0.01712594","0.0009230043","-0.0017532083","-0.014034494","-0.0038970762","-0.009691642","0.00065829273","0.0020159772","-0.0066735","-0.0004295523","-0.0039763018","0.0055414047","0.0031142994","0.00020551936","-0.0045593185","0.00019011392","-0.0040777926","-0.0021466732","-0.0045848354","0.0016202849","-0.003749743","0.0003040471","-0.0030011972","0.00045753678","0.0034179133","-0.00023160408","-8.856923e-05","0.0009927604","-0.00262229","-0.0008311592","-0.0019204128","0.001693831","-0.0009724535","-0.0026840903","-0.0013402244","-0.0023038934","-0.000955738"
"skin diseases","-0.8610144","-0.06204689","-0.022810645","0.0020611463","-0.0009565658","-0.00045902724","-0.018918822","-0.025630439","-0.0039312975","-0.018969087","-0.016530914","-0.035641547","-0.007943889","-0.0072050034","-0.013963499","-0.020377705","-0.010373334","-0.010835765","-0.016133092","-0.011339596","-0.011538723","-0.0045860168","-0.023036573","-0.014183245","-0.003153893","0.010902799","-0.006406742","-0.01712594","0.0009230043","-0.0017532083","-0.014034494","-0.0038970762","-0.009691642","0.00065829273","0.0020159772","-0.0066735","-0.0004295523","-0.0039763018","0.0055414047","0.0031142994","0.00020551936","-0.0045593185","0.00019011392","-0.0040777926","-0.0021466732","-0.0045848354","0.0016202849","-0.003749743","0.0003040471","-0.0030011972","0.00045753678","0.0034179133","-0.00023160408","-8.856923e-05","0.0009927604","-0.00262229","-0.0008311592","-0.0019204128","0.001693831","-0.0009724535","-0.0026840903","-0.0013402244","-0.0023038934","-0.000955738"
"slow gastrointestinal transit","-0.8610144","-0.06204689","-0.022810645","0.0020611463","-0.0009565658","-0.00045902724","-0.018918822","-0.025630439","-0.0039312975","-0.018969087","-0.016530914","-0.035641547","-0.007943889","-0.0072050034","-0.013963499","-0.020377705","-0.010373334","-0.010835765","-0.016133092","-0.011339596","-0.011538723","-0.0045860168","-0.023036573","-0.014183245","-0.003153893","0.010902799","-0.006406742","-0.01712594","0.0009230043","-0.0017532083","-0.014034494","-0.0038970762","-0.009691642","0.00065829273","0.0020159772","-0.0066735","-0.0004295523","-0.0039763018","0.0055414047","0.0031142994","0.00020551936","-0.0045593185","0.00019011392","-0.0040777926","-0.0021466732","-0.0045848354","0.0016202849","-0.003749743","0.0003040471","-0.0030011972","0.00045753678","0.0034179133","-0.00023160408","-8.856923e-05","0.0009927604","-0.00262229","-0.0008311592","-0.0019204128","0.001693831","-0.0009724535","-0.0026840903","-0.0013402244","-0.0023038934","-0.000955738"
"small intestinal mucositis","-0.8610144","-0.06204689","-0.022810645","0.0020611463","-0.0009565658","-0.00045902724","-0.018918822","-0.025630439","-0.0039312975","-0.018969087","-0.016530914","-0.035641547","-0.007943889","-0.0072050034","-0.013963499","-0.020377705","-0.010373334","-0.010835765","-0.016133092","-0.011339596","-0.011538723","-0.0045860168","-0.023036573","-0.014183245","-0.003153893","0.010902799","-0.006406742","-0.01712594","0.0009230043","-0.0017532083","-0.014034494","-0.0038970762","-0.009691642","0.00065829273","0.0020159772","-0.0066735","-0.0004295523","-0.0039763018","0.0055414047","0.0031142994","0.00020551936","-0.0045593185","0.00019011392","-0.0040777926","-0.0021466732","-0.0045848354","0.0016202849","-0.003749743","0.0003040471","-0.0030011972","0.00045753678","0.0034179133","-0.00023160408","-8.856923e-05","0.0009927604","-0.00262229","-0.0008311592","-0.0019204128","0.001693831","-0.0009724535","-0.0026840903","-0.0013402244","-0.0023038934","-0.000955738"
"spondyloarthropathies","-0.8610144","-0.06204689","-0.022810645","0.0020611463","-0.0009565658","-0.00045902724","-0.018918822","-0.025630439","-0.0039312975","-0.018969087","-0.016530914","-0.035641547","-0.007943889","-0.0072050034","-0.013963499","-0.020377705","-0.010373334","-0.010835765","-0.016133092","-0.011339596","-0.011538723","-0.0045860168","-0.023036573","-0.014183245","-0.003153893","0.010902799","-0.006406742","-0.01712594","0.0009230043","-0.0017532083","-0.014034494","-0.0038970762","-0.009691642","0.00065829273","0.0020159772","-0.0066735","-0.0004295523","-0.0039763018","0.0055414047","0.0031142994","0.00020551936","-0.0045593185","0.00019011392","-0.0040777926","-0.0021466732","-0.0045848354","0.0016202849","-0.003749743","0.0003040471","-0.0030011972","0.00045753678","0.0034179133","-0.00023160408","-8.856923e-05","0.0009927604","-0.00262229","-0.0008311592","-0.0019204128","0.001693831","-0.0009724535","-0.0026840903","-0.0013402244","-0.0023038934","-0.000955738"
"spontaneous bacterial peritonitis","-0.8610144","-0.06204689","-0.022810645","0.0020611463","-0.0009565658","-0.00045902724","-0.018918822","-0.025630439","-0.0039312975","-0.018969087","-0.016530914","-0.035641547","-0.007943889","-0.0072050034","-0.013963499","-0.020377705","-0.010373334","-0.010835765","-0.016133092","-0.011339596","-0.011538723","-0.0045860168","-0.023036573","-0.014183245","-0.003153893","0.010902799","-0.006406742","-0.01712594","0.0009230043","-0.0017532083","-0.014034494","-0.0038970762","-0.009691642","0.00065829273","0.0020159772","-0.0066735","-0.0004295523","-0.0039763018","0.0055414047","0.0031142994","0.00020551936","-0.0045593185","0.00019011392","-0.0040777926","-0.0021466732","-0.0045848354","0.0016202849","-0.003749743","0.0003040471","-0.0030011972","0.00045753678","0.0034179133","-0.00023160408","-8.856923e-05","0.0009927604","-0.00262229","-0.0008311592","-0.0019204128","0.001693831","-0.0009724535","-0.0026840903","-0.0013402244","-0.0023038934","-0.000955738"
"squamous cell carcinoma","-0.8610144","-0.06204689","-0.022810645","0.0020611463","-0.0009565658","-0.00045902724","-0.018918822","-0.025630439","-0.0039312975","-0.018969087","-0.016530914","-0.035641547","-0.007943889","-0.0072050034","-0.013963499","-0.020377705","-0.010373334","-0.010835765","-0.016133092","-0.011339596","-0.011538723","-0.0045860168","-0.023036573","-0.014183245","-0.003153893","0.010902799","-0.006406742","-0.01712594","0.0009230043","-0.0017532083","-0.014034494","-0.0038970762","-0.009691642","0.00065829273","0.0020159772","-0.0066735","-0.0004295523","-0.0039763018","0.0055414047","0.0031142994","0.00020551936","-0.0045593185","0.00019011392","-0.0040777926","-0.0021466732","-0.0045848354","0.0016202849","-0.003749743","0.0003040471","-0.0030011972","0.00045753678","0.0034179133","-0.00023160408","-8.856923e-05","0.0009927604","-0.00262229","-0.0008311592","-0.0019204128","0.001693831","-0.0009724535","-0.0026840903","-0.0013402244","-0.0023038934","-0.000955738"
"stomach adenocarcinoma","-0.8610144","-0.06204689","-0.022810645","0.0020611463","-0.0009565658","-0.00045902724","-0.018918822","-0.025630439","-0.0039312975","-0.018969087","-0.016530914","-0.035641547","-0.007943889","-0.0072050034","-0.013963499","-0.020377705","-0.010373334","-0.010835765","-0.016133092","-0.011339596","-0.011538723","-0.0045860168","-0.023036573","-0.014183245","-0.003153893","0.010902799","-0.006406742","-0.01712594","0.0009230043","-0.0017532083","-0.014034494","-0.0038970762","-0.009691642","0.00065829273","0.0020159772","-0.0066735","-0.0004295523","-0.0039763018","0.0055414047","0.0031142994","0.00020551936","-0.0045593185","0.00019011392","-0.0040777926","-0.0021466732","-0.0045848354","0.0016202849","-0.003749743","0.0003040471","-0.0030011972","0.00045753678","0.0034179133","-0.00023160408","-8.856923e-05","0.0009927604","-0.00262229","-0.0008311592","-0.0019204128","0.001693831","-0.0009724535","-0.0026840903","-0.0013402244","-0.0023038934","-0.000955738"
"stomach cancer","-0.8610144","-0.06204689","-0.022810645","0.0020611463","-0.0009565658","-0.00045902724","-0.018918822","-0.025630439","-0.0039312975","-0.018969087","-0.016530914","-0.035641547","-0.007943889","-0.0072050034","-0.013963499","-0.020377705","-0.010373334","-0.010835765","-0.016133092","-0.011339596","-0.011538723","-0.0045860168","-0.023036573","-0.014183245","-0.003153893","0.010902799","-0.006406742","-0.01712594","0.0009230043","-0.0017532083","-0.014034494","-0.0038970762","-0.009691642","0.00065829273","0.0020159772","-0.0066735","-0.0004295523","-0.0039763018","0.0055414047","0.0031142994","0.00020551936","-0.0045593185","0.00019011392","-0.0040777926","-0.0021466732","-0.0045848354","0.0016202849","-0.003749743","0.0003040471","-0.0030011972","0.00045753678","0.0034179133","-0.00023160408","-8.856923e-05","0.0009927604","-0.00262229","-0.0008311592","-0.0019204128","0.001693831","-0.0009724535","-0.0026840903","-0.0013402244","-0.0023038934","-0.000955738"
"stomach neoplasms","-0.8610144","-0.06204689","-0.022810645","0.0020611463","-0.0009565658","-0.00045902724","-0.018918822","-0.025630439","-0.0039312975","-0.018969087","-0.016530914","-0.035641547","-0.007943889","-0.0072050034","-0.013963499","-0.020377705","-0.010373334","-0.010835765","-0.016133092","-0.011339596","-0.011538723","-0.0045860168","-0.023036573","-0.014183245","-0.003153893","0.010902799","-0.006406742","-0.01712594","0.0009230043","-0.0017532083","-0.014034494","-0.0038970762","-0.009691642","0.00065829273","0.0020159772","-0.0066735","-0.0004295523","-0.0039763018","0.0055414047","0.0031142994","0.00020551936","-0.0045593185","0.00019011392","-0.0040777926","-0.0021466732","-0.0045848354","0.0016202849","-0.003749743","0.0003040471","-0.0030011972","0.00045753678","0.0034179133","-0.00023160408","-8.856923e-05","0.0009927604","-0.00262229","-0.0008311592","-0.0019204128","0.001693831","-0.0009724535","-0.0026840903","-0.0013402244","-0.0023038934","-0.000955738"
"stress and depression","-0.8610144","-0.06204689","-0.022810645","0.0020611463","-0.0009565658","-0.00045902724","-0.018918822","-0.025630439","-0.0039312975","-0.018969087","-0.016530914","-0.035641547","-0.007943889","-0.0072050034","-0.013963499","-0.020377705","-0.010373334","-0.010835765","-0.016133092","-0.011339596","-0.011538723","-0.0045860168","-0.023036573","-0.014183245","-0.003153893","0.010902799","-0.006406742","-0.01712594","0.0009230043","-0.0017532083","-0.014034494","-0.0038970762","-0.009691642","0.00065829273","0.0020159772","-0.0066735","-0.0004295523","-0.0039763018","0.0055414047","0.0031142994","0.00020551936","-0.0045593185","0.00019011392","-0.0040777926","-0.0021466732","-0.0045848354","0.0016202849","-0.003749743","0.0003040471","-0.0030011972","0.00045753678","0.0034179133","-0.00023160408","-8.856923e-05","0.0009927604","-0.00262229","-0.0008311592","-0.0019204128","0.001693831","-0.0009724535","-0.0026840903","-0.0013402244","-0.0023038934","-0.000955738"
"stress-induced responses","-0.8610144","-0.06204689","-0.022810645","0.0020611463","-0.0009565658","-0.00045902724","-0.018918822","-0.025630439","-0.0039312975","-0.018969087","-0.016530914","-0.035641547","-0.007943889","-0.0072050034","-0.013963499","-0.020377705","-0.010373334","-0.010835765","-0.016133092","-0.011339596","-0.011538723","-0.0045860168","-0.023036573","-0.014183245","-0.003153893","0.010902799","-0.006406742","-0.01712594","0.0009230043","-0.0017532083","-0.014034494","-0.0038970762","-0.009691642","0.00065829273","0.0020159772","-0.0066735","-0.0004295523","-0.0039763018","0.0055414047","0.0031142994","0.00020551936","-0.0045593185","0.00019011392","-0.0040777926","-0.0021466732","-0.0045848354","0.0016202849","-0.003749743","0.0003040471","-0.0030011972","0.00045753678","0.0034179133","-0.00023160408","-8.856923e-05","0.0009927604","-0.00262229","-0.0008311592","-0.0019204128","0.001693831","-0.0009724535","-0.0026840903","-0.0013402244","-0.0023038934","-0.000955738"
"surgical site infections","-0.8610144","-0.06204689","-0.022810645","0.0020611463","-0.0009565658","-0.00045902724","-0.018918822","-0.025630439","-0.0039312975","-0.018969087","-0.016530914","-0.035641547","-0.007943889","-0.0072050034","-0.013963499","-0.020377705","-0.010373334","-0.010835765","-0.016133092","-0.011339596","-0.011538723","-0.0045860168","-0.023036573","-0.014183245","-0.003153893","0.010902799","-0.006406742","-0.01712594","0.0009230043","-0.0017532083","-0.014034494","-0.0038970762","-0.009691642","0.00065829273","0.0020159772","-0.0066735","-0.0004295523","-0.0039763018","0.0055414047","0.0031142994","0.00020551936","-0.0045593185","0.00019011392","-0.0040777926","-0.0021466732","-0.0045848354","0.0016202849","-0.003749743","0.0003040471","-0.0030011972","0.00045753678","0.0034179133","-0.00023160408","-8.856923e-05","0.0009927604","-0.00262229","-0.0008311592","-0.0019204128","0.001693831","-0.0009724535","-0.0026840903","-0.0013402244","-0.0023038934","-0.000955738"
"surgical-wound contamination","-0.8610144","-0.06204689","-0.022810645","0.0020611463","-0.0009565658","-0.00045902724","-0.018918822","-0.025630439","-0.0039312975","-0.018969087","-0.016530914","-0.035641547","-0.007943889","-0.0072050034","-0.013963499","-0.020377705","-0.010373334","-0.010835765","-0.016133092","-0.011339596","-0.011538723","-0.0045860168","-0.023036573","-0.014183245","-0.003153893","0.010902799","-0.006406742","-0.01712594","0.0009230043","-0.0017532083","-0.014034494","-0.0038970762","-0.009691642","0.00065829273","0.0020159772","-0.0066735","-0.0004295523","-0.0039763018","0.0055414047","0.0031142994","0.00020551936","-0.0045593185","0.00019011392","-0.0040777926","-0.0021466732","-0.0045848354","0.0016202849","-0.003749743","0.0003040471","-0.0030011972","0.00045753678","0.0034179133","-0.00023160408","-8.856923e-05","0.0009927604","-0.00262229","-0.0008311592","-0.0019204128","0.001693831","-0.0009724535","-0.0026840903","-0.0013402244","-0.0023038934","-0.000955738"
"systemic inflammation","-0.8610144","-0.06204689","-0.022810645","0.0020611463","-0.0009565658","-0.00045902724","-0.018918822","-0.025630439","-0.0039312975","-0.018969087","-0.016530914","-0.035641547","-0.007943889","-0.0072050034","-0.013963499","-0.020377705","-0.010373334","-0.010835765","-0.016133092","-0.011339596","-0.011538723","-0.0045860168","-0.023036573","-0.014183245","-0.003153893","0.010902799","-0.006406742","-0.01712594","0.0009230043","-0.0017532083","-0.014034494","-0.0038970762","-0.009691642","0.00065829273","0.0020159772","-0.0066735","-0.0004295523","-0.0039763018","0.0055414047","0.0031142994","0.00020551936","-0.0045593185","0.00019011392","-0.0040777926","-0.0021466732","-0.0045848354","0.0016202849","-0.003749743","0.0003040471","-0.0030011972","0.00045753678","0.0034179133","-0.00023160408","-8.856923e-05","0.0009927604","-0.00262229","-0.0008311592","-0.0019204128","0.001693831","-0.0009724535","-0.0026840903","-0.0013402244","-0.0023038934","-0.000955738"
"systemic lupus erythematosus","-0.8610144","-0.06204689","-0.022810645","0.0020611463","-0.0009565658","-0.00045902724","-0.018918822","-0.025630439","-0.0039312975","-0.018969087","-0.016530914","-0.035641547","-0.007943889","-0.0072050034","-0.013963499","-0.020377705","-0.010373334","-0.010835765","-0.016133092","-0.011339596","-0.011538723","-0.0045860168","-0.023036573","-0.014183245","-0.003153893","0.010902799","-0.006406742","-0.01712594","0.0009230043","-0.0017532083","-0.014034494","-0.0038970762","-0.009691642","0.00065829273","0.0020159772","-0.0066735","-0.0004295523","-0.0039763018","0.0055414047","0.0031142994","0.00020551936","-0.0045593185","0.00019011392","-0.0040777926","-0.0021466732","-0.0045848354","0.0016202849","-0.003749743","0.0003040471","-0.0030011972","0.00045753678","0.0034179133","-0.00023160408","-8.856923e-05","0.0009927604","-0.00262229","-0.0008311592","-0.0019204128","0.001693831","-0.0009724535","-0.0026840903","-0.0013402244","-0.0023038934","-0.000955738"
"throat cancer","-0.8610144","-0.06204689","-0.022810645","0.0020611463","-0.0009565658","-0.00045902724","-0.018918822","-0.025630439","-0.0039312975","-0.018969087","-0.016530914","-0.035641547","-0.007943889","-0.0072050034","-0.013963499","-0.020377705","-0.010373334","-0.010835765","-0.016133092","-0.011339596","-0.011538723","-0.0045860168","-0.023036573","-0.014183245","-0.003153893","0.010902799","-0.006406742","-0.01712594","0.0009230043","-0.0017532083","-0.014034494","-0.0038970762","-0.009691642","0.00065829273","0.0020159772","-0.0066735","-0.0004295523","-0.0039763018","0.0055414047","0.0031142994","0.00020551936","-0.0045593185","0.00019011392","-0.0040777926","-0.0021466732","-0.0045848354","0.0016202849","-0.003749743","0.0003040471","-0.0030011972","0.00045753678","0.0034179133","-0.00023160408","-8.856923e-05","0.0009927604","-0.00262229","-0.0008311592","-0.0019204128","0.001693831","-0.0009724535","-0.0026840903","-0.0013402244","-0.0023038934","-0.000955738"
"thrombosis","-0.8610144","-0.06204689","-0.022810645","0.0020611463","-0.0009565658","-0.00045902724","-0.018918822","-0.025630439","-0.0039312975","-0.018969087","-0.016530914","-0.035641547","-0.007943889","-0.0072050034","-0.013963499","-0.020377705","-0.010373334","-0.010835765","-0.016133092","-0.011339596","-0.011538723","-0.0045860168","-0.023036573","-0.014183245","-0.003153893","0.010902799","-0.006406742","-0.01712594","0.0009230043","-0.0017532083","-0.014034494","-0.0038970762","-0.009691642","0.00065829273","0.0020159772","-0.0066735","-0.0004295523","-0.0039763018","0.0055414047","0.0031142994","0.00020551936","-0.0045593185","0.00019011392","-0.0040777926","-0.0021466732","-0.0045848354","0.0016202849","-0.003749743","0.0003040471","-0.0030011972","0.00045753678","0.0034179133","-0.00023160408","-8.856923e-05","0.0009927604","-0.00262229","-0.0008311592","-0.0019204128","0.001693831","-0.0009724535","-0.0026840903","-0.0013402244","-0.0023038934","-0.000955738"
"thyroid cancer","-0.8610144","-0.06204689","-0.022810645","0.0020611463","-0.0009565658","-0.00045902724","-0.018918822","-0.025630439","-0.0039312975","-0.018969087","-0.016530914","-0.035641547","-0.007943889","-0.0072050034","-0.013963499","-0.020377705","-0.010373334","-0.010835765","-0.016133092","-0.011339596","-0.011538723","-0.0045860168","-0.023036573","-0.014183245","-0.003153893","0.010902799","-0.006406742","-0.01712594","0.0009230043","-0.0017532083","-0.014034494","-0.0038970762","-0.009691642","0.00065829273","0.0020159772","-0.0066735","-0.0004295523","-0.0039763018","0.0055414047","0.0031142994","0.00020551936","-0.0045593185","0.00019011392","-0.0040777926","-0.0021466732","-0.0045848354","0.0016202849","-0.003749743","0.0003040471","-0.0030011972","0.00045753678","0.0034179133","-0.00023160408","-8.856923e-05","0.0009927604","-0.00262229","-0.0008311592","-0.0019204128","0.001693831","-0.0009724535","-0.0026840903","-0.0013402244","-0.0023038934","-0.000955738"
"thyroid carcinoma","-0.8610144","-0.06204689","-0.022810645","0.0020611463","-0.0009565658","-0.00045902724","-0.018918822","-0.025630439","-0.0039312975","-0.018969087","-0.016530914","-0.035641547","-0.007943889","-0.0072050034","-0.013963499","-0.020377705","-0.010373334","-0.010835765","-0.016133092","-0.011339596","-0.011538723","-0.0045860168","-0.023036573","-0.014183245","-0.003153893","0.010902799","-0.006406742","-0.01712594","0.0009230043","-0.0017532083","-0.014034494","-0.0038970762","-0.009691642","0.00065829273","0.0020159772","-0.0066735","-0.0004295523","-0.0039763018","0.0055414047","0.0031142994","0.00020551936","-0.0045593185","0.00019011392","-0.0040777926","-0.0021466732","-0.0045848354","0.0016202849","-0.003749743","0.0003040471","-0.0030011972","0.00045753678","0.0034179133","-0.00023160408","-8.856923e-05","0.0009927604","-0.00262229","-0.0008311592","-0.0019204128","0.001693831","-0.0009724535","-0.0026840903","-0.0013402244","-0.0023038934","-0.000955738"
"thyroid nodules","-0.8610144","-0.06204689","-0.022810645","0.0020611463","-0.0009565658","-0.00045902724","-0.018918822","-0.025630439","-0.0039312975","-0.018969087","-0.016530914","-0.035641547","-0.007943889","-0.0072050034","-0.013963499","-0.020377705","-0.010373334","-0.010835765","-0.016133092","-0.011339596","-0.011538723","-0.0045860168","-0.023036573","-0.014183245","-0.003153893","0.010902799","-0.006406742","-0.01712594","0.0009230043","-0.0017532083","-0.014034494","-0.0038970762","-0.009691642","0.00065829273","0.0020159772","-0.0066735","-0.0004295523","-0.0039763018","0.0055414047","0.0031142994","0.00020551936","-0.0045593185","0.00019011392","-0.0040777926","-0.0021466732","-0.0045848354","0.0016202849","-0.003749743","0.0003040471","-0.0030011972","0.00045753678","0.0034179133","-0.00023160408","-8.856923e-05","0.0009927604","-0.00262229","-0.0008311592","-0.0019204128","0.001693831","-0.0009724535","-0.0026840903","-0.0013402244","-0.0023038934","-0.000955738"
"trench fever","-0.8610144","-0.06204689","-0.022810645","0.0020611463","-0.0009565658","-0.00045902724","-0.018918822","-0.025630439","-0.0039312975","-0.018969087","-0.016530914","-0.035641547","-0.007943889","-0.0072050034","-0.013963499","-0.020377705","-0.010373334","-0.010835765","-0.016133092","-0.011339596","-0.011538723","-0.0045860168","-0.023036573","-0.014183245","-0.003153893","0.010902799","-0.006406742","-0.01712594","0.0009230043","-0.0017532083","-0.014034494","-0.0038970762","-0.009691642","0.00065829273","0.0020159772","-0.0066735","-0.0004295523","-0.0039763018","0.0055414047","0.0031142994","0.00020551936","-0.0045593185","0.00019011392","-0.0040777926","-0.0021466732","-0.0045848354","0.0016202849","-0.003749743","0.0003040471","-0.0030011972","0.00045753678","0.0034179133","-0.00023160408","-8.856923e-05","0.0009927604","-0.00262229","-0.0008311592","-0.0019204128","0.001693831","-0.0009724535","-0.0026840903","-0.0013402244","-0.0023038934","-0.000955738"
"triple negative breast cancer (TNBC)","-0.8610144","-0.06204689","-0.022810645","0.0020611463","-0.0009565658","-0.00045902724","-0.018918822","-0.025630439","-0.0039312975","-0.018969087","-0.016530914","-0.035641547","-0.007943889","-0.0072050034","-0.013963499","-0.020377705","-0.010373334","-0.010835765","-0.016133092","-0.011339596","-0.011538723","-0.0045860168","-0.023036573","-0.014183245","-0.003153893","0.010902799","-0.006406742","-0.01712594","0.0009230043","-0.0017532083","-0.014034494","-0.0038970762","-0.009691642","0.00065829273","0.0020159772","-0.0066735","-0.0004295523","-0.0039763018","0.0055414047","0.0031142994","0.00020551936","-0.0045593185","0.00019011392","-0.0040777926","-0.0021466732","-0.0045848354","0.0016202849","-0.003749743","0.0003040471","-0.0030011972","0.00045753678","0.0034179133","-0.00023160408","-8.856923e-05","0.0009927604","-0.00262229","-0.0008311592","-0.0019204128","0.001693831","-0.0009724535","-0.0026840903","-0.0013402244","-0.0023038934","-0.000955738"
"type 1 diabetes","-0.8610144","-0.06204689","-0.022810645","0.0020611463","-0.0009565658","-0.00045902724","-0.018918822","-0.025630439","-0.0039312975","-0.018969087","-0.016530914","-0.035641547","-0.007943889","-0.0072050034","-0.013963499","-0.020377705","-0.010373334","-0.010835765","-0.016133092","-0.011339596","-0.011538723","-0.0045860168","-0.023036573","-0.014183245","-0.003153893","0.010902799","-0.006406742","-0.01712594","0.0009230043","-0.0017532083","-0.014034494","-0.0038970762","-0.009691642","0.00065829273","0.0020159772","-0.0066735","-0.0004295523","-0.0039763018","0.0055414047","0.0031142994","0.00020551936","-0.0045593185","0.00019011392","-0.0040777926","-0.0021466732","-0.0045848354","0.0016202849","-0.003749743","0.0003040471","-0.0030011972","0.00045753678","0.0034179133","-0.00023160408","-8.856923e-05","0.0009927604","-0.00262229","-0.0008311592","-0.0019204128","0.001693831","-0.0009724535","-0.0026840903","-0.0013402244","-0.0023038934","-0.000955738"
"type 1 diabetes mellitus","-0.8610144","-0.06204689","-0.022810645","0.0020611463","-0.0009565658","-0.00045902724","-0.018918822","-0.025630439","-0.0039312975","-0.018969087","-0.016530914","-0.035641547","-0.007943889","-0.0072050034","-0.013963499","-0.020377705","-0.010373334","-0.010835765","-0.016133092","-0.011339596","-0.011538723","-0.0045860168","-0.023036573","-0.014183245","-0.003153893","0.010902799","-0.006406742","-0.01712594","0.0009230043","-0.0017532083","-0.014034494","-0.0038970762","-0.009691642","0.00065829273","0.0020159772","-0.0066735","-0.0004295523","-0.0039763018","0.0055414047","0.0031142994","0.00020551936","-0.0045593185","0.00019011392","-0.0040777926","-0.0021466732","-0.0045848354","0.0016202849","-0.003749743","0.0003040471","-0.0030011972","0.00045753678","0.0034179133","-0.00023160408","-8.856923e-05","0.0009927604","-0.00262229","-0.0008311592","-0.0019204128","0.001693831","-0.0009724535","-0.0026840903","-0.0013402244","-0.0023038934","-0.000955738"
"type 2 diabetes","-0.8610144","-0.06204689","-0.022810645","0.0020611463","-0.0009565658","-0.00045902724","-0.018918822","-0.025630439","-0.0039312975","-0.018969087","-0.016530914","-0.035641547","-0.007943889","-0.0072050034","-0.013963499","-0.020377705","-0.010373334","-0.010835765","-0.016133092","-0.011339596","-0.011538723","-0.0045860168","-0.023036573","-0.014183245","-0.003153893","0.010902799","-0.006406742","-0.01712594","0.0009230043","-0.0017532083","-0.014034494","-0.0038970762","-0.009691642","0.00065829273","0.0020159772","-0.0066735","-0.0004295523","-0.0039763018","0.0055414047","0.0031142994","0.00020551936","-0.0045593185","0.00019011392","-0.0040777926","-0.0021466732","-0.0045848354","0.0016202849","-0.003749743","0.0003040471","-0.0030011972","0.00045753678","0.0034179133","-0.00023160408","-8.856923e-05","0.0009927604","-0.00262229","-0.0008311592","-0.0019204128","0.001693831","-0.0009724535","-0.0026840903","-0.0013402244","-0.0023038934","-0.000955738"
"type 2 diabetes mellitus","-0.8610144","-0.06204689","-0.022810645","0.0020611463","-0.0009565658","-0.00045902724","-0.018918822","-0.025630439","-0.0039312975","-0.018969087","-0.016530914","-0.035641547","-0.007943889","-0.0072050034","-0.013963499","-0.020377705","-0.010373334","-0.010835765","-0.016133092","-0.011339596","-0.011538723","-0.0045860168","-0.023036573","-0.014183245","-0.003153893","0.010902799","-0.006406742","-0.01712594","0.0009230043","-0.0017532083","-0.014034494","-0.0038970762","-0.009691642","0.00065829273","0.0020159772","-0.0066735","-0.0004295523","-0.0039763018","0.0055414047","0.0031142994","0.00020551936","-0.0045593185","0.00019011392","-0.0040777926","-0.0021466732","-0.0045848354","0.0016202849","-0.003749743","0.0003040471","-0.0030011972","0.00045753678","0.0034179133","-0.00023160408","-8.856923e-05","0.0009927604","-0.00262229","-0.0008311592","-0.0019204128","0.001693831","-0.0009724535","-0.0026840903","-0.0013402244","-0.0023038934","-0.000955738"
"type II diabetes","-0.8610144","-0.06204689","-0.022810645","0.0020611463","-0.0009565658","-0.00045902724","-0.018918822","-0.025630439","-0.0039312975","-0.018969087","-0.016530914","-0.035641547","-0.007943889","-0.0072050034","-0.013963499","-0.020377705","-0.010373334","-0.010835765","-0.016133092","-0.011339596","-0.011538723","-0.0045860168","-0.023036573","-0.014183245","-0.003153893","0.010902799","-0.006406742","-0.01712594","0.0009230043","-0.0017532083","-0.014034494","-0.0038970762","-0.009691642","0.00065829273","0.0020159772","-0.0066735","-0.0004295523","-0.0039763018","0.0055414047","0.0031142994","0.00020551936","-0.0045593185","0.00019011392","-0.0040777926","-0.0021466732","-0.0045848354","0.0016202849","-0.003749743","0.0003040471","-0.0030011972","0.00045753678","0.0034179133","-0.00023160408","-8.856923e-05","0.0009927604","-0.00262229","-0.0008311592","-0.0019204128","0.001693831","-0.0009724535","-0.0026840903","-0.0013402244","-0.0023038934","-0.000955738"
"type-2 diabetes mellitus (T2DM)","-0.8610144","-0.06204689","-0.022810645","0.0020611463","-0.0009565658","-0.00045902724","-0.018918822","-0.025630439","-0.0039312975","-0.018969087","-0.016530914","-0.035641547","-0.007943889","-0.0072050034","-0.013963499","-0.020377705","-0.010373334","-0.010835765","-0.016133092","-0.011339596","-0.011538723","-0.0045860168","-0.023036573","-0.014183245","-0.003153893","0.010902799","-0.006406742","-0.01712594","0.0009230043","-0.0017532083","-0.014034494","-0.0038970762","-0.009691642","0.00065829273","0.0020159772","-0.0066735","-0.0004295523","-0.0039763018","0.0055414047","0.0031142994","0.00020551936","-0.0045593185","0.00019011392","-0.0040777926","-0.0021466732","-0.0045848354","0.0016202849","-0.003749743","0.0003040471","-0.0030011972","0.00045753678","0.0034179133","-0.00023160408","-8.856923e-05","0.0009927604","-0.00262229","-0.0008311592","-0.0019204128","0.001693831","-0.0009724535","-0.0026840903","-0.0013402244","-0.0023038934","-0.000955738"
"typhoid fever","-0.8610144","-0.06204689","-0.022810645","0.0020611463","-0.0009565658","-0.00045902724","-0.018918822","-0.025630439","-0.0039312975","-0.018969087","-0.016530914","-0.035641547","-0.007943889","-0.0072050034","-0.013963499","-0.020377705","-0.010373334","-0.010835765","-0.016133092","-0.011339596","-0.011538723","-0.0045860168","-0.023036573","-0.014183245","-0.003153893","0.010902799","-0.006406742","-0.01712594","0.0009230043","-0.0017532083","-0.014034494","-0.0038970762","-0.009691642","0.00065829273","0.0020159772","-0.0066735","-0.0004295523","-0.0039763018","0.0055414047","0.0031142994","0.00020551936","-0.0045593185","0.00019011392","-0.0040777926","-0.0021466732","-0.0045848354","0.0016202849","-0.003749743","0.0003040471","-0.0030011972","0.00045753678","0.0034179133","-0.00023160408","-8.856923e-05","0.0009927604","-0.00262229","-0.0008311592","-0.0019204128","0.001693831","-0.0009724535","-0.0026840903","-0.0013402244","-0.0023038934","-0.000955738"
"ulcerative colitis","-0.8610144","-0.06204689","-0.022810645","0.0020611463","-0.0009565658","-0.00045902724","-0.018918822","-0.025630439","-0.0039312975","-0.018969087","-0.016530914","-0.035641547","-0.007943889","-0.0072050034","-0.013963499","-0.020377705","-0.010373334","-0.010835765","-0.016133092","-0.011339596","-0.011538723","-0.0045860168","-0.023036573","-0.014183245","-0.003153893","0.010902799","-0.006406742","-0.01712594","0.0009230043","-0.0017532083","-0.014034494","-0.0038970762","-0.009691642","0.00065829273","0.0020159772","-0.0066735","-0.0004295523","-0.0039763018","0.0055414047","0.0031142994","0.00020551936","-0.0045593185","0.00019011392","-0.0040777926","-0.0021466732","-0.0045848354","0.0016202849","-0.003749743","0.0003040471","-0.0030011972","0.00045753678","0.0034179133","-0.00023160408","-8.856923e-05","0.0009927604","-0.00262229","-0.0008311592","-0.0019204128","0.001693831","-0.0009724535","-0.0026840903","-0.0013402244","-0.0023038934","-0.000955738"
"urinary incontinence","-0.8610144","-0.06204689","-0.022810645","0.0020611463","-0.0009565658","-0.00045902724","-0.018918822","-0.025630439","-0.0039312975","-0.018969087","-0.016530914","-0.035641547","-0.007943889","-0.0072050034","-0.013963499","-0.020377705","-0.010373334","-0.010835765","-0.016133092","-0.011339596","-0.011538723","-0.0045860168","-0.023036573","-0.014183245","-0.003153893","0.010902799","-0.006406742","-0.01712594","0.0009230043","-0.0017532083","-0.014034494","-0.0038970762","-0.009691642","0.00065829273","0.0020159772","-0.0066735","-0.0004295523","-0.0039763018","0.0055414047","0.0031142994","0.00020551936","-0.0045593185","0.00019011392","-0.0040777926","-0.0021466732","-0.0045848354","0.0016202849","-0.003749743","0.0003040471","-0.0030011972","0.00045753678","0.0034179133","-0.00023160408","-8.856923e-05","0.0009927604","-0.00262229","-0.0008311592","-0.0019204128","0.001693831","-0.0009724535","-0.0026840903","-0.0013402244","-0.0023038934","-0.000955738"
"urinary tract infection","-0.8610144","-0.06204689","-0.022810645","0.0020611463","-0.0009565658","-0.00045902724","-0.018918822","-0.025630439","-0.0039312975","-0.018969087","-0.016530914","-0.035641547","-0.007943889","-0.0072050034","-0.013963499","-0.020377705","-0.010373334","-0.010835765","-0.016133092","-0.011339596","-0.011538723","-0.0045860168","-0.023036573","-0.014183245","-0.003153893","0.010902799","-0.006406742","-0.01712594","0.0009230043","-0.0017532083","-0.014034494","-0.0038970762","-0.009691642","0.00065829273","0.0020159772","-0.0066735","-0.0004295523","-0.0039763018","0.0055414047","0.0031142994","0.00020551936","-0.0045593185","0.00019011392","-0.0040777926","-0.0021466732","-0.0045848354","0.0016202849","-0.003749743","0.0003040471","-0.0030011972","0.00045753678","0.0034179133","-0.00023160408","-8.856923e-05","0.0009927604","-0.00262229","-0.0008311592","-0.0019204128","0.001693831","-0.0009724535","-0.0026840903","-0.0013402244","-0.0023038934","-0.000955738"
"ventilator-associated pneumonia","-0.8610144","-0.06204689","-0.022810645","0.0020611463","-0.0009565658","-0.00045902724","-0.018918822","-0.025630439","-0.0039312975","-0.018969087","-0.016530914","-0.035641547","-0.007943889","-0.0072050034","-0.013963499","-0.020377705","-0.010373334","-0.010835765","-0.016133092","-0.011339596","-0.011538723","-0.0045860168","-0.023036573","-0.014183245","-0.003153893","0.010902799","-0.006406742","-0.01712594","0.0009230043","-0.0017532083","-0.014034494","-0.0038970762","-0.009691642","0.00065829273","0.0020159772","-0.0066735","-0.0004295523","-0.0039763018","0.0055414047","0.0031142994","0.00020551936","-0.0045593185","0.00019011392","-0.0040777926","-0.0021466732","-0.0045848354","0.0016202849","-0.003749743","0.0003040471","-0.0030011972","0.00045753678","0.0034179133","-0.00023160408","-8.856923e-05","0.0009927604","-0.00262229","-0.0008311592","-0.0019204128","0.001693831","-0.0009724535","-0.0026840903","-0.0013402244","-0.0023038934","-0.000955738"
"viral diarrhea","1.0657989","-0.38037276","-0.10683181","0.012409998","-0.016524667","-0.013712344","-0.11767699","-0.21123885","-0.034349542","-0.22241364","-0.149243","-0.26928234","-0.2037334","-0.3634896","-0.17198801","-0.4908818","-0.23235089","-0.23301135","-1.0715576","-1.1711422","-0.52373695","-0.1790904","-0.880179","0.029584387","-0.23863783","-2.4697857","0.05416692","0.49002472","-0.5372843","-0.15794908","3.760989","-2.1806407","2.204679","0.7793976","0.05052803","-0.6314979","-0.46270013","0.7506481","-0.6330794","-0.3396091","0.59340686","0.37251246","-1.0265857","1.730557","0.53826314","1.3560355","-3.2549899","-1.6494021","0.41965333","0.6017619","0.8383515","-0.5254351","-1.3069615","0.5140714","-2.83256","1.2392423","-2.0597634","0.4688029","2.5990288","1.1500907","0.74534005","1.3780174","-1.3598447","2.0278237"
"wound infection","-0.8610144","-0.06204689","-0.022810645","0.0020611463","-0.0009565658","-0.00045902724","-0.018918822","-0.025630439","-0.0039312975","-0.018969087","-0.016530914","-0.035641547","-0.007943889","-0.0072050034","-0.013963499","-0.020377705","-0.010373334","-0.010835765","-0.016133092","-0.011339596","-0.011538723","-0.0045860168","-0.023036573","-0.014183245","-0.003153893","0.010902799","-0.006406742","-0.01712594","0.0009230043","-0.0017532083","-0.014034494","-0.0038970762","-0.009691642","0.00065829273","0.0020159772","-0.0066735","-0.0004295523","-0.0039763018","0.0055414047","0.0031142994","0.00020551936","-0.0045593185","0.00019011392","-0.0040777926","-0.0021466732","-0.0045848354","0.0016202849","-0.003749743","0.0003040471","-0.0030011972","0.00045753678","0.0034179133","-0.00023160408","-8.856923e-05","0.0009927604","-0.00262229","-0.0008311592","-0.0019204128","0.001693831","-0.0009724535","-0.0026840903","-0.0013402244","-0.0023038934","-0.000955738"
