"disease","disease_full_gip_once_000","disease_full_gip_once_001","disease_full_gip_once_002","disease_full_gip_once_003","disease_full_gip_once_004","disease_full_gip_once_005","disease_full_gip_once_006","disease_full_gip_once_007","disease_full_gip_once_008","disease_full_gip_once_009","disease_full_gip_once_010","disease_full_gip_once_011","disease_full_gip_once_012","disease_full_gip_once_013","disease_full_gip_once_014","disease_full_gip_once_015","disease_full_gip_once_016","disease_full_gip_once_017","disease_full_gip_once_018","disease_full_gip_once_019","disease_full_gip_once_020","disease_full_gip_once_021","disease_full_gip_once_022","disease_full_gip_once_023","disease_full_gip_once_024","disease_full_gip_once_025","disease_full_gip_once_026","disease_full_gip_once_027","disease_full_gip_once_028","disease_full_gip_once_029","disease_full_gip_once_030","disease_full_gip_once_031","disease_full_gip_once_032","disease_full_gip_once_033","disease_full_gip_once_034","disease_full_gip_once_035","disease_full_gip_once_036","disease_full_gip_once_037","disease_full_gip_once_038","disease_full_gip_once_039","disease_full_gip_once_040","disease_full_gip_once_041","disease_full_gip_once_042","disease_full_gip_once_043","disease_full_gip_once_044","disease_full_gip_once_045","disease_full_gip_once_046","disease_full_gip_once_047","disease_full_gip_once_048","disease_full_gip_once_049","disease_full_gip_once_050","disease_full_gip_once_051","disease_full_gip_once_052","disease_full_gip_once_053","disease_full_gip_once_054","disease_full_gip_once_055","disease_full_gip_once_056","disease_full_gip_once_057","disease_full_gip_once_058","disease_full_gip_once_059","disease_full_gip_once_060","disease_full_gip_once_061","disease_full_gip_once_062","disease_full_gip_once_063"
"AA amyloidosis","0.8759708","0.61077833","-0.33212227","-0.5929497","-0.21517073","0.46142244","0.5989697","-1.198986","0.63973033","0.4810134","0.91042644","-0.6487565","-0.9259117","0.30022684","-2.1203883","1.004638","-1.1425229","-1.4671409","-1.3915623","0.09997286","-0.6183365","-0.69522566","-2.2642963","0.85900027","2.262299","0.102487415","-1.8821943","0.19744112","0.6510817","3.2403076","-0.7461027","-0.70697576","-1.1257871","0.24054047","-0.11174035","2.5626118","-2.4358091","0.58184475","1.0834435","1.053241","-1.0741783","1.0856087","1.0694163","-0.92857623","1.0633814","-0.5969178","-0.622909","-0.9921725","-0.01710675","-0.71682227","-0.76070166","-1.0596522","0.040153816","0.090542294","-0.07965129","0.13535239","0.2243069","1.1734434","-0.10835324","-0.6171225","0.44381818","0.5664323","-0.15639794","-0.46869737"
"ADHD","0.6862525","0.21354933","-0.0859516","-0.49756375","0.11238446","0.024221878","0.28068286","0.11112766","0.2307782","0.38522598","-0.032770675","-1.2984115","-1.04674","0.72997016","0.8395637","0.18204737","0.42685","0.90620154","0.1280443","-0.754925","-1.1675304","-0.5749212","1.9345064","0.13610263","-0.037688147","-1.4097486","2.0207202","-0.20638648","0.012347098","0.787057","-0.014865548","1.2613468","-2.5735226","-1.7627983","3.800505","-0.78414595","-2.104128","-1.3683869","-1.6612407","2.4597201","1.1088643","1.0395696","0.3331316","0.73045284","-0.6133148","0.9232086","1.2380879","-0.44945827","1.2621386","-0.9779543","-0.58975893","-0.31969672","0.62187016","1.5183632","-0.113851205","-0.90037644","-1.4680355","0.5029384","-1.0262054","-1.403177","-0.96565515","-0.21120028","-0.8103627","-1.6714368"
"Acne","-1.8507203","-0.18059628","0.14572233","-0.34949952","-0.032565635","-0.029730067","0.1418947","0.3198258","0.08979881","-0.20622076","0.14384197","0.12766407","0.118042365","-0.099268444","0.07674963","-0.2018378","0.12041996","0.61097723","0.29223958","0.089612","0.1538819","-0.041122388","-0.13605791","-0.21193153","0.112911634","-0.2862801","-0.0713974","-0.27016085","-0.03846908","-0.32882398","-0.35727182","-0.35422805","-0.39026996","-0.087699465","-0.3456884","0.40748376","0.007213856","-0.30724704","-0.07810083","-0.05747721","-0.040855575","0.01501657","0.115115345","-0.22168253","0.24705143","0.20393325","0.11667701","-0.9374761","1.1351707","0.6783873","-0.42733344","-0.069643505","0.75573677","-1.7628776","1.3842725","-2.5277312","0.86295027","0.28870618","-1.2187449","2.6307495","0.8792582","0.005385274","-2.992945","-0.44018885"
"Acquired Immunodeficiency Syndrome","-1.1707127","0.12170153","-0.38541555","2.6785767","1.0860337","-0.33372018","0.4142446","2.9991317","-0.9000803","-1.2623085","-0.43817618","-1.3215033","0.9936549","-0.95614713","-0.0149635775","0.4803021","0.42062148","-0.18382971","0.3591642","-0.92000276","1.083584","0.2521734","0.5238169","-0.9850838","1.2742767","-0.16599864","-0.609086","0.3964959","0.19677263","-1.5057781","-1.036874","-0.054510325","-2.7315526","-2.3275075","-1.2652558","1.2224965","1.267598","0.96870816","1.3915739","-0.117906146","-1.7371552","-1.3786671","-1.0402552","0.03985127","-0.55840623","1.5247016","-0.83865327","0.29706216","-0.028062796","-0.97344184","0.022991322","3.553597","-0.4048288","0.7544674","-0.8436545","-1.3260782","0.48054138","-0.16752364","-0.09185823","1.9198923","-2.010598","2.8092513","2.4018962","0.42500427"
"Acute Lymphoblastic Leukemia","0.04792123","-0.45551398","0.721249","4.030413","2.097286","3.6863384","-1.1402743","3.435903","-1.4135848","-2.541665","0.74650615","-2.6699162","-0.334816","0.6141828","-1.3245449","1.4546627","-0.28461677","1.2994822","-1.1448607","-1.4414543","0.5371402","0.6169565","0.23402184","-0.36726534","-0.10268468","-0.51406896","0.96062076","0.5151458","0.9875454","1.5474995","-0.5025371","0.3883999","1.4271153","-0.034066953","-0.38273346","-0.03695059","1.6559932","-0.4408385","1.4030826","0.5317031","0.038154975","-0.17069893","1.0707375","-0.6738086","0.24552125","-0.09922724","-0.40025806","-0.29800072","0.077987306","-1.3128247","0.38431162","-1.2425494","-1.1519723","-0.58642006","0.9276333","1.30566","-0.47083154","0.56095254","0.19061328","0.10224608","0.049757443","-0.4495769","0.730873","-1.1769134"
"Acute cerbral infarction","0.68021804","0.20066853","-0.4123738","-0.13066144","0.084782965","0.23026279","0.009053983","-0.22508067","0.083594166","0.16970275","0.030979225","-0.036594834","0.0127491","-0.1885568","-0.0317719","-0.21160862","0.12235867","0.1978303","-0.112833165","-0.24524647","0.0066111917","-0.18672709","-0.42062396","-0.12772036","-0.20628855","0.14903165","0.3871358","-0.045166854","-0.087697886","-0.30343333","-0.37311146","-0.13749754","-0.28115183","0.055507675","-0.15763451","0.8331836","-0.22213908","0.90974665","0.5569492","-1.0375441","1.4666845","-0.06300813","2.126818","0.48920736","-0.5310807","0.8548592","0.48575053","-0.8410751","-1.6074251","-0.45718336","-0.88250583","-0.97128755","-1.6282648","-0.47739816","0.7419732","-0.7966212","-2.2091525","0.26052788","0.86445516","-0.5870516","-0.660753","-0.39231008","0.45251814","0.7031598"
"Acute cholecystitis","0.19126403","-0.5067378","0.22133084","0.16177952","-1.0391885","-0.5125271","-0.44154242","1.4532838","0.90039563","-0.012731769","3.6406176","2.4487934","-0.027281955","0.3803466","-0.06635343","1.371009","0.049511883","-1.6689991","0.94738436","1.3384387","-1.5635695","0.9914806","-0.9265466","-2.1860974","-0.5455023","1.0705673","1.2067927","-3.0013356","0.7626402","0.30321637","-0.11668357","-1.1036396","0.32613608","-0.33416906","0.11354534","-1.045403","-0.03607333","-0.080016375","0.30599046","0.07567744","-0.607439","-0.38890946","0.04785841","-0.06938416","-0.14387976","0.27917048","0.35403675","-0.5309848","-1.0426491","-0.6808722","0.015022228","-0.032505073","-0.5587267","0.13064773","0.03793659","-0.06088842","-0.4389489","-1.0289996","-0.669707","0.33789226","-0.022800801","0.3979037","0.5979178","0.02839177"
"Acute fatty liver","-0.5624819","-0.2186674","-0.16669759","0.92569005","0.6161999","0.087131344","0.20875596","1.7645334","-0.48591617","-0.34848946","-1.7379622","0.23843622","3.0070462","-1.5409155","10.338062","-4.3471184","2.5039322","-3.2439923","3.216172","1.6409111","-1.5348598","0.14836018","-2.5814295","2.4598444","0.4016914","1.4091495","1.4124151","3.720259","2.4296117","4.4424043","-0.37248182","-2.0992103","0.6924311","-2.3410857","-1.2779496","-1.0245074","-0.6523464","-2.4687588","0.8981776","0.17595807","0.31015322","-0.4532618","0.13412565","1.5061893","1.9523482","-1.9197934","-2.2655394","0.11717921","-1.5792943","-0.56713164","-1.2840657","-0.65740854","-0.62737423","-1.0476427","-0.3779","0.04807211","-0.33976144","1.1790828","-0.48587167","0.10604096","-0.2724607","-0.21775271","0.1298319","-0.6096856"
"Acute lymphoblastic leukemia","-0.75018865","-0.70601434","0.83710337","0.36769235","-0.11224752","0.53687865","1.4050162","-0.72072834","-0.961657","-0.6784842","-0.55962336","0.8383748","0.46849307","-0.43752703","1.2242881","0.7519424","-2.5462105","0.052740153","-1.5410159","1.8512414","0.20320894","-0.7766201","-0.71626747","-2.409761","0.043834265","1.8798648","-0.03745746","2.7883317","-0.5102967","-0.30216718","-1.1066507","0.52531844","1.9191415","-3.8846717","2.4745858","1.3865881","-2.8746886","0.45191222","-0.6509197","-1.2864277","0.47486877","-0.5087014","-2.8115382","-2.6028268","2.2914793","1.2032875","5.142895","-0.9637912","-1.3884872","1.4614623","0.27634194","0.992708","0.65096676","-3.2587981","0.11641868","-1.3144445","-0.8902323","-1.2798178","-1.9304112","2.2696073","-0.31791234","-2.4430463","-1.5602502","-0.1984028"
"Acute skin abscess","1.0892373","0.19316049","-0.3654314","-0.25015768","0.038183074","0.26597157","0.2514359","-0.14451489","0.12802902","-0.0020088202","-0.14793916","0.18061796","-0.14263868","-0.30926704","-0.10597462","-0.065661386","-0.21957158","0.14947346","0.10360573","-0.033205826","0.19423918","0.013979965","0.13709888","0.058161527","-0.1868248","0.3270949","0.28513536","-0.110760875","-0.33264223","-0.5500637","0.46451044","-0.27305722","-0.28244594","0.14585508","0.028993662","-0.42470196","-0.05450369","-1.1915698","2.6364126","-2.0957377","1.4798408","3.143082","-2.4370484","0.6744549","0.44243672","1.364822","-0.76496357","-0.30549043","0.6472648","-0.42521086","0.3043747","-0.8166561","-0.12625651","0.42335045","0.27955064","0.09137709","0.19076999","0.2568209","-0.23333961","-0.4785653","-0.2824513","0.33849698","-0.055329632","0.37088704"
"Adolescent idiopathic scoliosis","-0.4686299","0.1712623","-0.24286117","-0.075069726","-0.028267397","0.2538733","0.021705119","-0.10340074","0.019185245","0.15055001","-0.42673036","-0.18738145","-0.24024503","0.14444157","-0.09829076","-0.84675807","-0.12051908","0.6046205","-0.30238447","-0.51504153","0.77284944","-0.565359","-1.1530724","0.44896436","0.82075095","0.64619285","-0.63885826","-0.734081","1.2711014","-0.674","0.48234266","0.42085272","0.7765346","0.6398599","-0.49789828","-3.7983513","-2.748869","0.75873286","-1.4289652","-4.069025","-5.307444","-0.43088892","1.7597542","2.9195886","1.5734525","0.40764195","-0.7313293","0.37691322","4.6167855","-3.522743","0.17195813","-0.7467839","0.035777267","0.5254432","-0.3533333","-2.0048795","0.36869213","-0.907157","0.15953833","-0.94035316","2.2036648","-0.94413507","-0.8493212","-0.31283972"
"Aerobic vaginitis","-1.948018","0.0062497794","-0.01107764","-0.05273455","0.014443019","-0.03336873","0.035109058","-0.018945351","0.07546707","0.095117815","-0.0079853255","-0.041497517","-0.0028377194","0.035135742","0.0035316155","-0.051867686","0.0135737285","-0.017133188","-0.028953262","-0.013155949","-0.027028995","-0.032889433","-0.15747893","-0.043615498","0.013692916","-0.1371862","0.03751415","-0.15595005","0.013886753","-0.07870361","0.058667075","-0.14115362","-0.06688632","0.15745376","-0.057926066","-0.14140017","-0.0010914148","-0.033744235","-0.06613977","-0.102525845","0.20002781","-0.028799182","-0.110631846","-0.59674835","-0.08957012","-0.24732785","0.1697767","0.2620057","-0.17013751","-0.2761359","0.33466443","0.971268","-0.93214035","-0.7467262","0.5821062","0.31394953","1.4777358","0.10596808","-1.8519441","-0.28879866","-1.6049396","-1.1893681","-1.7646569","1.4716423"
"Aggressive periodontitis","-1.9721074","0.026035972","-0.05273319","-0.04430303","-0.02827843","0.048841044","0.032040726","-0.06938523","-0.0010858055","0.023630392","-0.008320955","0.008982195","0.016221557","-0.015848497","-0.027929487","-0.015727885","0.0008096108","0.042022765","-0.047619276","-0.010457729","0.0490125","-0.004198373","-0.05381499","-0.011545444","0.003397535","-0.007837883","-0.012007719","0.016884895","-0.005596665","0.013740959","0.018233635","0.0046117725","0.0026995556","-0.04000965","-0.0062345243","0.03463533","0.03617323","-0.009111625","-0.024842406","-0.10417268","0.22632085","0.02844136","0.08685955","0.10869117","-0.08697606","0.09709089","0.16874072","0.032212317","-0.2605033","-0.022670364","0.2646609","0.24558532","-0.29222363","0.5814105","-0.05609731","-0.2120414","-0.12210284","-0.3227441","-0.37063774","-3.0129852","2.121469","1.3372022","0.4074088","2.0831738"
"Alcoholic Liver Disease","0.5086683","-0.9895025","1.7155567","-2.3206527","-0.1544211","1.2673174","-1.2225621","0.7785655","0.8181836","1.105348","-0.12614042","-1.3839285","-0.03270653","-0.1917232","0.36856437","-0.45412973","-0.3337762","-0.30243993","-0.76567966","0.28724122","-0.04819734","-0.27097368","-0.7798392","-0.001949084","-0.37926352","-0.028483083","0.6026807","-0.6277971","-0.46645644","-0.29355395","-0.28702062","0.6837315","0.5307838","0.46392617","-0.2906762","0.043217465","1.8744029","0.12623665","0.98159796","0.8461834","2.0288923","-0.017310452","0.4375003","-0.3402151","-1.3021399","-1.2907919","0.64036036","-3.1094527","1.2806369","0.5043383","-0.8726018","1.453789","-0.9104735","-0.4970682","0.074965246","-0.68318313","0.78749675","1.0414206","-0.7996521","2.6341214","-1.7922969","0.8963524","-0.7904158","0.030893568"
"Alcoholic cirrhosis","-0.92093486","0.2039194","0.054369938","0.5649608","-0.6701182","1.2234566","1.0351233","1.1412448","0.00024383713","-0.07451246","-0.26993152","-0.55358285","-0.54301304","0.8065568","-0.8625599","0.5542724","0.48406407","-0.5904529","-0.45297813","0.8904837","-0.59536713","-1.971721","-1.4127194","0.99831563","0.48862395","-3.088621","0.15860283","0.3381567","-0.026072482","-1.1821345","-1.1466452","-2.2185373","0.37363416","-3.330479","-2.5560975","0.45221168","1.2753232","-1.6283607","-0.8213912","-1.7580104","-0.5679212","-2.329215","-1.0454736","2.19437","-1.1014456","0.71095383","1.1114068","-2.6326337","-0.19838025","1.3967202","-0.14472744","-0.73265","2.4936113","3.4500313","-0.23260841","0.63073003","0.43074906","-2.0197244","0.31281915","-1.128054","-1.4074558","-0.2960208","-0.783042","0.5069615"
"Alcoholic hepatitis","-1.8111056","0.39374146","-0.08038549","0.42176515","0.03580259","-0.17806879","-0.02609394","0.44076124","0.4262182","-0.0606649","0.22716868","0.07531995","-0.0009293723","0.008105578","-0.17117181","0.039754085","0.10098763","0.07063701","-0.15080494","-0.18715777","-0.2622817","0.20047368","-0.06449328","0.15173107","-0.048261296","0.12970856","0.021771206","0.39914864","-0.507741","-0.9523045","0.15285112","-0.51823974","-1.3315967","0.02603922","0.38252857","0.9040407","1.1011472","-0.9092919","0.5488312","0.053855374","-0.67621136","-0.6137758","0.53329235","0.28400382","0.5779034","-0.43682414","-0.04903976","-0.78910154","-2.2075067","0.061586704","1.3184956","0.5531517","0.80675036","0.3849326","0.632932","0.026881373","-0.5137659","-2.112581","-1.7810161","-1.5490057","-0.72643435","-3.4527636","-1.6487137","-2.9565873"
"Alcoholism","-1.9581416","0.024573885","-0.0064355093","0.035431184","-0.038015675","-0.068055294","0.044890158","0.05245882","0.0029197426","-0.00020286415","-0.036645483","0.038982257","-0.002189834","0.06708528","-0.0063340752","-0.038851082","0.112451494","0.10761197","-0.012249868","-0.06881082","0.008499734","0.004967874","-0.047655273","-0.10314754","-0.007211184","0.03713163","0.023089405","-0.0019270435","-0.07324803","0.12044528","0.10022712","0.1392831","-0.04596404","-0.052495267","0.16879675","-0.0360409","-0.09812485","-0.06549101","0.14640011","0.13822876","-0.15328819","0.072489396","-0.37938255","0.30430904","0.01983882","0.26746038","0.38124704","-0.5069707","-0.12057841","-0.2820534","-0.6752513","-0.5049821","0.02684381","-0.8932352","0.048558094","-1.5891426","-0.527786","-1.592335","0.53018343","-1.1895634","1.634382","-2.1524758","0.51471144","-0.21239197"
"Allergic asthma","0.31538942","1.7298757","-1.8133025","-0.6209478","-0.24563101","0.6647754","-1.5841956","0.3549262","1.9622446","2.2317011","0.61342573","0.018232575","-0.5882629","-0.97379535","-0.472879","-0.21649677","-1.1440368","1.9529443","2.903405","4.4378047","-1.6500454","-0.06880654","0.9356075","2.93079","1.4946002","0.60128176","0.48182142","0.80163056","-1.2722163","-0.5297045","1.8354108","1.8893826","0.10450164","0.5388808","-1.9607177","-0.67336994","-0.77249545","-1.5856806","1.3714403","0.9987205","-1.469895","-1.4221863","0.7228647","-0.34864414","-0.75358355","0.43607467","1.9219382","-0.004690003","0.3981934","0.08386772","-0.71716166","0.29753804","-0.030171603","0.468327","0.76556844","-0.20983838","-0.10762259","-0.32476285","0.36166945","-0.21629807","-0.08323043","-0.11989544","0.53248614","0.6087447"
"Allergic rhinoconjunctivitis","0.87465256","0.15065755","-0.35358104","-0.26143572","0.08997537","0.07640334","0.015288624","-0.2696346","0.041510798","0.15935367","0.029732011","0.023515977","-0.11497525","-0.19323073","-0.10251656","-0.19970906","-0.19102223","0.1332679","-0.17309487","-0.100513615","0.22262146","-0.048824273","-0.16402265","-0.043149907","-0.1380264","0.22905245","0.34186456","0.011375015","-0.12585333","0.13293768","0.0962849","0.27043825","-0.17729105","-0.1902948","0.17400819","0.07685128","0.21279655","-0.042199355","0.03072629","-0.24253248","-0.088927805","-0.037184898","0.047979165","0.36967263","-0.18874863","-0.4345403","0.09547487","-0.0853827","-0.28139687","0.124899015","-0.09106018","0.17439955","-0.21689942","0.023480192","-0.1401472","-0.37994754","-0.40736327","-0.16745345","-0.008324689","0.20354939","-0.18270716","0.44032708","0.061813693","-0.27516234"
"Allergic sensitization","1.0981762","0.07663172","-0.4715551","-0.06328235","-0.25343218","0.22572972","-0.25493836","-0.5749682","0.123835206","0.6082155","0.09117518","-0.3508923","-0.64045435","-0.5021472","-0.2126186","-0.26469785","0.6476667","-0.36314672","0.66853505","0.79301584","0.12662247","2.7382364","-0.9253599","-2.466945","-2.1353128","-3.3140743","-2.276035","2.7528076","0.4999476","-0.16353397","0.20775463","0.8031703","-0.30928144","0.24310929","0.51194376","-0.5774687","-0.31096017","-0.10204178","0.5803391","-0.15427986","-0.6450794","-0.103681006","0.3696477","-0.18290666","-0.30559868","0.07372156","-0.2146154","0.018073827","0.14137577","-0.3310463","-0.12585051","-0.0062738843","0.19858985","-0.011630015","-0.032328963","-0.18408678","0.1268365","0.26222667","-0.042641718","0.13817292","-0.19992623","-0.1403024","-0.17216739","0.08327066"
"Allergy","-0.7531072","-0.55838287","1.6285688","0.049666293","-0.0396782","3.4160478","-0.54628205","-0.072324574","0.97676414","3.0260885","-1.4180849","1.8662058","-1.6349406","0.48582873","-2.9720838","1.160031","-0.65442526","1.0502294","-0.10719882","1.1300007","-0.9018035","0.7129938","1.1972153","2.362458","0.007448254","0.9982574","0.16753624","1.2702631","1.5064912","2.0920258","-2.5376174","-0.49451864","0.5585221","-0.98934597","-0.9697293","0.8311779","2.168537","-3.1195815","0.71606666","0.0024362644","1.508058","-1.0085489","1.4286977","-2.5366867","-0.31006062","-2.1005998","-2.0095055","-1.3346732","0.12825382","-3.8524055","-1.588083","-1.022363","1.4882092","-2.032172","-0.8932537","-0.1388608","-0.74957126","0.21550082","0.76612073","-0.20458248","0.18721052","-0.13020177","-0.1433929","-0.20050932"
"Alopecia areata","-0.111887656","-0.14781384","-0.12560536","0.94976795","-0.7487239","-0.20378","-0.42631614","-0.90583575","-3.274276","3.5285099","1.4953898","-1.5839145","-0.5382012","0.41817304","0.037144966","-2.0516899","2.3671014","-0.29205787","-2.377166","3.0069265","1.5224564","-0.858543","1.4201332","-1.8638959","1.0835392","3.2600453","-0.27678218","-0.5246451","-0.10375936","0.69443","-0.18116333","1.915371","0.39334825","-0.84160894","2.8903189","-0.31570625","1.3098396","0.42780742","1.529686","-1.3553749","-0.71185774","0.9875194","-0.104766116","0.01660456","-0.016865516","-1.1271751","0.78560776","1.4464085","-1.2612832","0.73531616","-0.49050868","1.1009308","-0.86855567","-1.222293","0.75370526","1.0461679","-0.043702222","0.2180432","-1.8912362","-1.575885","0.12702464","0.56790686","0.08443406","0.87981856"
"Alopecia universalis","-0.6691807","0.22597145","-0.34841028","-0.28715324","-0.33357385","-0.0613917","0.7378157","-0.56205976","0.6726724","-0.59552294","1.4177765","-1.4168643","0.13932845","-0.18427525","0.4141683","-0.22933994","0.054057162","-0.22421771","-0.7147226","-0.28546143","-0.14240597","0.13537833","0.3494802","-0.22608133","0.47860706","-0.00031757477","1.7349108","1.1844473","-0.8560034","-0.29322162","-1.2808961","0.5458893","-0.37335","1.0663612","-1.0260878","-0.6134748","0.10131734","0.16418706","-0.3737461","-1.0818987","-0.0968701","0.4362505","0.20901369","-1.0348366","0.12563509","0.08697419","-0.51387745","0.6659699","0.362128","0.3808796","-0.25879773","-0.27130148","-0.44703025","-0.8698404","-0.32709405","0.825594","-0.5147367","0.16643466","0.6019866","-0.2725121","-0.8703796","-1.0812714","1.2736582","0.21906184"
"Alzheimer disease","-0.34131446","-1.3303907","2.3948426","-3.0636523","-1.3610493","-0.84661627","1.610672","0.72895944","-1.798052","0.122810476","-0.6971801","-0.61909884","0.53532165","-0.76633906","0.6471764","1.2520511","-2.3843553","1.3093044","1.9429665","-2.173438","-0.92633075","-0.5231646","-1.1766273","-0.48097074","-0.83809817","0.37516242","-0.6878234","1.1328851","0.41363057","-1.6764635","-0.7895816","-0.7601072","0.21713836","1.6388987","-0.92678815","-0.04976942","0.17051868","0.9295893","-1.2619748","-0.14134648","-1.3370187","0.37552172","-0.32928726","1.5365913","0.7875673","1.9208511","0.9227816","1.4318343","0.28279862","-0.42759147","-1.9495491","-2.4132762","-1.2137551","-1.8033999","0.20527166","-0.89898235","-0.35583067","-0.047170512","-0.54654175","1.1256946","-1.0889772","-0.2520198","1.1147718","-0.5311585"
"Alzheimer's Disease","-1.7982794","0.24278574","0.024030961","0.55045795","0.3997542","-0.020484395","-0.09522721","0.0014825038","0.17587422","-0.23290591","-0.08580017","0.026432635","0.19862553","-0.29357523","-0.18569466","0.0037350722","0.0039136996","0.23535909","0.12548085","-0.07658314","0.08025002","-0.41214076","-0.30387124","0.04987723","-1.182485","0.43106392","-0.50636023","-0.36240226","-0.26179186","-1.3246862","-0.23062359","-0.45513386","0.17005646","-1.2086273","0.12650983","0.7635039","0.021044722","-1.5187871","-0.3031683","-0.60981846","-1.4124304","-0.67427844","0.21968381","0.60553783","0.0717663","-0.4222483","-0.54618615","0.27376077","-0.897247","-1.4602811","-2.9694958","1.7381462","0.4607823","1.8855258","-2.2197194","0.26917776","-0.3540706","0.19574323","-2.4985788","-1.9269805","-3.8591158","0.9367672","0.33416963","1.8009073"
"Alzheimer's disease","-0.20735285","-3.139802","1.3052464","2.1651683","-3.4298232","-1.4626598","-0.34870362","-1.1881648","0.6218171","-1.0106257","1.6835679","1.1798353","0.14608432","0.24095738","0.22752482","0.13929614","-0.37003484","0.47809982","0.8815086","-1.2542794","0.9291238","-1.0827483","-0.71156114","0.6656573","-0.39132562","1.0060081","-0.59273314","0.30292457","-0.43092433","-0.029543918","-0.14859559","0.05723604","-0.7538266","0.07510349","-0.5851453","0.30547187","-0.19615741","-0.21127097","0.00961081","-0.21352798","-0.32085976","0.40125346","-0.15756772","0.1928383","-0.49588045","0.20340182","0.59418595","0.42901278","0.059765358","-0.63038015","0.11587492","-1.1729717","0.70185757","-0.7564774","-0.67720693","0.2134134","-0.4361243","0.21304648","-0.011541522","0.013028398","-0.6840285","-1.9803625","-0.6054917","-0.717229"
"Alzheimers disease","0.1787215","0.8687034","-0.569334","-2.4788392","-2.4048896","-2.201836","2.605269","0.2731328","-0.5516974","0.025073197","1.4603398","-0.96905977","0.48732302","-0.637553","0.8232142","2.5958927","-2.122911","-2.823769","0.99337095","-1.295752","-3.9176118","1.588378","-0.20134789","-0.80567884","-0.3931214","0.30456707","3.553678","0.1708777","1.781545","-1.4553233","0.069210075","-0.09493372","0.41225037","2.0692878","-0.95584416","-1.2233231","0.06818324","1.5182846","-0.34218127","-0.7462843","-0.31741172","-0.000440459","-0.09042494","-0.1652465","0.17421797","-0.03927196","0.5116302","0.4192774","0.090587795","-0.37264356","-0.6000374","0.50841963","-0.5005489","0.97269577","-0.033195008","-0.016945034","0.33439904","-0.30346358","0.20362584","0.62708473","-0.574736","-0.072899826","0.4264181","-0.031193161"
"Amyotrophic lateral sclerosis","-1.3333606","0.083884515","-0.13008618","0.8417337","0.2645598","1.5643133","-0.09031953","0.7683549","0.14856946","0.41017467","0.17684887","-0.7272587","-0.40619543","-0.17772081","-0.47842273","0.29919133","-0.2675338","1.3480587","2.2211967","-0.68230027","1.8233387","-1.9097626","-0.88046396","-1.9462836","-0.63258463","0.6656911","-1.0593538","-1.2900836","0.7994158","3.5143986","1.1899537","-2.025388","1.6801232","0.90221703","0.98038304","1.6674563","-2.9438908","0.13059165","-1.1643896","-0.2639345","-0.5800824","0.9457654","0.34099752","1.1846912","-0.9582343","-1.8545188","0.5090201","0.1430169","1.0392311","3.2726533","2.5416417","-2.729963","1.7260152","1.8232536","0.6652493","-2.0951097","0.8713553","3.265838","1.5332861","1.1441178","-0.8327045","0.19394605","1.1338631","0.041928615"
"Ankylosing Spondylitis","0.33070806","0.19845064","-0.3815728","-0.11681779","0.016829802","0.26748314","0.03080152","-0.27467662","0.07455241","0.2965134","0.052251503","-0.0769704","0.050752215","-0.3398363","-0.074346945","-0.3281429","0.40657434","0.27104223","-0.20082043","-0.017381659","-0.075398356","-0.07820522","-0.34223846","-0.17350276","-0.32182357","-0.09435607","0.32007107","-0.09611761","-0.22390659","-0.28361413","-0.35467014","-0.18137603","-0.23960067","-0.036802266","-0.54454017","0.9593548","0.14880621","0.959334","0.18040945","-0.7100007","0.6863776","0.6049871","1.5866082","0.57162243","-0.73572266","0.75191253","0.45210922","-1.6603833","-2.1278126","-0.24851604","-0.7505723","-1.5556792","-2.2729967","-1.0912106","0.98727787","-1.0914253","-2.81466","-0.12874137","1.6022484","-1.752299","-1.2677901","0.12802598","1.1591575","0.1973812"
"Ankylosing spondylitis","-1.8530904","0.18783443","-0.17963997","-0.108608276","0.1279836","-0.22003442","-0.07486778","-0.09149734","0.2672411","0.10283795","0.42713007","-0.5435322","0.056811698","-0.2330449","-0.43638372","-0.02036241","-0.05327439","0.21606229","-0.05649647","0.2662697","-0.27956498","0.015647206","-0.58424044","0.42222375","-0.54134065","0.49444133","0.23059335","0.13957773","-0.023193117","0.17261344","-0.95899826","-0.18411407","-0.6979034","0.1557901","0.36816096","-0.5831972","0.48542237","-0.63960457","0.19506493","0.79243356","0.69369143","-0.10904195","-0.019545784","0.119050026","-0.31407613","-0.60434645","0.83550036","-1.1827672","0.78524035","-1.6965159","-0.5646027","0.8255497","1.3811283","1.0396708","-1.2071286","-0.9648949","-0.259128","0.5036871","-1.9314908","0.30231994","3.518957","0.7892214","-1.2718611","-1.9966396"
"Anorexia Nervosa","-0.22396018","-0.42259693","-0.48484972","0.49327537","-0.09331725","1.4386505","-2.5134149","2.0857139","-1.4561502","-3.2680523","3.4893255","-0.0072382153","-0.22633421","1.0550432","1.3378196","-0.56688565","-0.68139327","1.1007392","1.5490638","0.8335836","1.1769338","-1.7848353","-0.3103814","0.022964612","-0.049433976","1.5831715","-2.2597668","0.6106853","3.0438232","-1.3300025","-1.9080862","-2.6227453","-3.421631","2.6038125","2.007854","0.67202264","-0.7880435","-0.9227163","0.22630766","0.3736938","-1.3850021","-0.47348705","0.18113087","-1.422745","-0.4815612","1.1503574","0.94223076","-1.0323626","-0.53264326","0.87168914","1.3677166","-0.39365247","-0.22311367","-0.106127284","0.9215149","0.85109353","-0.50614536","-0.17429428","-0.20458534","0.339566","-0.30494305","0.44152966","0.027614795","-0.4237746"
"Anorexia nervosa","0.51548755","-1.3767334","1.4006051","0.22196162","0.010062728","-0.23074344","2.3668454","-1.4060394","-1.5564224","-1.7360461","-0.30160996","0.6524091","0.31346485","-0.12759204","-0.059350073","0.31763622","0.6182773","0.27707586","-0.45733964","-0.08425076","-0.62835133","0.081979804","-0.26563472","0.061245594","-0.51117694","0.31221285","-0.6153589","-0.15953833","0.39537895","0.82672614","-0.05773989","0.5470546","-0.7139865","-0.0009746439","-0.3423772","0.34686324","-0.14870027","-0.65417135","0.7011394","-0.37562704","0.6484869","0.5914923","0.77496666","-0.7549695","-1.8555065","-1.2371287","0.3116641","-2.074983","0.023439478","0.55976385","0.15702093","2.6157315","1.4810563","-0.6127714","1.0406036","0.52309597","0.4975188","-0.7661927","-0.46138352","-1.1736321","1.4746867","-1.1699845","-0.86930364","-0.41776398"
"Anovulation","-0.9135683","-0.3827757","-0.052072387","-0.049915608","1.8189267","-0.75857264","-2.6246881","0.54931676","-1.6018895","-0.80285615","-0.71752775","0.6765204","0.151033","-0.022661649","-0.7576608","-0.29890755","-0.7232986","1.5147324","0.012820228","0.6173589","0.113449834","-0.03336868","-1.57402","0.7652529","0.07491676","-0.41675457","-0.45911753","-0.6965779","-0.5699377","0.4457891","-1.5503336","-0.40492594","0.9531476","1.8422192","3.5863428","-0.9414265","1.0588124","-0.72640306","1.7391276","2.2539504","2.2627919","1.4365304","3.0542378","-0.6132342","1.7028143","-2.7792816","0.66324735","-4.2577643","0.9169295","-1.9284824","0.50828016","-0.26127946","-3.510713","1.0190024","2.5496","-1.5960654","1.4056833","0.1399177","-0.54803663","1.5796441","0.1110411","-0.89458054","1.005086","0.4409153"
"Anti-N-methyl-D-aspartate receptor encephalitis","0.34594733","0.12439606","-0.17195006","-1.095689","-0.50458145","-4.22475","1.1344407","2.6648266","0.33582464","1.4512212","-1.6080974","-0.2451585","0.8712444","-1.730011","-0.13596697","0.8573277","0.5890107","1.028823","0.53936493","-0.8655758","0.26323593","-1.3494996","4.9759555","-1.5792496","1.0349629","-0.7399735","-1.905548","0.77507573","0.362987","-0.041460898","-0.34571576","-0.5946812","2.6948493","-0.09575142","-0.6550155","-3.4661515","0.757532","-0.73443776","-0.47523043","-1.7821382","1.8444948","-1.2924438","-0.18414442","0.04377312","-0.47454005","-0.00163329","-0.15120253","-1.3801414","-0.90315485","0.41092584","0.8692016","0.015342039","-0.44597173","-0.5355654","0.5505623","-0.046420686","-0.7422332","-1.7062578","-0.10311711","0.74966943","-0.17868313","-0.64476293","-0.23043673","-0.028142521"
"Antrochoanal polyps","0.49836257","0.14143202","-0.32601255","-0.19241284","0.044470213","0.11252596","0.0571913","-0.18855408","0.0616142","0.16824393","-0.0333152","0.0024270297","-0.10270503","-0.18639162","-0.057980523","-0.048160296","0.105933584","0.10575242","-0.07961415","-0.13896777","0.086169094","-0.22202164","-0.10249095","0.09169116","-0.0315807","0.042432074","0.12914693","-0.028013038","-0.06573792","-0.048438635","0.02777127","-0.0037707456","-0.0027373254","-0.1671726","-0.034984484","-0.03262658","-0.009653534","0.17473078","0.024127988","0.0130620925","0.026335657","0.07863171","-0.037376925","-0.005681808","-0.15444657","-0.034769084","0.0833889","-0.057221487","-0.2774762","-0.000443272","-0.0019368014","0.0032938132","0.13957496","0.056166433","-0.031218082","-0.0026709214","-0.16851121","-0.024683446","-0.13858862","0.038621247","-0.10972164","-0.10643905","-0.03539763","-0.09549937"
"Aphthous stomatitis","0.17172673","0.10195038","-0.41513184","-0.17859676","0.26510423","0.4228659","0.102250405","-0.14210059","0.06194219","0.053871784","0.3535505","-0.84793925","-0.2027694","-0.100106716","-0.26152548","-0.58748156","-0.02998365","0.51792145","-0.29987678","1.0617831","0.5275921","-2.1636767","0.16263555","-1.302238","-2.9409556","2.6561804","0.6044847","1.3863505","1.6564734","-0.1221281","-0.2860309","-1.907096","0.17457978","2.2399874","0.43566778","2.3032231","-3.6550393","0.1976996","-1.5592574","1.9473202","0.81052876","-1.6529715","-1.638981","1.5183161","-2.8303635","0.93607336","-1.9092155","-2.027101","0.18351096","-2.834886","0.68429345","0.78365195","0.9068511","0.1421262","-0.06499704","-0.46046123","0.8022516","-3.1612685","-0.13943145","1.2623005","-0.2279395","-1.7063719","0.16339871","0.0609888"
"Aphthous ulcer","-1.3386903","0.34295973","-1.0685446","-0.27511448","-0.177203","0.14605479","-0.5769368","-1.3416003","-1.1107535","-1.3035209","0.42156252","1.1054265","0.56512356","-0.82676786","-0.11946092","0.0016089336","0.37093994","-0.17576358","-0.14482982","-0.071835734","-0.037794042","0.04174106","-0.20253457","-0.19789568","0.76123846","0.22737443","-0.37653378","-0.18192862","0.72652096","-0.6691642","-0.1219539","0.7057311","0.19382314","-0.7532371","0.5620244","0.6734436","-0.87472785","-1.6006786","-1.0514622","0.29604065","0.8996187","0.09978447","0.6273626","0.6781431","1.1232363","-1.9720583","0.74152803","1.2098507","3.1730008","-0.90963596","0.65598756","-0.9043016","-3.9780815","2.3166137","-2.279535","-1.8399761","-0.7488092","-2.3511744","0.4592471","-1.7919415","-1.3720396","-1.387353","-0.48806408","-0.66891676"
"Appendicitis","-1.3748164","0.0040910593","0.0025397416","0.10127569","0.43435714","-0.6287611","0.049095757","-0.0034867926","0.58071667","0.50646365","-0.2696136","-0.1407037","0.2562997","-0.53659594","0.16393682","0.34484044","0.5770639","0.01526164","-0.07284515","-0.23911056","-0.76081437","-0.8395747","2.0835178","-0.09042495","-0.002587986","-0.88818055","-1.1825557","-0.6155302","-0.9334975","0.6510091","-0.42488372","-0.76723576","1.9377768","2.8164616","0.9287983","0.73497087","0.43377647","0.2908087","0.66633373","0.49934763","-0.55886966","0.83911437","0.4421618","1.0172813","0.010187554","-1.757037","-0.104515076","0.9602935","-0.3526901","-2.214065","-0.28075063","2.0914068","-3.0439215","-1.7443761","1.3284382","0.19808006","4.8149047","1.5857028","1.997515","-0.12279738","-0.22502117","-1.7130867","2.3845592","-2.3762822"
"Arsenic exposure","-0.4551852","-0.87666696","2.2983785","1.6388363","2.8045197","0.3389818","2.5616825","-3.2585635","0.6973399","0.7853781","-2.1193776","-1.7453952","0.15117604","-1.2871691","-1.3465985","0.82008344","0.019518003","-1.4702033","-2.0167243","1.0199034","-2.7202322","0.32799757","0.1716406","1.1855174","1.3233839","0.1323633","-0.09490898","0.7136619","4.39449","-1.0811535","2.7760782","-1.659513","-0.58370376","1.2411274","1.4643987","1.569366","1.3467591","-0.75877786","0.81818765","1.6743418","-0.09253376","-0.3845079","1.3577828","-1.578594","1.528233","0.57738465","-1.1928262","0.052150473","0.9866314","1.0055616","-0.59831107","-0.37191594","-1.6618167","0.9162966","-0.7846031","0.38816908","0.24472776","0.7528811","0.04686049","0.06566769","-0.26502112","-0.2786803","0.5587755","0.65746224"
"Ascites","1.0842195","0.15957914","-0.37033296","-0.20642674","0.020611394","0.16854566","0.08727866","-0.18685244","0.047687206","0.1608645","0.016266013","0.06674613","-0.11365171","-0.17664625","-0.08919416","-0.12180014","0.0004514567","0.08292879","-0.011606252","-0.20654725","0.060180895","-0.18338692","-0.22493248","0.08298765","-0.036125675","0.062486928","0.211499","0.075757384","-0.100609295","-0.075537086","0.056473397","-0.04891621","-0.009398668","-0.026799591","-0.021706723","0.14735621","-0.0022564696","0.07759292","0.31902403","-0.1573623","0.21915667","0.30025735","-0.36393014","-0.179938","-0.006484672","0.047378357","0.043037158","-0.0055441954","-0.145714","0.057774078","0.05999498","-0.0327737","-0.0208131","0.017966183","0.07301339","0.12075307","-0.048669845","-0.0798311","-0.05999845","-0.028615145","-0.10411528","0.059631895","0.055854447","-0.033705033"
"Asthma","-1.977049","0.033593293","-0.05486027","-0.04930898","-0.03942655","0.020798324","0.031733155","-0.062689416","0.019531025","0.036872532","0.012882166","0.013303505","0.012084306","-0.0077720555","-0.030891476","-0.015213606","-0.002500452","0.030113848","-0.034545984","-0.004409169","0.033149723","0.005238468","-0.054808043","-0.012367444","-0.010729948","-0.0059431163","0.0010027832","0.0015689844","-7.979137e-05","0.017678017","0.018346319","0.024013037","-0.011253548","0.05444112","0.059162878","-0.12349524","-0.010981257","0.13149494","0.045309037","0.09479421","0.041205727","0.04866332","-0.13605256","0.086838715","-0.13623333","-0.065459006","0.06840265","0.07039857","-0.021679023","0.09154067","-1.2145392","-0.24678402","0.6646794","-0.61131066","0.19032834","0.21095076","-1.1829988","-0.36086616","0.15406886","2.3043835","3.1350508","1.1380185","-1.5442798","-0.6126045"
"Atherosclerosis","-1.0501404","-0.12668544","0.0942991","0.24451415","0.13195153","-0.1358314","-0.372505","1.0767388","-0.55769163","-0.9320438","0.5173323","-0.49186078","0.03517507","-0.4393413","-0.9654548","1.2437884","-0.979605","0.037188932","1.9434757","3.0957966","-1.4948113","0.87398684","0.39126796","1.1735125","-0.24881281","-0.07070928","1.10626","-1.3035063","0.13218667","0.030636376","-1.369196","0.021887742","1.4098992","-0.36196","1.9111481","-1.4725983","-0.8287393","-0.08267787","-0.8948738","-0.11748862","-1.0800604","1.0523129","-0.7550809","-1.5169643","0.16214855","-2.9186153","-2.144951","0.98802584","3.0778205","2.6466858","-0.18742277","1.5445727","1.1996742","0.04742449","-3.7642338","1.181396","2.0661101","-1.1718433","1.2977455","0.7536486","3.1582558","2.6079187","0.3719812","0.5389228"
"Atherosclerotic cardiovascular disease","1.0940577","0.020005897","0.52955246","1.0365249","1.4477134","-2.0414453","1.0439774","1.0151616","1.7423592","2.2539885","-0.48903582","-0.5432136","0.9841498","-2.0541546","-1.1205101","0.0025377779","0.25732556","0.36778736","-0.7256528","-0.10279565","-0.040068198","-0.2511262","-0.04338097","-0.1783623","0.16869389","-0.07592667","0.26599506","0.25348654","-0.06903116","-0.18621269","-0.17779598","-0.20478854","0.4014217","-0.11512835","-0.24218825","-0.070021234","-0.15996958","0.45074242","-0.0011865363","-0.049079593","0.07655201","0.40717545","0.11410842","0.01636759","-0.05443458","-0.14482035","-0.16449276","-0.20921434","-0.3613839","0.018909661","-0.14366467","0.008456794","0.038190525","0.10225882","0.04202808","-0.41485718","0.1220377","-0.11342775","-0.15076415","0.020405687","-0.16509026","-0.27112103","-0.11299285","-0.4361602"
"Atopic dermatitis","-1.8847874","-0.061704252","0.005878904","-0.19376807","-0.17159724","0.24472633","0.048914675","-0.24896103","-0.1128106","0.0058609","-0.03033072","0.09688651","0.13534462","-0.2015461","0.12847266","-0.10562492","-0.07967629","0.4600798","-0.09684961","-0.053816404","0.32323405","-0.28903177","0.04454776","-0.48103005","-0.18436214","0.21051693","0.29785356","0.20069975","0.22115164","0.010982053","-0.111148186","-0.15731128","0.48152807","-0.14701284","-0.037088454","-0.35186988","-0.87092155","0.27180585","0.43055928","-0.080925874","-0.012777051","-0.6732197","0.5899838","-0.66558105","-0.6370834","-0.306766","-0.08328588","-0.09908935","0.055510323","-0.84598124","0.03737533","1.2124208","0.21718931","0.45929602","0.09187857","-0.021547144","2.0530057","0.40217718","-0.36165074","0.22722138","1.1895463","-0.9921852","-4.36146","-0.016861862"
"Atopic eczema","-0.6654547","0.06411025","-0.1697848","-0.04692599","-0.009189369","-0.04992015","0.23629825","-0.10855606","0.035273943","0.20872778","0.18079682","0.02376649","-0.0019233723","-0.030424474","-0.17961742","0.4362365","-0.019677699","-0.620551","0.5436144","0.40020773","-1.0806326","0.7326661","-0.9407207","-0.9182367","-0.073717736","1.0328969","0.45723018","-3.1171536","0.6484841","-0.47036502","-0.11029888","-0.25323284","0.26895723","-0.81313246","-0.98893994","-1.9309767","-0.5425427","0.24299094","1.7849655","-1.6259392","-3.2619493","-0.14505225","1.8668879","0.2635025","-0.53527844","0.7587968","-2.260514","-2.0108397","-0.8987005","-1.662148","1.8280023","3.90174","-2.9352794","2.8310835","-3.1407323","1.8028173","-2.0276937","-0.46756124","2.6164947","1.4459845","-1.0441436","-0.21769896","-0.30885202","-3.3593276"
"Atopic sensitisation","1.0981762","0.07663172","-0.4715551","-0.06328235","-0.25343218","0.22572972","-0.25493836","-0.5749682","0.123835206","0.6082155","0.09117518","-0.3508923","-0.64045435","-0.5021472","-0.2126186","-0.26469785","0.6476667","-0.36314672","0.66853505","0.79301584","0.12662247","2.7382364","-0.9253599","-2.466945","-2.1353128","-3.3140743","-2.276035","2.7528076","0.4999476","-0.16353397","0.20775463","0.8031703","-0.30928144","0.24310929","0.51194376","-0.5774687","-0.31096017","-0.10204178","0.5803391","-0.15427986","-0.6450794","-0.103681006","0.3696477","-0.18290666","-0.30559868","0.07372156","-0.2146154","0.018073827","0.14137577","-0.3310463","-0.12585051","-0.0062738843","0.19858985","-0.011630015","-0.032328963","-0.18408678","0.1268365","0.26222667","-0.042641718","0.13817292","-0.19992623","-0.1403024","-0.17216739","0.08327066"
"Atopic wheeze","0.20025615","-1.8878824","2.6692774","2.851317","3.6115198","-1.0547137","2.7069564","-1.526291","1.5133206","1.0128853","0.15218632","-0.31985426","-0.88528675","1.0486795","-0.6159148","0.17026055","-0.8028328","0.12028216","1.4046483","0.63891226","0.8965315","-0.6107555","-0.5150606","-0.24150999","-0.27294344","0.16809215","0.32951772","0.20289278","-0.31370246","0.30432796","-0.5699108","0.4708931","0.98192096","-0.08755046","0.26242027","0.42643505","0.27876505","-0.7553854","-0.5554123","-0.8893569","0.9676348","1.1810163","0.35772437","-0.8820947","-0.60648596","-1.5904998","-0.5072113","0.18082234","0.36329934","-0.2936452","-0.12524167","0.3289816","1.5677983","-1.0292861","-0.60010105","0.10420824","-0.43706748","-0.6900152","2.1085293","-0.006910765","-0.40925133","-0.050788276","-0.18685935","-0.80234486"
"Atopy","0.50482553","0.16974543","-0.061746713","0.06663077","0.361285","0.34849727","-0.21089582","0.55350024","-0.113689214","-0.08879603","0.41567925","-0.43477663","-0.04003596","-0.9599331","-0.91056633","0.7478984","-1.1542441","0.4382021","2.1169376","4.168606","-1.0847232","0.06146244","1.3703676","2.3001769","0.7313614","1.0059903","-0.2305379","1.3945001","-2.4573088","-0.10680944","2.9246507","2.5734751","-0.40700337","0.89917827","-2.4952254","-0.35950986","-2.708223","-1.0533648","0.9886992","1.4644673","-0.9596893","-1.2960199","0.17246708","0.47267887","-1.0258912","0.105763555","1.6573758","0.14985818","-0.11052712","0.74849623","0.8882456","-0.96175736","-1.2356192","-0.03724482","0.7976853","-0.7448207","-0.010124353","-0.20149727","-0.6975081","-0.81573564","0.061725277","1.5860797","0.16450119","-0.038337186"
"Atrial fibrillation","-1.3282261","1.8950468","0.678793","-0.20604011","-0.1710554","-0.91830325","1.0732914","1.534562","0.86062145","1.2357336","-0.78800446","-0.6500443","-0.80650985","1.3210337","0.014138545","0.3311624","-0.31495345","-3.6846828","-1.19968","-0.07685356","-0.2739563","-0.25096866","0.45561877","-0.047674872","1.0524251","0.7276421","-0.9918352","1.5608116","-0.0134351095","-1.2490399","2.3358643","-0.702982","0.65867966","-1.2015216","-0.47029495","2.2630534","-0.025863968","-2.5587869","-1.8051124","-0.95128685","-0.6184136","0.57891893","1.9639649","-1.7819684","-0.018737417","1.0196944","-0.15964189","-1.0387087","-0.2930504","0.27578807","0.45484182","-2.0885208","-0.3114423","-0.50460345","0.66655487","-1.1522479","0.9042396","-0.06851894","-1.61528","0.75393265","0.36707333","-1.6256566","1.7941024","0.7441398"
"Atrophic gastritis","-0.74095315","-0.58819354","-0.021257935","-0.41531193","-0.81788266","-1.7744148","-1.2227114","3.793177","-2.123629","-0.90199655","0.36986256","1.8175255","-0.19337057","0.38298774","-1.1178517","0.60393727","-0.7710596","-1.1996106","-0.4129666","-0.653363","2.7380595","-0.14185186","0.5714184","0.9772073","0.3986796","-0.82847387","-1.1261648","0.20664331","1.078093","2.0926893","0.74311566","0.15001301","1.3260463","-0.730986","2.535678","-1.7329298","-2.842629","0.03501984","2.5696607","1.3371809","1.4841864","-2.6610303","-0.3579033","-0.19422728","0.17550115","-1.4085121","-1.4556347","0.68919885","1.3640866","0.84619766","6.0232215","1.7148482","3.236818","1.393224","-1.9486489","0.45402968","2.1378407","0.080613814","-0.82837266","0.7472288","-0.1967775","-0.6817566","0.38339493","0.19736528"
"Attention Deficit Hyperactivity Disorder","-1.3309369","-0.07783295","0.15111089","-0.5573556","0.30996487","0.3555062","-1.6554322","1.2740206","-0.012662226","0.60629237","-0.5889284","-0.2036396","-0.28838697","-0.0036062754","0.1765981","0.70090276","-0.38721564","-1.0589249","-0.13192184","0.32100713","-0.13009046","-0.43148586","2.3585994","0.10959741","-0.13664445","0.13755003","-1.5463545","0.0030569548","0.1426659","-1.2614493","1.7236767","0.6153968","1.2664669","-2.0019467","-1.3176751","-2.0052238","1.9048296","1.5632937","-0.7354769","0.8452177","1.3191711","-2.4342816","-0.75628453","3.7200148","-0.6595782","1.3944662","-0.4102599","-2.0618556","1.3046514","2.4563766","0.8490506","-2.0220923","-1.8512901","-0.70883614","-0.28951004","1.6871331","-0.034256425","0.0069506206","-0.73651177","-1.4281341","1.645261","-0.7442001","-2.5212216","0.42819893"
"Attention-deficit/hyperactivity disorder","1.0652012","1.8692644","-2.3161032","-0.3907913","0.09982163","0.5059147","-2.2974281","1.1717454","1.4210814","1.6228894","0.20000198","-0.64939064","-0.4534747","-0.08288639","-0.010533775","-0.44748494","-0.29923204","-0.47878242","-0.4002962","-0.20380175","-0.24020399","-0.013850921","-0.08079219","0.3753913","0.5116255","-0.15020649","0.6851089","0.052093618","-0.12959354","-0.47377062","0.4227705","0.05895632","0.5843811","-0.2512675","-0.28656954","-0.059545558","0.44110852","0.09910552","-0.06437743","0.051801432","0.088880315","-0.065415524","-0.07399625","-0.15010035","-0.16747308","0.08172407","-0.16718216","-0.021110654","0.026252875","0.063638814","-0.27123743","-0.02978134","-0.075698294","0.20395918","-0.1845793","0.18330787","0.0038185143","-0.22046973","-0.0805164","0.18866338","0.05820712","0.1282818","0.11297471","0.002209455"
"Autism","-1.977798","0.029833278","-0.05514368","-0.05290712","-0.033017166","0.020926358","0.032134835","-0.06030858","0.016209595","0.033793643","0.008787823","0.0074773054","0.013779839","-0.008942034","-0.028166339","-0.020365562","0.0046227654","0.041016232","-0.036199637","-0.0028428675","0.03041821","0.009996544","-0.054017607","-0.00058840157","-0.008867423","-0.0042530773","0.0136052575","0.020887153","0.015610752","-0.005234759","0.0034140272","0.01544842","0.015091355","-0.027936189","-0.06358026","0.07999983","0.022867303","0.03374343","0.04720981","-0.09600891","0.055981647","0.050445378","0.28778195","-0.07689805","-0.11732111","-0.13078278","0.25516567","-0.060936708","-0.15354684","-0.78262585","0.31081885","-0.21080765","-0.24115942","0.68188244","0.695346","-1.1095448","-1.76483","1.4047989","2.2577257","2.2156622","0.98439425","1.045954","-0.55719835","1.9565231"
"Autism Spectrum Disorders","0.18703222","-1.4923471","1.6828345","-0.08594689","-0.22584933","-0.55573714","2.3981755","-1.3491421","-1.2150836","-1.2582358","-0.53288203","1.2663993","-0.09485192","0.14817855","0.0075711887","0.07359491","0.54099107","0.51615024","0.38247228","-0.52582175","0.17847711","1.1166939","-0.7293698","0.5770291","2.8213687","-1.6320453","-0.5203014","-0.862026","-1.6091751","0.13506958","0.22480896","1.9051933","0.9103604","-1.2425963","0.7143999","-1.485582","0.6285812","-0.21206978","1.2180876","2.1742196","-1.3818891","0.083557695","-2.0526912","-0.31168312","-0.56292135","-1.1682711","-0.046013597","0.48219487","0.340148","0.107016146","0.9173931","0.44820482","1.5388936","-0.113138296","0.14179383","1.6457016","1.914616","1.3614069","-0.77070594","1.0903362","0.045607917","0.14789686","-0.75187635","-0.96988904"
"Autism spectrum disorder","0.32448924","1.3527517","-2.1095257","1.7359129","0.10733928","-0.857542","1.2308071","-0.8502417","-0.7792612","-0.9875518","-0.19086418","1.0643675","-0.2998706","0.23560056","-0.3559522","0.12666151","0.59784","0.39519024","0.7782619","-0.44247216","-0.09823282","-0.28835306","0.54767317","-0.26599872","0.085249096","-0.35260415","0.9255355","-0.011011389","0.10832103","-0.10510487","0.61858433","0.22709297","-0.37269977","0.12108023","2.0942833","-0.5493793","-0.0152065335","-1.7193277","-1.8777864","1.4227266","0.16117929","0.9644682","0.66532826","0.67196536","-0.15442985","1.8141422","0.905354","-0.08870149","0.8936554","0.95039296","-4.4015965","-0.86038536","-1.1488608","0.59304214","1.2599576","0.3411075","-2.0057716","0.92362416","-0.8599106","-1.6010295","0.49141026","1.8146746","-1.1566128","-2.0796752"
"Autism spectrum disorders","-1.9784297","0.030806383","-0.054443687","-0.0524927","-0.033196136","0.021133773","0.029603306","-0.062102415","0.019775905","0.038609326","0.007729566","0.009926769","0.015350749","-0.010339022","-0.023003472","-0.021693202","0.005214752","0.035462085","-0.037139438","-0.003731175","0.027949756","0.007930525","-0.057335094","-0.0048279464","-0.008830945","-0.0053077308","0.0072353077","0.018845106","0.01423913","-0.01889972","0.0065051233","0.0061880196","-0.01622155","0.03763693","0.009317238","0.06396353","-0.11732324","0.0062477933","0.012481744","0.034130946","-0.25108626","-0.26705813","-0.15588868","-0.03820901","-0.05154727","0.05766277","-0.06856007","-0.13665624","0.5802826","0.1666294","-0.25078887","-0.820203","1.2122753","-0.76085246","0.61632264","-0.5394594","2.4064286","-0.9172307","1.0978144","-0.13086054","-0.73734546","3.1484866","-0.0122013725","-3.1390784"
"Autoimmune hepatitis","-0.44406465","-2.2088597","3.2520177","-0.85193133","0.597481","0.92182857","0.045292266","-0.07124983","-0.607189","-0.41123614","-1.5766803","1.1077483","-0.3771316","1.0300624","-0.013013663","-0.13661258","0.55414224","2.5025764","-2.7708573","0.8343431","-3.4644961","1.0666647","1.953034","-0.16646409","-1.5460982","0.60793257","2.1109772","1.9112586","2.4053419","-2.9238424","-0.83701974","-0.3646336","-0.9389842","0.3849952","-0.6135995","-1.1942337","2.4538832","-1.6372546","0.05889091","1.3514271","0.42708984","0.18006888","1.3962654","-0.3055591","2.1148577","-0.6744457","-2.0243115","1.7671016","1.6001502","2.3976724","-0.6488612","1.2751218","-3.5374558","-0.8040942","0.069067575","-0.15742457","-0.040890492","-0.9958812","-0.31005338","0.96028644","0.19960622","0.43897837","1.3962874","1.2084019"
"Autoimmune polyendocrine syndrome type 1","-1.6615702","0.21356845","0.3363513","0.28524503","0.2887128","0.39480272","-0.44682163","-0.26420632","0.21060595","-0.04574012","-0.5899662","0.87644553","-0.16642086","0.2129292","-0.13807103","0.19327025","0.0017649963","-0.12107629","0.19282661","-0.05508509","0.031194331","-0.16727594","0.15599917","0.14267765","-0.0067499815","-0.22726476","-0.12080017","-0.026981577","0.18368246","-0.15971318","0.28372198","0.27425164","-0.21365409","0.073497035","0.09803016","-0.02214609","-1.0414531","0.09688159","0.731193","0.34751236","1.3111703","-0.11652415","0.4319193","-0.48162317","-0.45791858","-1.0093765","-0.61368084","0.34241006","-1.2540147","-0.33546397","0.55954903","0.40261516","1.0585322","-0.100915216","1.547475","-0.53726155","-2.9243853","0.287209","-3.4957294","5.071537","-0.06981972","-3.0358467","4.2435727","-0.6486075"
"Azoospermia","-1.1234496","0.026012523","-0.12867136","0.06171922","0.11356562","0.078215316","0.01947888","-0.046432402","-0.1315687","-0.18724734","0.06340339","-0.15058698","-0.1093746","0.10319925","-0.13455488","-0.057301864","0.23274226","1.0284373","-0.5816278","0.05013414","-0.88993955","0.21662144","0.3576253","-0.06717471","-0.30621928","0.09554224","0.4289947","0.31222665","1.2005702","0.2536265","1.3350096","0.33067083","0.79903364","-0.034616034","-0.9272061","1.1958182","1.2412483","-0.94644415","1.1656795","0.90154195","1.671225","0.048657928","0.76130134","-2.214566","-1.6274172","-0.42904666","-0.580845","-0.69522977","-1.905506","1.2842157","1.2522887","-0.5462348","-0.9150104","0.40131968","-0.93678725","-0.48531392","-1.0198478","0.9346353","-0.71905273","-0.28669238","1.0012261","0.52780485","1.0028975","0.5049989"
"Bacterial Vaginosis","-0.46880555","-1.1029303","-0.8549693","0.054730766","-0.78703624","-0.14743137","-0.03074817","-0.54940575","1.1263858","-0.43558553","-0.53211546","0.2708712","-0.08126206","-0.42057055","0.03714787","1.651057","-2.2412038","-0.12298365","1.3840439","-3.398943","-2.2140093","0.8878745","-3.0832007","1.6295904","2.6916883","-2.1839817","1.1174495","0.58180255","-1.0877342","0.5996372","-0.33456728","1.6499962","1.0520585","-0.6989264","0.056949414","3.0088482","-1.0637313","1.6972218","2.3001676","1.4424505","-1.7901827","0.563782","0.5900387","0.85889024","0.19738834","-1.4120066","0.12780963","-0.54562694","-0.046498105","-0.27994305","-0.71669924","-1.818316","0.40084097","0.596084","-0.016224563","0.23911923","1.3019524","0.76156026","-0.38518417","0.749473","0.5695204","1.7186689","-2.0506341","0.3996778"
"Bacterial vaginosis","-1.9406569","0.012189292","-0.023173023","-0.08915711","0.03847658","-0.09784528","0.02605888","-0.07236978","0.09752622","0.084881686","0.04670158","-0.06258337","0.015049204","0.029913941","0.05996957","-0.06503346","-0.0650444","0.011739907","-0.09005397","0.019338729","-0.031425882","-0.015384838","-0.058164347","0.013779983","-0.10102514","-0.06642044","0.02230564","-0.038220458","-0.12906602","0.21407947","-0.07952216","0.06469772","0.1361642","0.46250573","-0.07581786","-0.077046685","0.27751347","-0.06515885","-0.14956138","-0.10515901","-0.17975987","0.28233734","-0.23707668","0.20854145","-0.54365283","-0.26439783","-0.048438855","0.28393596","-0.19489513","0.38232127","-0.05609962","0.4085003","-1.1711605","1.7734346","-0.3085689","0.24561386","-0.7646894","1.0496881","0.4576165","-0.08621904","-1.812128","4.1529217","-0.25922295","2.738228"
"Barrett's oesophagus","-0.91587555","0.9149873","0.14524627","-0.96758145","0.6124929","0.36319935","-0.12330672","-0.62497646","-1.4136229","-0.112029634","1.0011421","-0.45728853","-2.1919374","3.1800778","1.514288","-0.2748167","0.4443723","-0.2818077","1.4801327","-0.21366332","-0.30988607","-1.2495325","3.300934","-0.34209096","-0.42345908","-0.72345793","-1.0239297","-1.055362","-0.07991168","0.74637043","-0.3767999","0.011941205","0.23433459","-1.4839857","0.37122622","0.5475361","0.4499499","0.24291483","0.7804599","0.64047194","0.29237154","0.71068764","1.0067451","-0.94027615","1.4852651","-0.23798348","1.098069","0.3319001","-1.2630856","-1.813209","0.94850487","-0.24146776","1.1195284","0.18573004","-2.163777","2.084725","1.6089696","-1.1295003","-0.8531869","-1.0022339","0.3082855","0.61031103","1.7139317","2.4043708"
"Behcet's Disease","-1.9383928","0.09602283","-0.04273509","0.017313957","-0.029835109","0.045105226","-0.036002178","0.09402941","0.036331866","0.033055406","-0.08473545","0.031230656","0.08311028","-0.13842298","-0.12567323","0.04944274","-0.005728745","0.09542709","-0.024555922","0.003830481","0.06629537","-0.13556525","0.044965506","-0.010812844","-0.08219451","-0.023636974","-0.11457122","0.09563002","0.09398093","-0.024547277","-0.06311494","-0.22779645","0.3617483","0.13074066","0.054040745","-0.2772089","-0.119906686","-0.05595986","0.22743535","-0.33226618","-0.0100811245","-0.46324348","-0.32933068","0.045931812","0.1963116","-0.10324858","0.11336078","-0.3070377","-0.20373905","0.42771897","-0.6063645","0.027961137","-0.5895814","0.68743515","-0.6865475","-0.4634486","0.70379454","-1.7391719","-2.3069203","-1.2676368","-1.7785145","0.8385194","-3.130159","0.14193894"
"Biliary atresia","-0.6473537","-1.139562","0.7412859","3.8519785","2.8871028","-0.7674651","1.5545967","0.34179425","-0.81174845","-1.7042425","-0.19133365","0.45441875","1.6869758","-1.6379724","0.9261047","0.23500696","1.5499879","-1.44371","0.7766006","-1.3427055","1.3152003","0.25886723","0.77355766","-2.0032659","0.24700664","-0.40439776","1.433949","-0.7889143","0.7634839","-3.3252933","-0.51510185","2.50173","-0.6521857","-1.4807782","-0.31968912","2.061132","-1.2302049","-1.5863332","-1.5530858","0.78689235","0.17017715","0.6395736","0.51262885","0.36864322","0.10798002","-1.0304186","1.1787211","1.6868149","3.413076","-0.35987335","0.5844268","0.13682464","-2.789888","1.4478139","0.3866182","-0.83067584","1.7300729","-0.727297","1.2309104","0.18727256","1.0728531","0.840555","1.0770415","1.0864543"
"Biliary tract cancer","1.0840797","0.15638992","-0.3826363","-0.21707262","0.03838102","0.18654086","0.09879225","-0.2182583","0.06562111","0.17984474","-0.01879649","0.032955583","-0.11803379","-0.18288396","-0.0999331","-0.17366815","0.07146724","0.055248927","-0.0423923","-0.13030225","0.09391602","-0.19358656","-0.19877033","0.09692343","-0.06779201","0.08534103","0.14450248","-0.06141637","-0.10283951","-0.13110167","0.095000535","0.017904282","0.014084066","-0.12451501","-0.018726006","0.019026864","0.09336461","0.1933231","0.040430725","0.038720127","0.019421814","0.0026687158","-0.056339562","-0.0020842345","-0.13021602","-0.06415651","0.10392699","-0.06490429","-0.23355001","0.15800217","-0.0904025","0.10365765","0.10802395","-0.041750543","0.02024109","-0.027905341","-0.13453566","-0.011969541","-0.03600374","0.062490065","-0.08163978","0.12786329","0.027643112","-0.052701246"
"Bipolar disorder","-0.9698197","0.8735583","1.1699775","0.8257093","-1.2610191","-1.4665155","-2.0631542","2.285277","-2.0155106","-2.0000086","-1.4885027","-0.8317609","-0.07667161","0.77108747","-0.5694415","0.4766739","-0.8035333","1.022532","-0.7646645","-1.0056821","0.10721425","-0.10727449","0.6100804","-0.92832685","1.9963628","-0.33353022","0.6051568","2.5469284","1.3453534","2.8171763","-1.2514851","0.31091732","0.03887922","1.6206727","-1.1044753","-0.94982934","-1.1660533","-0.72356194","0.22255334","-1.6230648","-0.4749162","-0.029366557","0.45317262","-1.3655952","-1.4006175","-0.062021323","-2.2492938","1.3035825","-0.4554792","-0.47775775","2.1371095","-1.7538911","-1.9275777","-0.56736374","-1.3757563","1.026279","-0.67519414","-0.9869762","-1.1204581","-1.1400397","1.0862552","-2.2696009","-0.06973111","-1.6015073"
"Bladder cancer","-1.7180449","-0.3481475","0.5657435","0.12969354","0.03197599","0.71205467","0.30405974","-0.0033237757","0.13797763","0.20858462","-0.15501513","0.23102733","-0.08709368","0.23152326","0.28708997","0.24027407","0.25745967","-0.09598069","-0.1655963","0.0661832","-0.4260879","-0.30866134","0.81490326","0.14829408","-0.18676485","-0.40107438","-0.07896725","-0.0070940093","0.29452118","0.48040384","-0.83491474","0.26578793","0.28101203","0.5264103","-0.44282317","0.18650062","0.044210743","0.53798324","0.091394894","-0.17323464","0.1398042","0.12651001","0.7589977","0.21919425","0.6059314","0.012081809","-0.6816123","-0.6390348","2.19049","0.5124423","1.072226","-0.52854526","0.41802588","-1.6198249","-0.23100536","-0.5003568","-1.8438303","-1.382334","-1.8135003","1.140885","0.42602614","2.9738069","-2.2823741","1.7997653"
"Bleeding gum","-0.5730446","-0.06292471","-0.84353316","-2.0033596","-0.2316681","0.40827277","-2.308801","-2.4548185","-1.1490932","-1.5698268","0.8420896","0.35258","0.79904324","-1.6519421","1.5273336","1.1685258","1.0801756","-0.13786821","0.066921875","-0.765078","-1.6009839","-1.7143261","4.0297437","0.08442937","0.9279315","-1.8385435","-2.1326272","-1.7549738","0.84089494","0.12293976","-2.036035","-0.23921421","0.24674816","-2.1726034","0.4153823","0.8781886","-1.8395175","-1.1830264","-0.05076329","1.5347466","0.018321633","1.8138748","0.8417547","2.53865","-3.7244964","-0.6590434","0.13716136","2.4134717","1.7330081","-2.4121323","-0.21828546","0.40408248","-1.5368178","1.8976091","1.1204681","-0.8893402","-1.0272988","0.10567075","-0.12162562","0.2597697","-0.70691955","0.47934318","-0.5181083","0.7329601"
"Blepharitis","0.32678384","0.034769297","-0.09687925","-0.5293421","0.19405785","-0.3389836","-0.18518873","0.18891905","0.21299386","-0.5816095","-0.0021863412","-0.69974726","-0.6707874","0.7056002","-1.9124572","-0.5203706","4.0351014","-0.2636198","1.9504269","-1.499052","-1.0409768","0.7666824","-1.2930667","2.407146","0.007898667","-1.320289","-0.00956304","-0.59791976","-0.4498846","-0.250539","-0.56797564","-2.009594","0.27574784","0.29476342","-2.9353037","-0.34466308","-0.7151421","-0.5620671","-1.4804071","0.69616854","1.4164029","-0.7144335","-0.7501742","-0.12799425","-0.05304297","1.6526681","-0.26744995","-0.3544998","1.4337237","0.5373725","0.2808044","-0.8168697","0.6691212","0.7603304","-0.2704458","-0.72897977","-0.37604767","0.67763394","1.720677","0.9775228","-0.16258828","-0.46837324","0.015385682","-1.0460688"
"Botulism","0.7075641","-2.649837","-0.06749665","2.7267025","-4.288254","-1.6316962","-2.7361002","-0.27404577","1.9330239","0.17654562","2.0217957","1.1672812","-0.13487992","0.45684627","0.25608653","0.027954193","-0.5840717","-0.030887809","0.06135669","-1.1271245","0.022298796","-1.2010894","-0.5948026","0.8193689","-0.012615323","0.59058845","0.022219876","0.8423097","0.25731435","-0.5074699","0.4891883","-0.34905037","-0.11207975","0.040074863","-0.056919243","0.13820855","-0.025733335","-0.19856593","-0.14710644","0.2370612","0.016894601","0.26418653","0.07569313","-0.16118808","-0.20036507","0.1596793","0.41653824","-0.26403245","0.099526934","-0.26381838","0.011511222","0.08562299","0.29897347","0.31481832","0.10593967","-0.22990759","-0.18763569","0.09281621","0.08394857","-0.074791305","-0.27758196","0.045088336","0.19121651","-0.42821676"
"Breast cancer","-1.4230677","0.16836748","-0.30814314","-0.0696769","-0.8853152","1.4907217","0.24754378","0.17264338","-0.5468204","-0.26617125","-0.29280683","0.32765147","0.20811841","-0.35133317","0.62595266","-0.20841905","-0.5786085","0.79256237","-1.2279868","-0.18008475","1.0034009","-0.37847093","1.1532717","0.6204958","-0.18771733","-0.77776545","-0.40358397","0.86945426","-0.26992625","-0.47822896","1.1289026","0.289233","-1.203684","0.4584089","1.337215","-0.685913","2.4069557","-1.7149073","-1.1555856","-0.97863275","0.37696123","-0.93706536","-0.10441402","2.2254117","0.47811294","-0.16552262","1.1376001","-1.9517016","-0.92793524","-0.28884944","0.23868416","0.5943978","-0.9229433","-0.75371903","-0.2184673","-1.4746491","-0.122107044","-1.4131554","0.08967713","4.250537","-0.6954706","-0.19236517","0.343465","1.2069647"
"Bronchiectasis","0.17715336","0.13458079","-0.49097303","-0.2235424","-0.2961064","0.31272265","0.06736689","-0.08297363","-0.12347675","-0.18134984","0.026353987","0.3423259","0.21556114","-0.37482667","0.24597359","-0.32813","0.04328213","0.009337128","-0.3387428","0.56627387","-0.3419074","-0.61750937","0.091010354","-0.15684849","0.47442374","-0.37336397","-1.6607324","-2.0762393","2.6728146","-1.825304","-2.267988","4.8360786","1.5788412","-0.40228093","-1.5422795","2.4819522","-0.6037175","-1.8563081","-1.8045889","0.10881201","1.1909922","0.254685","-0.52114856","-0.54942346","1.0740235","0.17013682","-2.6244855","1.8848308","-0.429644","-0.5985645","0.22656137","-1.2657529","-0.25521782","1.3300616","0.81999826","-1.6517744","0.573763","0.6802284","0.25537416","0.16794501","-0.8628723","0.31613296","0.122876264","-0.8777259"
"Bronchiolitis","1.1053098","-1.7133662","1.7958142","0.029758124","-0.03770455","-0.21701255","2.659141","-1.617975","-1.4775652","-1.520246","-0.31650123","0.72335666","0.24095929","-0.24509242","-0.21643038","0.16743504","0.39743653","0.71895725","0.32892564","-0.03950466","0.35822755","-0.37933406","-0.3237207","-0.20669238","-0.45415726","0.31999943","-0.5403796","-0.02586184","-0.089943305","0.3092084","-0.30693588","0.009404544","-0.5665385","0.07985883","0.23280497","0.013045878","-0.36192128","0.14637098","0.16101351","-0.09812794","-0.1661401","0.03776758","0.06431389","0.0934198","-0.16896608","-0.20150757","0.2749678","-0.04454172","-0.3782032","0.22774102","0.34247747","0.030977612","0.17013085","-0.47521174","0.21304837","-0.11765059","-0.29362917","0.01374418","-0.07402978","-0.1293515","-0.12090337","-0.119115725","-0.006385826","-0.19699505"
"Budd-Chiari syndrome","0.3251475","0.114179","-0.24583173","-0.55246055","-0.18554075","0.08971874","-0.01565691","-0.4761857","-0.052791588","0.26976162","-0.18187353","-0.2960653","-0.115375325","-0.3155417","-0.22316577","0.06207502","-0.056832436","-0.030286767","0.5670684","-0.5425974","1.1608849","-0.668963","0.13011578","-0.6519761","-0.518951","0.13219726","1.0432134","0.049118556","0.26473463","1.7621616","0.3916633","-1.0350089","1.3289319","-0.04345188","-0.05170213","-0.1118667","1.6912434","-0.42795554","0.42924324","1.3396953","-1.5665752","3.0382543","2.6189644","-0.71898544","0.55671555","2.8487384","-2.3920853","0.027453044","-1.1635553","2.1323316","0.3415269","2.0535564","3.005146","0.12223291","2.0366597","-2.388787","-1.4740007","-0.6797937","-0.28033444","0.21357718","0.33744362","0.08766724","0.34025264","-0.16527437"
"Bullous pemphigoid","0.16624536","1.5137936","0.15766251","-2.2794068","2.5624418","0.53614223","1.2072978","1.2110534","0.25746834","-1.4578123","0.6048487","0.33671108","-0.71899116","0.97663045","-2.4455743","-2.322903","6.49996","-0.60475516","0.03815866","1.7041914","1.2984813","1.258554","-0.058685467","1.5427059","-0.042824395","-1.2532468","-0.34916502","-2.0554795","-0.5064356","0.74329346","-0.64239067","-2.1383235","0.0034684523","-0.17989048","-2.247309","-0.07692152","-0.38873783","-0.6879326","-1.391459","0.7816633","0.45718428","-0.78669363","-0.06840733","-0.30708036","0.11950725","1.1875018","0.34742886","0.21354617","0.1339456","0.77114767","-0.46038225","-0.62401825","0.43029898","0.18575402","-0.13212779","-0.19971135","-0.40844253","-0.2718828","0.608476","-0.06540759","0.52689534","-0.45127222","0.18435961","0.29006234"
"COPD","0.040006276","3.1117883","0.64732","4.2856216","-3.1267366","-0.2624708","0.70263255","0.02907034","0.08856527","-0.55305684","-1.4756249","0.085389994","-0.8936154","1.1184214","-0.13946033","0.44235572","0.56514245","0.3773978","0.5332882","-1.2618637","-1.3617686","-0.89345956","0.5432655","1.0971779","-1.7053256","-0.34716827","0.089926","-0.8139032","-1.1777024","0.32740334","0.78847015","0.085135095","-1.2082062","0.41531852","1.5290107","0.58020514","-0.5348783","0.3084186","0.3375489","-1.619196","-1.1030664","-2.6995277","-0.8400329","-1.2841408","1.5192916","0.66707665","-2.4299874","-0.027848223","-0.6597486","1.1692467","-0.16382399","-0.16956568","0.83194536","-0.508926","2.1704507","0.04400627","0.0060592443","0.36653244","-0.0536394","0.877357","-0.64798117","0.564052","-0.18708761","-0.72297466"
"COPD Exacerbation","-1.1150211","-0.7835156","-0.16203247","1.3736489","-2.2110417","1.7180727","-0.9659521","0.4389264","-0.46666458","0.43489754","-2.6448483","1.2435786","-1.0050374","1.7756174","0.65885335","0.3016673","-0.1882014","-0.272651","0.3605918","-0.50806063","-0.8937152","-0.93756175","-0.297536","0.9866572","-0.4302793","0.52199453","-0.90232056","0.30075383","-1.1508889","0.20591046","-0.4876691","-1.6776227","-0.47964638","0.9959038","0.35532376","-1.613299","-2.0080655","1.4352055","2.5133908","-0.2779403","1.2479856","0.24906558","-0.63929","-4.566647","-0.31894335","3.7540221","-0.54876214","0.46353287","1.580878","0.58389956","-1.7780403","0.6830795","-0.38680673","2.8393958","1.1679182","0.35737458","-0.13376462","-0.75297695","-0.120725915","-0.6167279","2.3492947","-2.5898943","0.77501154","1.2679538"
"Cancer cachexia","0.5125689","0.21190952","0.43300307","2.0576723","-2.4396956","-0.43761945","-1.0948164","-1.1313014","-1.4977905","1.8070352","-0.09220174","-0.5926517","0.056582555","-0.5860144","1.5464314","-0.12190072","-3.5403156","0.33686504","-1.7926732","1.1730037","1.1940484","-0.75083023","0.85914636","-1.2014902","0.39072856","-0.8405995","0.49673072","-1.1157279","-0.042814665","0.10850938","0.61806816","-0.6789941","-0.6741304","-0.588006","-0.41452459","0.69708973","-0.15655187","0.19631582","-0.2815124","-0.7861449","-0.19382071","0.10426887","-0.44755667","0.2573944","0.21725446","-1.0022308","-0.059801538","-0.13387196","-0.9923227","0.7398586","-0.6841584","0.9438165","0.80820334","0.51984036","-1.664592","-0.51664776","-0.5809898","0.43252116","0.34603038","0.78263086","-0.37239435","0.29404122","0.4843786","0.08205992"
"Cardiac valve calcification","-0.66357404","-0.01310985","-0.790496","2.64439","2.1276228","0.6727146","-0.69794315","-0.5992911","-0.5085412","-0.7229808","-0.71532345","1.814961","-0.04831549","0.18636572","2.2345226","0.086024374","2.0552464","0.18487912","1.4361479","-0.7536984","-1.3395109","-0.91248125","3.2028122","-2.4779453","2.4749742","-1.15719","0.5555805","0.08436807","1.0983807","-0.3273055","0.74148196","-0.41120335","-0.6875321","2.0249822","-1.0013769","0.4857757","-1.1142564","2.0407612","-0.7239366","-0.71644455","-1.5014921","0.0641606","-1.9778152","0.779347","0.88613594","-0.21977055","2.5043778","-0.70266515","0.502998","2.1786883","-0.96578926","2.1620817","2.3273537","1.9828614","-0.5557213","-1.7053034","0.01122043","-0.6064445","0.5594063","1.5505013","-1.3309288","3.0168111","0.3939093","1.5032498"
"Cardiovascular Diseases","1.0852945","0.16618426","-0.38179708","-0.21362711","0.02871107","0.17758985","0.07992794","-0.19452885","0.04387004","0.16068913","-0.039883073","0.022410521","-0.12652102","-0.18006043","-0.11435782","-0.17399183","0.064777605","0.07435079","-0.057255995","-0.15974677","0.09738549","-0.2119612","-0.19601578","0.088203296","-0.028857147","0.08681196","0.16752231","-0.0039866767","-0.07481636","-0.07007213","0.06730022","0.027518194","0.017754002","-0.09551839","-0.056295514","-0.0006458834","0.06932106","0.18804225","0.048690308","-0.013345816","0.007955937","-0.008035629","-0.0473496","-0.060001805","-0.18759334","-0.071204334","0.033159148","-0.017071923","-0.25743264","0.17010272","-0.007829861","0.04313204","0.05436849","-0.04030008","-0.02117534","-0.0044733346","-0.15623112","-0.09128095","-0.08204918","0.024805216","-0.048896804","0.03319081","0.048244264","-0.06557957"
"Cardiovascular disease","0.86256003","0.3244713","-1.1871737","-2.2896204","2.4434023","1.1971809","1.8208778","1.037369","0.44281173","-0.542718","0.40018868","1.603135","0.32372564","-1.0049821","0.22937097","1.752479","-2.2831721","0.3362175","1.4439431","-2.6954255","-1.3904797","0.34366503","-1.1429253","0.53605574","-0.67004305","-0.8224204","0.29961613","1.2275325","0.4420069","-0.9676617","0.13400447","-0.027842147","0.24973528","0.5207468","-0.34505436","-0.28257105","-0.19290188","0.40092957","-0.24493104","0.4093635","-0.066271745","-0.44479492","0.008259674","0.18552527","0.0074916566","-0.026627043","-0.33859274","-0.27152768","-0.257665","-0.0194324","-0.073068485","-0.030175103","0.25758633","-0.14803982","0.22183809","-0.21536139","0.16766854","-0.1304842","-0.117756754","-0.20514803","-0.20405392","0.08402453","-0.1350147","-0.021361737"
"Caries","-1.9788508","0.0306844","-0.055865474","-0.052455317","-0.03091762","0.020015154","0.030453635","-0.062762834","0.019954752","0.03776163","0.009553915","0.0082331365","0.014741543","-0.0102967825","-0.026228057","-0.020036822","0.005263998","0.036280148","-0.034910586","-0.0038692395","0.030321026","0.005362082","-0.054182958","-0.0056206915","-0.007123762","-0.01103284","0.00468426","0.01790215","0.012949642","-0.00861421","-0.017667828","0.027512815","0.021884969","-0.0008838414","-0.0150498655","0.0394731","0.008128071","0.061075572","0.00033170587","-0.06955218","-0.1692775","-0.06876265","0.096121326","-0.020857733","0.040103413","0.21517608","0.402809","-0.15698954","-0.46891898","-0.5630687","0.5613204","-1.1131968","0.11815046","-0.24803506","1.7564707","0.042332157","-0.3784978","1.9242626","-1.982997","1.1585392","-1.2397757","-1.2854705","-0.8166799","-4.4519105"
"Celiac Disease","0.18208575","0.03181879","-0.26247546","-0.053691454","-0.40119764","0.046593096","0.054491952","0.25001222","0.12354134","-0.06347489","0.6371379","0.05442399","-0.17920186","-0.103006765","-0.57286227","1.3052696","0.04280704","-1.8132725","1.052036","1.6137079","-2.0305784","1.167193","-0.83584833","-2.6210325","-0.7126738","1.0985851","1.9109603","-3.454972","0.7054331","0.6216329","-0.66998136","-0.9237034","0.37608993","0.6184679","0.52659667","-2.278106","0.035133913","-0.59689605","-0.21531303","-0.16718332","1.1928259","0.40383127","0.14715585","0.52997553","-0.48258314","-1.7556233","0.823864","0.13298564","-0.1520181","0.15422027","-0.69948983","-1.9280499","2.1725078","-0.65771645","1.1484718","-1.1569549","0.9130149","0.5454908","-1.173469","-1.1805778","1.1367747","-0.9055035","0.24712946","0.5692392"
"Celiac Disease, Coaliac disease","-1.9518301","-0.017644247","0.011641465","-0.074996874","-0.10605444","0.0149278045","0.036469564","0.03604541","0.046873916","-0.021885106","-0.028005544","0.060035385","0.017542956","0.0075399857","-0.054454483","0.050648175","-0.0039755614","0.07744526","0.07200043","0.026352966","-0.008662266","-0.11729418","-0.0925402","-0.08954625","-0.14308755","-0.022503275","0.06345067","-0.054866176","0.007540754","-0.03364466","0.037742205","0.15175694","0.072565146","-0.1263981","0.21288994","-0.06407046","-0.3030636","0.31971374","-0.14280687","0.06479005","-0.0418181","0.13907282","-0.0030881732","0.05559032","-0.23489884","-0.25984725","0.19862425","-0.07344496","0.04220046","-0.23593926","0.12770517","0.88261557","0.7193726","-0.90552115","0.22488827","1.2913778","-0.80723923","-1.6530992","-0.05805449","0.9345211","-0.33061484","-2.6909301","0.40299597","-1.6092304"
"Celiac disease","-1.6121318","0.08407391","-0.10769362","-0.19568501","-0.02612307","-0.12702085","0.25466794","-0.1603123","0.33202478","-0.06695666","0.51222247","-0.66644824","-0.21929915","0.33740932","0.34077963","-0.08542487","0.11446345","0.67755896","-0.4730408","-0.3197899","-0.57263845","0.122963905","0.48816782","-0.15738106","-0.007432707","-0.119646534","0.6587696","0.36751774","0.18462816","1.4767196","0.338409","0.044577803","-0.8826862","0.87152344","0.20248225","-0.21848807","-0.34814554","-0.1644862","-1.7768061","0.7811674","-1.078639","0.8540891","-1.3491739","2.3849432","-0.7661018","1.773942","-0.1495276","0.22027898","-1.9791503","-0.3353852","0.03699361","1.9371877","0.33706895","0.16940504","-0.6587421","-0.5416336","0.09282869","0.23658511","0.40902826","3.9635751","1.3803594","-4.030406","-1.3933899","1.9809978"
"Cerebral autosomal dominant arteriopathy with subcortical infarcts and leukoencephalopathy","0.17123199","0.15836807","-0.19897963","-0.44580767","-0.1236231","0.366343","0.26339218","-0.102976695","0.4506781","0.51615703","-0.04103186","-0.057704277","-0.46737063","0.29019475","0.15957269","-0.39526045","-0.0968398","0.55447024","1.1762228","-0.11769252","1.156179","-0.60082465","-0.47099245","-0.58329177","0.06353695","0.17465992","0.38087776","-0.33493298","-0.3115188","-1.3287946","0.5755438","-0.9226882","1.2989023","0.25119752","1.3235134","-0.2877281","-1.6802231","1.6531556","-0.7501204","0.48785165","-1.7190392","0.47116217","-0.48235118","1.3406949","0.38442945","-0.42998397","-0.19575907","4.039536","0.6657064","1.0088103","0.39974564","-3.0967543","-3.839418","0.6095788","-0.78723043","0.18555893","0.41568732","0.7667537","1.3818728","1.0531341","-1.1961461","-1.4344385","-0.5480477","-0.49635625"
"Cervical cancer","-0.66953635","0.17943813","-0.18024465","-0.38153926","-0.18215208","-0.2631638","0.31294772","-0.6261024","0.2617126","0.56953824","-0.3171744","0.208067","-0.21552634","0.055992372","0.047698025","-0.3314805","0.06191966","-1.6154585","-0.42427438","-0.0035899421","-0.04331884","0.2909688","0.14913392","1.4033424","-0.20601614","-0.42942676","0.92991453","-0.650965","2.0035527","-0.97351223","2.4943695","0.3945381","0.7802241","1.3836681","-0.6038361","-0.20841098","-1.631506","1.3467125","-1.9058483","-1.9919102","0.29443365","0.26448154","-0.5464911","-1.2196332","0.2806058","0.4528004","1.6723396","2.883675","1.3732715","-4.2780895","3.5676005","5.357189","-1.7215484","-3.9572194","2.125648","-0.49524352","-2.5597477","3.727261","-0.051381767","-0.6002343","1.8555146","0.5596702","-1.8153671","1.7759382"
"Cervical intraneoplasia","0.32552183","1.015575","-2.0333226","1.6082659","0.098593675","-0.93769836","1.1113145","-0.7161345","-0.7989979","-1.2179892","-0.07740457","1.2109873","-0.6026237","0.29957402","-1.5180064","0.066233814","0.82137316","0.26258603","0.46935904","-0.1915624","0.33042693","0.7871781","0.10058456","1.1316181","0.3159956","-2.932717","0.749744","-1.611149","-0.82560617","-0.632123","0.30346337","-3.3660023","-1.1591483","0.41660726","-2.3262258","0.3016458","-0.78766286","-1.3704407","-2.125517","0.8483854","0.7528314","-0.29993725","-0.1261267","0.32272556","0.18903959","0.76639163","-0.1048764","-0.29544085","0.49028176","0.14602575","0.13864268","-0.39001918","-0.10983132","0.517223","-0.14367963","-0.630665","-0.34137106","-0.03040094","0.35039312","0.34804878","-0.43572775","-0.24658921","0.21862961","-0.14906077"
"Cervicitis","0.17292188","-0.11012995","-0.51361775","-1.1761642","1.4019156","-1.9558738","-1.5988693","-1.8623743","-0.19014823","-0.30886826","0.5635217","0.4662037","0.28288582","-0.62516236","0.16099131","-0.65372086","-0.6338964","-0.07998325","-0.4455457","0.17380077","0.13458237","0.010274537","-0.64140844","0.08980723","-0.05219076","0.2788337","0.28862965","-0.4964905","0.15893616","-0.15912646","0.8217585","-0.22470394","-0.09845129","0.12709546","-0.043965437","-0.61845726","-0.44238818","-0.23590715","-1.0053332","-0.40500274","0.8467309","-0.12701057","-0.2752725","-0.72733605","0.68519855","-0.026904594","0.55426556","1.8184862","0.51634556","-2.2844486","2.256453","1.9805325","-0.68594974","-1.7847383","0.69474494","0.22490245","-2.2349253","2.8631973","0.18980917","0.6552391","0.17223077","0.7333111","-1.5222573","0.9521039"
"Chagas' disease","-0.9146044","0.2787909","-0.25436375","2.0040724","2.2044554","-0.92611736","1.3304198","-1.5762277","2.1055422","1.302667","0.26392287","0.22416982","-1.0795746","1.1579323","0.42561612","0.7632626","0.08032847","-1.5480053","0.7409603","-0.54203075","-0.7169152","-1.83072","2.1617138","-1.6673863","2.997484","0.014982008","-3.2945418","-0.19390076","0.20485039","-0.8183844","1.6312459","-2.3394537","0.6688897","-0.61793476","-0.2841228","0.31713063","-1.5230346","-0.5987778","0.7175512","1.0213145","0.77796876","-0.25980398","2.2642403","-2.6364453","0.99172527","-0.80428606","-2.618481","-0.5720558","2.341752","-0.04683751","-2.1036365","-1.4431553","-1.3351945","-0.5749881","1.7650818","0.10651325","0.4839407","-1.1033349","-0.5723758","-0.34360245","-0.78152895","-0.21638234","-0.3213231","-0.58063567"
"Chlamydia","-1.66077","0.1051608","-0.28557616","0.22431791","0.6432636","-1.0949757","0.10401293","-0.32043916","0.18473181","0.20693858","0.007885505","0.119198345","-0.24094306","0.3620355","-0.33839026","-0.259912","0.43522292","0.011309219","0.45857918","-0.24876067","-0.3394115","0.04777876","-0.34224465","0.589348","-0.44978875","0.0077653034","-0.22576407","-0.37814322","-0.2659419","0.22851273","-0.46747115","0.167106","0.30204064","1.5156608","-0.06644426","0.058680274","-0.2398034","-0.8139278","-1.223973","0.23872797","0.7363773","0.6697244","0.28258988","-0.5581884","1.5200297","0.69145405","-0.10718683","1.2135717","0.5582858","-1.116245","2.2282221","0.7527355","-1.1194004","-0.48265472","1.273265","1.0358388","-1.9743967","2.2016969","-3.2214005","1.8186877","-0.7168509","3.7932842","2.441404","-3.6627479"
"Cholelithiasis","1.0850224","0.16361046","-0.37817082","-0.21077241","0.025619596","0.17547333","0.077580504","-0.19677895","0.048852723","0.15532845","-0.041281965","0.024243556","-0.12915246","-0.1747648","-0.11229715","-0.17681114","0.059786316","0.07593811","-0.04908376","-0.17034268","0.10655235","-0.19132121","-0.19525068","0.10438213","-0.008407404","0.09953779","0.16295266","-0.00996699","-0.09328187","-0.06817851","0.06598446","0.029756078","0.010639991","-0.094789416","-0.062303357","-2.5795318e-05","0.08423949","0.1834561","0.072020024","-0.023562033","0.0231553","0.022656845","-0.04569571","-0.042177275","-0.21098912","-0.10078445","0.053919297","-0.007922591","-0.25276786","0.17940955","-0.059108816","0.026754493","0.069893286","0.027722057","-0.10881469","-0.024629056","-0.11359561","-0.0339264","-0.09335785","0.12622908","-0.073117174","-0.15273787","-0.051488694","-0.051317777"
"Cholestasis","-1.4397303","-1.068518","1.1566646","1.5269604","1.4658257","-0.7576279","0.15523618","1.0022514","-0.2874749","-1.0750352","0.9332331","0.03810509","0.12033459","0.62058336","0.8139637","-0.3131676","0.13836291","-0.6161182","0.81034875","-0.36205798","1.1835208","1.3809005","0.0778571","1.1246153","1.1193569","-2.0248575","1.2205491","-1.3983729","-0.85586673","-1.5078455","0.9923287","1.6173419","0.8500942","0.86057955","-1.2386293","-0.7328158","0.8184669","0.5270382","0.038616978","0.005723667","-2.6344216","-0.16930258","2.8333545","0.81437004","-1.176796","3.1797502","-0.29461628","-2.3057752","-0.3187159","-1.4628567","0.6725663","-1.8089365","-0.88215","2.52672","2.7506318","-0.098361835","1.0192993","1.1575714","-0.6327672","-1.2854358","1.3361019","0.074695446","-0.80217373","1.3402681"
"Chronic Kidney Disease","0.90041447","-1.9348304","2.159228","0.04402475","0.2714611","0.16217715","1.7257965","-1.241313","-1.8302927","-0.831893","-1.681086","2.7423754","-0.33051664","0.7620355","-0.55088556","0.40678522","0.84264153","0.21148513","-0.4555075","0.34959286","-0.7657652","-0.11945616","0.82510775","-0.7344175","0.8467471","0.29114887","1.015736","1.8670173","-0.1167082","0.14014773","-2.178875","0.25784454","-2.3479385","1.6497079","-0.8690566","-0.28572562","-0.97442454","0.9395462","-0.26954404","-0.56591964","-0.5419341","0.47978476","0.11598467","0.04319055","-0.15807226","-0.22128975","-0.4297158","0.39269102","-0.7415469","0.26418066","0.14170873","0.16623643","0.17181626","-0.22738852","0.17424439","-0.22530474","-0.40273684","-0.37432316","-0.04368752","-0.10367762","-0.34914884","-0.052752133","-0.212208","-0.41264358"
"Chronic Obstructive Pulmonary Disease","-1.9705707","0.05339681","-0.068038285","-0.04528893","-0.044929754","0.037065506","0.020970022","-0.06475529","0.022788573","0.024246048","0.0061161346","0.01735098","0.01441929","-0.02244218","-0.025093399","-0.007860339","-0.002094922","0.032575563","-0.029943246","-0.013550041","0.023215545","-0.01923306","-0.019970886","-0.0182616","-0.025049647","-0.003911945","-0.005617236","0.0033932682","-0.0010454777","-0.020053936","0.0495305","0.0024034616","-0.024779677","0.046932124","-0.016790692","0.03373563","0.05463356","0.029042888","0.033875927","-0.18349278","-0.14607714","0.13632983","0.16509473","0.086518236","-0.11135621","0.06456597","0.020517603","0.04326287","-0.17713737","-0.011512375","0.4811113","0.3663201","0.08942348","-0.011144933","0.860719","-0.73912203","-0.4914177","-0.31381547","0.6612224","-2.0818844","-3.3198912","0.6465357","-0.4023031","-1.9257408"
"Chronic Prostatitis/Chronic Pelvic Pain Syndrome","1.0857809","0.49213785","-0.09342207","1.1318403","-1.5448568","2.5549555","2.1444776","2.088659","0.49355575","0.7804954","-0.6732782","-0.6034613","-0.6759866","0.51705194","-0.4401867","0.36700737","0.59315115","0.0618861","0.35089356","-0.5476848","0.28510118","-0.24221915","0.50156635","0.31972697","0.04686437","-0.18084477","-0.103413135","0.17342651","0.16468674","-0.30873775","0.006142931","-0.12948367","0.17146184","0.0915433","0.06596395","0.4216955","0.35790566","0.32254452","0.377989","-0.07650358","-0.05375247","-0.16986084","-0.004935439","0.11496477","-0.04212304","-0.4401062","0.16848403","-0.16965123","-0.5390328","-0.0647465","-0.07850378","0.58866316","-0.06244047","-0.10087258","0.35678944","0.13108996","-0.041633826","0.14870195","-0.20085323","0.03501556","0.27043697","0.10195954","0.13643733","-0.18371646"
"Chronic Rhinosinusitis","-1.6805056","0.19763525","0.36352956","0.345288","0.3673534","0.35419104","-0.5130115","-0.22250749","0.28153417","0.011284523","-0.5687294","0.92958564","-0.23631679","0.30759698","0.19453917","0.27140203","0.21443352","0.10870798","-0.15546574","-0.11372729","-0.9372455","-0.32218933","0.99030095","0.3122316","-0.5626166","-0.16312332","-0.70802","-0.30476847","0.14346306","-1.2018139","-0.34742832","0.4021229","-0.084564425","0.07902396","0.27308697","0.099556014","-0.028409021","-0.027498703","0.5894223","-0.14369722","0.45701537","-1.0550666","-1.1894678","0.859207","1.629053","0.8033217","-0.902209","-0.3382055","-0.26504368","-0.3576971","-0.81635666","-1.1383195","1.2457422","-0.6068567","-1.4138105","1.1741867","0.28392887","2.1450057","2.0259762","3.300906","0.03470969","-3.694364","2.7202127","-2.2226522"
"Chronic Rhinosinusitis with asthma","0.68363047","0.21705264","-0.48479906","0.16616447","-0.31071255","0.57357156","0.34495527","-0.3480526","-0.23482578","0.3711651","-0.23373806","0.6645292","0.25463364","-0.79034597","1.6028543","-0.03722817","-3.8379617","0.5359487","-1.9136503","1.2832308","1.4159912","-0.14513533","0.9587197","-1.182668","0.03571566","-1.1923649","0.56008506","-1.0060366","-0.28137365","0.13382801","0.5172714","-0.3731427","-0.6350098","-0.39869222","0.14073385","0.39484227","-0.019233443","0.055868253","-0.18129493","-0.54041135","-0.47018015","-0.16112536","0.3065446","-0.18123105","0.34331533","-0.67620564","-0.03464138","-0.36140597","-0.8054021","0.15557031","-0.54098755","0.07669874","0.0809212","-0.084333465","-0.28078914","-0.6037012","-0.44476783","-0.06318926","0.33137393","0.4399354","0.43240875","-0.4514991","-0.081604294","-0.13746834"
"Chronic Rhinosinusitis with cystic fibrosis","0.34150413","0.06630803","0.3100341","1.1487982","0.9285389","-1.3905888","1.1053436","0.7536264","1.2143836","2.255022","-0.53754276","0.058441684","1.1475096","-2.3402205","0.3982073","-0.15173356","-3.125724","0.5966052","-2.3033743","1.3553578","1.2863377","-0.25871938","0.9288827","-1.1900487","0.3166642","-1.4067612","0.7791783","-0.8368068","-0.24549216","-0.07144421","0.41941652","-1.1221809","-0.29735246","0.8184514","-0.05883838","0.9021654","0.420454","0.2163542","-0.078154646","-0.1324191","-0.5538373","1.0552877","0.70816594","0.9974661","-0.03929916","-2.1361575","-0.61691064","0.040662374","-2.018321","-0.52932984","-0.5148873","0.6451309","-0.2784332","0.196057","0.635042","1.0235035","1.1725757","-1.1158547","-1.7515554","-1.5545532","-0.44196174","0.13488261","-0.64230955","0.5458182"
"Chronic alcoholic pancreatitis","-1.6050926","-0.1978023","0.3679517","1.4897137","0.869801","0.47093734","-0.034100924","1.3891293","-0.26500306","-0.60290563","-0.092369616","-0.858756","0.5499475","-0.17917569","0.51440173","-0.20796156","0.26595736","-0.4000395","-1.0599669","-0.2432354","-0.42166162","1.4477047","-1.022609","1.0040292","0.48865953","-1.4434386","0.6863367","-1.1267073","-0.09920816","-1.1917901","-0.63314545","0.85122657","-1.265775","-1.2982811","-0.96937585","1.1090186","2.5732017","0.043724496","0.8152654","1.4047571","0.51697","0.28725216","0.49254176","-0.19975486","-1.033536","2.2107928","-0.8076392","-0.15925567","1.3035916","-0.4237836","0.7633907","0.4693156","2.4352434","-0.37194425","3.1575456","-3.814872","1.3767884","-2.7906115","-1.8678418","0.9907359","0.87760067","1.4800752","1.6744756","2.5251262"
"Chronic fatigue syndrome","-0.83298165","-0.515995","0.17604811","0.3671236","-0.029761083","0.03602832","-1.1454058","1.3978074","0.1618272","-0.07937018","1.4835398","2.3859763","-0.10168128","0.47186014","0.076418474","-0.5049379","0.6563237","1.7439563","-0.3990084","-0.13579278","0.21130651","-0.2639675","0.2999556","-1.4664311","1.3793122","-0.07577213","0.5389649","0.96506786","-0.62019616","-0.1869308","-1.8272136","-0.10252202","-3.3545394","1.8525965","-0.7696466","-1.1423872","-0.391604","1.5645226","1.9354105","1.6731615","0.7528389","-1.0482423","-0.33893","-1.1810076","-0.32907438","-2.5593612","-4.23742","0.86824864","0.60054207","-0.39744163","1.4055912","-1.4159914","0.4501654","0.4258787","-2.724047","-1.3003743","-1.4487941","0.086209595","0.14942501","-1.810478","2.7985494","1.5670313","-0.37385726","-0.41656014"
"Chronic granulomatous disease","0.8783503","0.07002886","-0.36774158","-0.11742503","0.12176832","0.23564456","0.09112577","-0.09624361","-0.05689407","0.1427675","0.015926072","-0.18770988","-0.17682466","-0.33915344","-0.3334511","-0.0028434882","-0.07439812","0.1726282","0.329985","0.5488091","-0.19788347","-0.23153818","-0.23803927","0.2941349","0.19633113","0.21894158","0.5161412","0.44891313","-0.69658554","-0.2967753","-0.36120576","-0.2506612","0.40816483","0.07501019","0.89103276","0.5941574","0.18241857","-1.1410924","-0.5282661","-0.6687349","0.7631943","1.1441176","0.13323241","-1.1152788","-0.3392669","-1.1689625","-0.26916087","0.31040773","0.65088886","-0.32399547","-0.3523741","0.050203715","2.1522198","-1.5621109","-0.94369036","0.21936947","-0.7114771","-1.0833035","2.5835114","0.1562546","-0.47704473","0.51040876","0.3011117","0.00915845"
"Chronic kidney disease","-1.9743991","0.030276733","-0.059066616","-0.036401983","-0.02856193","0.031427093","0.028108196","-0.04769502","0.009117081","0.021788275","0.020654405","0.0072670076","0.0083378665","0.00019572086","-0.024944656","-0.013260581","-0.010045019","0.057361297","-0.04451854","-0.003301064","0.03961174","-0.0038671175","-0.040991075","-0.0042425296","-0.015812917","-0.010331873","0.005020399","0.02709655","0.008281814","0.06589386","0.040743966","0.012683405","-0.028858168","-0.03903199","-0.022241501","-0.07588895","0.03209266","-0.07175454","-0.103349","-0.004253227","0.16683777","0.1153154","-0.3462504","-0.04001748","0.0043140077","-0.13047518","-0.27274916","0.051729474","0.29191527","-0.37382537","-0.74295044","0.76677734","0.12126636","-0.02843154","-0.71258456","0.3251251","0.7895323","0.29588652","-0.1132166","-0.9459839","1.7242972","0.45988628","1.637314","1.2542167"
"Chronic liver disease","0.49238285","0.29380614","-0.39404744","-0.35553777","-0.9876296","1.68161","-0.4593307","-0.507895","-0.5276241","-0.08118333","0.025970915","0.7492318","1.8845091","-3.6495922","-0.4994602","0.45246843","1.706109","0.4982165","-0.96732223","-0.576106","-0.41136104","-0.2302521","0.20057596","-0.25393975","0.93079746","-0.15332754","0.32082713","-0.20122494","-0.04427646","-1.2798241","0.40527308","-0.52747786","0.86464643","-1.9813008","0.37837273","-1.7711577","-2.9894755","1.0905043","-0.1966718","1.3784589","0.5389885","1.7023062","1.1733768","-2.6709418","0.8554935","1.5192469","0.69635487","0.2719321","-0.41034257","0.35097316","-0.5180903","-0.47288707","0.32524726","-0.8914548","0.13914712","1.4089764","0.8466271","-0.305259","-0.6445824","0.70695895","-0.54405546","-0.4411779","-0.56470126","0.032273512"
"Chronic lung disease","0.17660847","0.1627725","-0.30629885","-0.17157063","-0.05267552","0.35703656","0.25509417","-0.018492032","0.13098694","0.033412047","-0.24132644","0.14150134","-0.28697106","-0.08056555","-0.12113499","-0.024888737","-0.11730966","0.11756158","0.25938725","-0.16849855","0.156418","-0.052985348","0.21168356","0.2090671","-0.25045714","0.44538233","0.27666804","-0.10042471","-0.4762206","-0.83991724","0.59683293","-0.57873243","-0.5099735","0.4110085","0.2294067","-0.4960286","-0.29122746","-1.7058618","4.7196436","-3.6252327","2.9541113","4.465957","-3.7693918","0.68810725","1.2269745","3.127646","-1.3450693","-0.41383153","1.5583172","-0.7093354","0.09874646","-0.8897899","-0.054199666","1.6670418","1.1461669","0.82017004","1.3411272","0.9478943","-0.36915037","-1.0704185","0.4450299","-0.5654991","0.6217106","0.38638118"
"Chronic mucocutaneous candidiasis","0.510909","0.61883706","-0.27415618","1.78058","-1.607403","2.837487","2.796468","2.1413412","0.17903095","1.5130677","-1.1366664","0.7395176","0.5369382","0.09189637","3.1623783","0.13825838","-3.6096103","0.18254422","-2.7138648","1.7884449","0.9451737","-0.5353614","1.1561569","-0.101170845","-0.9616997","-1.5411286","-1.3024185","-1.1077638","-0.65688914","1.9326755","-0.5721864","-1.0631624","-0.06717321","0.72968554","-0.4049586","-0.80794096","1.5504411","1.4899559","-0.8162273","0.50971115","0.30634665","0.46281815","0.6289034","-2.0082822","-1.2756418","1.8654603","0.61107385","0.46661988","1.3518258","-1.4249783","0.673748","0.5582909","0.26643515","0.31204376","-0.41375205","-0.8064927","-0.20804831","0.19780141","0.14821705","-0.6187038","-0.11162399","-0.28123185","1.0780699","-0.18852367"
"Chronic ocular graft-versus-host disease","0.16665947","0.05338971","-0.23154043","-0.47890916","0.27191472","-0.20010185","-0.32678565","0.0093922885","0.07346892","0.0057568024","0.079925805","-0.6022433","-0.5780999","0.6897912","-1.617269","-0.49138138","3.8669262","-0.39734054","1.3138456","-1.5277524","-1.0203074","-0.36319974","-1.1916779","1.5245795","0.01735992","1.0027802","-0.54879004","1.044251","0.49462128","0.082660004","-0.66907436","0.45102546","0.6837372","-0.15938608","-0.10455367","-0.7595387","0.4429143","1.4562762","-2.5911934","2.1622684","-0.023009066","-3.6100237","2.12627","-0.8952227","-0.6654484","0.2618445","1.0187865","1.1984965","-0.69331026","1.5027885","-0.46989855","1.1721658","0.8776894","-0.40847903","0.10845017","-0.27746946","0.28348732","0.7561461","0.15654144","-0.5157277","0.8245972","-0.9656685","1.0357158","-0.3239458"
"Chronic pancreatitis","-0.5644132","-0.36668047","0.064001754","0.40868238","0.6771327","-0.012184663","-1.2848263","2.1852818","-1.7783327","-0.2751901","-1.8840783","0.86628973","-0.07827364","0.29101002","-0.5056039","0.6450082","0.24630961","-0.31102017","-0.094974","-2.4348726","0.81487614","-0.70063424","-0.22716838","-2.4172087","0.60862267","-0.40124136","-1.9248242","-1.6217858","-0.5784193","3.8736901","4.4530473","0.4514447","3.3512292","2.1402318","1.0371888","0.10346125","-3.3982358","-1.1197813","-1.5282494","-0.34490573","1.5726503","1.5551057","-0.18426216","-0.5722608","0.50510645","-0.9569604","0.46144384","0.49580312","-2.467725","1.3930638","-2.202126","1.9834163","1.1624556","3.2287095","-1.9325969","-2.0793383","-2.1282442","0.80448186","1.320604","0.2423285","0.24719134","0.45645759","-0.62549216","2.4763896"
"Chronic prostatitis / Chronic pelvic pain syndrome","-0.11523944","-0.009094805","-0.26921842","0.040933974","-0.12083175","0.14123294","0.096123815","-0.22232454","0.01572672","0.30694598","-0.16176459","0.28360006","-0.014795558","-0.32249933","-0.29005986","-0.2050922","-0.07662328","0.3417313","-0.31289932","0.2705603","0.2958821","0.4993329","-1.0529643","0.067617744","0.22595048","0.28040025","0.47767803","0.34075168","0.23088564","-1.5230894","0.9021963","0.8003168","0.30303863","-2.286967","-0.79783356","-2.7390645","-0.7263927","0.5483562","-1.0077714","1.1285301","1.109682","0.5396488","0.5969163","-2.4840195","4.798366","2.104162","1.8173184","-1.3944275","-2.982571","0.009450771","0.901713","-2.2181785","0.27195376","-0.5250464","-0.8161039","1.6420631","0.8981708","0.93177485","0.32307267","0.64876705","-1.3741846","2.9825416","-1.0820246","0.78573936"
"Chronic rhinosinusitis with nasal polyps","0.17855681","0.22388224","-0.4383427","0.2124624","-0.21452044","0.4882358","0.29605237","-0.2989367","0.10484045","0.5493131","-0.22644582","0.5825136","0.10654946","-0.8499251","1.6964256","-0.32334387","-4.107418","0.7916587","-1.919892","0.6088509","1.8113298","2.383726","2.336811","-0.9664661","-0.3690432","0.50115293","0.35512403","-1.0618597","-0.32853886","0.6950902","-0.06466815","-1.006348","-0.7819745","0.22445725","0.29977614","1.2968107","-0.41309258","-0.43065178","-0.04056215","-1.0094231","-0.14560243","-0.34738672","0.4730601","0.73014826","0.985002","-0.22554033","0.44693413","-0.31614652","-0.6220964","0.91829973","-0.6886201","0.61107486","-0.5918124","-0.13631286","-0.46737263","-0.7955712","-0.48360598","-0.92841893","1.0046569","-0.16914469","0.72938675","0.006577349","0.021937825","-0.103151865"
"Chronic stress","0.17085342","0.5234136","-0.90316296","-2.2117774","-2.1028175","-1.8680019","1.1439836","1.0991222","-0.20867227","0.76762635","-1.3835522","0.6661931","0.014008335","0.00017264766","0.45928174","-0.41875926","0.47675452","0.27564082","-0.22583142","-1.4091032","-0.14382386","-0.66958356","0.07171362","-2.6512759","1.6338668","0.8188163","-1.3012234","0.10753431","-1.5430709","0.85459876","1.9614784","0.7835474","0.0035775946","-0.43715107","-1.969786","-0.8290544","-2.3710666","-1.4811832","-1.9214152","-2.6500897","0.4317545","-0.63791764","0.5175816","-0.20551726","-2.0524275","-0.6796676","-0.06490595","-1.0563914","0.50302315","-0.74213696","2.0750175","0.007868496","-0.40290222","-0.8359338","1.1584905","0.3397439","0.77435136","-1.3620268","0.1143032","-0.81854665","1.7328058","-0.060197026","-0.49833277","0.53378624"
"Chronic urticaria","0.21635072","-3.6289046","4.639224","0.55006474","1.3854607","2.2113008","-1.15088","0.5145571","-0.23092285","-0.7221086","2.2583926","2.503559","-0.15356731","1.1490151","0.16677374","0.9118416","0.49285752","-2.603013","-2.0957828","-1.2824535","0.7742985","-0.14653344","0.6639008","-0.66711503","-0.040752202","0.22270933","0.7405025","1.4469283","-0.81085926","0.31541362","-0.461146","1.2311969","-0.9571501","1.8517681","-1.1069466","-0.39575332","-0.9896548","0.61367583","-0.7689389","-0.14345175","-0.12979728","0.61218864","0.13160186","0.50109714","0.067822464","0.09988093","-0.9992305","0.19576818","-0.4384809","0.2719998","0.22074819","-0.31602818","0.2475424","-0.27160805","-0.08419675","0.4247429","-0.7309069","-0.44061184","0.2597663","0.048718482","-0.28993583","0.21279302","-0.5356603","-0.77581304"
"Cirrhosis","-1.978526","0.03005528","-0.055340957","-0.050126266","-0.030219717","0.019412758","0.030944757","-0.06251682","0.019917663","0.037361063","0.009167116","0.0079487115","0.014847779","-0.010128222","-0.025715005","-0.020956954","0.0063515585","0.037316028","-0.033316005","-0.0025494534","0.030354075","0.0033862563","-0.055935774","-0.0082633225","-0.0052794847","-0.014403541","0.003680387","0.0022713372","0.0038290056","-0.010568288","0.0035896043","-0.0056448244","0.0019719051","0.029073471","-0.042529345","-0.1544258","-0.034479864","-0.027060576","-0.0027511884","0.08400463","-0.13934319","0.022022808","-0.3137385","0.031052468","-0.27726024","-0.1272683","-0.39930248","-0.31469005","-0.17083205","0.3762734","-0.17951591","-0.63240683","0.37297368","-0.11048672","-0.73884976","-2.3341854","0.92655265","-0.50638676","1.272732","2.6356616","0.38617373","-1.8909757","-0.4373414","0.44328812"
"Cirrhosis with pneumonia","0.17275588","0.7830329","-1.3550514","-2.8685985","-2.7458837","-0.63326675","1.0291616","0.17102686","-0.9607999","-2.2723405","1.3558601","-2.2882657","-1.1860875","2.367857","1.5402523","-0.12486892","-0.14766583","0.123598054","-0.6131462","-0.48058608","-1.3784807","0.2612391","1.0344752","0.25263327","-0.014394425","0.046478935","1.5447023","1.0102513","-0.30390447","1.7212542","-0.19220795","2.1924107","-4.58528","-0.16359034","0.7028735","0.57719356","1.2452754","-1.3713477","-1.9508752","-0.9903928","-1.1536703","0.7242087","0.61065596","1.1305747","1.7779812","1.0512052","2.1315687","-0.89810324","-0.7071912","-2.1761665","1.2883825","0.0622759","0.05965026","0.4297939","-0.6910133","0.017919168","-0.24341623","-0.6446958","-0.14305918","1.1989132","-1.1483946","-0.53524995","0.50778806","0.53263605"
"Cleft palate","0.68968046","0.012060825","0.50885606","0.8333281","1.2496365","-1.8923255","1.0142345","0.93440753","1.5914408","2.2020824","-0.4102629","-0.6590517","0.9624926","-2.1656308","-1.2786773","0.09429376","0.29658115","0.28385404","-0.28852782","-0.16107328","0.3792904","-0.4074186","0.10742152","-0.35672724","0.40700337","0.04447019","0.49464434","0.6495331","-0.006253463","-0.07713178","-0.43389443","-0.5640653","0.87233603","-0.5832744","-0.3490169","-0.16108187","-0.18403988","0.46601674","-0.117770925","0.0660891","-0.045861244","0.5156018","0.14303115","-0.33016604","0.4033197","0.13398989","-0.13138857","0.15365475","-0.09704831","0.17756425","-0.13752896","-0.086707726","0.049654976","0.474322","0.31439272","-0.39042133","-0.23383924","-0.3187992","-0.46637532","-0.0024230124","-0.07076235","0.09017351","-0.43724838","-0.1362151"
"Clonorchis sinensis infection","-0.92626625","0.06651986","0.2333399","0.40048936","0.2041574","1.6628982","-0.13231537","-1.8005583","0.4552256","0.52266496","0.4586427","0.6565675","0.8722777","-2.0459757","-0.48507062","0.579524","0.9568375","-2.4006736","-1.2838061","0.3113602","-0.39797637","0.1234658","0.7666698","2.2961102","-1.5821478","-0.17480768","1.4460851","0.18524836","0.15670593","-2.1764975","0.52978116","-0.22497046","0.029733108","-0.36973873","1.2544036","1.128123","1.1072036","-0.15921798","0.29396835","1.3851308","-1.1737244","-0.0973487","0.91864276","0.44455537","1.1892493","1.0845217","-0.785","0.37097302","-0.23299098","-1.7228751","0.29168472","0.17284451","0.21103385","0.67230004","-1.6176735","-0.1556822","-0.43035924","-0.06255964","-1.2995675","-0.13161752","-0.58626676","-1.1954976","0.1636454","2.2320404"
"Clostridium difficile associated disease","-1.176464","1.8179847","1.3319515","0.38330695","-0.5338511","-0.30282608","-0.36532387","-0.56761074","-1.1556512","0.6998768","0.5343363","0.018988073","-0.124623865","-0.098218955","0.47996318","0.43545103","-0.8597649","0.22951703","0.874828","-1.3388243","-0.5541971","-0.32744893","-0.5786804","0.16293964","-0.16287819","-0.11888591","0.21755455","0.57074624","-0.06369874","-0.78630334","0.07431077","0.01140323","0.08812905","0.25853103","-0.6661557","-0.17369814","0.16930279","0.007525204","-0.09303982","0.19470751","0.550873","-0.01935013","-0.38868997","0.3100921","-0.3669041","-0.29883212","-0.31997484","-0.05444943","-0.34968436","0.17083408","0.40597728","0.27526325","0.019362336","-0.3377629","-0.5028318","-0.8609397","-0.5831391","0.015415404","1.0159674","-0.09117919","-0.22383797","0.49675605","0.1913244","-0.16657972"
"Clostridium difficile infection","-1.946833","-0.02408961","0.026515638","0.12043246","-0.05195298","-0.014391182","0.020210247","-0.01232841","0.020993067","-0.06931669","-0.053410523","0.12039704","-0.053678837","0.118957035","-0.109343715","0.10281163","0.062415812","-0.1690578","0.03206365","-0.019159144","-0.09109293","0.1605489","-0.072156064","-0.03973589","0.07484133","-0.15649475","0.014508957","0.08531919","0.15178613","-0.15231179","-0.0036698508","0.08986024","0.15882291","-0.31272918","-0.046867296","0.14124842","-0.009557902","-0.37154928","-0.2049131","-0.07893015","0.21919073","-0.100851186","0.47056508","0.03230105","-0.3398276","0.21001965","0.36388254","0.042781092","0.3732133","-0.76928145","0.54171634","0.27644932","-0.6500318","0.55251056","0.082132645","-0.013309914","0.7210872","0.47188953","1.0918614","0.49066597","1.8595837","-1.764824","0.33464092","2.2435176"
"Clostridium difficile infection(CDI)","-0.4526846","-0.1776395","1.5320414","2.0818346","-1.660686","-0.27789816","-3.1125224","-1.1685005","1.0398023","-0.4852563","-4.390569","2.2291734","-0.7937988","1.3377633","-0.72759277","0.56132734","-1.3243766","-0.24971907","-1.408602","0.5546806","-2.8265445","-0.4363851","-1.4602033","1.454753","-0.7287861","0.88470197","-0.17519356","2.1886513","-0.12260593","-3.4005108","-1.09685","-1.8993536","0.45165628","-1.9033386","0.32230705","0.17007875","-0.13141733","-0.015940178","-0.34877214","1.0175385","-1.1826341","0.79418206","0.8040649","1.2287816","1.7691851","0.5432805","0.659421","-0.5194625","-1.8162124","0.76427066","0.6349257","1.2409562","-0.5090999","1.3659934","0.8583334","-0.4121801","0.6226768","1.3685755","0.66544634","-0.37075657","-0.28251085","1.6498046","0.91750586","0.7664777"
"Clostridium difficile infections","1.0981762","0.07663172","-0.4715551","-0.06328235","-0.25343218","0.22572972","-0.25493836","-0.5749682","0.123835206","0.6082155","0.09117518","-0.3508923","-0.64045435","-0.5021472","-0.2126186","-0.26469785","0.6476667","-0.36314672","0.66853505","0.79301584","0.12662247","2.7382364","-0.9253599","-2.466945","-2.1353128","-3.3140743","-2.276035","2.7528076","0.4999476","-0.16353397","0.20775463","0.8031703","-0.30928144","0.24310929","0.51194376","-0.5774687","-0.31096017","-0.10204178","0.5803391","-0.15427986","-0.6450794","-0.103681006","0.3696477","-0.18290666","-0.30559868","0.07372156","-0.2146154","0.018073827","0.14137577","-0.3310463","-0.12585051","-0.0062738843","0.19858985","-0.011630015","-0.032328963","-0.18408678","0.1268365","0.26222667","-0.042641718","0.13817292","-0.19992623","-0.1403024","-0.17216739","0.08327066"
"Clostrium difficile-related diarrhea","1.0879335","0.101393744","-0.30422452","-0.14318858","0.13463956","0.19536501","0.1377597","-0.3776275","0.046568688","0.025315102","0.09193405","-0.054317128","-0.053123318","-0.32374617","-0.10955963","-0.2318977","0.054538928","-0.047314856","0.03041243","-0.14608257","-0.10065617","-0.25933287","0.1280743","0.100524776","0.254979","-0.1950026","0.21425675","-0.04901836","-0.29549128","-0.051373515","-0.21561436","0.004492416","0.2776291","-0.14702074","-0.09047919","-0.16382577","0.30089527","0.37730944","0.04741257","-0.38504225","0.036896866","-0.14236815","-0.213684","-0.21155983","0.047824826","-0.017617315","0.3438802","-0.19711235","-0.4122123","0.15633008","0.2377854","0.14505298","0.16942841","-0.046482403","0.020552885","-0.045396406","-0.019809546","-0.03747319","-0.10813289","0.006663786","0.066151656","0.09863686","0.06369632","-0.2737062"
"Coeliac disease","-0.08558074","-0.9887837","0.9989001","-1.3226323","-1.7127835","-1.9549681","2.3712168","0.8899718","-2.0368285","-1.8619394","-0.3563994","0.40657425","0.4545207","-0.40101036","-0.7128116","1.7986742","-0.49376297","0.016780306","2.262974","3.5170627","-2.5895038","1.1198702","-0.3010228","-1.3789842","0.07881324","2.0974236","-0.413885","-1.6346519","-1.0127743","0.10496014","0.6771783","-0.04907822","-0.6131265","-0.1955566","0.046156406","-0.6584943","-0.45870626","1.3763732","-0.5579493","-0.22372437","-0.6749705","0.3983503","1.3974146","0.7392398","-0.4772059","0.016649162","-0.6006405","-0.39348564","-0.12644014","0.06498897","0.24331501","0.33380646","-0.40969062","-0.059385642","-0.24782634","0.14439008","-0.21359438","0.13744614","-0.3386467","-0.06556958","0.08533383","-0.3494683","0.2140676","-0.086651646"
"Cognitive impairment","0.87850076","-0.2632354","0.13671516","1.5805987","2.1605842","2.0411057","-0.90118504","-2.262137","1.2075679","0.2446949","1.1466625","0.0072713913","-0.5714564","-0.17642532","0.79490316","1.1479458","0.800439","-0.6373314","1.0297539","-0.6671282","-0.30079943","-1.620543","3.2423456","-0.27951217","0.22716467","-1.0403409","-1.0025728","-0.5659141","-0.35732666","0.561685","-0.68494266","-0.26414388","2.4413571","-0.035560995","-0.5895477","-0.2189457","0.24122189","0.79998714","0.49007243","-0.2616911","0.2831638","-0.61279786","-0.012133819","0.24209166","1.2094606","-0.49155182","-0.018576602","-1.3432686","0.11314864","-0.33619952","0.07465867","0.06701723","0.29707772","-0.23082018","-0.38897675","-0.056067564","-0.7870562","-0.36378154","-0.39843094","0.12936194","-0.36442554","-0.043793794","-0.33034733","0.066617444"
"Collagenous colitis","-0.56083393","0.19018519","-0.20883942","-1.2454858","-1.1561633","-1.2468027","0.6674766","1.2476562","-0.6417765","-1.0249218","-0.4148962","-0.35878953","-0.43142638","1.1976608","-0.22466165","0.17988183","0.12907308","0.94723684","-2.4079816","0.5934176","-2.3606763","0.45369282","2.1618423","-2.2627585","2.535705","0.20911095","3.8524551","4.8974075","0.32061994","0.9926017","-0.77428836","-0.5461727","2.4495778","1.4656434","-2.0052142","0.88042915","-3.0088437","-2.253922","-2.3543715","-3.5584245","-0.48146302","-2.0089784","-0.18712468","-1.8275359","-4.2250137","1.7003269","-0.310225","-0.9151908","-1.4443258","-1.2089677","2.231075","-2.5063589","-1.4324138","1.9524021","-0.17868933","0.83311903","1.5690192","1.0984497","0.039298132","0.92044026","0.63813454","0.34688777","-0.52706546","0.35592136"
"Colon adenomas","-1.7021295","-0.4746683","-0.23882256","0.35376656","-0.105633825","-0.087289385","0.045376763","-0.7376245","0.1259087","0.9533611","0.20251723","-0.045254175","-0.47322267","0.29196692","0.26650947","0.31015322","-0.47447592","-0.19828524","0.58142996","-0.3616891","-0.82303196","-0.21453062","0.9000319","0.9844383","-0.6872897","-0.36112967","1.0331119","0.35532138","1.1413337","-0.7469109","0.27390254","0.43461072","1.7122844","0.15410338","-0.18255173","2.0984979","0.51768595","-0.41955462","-0.31169885","-1.0917517","-0.06963513","-1.0161377","0.6272998","-1.3868331","0.67626005","-0.082362205","-1.3334922","-0.062248323","1.0489283","-0.4348489","1.4739059","-3.3352723","-1.4815401","-1.2283224","0.9152845","2.483629","-0.44117728","0.90542156","1.3201196","-2.4160852","1.8506427","-1.4174111","-2.4324589","3.2070951"
"Colon cancer","1.0843583","0.16492169","-0.37924284","-0.19213893","0.041721184","0.17794102","0.07585722","-0.19306801","0.0344655","0.13783962","-0.028808419","0.024909865","-0.11664019","-0.19033948","-0.091586225","-0.14163074","0.03209372","0.124917045","0.0021497312","-0.1308802","0.047989495","-0.13576873","-0.10046325","0.11064699","-0.026932044","0.15530813","0.09888508","0.039664246","-0.21306725","-0.13587603","0.10609687","0.035355847","0.048455413","-0.088586204","-0.10629154","0.019998198","-0.01279492","0.12559035","0.18971187","-0.020322204","0.004569666","0.1926824","-0.12399526","-0.05902978","-0.097835556","-0.0026777678","-0.07302365","0.08398383","-0.26009148","0.16354837","-0.04576699","0.27665865","0.0242266","0.14455815","-0.21606281","0.001417268","-0.38707063","-0.08957775","0.20533371","-0.05457251","-0.016732056","-0.07749272","-0.07843872","-0.15133901"
"Colon polyps","-0.9948442","-0.35758623","0.7173693","-0.95986974","-0.21632622","0.70021707","-0.30530277","0.31459978","0.37701553","0.85274106","-0.17752254","-0.6679443","0.044156276","0.08154753","-0.28864297","-0.9201305","-0.13542835","-0.28236288","-1.4010295","-0.567739","0.6003459","-1.2797165","-3.4600434","-0.4922507","-0.6929049","-0.75097454","2.2216284","-0.31689945","1.1757936","-0.5439081","-1.0006554","0.115860134","-0.6089525","0.7905381","1.5035071","-0.64318997","0.920808","-2.3381567","-0.32687822","-0.25891334","2.1319802","0.5325924","-0.5961834","-1.1618475","-1.7435435","-2.7751315","1.4522614","1.6809064","0.5164294","-0.6398575","-0.5169724","-3.6914275","5.1192718","-3.0159225","0.8795941","-0.83409446","1.2781341","-0.60436344","1.7212318","-0.8951077","1.1700988","1.1980426","0.2726323","0.9140902"
"Colorectal cancer","-1.9789432","0.030475719","-0.055821657","-0.052622005","-0.030772801","0.019834347","0.03034738","-0.0628233","0.020063778","0.037834283","0.009761701","0.0077590323","0.014816106","-0.010442267","-0.026403224","-0.019986616","0.005629445","0.036506295","-0.034897014","-0.004123737","0.030235222","0.004992411","-0.05325625","-0.006342855","-0.010007558","-0.011552102","0.007529512","0.010276389","-0.00071155844","-0.0076208436","0.029788164","0.0066598663","0.0021662987","-0.025182022","0.0029785843","-0.052890945","0.022955263","0.11055176","0.026247064","-0.040079292","0.28478423","0.20296787","0.09308701","0.08460749","-0.011483334","0.33694953","-0.05663166","0.22175732","0.06383601","0.8153043","-0.25759166","1.584608","0.5442214","-0.31646362","-1.2843722","0.20015891","-1.1911108","0.5940491","-0.04978153","-0.53204167","1.8042083","1.999278","-3.0625203","-1.6037729"
"Colorectal carcinoma","0.68647796","0.13100669","-1.0647799","-3.1040142","-0.4924386","-4.114057","-1.1592766","-0.5899538","-1.4337988","-1.0272466","-0.38100755","0.5247068","0.5654447","-0.48301494","0.3829322","-0.7375614","-0.52226776","0.50340706","-1.2368189","0.03126906","-0.48978093","0.06436161","-0.7313031","-0.44755858","0.17002697","0.6834339","-0.23056756","0.17629005","-0.24880028","-0.34909797","-0.18830836","-0.49212086","-0.3906377","-0.23746832","0.09145149","-0.4268981","0.65223557","0.13309608","-0.27069175","-0.051013816","-0.21064204","-0.026753563","0.20864736","-0.25103244","0.03907317","0.32126078","0.0069674286","0.65392226","0.9150857","-0.86179566","-1.1478637","-0.32331747","0.5271891","0.43515426","-0.48027688","0.84311676","0.018660959","0.16897878","0.77868503","0.850316","0.09236418","-1.4246508","-0.25248674","0.47337183"
"Common Variable Immunodeficieny","-0.22382072","-0.5671866","0.7409202","0.8683717","0.4227437","-1.9862325","0.22736962","2.034107","2.0023525","1.6369314","2.222442","1.9290926","0.7903813","-1.2992586","-0.33578548","0.001475084","0.70740044","1.0346196","-0.8479684","-0.34389022","0.2117218","0.11429534","2.1533697","0.47224477","-0.7339764","-0.27758056","-0.699052","0.54419553","0.83929783","-1.770772","1.3762167","-1.8567001","0.1762891","-0.39146748","1.3027446","-3.0489419","2.5423958","-1.1952425","-0.8278621","0.53437114","1.4503754","0.19534752","-0.09829762","2.8574817","0.1459401","-1.5248759","-0.07539156","3.0997114","-3.2399335","-0.8121916","1.5002022","-0.3618573","-0.036926918","0.598445","2.2181375","3.0127754","-0.1714548","-0.18510321","2.112432","1.4406222","-2.6221116","1.0856849","-1.7663425","0.22544453"
"Common variable immunodeficiency","1.0714606","0.059414856","-0.26041746","-0.11291427","0.039128706","-0.032114163","0.1906626","0.19845825","-0.037151214","-0.40140507","0.0014156384","0.22323374","-4.681473","-3.2098992","0.61857796","-0.64777803","0.15311247","-0.20956056","-0.4765151","-0.25748342","-0.15371937","-0.67536527","-0.5106619","0.13189058","-0.14438182","0.41265696","0.30891848","-0.19679423","-0.18074687","-0.055855762","-0.14330779","0.118437536","0.09939152","-0.024600051","-0.24404141","-0.104500115","0.3103103","0.4544991","-0.021407485","-0.16170084","0.031133687","0.15811668","0.08185597","-0.23419902","-0.3936821","0.06798074","0.117123","0.013250558","-0.34975","0.09959432","-0.030974025","0.11588893","-0.2719443","0.030133381","-0.14350402","-0.09616282","-0.22153245","-0.1427488","-0.06953921","-0.028845835","-0.042747363","0.020677513","0.005699204","-0.14061244"
"Conjunctival scarring","0.68539083","-0.032907203","0.58543485","0.55675906","1.5705664","-2.162074","0.68490535","1.0671269","1.8023158","1.8058246","-0.2320842","-1.0621198","0.54487616","-1.2856863","-2.5342484","-0.11971047","3.7787352","-0.075690694","1.0236136","-1.4547081","-1.2254562","-0.15203264","-1.0230412","1.0610371","0.03745669","1.1230075","-0.24025549","1.0373385","0.099091895","-0.201936","-0.6214749","0.083782725","0.92991084","0.10904357","-0.47823796","-0.42484987","-0.11850114","0.53155077","0.12579834","0.24560902","0.5001937","0.3206675","-0.18789573","-0.12884046","-0.43090522","0.68691546","0.064144515","-0.02103718","0.36486903","0.22058359","0.35827002","0.074043","-0.0437843","0.07560549","0.068491906","-0.44348332","0.098408274","-0.09144013","-0.029754989","-0.11569725","-0.34822616","-0.06643736","0.1512941","-0.48188964"
"Constipation","-1.1183053","-0.06757951","-0.20695798","0.44025627","0.20619184","-0.16504161","0.5356623","0.83978534","-0.20867449","0.10027192","-1.4148558","0.56040937","2.4372227","-1.3157554","8.502612","-3.5447762","2.0822473","-4.5307465","2.581029","1.4744891","-1.0607473","0.22764605","-2.0535808","3.2039232","0.10929498","0.88834244","1.3421897","3.226092","2.5755508","3.8229268","-0.2951461","-1.3922858","0.5033401","-2.2225204","-0.9040233","-1.1411833","-1.4898306","-1.911932","0.76116854","-0.023967221","0.9270801","-0.13158172","-0.16612034","1.9531991","1.9040892","-2.565001","-2.170775","-0.8411704","-2.032603","-0.20775217","-1.8773681","1.03085","-0.25790873","-1.1088972","0.51564294","0.29019466","0.0013890854","0.5823421","-0.1263","-0.5291264","0.25841224","-0.32385617","-0.41053092","-0.30455744"
"Constipation Irritable bowel syndrome(IBS)","1.0909958","-0.06515781","-0.19882357","0.10760712","1.151825","-1.1820489","0.6811434","0.045991406","0.7036072","0.5139527","-0.22462943","-0.5486129","-2.2996888","3.5655034","0.5383912","-0.7513805","-1.5082569","-0.23412748","1.2308924","0.32815316","0.99680257","-0.32297808","-0.5289795","-0.15640508","-0.45182833","0.38585243","0.1415728","0.08881754","0.3589347","-0.21595801","0.052096877","0.53283596","0.46201962","-0.22256458","-0.9630314","0.21368657","0.7312753","0.50994295","0.25456768","-0.022398584","0.34513623","0.1937818","-0.15913604","-0.5281702","-0.34741944","-0.5313924","0.046336435","0.2598614","-0.24859689","0.026516853","-0.3375482","-0.005667688","0.19991876","-0.014626614","0.0057379277","0.2370123","0.081731305","-0.12190197","-0.07701104","-0.10781154","-0.022087412","0.1644465","0.08894622","-0.15853313"
"Coronary Heart Disease","-0.3666391","0.39526322","-0.9215635","-0.5567832","0.2157978","1.9539747","2.7915938","1.9776968","1.7187587","-1.1225579","0.5257404","-1.0010215","0.052644286","-0.6484909","-0.69860244","0.20472375","0.4493916","0.50284916","0.99878544","-0.6842669","1.202539","0.2353091","-0.63853914","1.1670289","-1.123911","-0.30471236","-1.3664352","-0.9718899","0.82782483","-1.088732","2.3274066","-0.24075592","1.6576381","-2.0733867","2.0164783","0.8739833","0.5327603","0.027499812","0.7962933","-0.07580055","0.9701101","-1.5954014","-0.9148831","1.8983117","1.600621","-4.164618","1.3604541","0.97819203","-1.6138132","-0.6824287","1.1349285","-1.989193","-1.8590497","1.9728981","1.0208786","1.5933251","-0.08452732","0.006670515","1.1246492","1.4962811","0.6644365","0.9097105","-2.5725567","0.40313396"
"Coronary artery disease","-1.9413149","0.0215125","-0.0842002","-0.015685437","0.035958126","0.06288566","-0.10599209","-0.1235191","-0.08171645","-0.01658712","-0.037068732","0.15224162","0.030000117","-0.07608676","-0.019149112","-0.009914976","0.077186406","0.13397667","0.029362407","-0.0822287","-0.11018912","-0.02681932","0.02164005","-0.06325302","-0.04639635","0.02269193","0.09846581","-0.01815367","-0.008150943","0.18619843","0.1276248","0.075275294","-0.09210356","-0.01899294","0.1287108","0.14485835","0.048166607","-0.035160128","0.067028694","-0.5470709","-0.41755033","-0.018653896","-0.11444148","-0.25330797","0.13168277","-0.4062751","-0.6360456","0.11393996","0.24370098","0.44776928","-0.7308975","1.1428885","0.124335594","-0.17555928","1.9126891","-0.34090495","-0.46971464","-0.15153906","0.021435618","0.4007679","1.1495093","0.17656724","2.2018218","4.092398"
"Covid-19","-1.5777861","-0.31942713","0.32865298","0.7439738","1.0594207","-0.61741686","-0.589944","1.5835359","-0.78835267","-0.094308585","-1.0261478","0.22353028","-0.06291904","0.47797608","-0.049531437","0.15872958","-0.26387006","-0.068251796","0.5234775","0.62044144","0.04060143","0.60167086","0.3750933","0.26639727","-0.6728629","0.19299515","1.6105024","1.2916248","0.053115897","0.50317544","0.7071909","1.5035626","0.57064253","0.046198785","-0.7611512","0.88310564","1.1592758","1.2995543","-0.365623","-0.8278889","-0.42551285","0.8665474","0.90711397","0.63197947","1.3037145","-0.4552701","0.84060305","-2.0533829","0.02539986","-1.6795743","-0.1476535","1.1495835","0.611039","1.7101299","-0.124991745","0.20984444","-1.2409277","-0.2632784","2.3572316","-0.8801999","-0.41266587","-4.0740304","-0.114043534","-0.7598354"
"Coxiella burnetii vascular infection","1.0797976","0.043835685","-0.45860985","-0.27566648","-0.07376881","0.09326075","0.1496465","-0.17610738","0.026605807","0.033611923","-0.03787069","0.21469325","-0.10835621","0.2442555","0.18075483","-0.44867668","0.6430916","0.1086188","-0.4144674","-1.3801152","0.256132","-0.042750187","-0.9115658","-0.86538255","-0.0089097805","-0.3658715","-0.09118161","-0.4183248","0.68083304","-0.2695559","-1.2026571","-1.2919179","0.28761497","-1.0548024","1.9281917","0.92278606","1.5727229","2.271677","-2.076039","-1.7887039","1.1357664","1.4014384","0.3775122","-0.07908011","-0.20000665","-0.09697403","-2.3275783","-1.0663035","-0.2692279","0.15751904","0.0635171","0.4600498","0.107817724","0.0031303226","-0.81541467","0.49510536","-0.04375855","0.16103636","-0.60583913","0.28316694","0.02394935","-0.004966759","-0.17842084","0.014837292"
"Crohn disease","-0.90813506","-0.35804972","0.15164155","0.41998118","-0.11115575","-0.22469506","-0.7653187","1.4674339","-0.29292366","-0.91469896","2.2926106","0.628398","0.068583146","-0.22039409","-0.7200135","0.59375656","-0.80747265","0.38632405","1.3144333","2.4116344","0.08996797","0.19022162","0.4371899","2.6236732","0.38437495","-0.024843913","-0.0630593","1.2053614","0.109213896","-0.01764876","-0.0036156378","0.4081918","0.6239145","0.56135046","2.048663","0.08664343","-0.039422136","1.0648106","-0.7870958","-0.8380173","0.098279946","1.6269376","1.0014073","-0.87574536","-0.7102211","-0.14758746","-0.59490764","-0.19130555","0.08133962","-0.606624","-1.052353","0.12627874","2.637004","-1.3745625","-0.39237925","-0.08436103","-1.059336","-0.48365504","2.5386827","0.7251965","-1.2113231","0.7536632","0.28071278","-0.35532922"
"Crohn's Disease","-1.9789673","0.030487627","-0.05580358","-0.052662954","-0.030767659","0.01979129","0.030328149","-0.06281603","0.020055858","0.03788649","0.009817403","0.0077824136","0.014796788","-0.01056141","-0.026347505","-0.019932032","0.0055965567","0.036186285","-0.03482738","-0.0044887015","0.02921472","0.005997747","-0.054455724","-0.004337735","-0.010058714","-0.012757571","0.005908796","0.020398159","0.010987604","-0.0031680816","-0.0026906617","0.020948956","0.013866274","0.074637204","0.07046898","-0.022088943","0.034595065","0.0375447","-0.034910902","-0.082293965","-0.062209897","0.20007727","0.02577266","0.035040736","-0.013934954","0.03862401","0.04023156","0.27498886","0.22162415","0.038160242","-0.5223896","-0.70794725","-0.06654015","-1.1343921","0.08858099","0.9701544","1.7066083","-0.3862048","0.58488727","3.8517118","1.0689619","-0.13300422","-2.082893","0.98454994"
"Crohn's disease","-1.9701025","0.017739907","-0.032383706","-0.0150514245","-0.035424747","0.02755383","0.021171113","-0.05082073","0.018064925","0.0049483343","0.02709148","0.008834827","-0.0053206026","-0.0293917","-0.028172363","0.0057305805","-0.016960738","0.04299768","-0.019534219","-0.011062551","0.028602317","0.0011039005","-0.0055602104","0.017264403","-0.047379855","-0.021943647","-0.02700539","0.10618337","0.026888907","-0.012442935","0.06586461","0.0076562366","-0.0068141427","0.04299858","-0.08377351","0.0011116432","0.071350515","0.04442816","0.06327785","-0.11904984","0.14883018","0.13363242","0.36891568","-0.07300434","-0.2918943","-0.15431441","-0.07243044","-0.24788818","0.0039634258","-0.15908952","0.41327143","0.89573777","0.2967717","-0.41306242","-0.42345822","-0.6965409","-1.0568076","1.4728452","0.76821464","0.47114125","1.1864938","1.6639272","0.41198555","1.0309664"
"Crohn's disease(CD)","-0.7431583","-1.4850013","-0.41321334","0.5561765","-1.3561951","-0.49591503","-0.6625609","1.2722895","1.6787456","-1.0997936","1.45667","1.6100546","0.12000989","-0.07998322","-0.3739713","1.5587711","-0.58248776","-0.45309693","1.8810793","1.928969","-2.0254116","0.7078829","1.0285479","-0.23461217","-0.43400759","1.5926439","0.45355418","-0.9595355","-0.18930684","-1.3329864","1.7653393","0.15946141","0.5818173","0.88579607","1.0661081","-5.415209","2.5964658","-0.6065681","-3.2121625","-0.8612205","2.287165","-0.27199358","1.3517575","2.0927851","-0.6764239","-1.0644428","-0.5743538","2.0294526","-0.3886277","1.0315198","-2.0369778","-3.0663068","1.8514506","-0.5920899","1.0956463","-2.5832226","0.6439978","1.0665404","-1.4115938","-0.8064441","0.8146316","-0.8760971","0.7320652","1.1190752"
"Crohns disease","-1.9654316","0.012775547","-0.055827368","-0.01353887","-0.026445527","0.05117683","-0.046939135","-0.024600701","0.010848724","-0.0052777654","0.022999505","-0.049891092","0.055508006","0.013263112","0.0097829085","0.004114992","-0.01589257","0.019546349","-0.0073142713","0.034082744","-0.023268603","0.06599251","0.0035813123","0.00246304","-0.024472877","0.057718284","0.011134713","0.00015205184","0.0455107","0.022651864","0.040111832","0.03719175","0.049286503","0.021539543","-0.11519443","-0.0011279575","0.04484096","0.09394211","0.038155768","-0.006916244","0.022441393","0.25458467","0.1501975","0.053652063","0.20584135","-0.16810182","0.56578493","-0.004247408","-0.23617566","-1.177827","0.79445523","0.22967486","0.40402073","0.56314397","0.30785415","-0.55976635","-0.02143254","1.8190575","-3.4447036","1.7383437","-1.7256966","2.0194361","-2.4893787","2.0277488"
"Cutaneous burn","-0.35002863","-0.7446434","0.92681855","-2.0343306","-0.6261615","1.928096","-1.4546951","0.12231603","-0.48701006","-1.0840658","0.10967535","-1.2612423","-0.54660356","0.8850495","2.0745125","-1.4567281","-0.22674221","-0.99501014","0.83618355","0.4633429","0.45881736","0.39941463","-0.6647521","0.70628595","2.034602","-1.8518628","-0.58767855","-2.0062206","1.1543145","-1.7723973","0.88638115","-2.732727","-1.7910411","2.1060898","-1.2522444","1.2201421","0.32391712","-1.4300728","-1.3663577","0.3633926","0.4186827","-0.98615205","-0.2785194","-0.66149044","-0.17305209","0.79382235","0.5380438","-0.61506677","-0.05316295","0.91439724","0.64330804","0.32291284","-0.08523696","-0.041382685","0.49569795","1.553853","0.4126795","-1.5757061","-0.39092246","-1.7320819","-0.26156062","0.32637796","-0.21759313","1.2639865"
"Cystic Fibrosis","-1.978655","0.030060628","-0.054829095","-0.050908457","-0.031096889","0.020124191","0.029874796","-0.061984845","0.019696062","0.037104353","0.009411301","0.00903715","0.015551559","-0.011389072","-0.026245562","-0.019246498","0.0044913734","0.03509303","-0.03522087","-0.004338028","0.028634096","0.0052733654","-0.055845015","-0.007977389","-0.008668514","-0.016298037","0.008896913","-0.0028365804","0.010447462","0.00092818163","0.0008501121","-0.019702524","-0.02655645","0.017444594","0.0077254707","-0.14083757","-0.027460743","0.08740076","0.14128843","0.1271526","-0.12368875","0.094449565","-0.35193983","0.09396145","-0.028062673","-0.10158261","-0.018801618","-0.25130522","0.061084244","0.44609585","0.5156255","-0.03582398","0.09500049","-0.7034505","0.55808324","0.8060591","0.5983185","-0.7988422","2.7171555","-3.0262246","1.9252768","-3.822977","1.1890602","1.5029088"
"Cystic echinococcosis","0.8760682","0.0931485","-0.5537471","-0.5059055","-0.28828385","-0.22720759","0.116752736","0.36479682","-0.22260767","0.3789912","-0.19372882","0.22458942","-0.060032185","-0.5437837","-0.35941264","0.1220733","-0.1886054","-0.0847256","1.329527","-1.0569948","1.7521027","-0.76891613","0.5463551","-0.79982895","1.2459888","-0.58828574","0.19776137","0.027068699","-0.16685428","2.545625","0.03912856","0.9640962","0.81230026","0.1572768","-0.11572911","-1.0534288","-1.2726574","-1.1136985","-0.91466266","-2.0311587","1.004254","-1.0558577","-0.32813147","-1.0235791","-2.070252","-0.028922774","-0.22026396","-0.9287103","-0.44577742","0.7604354","1.0776131","-0.095778555","-0.3032176","0.11447125","0.25040635","0.5697137","0.25920963","-0.39552522","0.28481376","-0.023676004","0.023287905","0.21737581","-0.16261514","0.072440766"
"Cystic fibrosis","0.16527389","1.0865532","-2.0284057","1.6698126","0.12179756","-0.7568921","1.1129993","-0.7943185","-0.6789016","-0.7773353","-0.10467442","1.292763","-0.24033873","0.054855138","-0.5553789","0.30131856","0.56934494","-0.059684455","0.30301294","-0.3139363","-0.18464562","-0.21780582","0.26608446","0.041927684","-0.10849882","0.05882746","0.22337772","0.018545441","-0.103614345","0.0025733197","0.11708335","-0.31400993","-0.6428767","-0.5221114","0.28958547","-0.054998547","-0.60290414","-0.4717418","-0.10930287","0.16805136","-0.6134077","-0.16151725","0.15975343","0.038956966","0.22427715","0.5770356","-0.6831863","0.96120477","0.29199767","0.24604301","-0.04750814","-0.5189717","0.22073272","0.014911522","0.074127354","0.46085164","-0.858947","-0.27126285","-0.62804145","1.648711","-0.48230568","0.29678088","-0.05340475","-0.65430474"
"Cystic fibrosis exacerbation","-0.3675819","0.19176187","-0.90483296","-0.9872379","-0.77311295","1.695264","-0.47865206","-1.2204055","-1.003901","-1.0952724","0.53846043","0.6962554","-0.41343543","0.6422454","0.5553179","0.19753788","-0.5318257","-0.5869078","0.72560096","0.08292253","1.3903561","-0.96259737","-0.09154455","-1.6660938","1.4747918","2.7123187","-0.5480582","2.2341053","1.812525","-0.31077483","-0.69462","2.2004828","0.83080554","-1.2903671","0.9337793","-0.10884574","1.7640122","0.0073904153","1.00066","1.2069808","0.0903663","2.586283","1.0045999","1.5144694","-2.6727335","-1.1722287","2.926598","1.7256718","0.62481666","-1.4775304","1.1160063","1.0326401","-2.0289698","0.20363487","-2.1163633","0.52580774","-0.5441813","-0.36198017","-1.0077952","-0.276898","1.0958583","0.7821899","0.612848","1.3675724"
"Cytolytic vaginosis","0.8733101","0.15866","-0.347028","-0.20923953","-0.07936384","0.3060052","0.08822318","-0.13569097","-0.009390563","0.10383062","-0.022313828","0.017092587","-0.0953543","-0.17356369","-0.14759873","-0.03882464","0.12845033","0.14167662","-0.10451955","-0.15709837","0.010058649","-0.3035821","-0.16907208","-0.0046457397","-0.14332268","0.17028578","0.08260758","0.24165116","-0.1936941","0.11947364","-0.29007733","0.37645945","0.14420435","-0.5518886","0.20819558","0.07681914","0.43513864","0.19434142","0.57117426","0.0093810875","-0.50589055","-0.031550076","-0.05105487","0.62197423","-0.5851833","-0.32821167","-0.11963487","-0.89731497","-0.6262252","1.3132783","-1.2053813","-1.2481567","0.430234","1.098632","-0.46294674","0.24931286","1.0107605","-1.7552806","0.16711134","-0.40002954","-0.34298626","-0.44989794","0.24174465","-0.30188978"
"Dandruff","-1.4573653","0.07696943","-0.10509116","-0.109898865","-0.013002617","-0.084980026","0.015450792","0.050348897","0.06992395","-0.15868865","-0.058694817","-0.098554865","-0.11149221","-0.008012051","-0.090816066","-0.16536687","0.4394724","0.23303342","0.055217937","-0.19439833","-0.47131371","0.3151154","-0.09757457","0.85206014","-0.61008185","-1.4134057","-0.040023267","-1.283375","-0.14086528","0.0037955253","-0.7309036","-0.061682094","-0.07711413","0.21594039","-2.1550486","1.5319734","-0.7690769","-1.0464338","-1.324139","-0.06570215","-0.07676287","-1.2337028","-1.3558787","-0.40402356","1.1046451","1.717711","-1.7434516","-0.027806642","0.07500666","1.8120888","0.48568782","-1.324878","2.9739559","1.1485752","0.60969377","-1.0250107","0.9225014","2.1431575","4.6602554","4.426879","1.0307208","-0.9497952","-1.316103","-0.53671634"
"Denture Stomatitis","0.33271015","0.15250464","-0.39146847","-0.145547","0.18645056","0.053920377","-0.051380806","-0.48567033","0.09887108","0.008928796","-0.017092494","0.05038457","-0.24335355","-0.17789528","0.674625","0.867193","0.7414789","0.09334654","0.47452143","-0.26255277","-0.28661054","-1.1937547","2.559351","-0.8678952","0.55291396","-0.27124524","-1.1675239","0.0763495","0.0972266","-0.6869638","-0.48430648","0.016869826","2.522074","-1.1555704","-1.1719193","-1.1942929","-0.82418597","1.7367029","0.22363305","0.55377966","0.77087736","0.71305823","0.76964754","-1.6773278","4.252003","0.58734447","1.6920522","-2.6244144","-0.7887794","-0.83505666","0.32317388","-0.9332928","1.6210291","-0.8239591","-1.1744169","1.3424807","-0.038044974","-1.0535263","-1.36376","1.4711776","-0.7731218","-0.26366848","-0.7984352","-0.12961467"
"Depression","0.87633723","0.12856612","-0.35371587","-0.2562323","0.10070761","0.1657599","0.057258453","-0.11701607","-0.05996765","0.1336327","0.060697626","-0.066251524","-0.17056368","-0.095721744","-0.040417347","-0.006758095","0.07901232","-0.13729449","0.42111772","-0.34177923","0.104879536","-0.48979414","-0.024949983","-0.15787794","-0.2073122","0.114941634","0.1239818","-0.1076075","0.010390755","0.5245267","-0.14266512","-0.41401726","-0.28217947","1.1386162","-0.19296186","1.191323","-0.09674404","0.30771348","-0.16327402","-0.1817056","-0.09741166","0.36005554","-0.45042318","0.38542175","-1.3499129","-0.5005142","0.2032528","0.36751503","0.78644896","-0.4015349","-0.42259547","-0.16530342","0.28628364","-0.57445705","0.035172783","-0.37458923","-0.26344106","-1.7036011","-0.6809025","0.6980954","-0.3605177","-1.1306654","0.061203826","-0.4912123"
"Diabetes mellitus type 2","0.34203476","-1.8081679","-1.4241549","0.3737433","-2.5205321","-1.1070023","0.41154844","-0.03982127","4.0153346","-2.6385043","4.5848527","-1.1596577","0.7548825","-0.5737574","1.0556096","-0.08774074","-0.85412747","0.18163264","-0.374397","-1.7212287","0.5853531","-0.46646434","-0.9545918","0.6908285","-0.4966702","0.14027075","0.17432523","0.31946138","-0.09372945","-0.3416277","0.9761174","-0.1603055","1.0831051","-0.30160257","0.6214909","-0.61311156","1.4581536","-0.33919","-0.5514189","-0.33682576","-0.08980846","-0.33444563","0.32470497","-0.6265394","0.42084697","0.3254687","0.59638035","0.4068836","0.956447","-1.0881279","-1.427013","0.37297836","0.7844144","0.4770158","-0.22977847","0.86859417","0.08064643","0.82403296","0.79961604","0.7581126","0.011432131","-1.3050065","0.30799004","0.026404938"
"Diabetic nephropathy","0.6831958","0.39161563","0.01976825","1.029596","-1.4366373","2.3379102","2.0238788","2.1712406","0.27909485","0.4518404","-0.7577861","-0.7094717","-0.58567935","0.523017","-0.51487684","0.5632383","0.63080066","-0.21580866","0.19596986","-0.85704154","-0.14977477","-0.30217335","0.33371168","0.14752324","0.20785266","-0.38907582","-0.3195398","0.01737289","0.35760093","0.047696445","0.5580375","-0.08902061","0.8317771","0.449474","0.20272179","1.3726768","0.28414077","-0.5467062","0.4519819","-0.38852894","-0.4387304","0.3053453","0.39607385","0.09804874","-0.30350167","-1.0763173","0.14824829","-0.21665749","0.43361726","0.3345393","-0.6914132","1.7434906","0.341165","-0.3903555","-0.36163935","-0.6826264","-1.163328","-0.35806176","-0.8427623","-0.7830113","0.6051249","-1.210485","-0.15850616","0.19545864"
"Diaper dermatitis","-0.91787905","0.10235114","-0.17369393","-0.07767359","0.03159886","0.23066176","0.09970537","-0.22642703","0.084668666","0.10753518","-0.18227854","-0.026180705","-0.09435358","-0.42043632","0.059404097","-0.13175601","-0.7189669","0.55682725","0.1299996","-0.083484165","0.25326207","1.6075861","1.101003","0.50370044","0.04626837","1.7614728","-0.15945174","0.38224587","-0.77592784","-0.38157833","0.1139999","-0.37074822","0.09193983","0.29362297","1.1469483","0.1991468","-0.80788124","-2.0429528","2.6505973","-2.706419","1.7992711","5.1556993","-2.647858","0.36414745","0.5700151","0.2321996","-1.1968758","0.11257907","2.0421245","-0.44552618","0.17207225","0.90912086","2.3774638","-0.47654086","-1.3207972","0.7738714","-1.2547114","0.4668487","4.2463408","-0.68068373","-0.8442287","0.52113175","-1.226336","-1.884858"
"Diarrhea","0.51100504","-0.9455972","0.79602784","-2.037932","-2.3320444","-2.154603","3.0302114","-0.1535739","-2.3213952","-1.3236743","-1.0958507","1.0976291","0.082392626","0.22358836","-1.4732022","0.4365642","0.058375183","1.8891629","-0.82398236","-0.1379261","0.24574655","-0.18735774","-0.30665773","-0.09658404","-2.6670156","0.43439588","-0.2101632","0.27197155","-0.9204724","1.3166105","-0.985267","0.18212248","0.7144431","-1.1830096","-0.99786407","-0.45146093","-0.065785535","1.185146","0.49993283","0.21591927","-0.065810375","1.3645996","0.5635312","0.8389455","0.8595984","-0.9995265","-0.08398676","0.013804071","-0.45684043","-0.4003718","-0.5861329","0.6503391","0.5668321","-0.86093634","0.5861246","-0.52597606","-0.72227865","-0.16798323","-0.09106876","-0.3673668","-0.4455851","-0.6246481","0.31180122","-0.66216743"
"Diarrhea Irritable bowel syndrome(IBS)","0.89124715","-1.595936","1.5395046","0.20832013","0.066731475","-0.3495125","2.6560993","-1.6644522","-1.4442848","-1.6460274","0.011745254","0.4498905","0.2514073","0.0046308255","0.109689794","0.11274293","0.5455182","0.6923416","0.062749796","-0.047926165","-0.23933092","-0.07375609","-0.11863238","0.19813918","-0.77441555","0.15155648","-0.947716","-0.2597321","-0.028488087","-0.31755456","0.08605466","0.6870944","-0.8913784","0.14493376","-0.22588223","0.49197352","-0.34989667","0.18220316","0.79678386","0.42077485","1.6600783","0.64792824","0.08160161","-0.71234167","-1.5141948","-0.9077358","0.079406165","-0.5284649","-2.5233393","1.5493162","1.0274483","0.018173976","-0.0671773","-0.64512575","-0.061415005","-1.1539068","-1.0990282","-0.4503979","-0.2666896","0.07716183","0.31749704","-0.20469241","-0.010955333","-0.37739563"
"Disease-free ","-0.6658803","0.2436934","0.16157514","1.601713","-0.33498713","0.1814698","1.4989483","1.5566117","1.7185874","1.1060759","-0.98836225","-0.20468266","0.5515225","-0.8404172","-1.1722993","-0.96038985","1.9351407","-0.06476547","-1.8656654","1.7380404","0.8011918","-0.71160257","0.62245125","-1.1173514","0.11216033","2.432684","-1.5013292","-0.33998746","0.5122666","-0.17714307","-0.89284503","3.4196699","2.9284573","0.81367195","1.2935417","1.6687536","0.78249204","0.8976607","2.158418","-1.7420017","-0.7520093","-2.159729","-0.6769319","-1.6307181","1.9815819","-0.117387846","-2.8779147","0.29155928","-0.06765914","1.829467","-0.5401466","0.43520415","0.84624195","-0.3325737","2.766711","-0.005501108","0.061078124","2.4619954","1.188577","0.95614433","0.31906235","0.6123675","-0.29053137","-1.412894"
"Diverticular disease","0.49204198","0.3305741","-0.77690357","-0.10670233","-0.2550126","-0.117209695","0.9387867","-0.58110124","0.3214462","-0.38569087","0.9841847","-1.8610117","0.5226022","-0.69558764","0.2829299","-0.9768227","-0.26133698","1.0745705","0.038084432","-0.9364524","1.3562336","-0.25318322","-1.3737926","1.5814798","-1.399456","0.29415783","-1.6650468","-2.538394","0.544205","-1.541718","2.3661723","0.31419745","1.9338175","-1.6789436","0.15045147","-3.0741565","0.5317197","-1.2238189","0.71192867","-1.2490762","-2.1675832","-0.22610322","2.7387726","0.4069836","0.25668097","-0.32862103","-0.20491204","-1.4774463","-0.82976985","-0.94567674","0.06311938","-0.6718449","0.24076152","0.84256405","-1.020906","-0.20174795","0.7130985","1.8543836","0.5975697","0.12447309","0.42457384","1.6388909","0.21692188","0.104887284"
"Down syndrome","-0.112611175","0.066617705","-0.26999632","-0.13079518","-0.013206307","0.12401389","-0.034746666","-0.091754645","-0.13113181","0.22739664","-0.05619515","-0.06638261","-0.107095845","-0.08046256","-0.19358023","-0.24103606","0.19162379","0.0030994634","-0.23299557","-0.011800062","0.07189654","-0.21195753","-0.17202987","0.036113482","0.0551848","0.41253668","0.15255035","0.109632745","0.27391145","-0.13464381","0.048008014","0.20176058","-0.004697922","-0.11967176","0.57324445","-1.0175467","1.0803287","0.5978407","-1.0622762","0.28309485","-0.09624276","-0.927557","0.21182652","-0.12047518","-0.761441","-0.13893402","0.25822333","0.48274323","-1.2529914","0.9654383","-0.85755527","0.7520466","-0.24077287","-0.79464257","0.41059405","-1.1532329","0.9175104","1.7198223","0.62461793","-2.8446615","-0.018537464","0.101483285","-0.08820248","0.62035096"
"Drug-resistant Epilepsy","-0.99625117","0.079799324","-0.12593345","-1.0771421","-0.3734607","-0.40295637","0.65023005","-1.0527442","0.77148503","1.5251673","-0.3451391","0.3403391","-0.15347795","-0.28714374","1.3105528","1.119378","0.7849653","-3.5772645","1.4170327","-1.1124446","0.1421139","-1.4350259","3.4155266","0.7591009","-1.3744996","-0.7181014","-0.79696316","-0.4499218","-2.9960194","-0.43982488","-0.82918686","0.51496446","-2.346521","-2.337143","0.6981711","0.5714314","0.74741495","-1.2242789","-0.8949428","0.10050578","0.14881359","1.1311649","2.4408717","-0.861039","1.6244538","-1.7242645","1.6411579","-1.5874035","-0.00036361898","0.17798963","-0.37653348","-1.4494847","-0.298189","3.4122133","0.1899193","-0.04009591","-1.0599401","1.171787","0.07145472","-0.45159546","1.2927518","0.3311792","1.4425434","-0.7699516"
"Dry eye syndrome","-0.57074","-0.14833067","-0.32207435","-0.7616624","0.45164317","-0.8980906","-1.8472914","-0.36246216","-1.6588713","-1.4070194","0.073536016","-0.04015616","1.9686692","-2.64488","-0.43356806","0.89272666","0.29635882","-1.4798408","-1.3373497","-2.4158695","0.9024059","-0.60371184","0.27529827","-1.4873549","0.34554666","-0.19272184","-0.6542404","-0.37986094","-2.011082","3.3973293","0.4012215","1.0139047","1.0466225","1.8061694","-0.23427917","-1.498956","-1.5014222","-3.3707714","-1.973109","-1.371366","-0.039772097","1.0036103","0.6603896","-1.0994529","-2.5180814","2.9186394","-0.46179637","-1.0464864","-1.5339768","0.76399505","-3.9526114","1.3178753","-0.6986611","0.74842995","-0.025994882","1.3846332","-1.1463114","-0.9036006","-1.056872","-0.2768247","2.8209894","-0.033556677","-1.6903094","0.09332843"
"E-smoking","-0.9896594","0.0069777244","-0.12509543","-0.27533716","0.06349592","0.070003726","-0.051801648","-0.09790845","0.1395142","0.21310559","0.022694014","-0.5526949","-0.23693559","0.22738801","0.42851624","0.36463654","0.46448004","0.23186833","0.011706975","-0.5238318","-0.646281","-0.50456977","1.3016665","0.39811903","-0.29901394","-0.8290116","0.279876","-0.54152066","-0.037212823","0.7137109","-0.03375102","0.44724697","-2.2785006","-1.9201647","1.945763","-0.61133856","-0.06765678","-0.5986869","-1.4584093","0.8181736","-1.489973","1.677166","-1.6912152","-1.3178431","-0.62106675","0.7595255","1.6713243","-0.65536034","-2.0612063","-1.8928431","0.903038","-0.13615368","-2.1877565","-0.67975205","-3.0512326","-3.2702768","3.156621","-0.21134411","1.6951056","-1.4021345","-1.2409408","0.21487603","-1.8998533","-1.0292033"
"Edentulism","-1.9213316","0.036212813","-0.065294035","-0.06489724","-0.03414439","0.01593856","0.02260003","-0.067691445","0.021584833","0.050676275","0.009536053","0.012664959","0.0026999058","-0.018211797","-0.020198869","-0.023042778","0.016801244","0.033969443","-0.016028736","-0.031379208","0.0124604935","-0.01539551","-0.045844667","-0.007776197","-0.035478123","-0.025186185","0.013865075","-0.030764293","-0.07250233","0.14403","0.072169974","0.1085741","0.09041147","0.2573125","0.048593","0.10311244","0.12213013","-0.14172997","-0.025232978","-0.018374931","0.035850264","0.49424332","0.2880553","0.1834906","0.1491803","0.2265532","-0.421812","0.23019832","-0.6719069","1.1861705","-0.18167605","1.091671","0.407271","-1.0423048","-0.9674448","1.0043646","-1.8240306","-1.2075294","-1.0548389","-0.37609604","0.73089397","-0.9544981","0.929804","1.3484932"
"Endometrial cancer","-0.35873857","0.33452192","-0.4849777","-2.0841308","-1.614422","-1.898261","0.915925","0.17149481","-0.31289726","0.7591218","-0.9605666","0.4538136","-0.05417911","-0.13176517","0.037248783","-0.30862778","0.2678481","-1.4141128","-0.11907873","-0.06498137","-0.82599723","0.07963658","1.3033727","1.8995565","-1.370384","-0.78715545","-0.08238253","-0.0560483","-0.38087565","0.99057627","2.0510545","-1.1945817","0.70717174","5.1438365","2.222206","3.0982237","1.6997347","-0.1638255","-0.21988724","-0.47739467","-0.46217436","0.23793001","-0.3158678","2.2836413","-1.4262285","-3.0039663","-0.292228","2.6665726","-0.44353896","-0.24253196","0.48525202","1.3003687","-2.2188547","2.9291158","0.9393338","-0.20843372","0.38368228","0.04923205","-0.30523708","-0.29169378","0.08603779","1.3453957","0.41311148","0.037917066"
"Endometriosis","-1.7005198","-0.03203463","0.13313894","0.30434188","-0.16340902","0.00881867","0.38540775","0.70770776","0.41903302","0.3288083","0.34393203","0.11342546","0.08900261","0.024096308","-0.23222496","0.113218755","0.75275546","-0.061954018","-0.1425004","-0.23324151","-0.45354885","-0.074788496","-0.1385746","0.56503165","-0.28371805","0.13506511","-0.5328016","-0.024209285","0.5302172","-0.26598936","-0.22886361","0.08517044","0.14386903","-0.79430664","-0.33701336","0.29045373","-0.15160488","0.4502074","0.051105212","-0.34111857","0.17092107","-0.73283595","-0.5388309","-1.3914316","-0.28779486","0.4881757","-0.028631814","0.3447421","1.158014","1.1417195","0.9287222","-0.63578993","1.0524815","2.2342012","1.0601531","-1.3384819","1.2945963","-2.6042593","0.2852308","-0.13233213","-1.9290036","-0.5088213","1.4186423","4.8805256"
"Enthesitis related Arthritis","0.34986466","0.1604223","0.042951792","-0.3794862","-3.6766012","-0.5290479","2.0644617","4.677387","0.30354574","-0.1292216","1.7085667","1.4291695","-0.7063474","1.3679923","0.16241635","-0.12502377","0.57402706","1.2543151","-0.48109624","-0.40342948","-0.17074567","-0.31706756","1.268989","0.10424831","-0.44002464","-0.4843584","0.47310737","0.72777927","0.9170613","-1.0879614","-0.56066453","0.24128768","-0.20276415","-0.65009737","2.1620169","0.6159406","-1.6216999","-1.4126433","-0.3321104","2.3218734","0.08125504","0.43288097","0.85989237","0.3057567","1.4007182","-0.17102063","0.17984726","-1.0265793","2.1643395","1.5740349","-1.2537183","1.0562017","-1.1140851","-0.14943503","1.1060528","0.010604044","-0.3877588","0.5250566","-0.4471778","-1.2759088","0.29661942","1.0877748","-0.2473519","-0.6370391"
"Enthesitis-related arthritis ","1.0819544","0.18716346","-0.27044606","-0.27283084","-0.03464364","0.13515377","-0.1978567","-0.03211423","0.19030826","0.1501693","0.050091714","0.25202942","6.6217704e-05","-0.5142891","-0.26641306","0.52903795","-0.18012016","-0.37217423","0.4242436","0.4454526","-0.22173785","-0.031464767","-0.17741854","-0.8205336","0.037875913","-0.13216689","0.49632782","0.85649425","-0.69857275","1.1061019","-0.38089678","-0.39664185","-0.19127047","-0.7925501","0.5578971","2.5580585","0.56009465","0.65764207","-0.38817576","1.2623159","2.1479936","-0.2428699","-2.5048547","-0.84457386","0.48054796","0.6543099","1.2091017","1.1293443","-0.52875257","1.2049645","-0.014500681","0.24680679","-0.5561081","-0.9842365","0.76916134","0.5211572","-0.4404099","-0.544472","-0.52139926","0.007615186","0.160687","-0.59945357","-0.056407783","0.2552985"
"Eosinophilic esophagitis","-0.3575621","-0.7640004","1.0653797","-2.5541728","-0.542095","1.7829217","-1.7863575","-0.08832744","0.0874488","-0.3452792","0.4683698","-1.826229","-1.5319792","2.0905917","0.7028719","-0.044500556","2.8257835","0.13858558","1.4199643","-2.0635676","-2.3389215","-0.6212789","0.9661344","1.7915125","-1.6053585","-0.28551692","0.26741606","-0.66314673","-1.5270536","1.139266","1.4897757","-1.2464993","-1.9113349","-1.9061449","2.3451161","-1.1909126","-1.4748174","1.1478812","1.3555","0.9905239","-0.31162712","0.35158056","0.4002761","-2.3931074","-2.179704","1.3149672","-0.05518739","2.1326883","-1.0491928","0.085310385","-0.04688437","-0.35423264","0.65141743","-1.1023796","0.98596233","2.844529","0.7429777","-0.118008554","0.42388856","-0.8508573","-0.5448182","0.920759","0.83501303","0.74653345"
"Esophageal cancer","0.17770776","-0.5928133","0.14386238","-0.26450795","-0.42793304","-0.733606","-0.5821663","1.3432239","0.7084852","-0.05365837","3.4574609","2.0530825","-0.3460748","1.2351224","-1.0875577","-0.6973611","4.089438","-0.39105308","0.94012195","-2.8244069","-0.11615188","-0.10704981","-2.2836757","0.90271544","-0.45195782","1.3027759","-0.9027183","0.7021423","0.99284965","-0.35003972","-0.92187333","-1.5618678","0.46616784","-0.746774","2.115996","0.7148145","1.5001414","2.1210413","-1.9948286","-1.5680165","0.8648283","1.273636","0.08114641","-1.1307594","-0.7444556","1.3237281","-2.0928202","-1.3754117","0.4506273","-0.15795912","0.014710844","0.5028468","-0.47138727","0.5675905","-0.96969515","-0.6690988","0.61514527","0.14455707","0.122742966","-0.47128475","-0.73510647","0.47275457","-1.5822867","0.6860552"
"Exacerbations of idiopathic pulmonary fibrosis","0.6760613","0.29745117","-0.40883672","-0.45602572","-0.86697507","1.2701665","-0.547359","-0.35527232","-0.51291126","-0.1543238","0.30520633","0.6865678","1.8045983","-3.4518209","-0.6045352","0.43673575","1.6704396","0.46165323","-1.2804949","-0.7910297","-1.0048757","-0.11490523","0.7903283","0.33466673","0.4106243","-0.6380152","0.1882079","-0.28188887","-0.5116532","0.33057594","0.5159136","-0.73215485","-0.68062973","-0.09105614","1.1252927","-0.13265285","-0.08808808","-0.4590735","-0.08726912","0.8819627","-0.43895853","0.7062902","0.65952766","0.8055071","-0.361311","0.13304725","-0.30972844","0.93390125","-1.5504361","-0.018530091","0.5673601","-0.03709249","0.4655379","-0.07632986","0.24094868","1.8712231","0.79724896","0.3367349","0.2899247","-0.089344695","-0.96019757","0.16500291","0.48186618","0.6056053"
"Excessive vomiting","-0.5624819","-0.2186674","-0.16669759","0.92569005","0.6161999","0.087131344","0.20875596","1.7645334","-0.48591617","-0.34848946","-1.7379622","0.23843622","3.0070462","-1.5409155","10.338062","-4.3471184","2.5039322","-3.2439923","3.216172","1.6409111","-1.5348598","0.14836018","-2.5814295","2.4598444","0.4016914","1.4091495","1.4124151","3.720259","2.4296117","4.4424043","-0.37248182","-2.0992103","0.6924311","-2.3410857","-1.2779496","-1.0245074","-0.6523464","-2.4687588","0.8981776","0.17595807","0.31015322","-0.4532618","0.13412565","1.5061893","1.9523482","-1.9197934","-2.2655394","0.11717921","-1.5792943","-0.56713164","-1.2840657","-0.65740854","-0.62737423","-1.0476427","-0.3779","0.04807211","-0.33976144","1.1790828","-0.48587167","0.10604096","-0.2724607","-0.21775271","0.1298319","-0.6096856"
"Experimental Autoimmune Arthritis","1.0865088","-0.021563422","-0.058014397","-0.24610901","-0.16296913","-0.22633617","0.35016233","-0.27632234","0.09439811","0.16633606","-0.30692384","0.7682395","-0.3634971","0.26081815","0.13808376","-0.19886482","0.17667575","0.04972193","-0.37069765","-0.9351354","-0.35822827","1.6862729","-0.8194362","0.89784044","3.1871953","-2.1109464","0.5688875","-0.8602298","-1.5033","0.3647009","0.40366295","1.423212","1.3188016","-1.5034262","0.74523234","-0.19780058","1.5935951","0.26496834","1.3939779","0.10001443","-0.39435697","-0.18083277","-0.08246611","0.18704566","-0.06466814","0.16370793","0.12218954","0.7854943","-0.18602571","0.049657054","-0.2718436","-0.37555683","0.01485283","-0.5634584","-0.28178683","-0.15909576","-0.40396503","0.036264636","-0.060587868","0.31830293","0.094541445","0.23803556","0.15008175","0.10793772"
"Experimental Autoimmune Encephalomyelitis","1.0877209","0.28893116","-0.2620317","-0.12693729","0.13563609","0.24763611","-0.0070645264","-0.18952556","0.061066534","0.2794762","-0.0081210695","-0.17877547","-0.12695092","-0.6034171","-0.43358108","0.1438549","-0.5387992","0.03069701","0.3586404","1.1950747","-0.08537045","-0.35240245","0.5995012","1.1280946","-0.05616373","0.57007825","0.38169572","0.4885352","-0.8465958","0.1416388","1.4032432","1.443299","-0.27444062","0.960268","-2.154662","-0.97210014","-1.5545393","-2.0628653","2.2586024","1.9229323","-1.1985108","-1.5302687","-0.46180633","-0.07416094","-0.155302","-0.028872816","2.5377207","1.091692","-0.14379023","0.11315454","-0.0932771","-0.40995872","-0.016633013","-0.03253193","0.8128854","-0.53334713","-0.22310017","-0.34074646","0.5169377","-0.2621589","-0.16341953","0.08113274","0.2405827","-0.12185833"
"Extrinsic black stain","-0.24403025","0.13135816","-0.13925122","-0.35608208","0.3118416","-0.53880316","-0.054119963","0.10928087","0.13769396","-0.09759839","-0.019027708","-0.8286009","-0.7616542","1.0407184","-1.3860953","-0.30295742","2.7274072","-0.30790246","1.1177775","-1.2720392","-1.3713081","0.1381585","-1.6355524","1.7347157","-1.4820266","1.5727986","0.09819841","1.2986326","-2.0235045","1.8234549","0.6957331","-0.46406287","-0.9950511","1.6184046","1.1241083","-0.56516004","1.6581706","1.1665664","0.03029434","-2.3815467","-0.53005785","-3.4897137","-2.0944629","0.49465662","2.0344377","0.8546529","1.1008751","-3.3675785","1.2541788","0.7567132","0.8794585","0.28310454","-0.5324175","-0.7774589","0.20526324","-2.8096416","-0.8688103","-0.78568155","0.065872975","0.42440444","0.8507044","0.23028615","-0.95842093","-0.8234477"
"Familial Mediterranean fever","0.49589768","0.97358006","-0.6809197","-0.9558725","-0.81720024","0.07897792","1.7279704","-1.8153098","1.8151381","-0.28669006","2.7707553","-2.3726034","-0.45801947","0.116930224","-0.9212499","0.66527486","-1.0500293","-3.1219385","-1.496161","-0.03315631","-0.018990159","-0.622152","-1.8441678","0.7998709","3.0408087","-0.18558915","-1.0835756","0.878087","-1.4559287","1.9728459","-3.1041203","0.23959388","-2.2948306","1.1816521","-0.1403897","1.0744674","-3.202294","2.029402","0.11465654","0.29038528","-1.1391672","1.9019209","0.7429518","0.17892475","1.8107607","-0.7631597","-0.57877773","-0.6979618","-0.29069862","-0.15776008","-1.0721271","-0.06507265","0.5458161","-0.07240827","0.5967082","-0.29370096","0.042266313","0.56471556","0.17919941","-0.49434575","0.47865525","0.6024875","0.141325","-0.28871098"
"Familial adenomatous polyposis","0.8679005","0.28022602","-0.5310574","-0.20970276","-0.11761118","0.18586813","0.19240203","-0.6239902","0.22687627","0.51544803","-0.32413465","0.014112207","-0.26548985","0.30099824","0.1680585","-0.6415768","0.60968447","-0.48863804","-1.7186958","-2.6328225","0.8081135","-0.6219476","-0.81859684","-1.2633995","-1.0060561","-0.37381607","1.2255111","-0.9051226","1.9054307","0.17808516","-1.7330074","-1.1674548","0.25814444","0.9037432","0.6540041","-1.1139052","0.28459677","-1.2115318","0.79806376","0.42420444","0.9067041","-0.17132549","-0.77147555","-0.35422057","-0.00757686","-1.9596436","1.8196015","0.98203105","-0.22056665","-0.09816931","-0.45675027","-2.1583207","2.3304925","-1.0202178","0.9750825","-1.5971255","0.6580614","0.4120262","-0.33923155","-0.40139785","0.3167643","-0.016147912","0.09189648","0.44921368"
"Fatigue","0.18432054","-0.01428818","-0.075467035","0.554649","0.8177159","0.6828737","-0.85159737","1.3204906","-0.5120404","-1.3340213","0.3399406","-0.9652408","-0.19243021","0.047083274","-0.15742892","0.43811718","-1.1359509","2.0683243","1.2095549","3.4657269","-2.2096848","-0.06432347","-1.1723107","0.5725844","1.7758718","1.5562396","-1.9434439","2.417142","-4.4911556","-0.45350793","-0.75070244","-1.4477264","1.7195982","-2.361087","0.63381815","0.56935596","-0.65250224","-2.5888746","-2.711469","-1.976575","0.016977195","1.5795172","1.613789","0.33659747","-0.990342","-0.9144456","-0.5296895","-0.3595801","0.01160449","0.20039298","0.62081736","0.27111974","1.6911104","-1.0618411","-0.05330351","0.20356946","-0.26494294","-0.18760216","1.3685611","0.03957972","-0.61560917","0.2115178","0.94150615","-0.6654025"
"Fibromyalgia","-1.5581795","-0.33474886","0.31924945","0.21935557","0.2514774","0.4248883","0.4249801","-0.6587379","-0.07497704","0.05152073","0.055055857","0.22096226","0.22325146","-0.72463787","-0.24431646","0.20704743","0.14647588","0.05722361","1.4085104","0.36109564","0.77213025","-0.84635717","0.03007675","0.07645756","-1.4553748","1.111747","-1.507356","-0.758736","-0.94266343","-0.30860004","1.5952475","0.2565519","-0.4052822","-0.53315896","-0.019237842","-0.06119149","-0.1662104","-1.1424464","-0.80028296","1.5319582","0.20606834","-0.7472327","-0.3605299","-1.403644","-1.3507507","-1.5638952","-3.81256","-0.9051655","1.8311602","-1.0270212","0.6584048","0.9516914","1.8955137","1.4378308","-1.7861334","0.35746744","2.5302057","0.081094764","-2.8368042","-0.49794397","4.134395","-0.9605228","-1.2169414","-0.12139098"
"Folliculitis decalvans","1.0892373","0.19316049","-0.3654314","-0.25015768","0.038183074","0.26597157","0.2514359","-0.14451489","0.12802902","-0.0020088202","-0.14793916","0.18061796","-0.14263868","-0.30926704","-0.10597462","-0.065661386","-0.21957158","0.14947346","0.10360573","-0.033205826","0.19423918","0.013979965","0.13709888","0.058161527","-0.1868248","0.3270949","0.28513536","-0.110760875","-0.33264223","-0.5500637","0.46451044","-0.27305722","-0.28244594","0.14585508","0.028993662","-0.42470196","-0.05450369","-1.1915698","2.6364126","-2.0957377","1.4798408","3.143082","-2.4370484","0.6744549","0.44243672","1.364822","-0.76496357","-0.30549043","0.6472648","-0.42521086","0.3043747","-0.8166561","-0.12625651","0.42335045","0.27955064","0.09137709","0.19076999","0.2568209","-0.23333961","-0.4785653","-0.2824513","0.33849698","-0.055329632","0.37088704"
"Frailty","-0.82757485","-0.23481958","-0.07724941","0.34454095","-1.0001881","-0.35988528","-0.28588635","5.0647717","-2.7775683","-0.81264544","-2.2443392","0.062902264","0.5918027","-0.61878073","-0.4636036","1.2441446","-0.5070061","-1.5121485","2.8092341","0.46688002","2.291238","0.121722355","1.9788942","1.8750184","-1.6969105","-0.75459427","-0.106602155","-0.10781636","-1.2355919","0.24074884","-0.052464876","2.0607722","0.5324776","-1.8624816","0.82610244","0.6362625","-0.5318105","-0.23817383","0.11022269","-1.5767614","-0.6348389","0.95052254","1.9932654","-1.9080516","0.14913751","-2.1087537","-0.56691724","-0.38471293","1.6741537","2.617976","0.5146128","1.5087748","-0.9762499","-0.9779519","-2.1821618","0.8088785","-0.1797675","0.93462294","0.12727408","-0.20770916","-0.23885834","0.38661554","0.25004742","0.5503482"
"Functional dyspepsia","-0.11192174","0.32371458","-0.5724706","-1.5163779","-1.4487047","-1.5755038","0.6847182","1.5624827","-1.0004736","-0.34337327","-0.9829631","-0.20357977","0.2239035","0.071541734","-0.39903483","0.1589585","0.32700148","-0.04216839","-0.6147532","0.6693843","-1.2315413","-2.343875","-1.2859694","-0.6702179","0.35563004","-1.1980209","-0.042075377","0.45932078","0.10555913","-0.7772649","0.83128494","-0.21648003","0.31847245","0.28700885","0.5689712","0.9428948","0.4830065","-0.67225283","0.71979916","0.26014474","-0.19104034","0.35654232","0.16854036","-0.1546031","0.22232863","-1.2007493","1.0718391","0.5769734","0.86218154","0.12355784","-0.68858033","-0.23253098","1.1554663","-1.1403524","-0.7430702","-0.83130306","-1.6032861","-0.7841007","-0.5663704","-0.35281813","-0.55859023","-0.51144946","-0.8501134","1.1519973"
"GIT neoplasms","0.49684128","0.22847487","-0.26599255","-0.8339509","-0.54937845","-0.174919","0.8912884","-1.4593347","0.24393688","1.2341596","-0.35388267","1.0172397","-0.21813719","-0.41941565","-0.10158418","0.15039097","0.32815632","-3.184218","-0.5633136","0.5648516","0.024007931","0.13139702","1.882546","2.136462","-0.9894631","-1.0312699","3.0958207","0.73409647","3.299183","-1.0655996","2.9006703","0.3938304","1.1587576","-0.0062907417","0.6568063","1.8603761","-0.2568634","2.4476385","-1.0250546","-1.8170729","-0.42116067","-0.059711646","0.24704929","0.76956636","-1.5415208","0.057855677","1.7894248","-1.8719013","1.905069","1.7564502","2.5351942","-2.9373524","-0.12403223","-1.7102216","-0.08951544","1.3831352","0.92690736","1.5598102","0.9065001","0.26755917","0.6949119","0.31459752","0.819455","-1.0984795"
"Gallbladder cancer","0.68020916","0.13363825","-0.3486778","-0.18519926","0.011279713","0.15229852","0.06144586","-0.16440083","0.07238756","0.12755708","-0.009168166","0.049750842","-0.10901201","-0.17016692","-0.108786024","-0.12802953","0.055991374","0.049650513","0.0007149348","-0.10166891","0.009543581","-0.19740838","-0.08406459","0.062448986","-0.029130006","0.09832081","0.1298712","-0.06284338","-0.09823968","-0.09175294","0.1138364","0.022421762","0.11094612","0.007001952","0.010504315","-0.20527506","0.22159822","0.15833607","-0.087591425","-0.0021377588","0.042992797","0.030098192","0.0030353828","0.044282254","-0.15105489","-0.1653436","0.039675485","0.15083703","-0.33659625","0.13881068","-0.060102563","-0.07838618","-0.007500481","-0.18112572","0.009286388","-0.23709968","0.27125788","0.038564034","-0.012540571","-0.15563981","0.035318807","-0.032086506","0.20291385","-0.21796118"
"Gastric and duodenal ulcer","1.0892311","0.23292628","-0.48175398","-0.36651227","0.09992463","-0.14364094","-0.15711404","-0.4332546","0.31287327","0.45121494","-0.34391445","-0.19566028","-0.6006213","0.09246293","1.8888855","4.585836","1.9485618","1.390983","-0.94585925","0.73901993","2.2248828","0.38911438","-1.410929","0.88472235","0.21196271","0.4396778","0.33220986","0.020518124","0.28023338","-0.44553486","0.089844525","-0.00011806238","-0.14857732","0.49827716","-0.1689221","0.2604401","-0.119169116","-0.18421274","-0.23089314","-0.27335674","0.080419496","-0.31990513","-0.16732919","0.012498546","-0.004334055","-0.34813577","-0.29539275","0.037903033","-0.21644804","0.4381769","-0.23763558","0.21178547","-0.049588867","-0.14150225","0.11816835","0.015540721","-0.025899943","-0.00077333575","-0.19108202","-0.3526785","0.008755614","0.14599857","0.21746436","-0.056712028"
"Gastric cancer","-0.561899","0.5438772","-0.8753536","2.3774483","1.4228747","-2.593315","2.2807934","1.0464562","1.3636738","1.3063744","-0.38258854","0.93741393","-0.44291222","1.7255853","1.1983584","-0.6009044","-0.8835194","0.58160865","-0.4055945","0.44329143","-0.83095986","-0.29270756","-0.41446024","0.5507884","-1.766023","-0.43223497","-0.72713524","-0.56339103","-0.71123606","0.87697107","-2.2073395","0.5604475","0.9704933","0.866249","0.20630741","0.15162693","-1.9869502","-0.02777768","-0.7261773","0.14631455","0.4769791","0.14845586","0.12576376","0.24006172","-1.0109499","0.15241924","1.6950752","1.147344","3.8125148","2.9776053","-0.8793604","-1.4356292","-4.808804","-1.392539","-3.4460673","2.2859702","-0.0896911","-0.6787045","0.7919202","-0.56530046","-0.39836803","-0.39975005","-0.053578246","1.4565258"
"Gastric carcinoma","-1.9022443","0.09197617","-0.19253182","0.10885722","0.012030612","0.08256416","-0.032476828","0.06664548","-0.042371657","-0.1310308","0.14246693","-0.0992453","-0.14253381","0.17531393","-0.23460989","-0.077127434","0.041301545","-0.23245597","0.2720378","-0.30112734","0.1428649","-0.03358219","0.25887632","0.09032961","0.121076494","-0.2041383","-0.06231248","-0.15088634","0.17098528","0.27787912","0.19111918","0.27562398","0.49537146","-0.08604499","0.07023857","-0.07332469","0.48091465","-0.020582525","0.20230179","0.17535156","-0.033433657","-0.5899744","-0.3747312","0.10821185","0.2745608","0.07325864","-0.5832924","-0.008726592","0.7175045","0.40072381","-0.26117295","-0.06261248","-0.93504983","-1.8405553","0.26114297","-0.56817526","-0.555966","1.4426705","2.354895","-1.4278319","0.739493","0.64419216","-3.059031","-2.8696408"
"Gastro-oesophageal reflux","1.0795197","0.08754419","-0.26414055","-0.056515597","-0.032194246","0.47376177","0.29741392","0.030634813","-0.2145752","-0.14568563","0.26935285","0.23410311","0.35233355","-0.4486814","-2.0303843","-4.705116","-1.7417344","-1.1904527","0.8056877","-1.0032064","-1.9655365","-0.7800257","1.0417588","-0.68949866","-0.2743093","-0.29442143","-0.024301304","-0.03147724","-0.39933774","0.32808748","0.004337722","0.018682456","0.15010083","-0.67596763","0.058812547","-0.27372864","0.21153335","0.5136387","0.2950881","0.25118533","-0.05927279","0.3160723","0.0531593","-0.12230936","-0.28841344","0.21133891","0.37284","-0.102086835","-0.30072492","-0.13960722","0.23718368","-0.12817709","0.16407828","0.054045875","-0.15002257","-0.042686947","-0.2138757","-0.14569345","0.0074204938","0.33662263","-0.083500154","-0.054798372","-0.1457361","-0.08203025"
"Gastroenteritis","0.50310236","1.0039233","-1.9858317","1.8253092","-0.12922406","-1.1191822","1.196826","-0.1709319","-0.5213041","-0.90211374","0.4398123","1.5802131","-0.24416366","0.1653643","-0.8456124","1.6555078","0.2878622","-1.0417826","1.282214","0.8025748","-2.4034665","0.775862","-0.1355849","-2.0330284","-1.0188574","0.7307981","2.0623434","-3.077459","0.7057896","0.696832","-1.4522064","-0.43860886","-0.5499117","-1.0559373","0.75415736","-0.95114243","-1.1973412","-1.570012","-0.12998201","0.38168404","-0.9456759","0.022886904","0.7779749","0.041352596","0.87011784","-0.46102452","-0.5770082","0.60470283","1.451833","1.8127168","0.0331279","0.45268247","-2.106487","-0.7719188","-0.6242225","-0.023392046","0.15088466","-0.35094073","-0.02533714","0.5911567","0.11077153","0.49711984","0.38159356","0.7511693"
"Gastrointestinal follicular lymphoma","0.6823768","0.42962894","-0.17451742","1.0114363","-1.5707248","2.5037024","1.9722153","1.8497177","0.45405945","0.49656132","-0.69866544","-0.4814215","-0.69114786","0.6423485","-0.32158288","0.25715148","0.6886544","-0.08974217","0.21012935","-0.32650816","0.41456154","-0.36343658","0.6451926","0.17652388","0.37356627","-0.16364744","-0.5119564","-0.1779461","0.43165454","-0.64001584","-0.04473688","0.61553365","0.79352725","-0.055448383","-0.1380843","0.5580319","0.08632214","0.36013412","0.30566356","-0.00091323693","0.16509424","-0.18362784","-0.06325073","-0.5427806","0.21320967","-0.64936787","-0.4059638","0.03344085","-0.8114155","-0.3848749","-0.17706026","-0.026052035","-0.9121337","-0.44901288","0.5025596","-0.9118505","0.27999005","-0.15151976","0.28651643","0.24113353","-0.068788014","0.36848456","0.2249651","-0.6794752"
"Generalized anxiety disorder","-1.6571363","-0.5924693","0.062284525","0.6302422","0.32107845","0.76634014","-0.39158544","0.8023292","-0.50913423","0.2732621","0.23376632","0.57918316","-0.45647058","0.38465786","-0.81964016","0.9181211","0.42936647","-0.55971014","-0.31852582","-0.50278765","-0.18568243","-0.26559997","1.3857938","-0.49487102","0.44896367","0.1553456","-0.27728495","0.601887","0.89803916","0.3745824","1.0194255","-0.46056056","0.48035398","-1.201848","-0.8870288","1.0541706","0.53507686","-0.9885947","0.1540422","-0.935768","-0.078534916","-0.63477486","-0.37211716","-0.4613959","1.3012149","-1.5042516","-1.2453622","0.72357565","-0.61963993","-1.4025532","-3.3014286","2.3585734","1.9375628","1.0673475","-1.3387871","-1.7348937","-3.4805007","-1.7434394","1.6551145","-0.09980159","-1.5436339","0.44434404","-1.4171767","0.7513403"
"Genitourinary lichen sclerosus","0.16433208","1.0863986","-2.1108465","1.7266034","0.30866575","-0.65986484","1.1804836","-0.85394126","-0.5935839","-0.48449486","0.2915765","1.2124968","0.02980345","-0.24239145","-0.3931688","0.84427005","-0.12705532","-0.2867042","-0.24869764","-0.2556673","-0.15271571","-1.0572543","0.49502078","-1.0688409","-0.07854219","2.595224","-0.3869509","1.7891623","1.4351057","0.34535503","-0.78888947","2.1923294","-1.2668489","-3.604619","1.3177469","-0.30452096","0.72147226","0.96398246","1.7555001","-0.39923006","-2.2050464","-0.90479386","-0.29447556","0.8808809","-2.3830588","0.95716256","-0.18222056","1.0411897","0.72504324","1.1405941","-0.50892717","0.5481053","-0.06908299","-1.5520296","0.40963346","0.13619123","-0.07624942","0.8047829","-0.0028861652","0.16611733","-0.6095303","0.41072264","-0.4525917","1.1684539"
"Gestational diabetes","-1.8757502","-0.011656056","0.07230567","-0.13836302","-0.08104047","0.04088809","0.09675592","0.24867369","0.10500648","-0.016627502","-0.02148442","-0.25603238","-0.15543173","0.28507537","-0.024106612","-0.093447156","-0.06393849","0.17346911","-0.006369239","0.056543577","-0.05737369","0.043104798","-0.090984516","-0.26471168","0.3437337","0.14834741","0.17239447","0.3340079","0.23797835","-0.48966607","-0.3438545","-0.10826545","-0.8268592","-0.0818929","-0.1259699","0.10751204","0.084125645","-0.024075871","-0.11553913","-0.31413373","-0.9418498","-0.09435471","0.19937727","0.05660766","1.5874012","-0.40153044","0.12091227","0.07248988","0.6224453","0.43473122","-0.07083981","-0.36991718","0.68533385","-0.7086845","-0.30659637","1.7561985","1.6671084","-2.1768136","-2.890743","-1.4948552","-1.7314948","-1.0923972","-2.0178032","3.1870942"
"Gestational diabetes + hyperlipidemia","0.19121602","-0.62408674","0.65273046","0.5956931","3.7806306","-4.8875284","-0.70347047","0.4958823","0.51881754","0.55301034","-0.30511144","-1.4022769","-0.7099753","1.7550516","-0.25882232","-0.20322871","-1.6609511","-1.9412694","-1.9569968","-0.9057816","0.5055318","0.24519886","-1.169571","-0.42130873","-2.1800451","0.82182467","0.8523835","0.8037838","-2.7905257","1.7807863","2.287965","-0.065138385","-0.75521797","1.0112708","0.24331681","-0.9185971","1.1948676","0.87704945","-0.2965188","-1.0137941","-0.44212884","-1.1886126","-0.75623703","0.47618005","2.0475087","0.011633918","-0.45801106","-1.7774602","-0.2476625","0.46257168","0.377885","-1.0712918","0.5360249","-0.36279783","-0.5073563","0.043157253","0.107428715","-0.5134874","0.089478046","0.27203813","-0.19029687","-0.16650544","-0.38517043","-0.5029083"
"Giardia intestinalis infection","0.8747116","-0.18819919","-0.5695398","-1.3815205","1.5145218","-2.1885686","-2.0165026","-2.3093958","-0.40105212","-0.59270555","0.6711839","0.7868645","0.49444193","-0.8027586","0.20424727","-0.60036665","-0.58494157","-0.028733112","-0.6657386","0.18672948","0.05391778","-0.24878252","-1.0275786","0.0010135139","-0.3837524","0.5071616","-0.14861214","-0.16157278","-0.41119128","-0.062197365","-0.014233062","-0.11307047","0.16291106","-0.66124797","-0.5268359","-0.4247274","-0.10370534","0.088523895","-0.067509905","-0.25368363","-0.1522738","-0.11062023","-0.09544914","-0.043100126","0.013264574","0.41140372","-0.36766675","-0.17664634","-0.1744293","0.5199119","0.25079986","-0.2742999","-0.24752669","0.021255143","-0.063912325","0.5779785","0.07925556","-0.07830526","0.66310483","0.042514697","0.14119834","0.2359497","0.15902232","0.77884007"
"Gingivitis","0.6695139","0.6947992","-0.92037433","-0.2720192","-3.3521035","5.1040297","0.5622198","0.61067295","-1.4567652","-1.3609855","-0.040643074","0.397","0.25828785","-0.9929803","0.01977382","0.65933675","1.5619552","0.0082132","-0.27022573","-0.93904805","-0.4203146","-0.18836856","0.7854037","0.69056326","0.33004782","-0.33690938","-0.32210678","-0.18195571","-0.20916231","0.019791441","0.23997965","-0.48393825","-0.6648812","0.15214819","1.2350223","0.23610285","0.074808255","-0.40719703","0.10846865","-0.06988809","-0.49251392","-0.6401877","0.11550826","0.45961344","0.06599988","0.101954855","0.56396824","-0.18943602","-0.050242905","0.029022709","0.3776433","0.6036783","-0.4348618","-0.13080832","0.2597932","0.5428848","-0.25230226","0.137022","-0.120170675","0.27665782","0.3803018","0.0118435165","0.25656974","0.31893486"
"Glycogen storage disease","-0.9885733","0.81444603","-1.5374731","1.8817517","1.1178821","-0.2583494","-1.5814482","2.097633","-1.5244107","-1.8575029","-0.26930565","-0.66268015","0.17311223","0.28781807","-0.13536489","0.43732485","0.10644205","-0.4144028","-1.5861535","-0.09845244","-1.2604315","1.3443017","0.25802898","0.94072473","-0.83325547","-0.8603245","2.99","1.2628306","1.3079206","-1.2649636","1.6730896","0.23545732","3.927042","-1.5603368","0.77209044","2.1613703","0.6789811","-1.0703799","-0.10149292","-2.3086033","-0.8473756","1.8222306","1.4555801","-1.0204473","-1.3517227","-1.3763622","2.7037492","-1.0289569","2.8599198","-1.7139899","1.8443074","1.7040673","1.9970286","-2.4622555","2.1397278","0.6043705","-0.3049635","-2.9073665","1.7296002","-0.55203944","-1.2201532","-0.17333269","0.6157236","-1.3380283"
"Graft-versus-host-disease","0.3241159","1.9562175","0.99558586","-0.7119288","1.6492368","0.6975501","-0.33801344","0.812546","-3.8899837","3.093183","-0.06594214","2.5008144","-0.23397104","-0.7301212","0.04099912","1.3542563","-1.3343464","0.061356522","2.38921","-2.409056","-0.46153212","-0.15526137","-1.2568544","1.1086512","-0.8357204","-0.4815499","-1.9744016","-0.85509545","0.054968733","-0.78839886","0.63221204","-0.28292808","-0.71075445","-0.95307326","-0.41160992","-0.107837","1.0471176","-0.24625115","0.30321035","-0.3754319","-0.08832277","0.52622825","0.93096197","-0.6879414","0.70005465","-1.7703654","1.2798903","0.05979798","0.77352923","2.00367","0.19766885","-0.23522411","-0.08588647","-0.07226673","0.38751414","-0.035105556","-0.2854375","0.9596046","-0.18421914","-0.6871827","-0.25673065","-0.014835352","-0.3859059","0.008097912"
"Granulomatosis with polyangiitis","-0.46761286","0.118108526","-0.18060982","-0.18087444","-0.0057956018","0.23947312","0.14811726","-0.16340613","0.2179028","-0.015976312","-0.07416003","0.18273611","-0.08459735","-0.123599775","0.13224111","0.22830237","-0.5249072","0.06843199","0.22827102","-0.23281722","-0.04259582","0.09679053","0.16140962","-0.060742218","-0.06602687","0.1521972","0.5604291","-0.05438852","-0.97232264","-0.652478","0.42413542","-0.75478536","-0.4233779","0.64222735","-0.07264034","0.10554708","-0.5118025","-1.3332379","5.473743","-3.9421582","2.249878","4.8764315","-4.1138554","0.14646913","1.709808","1.8067214","-1.0820389","-0.7687603","1.6962259","-0.9447464","0.91433394","-1.2024442","-0.8536423","1.3577912","0.53115237","1.6173812","0.8902982","0.17193301","-0.21932214","-0.20132525","-0.5783767","1.2605991","-0.4378725","-0.75982106"
"Granulomatous mastitis","1.0847327","0.16539113","-0.37708473","-0.21214426","0.028789194","0.17602424","0.08070762","-0.1933135","0.048698157","0.1539253","-0.037936226","0.020832116","-0.1212056","-0.17860474","-0.108462304","-0.16829391","0.05720761","0.07511056","-0.049272973","-0.16227241","0.09641513","-0.2027829","-0.200271","0.08953418","-0.03540376","0.070027165","0.16582227","-0.01028959","-0.09385067","-0.06660101","0.064358614","0.006042376","0.004037193","-0.070682995","-0.09993474","0.071748935","0.03566834","0.15679672","0.11477997","-0.043299776","-0.015437723","0.06057356","-0.09827409","-0.07120014","-0.18608831","-0.047985617","0.004033152","-0.07544845","-0.18947749","0.12383414","-0.0057078702","0.010587869","-0.0045887446","0.009260445","-0.063779525","0.0051572365","-0.15319936","-0.18704456","-0.026074033","0.13324486","-0.089053","0.047288965","-0.029728932","-0.06978105"
"Graves' disease","-0.65540457","-1.5705764","2.37331","-1.3779377","2.0514388","-0.40188748","-0.60472375","-2.0076323","-1.54474","-1.5663962","-2.287071","-2.4381564","0.19433515","0.26446274","0.31471142","0.09489665","-0.9588099","-1.3742594","-3.8314822","0.3637121","-2.2434452","0.5361105","-1.594855","0.4368068","-2.3848944","0.68200594","0.19486487","1.0623895","-3.2298985","-2.199351","0.45669913","-3.487991","1.285819","-0.6205992","1.8833557","-0.48023364","-1.1801046","1.3750192","0.962423","-0.08926872","-0.93838346","-1.0850514","-1.0538759","0.1005762","1.2248931","-0.58728284","-0.21053529","-0.38925725","0.29317334","2.1703594","0.45988303","0.13638026","-0.18881297","0.2797896","0.3615364","0.14891551","0.6141261","-0.09716485","-0.37068316","-0.258698","0.13752918","0.8921872","0.7427073","-0.040075507"
"Graves' orbitopathy","-0.56938356","-0.076878004","-0.3282241","0.8861043","0.7977797","0.2951144","-1.0047777","1.649485","-0.89369506","-1.2435974","-0.41397828","-0.31459072","0.85063344","-0.28943953","1.7991505","-1.0102019","1.0317394","2.4775991","0.8020564","-0.6942176","0.014373727","0.33136836","-0.671148","-2.5175202","-0.8144764","0.38639918","2.0454116","-0.008457575","-2.3162098","-1.0020485","-0.8819023","1.0795768","0.61516124","-1.5579562","-1.3506564","1.7390326","-0.36845934","0.92551154","0.7516241","-1.21282","0.8306089","0.55370855","2.7884483","0.4475278","0.023707947","-0.045313373","1.5764451","-1.7555212","-1.6912957","-2.365174","-0.18959388","-1.7426325","-0.07335939","-0.43828496","2.0501919","-1.3468169","-2.689463","0.8316894","3.0782053","-1.5332831","0.5466369","-0.94574225","0.6248633","1.8413732"
"Guillain-Barre syndrome","1.0846819","0.15462245","-0.3599457","-0.16414812","0.01036021","0.1525094","0.019045861","-0.14856371","-0.035635673","0.11630223","0.008696704","-0.042592876","-0.116990834","-0.17586637","-0.16171253","-0.12184764","0.019967798","-0.010066483","-0.0865578","-0.11282252","0.1333723","-0.19483443","-0.14856882","0.20635581","-0.028932571","0.088245295","0.17582232","0.052923173","0.012737727","-0.009362067","0.030118562","0.0813978","0.04752994","-0.03697621","0.06413238","-0.13188304","0.14948642","0.2685371","-0.02263589","0.006612014","0.15233283","0.045585487","-0.017874513","-0.075608544","-0.1612422","-0.1626019","0.061446052","0.07872794","-0.27889377","0.050944664","-0.17559433","-0.08152851","0.36458054","-0.18608633","0.049060855","-0.16254422","-0.0994199","0.023031784","-0.033719957","-0.0096309","-0.064799115","0.111397766","0.13936928","-0.068992324"
"Guttate psoriasis","1.0892373","0.19316049","-0.3654314","-0.25015768","0.038183074","0.26597157","0.2514359","-0.14451489","0.12802902","-0.0020088202","-0.14793916","0.18061796","-0.14263868","-0.30926704","-0.10597462","-0.065661386","-0.21957158","0.14947346","0.10360573","-0.033205826","0.19423918","0.013979965","0.13709888","0.058161527","-0.1868248","0.3270949","0.28513536","-0.110760875","-0.33264223","-0.5500637","0.46451044","-0.27305722","-0.28244594","0.14585508","0.028993662","-0.42470196","-0.05450369","-1.1915698","2.6364126","-2.0957377","1.4798408","3.143082","-2.4370484","0.6744549","0.44243672","1.364822","-0.76496357","-0.30549043","0.6472648","-0.42521086","0.3043747","-0.8166561","-0.12625651","0.42335045","0.27955064","0.09137709","0.19076999","0.2568209","-0.23333961","-0.4785653","-0.2824513","0.33849698","-0.055329632","0.37088704"
"H1N1 Influenza","-0.65781826","-0.4700234","0.37681746","1.7498811","0.5104684","1.6196187","-0.7613256","3.5067616","-2.0472145","-0.039836306","-3.0435627","1.8716543","-0.091139816","0.96581465","0.7995952","0.08791263","1.582838","-0.29289415","-0.05232072","-1.5559156","0.51403946","0.48421445","0.19996431","-2.212607","-0.334631","0.18632641","1.893509","0.57254326","0.1277874","-0.6037221","1.508804","2.2353241","0.48665965","-0.9391536","-1.6476569","-0.19225545","-2.1753786","3.571745","-0.9062318","0.26629505","0.59605825","2.1654007","-0.031715065","0.78362906","3.1124194","-0.098383255","3.2956507","-1.8281556","-0.8040952","-0.5941955","-0.70201","1.1620694","1.7187933","0.5737285","1.4413879","0.7462797","0.6309576","-1.1795841","2.3277106","-0.023162184","0.58517414","-0.48035648","0.74140483","-0.5351683"
"H7N9","-0.3516271","0.37650862","-0.7425567","-1.5606569","-1.1580875","-1.765481","0.2913459","0.7991315","-0.7433146","-0.32397127","-0.6978181","-0.25856316","0.21176106","-0.41216362","0.8260667","0.68857676","0.4235299","0.4524389","0.107341364","-0.3312469","-1.8108664","-1.2740304","3.016469","-0.5657498","-0.05858109","-0.5307967","-3.1882358","-1.2746466","2.2840521","-0.4614985","-3.6973224","3.0661347","2.697526","0.98749167","-3.1895676","3.420868","1.7968045","-1.876133","-1.4273973","0.70264924","-1.4105194","2.0690846","0.55613285","2.1443694","1.2960867","3.2277932","-0.09461741","-0.035279613","-1.800224","0.6360242","-0.14103302","0.25014716","2.9080298","-0.994149","0.613745","-0.34865427","-0.17153919","1.562471","-0.50937164","0.71850973","1.0492437","-0.14450733","-0.28152972","0.13080052"
"HBV cirrhosis","-0.20193931","-1.4172765","1.7222265","-1.1892326","-1.271621","0.32107213","-1.7684293","2.0377574","1.405533","0.59139276","3.6568222","0.89957815","-0.22196348","-0.5808346","-0.27985075","1.6610808","-0.2971677","-1.8395354","2.809277","4.7857046","-2.150616","3.1712284","-1.0809579","-3.5765023","-1.4495026","-1.4567128","-1.15633","0.24229549","-0.69841146","0.71145654","0.8429192","0.69682264","0.059590746","-0.50066155","0.23380232","0.915197","0.14867863","1.0643888","-1.0580767","0.46032694","1.4725605","-0.11430652","-1.0846555","-0.5149769","0.22312376","1.2806704","-0.24148113","0.010163788","-0.41563797","0.20909005","-0.5562106","-0.06307004","-0.93447506","-0.42567307","0.91775423","0.20082709","-0.112017706","-0.80947596","-1.8309119","-0.7518304","0.40866235","-0.25532082","0.49177572","0.69886655"
"HIV infection","-1.9788382","0.03059126","-0.05549287","-0.051939838","-0.030749256","0.020133298","0.030082962","-0.06261149","0.019476274","0.037255313","0.009982357","0.008244007","0.0146324625","-0.010576296","-0.026363919","-0.020012852","0.006100053","0.036581784","-0.035358943","-0.004142808","0.029096333","0.0050384942","-0.053586602","-0.010218293","-0.010017701","-0.011131876","0.00600012","0.012616686","0.0082674995","-0.008544382","0.0023334925","0.0052124728","-0.0008992769","0.04154867","0.03301966","-0.07785494","-0.11986628","0.14627475","0.03242568","0.2004945","-0.17023192","-0.12436547","-0.1939322","-0.1717128","-0.013556029","0.114464596","-0.003223844","-0.25905603","0.039690062","-0.4474308","0.12023266","-0.4732377","-0.050444745","-0.5408763","0.9658482","2.244368","-0.14809085","0.12795684","-0.8234723","-1.3070184","-0.1500079","-2.3969495","-0.32294464","0.023146164"
"HIV-infected pneumonia","0.31985706","0.24886157","-0.746012","-1.084645","1.5026127","0.7087062","1.4187268","0.2071184","-4.5360055","4.060966","2.8542645","-0.35897633","-0.40263408","-0.483863","0.65012616","0.84822476","-0.987982","0.48961428","0.7787758","-1.9778755","-1.4465699","0.38752058","-0.6553012","0.38144663","0.046910875","0.052629285","0.40171942","0.66403455","-0.13274996","-1.3279122","-0.34075955","-0.25167295","0.8494678","0.34580153","-0.8466519","0.10660375","-0.26577172","0.14604063","-0.3890543","0.09025632","0.091098756","-0.44904402","-0.5980405","0.3072572","0.9453037","-0.07889539","-1.0778337","0.17861721","-0.14816223","0.2893351","-0.29023883","0.20105709","-0.5157968","-0.36308226","0.7998232","-0.18970886","0.33102196","-0.606418","0.087012246","-0.25728416","0.2681481","0.79134333","-0.019618116","0.58617663"
"Halitosis","-1.7231288","0.03394374","-0.22231352","-0.3915508","0.013993786","-0.015257813","-0.35529554","-0.54073673","-0.24616893","-0.33244255","0.17974225","0.14413305","-0.103580624","0.11575078","0.19256565","-0.042635273","0.115655705","-0.09862575","0.09818873","-0.07297785","-0.27750194","-0.1454471","-0.20841315","0.068638444","-0.048484355","-0.15809767","-0.06677468","-0.3003664","-0.6585557","0.8146057","0.0854295","-0.055751838","0.21766827","0.8374603","0.61037785","1.1272849","-0.19293796","-0.032363538","0.05779681","0.976017","-0.51230174","1.2782739","0.14362186","-0.35974476","0.34854004","-0.4961725","0.21742721","1.0685967","-0.917322","-0.60271347","0.76276696","0.65335155","-1.7994127","-0.5159783","0.23382242","-0.1203341","5.1984987","-1.1788602","1.1796633","0.96541995","2.1420221","1.7836243","0.9746535","-0.42505953"
"Hand, foot and mouth disease","-0.22515911","1.0025877","-0.9065272","2.1139488","2.4187868","-0.988546","-2.3903046","3.7814224","1.1302067","0.2827687","0.30497926","-2.509052","0.65385425","-0.98548144","0.3052544","-1.108186","-0.4348097","2.8026435","-1.0788347","0.07278801","-1.7419913","0.11712525","-1.6560115","-0.35410166","4.233883","-0.67139643","-2.3981216","-0.774532","2.2868252","-0.72261745","-0.6012329","-0.31210107","-0.83226806","1.9140289","0.88152105","-0.9740081","-1.8449787","1.7251205","-0.0138295945","-1.579563","-0.62285703","-0.20337307","-1.8546691","1.4258019","-0.121009","-0.27646047","2.1529355","0.055133857","0.2973483","0.07416698","-0.14815405","-0.13721508","-0.9138651","-2.060119","-0.55779445","1.2603608","0.3153026","-0.82599616","-0.8246461","-0.019210564","-0.22523321","-0.5195399","0.652771","0.14767615"
"Hashimoto thyroiditis","0.33971903","0.068251565","-0.25294524","-0.024476504","-0.33936918","0.10211025","0.13105465","0.3058101","0.07600763","-0.118846826","0.51180553","-0.25324452","0.050758004","-0.30612522","-0.45737845","1.534165","-0.2893725","-1.9323225","0.5816987","1.2392204","-1.7062283","0.7804154","-0.96180177","-2.499966","-0.2540505","1.5686401","1.4969541","-2.9204392","1.1821434","-0.19888899","-1.3808272","-0.57378614","-0.89029217","-2.846668","-1.4325715","-1.2012272","1.6556059","0.13690491","1.6023332","0.26498312","-0.358224","-1.8299276","-0.7009924","0.21822076","-2.3116243","0.578065","-0.327833","-1.101526","0.61968094","1.240222","-0.08230606","1.1262872","-0.068675674","-0.056604493","-0.37115175","0.18615387","-0.13909552","1.0523328","0.22685832","0.39927018","-1.9339172","0.58192295","-1.2236081","0.14595641"
"Hashimoto's thyroiditis","-1.0458258","-1.0636125","2.0851357","0.092712745","-0.21877202","2.2310693","1.4039079","-0.41117004","0.71649694","0.54327095","0.41456237","-0.6724972","-0.5332539","0.35283396","-1.140936","2.1077037","-0.44054443","-3.6782653","-1.275633","-0.34773478","-0.31610227","-0.087990955","-0.034822904","-1.4674006","-0.18911994","1.4296589","-0.85850084","-1.2100025","-0.3634149","-0.07305547","-0.020296307","-0.527029","-0.8464867","-1.8879505","-1.2191887","-0.0200192","0.53313","-1.967654","0.1608087","0.81294215","0.34362352","-2.183139","0.62835443","1.0677199","-1.7257679","0.16599248","-2.972991","-1.9566547","1.2373743","-0.34066355","2.0721302","-2.3738935","-0.5331206","-2.561112","-1.4368026","2.898663","-0.60164857","0.3953306","0.30065835","-0.91653895","1.1321189","-0.24045524","-1.8901132","-0.7638433"
"Head and Neck Squamous Cell Cancer","0.880075","0.22488843","-0.49853292","0.21745254","-0.2956978","0.5703069","0.3941903","-0.3288003","-0.22206007","0.47335556","-0.30093658","0.73063093","0.3045955","-0.90493494","1.6589473","-0.052273497","-4.0750537","0.50903374","-2.097592","1.4433693","1.52805","-0.29862586","0.9508556","-1.2793999","0.07967875","-1.4123929","0.71193224","-1.0818152","-0.2383339","-0.0059961313","0.7028861","-0.43103653","-0.64848167","-0.34241462","0.27847403","0.5163681","-0.0074276486","0.11710802","-0.25157756","-0.30412608","-0.48450541","0.11886396","0.37696335","-0.1347079","0.18133032","-0.9739926","-0.22859932","-0.12206684","-1.1680025","-0.006937049","-0.60853887","0.03318799","0.12831828","0.11119694","-0.067909524","-0.050369717","-0.028706908","-0.121356115","-0.2534286","0.29394674","0.21686201","-0.4283698","-0.2008126","-0.0009129906"
"Head/Neck cancer","-0.84556097","-0.077997096","0.040913958","-0.21634395","-0.23308589","0.46026415","-0.06452379","-0.16793886","-0.5860246","1.1911212","-1.4751215","1.808513","0.06653395","-0.6580345","-0.8595104","-0.34178105","-0.24777338","-1.2765926","0.09295783","0.076521285","1.164377","0.28568703","-1.6121141","1.501728","-0.6559264","-0.2314526","1.024194","-1.2216071","1.8745091","-1.29636","3.0677102","0.00671936","0.22824119","-1.5397407","1.6153986","-0.026172847","-2.9072692","0.69552636","0.17072083","2.242898","0.31835407","2.5947735","1.0030594","-2.4549892","-4.0813246","0.42273042","-1.0357455","3.9110725","-0.9650277","0.2102412","-1.7257358","0.3773834","-0.94088775","0.98263663","2.4497085","2.5651596","2.2941182","1.1304274","-0.83991885","0.7638802","-0.94306314","-1.917251","0.7041285","0.20797998"
"Heart failure","-1.3721775","0.21078926","-0.3338686","0.9859855","1.0788224","-1.2033459","0.5232752","0.35576695","0.46376756","0.11340923","0.05738016","-0.41517052","-0.4246432","0.57133484","0.44269478","0.29686683","-0.014249211","0.32589632","1.2896972","1.0691917","-0.91628563","-1.3255272","2.307662","-0.97653055","0.8682119","0.66201055","-1.523402","1.2299551","1.0599293","0.047404032","2.6213167","-1.2885773","-0.003123322","1.310656","-0.8228285","1.6916016","-1.9482088","1.3698546","-2.3788977","-0.8045961","-0.30649263","1.5539138","0.96185666","0.43967798","0.16290994","-0.32854745","-0.2488051","-0.00047230846","-1.3190495","2.2714822","0.9181156","-2.2177386","1.6659635","2.1213214","-1.1051338","0.2165347","1.1139395","2.2968962","0.5015762","-0.93697244","-1.3825008","-1.5686085","0.11558388","3.856144"
"Helicobacter pylori infection","-1.8422928","0.036019675","0.00082185643","0.16773996","-0.35480922","0.13697553","-0.271465","-0.16462046","0.09450817","-0.33937007","-0.28621542","-0.10542173","0.032735582","0.08284026","0.17823282","-0.3577016","-0.1048534","0.00446212","-0.07567034","0.13936864","0.4620522","-0.21200694","-0.32512385","0.36843783","0.13136995","-0.01558573","-0.29385567","0.03602845","-0.02542665","0.17639445","0.033465605","-0.16273472","-0.34874025","0.5483527","0.26703975","0.09605372","0.2304501","0.79747605","0.038386106","-0.4544137","-0.59582514","-0.33033317","-0.6166176","-0.78543985","-1.1550657","2.2457755","0.017532356","0.6502904","-0.21984828","0.020871175","0.4250285","0.018636553","-0.1567256","-0.00758905","0.18080492","-1.7224447","-0.9814187","-0.8633987","0.7016678","-0.7875424","-0.66144115","-1.9316722","0.61363626","0.91624856"
"Henoch-Schönlein Purpura","-0.45551938","-0.5222832","-0.06719172","-0.7032601","2.2174032","-2.5670798","-1.7040792","-0.17202397","-0.68313754","-1.1872585","0.77819","-1.956252","-1.2437007","1.2348574","-0.052537758","-0.027445091","-2.038229","-0.5417919","3.0451293","-0.15123017","2.6993349","-0.93638504","1.4708331","-0.27639657","3.4602504","-1.3403618","0.5121742","-0.08246667","5.848362","-0.29574206","-1.690376","2.1459951","-2.7553518","-3.3954306","0.6717111","0.23896068","-2.2316668","-2.0204167","-0.6061465","-2.0107028","-0.7553983","0.034394916","-0.8072725","0.16675943","-2.6939812","1.2950705","0.67622113","0.84820926","-1.2891607","-0.7365883","0.7350877","-0.21700138","0.21434747","1.5810715","-0.518875","0.2058221","-0.09477477","-0.4908086","0.28867316","-0.54031026","0.3938959","-0.715716","2.0439173e-05","0.8759911"
"Hepatic encephalopathy","-1.486467","0.05669853","-0.18505016","0.6008435","0.64015","-0.3740804","-1.4036788","1.8327241","-0.23042624","-0.31303668","0.33282873","0.10941433","-0.55173594","1.2680116","0.41610992","-0.15567361","-0.7209182","-0.082187966","0.2943297","-0.47194663","0.76107246","-0.21182647","0.3013848","-0.047888458","0.22748472","0.04299131","-1.1387929","-0.072035365","1.1018146","-1.2105485","-0.011563961","-0.322041","0.34526327","0.71638316","1.5949799","-1.5475861","1.7106571","-2.0224373","0.061544377","1.3782885","-0.5157813","0.2367488","0.10987104","0.5529527","-0.41222802","4.0527606","-0.62206435","-0.85942525","-0.9324551","2.6976154","-1.3954277","-0.33023477","-0.9445637","-2.2691326","1.4094394","2.8051393","-3.2553601","-0.39701596","-1.0045353","-0.77584666","1.6680275","2.9498832","-1.166207","-2.933605"
"Hepatitis B","-1.7500293","-0.16648929","0.22994229","0.9072906","0.32170796","-0.0018437061","0.4609204","0.14873512","0.32982725","-0.24411848","0.2944598","0.20927277","-0.34651694","0.60795236","-0.004689099","0.062149685","-0.17096905","0.2617192","-0.15959115","0.9493814","0.040068954","0.007591945","0.3060272","-0.081079945","0.47043258","-0.15402167","-0.33854258","0.046247765","-1.4457496","0.22722152","0.20079254","-0.38660872","0.47376025","-0.83909255","0.47339833","0.82296526","1.3440164","-0.06922597","-0.16823086","-1.2913057","-1.8361422","-0.6331046","1.1205429","1.4465159","2.0624273","-0.092792846","0.34574315","-0.8020369","1.5585378","-1.3310115","1.6126655","0.15251717","-2.073936","1.5904114","4.603282","-2.5814734","-0.9215869","-0.16286303","0.5539861","-0.6608564","2.3330414","-1.0593278","-1.8828499","2.1486025"
"Hepatitis B associated liver failure","-0.57760453","0.35690632","-0.54941046","-0.07987412","0.28510076","0.36985382","0.3350504","-1.1031866","0.028011376","-0.38207787","-2.5963125","-1.9567498","-0.34098977","0.17767228","-0.7726109","-1.7400969","1.8781058","0.07824841","-1.2703495","1.6812317","1.0584327","-0.19623809","0.6806061","0.013012214","0.14227812","0.590709","-0.18220015","-2.3842926","-0.029383622","0.008954452","-0.053182717","0.9501232","-0.11539264","0.17869172","-0.29319128","-2.2607868","0.099067494","-0.11403273","0.45489943","-1.986429","-2.7790053","-0.16346832","2.4193602","0.96008974","-1.0858365","-0.7218201","-1.8246756","-0.24749991","0.1059303","-0.33818278","-0.36327407","-0.06580247","0.9045198","0.65834624","-0.9905777","-0.41101658","-0.6371713","0.50618446","0.18125983","0.8105263","-0.31810826","0.86640906","-0.002831005","-0.56251824"
"Hepatitis C","-1.4892876","0.1420317","-0.3533782","0.8737009","1.2241573","-1.4231006","0.15576732","-0.0075952914","0.27394357","0.18850064","-0.03392135","0.234755","0.0005154303","0.55825055","0.67626655","-0.25182515","-0.36765933","0.50931954","-0.55757195","0.30761054","-1.2134209","0.025848504","-0.73004156","0.35711595","-0.9919079","0.40863964","-0.92601913","0.18554454","-2.1908414","0.37268525","-1.0408552","-1.1936849","-1.918976","-0.61107475","-0.21854335","-0.7670937","1.3419015","0.53620315","1.0796341","0.70443684","-0.13075978","-0.46408424","0.17652908","-1.5555826","0.3951242","-1.4424807","1.9776905","1.2005178","2.710382","2.0129983","-0.119897574","-2.6908486","-1.9120845","-0.6093458","-1.0955966","1.9072928","-1.1891334","1.9644717","-1.1985866","1.3985391","-1.3934686","-1.2616102","-0.5430891","0.47815856"
"Hepatocellular cancer","-1.9520465","0.044399112","-0.012674315","-0.14476421","-0.13232437","-0.06046842","0.06523564","-0.14473668","0.02395013","0.014260522","0.057813503","-0.021731835","-0.015083144","0.022908395","0.03781487","0.02375122","-0.082228094","-0.002984209","0.12119231","-0.045152977","0.060888547","-0.025780683","-0.02853316","-0.053762335","0.03309743","-0.05121424","0.0024482415","-0.07431604","0.07529201","0.030053217","-0.041211106","0.14146233","0.13133982","0.033945814","0.0063686664","-0.053825133","0.07164229","0.15639383","0.053598013","0.15303831","-0.065681405","-0.038819425","-0.114737175","0.6414446","-0.25870788","-0.2120232","-0.72279227","0.28080982","0.38395026","0.3041021","-0.0026170544","0.26028374","0.7922748","-1.5354483","-0.77905077","2.020751","-0.6203476","0.9472868","-0.06870081","0.49444866","-0.49684334","-0.54969686","0.066379465","0.4744272"
"Hepatocellular carcinoma","-0.082985245","-1.3381562","1.416987","-0.2808306","-1.386955","-4.048485","3.3057075","1.8266319","0.40908033","-0.5789343","2.4266334","0.38205978","1.3916852","-1.4370438","-0.4523344","-0.35414279","0.2664513","1.9988197","-0.69043297","0.15209351","0.9699059","-0.7005505","-0.96801656","-0.37986255","-1.3399805","0.9177236","-1.7638528","-0.2125833","0.72272617","-0.44446293","1.5607253","-1.5491941","2.4127553","-1.0047891","1.8697909","1.0396785","-1.4860538","-0.5087239","0.65765536","1.9852823","-0.187698","-0.85424775","-0.62302476","1.3622388","-0.64134926","1.5180434","-0.27659786","-1.3594799","-1.1223382","-2.6871867","0.20716639","-0.36265552","0.722003","-0.641304","0.3825437","-1.0872116","0.5645039","-0.5656134","0.2646127","0.9032589","0.52504385","-0.17207463","0.24082915","-0.403287"
"Hidradenitis suppurativa","-0.2440101","0.027727354","-0.26485488","-0.5662978","0.35095176","-0.165127","-0.2753265","-0.20044817","0.44057968","0.0006075482","0.46990776","-0.63596225","-0.19486572","0.24178064","-1.5755272","0.22437179","2.4709368","-1.3338144","1.7366713","-1.3987986","-1.015226","-0.5058835","-1.8738502","1.5314068","-0.40269202","0.46442983","-1.1317573","-0.3322986","-0.9413977","2.8683066","-1.0693324","-1.447587","-0.37814495","2.5509415","-2.2613666","6.115038","-0.7379595","1.1661168","3.286143","-1.678582","-2.6092126","0.96650285","-0.89297533","0.704337","-3.9942296","-2.4173722","-1.0644866","1.2506868","1.594189","-2.2120879","0.75115037","0.34298012","-0.51970285","0.74081767","0.33708417","-0.6154186","0.9631495","-1.2385218","-0.09980727","1.2189645","0.17465185","0.43982223","0.97899884","0.3871875"
"Hirschsprung disease","0.877567","0.06490286","-0.39589003","-0.19808508","-0.06216686","0.16677001","-0.1012889","-0.050792694","0.19759318","0.18258914","0.20113686","0.06556033","-0.17416586","-0.20714551","-0.29935497","-0.29884163","0.14597307","-0.019188736","0.21828784","0.49851066","0.16251382","0.04732223","-0.10005114","-0.05492621","-0.16951138","-0.26565772","0.105913796","-0.05134215","-0.2671909","-0.13671535","0.332273","-0.10724071","-0.11606134","-0.12212921","-0.23328868","0.07232861","-0.19048023","0.12818459","-0.09410727","-0.21999785","0.18921562","0.45734888","-0.42007402","0.24952404","0.30603915","0.416248","-0.40630895","-0.13189986","-0.38085532","0.23265144","-0.2701541","-0.3552037","-0.5031206","-0.01041221","0.14129773","-0.32445833","-0.39151594","-0.26832357","-0.8361841","-0.51828885","-0.31779736","0.31121105","0.49276942","0.2580279"
"Hirschsprung's disease","-0.23277663","-0.4552085","-0.05740512","-0.516782","1.7272996","-1.5018983","-2.583377","-0.3920917","-1.416907","0.91790646","-2.3276176","4.053118","-0.35929242","0.76341176","-0.16958722","-0.74446636","0.17197345","0.28134686","-1.4189789","0.5212757","-2.449369","0.14215666","-0.8936806","1.0948226","-0.86505157","0.0057964684","-1.3734782","-1.5606568","-1.1755711","0.19446842","-1.1845702","3.3122578","-1.4498076","4.6327033","1.8852059","1.247752","-1.0210027","-1.6380583","-2.4382312","-1.654187","0.87520206","-1.8791523","-1.6783049","0.8561829","2.9810786","-1.1618894","0.083604716","-1.3799223","-1.4923421","-1.326905","-0.15547667","-1.5356212","0.07805199","-0.06485823","-1.7653263","0.7255427","0.5917222","0.85407263","-0.4215031","0.68018466","-0.9764685","-1.32479","0.6973136","-0.59985673"
"Hirschsprung-associated enterocolitis","0.3475576","-3.8215597","-2.117543","2.0998118","-2.9465647","-0.6670401","-1.6023296","-1.6891563","-0.5770592","2.447139","-0.2503081","-2.207612","-0.8938654","-0.2974729","-0.34750584","-0.29837838","0.2286273","-0.42509952","0.40119874","0.5022961","-0.54649955","1.866029","-1.0341588","-1.507178","-1.0903007","-2.408809","-1.4404484","2.442138","0.2981695","-0.37343","0.44290057","0.5116811","-0.13152875","0.23884903","-0.18280463","-0.7037655","-0.17944728","-0.60523635","0.1845285","0.46678236","-0.15373144","0.032643255","0.19261742","-0.19585735","0.6227996","0.70734215","0.09657383","-0.21867543","0.29097885","-0.3584992","-0.45891225","-0.19560708","-0.22761928","-0.01725249","-0.031571656","0.21098138","0.19986698","0.34103128","-0.00040636907","-0.2544042","-0.6056189","0.42133924","0.0020061866","0.23096275"
"Hirschsprungs associated enterocolitis","0.90022206","0.11753589","0.5326205","1.9305296","-2.619401","-0.79252064","-1.7946731","-1.7854801","-1.2217141","2.1046646","0.24347894","-1.6297368","-0.89850116","-0.19146447","0.047736224","-0.5604988","0.6315679","-0.31157047","0.7057151","0.69960475","-0.003039392","2.1128988","-0.95521474","-2.2647367","-1.6463412","-2.7765772","-2.0438745","2.5914958","0.28251302","-0.31494486","0.1657688","0.6845999","-0.26381025","0.22555065","0.1899306","-0.43648702","-0.22085874","-0.21563467","0.46195427","-0.23807117","-0.27194604","0.13148475","0.21562184","-0.056856815","-0.3079708","-0.061833326","-0.1966043","-0.015734581","0.35305732","-0.2202003","0.030787354","0.14662501","-0.029027304","0.13724011","-0.13429813","-0.19795994","0.18593311","0.22848046","-0.021589732","0.23941322","-0.26763207","-0.079215","-0.082548715","0.06758096"
"Hirschsprungs disease","1.0957469","2.7049987","1.6725144","0.08497685","-0.5147761","-0.21221142","-0.6033485","-0.437702","1.9204444","-2.1258888","-1.1655422","0.9079239","0.113398254","-0.20851476","-0.043924026","0.1342168","-0.5434887","0.076433174","0.5228929","-0.6463087","0.23546167","-0.5153552","-0.44285417","0.05193589","-0.628225","-0.17760757","0.061078932","0.25481698","0.11034406","-0.021373862","0.19812442","0.32430252","-0.15052591","-0.12892106","-0.040908612","-0.15005773","0.116454504","0.32788506","-0.045560375","0.020184785","0.12519346","-0.10848921","0.051689472","-0.15531756","-0.47869617","-0.15847604","-0.049220216","-0.14502609","-0.35905766","-0.0811449","0.20846823","0.03758698","0.20247631","-0.03983609","-0.19822262","-0.13965483","-0.025758645","-0.058916714","-0.021904357","-0.05574953","-0.19328544","0.1731982","0.09383268","0.051968794"
"Human end-stage renal disease","-1.1097713","-0.79579055","0.6311373","0.12110466","0.016867576","-0.26222223","0.69276375","-0.3996419","-0.80649024","-1.5128106","0.15340315","-0.69931656","0.1734632","-0.7925231","-1.3092545","0.8800447","0.60346806","-1.6236777","1.158188","3.6411622","1.6417466","-1.2992549","3.999954","1.4912752","-1.3155367","0.9894212","-0.9061797","0.93070346","2.3310542","1.0642763","0.08986517","-0.3670104","-0.25950006","-2.2450788","-0.35062242","0.23550417","0.51527905","2.8758378","-0.50846845","-0.14280146","-0.33623362","-1.1331738","-2.1416783","-1.3357233","1.1602039","-0.80710876","-0.6730492","0.14367348","2.116037","0.40919852","-1.8274003","1.1074338","2.4732354","3.9229364","-0.8122117","-0.48428816","0.98030037","0.26173884","-0.24718872","0.5850549","-1.3033538","1.3550488","-0.9216372","0.38103783"
"Human papilloma virus infection","-0.92034996","0.06419224","-0.16579416","-0.21609026","0.050353553","-0.06430723","-0.043234795","-0.11498033","0.09596811","0.11366926","-0.0308243","0.3487381","-0.10730788","-0.033796087","-0.10670781","-0.63114935","0.24722984","0.04524231","-0.08707373","0.064544454","0.4065396","0.36727032","-0.22271629","0.371337","-0.22901998","-0.3326611","0.2226905","-0.45464766","-1.1188893","0.43532065","1.2254465","-0.43577448","0.8755398","3.1044075","2.0809126","0.24125029","-0.10921943","-0.8260259","-0.52562857","0.5156635","2.773717","-0.21258433","1.4050289","-0.42250934","3.3845327","-2.6742811","0.48759285","0.94419646","-0.68251425","-2.0138679","5.296717","0.8149625","-1.4293742","4.6856275","-0.57615614","0.26992902","-4.081513","0.26644358","-0.6335976","0.47350293","1.8486036","2.1553178","2.1376941","-1.3826163"
"Huntington's Disease","-0.4584031","0.2359103","-0.26388213","0.34909588","-0.38777202","0.10197084","0.5263946","0.48396984","0.12629369","0.33196312","-0.07593073","0.3778363","0.45200506","0.047026448","1.3775599","0.650873","-0.3137619","-1.0527633","-0.41127166","1.3474009","-3.053109","0.63294244","-0.9021738","-0.48246312","-1.8338953","0.6467918","-0.3629056","-4.363516","0.38724658","1.627586","-2.0994976","1.3393631","0.819853","0.63084155","0.069136105","-1.356705","0.15198551","0.33119392","-0.8282455","-0.21258302","0.21844076","-1.3254323","-0.4846693","-1.7820615","0.100082174","2.6344864","-1.8470173","1.5559366","1.0319196","0.8627401","1.3868089","-1.6928256","0.7259444","1.9205294","0.7846244","0.17284065","-0.41229725","-0.36575025","0.40073854","0.9635303","-0.83268654","0.7068487","-0.9989796","-0.89631367"
"Hutchinson-Gilford progeria syndrome","0.87498623","0.15641639","-0.35827616","-0.20194401","0.024393046","0.16605197","0.07629763","-0.1848049","0.04210922","0.15153155","-0.03615463","0.021295974","-0.115872376","-0.16718133","-0.10769781","-0.1622165","0.060270302","0.0714364","-0.055498257","-0.14774765","0.09209836","-0.19498229","-0.18502067","0.08084486","-0.027326165","0.07914917","0.1547377","-0.0030213778","-0.06833757","-0.064475805","0.06268674","0.026256893","0.016286576","-0.08842483","-0.05217403","-0.0034620361","0.061799858","0.17671852","0.047023162","-0.013104976","0.007237145","-0.0051562106","-0.04523854","-0.05649542","-0.17721738","-0.06564965","0.031493895","-0.017843837","-0.24145178","0.15762952","-0.009123995","0.039200906","0.048258863","-0.0391118","-0.02155262","-0.0042805457","-0.14895491","-0.08206188","-0.07746437","0.020917185","-0.04949893","0.03602324","0.043230824","-0.06128443"
"Hyper IgE syndrome","0.510909","0.61883706","-0.27415618","1.78058","-1.607403","2.837487","2.796468","2.1413412","0.17903095","1.5130677","-1.1366664","0.7395176","0.5369382","0.09189637","3.1623783","0.13825838","-3.6096103","0.18254422","-2.7138648","1.7884449","0.9451737","-0.5353614","1.1561569","-0.101170845","-0.9616997","-1.5411286","-1.3024185","-1.1077638","-0.65688914","1.9326755","-0.5721864","-1.0631624","-0.06717321","0.72968554","-0.4049586","-0.80794096","1.5504411","1.4899559","-0.8162273","0.50971115","0.30634665","0.46281815","0.6289034","-2.0082822","-1.2756418","1.8654603","0.61107385","0.46661988","1.3518258","-1.4249783","0.673748","0.5582909","0.26643515","0.31204376","-0.41375205","-0.8064927","-0.20804831","0.19780141","0.14821705","-0.6187038","-0.11162399","-0.28123185","1.0780699","-0.18852367"
"Hyperglycemia","0.028896857","0.124161586","-0.3238912","-0.2293018","0.04673928","0.20792909","0.026829643","-0.120396666","-0.06702158","0.20595226","0.17323603","-0.075231776","0.025570674","-0.045514982","-0.104152285","-0.3028323","0.41983798","0.024455015","-0.14279665","-0.30898404","-0.00833877","-0.3013827","-0.21178153","0.26036382","-0.021051932","0.24267389","0.081744574","0.0037192544","-0.33820426","0.08704157","0.16856652","-0.10591997","-0.30656955","0.1495689","0.65188634","-0.39072448","2.010591","0.49344042","-1.2311943","0.08149156","-1.4674392","0.08403227","-1.5913018","-1.0787238","-0.51441264","0.45538166","-0.032035105","-1.7873552","-1.1689348","0.30071375","-0.5612891","0.37179822","-2.8760476","-0.79686064","-0.81079745","-3.1923769","2.1084015","0.5858365","2.7334769","-4.090424","-1.180179","0.48298","-1.9735136","0.9831329"
"Hyperlipidemia","0.51424193","-0.28569898","0.45559624","2.17552","2.29932","2.0420537","-1.5204531","-0.18112771","-0.25597146","-0.9945198","1.7266793","-1.1046617","-0.13193586","-1.2238339","-1.4809922","1.2001407","-1.7166874","0.16172338","2.7567987","4.1041675","0.15673368","0.18384866","1.3576008","4.2800097","0.42598718","-0.24694453","0.8976547","0.8591969","-0.6484535","0.95515853","1.0208257","2.7940633","0.6272447","1.5019759","-0.7147587","-1.4782344","-1.271758","-0.005098135","1.24188","0.95810694","-1.0021687","-1.0674713","0.07056359","0.24565326","-0.47895434","0.84543633","1.2198509","0.64350283","-0.3454344","0.4770521","-0.27817583","-0.11825239","-0.5332956","0.20805381","0.4524557","-0.008327347","-0.55747366","0.07336535","0.2694617","-0.056597643","-0.6253168","-0.40970322","0.050920326","0.25843495"
"Hypertension","-1.7364545","-0.07142411","-0.058405757","0.3743128","0.19069214","-0.31856206","0.08405216","0.27920365","-0.64255565","-0.46615312","-0.14518261","0.046998527","0.5194066","-0.8029755","-0.49461287","0.557849","0.373239","0.28650814","-0.17570256","-0.4912896","0.09518198","-0.37432623","0.9990851","-0.39365244","-0.8006345","-0.17821534","0.2755323","0.32331225","0.29254583","1.8009312","0.24668926","-0.23187439","0.9047836","1.0226065","-0.48135552","0.091459945","0.97449005","0.16733138","-0.15527627","-1.5854837","-0.5594108","-0.070682034","0.24699575","0.7160263","-0.015855696","-1.1820254","1.6729583","-1.1458358","1.5152936","-0.26036632","0.7575355","0.9879696","0.9902045","1.886241","0.45734024","-0.29625523","-1.4819063","3.1523347","0.049149875","-0.54376805","-3.8848414","-1.5347589","2.4731371","1.1965165"
"Hypopharyngeal cancer","-1.3348747","0.077572025","-0.17707862","-0.09271392","0.002246935","0.033696536","-0.021983173","-0.030220836","0.013285879","0.067318894","0.06362893","0.03440399","-0.08586014","0.08201615","-0.06440699","-0.1764228","-0.24661595","0.03715723","-0.05583887","-0.14061885","0.28595188","-0.0690418","-0.15513428","-0.07225027","-0.37708098","0.18760565","0.30586064","0.028019419","-0.17653532","0.11199571","-0.51366574","-0.61470646","-0.42476067","0.4090367","0.30973542","2.1155083","-1.9079778","0.4598503","4.4160056","-4.2447934","7.6859875","-4.979496","9.58965","4.245904","1.6349399","5.5150356","2.4793127","5.2284074","-0.08727585","1.4546777","-0.46869883","1.7661315","1.922503","-0.20152809","-3.0901308","-0.8096082","4.451084","-1.3608938","-0.16975771","-0.9365857","-0.20874469","1.1123803","-1.4518197","-1.5257546"
"Idiopathic Pulmonary Fibrosis","-0.6558974","-0.105459034","0.7756979","0.65480465","1.779871","-1.7496283","0.6329013","0.45742828","1.6227973","1.6040308","0.0155293","-1.6193075","-1.8895503","2.252265","-0.9225087","0.47652215","-0.7607958","2.256031","-1.2311325","-0.8874071","-2.512559","-0.4152362","0.96937007","0.13982522","0.3443312","-0.96118164","-0.05763041","0.36265865","2.6177752","5.1059585","4.609379","-1.9905075","-1.9919848","-1.1329195","1.1193215","-1.079423","-0.50863385","0.82663244","-0.54091835","-1.0157741","-0.7118263","1.8418096","0.9897414","-1.132927","1.6886468","0.016796865","-0.8218746","2.4195993","-1.4198047","0.030216848","-0.61435246","-2.2431154","0.46310475","0.75211746","0.08211323","1.133612","0.5990879","-1.8128568","-0.22891617","-1.0682601","0.6676409","-0.44854093","1.9614058","-0.21820989"
"Idiopathic REM Sleep Behavior Disorder","-0.6684667","0.21810046","-0.16667427","0.61504424","-0.8190947","1.3934585","1.3805591","1.3257304","0.48716262","0.41288686","-0.14164203","-0.34020713","-0.33558923","0.09636831","-0.4706851","0.29151672","0.4756548","-0.011868908","0.3685177","-0.29923722","0.41979232","0.25220683","0.36498162","0.8001921","-0.24888282","-0.24601533","-0.6775049","0.10772525","0.51360047","-0.898418","0.82708466","-0.791688","-0.20493497","-0.76662004","0.9661151","0.30092436","1.1571317","0.48959687","0.1449122","-0.936086","1.0518477","-1.2958448","-1.0287813","1.5185267","1.6401519","-4.7569046","1.295307","2.6388965","-1.2446991","-1.6161705","2.693455","-0.55651665","-1.6013404","2.6277437","1.4415035","1.7069093","-0.3357618","-0.70966804","2.461618","1.0433269","-1.0340251","0.65624344","-3.1848192","-0.0399202"
"Idiopathic central precocious puberty","-0.842477","0.23061933","-0.3557154","0.028731532","-0.2492745","0.104387715","0.48253936","0.04310794","0.28449035","0.56049937","-0.26280388","0.17883177","0.5570265","-0.09667463","2.077736","-0.84330964","-0.073905006","-1.0326321","-0.41299936","-0.17020324","-0.050176334","-0.50558543","-0.8620035","1.5287231","-1.2589548","-0.1075516","-2.5431051","-2.2231545","-1.1378502","0.9280515","-2.7164516","2.3775547","-0.85711116","0.7100834","-0.04255642","-1.8912495","-1.3673522","1.4719412","0.065882154","1.4731275","-0.69575137","-0.9554102","-1.1069286","1.4713253","2.3278356","2.73552","-2.0080767","1.1366206","-0.14191638","0.40112275","0.27685976","-0.1887992","0.56307954","2.4408479","2.9738908","-0.6171441","-0.42966518","-1.335132","-2.1218672","-0.30223882","0.36453226","0.6447666","-1.672703","0.15470903"
"Idiopathic focal epilepsy","-0.64966726","-1.5306784","1.7566869","2.135844","2.3339489","1.340977","-0.45701805","0.11852573","-1.2733963","-2.3657916","0.3059743","-1.2750912","-0.092673615","0.9948639","1.3414705","0.42504644","1.5226561","2.625393","-1.5143894","-1.7821333","-2.2927606","0.45540696","1.0185001","-1.4657795","-3.632976","-0.12033961","2.6271803","-0.31873196","-3.4286416","0.446498","3.0776381","-1.0519397","-1.9963019","-2.0345483","0.81341624","1.3325801","1.2402927","-0.17629786","0.8465408","1.5678446","-2.2037008","0.3002794","1.311525","-0.058224306","0.37957868","0.45628753","-0.887255","2.0618896","-1.4549453","-1.4694763","1.4557348","-2.7798157","1.2175986","-0.39444485","-1.0762529","1.486741","0.0022257904","1.7203432","-0.43541095","-0.40265906","-1.3571584","0.20610349","0.11416545","0.49244112"
"Idiopathic infertility","-0.10729712","0.031538382","-0.12315307","0.059378386","1.0384645","-0.9517375","0.51935035","0.093561314","0.54740936","0.73877394","-0.2397672","-0.3063937","-1.6619146","2.8289435","0.68557453","-0.79936063","-1.6430249","-0.43313536","0.72589684","0.5766289","1.1668873","-0.5220608","-0.288676","-0.08957471","-0.19650409","-0.11348809","0.1213459","-0.6236621","0.6100711","-0.4051283","0.84682584","-0.62989503","-0.023755506","0.54400927","-2.0352566","-0.4315835","0.535074","0.7562633","-1.457018","-0.3873142","1.2468796","0.028313523","-0.48569193","-3.0926342","-0.1676278","1.6254456","0.46644932","2.3868716","1.404783","-3.932856","1.7802659","4.61403","0.083718166","-4.303097","0.8223169","-1.2459505","-2.054866","4.948972","-0.24996826","-0.85541385","-0.37529364","0.16663219","0.5642813","0.3480893"
"Idiopathic nephrotic syndrome","0.32381994","0.057505928","-0.34021574","-0.050619673","0.29021686","0.11902621","-0.0057913023","-0.5481308","0.1598727","0.33360583","-0.48248702","0.040105954","0.035171956","-0.057646576","0.25499833","-0.7473057","0.5869506","0.08237484","-1.7951813","-2.2193534","0.43502873","-0.2991125","-0.36087522","-0.86157537","-0.5960822","-0.6914239","1.0744386","-0.12033663","1.1963677","-1.3090271","-2.32101","-1.8520215","0.5092638","0.29829517","0.100877024","-0.8392977","-0.7442054","-0.75384927","1.8028578","0.1899349","0.275059","-1.5506941","-1.8262376","-1.1135631","-0.89501476","-1.9032184","1.2972558","1.5561476","0.17315881","0.32148734","0.3269622","-0.94173","-0.6601787","0.51025796","-0.73967266","-0.48126268","-0.11838588","0.5962272","-0.41856435","0.08057313","2.5587416","1.1799083","-0.26354644","0.21061693"
"IgE-mediated atopic diseases","1.0867828","0.059201278","-0.3622382","-0.17274895","-0.030197857","0.077780694","0.3922683","-0.2991526","0.21720006","-0.033125605","0.04265804","-0.20560601","-0.3729841","0.24751146","-0.13568945","-0.53013104","0.14791557","0.7472774","-0.60890275","0.44490734","-0.056500454","-0.3155326","-0.22763282","-0.54112005","-0.031068234","0.50273913","1.0066825","0.56527805","0.4113744","-0.133033","0.20755172","-0.38606086","1.6032593","0.3241867","0.8587944","0.5524837","-1.5252035","0.07809965","-0.15235795","1.5879503","0.3768146","-1.246999","-1.3592765","1.4703882","-1.1743029","1.8065728","-1.5980817","-0.806922","-1.2597787","-2.1678445","0.117111","0.10890932","0.22638558","-0.13447364","-0.33526632","-0.45112482","0.50072956","-1.0817869","0.35392812","0.7565477","0.45482844","0.14324996","0.1698577","0.20271678"
"Ileal Crohn's disease(CD)","-0.10826662","0.4598038","-0.24454421","0.66011924","-1.5625365","1.7042258","2.6356416","1.0045102","1.0810293","-0.46836504","1.2649974","-2.2028618","-0.4151684","0.695968","0.26458088","-0.12489945","0.5786496","0.053776134","-0.74143744","-0.81200874","-0.1383654","-0.10182251","1.1661018","0.38146508","0.46837252","0.076120526","1.4617251","0.48202658","0.28431657","-1.4487941","-0.4375384","0.65263176","0.21259739","2.7126527","-0.6955476","-4.0639977","0.62652063","-0.008859194","-0.9701569","-2.2401404","-0.9606465","0.3948854","2.774772","1.3712454","-0.5270397","-2.8712041","-0.60057676","0.31588352","0.032665502","-0.8540203","-1.8415942","-2.6736946","3.0755355","-0.13834046","0.5135171","-2.5997107","1.8129851","1.9808029","-1.4513406","-0.7311359","0.94752896","0.66308534","0.84778965","0.45036948"
"Inactive Crohn's Disease","0.18801352","-0.08673186","-0.20153244","0.97672355","1.0494139","0.4052565","-1.548976","2.1693778","-1.3930751","-2.2777584","1.0484982","-1.7541369","0.16077459","-0.6442178","-1.1799384","0.4653185","-1.5443952","2.9050114","1.9810447","3.2880712","-0.53389907","0.35364854","-0.07390338","1.8068963","1.6748065","0.28042826","-1.0832751","1.2022228","-1.6637378","0.44872415","-1.6397151","0.49744883","-0.567013","0.031457633","0.77186394","-0.5924833","-0.026400045","1.9279461","-0.5241808","-0.39329463","0.20002696","0.09808086","0.38851485","0.53263205","-0.51840806","0.0129096145","-1.231239","0.18571027","-0.33348778","-0.03037148","1.0110116","-1.1331191","-1.2572043","-0.6688955","-0.14402752","0.270002","-0.14054115","0.6301597","-0.99034995","0.32460433","0.3336651","0.13983634","-0.44865286","-0.28158098"
"Infant colic","0.7046451","-1.4393774","1.4832257","0.54366034","-0.22933088","0.110973515","3.0579515","-1.0257381","-1.257701","-1.0755965","-0.59462386","1.1755439","0.94493735","-0.11671585","1.5996155","-0.059270084","0.18549974","0.48804164","-0.7495352","0.61897856","-0.5646818","-0.3804953","-0.82897377","0.85765374","-1.3564562","0.18274193","-1.8686793","-0.28291467","-0.7305401","2.1264853","-1.4690691","-0.26550883","0.011712912","0.8417259","-0.15763307","-1.0589951","0.3766869","1.1041541","-0.17082478","0.9829354","0.5143485","0.73418146","0.46965688","-0.66011775","-1.4583471","1.4217343","0.73746616","0.23542096","1.2722393","0.6362594","1.3913722","-1.7377703","0.017012656","1.3259294","-0.30140787","-0.15720661","-0.34605047","-1.2273713","0.11702786","0.21468209","-0.20927352","0.37667698","0.0729876","-0.13396181"
"Infantile eczema","-1.8834329","-0.05397774","0.05197872","-0.1861193","-0.17377748","0.2611338","0.1917901","-0.08265617","0.018596537","0.078138754","-0.06053005","0.051841464","-0.13988397","0.18535267","0.18224564","-0.041802153","-0.29276875","0.13220762","0.25626826","0.03974233","0.3284636","-0.24539457","-0.018275449","-0.48501292","0.42354906","-0.036143724","-0.29573315","-0.11614173","0.02295909","0.27200833","-0.058930945","0.017646842","-0.2307792","-0.32215193","-0.3169315","0.23380895","0.1328228","-0.11785054","-0.5292788","-0.690669","-0.10137503","-0.20117599","-0.022660498","0.019231731","-0.64656705","-0.86958206","0.24013247","0.26963192","1.0347838","-0.2390545","-0.20537184","-0.29134002","0.79645157","0.7718841","1.7806736","-0.9028743","-0.48940012","2.00187","-1.1479442","-1.9349842","0.24287961","0.5193357","0.5639332","1.7215277"
"Infectious colitis","1.0881544","0.5461724","-0.91755486","-2.1744027","-2.001338","-2.2400296","0.8552912","1.6848147","-1.136878","-0.3032203","-1.1217792","-0.13563448","0.11003109","0.026758023","-0.116406076","-0.3309087","-0.08585123","0.5924864","-0.5829856","0.1219816","-0.41542736","0.021040034","-0.08115902","-0.1989578","0.0835087","0.39910263","-0.45354712","0.43716738","0.09527848","-0.6363048","0.086830854","-0.44910893","-0.38101977","-0.07659527","-0.20360693","0.38604966","0.031065136","0.41730246","0.42646363","0.2634846","-0.4154884","0.23215905","0.24628271","-0.1549321","0.015149078","-0.15410824","0.3173785","0.027733542","-0.15464343","-0.19690552","-0.08701159","-0.17454772","0.064682096","-0.12719628","0.15930326","-0.06514888","-0.05448953","-0.11923529","-0.1901038","0.14902236","0.06567874","0.055500485","0.09818228","-0.054682333"
"Infective colitis","0.35430035","-1.1816485","1.114412","-1.5776584","-1.7398313","-2.124506","2.724073","0.7787772","-2.3808374","-2.1288583","-0.7525542","0.36365053","0.46474078","-0.41359586","-0.5517428","0.63869464","-0.36542678","1.4802557","1.4774595","2.7423913","-0.93463117","0.1851384","0.4967409","0.644312","0.3058347","1.2768873","-1.6383674","1.1644725","-1.6484352","-0.3967508","1.3705297","0.5937655","-0.917909","0.023330754","-0.0900811","0.20201974","-0.3507525","1.3931499","-1.1505699","-0.30445895","-0.32855043","0.72432244","1.4851975","0.6944446","-0.46140537","-0.013987936","-0.68507844","-0.20369127","0.12626107","0.13939272","-0.3669711","-0.45181006","0.28862995","-0.4962906","0.35235053","-0.43180972","0.18133055","0.4092839","-0.88425016","-0.37108257","0.07664396","-0.017757684","0.30663478","0.2878762"
"Inflammation","1.0843062","0.15720378","-0.36412117","-0.2135585","0.029882949","0.17250217","0.064163856","-0.17378217","0.04863027","0.17446345","-0.03905698","0.05144756","-0.12298959","-0.17210482","-0.108291976","-0.15967192","0.06829006","0.06376919","-0.057594586","-0.15139069","0.0869437","-0.21451841","-0.14347595","0.09477813","-0.017878486","0.06934367","0.1265003","-0.007498989","-0.08463841","-0.050018642","0.052391354","0.04160148","-0.0025050084","-0.010212241","-0.07985875","-0.019512108","0.048035447","0.18580781","0.13175373","0.028400622","-0.04418091","-0.021239884","-0.022154745","-0.04249632","-0.15953396","-0.17121813","0.10089277","0.062268615","-0.18413833","0.15558793","0.07199975","0.08393389","-0.02151586","0.0011537318","0.041404773","-0.07430033","-0.025273362","0.037165906","-0.10014242","-0.01323206","-0.14783692","-0.16057305","0.101167455","-0.17668915"
"Inflammatory Bowel Disease","-1.8116549","0.0058473274","-0.06956249","0.040362988","0.06226019","0.020588597","-0.016905453","0.018785685","-0.06755254","-0.124978475","-0.09022801","-0.018188985","0.03694668","0.06717058","0.113202244","-0.13769141","0.08413998","0.08035162","-0.10646152","0.02789825","-0.042164847","0.11304539","-0.08076721","0.1689554","-0.18825646","-0.06603847","0.2752355","0.027384277","-0.062373433","-0.73604435","0.09813547","0.11247916","0.6307911","-0.31509617","-0.058038298","-0.13169852","-0.009263828","-0.1456982","0.11666904","-0.50543857","-0.19523795","0.4122336","0.9103668","-0.16006163","-0.71710956","-0.6045383","0.57117873","-0.5103235","-1.276285","-0.04182629","0.37013495","0.89714605","0.6694948","-0.31773764","1.9581679","-1.2134091","-0.78649986","-0.68038225","-0.004616823","-0.26943702","1.5964382","0.89164704","-0.055301838","-1.9162083"
"Inflammatory Bowel Diseases","1.0845468","0.15530723","-0.36480096","-0.18117595","0.040993925","0.20590448","0.0712363","-0.19564158","0.05487351","0.18114907","0.064382024","0.100501925","-0.114833765","-0.19388917","-0.047115363","-0.11217419","-0.096709125","0.075566724","-0.052236825","-0.20907015","0.10744304","-0.22093745","-0.1828426","0.08321492","-0.036237013","0.008122352","0.19779578","0.013392503","-0.063032135","-0.11311691","0.11853966","-0.0032233065","0.004516455","-0.065642655","-0.056087516","0.0027882706","0.049900427","0.12107937","0.027831325","-0.03220444","-0.015883962","-0.0023833022","-0.03369862","0.002168854","-0.15047756","-0.09305153","-0.028062657","-0.11702448","-0.31293854","0.18838729","-0.06093136","0.021441197","0.12254406","-0.023709502","-0.14373383","-0.15899414","-0.1186028","-0.018259864","-0.1456671","0.060366917","0.03850681","-0.011586463","0.044354606","-0.097075224"
"Inflammatory bowel disease","1.0841889","0.16254766","-0.372621","-0.20863841","0.026748937","0.17208931","0.078078285","-0.18915436","0.042858046","0.1551105","-0.037505932","0.021679869","-0.11907225","-0.17061533","-0.10938109","-0.16467997","0.061109453","0.071964234","-0.055835735","-0.14961256","0.092849515","-0.19630238","-0.18578744","0.08118543","-0.02732353","0.07923182","0.1545316","-0.0029806374","-0.06792391","-0.06405448","0.062242158","0.026081646","0.016166378","-0.08728053","-0.05139942","-0.004121532","0.059834488","0.17390063","0.046512526","-0.012986792","0.006614715","-0.004967878","-0.044904668","-0.05555716","-0.17450954","-0.0632905","0.030263335","-0.01782557","-0.23534933","0.15389837","-0.0078171035","0.036353566","0.048487537","-0.03717764","-0.020522414","-0.004896598","-0.14141771","-0.07887032","-0.073542304","0.019609109","-0.052987076","0.029613078","0.042799894","-0.05889411"
"Inflammatory bowel disease(IBD)","0.67408","0.23634885","-1.3686572","-1.9459306","1.335804","0.7060435","2.1609704","0.2513328","3.1557698","-3.1459987","1.2269512","-1.0687051","0.2548699","0.065266706","-0.35585645","-1.6998844","2.4782891","-0.535139","-2.5108693","2.43047","1.3929937","0.5781028","1.4676703","-0.859314","0.62745225","-0.08148479","1.3555772","-0.031060731","-0.6794239","0.9742759","-0.9262839","0.6324087","-0.5626665","0.43739894","-0.39413798","-0.47206956","0.28882292","0.41691902","-0.06484247","-1.2398541","-0.68540305","0.30605","0.16883197","-0.8339045","0.3810134","-0.035010718","0.13606377","0.7885136","-0.2715837","0.3034629","-0.8221826","0.016212033","0.028474005","-0.03143426","0.14705089","0.5116702","-0.42747185","-0.10522284","-0.26020414","0.003490249","0.036864877","0.020499442","0.20030572","0.021983083"
"Inflammatory bowel diseases","1.0947387","0.16081145","-0.27921405","-0.12078496","-0.32572377","-0.0017266511","0.14336647","0.15979777","0.13478647","0.09535935","0.4131608","0.12492477","-0.06773958","-0.1847146","-0.39348128","1.4415591","-0.13691388","-1.5923053","1.1350496","1.1586417","-2.1193352","0.9766833","-0.996816","-2.337415","-0.2785869","1.2103488","1.6020643","-3.180765","0.5504082","0.43079814","-0.71481055","-0.6685429","0.3613319","-0.1251537","0.13609715","-1.3159091","0.07757796","0.08347336","0.4656204","-0.038458977","-0.24830304","-0.38118535","-0.004476654","0.13171664","-0.27080572","-0.30377507","0.105056524","0.041716646","-0.5311919","0.054049212","0.39217344","0.2179931","-0.2684744","0.24896221","-0.46150458","0.06783975","-0.23352292","-0.10977446","0.039801728","0.12949921","0.01368167","-0.2215333","0.008540265","-0.17457543"
"Influenza A","-1.2883488","0.5822682","-1.2184852","0.5044715","-0.606713","0.6299365","0.58257383","-0.48866463","-0.9913708","-0.6686016","-0.011841864","1.4593173","0.24807952","0.26291177","0.9997454","-0.6965283","-1.9912256","-0.2718411","-1.2559032","1.0818899","0.8367599","0.18473007","-2.0028298","-0.4853223","-0.12080395","1.8174998","-0.8991769","-0.48886102","1.028512","0.9534393","-1.0778003","5.110123","-0.099402994","1.7933989","0.5278393","1.7769375","2.8352997","-2.3142567","-2.0356812","-0.60508674","-0.03161202","0.034498997","0.1895795","-0.32211965","2.0321617","1.1664368","-0.9851968","1.8352082","-0.010762722","-0.065647624","2.1636765","-0.16495773","-2.0656304","2.9586937","1.0360547","-1.7276889","0.36057085","-1.0295602","0.83469963","0.75896335","-2.1635253","1.0455083","1.6094452","-0.17488381"
"Interstitial cystitis","-1.6367122","0.119217046","-0.08224138","-0.38244542","-0.4348034","0.6521108","-0.531253","1.2472152","-0.25935867","-0.39140666","-0.24394466","-0.9734207","-0.19828515","0.47543573","0.3711297","-0.101885825","-0.11752054","0.07158853","-0.41793138","-0.40603346","-0.15066825","0.38902655","-0.102830745","-0.6196865","0.7179279","0.6069344","-0.63809353","0.33616793","0.46430334","-0.9365895","0.47216582","-0.61051255","-0.58937055","-0.4892196","-0.68542933","0.7020293","0.6687508","-0.15514828","0.55024433","-0.091815524","0.02849919","-1.8968952","-0.41780207","-1.311503","-0.66466814","0.13251467","-0.23366416","-0.4028415","2.3675914","0.7036025","-0.01628871","-2.030203","-1.8154275","2.725503","-0.93242586","0.39291745","0.10135753","2.682333","0.31192252","0.18142754","2.2654777","-0.7005818","0.2678302","-1.3069246"
"Intestinal metaplasia","-0.83953226","0.044438276","0.21484622","0.5058808","0.5622635","-1.0219886","0.625949","0.42264917","1.0077593","1.0738243","-0.25122634","-0.4238242","0.68297386","-1.4295485","-0.6598573","-0.1328996","0.28148982","0.3066567","-0.14411782","-0.16435286","0.30279136","0.027354695","0.21619579","-0.17142203","0.21846744","0.21255146","0.10560944","0.34559527","0.018894454","-0.051088333","-0.4583786","-0.61314756","0.63136166","-0.8687809","-0.8207822","0.21024196","-0.5101505","0.45365164","-0.2680735","-0.51456624","-0.99988097","-0.26631236","-0.25920245","-0.9970739","1.6252962","0.77435225","-0.5729239","1.8448973","-0.9550077","0.8697236","0.29787877","-1.1395422","1.6456296","0.8536762","0.85932136","1.8102183","-1.2692575","-0.3510707","0.29676318","-2.4335368","0.28774774","-1.1224071","-2.1542132","-0.90185875"
"Intrahepatic Cholangiocarcinoma","0.16640072","0.9936716","-1.9942149","1.7296805","0.37370962","-0.98865646","1.0182583","-0.5791351","-1.061016","-0.99532884","0.026883505","1.1358615","-0.07743508","-0.13188803","-1.2623495","0.40027136","0.19955239","-0.44507852","-0.45319945","-0.1383865","-0.3015056","0.25983116","-0.1695142","0.57472175","0.078293994","0.4738186","-0.11444078","1.025786","0.07940643","1.2780131","-0.12283006","0.62724197","-3.1531959","-0.35836217","-0.34996307","0.31600916","2.9802518","-1.6431159","-1.0894498","-1.039997","0.6853941","-2.258113","-1.1397098","1.721033","2.2597384","-0.80403554","1.3869041","-1.9838166","-0.21982022","-2.2611415","0.84919745","-0.45873234","0.5900804","0.3834298","-0.16337563","-0.6268659","0.8004625","0.07327969","-0.21706916","0.5680428","0.5735584","1.0349492","0.17611426","-0.24370305"
"Invasive colorectal cancer","-0.45735726","-0.9764452","1.375831","-1.6915025","0.7232514","-0.09052712","-1.2582432","0.5139722","1.0569395","0.10537086","0.016017042","-2.7169175","-0.35553667","0.7442273","2.0020397","0.28067783","3.003209","-0.46424568","1.8188446","-1.4854223","-2.9180944","-1.1544012","4.696525","1.0566598","0.55600977","-0.8991948","-2.9545445","-0.85095805","1.3189068","-1.9332013","0.2651283","-0.4980435","-1.6366999","0.16812189","1.7651274","-1.066631","1.6540306","-1.6958921","0.6846393","-0.0118434215","2.1655393","-1.0806843","-1.0774235","0.099853426","-3.5888815","0.60803354","0.7579385","0.48662606","-2.0531013","1.1890382","2.3157723","0.8379512","-1.5121471","-0.31548887","0.40535688","-2.2438233","-1.7966363","-1.6262933","0.7832135","0.5471819","0.21952944","0.14383155","1.4196423","-0.1391038"
"Invasive pneumococcal disease","-0.91150725","-0.12827341","0.092852525","0.10574977","2.0430954","-2.953859","-0.036912996","-0.27516857","0.96813196","1.4516594","0.044830684","-0.09877057","0.06896961","0.7196615","0.9922085","-0.36393848","-1.5637215","-0.11306392","-0.9576535","0.35232407","-0.7411422","-0.7160266","-0.61642236","0.06767344","-2.1207833","1.7645174","-0.54818106","1.1718303","-1.0956031","4.0056424","-1.2993658","1.6463826","0.19463684","2.5185103","1.4670818","0.62263864","5.1198025","-0.34971187","1.0384979","-0.3971247","-1.594546","0.590393","0.40494272","2.561764","-2.4187384","1.0153012","1.1834084","-1.0080199","1.6410154","0.7982337","1.5604105","0.98259115","0.87855846","2.0033023","-0.93573594","0.71857756","-1.4757677","0.72751015","-0.97829103","-0.99231184","1.8856989","0.5576396","-0.34230933","0.43961954"
"Iron-deficiency anaemia","-0.3574015","0.92764026","-1.6971631","2.0906236","0.074486025","-0.27414846","1.1550626","-0.4835526","-0.7810452","-0.9097549","-0.48873246","1.6943364","0.8138024","-1.2334309","1.7294359","-0.71192694","-2.2972353","-0.46519","-0.70743155","1.2019055","0.705134","0.05569081","0.2771196","-1.3605787","2.0080254","-0.1761732","-1.7644655","-1.588564","1.5066596","-2.6912394","0.46682772","-0.22159973","0.4687667","2.4743493","-0.16888252","2.8930945","-0.14761999","-0.75347996","-0.45616868","-0.9958603","-1.2845801","-2.896033","-0.5393573","-3.1781213","2.9254684","1.3590021","-2.8686574","1.2021146","-0.7923515","2.458951","-0.107344635","-1.0630969","1.2509819","0.51864094","2.1126416","1.6401186","0.22957604","-0.09370353","0.10027695","-1.0960612","0.27264023","-0.46829292","0.1625968","0.92790884"
"Irritable Bowel Syndrome","-1.9777877","0.029768407","-0.05558062","-0.05069086","-0.030929413","0.019481031","0.025958298","-0.06278788","0.015625758","0.03470431","0.011684359","0.010895644","0.01659732","-0.01132403","-0.026757339","-0.021999137","0.0049372413","0.038389314","-0.03923256","-0.0018487695","0.025517171","0.00823616","-0.061226685","-0.0048484807","-0.0066568265","-0.0011887085","0.0060727317","0.0032730973","0.018263582","-0.005530572","-0.0017895256","-0.0035805209","0.012510906","-0.011095707","0.04473171","0.0013083726","-0.090360895","-0.00083719933","0.10929011","0.05188624","-0.012265221","0.055125505","-0.19412863","0.27613157","-0.022192948","0.20350236","0.5254126","-0.10617456","-0.022567637","-0.19690146","0.20804957","0.13786063","-0.7099002","-0.5830077","-1.8614628","0.34077775","1.6634322","0.9602561","1.0574783","-3.0471318","0.77996606","-2.4575255","2.9413316","1.6200478"
"Irritable Bowel Syndrome with constipation","1.0841889","0.16254766","-0.372621","-0.20863803","0.026749345","0.17208931","0.07807736","-0.18915436","0.042858046","0.1551105","-0.037505347","0.021679869","-0.11907225","-0.17061533","-0.10938109","-0.16467997","0.061109453","0.071964234","-0.0558365","-0.149611","0.092849515","-0.19630325","-0.1857883","0.08118543","-0.02732353","0.079232745","0.1545316","-0.0029816178","-0.06792341","-0.06405448","0.062241115","0.02608058","0.01616748","-0.08728053","-0.05139713","-0.0041191946","0.059829723","0.17389822","0.04651737","-0.012984333","0.006614715","-0.0049666045","-0.044914924","-0.055540334","-0.17450692","-0.063278526","0.030292897","-0.017831082","-0.23534657","0.15388441","-0.007804346","0.03636219","0.048446584","-0.03721002","-0.020627726","-0.004877532","-0.14132026","-0.07881417","-0.073481455","0.019435693","-0.052938614","0.029470753","0.042967793","-0.058800202"
"Irritable Bowel Syndrome with diarrhea","1.0867845","0.11076226","-0.4525085","-0.2121984","0.06699168","0.1871114","0.06982394","-0.117768034","0.14651264","0.060607325","-0.12354711","0.32990462","-0.1470577","-0.16380656","-0.22252667","-0.09999598","0.057846405","0.025685059","0.024111656","-0.16624646","0.06577128","-0.17738183","-0.20784296","0.2339457","-0.019599766","-0.057867","0.17046627","-0.04561881","-0.11433997","-0.12701122","0.14012152","-0.2678944","-0.22143988","0.04590195","-0.4291544","-0.005300927","-0.0010994908","0.14457978","0.012589898","-0.16087233","0.060706995","0.235819","-0.048245773","-0.020106146","-0.06730953","0.09269851","-0.11644065","-0.023182","-0.42086017","-0.048864715","0.2506715","0.0096315015","-0.12605368","-0.15007111","0.015162482","-0.37836877","-0.21302207","0.30394977","-0.31778926","0.50472164","0.0027003714","0.08060588","-0.048740994","-0.015469959"
"Irritable bowel syndrome","-0.73720986","0.7604026","3.7374208","-1.3194556","0.2685832","0.08590423","0.873631","-0.33925763","-1.1081661","-0.86446375","-0.21460517","-0.10999546","0.35245776","-0.18203355","0.5192118","0.18012978","0.1439737","-3.2288609","-0.84357804","-0.46734306","1.5130503","-0.09856681","0.21733299","0.86388165","-1.4639145","-0.09244647","-0.23118606","0.22302708","0.55749285","0.21716459","1.4082241","1.0039485","0.54861563","0.48655364","0.019252297","-0.501073","-0.3597352","1.2301426","-0.33439678","-0.26473153","0.7824679","0.29223984","-0.37668306","0.36926007","0.21174909","-0.63849735","0.5395674","0.11486333","0.2702242","0.6988864","-0.95594746","0.70340365","-0.72558975","-0.39623094","-0.17186362","0.8796806","0.14244516","-0.8675584","0.29662785","0.3955621","0.20557879","-0.09811671","1.7638425","-0.8498789"
"Irritable bowel syndrome (IBS)","1.0841889","0.16254766","-0.372621","-0.20863803","0.026749345","0.17208931","0.07807736","-0.18915436","0.042858046","0.1551105","-0.037505932","0.021679869","-0.11907225","-0.17061533","-0.10938109","-0.1646807","0.061109453","0.071964234","-0.055835735","-0.14961256","0.092849515","-0.19630325","-0.18578744","0.08118543","-0.02732353","0.079232745","0.1545316","-0.0029806374","-0.06792441","-0.06405448","0.062242158","0.026081646","0.01616748","-0.08728053","-0.05140057","-0.004121532","0.059834488","0.17390063","0.046512526","-0.012986792","0.0066153416","-0.004967878","-0.044904668","-0.05555716","-0.17450954","-0.0632905","0.030263335","-0.01782557","-0.23534933","0.15389837","-0.0078171035","0.036353566","0.048487537","-0.03717764","-0.020522414","-0.004896598","-0.14141771","-0.07887032","-0.073542304","0.019609109","-0.052987076","0.029613078","0.042799894","-0.05889411"
"Irritable bowel syndrome(IBS)","-1.8098035","0.1388376","0.2606158","0.24469887","-0.19017768","-0.15430547","-0.061047252","-0.37638003","0.43756956","0.07282901","0.44897696","0.1049132","-0.10449116","0.31650755","0.15189132","0.0033459277","-0.2234823","-0.6380865","0.11069934","-0.15188973","0.309113","-0.056801025","0.008581457","0.51465446","-0.3468957","-0.061417796","0.26156887","0.29355407","-0.6760452","-0.42502698","-0.23396836","-0.19078489","-0.08681451","-0.05667055","-0.22044557","-0.3223939","0.08786383","0.62747085","0.47780356","-1.2415943","-0.60225016","-0.6040417","-0.05356827","-0.89117056","0.4648932","-0.092343025","-0.82743067","-0.3694644","-1.1748643","0.09046842","-0.002336222","0.27121326","-0.20520219","-0.92378664","0.4102194","0.3107146","1.1703484","-0.39056176","0.969568","0.7724026","2.7432945","1.1745481","3.865913","-0.39364922"
"Ischemic stroke","-0.8244694","-0.98786885","0.69497293","2.3035877","2.0812547","0.72055644","-2.6290321","2.433235","-1.5630563","-1.3461838","1.0682359","1.3309935","0.86423075","-0.3073366","1.1550779","0.3130775","0.3886238","-2.2370684","1.7467542","-1.4565505","2.3832443","-0.1805809","0.1143711","0.61941177","-1.0955262","-0.7720897","0.027726332","-1.6726714","1.354428","-0.99765456","0.5113487","0.85904104","-1.0911909","1.8509328","2.088214","1.9485211","1.9150181","-0.36591175","0.10748177","-0.5245437","-1.756421","1.2676406","1.3885902","-1.0617927","-1.0088145","0.7020889","3.8784084","-1.1052464","1.3434508","0.8597814","-1.3698201","-1.0398272","-0.8251618","1.7157596","2.8064103","1.2465905","-1.1366607","-0.8266828","0.056811523","-0.30307153","1.1189394","0.7038413","0.095058545","-1.7239237"
"Juvenile Idiopathic Arthritis","0.4939428","0.44486162","-0.8018545","-0.1592614","-0.29969722","-0.21064931","0.800193","-0.31177416","0.4445842","-0.44395837","1.1443883","-1.8378853","0.3598064","-1.0024711","0.11266129","-0.30079272","-0.24839167","0.45211455","1.0076437","-0.6572243","1.2422557","-0.38939977","-1.1197528","0.6569223","-1.1847514","-0.06511631","-1.3354893","-2.2260764","0.07290085","0.38330978","2.354388","-0.08688728","2.35832","-1.4629909","1.3261029","-0.19671425","1.0149593","-0.787687","0.31144774","0.5901009","0.07203872","0.45724794","0.6313822","-0.24675483","0.20323607","0.24887082","0.19084434","0.649298","-0.064977586","0.7884299","-0.9115811","-0.012790611","0.44966117","0.326456","0.13195458","-0.79695934","-0.99170166","0.8158897","-0.19110055","-0.21026357","0.16939124","0.10886961","0.47815698","0.37328"
"Juvenile idiopathic arthritis","-0.9986969","-1.8118265","-1.5916013","-0.188107","-0.8034812","-0.22221507","0.10544136","0.13691546","0.16876377","0.8080213","-0.46884495","0.11630704","0.12462699","-0.39524433","-0.28617018","-0.21699575","0.02498856","-0.07199117","0.4246479","-1.9743286","2.1485949","-0.4327359","0.78144014","-0.25241747","-3.0813792","-0.8518872","3.8570325","0.011367339","-2.0190694","0.9677289","-4.068229","1.0950972","1.1831908","-1.1186675","-0.8625672","1.0646567","-0.10116946","-3.347138","1.6611493","-1.0682355","1.3168048","-1.2781069","0.23991646","-3.13475","0.53889316","-1.4724193","-0.4297005","-1.4065652","2.280695","1.4194988","0.5367503","-0.5586519","-2.6015391","-1.0627062","-2.3265655","0.14711083","-0.035762068","-1.382964","0.7954207","-0.06934515","-0.5415933","0.0072985413","0.9022511","1.3139712"
"Kaposi's sarcoma","0.020805899","0.14703351","-0.24433868","-0.42033315","0.22526778","0.044081613","-0.13334572","-0.14439611","0.033314202","0.0349362","-0.14381488","-0.111846596","-0.34668675","0.2664204","-1.4376814","-0.7491507","3.4258687","-0.094584465","1.874273","-1.3063045","-0.60989875","-0.08693707","-1.7459309","0.67173004","0.23252265","1.5948803","-0.018643357","0.84423167","-0.57130986","-0.7685883","0.14670548","1.1849328","2.5532734","1.9540235","0.6002822","-1.1582253","-1.2180493","0.21254255","-1.4273287","1.1053771","1.9456048","1.6498944","0.41213858","-4.102857","4.304872","0.8354059","1.9577663","-1.6598749","-0.4494243","-0.16248792","1.3956376","-0.9724022","-0.30346307","-0.06573163","-2.114316","0.5730706","0.5613116","-1.3741868","-1.5114912","0.44008473","0.44777852","-0.32151023","1.1101277","0.18190153"
"Kawasaki disease","-0.85250866","0.48558164","-0.28052977","-1.1090726","-1.0387843","0.10728682","1.5531416","-2.239631","1.6610743","2.0541873","0.036360003","1.5654335","-0.69020206","0.2769618","0.06896406","-0.04938231","0.05007304","-1.9677819","-0.075836726","-0.11514201","-0.53766286","-0.17484175","-0.53454745","0.6706073","3.0782795","0.6517449","-1.377919","0.038692128","-0.3287326","0.405878","0.51401675","4.2279","0.02324183","-1.528896","2.7187326","0.45552918","0.86554617","0.37962493","0.29697475","-0.14929706","-0.9481358","0.814497","1.0711656","0.30567676","1.0041785","0.0980917","0.57478195","0.11998961","-0.6922473","-1.1572104","-0.22784588","-0.41091046","-1.6935593","-2.0039046","3.294058","-1.3769243","-0.3630922","-1.8306394","0.11189972","-0.18565834","-0.5854268","0.2165774","-0.061418757","0.49046528"
"Keratitis","-1.4868344","-0.053775497","-0.096448466","0.4383388","0.5342337","0.28095055","-0.7613947","0.93795055","-0.8331584","-1.2812643","0.5526108","-1.0153666","0.25575814","-0.5287354","-0.8811826","0.8851384","-0.7674884","0.008281195","0.2501619","1.3919976","-0.15260519","-0.09931258","0.06900861","-0.3118792","0.332213","1.4179419","-1.4581922","1.6500328","0.3531358","1.4646523","1.0929447","-0.63712776","-2.1046703","-2.6919398","-0.7693825","1.4168599","1.5922558","4.974659","-2.7091122","-0.79452384","4.4160256","-1.0552497","-4.239227","1.6237774","0.43465838","-1.0429103","-0.43491864","3.977303","0.56309915","-1.9337752","-0.027550507","-1.2106249","-1.7298737","1.8716372","2.740075","-1.17575","1.7327316","-0.8369527","0.31291953","-1.1967505","0.4513064","-0.19149394","-2.232836","-2.4954832"
"Kidney stone","-1.796494","-0.018495478","0.05493813","-0.13446307","-0.25662163","0.110627614","0.17328304","0.7302222","-0.0626525","-0.20577645","0.04166016","-0.5533341","0.15870027","0.07262243","0.39280808","0.028899902","0.0014037511","0.22148992","-0.17288524","-0.4048354","0.15280595","-0.046923023","0.011575687","-0.9094198","0.34690413","0.041179627","-0.072560355","0.40847602","-0.3496935","0.9040125","-0.48189315","0.60349554","-0.41995925","-0.060981415","-1.045598","-0.22228521","0.062300686","0.7987263","0.29190928","0.44950104","1.3504628","-0.22557607","0.017006118","-0.74539703","0.0676016","0.4861026","0.7511679","-0.34489596","0.27744988","0.56943697","-1.0844731","-1.4090917","-0.7153049","-0.7048018","2.3429601","0.2717449","-1.1919581","-1.386406","1.7774363","2.2755606","-0.2553043","-1.7158253","1.9199849","2.9533014"
"Kidney stone with hypertension","-1.6846626","0.20279081","-0.3627905","0.24741754","0.011974159","-0.14268753","0.18668304","-0.06818399","-0.10897668","-0.08203311","0.012005275","0.18780816","-0.011108625","0.024685748","-0.050031107","-0.13800275","0.06470605","0.101231486","-0.06163769","-0.0075814314","-0.08982815","0.036379926","-0.094726905","-0.007965705","0.24275021","-0.00025189496","0.07284751","0.07153356","0.113519095","-0.22352317","0.2757143","0.0015714283","-0.07420677","0.09475546","-0.15252346","0.16488491","-0.7753152","-0.21567065","-0.17894173","-0.36555767","-0.068551496","-0.079349935","-0.23543225","0.51539207","-0.34048617","-0.5055048","0.7720853","0.15090631","-0.060364574","-0.057392117","0.6705079","-0.08963136","-0.54505134","-1.6172463","1.0980425","0.5172415","-1.6763437","-0.35038772","-3.5382195","-2.1317956","2.5464814","-3.564442","-2.142188","2.5684876"
"Kidney stones","1.0853876","0.16064979","-0.37750188","-0.18814714","0.058887493","0.17928056","0.04732985","-0.14243667","0.0017443789","0.09591678","-0.046998702","-0.020317726","-0.12851718","-0.13152651","-0.0679291","-0.18917239","0.08459485","0.10201292","-0.19521186","-0.29100963","0.048943758","-0.20015605","-0.26764888","-0.05893209","0.05777839","0.08989951","0.08325691","-0.017296566","0.074167624","0.15031092","0.45614782","0.11278652","0.103522606","-0.04961528","-0.22180581","-0.16380268","-0.31182328","0.56092083","-0.1576473","-0.17609245","0.012444015","0.24041744","-0.22577596","0.35437638","0.055435196","-0.13866751","0.24028675","0.15160117","-0.25265265","0.36983997","-0.0566243","0.17630509","0.056092117","0.045822337","0.13767038","-0.03768539","-0.09950487","-0.26392144","0.1176939","-0.0665907","0.21292883","0.050919045","0.20308855","-0.031030357"
"Kostmann syndrome","1.0832994","0.09887762","-0.36802837","-0.36576968","0.068227984","-0.066224664","-0.080894604","-0.26315904","0.14153726","0.05633219","0.013397048","-0.19968161","-0.17907535","-0.022261424","-0.0065953447","-0.11578264","-0.054576248","-0.1947195","0.014249512","-0.25728264","-0.3411549","-0.38813505","0.45497856","0.4986589","-0.33925372","-0.39996302","-0.33158147","-0.32697302","-0.33647937","0.65954393","-0.21024516","-0.75590616","-0.22602867","0.948221","0.27194476","1.359627","0.9151075","-0.34287262","0.86989766","-0.5810343","-0.6649498","-0.8836075","-0.55918306","1.7505045","-2.7954094","-1.0792704","-1.0457253","1.1508021","0.6276585","0.30203608","-0.28759626","0.83246017","-0.7887815","0.5878735","1.0816926","-0.9439075","-0.915457","0.26300886","0.3007271","-0.56602174","0.26461294","0.34294826","0.732663","-0.025060749"
"Laryngeal Squamous Cell Carcinoma","-0.5595013","-0.1901507","0.1916417","-0.49264926","2.007347","-2.9533029","-0.9959413","-0.9501816","1.1944227","1.2561569","0.01000882","-0.84038424","0.16701809","-1.0692046","1.9501283","4.0683284","1.6695896","1.3935163","-0.95827776","0.08877906","-0.10889229","-1.0971462","2.7212455","0.37426832","-0.24702884","-1.1834697","-0.6871469","-0.7534375","-0.0536581","0.5140768","-0.7625411","-0.77623093","-0.54365516","-1.8673829","0.5434632","-0.57055384","-1.5706257","-0.043653354","-0.19365972","0.22097339","0.2034865","1.2874603","0.5082022","1.1885091","0.35801122","0.08982956","0.50027037","-0.5382967","-0.37335813","-2.6150935","-0.25467464","-0.59333664","0.83894795","1.3830945","-0.22718649","-0.15365025","-0.32449648","0.3864721","-0.78949654","0.81843996","-0.7661645","-1.0495192","-1.5170792","-0.39493218"
"Laryngeal carcinoma","-1.4580975","0.06449543","-0.2763236","-0.3686808","-0.40084842","0.44384983","-0.22334611","-0.31677237","-0.3738208","-0.61921704","-0.02966668","0.078155816","-0.43799847","0.6297456","0.26665673","-0.22892497","0.37975556","-0.08701777","0.40638497","-0.10916521","-0.006473975","0.22212757","0.19997258","0.78146863","-0.14155671","-1.2358178","-0.15641688","-1.266412","-0.7893801","0.23578583","0.20839989","-1.1701615","0.098053195","1.6288239","-0.5270497","0.6580521","0.006008527","-0.50141746","-1.2863892","0.91050565","0.4260121","0.89545166","-0.29795444","0.28526375","0.84590775","-0.39494628","-0.44449395","1.894805","-0.65563047","-0.4844359","0.05521955","0.46795753","-3.172894","-1.8799751","0.4496978","-1.4657032","4.257301","-0.72295725","2.428277","0.55947465","0.06714116","-1.1436831","-1.6688771","-1.6052854"
"Laryngotracheal stenosis","0.6880428","0.51697934","-0.19980201","1.532579","-1.5882756","2.6150157","2.5598288","2.3148267","0.529337","1.033426","-0.97199035","-0.02699507","0.06802697","0.64092827","1.5072167","0.10555763","0.2157602","-0.1960915","-0.70067364","0.18262391","-0.5659176","-0.30689323","0.038929038","1.2884425","-0.7746792","-0.2602923","-1.5445032","-0.16916852","-0.27267984","1.3325442","-1.0848716","-0.4363099","0.8299831","0.8949454","-0.47087878","-0.65600365","0.88681453","1.4449619","-0.01000124","0.872972","0.61746866","0.4894495","0.25859392","-1.2364779","-1.1974703","1.6575437","0.65265423","0.5175453","1.2289398","-0.042957198","1.0412421","-0.54015607","-0.0816634","0.9470427","0.07636919","0.31443062","0.030523688","-0.48483238","0.13619386","0.057717904","0.49715078","0.13226907","-0.05922824","0.37543324"
"Late onset sepsis","-0.087581515","-0.23118539","0.41072506","1.5829881","-2.3443208","-0.79104006","-1.7443415","-1.2288088","-0.22639534","0.7137825","-0.1471031","-1.5656847","-1.0616947","0.3283193","-0.9969832","-2.3404448","3.066329","-0.587104","-0.36265528","3.6953616","1.6430352","2.7314067","-0.07575924","-1.5803366","-1.1543366","-4.4699397","-1.437241","-0.5099875","-0.5281817","0.39890397","0.22465456","-1.865273","-0.8742255","-0.06563523","-1.9859347","-0.037201867","-0.7857843","-1.1532478","-1.0151291","-0.29973146","0.5542014","0.5905485","0.20876634","0.5560757","0.26299816","0.34981197","-0.1277607","-0.92337036","0.32812673","0.34823692","-0.4309713","-0.9489113","-0.054603077","0.10092865","0.41857556","-0.33363333","-0.65991825","-0.32200706","-0.45696372","-0.70205986","-0.04969353","-0.34740368","0.6550202","-0.043550592"
"Late-onset Sepsis","0.8758325","0.18251322","-0.36136553","-0.28123355","0.08953382","0.16152577","0.10835227","-0.108813606","0.12694682","0.018270556","-0.014752082","0.07470134","-0.15802066","-0.105204865","-0.28802675","-0.24436955","0.48243544","0.06320203","0.0584994","-0.2704011","0.08477964","-0.17428814","-0.3069074","0.41471297","-0.12563758","-0.17376265","0.08092613","0.02300722","-0.0344934","-0.023954034","-0.051951766","-0.16217369","0.040010598","-0.13639204","-0.49650303","0.04646934","0.003442771","0.20664647","-0.79119265","0.5979888","-0.11535081","-0.80980545","0.41908106","-0.19068128","-0.24397528","0.098274365","0.14667094","0.12707785","-0.4309157","0.46585566","-0.15877528","-0.008805416","0.30197006","-0.050060205","-0.17287475","-0.44092557","-0.16390865","-0.08119","0.2773322","0.25283405","0.41259554","-0.36460155","0.28883985","0.14798187"
"Listeria monocytogenes infection","1.084597","0.16554612","-0.37391812","-0.21168222","0.03795358","0.17855535","0.074768804","-0.19793041","0.03859389","0.15158607","-0.048805237","0.016047806","-0.11233119","-0.18312049","-0.10168055","-0.21578698","0.06767031","0.13516752","-0.10632963","-0.20679747","0.16691999","-0.25256583","-0.15334019","0.17343345","-0.014599344","0.03154319","0.093661055","0.15467656","-0.10395262","-0.13231502","0.037080824","0.01182797","0.044326045","-0.066223264","-0.00020540219","0.026804557","0.019317009","0.22688389","0.08708804","-0.054795936","0.043633685","-0.0018491991","-0.09421133","-0.050927427","-0.27044606","-0.1825235","-0.03637921","0.0775396","-0.16165364","0.26485136","-0.03750974","0.042021163","0.104143046","0.06810144","-0.07184557","-0.055524215","-0.18994677","0.07038974","-0.024004012","-0.0222278","0.14857985","-0.047985528","0.019516475","-0.15389301"
"Liver cirrhosis","-1.9102774","0.082747035","0.008385897","0.23232637","-0.018289706","-0.07205857","-0.22300765","0.104856506","-0.11711235","-0.23467705","0.056477927","0.06786394","-0.014505747","0.078697056","-0.09381098","0.13782409","-0.02389193","0.25270325","-0.05992652","0.046214174","-0.29397506","-0.024233976","0.013351434","0.054394472","-0.028986817","0.07438487","-0.25499958","0.1407733","-0.10182776","0.12924387","0.38449296","-0.18369214","0.1286756","-0.18251677","-0.065688916","-0.083349586","0.28252396","0.16588338","0.16060735","-0.17161544","-0.050080553","0.32569006","0.37588328","-0.28637958","0.5053423","-0.48209476","0.11284242","0.09459761","-0.18753804","-0.24857385","-0.10039868","-0.10910454","-0.4651298","0.4381808","-0.0033933222","-0.68787575","0.87411404","-2.5493028","2.643798","2.3615067","-0.14104325","1.3799218","-1.6783592","-1.4058049"
"Liver fibrosis","-0.23457797","-0.7410096","0.05075858","-0.6397228","1.4140861","-1.1615099","-3.1098378","-0.93968624","-0.6517231","0.4514016","-2.635729","3.5965984","-0.5017954","0.6236762","-1.232726","-1.5119725","1.8710529","-0.4657121","-1.5818281","3.0387404","0.7441412","-0.31526574","0.75908256","-0.5306647","0.5404415","0.91417265","-0.07298603","-0.8076989","-0.111322805","0.67196566","-0.71859366","-0.095326394","-1.9247597","-0.66957104","0.43562594","-0.35339367","-0.4368757","0.60075384","-0.20112534","-0.007964953","-0.031115185","0.24145983","-0.2812427","0.2876206","0.5702713","0.1520102","-0.18033583","0.9119248","-0.9395095","-0.43063375","0.01753191","-1.7231402","0.44334215","0.38624537","0.15257631","-0.2558492","-0.32725632","0.032026447","0.51103246","0.30970937","-0.78487146","0.7551336","-0.4090181","0.6176529"
"Liver transplant","0.3774962","-3.2824404","4.1461296","-1.1485524","-0.39158848","0.16401106","0.31856704","1.4728274","0.14361452","-1.2590549","3.083136","0.87344354","0.803049","-0.5384314","1.6685165","-0.076882415","-0.22589667","-0.07826156","1.971691","2.3194752","-0.13285717","-0.21638845","0.030739013","0.6001602","2.226256","0.9796236","-2.4183195","0.4731813","-0.039821014","-1.6365451","2.1330106","0.26208156","-1.6438919","1.2872869","1.1155548","1.2548194","-0.20442091","0.35845813","-1.0334774","-0.39570764","-0.6654345","-0.2208397","1.0170528","-0.67300075","-0.9824165","1.5372978","-0.1326034","-1.0753359","0.28991517","0.6464893","0.32050556","0.08952046","0.29250422","0.04866589","0.33448473","0.30680895","0.04948475","-0.11924188","-0.057883967","-0.08503827","0.025802149","0.36688727","0.031171214","0.11628128"
"Lower respiratory tract infection","0.024221597","0.11032339","-0.2948234","-0.2103124","0.076924056","0.049767435","-0.06121514","-0.23514518","0.0015542937","0.07348931","-0.007854889","-0.01314446","-0.18677771","0.01071463","-0.069785334","-0.10192246","0.13740066","0.09259489","0.05453846","-0.1934124","0.07706988","-0.25477144","-0.1917778","0.109809704","-0.10274764","0.09961245","0.19296452","0.010450696","-0.062818326","-0.089393415","0.040270794","-0.15791258","-0.09717668","-0.16101567","-0.053459883","0.033172697","-0.20876922","0.33016378","-0.022639904","0.08322536","0.20823227","-1.0474434","0.7227494","-0.17539094","-0.03238767","-0.10986791","0.2079211","0.24833347","-0.19547887","0.3118791","-0.34653223","0.5077364","0.53193015","0.17279765","-0.26523298","0.4318776","-0.012680322","0.047034044","-0.39822173","0.3576246","0.082207665","-0.5315346","0.00041619226","-0.37122613"
"Lung cancer","-1.6997194","-0.057654377","0.12492141","-0.09367104","-0.3883129","0.046595905","0.77024376","0.24263133","-0.035641022","-0.40881577","0.16306461","-0.58627445","0.13945502","-0.22240922","0.22180817","-0.05922736","-0.10739826","-0.01804328","0.5574461","0.78718024","-0.053781882","0.4972987","0.4985475","0.069866076","0.12519035","1.2893674","-0.6982479","0.63372993","-0.45980537","-1.4741247","-0.28030285","-0.8052012","-1.5046294","1.121439","0.8259796","1.1512823","-0.6660561","1.2350996","-1.370463","0.18544944","-0.106110096","0.71914953","0.6416427","0.5932664","1.5242995","0.3618649","-0.015381442","1.4422919","0.2872493","0.15670455","-0.79198915","-0.53567773","1.3269553","-0.6162953","0.80543333","-0.44266883","-2.3551567","0.36330962","2.787508","2.045816","0.790785","2.2871456","-1.1206079","-1.3140397"
"Macular degeneration","-1.1762327","0.04606379","0.38771483","0.9017538","0.39216757","-0.56406194","1.3705049","1.5276897","0.97129714","1.3411739","-0.2922103","-0.628518","-0.5612374","0.83857566","-0.889994","-0.70732194","-0.7199436","0.38184962","0.055887166","0.07989278","1.0507268","1.0221201","-1.3883661","0.9618658","-0.42870685","-1.2419531","0.8613","-0.72746795","-0.23539403","0.24594614","0.7575895","-2.0798852","-2.3142147","1.6851884","-0.99078244","0.32676497","2.4376283","-1.6481326","-0.9797994","1.1689132","0.692966","0.6431832","0.27594346","3.4639602","0.29874623","-2.577754","-0.79403734","0.82503533","-2.4603393","-2.0976229","0.023327064","2.318574","0.8798351","1.4193194","2.5781107","5.307602","3.1824234","-2.4942453","-1.8096565","-3.1045532","-2.74239","0.7299772","-2.6811538","1.3162873"
"Major depressive disorder","-1.6335309","-0.31653377","0.62540424","0.06725722","0.3708506","0.93998176","0.3935503","0.04330586","0.0012360222","0.39889812","-0.8471368","-0.7801815","-0.73579735","0.7476645","-0.5947352","0.3661742","-0.429607","0.122435205","0.049847595","-0.5912218","0.29740748","-0.7495201","-0.28978956","-1.1852437","-0.29690215","1.2619208","-1.1904646","-0.074633","1.1496994","2.303392","1.5700213","0.63575745","-1.088468","0.028458381","-1.978202","0.43328586","1.140325","-1.8244765","-1.4351962","-0.7368775","0.8395562","-0.8837837","0.5275883","0.58141524","-0.648014","-0.36823687","-2.1108503","-1.5530319","1.1345447","-0.658373","2.8253987","-2.6695502","-0.8408269","-3.8710046","0.24394976","0.70091504","-1.8604738","-0.70625603","-1.1916596","0.55833334","-2.5797536","-0.70966697","-2.724643","-0.6431766"
"Maturity-onset diabetes of the young 2","0.34863","-0.6434863","-0.15055826","0.23313498","2.6066642","-2.118366","-3.1743288","0.46225765","-2.9755006","-3.2463615","0.70890087","-1.4469104","1.0746874","-1.0111325","-1.1515613","0.96950394","-1.4411176","-2.628979","-2.2002296","-0.515144","1.2768935","0.7498593","-0.14231601","1.1808803","-0.6705774","-0.37721637","0.6164614","0.2710118","1.1673129","0.99305755","-0.9535087","1.2928942","-0.11767296","-0.57303935","0.0053481557","-1.3175633","0.730594","1.1497817","0.7346654","0.57498455","1.142841","0.14626125","-0.07596494","-0.35125646","0.83969885","0.18091203","0.43400308","-0.6433384","0.26118153","-2.2006423","-0.9828236","-0.8270137","0.52785075","0.27665","1.571292","-0.1584655","0.14570378","-0.33797306","0.6909254","-0.018785216","0.7446627","0.40020314","0.693355","-0.46619347"
"Megaesophagus","0.8911901","-0.20063439","0.6600153","1.2891384","2.460764","-3.2039154","1.5752666","1.1759614","2.2788205","2.4900668","-0.65303195","-1.0487723","-1.1241018","1.5744226","-0.4381247","-0.5407387","-1.2609583","0.046304874","0.49360466","0.3272366","0.785167","-0.37048966","-0.35311547","-0.3816282","-0.22088052","0.18685313","0.22958423","0.3321655","0.27614117","-0.28547773","-0.15379404","0.2750879","0.77978456","-0.24847479","-1.0515916","0.15630198","0.50049883","0.7218498","0.14288421","-0.053480685","0.3791447","0.58809817","0.026643328","-0.3885209","-0.24728094","-0.61174875","-0.10375502","0.051672406","-0.30411956","-0.07328369","-0.43565413","-0.076031126","0.09368843","0.1085826","0.070060566","-0.16201657","0.3487399","-0.18301456","-0.12645581","-0.09844522","-0.111960925","-0.14362077","-0.056758814","-0.5145864"
"Meningococcal disease","0.02111448","0.28258005","-0.40004745","-0.38993457","-0.77453035","1.1255932","-0.39313805","-0.38147905","-0.48747143","-0.15793584","0.14764255","0.48250687","1.6284524","-3.1353233","-0.58822364","0.32354894","1.3786157","0.3122412","-1.1047246","-0.58434075","-0.7041267","-0.19122282","0.31469938","0.25040337","0.47479558","-0.27228516","0.055843327","-0.17838375","-0.35701114","0.04805368","0.010943919","-0.3874233","-0.36383194","-0.32345122","0.86507523","-0.47338322","-0.44849196","-0.21510874","-0.6270682","0.37633887","-0.96043247","0.41232786","-0.4113334","-0.050468396","-0.06871223","0.41867995","0.16843191","-0.6625161","-0.37348813","-0.027360985","0.1975142","0.118582144","-0.5631201","-0.39127126","-0.35372382","-0.27259648","0.50158155","0.123651154","0.24674307","-0.51719314","-0.39146996","-0.27412868","-0.49182746","0.29058483"
"Metabolic syndrome","-1.1812097","-0.16217802","0.13806269","1.1131992","1.2989084","1.0140702","-0.64358824","0.007622762","-0.34244877","-0.58886385","0.87674284","-0.2428899","0.3524635","-0.4614955","1.0744289","0.39938805","-0.7866853","2.1001835","1.5269912","-0.19331963","-1.8771194","0.7015055","-0.52886945","0.24594665","-0.92020535","0.53848183","0.02868217","0.67880267","-3.2678392","-3.225285","-0.044253614","0.06968242","0.4758806","-0.48189571","-1.266909","0.72900355","0.38486853","1.1417903","0.084601045","1.600641","0.15892024","0.43681082","0.22711177","-0.67603374","-0.3169427","-0.8834817","-2.5159233","2.489082","-2.4964497","1.126587","-0.21340801","0.3318422","0.2590306","2.2658603","-2.650381","-1.5204427","-1.54498","0.01611228","-1.4314442","-2.346168","3.173811","-1.2079931","0.88816184","0.7467616"
"Microscopic colitis","-1.5261081","0.24140534","-0.15781635","0.23056132","-0.25447157","0.6658427","0.53360647","0.34728688","0.57463896","-0.05942568","0.50698525","-0.88404983","-0.18050088","0.10210844","-0.15529828","-0.14547886","-0.22342503","2.1074805","-0.023571026","0.79484075","-0.61172956","-0.9403145","0.3275961","-1.0171643","-0.37368706","2.1545699","0.7280425","2.2241783","0.31272796","0.8597173","-0.7486082","0.4933013","0.041414987","1.3304809","-0.46422303","-0.25640592","0.07371107","-1.8939159","0.77737224","-0.03666514","-1.6897148","-3.2056472","-0.7617887","-0.3005708","1.5119627","1.5172757","1.4185194","-0.27888888","0.15557474","-3.283588","-0.68915457","0.34515703","-1.5250268","1.5183039","-1.1651268","-1.3106371","1.5770147","0.77120554","1.8855363","1.8820968","1.4481572","2.0537887","0.30789253","2.0465198"
"Migraine","-0.9175777","0.13498378","-0.16084394","-0.13523147","-0.15663648","0.024502097","0.51995236","-0.048475984","0.3336714","-0.9578553","1.3349994","-1.2761557","0.18036318","-0.5175061","-0.109348685","0.353801","-0.4220348","0.122539565","0.75186485","2.0660975","-0.98258346","0.40086687","0.8403095","0.70087534","1.1532227","0.56261253","0.71559906","1.9134716","-2.2217655","-0.08646522","0.47239533","1.1113126","-0.30010492","0.33601877","0.040830232","0.2699252","0.35312963","1.0823709","-2.8575027","-1.8303803","1.0302461","1.824193","0.8397621","-0.79903656","-0.18687265","-1.233871","-2.2196615","0.6119602","2.0017896","-0.08043352","-1.0483602","1.3911643","2.189083","-0.50855047","-1.5677208","0.77477753","0.3141229","-1.2106571","2.8525894","0.4115796","-0.07143814","1.3213189","0.110352635","-0.566942"
"Mild cognitive impairment","1.0882217","0.16372673","-0.41963628","0.13518527","0.18296131","-0.04182937","0.21749054","0.14418492","0.078278296","0.095480986","0.07735383","0.4266432","-0.05740179","0.03954842","0.123303816","-0.34732836","0.18066193","0.099561796","-0.8373923","-0.2712781","-0.85441476","0.0147006195","-0.5237527","0.6624277","0.049215082","-0.20137882","-1.0702491","-0.6183277","-0.5115973","-0.80268526","-0.44146448","1.1714505","-0.2567462","0.53873473","0.2128752","0.13264409","-1.0631859","0.22489049","-0.23375517","-0.87494063","0.6854118","-1.3317456","-1.676451","0.5493936","-0.8619592","-0.9972729","1.5042033","-0.34441718","0.049056638","-0.81626636","-1.5115027","-0.29714164","-0.80704737","-1.1449935","-2.016018","1.9326998","-0.12506446","0.29203084","-0.6003889","-0.39528865","-0.65369785","-0.5490296","0.57901925","0.26096284"
"Miscarriage","1.0945909","-1.0936213","1.993878","-2.47177","-0.17820106","1.2881693","-1.2319639","0.65117264","0.9595667","1.2083516","-0.035034504","-1.5233113","0.02685714","-0.34084928","0.5001991","-0.57780993","-0.50602937","0.08209178","-0.46149653","-0.0029205543","0.17426386","-0.22987904","-0.5187418","0.077284314","-0.09974233","0.07647719","0.012110248","-0.3965284","0.0635408","-0.25299102","-0.16180456","0.54200447","0.57394433","0.21892603","-0.4770355","0.06031401","0.35518417","0.5928281","0.069890596","-0.2045803","0.38021412","-0.07099699","-0.13288866","-0.25643498","-0.14955613","-0.15865858","0.14935584","-0.35637727","-0.066273734","0.109919935","-0.039570723","0.15875287","0.0928077","-0.045412574","0.00014264058","0.2296235","-0.06005552","-0.24495305","0.009345607","-0.12297261","-0.017095653","0.116163164","0.021073053","-0.055928096"
"Mucosa-associated lymphoid tissue lymphoma","-1.1811985","-0.36772513","0.79702437","-0.043443996","0.8433007","1.4272034","-0.76084775","-0.6059212","0.7965694","0.5544937","0.6008554","-0.89125174","-0.01954509","-0.25605977","0.02181818","-0.18478464","-0.18456602","-0.0019068078","-0.55002713","0.49444312","-0.38013592","-0.7888546","-0.29500914","0.12990974","-2.6062906","1.3819222","0.3718164","0.20992678","0.4473692","-1.3756138","-0.098152705","-1.1251117","-0.99603707","0.90588075","-0.47603616","0.82127625","0.17174935","0.7318682","-0.5794468","1.0294601","-0.5877329","0.4770117","0.3900797","1.1551296","1.1706452","-0.16655831","0.13299495","-0.3650927","0.7867778","0.08297901","-0.15178904","0.91928124","1.3213481","0.5391905","-0.46273866","1.5954192","-1.571225","1.2162234","-1.3947153","-0.03179356","-0.59786725","-1.6929761","-1.1793166","0.959019"
"Multiple Sclerosis","-1.9456266","0.03419895","-0.09796551","0.046570238","-0.07392203","-0.04613421","-0.01798095","0.11243594","-0.03659829","0.0900162","-0.106768504","0.03489392","0.01866058","-0.06588251","-0.10545514","0.07382381","-0.07496523","0.06961422","0.1393333","-0.028672349","0.036741175","-0.0026863795","0.021314466","0.03823763","0.07083817","-0.03666196","0.07311504","0.15499052","0.013462353","0.16904598","0.17702655","0.018358914","-0.13571304","0.085845254","-0.027992694","-0.23519664","0.10604813","0.17827374","0.021963509","0.09499438","-0.12259283","-0.05356041","0.16994357","-0.085964136","0.26265165","-0.010793527","0.55630857","-0.06909927","0.6128124","-0.12335512","-0.117037885","0.6562676","0.70581746","-1.2032018","-0.24344178","1.4976702","1.2106451","-1.327844","-1.4828482","1.570803","0.59834516","1.9426943","1.3765353","-0.18135202"
"Multiple system atrophy","-1.336732","0.36967525","-0.9191012","-0.032594018","-0.5232579","-0.93275416","0.5743177","0.40262416","-0.7588669","-0.64227176","-0.36661598","0.72079927","0.2192992","-0.22213574","0.3613899","-0.19897509","0.65816087","0.11523053","0.83141804","-0.24171108","0.4439342","0.05056851","0.3662425","-1.6644553","0.08234983","-0.22114989","1.0766152","0.5480563","0.44610366","-1.0549939","-1.6837745","0.4030933","0.7913757","-1.7307359","1.4530978","3.449311","1.9462565","0.7462882","-2.2809598","2.5716991","3.4400034","1.4200433","-1.4547976","-0.20634943","0.085552804","0.977158","0.024932122","0.28948963","1.5995452","0.9145448","-0.8799967","0.09487281","-0.4865837","2.2407207","-1.6014469","0.6404054","-1.1475768","1.4754215","-2.239078","-0.29818168","-1.3326361","-0.7219281","0.21589977","-1.015975"
"Myasthenia gravis","-1.5797962","-0.12906678","0.3418783","-0.42030588","-0.097992435","-0.45094565","0.07083232","0.9202366","0.26290333","0.6009412","-0.29660207","-0.21472295","0.5657144","-0.7218814","0.10349242","-0.17447776","-0.29935455","0.36897948","-0.48333508","1.2358695","-0.5288355","-0.42779306","-0.20636839","0.17576186","-0.8314318","0.6820723","-0.8196877","0.35549095","-0.90720695","-0.5337863","-0.69539833","-0.579658","-0.023166314","0.88400376","-0.21794103","-0.6963543","-1.134621","1.4402206","-0.58659446","0.11213604","1.6273721","-1.7637625","0.06130312","0.064006835","-0.49254707","1.0286632","1.0043969","-2.9723332","1.6830058","-2.2543137","-1.5633438","-0.9000678","-0.6371166","0.49821046","-2.7145379","4.2285457","-0.63540334","3.363788","1.1130291","-2.4060175","-3.838503","4.78015","1.1682876","2.3350456"
"NAFLD","1.0845","0.13749306","-0.3790331","-0.15642631","-0.013278712","0.14024188","0.09585982","-0.240755","0.023400182","0.116586074","-0.06609927","0.036938798","-0.118768804","-0.16611288","-0.13051756","-0.1379159","0.06910855","0.07913339","-0.022185732","-0.15245195","0.06498272","-0.3162974","-0.23975633","0.08009624","-0.029467722","0.041975975","0.16141991","0.028241815","-0.079207696","-0.07326923","0.06847616","0.044695176","-0.04476911","-0.0993098","-0.045564193","-0.0043392354","0.06771622","0.14943646","0.0375876","-0.001173716","0.018752143","-0.007906719","-0.033482708","-0.0403375","-0.1747345","-0.07701466","-0.0031931067","0.010290221","-0.22037472","0.14032","0.029157551","-0.014189476","0.044849604","-0.033765625","-0.021597806","-0.03811342","-0.16358714","-0.034946065","-0.1027581","-0.0163256","-0.087301664","0.026592704","0.043885116","-0.061001696"
"Nasolacrimal duct obstruction","0.8820415","0.13048297","-0.3488485","0.16464272","-0.38543358","0.37998092","0.33227745","-0.1206113","-0.30165613","-0.029863408","-0.36849165","0.4735231","0.033554293","-0.59999424","1.1285822","-0.46009657","-3.263309","0.51738364","-1.5877931","1.4726505","1.6359421","0.6528501","0.6273915","0.04369038","0.3161545","-3.8996253","1.0852237","-2.4233427","-0.6526775","-0.30258298","0.51472086","-3.0262873","-0.94912475","0.22852361","-2.3553565","0.49630085","-0.421889","-0.7359166","-1.7083275","0.32123193","0.49161807","-0.14163396","0.09875848","0.37371427","0.72601706","-0.4561173","-0.3947855","-0.8889589","-0.6619331","0.073093496","-0.615222","-0.33151808","0.3891329","0.5646425","-0.2704827","-0.2598415","-0.060646508","-0.43731943","0.29305315","0.05812201","0.03853884","-0.5933606","-0.3296063","-0.20525496"
"Necrotizing Enterocolitis","-0.22808695","0.0022937949","-0.4565385","-1.0731014","-0.90784556","-2.5592031","0.6506848","1.4310452","0.30269012","-0.8966267","-1.2958778","-0.7380117","-1.8291175","3.2994125","-0.51917386","-2.3147738","1.1271513","-0.18778567","-0.38791868","3.1329687","1.8892874","0.79514587","0.19187483","-0.040927216","-0.037783626","-1.4494555","-0.088929005","-2.3798494","-0.12378593","0.12417681","0.0020281512","-2.4020798","-0.5026827","-0.51668483","-3.0660162","0.803668","0.38768527","-0.09500925","-1.1398011","0.6433147","0.43676195","0.11562787","0.14963654","-0.6807395","0.5893654","-0.13878042","0.4094696","-0.2790983","-0.3298413","-0.14007552","-1.0091115","-0.79276365","-0.016319389","0.233369","0.3191748","0.5325061","-0.026204938","-1.4563735","-0.5157712","0.086422265","0.08592221","0.49000347","0.6287884","0.22375916"
"Necrotizing enterocolitis","-0.76108235","0.39015406","-0.3302706","0.014176899","0.55744267","0.19651048","0.3155234","-0.72680193","-0.5533699","-0.027309394","-1.9660176","-1.8808041","0.24925196","-0.7280407","0.6196255","0.6092816","-0.1811672","-1.9504688","1.3501922","1.0810173","-1.731065","0.7138284","-1.0314518","-2.7115781","2.437592","1.1783237","0.44945562","-2.5656533","0.7822582","-0.6546319","-0.017220521","-1.4001163","-0.9691524","1.932039","1.6313642","-0.79785657","1.361415","0.4736729","0.7563093","-0.09973769","0.0076283943","-1.2565199","-0.31858993","-1.170054","-1.7657472","0.65334594","0.4245937","0.18612243","-0.50424767","-1.373688","1.853576","-0.8140995","1.5476768","0.4752551","1.3887048","2.1948109","-0.97668964","-1.9703104","0.28009185","-0.14225802","-2.4530945","-0.31218228","-1.0624076","0.17514586"
"Neisseria gonorrhoeae infection","-0.4740652","0.06598411","-0.2189266","-0.42552","0.033308342","0.22758414","-0.023962533","-0.4953225","0.046601094","0.020251887","0.008491772","-0.19561872","-0.13484801","-0.25336865","-0.53849584","0.24613927","0.086093664","-0.26662624","1.0000492","-0.15002653","1.6152871","-0.44072646","0.20986885","-0.9067194","0.6723505","0.5894264","1.3644168","1.8243804","-0.12780331","1.0059748","0.8633377","-3.0502143","0.8837042","-0.46555156","-0.28039598","-1.0789702","1.9354962","0.48546085","1.0879327","3.05176","-0.9000709","3.9665384","3.210481","0.3971794","-0.99330944","0.57742995","0.06256803","0.94338524","-0.05092575","0.6531762","1.9647441","0.98426884","-2.0124955","-0.037155453","1.3933816","-2.0097106","2.062649","-0.6765837","0.9497913","0.5356357","1.6213255","-0.2654948","-0.6977007","0.47023347"
"Nephrolithiasis","0.028248066","0.19550098","-0.31943607","0.30096653","0.38161016","0.1904571","-0.33127487","0.2492977","-0.09548164","-0.31591758","-0.16638932","-0.17744325","-0.16494972","0.36460295","0.91982543","-0.9705868","0.38034374","1.7700559","-0.59149367","-0.7102746","-1.0147179","-0.16032262","-1.2085612","-0.81228584","1.4901065","-0.056422405","-0.63310564","-0.18400341","2.1970744","1.7615442","2.6217105","0.5763336","0.6367275","0.23151027","-0.8532559","-1.503358","-3.4343448","2.7885253","-1.571804","-2.4635432","-0.7642562","1.8970263","-1.0104821","2.823391","1.6670272","-0.7399103","1.8647407","1.325513","0.005401867","0.5419087","0.28510776","1.0798806","0.30661014","-0.48040578","1.5306145","-0.69780207","0.07711113","-2.1161256","0.8681592","-1.102768","2.0802445","-0.75655544","0.7236444","0.40779036"
"Neuro-Behcet's disease","0.6812644","-0.22767107","-0.2992812","-0.22595754","0.23502538","-0.011693945","-1.0542942","1.0763682","-1.2762996","1.4692328","-2.29616","2.3430834","-0.34778446","-0.45541","-1.093794","0.29840007","-0.28025514","0.14175995","2.1568656","-0.90954345","2.1483567","-1.1401186","-0.093028285","-0.2936342","0.41648737","-0.37907422","-1.4879714","-1.2328076","0.3588809","2.5511405","0.79339665","0.50189686","1.0538558","-0.90082854","0.905487","-0.60945266","-1.3319874","-1.4974687","-0.35092905","-1.0053756","1.1325827","-1.2642409","-0.31642956","-0.61944956","-2.0821652","-0.026702952","-0.028894022","-1.3843464","-0.65151966","0.4492236","1.2179371","-0.32314482","-0.16666277","-0.051827855","0.2668128","0.33373064","0.09313843","-0.20738032","0.34166023","-0.17128034","0.40087432","0.11480493","-0.37473622","0.2002965"
"Neuromyelitis optica","-1.449843","-0.15781595","0.16232474","0.17599663","0.3598477","-1.1267133","-0.40542084","2.0545719","-1.0487773","-0.37336215","-1.1786147","-0.32023966","0.37081945","-0.3164074","-0.59624815","0.0014237709","1.2448806","0.17207195","0.15610048","-0.7130627","-0.20744868","0.33601418","0.11684966","0.531969","-0.99123883","-0.101245575","1.0375054","0.63347054","1.523053","0.45208362","1.585411","0.52056307","3.0025363","-0.4772624","1.1201402","0.80804294","0.6167954","0.13422137","0.009520834","1.6742058","-1.5610352","1.3379787","-0.8406283","-0.7178999","0.94240314","0.18550824","-0.023216834","0.6579017","3.1531966","-0.070489444","-0.42671824","1.2961886","1.7233174","0.62052983","-1.9952636","-2.4248753","-1.9308321","-1.4867122","-1.2502185","-4.7596216","-1.576128","-1.9828823","-1.2113926","-2.840536"
"Neuropathic bladder","1.0841889","0.16254766","-0.372621","-0.20863822","0.026748937","0.17208931","0.07807736","-0.18915436","0.042858046","0.1551105","-0.037505932","0.021679869","-0.11907353","-0.17061533","-0.109380744","-0.1646807","0.061109453","0.071964234","-0.0558365","-0.14961256","0.092851125","-0.19630325","-0.18578744","0.08118632","-0.027324427","0.079232745","0.15453207","-0.0029816178","-0.06792391","-0.06405448","0.062242158","0.026081646","0.016166378","-0.08728053","-0.051399995","-0.004121532","0.059833296","0.17390063","0.046512526","-0.012989251","0.0066153416","-0.004967878","-0.04490595","-0.05555716","-0.17450954","-0.0632905","0.030263335","-0.01782557","-0.23534933","0.15389837","-0.0078171035","0.036353566","0.048487537","-0.03717764","-0.02052091","-0.0048973607","-0.14141849","-0.07887032","-0.073543094","0.019609109","-0.052987076","0.02961226","0.04279907","-0.05889411"
"New-onset untreated rheumatoid arthrits","1.0844381","0.21749882","-0.44709718","-0.14194927","0.09230832","0.24918942","0.009160019","-0.24080989","0.09185559","0.17811508","0.034105077","-0.042344343","0.009203972","-0.19928111","-0.026817057","-0.2108359","0.127259","0.20663455","-0.1175874","-0.25034654","-0.00270917","-0.19762205","-0.3892599","-0.12843563","-0.2207844","0.14321011","0.38362798","-0.037633866","-0.094985776","-0.265045","-0.37270018","-0.13353744","-0.29846582","0.07342334","-0.13982545","0.80393964","-0.14467944","0.8325854","0.5247367","-0.9376228","1.3191601","-0.0050988575","1.9269495","0.47102615","-0.52841264","0.7902908","0.4697321","-0.69492817","-1.662611","-0.3359673","-0.7329038","-0.8336627","-1.3461083","-0.535435","0.6536965","-0.5493664","-1.89091","0.35377267","0.9132576","-0.49015552","-0.64601654","-0.30243316","0.45344162","0.6180448"
"Non alcoholic steatohepatitis","-1.326471","0.73885053","0.03471676","1.0852494","0.42090484","-0.2261243","-0.7229181","0.5479498","-0.506561","-1.690382","-0.8431329","0.887242","0.1924674","-0.07416341","-0.1367301","-0.11760919","-0.061713077","1.7316865","0.47288182","-0.32653674","-0.07227419","2.368445","1.7081985","0.5333678","-0.5634147","0.7857628","1.9731905","1.4201299","-0.7215987","-0.5865098","-2.917676","-0.75300604","0.08172755","0.9966524","-0.057342198","0.82681215","1.4528404","-0.16115959","0.7596977","-0.17037165","-1.5946531","-1.0070893","1.180193","-1.955535","-1.9920985","-1.2746075","-2.0159981","1.6365616","-0.5841664","-2.6344545","1.376291","-3.4255064","-0.7368031","-0.3408573","-0.39864892","-0.72619534","1.0848799","0.08169654","-4.3654137","-1.8865643","1.4097203","-0.7523373","-1.3869174","-0.86613053"
"Non-Oedematous Malnutrition","1.0864012","0.17002682","-0.3915209","-0.21894504","0.030811045","0.18350153","0.08192598","-0.20038022","0.044978116","0.16682503","-0.04251219","0.02322107","-0.1348493","-0.1906909","-0.11996993","-0.1845852","0.06896508","0.077078715","-0.058883086","-0.17139895","0.10262348","-0.2302507","-0.20798199","0.09644325","-0.030663729","0.09579389","0.18300077","-0.00519765","-0.08311745","-0.07736872","0.07344052","0.029277407","0.019704103","-0.10571342","-0.062392745","0.0036830443","0.08124812","0.20587686","0.051467307","-0.013783531","0.009646879","-0.0119965235","-0.050627884","-0.06570322","-0.20448688","-0.08156323","0.03704128","-0.016128143","-0.28637284","0.1916896","-0.007850414","0.05208521","0.062371887","-0.044254087","-0.022198359","-0.003863226","-0.17668393","-0.108417906","-0.09341672","0.032125268","-0.043073174","0.037919298","0.05581988","-0.07501138"
"Non-alcoholic Fatty Liver Disease","1.0888371","0.1560405","-0.42367563","-0.26333845","0.08115889","0.18313935","0.033040255","-0.16258472","-0.11158295","0.20098993","0.18893296","0.019857507","-0.020798968","0.044341214","-0.13976035","-0.2698776","0.35633752","-0.03730568","-0.06363337","-0.34306037","0.1437783","-0.24553296","-0.3246659","0.22194815","-0.027301531","0.2319248","0.07941336","-0.035734307","-0.1736916","0.006834187","0.13997221","-0.24154772","-0.31896254","0.0334804","0.67468286","-0.1005914","0.7457164","0.40243787","-0.42881998","-0.16474445","-0.27715826","-0.051741537","-0.46291438","-0.9605025","0.06923812","0.5948186","-0.010659562","-0.6152774","-0.53822935","-0.011802799","-0.058458537","0.5446909","-1.1933417","-0.11627182","-0.74830216","-1.4566722","1.2689106","0.19423212","0.94399816","-1.1968564","-0.71676475","0.1995762","-1.396545","0.33505493"
"Non-alcoholic fatty liver disease","-1.9635668","0.010666019","-0.025634672","-0.008845311","0.047566358","0.030430624","-0.003731295","-0.019932818","0.005565022","0.0077891396","-0.017306292","-0.07235114","0.011659849","0.0063833017","-0.01059998","-0.03299477","-0.021177778","0.056571793","-0.06483142","0.0073478017","0.005685121","0.06832338","-0.041925542","0.004078734","0.0049699","0.05142319","-0.0018959678","0.02798465","0.04427969","-0.08181003","0.04640764","-0.02452364","0.01786993","0.01010674","-0.03971415","-0.041359175","-0.11466745","0.025061233","0.111882694","0.11739469","-0.20801644","-0.19200942","-0.43372256","0.17003597","-0.1380556","0.03597092","0.17505987","-0.5619314","0.12890172","0.34755588","-0.7162521","-0.19836712","-0.3436247","-0.2781453","-1.3431337","-1.5004817","-0.28376806","-0.62947696","1.2077763","-0.7581547","-2.0304112","-1.9776101","-0.95248973","0.073632516"
"Nonalcoholic fatty liver disease","0.33713204","-1.4582714","1.5490671","-3.4423316","2.3102977","2.439317","-1.5797698","2.498649","0.60067207","1.4718668","-3.567145","3.856571","-0.59078753","0.21953967","-1.1871084","0.16564916","-0.21755138","-0.21143796","-0.018040473","0.5302839","0.34569532","-0.28218573","-0.12204371","-0.42657545","0.34671512","-0.019519199","0.24315622","0.45068797","0.6279826","0.5220226","-1.4822153","-0.36415938","-0.49813348","0.61551607","0.15025231","-0.40705127","-0.41362637","0.7722419","-0.5340289","-0.2280403","-2.0417883","-0.7432159","-0.005614127","0.9404171","1.2915106","0.7113187","-0.30371243","0.23281837","1.3861302","-1.498973","-0.87360877","-0.2695993","0.64516056","0.041399326","0.39403513","0.9401465","0.5024958","0.22737798","0.29116616","-0.5599786","-0.43486243","0.06100386","-0.41832817","0.020416409"
"Nonalcoholic steatohepatitis","0.51708096","-0.4713469","-0.5753311","-2.2862666","-0.9738094","-4.5569897","-1.4444073","1.078776","-0.59185225","-0.98040277","2.7945","3.0358667","0.67761123","0.09797966","0.6540496","-0.8360785","-0.17020744","0.43650237","-1.9050026","0.08745348","-0.88497967","-0.015057165","-0.85172856","0.4027843","-0.16757397","0.45738646","-1.6739426","-0.023209041","-0.17486615","-1.0444579","-0.06805581","0.24951094","-0.68738306","0.35066688","0.25125605","0.26287535","-1.3847787","-0.14777662","-0.05090238","-0.45140973","0.039041225","-0.8892588","-1.1832523","0.094354086","-0.72344637","-0.51839507","1.6423454","-0.33533138","0.506629","-1.3742166","-1.4064937","-1.066881","-0.24181145","-0.872491","-1.5687606","1.4273064","-0.11085981","0.10130376","-0.43171608","-0.03474826","-0.6930679","-0.47655493","0.38779193","0.14277741"
"Nongonococcal urethritis","0.33043766","0.16965933","-0.34258386","-0.053435974","0.018601377","-0.03550714","0.10215519","-0.09752901","0.016179146","0.088633776","-0.029644081","-0.050422728","-0.19220197","-0.39919186","-0.18108316","-0.11289312","0.13128722","0.116267405","-0.022166688","-0.007095181","-0.13157651","-0.20309761","0.08819297","0.3103382","-0.43281427","-0.34187177","0.23398508","-0.23569809","0.20863868","0.5431104","-1.1009955","0.40752032","0.01191142","-0.0023769247","-0.6490364","0.5985989","0.4998226","-0.17258872","-0.42961064","0.44413683","-1.003336","0.9265621","-0.72678983","1.4782622","-1.4336082","1.0816342","0.17239693","1.0029954","-1.093039","1.5262957","0.22521058","0.5588315","1.0794613","-1.3851793","-0.5829573","0.38847077","0.76087713","0.9031353","0.70317686","0.25936505","0.6075376","0.44243857","0.07983473","0.47847992"
"Normal weight obesity","0.17975149","-0.091488004","0.007880733","0.07190971","0.24214686","0.33057633","-0.24249889","0.5503758","-0.51232255","-0.6175492","0.3241122","-0.16300915","-0.15156727","-0.38801122","-0.82694185","0.6041674","-0.3311066","2.220748","0.8751568","2.5276306","-1.9775704","0.4567678","0.9525132","0.6728166","0.48793337","0.7493629","0.536918","1.3910962","0.15190807","0.9812589","3.6892955","0.83703285","0.9063865","-0.34543812","-1.4028723","1.0562694","1.5702151","-0.07627975","-0.86306155","-0.5202743","0.18886442","-0.28684315","1.6029872","-1.3910979","-1.18945","0.6844388","-1.4878087","-0.27422497","1.1442962","-0.37546903","-0.39104632","-0.50825965","-1.027663","0.8881207","-1.1442903","1.3711858","0.013661936","0.8304495","-0.7077902","-0.028378949","-0.35764876","-0.34280312","0.0068637026","-0.46436456"
"Norovirus infection","0.8853974","0.10216819","-0.2571124","-0.10582481","-0.34009698","-0.01897404","0.17322683","0.1184619","0.15181479","0.020284206","0.3470961","0.14704114","-0.06945195","-0.17770834","-0.40839744","1.4329824","-0.13903758","-1.5626913","1.1464287","1.1163806","-2.1192126","1.0571805","-1.0580281","-2.2573638","-0.17083982","1.0251023","1.6373112","-3.3057761","0.48473018","0.46148345","-0.7036226","-0.73893195","0.38151428","-0.17108758","0.037901025","-1.3765208","0.11640786","0.033587374","0.45881546","0.035090532","-0.23009431","-0.41832632","0.0030512512","0.16864972","-0.2144284","-0.2508025","0.15433915","0.022633974","-0.5642873","0.05418387","0.40699783","0.14801608","-0.23333393","0.23092337","-0.5189778","0.089419045","-0.26682156","-0.09509742","0.078449525","0.114850014","-0.03393102","-0.22960608","-0.027846325","-0.21413139"
"Obesity","-1.9789193","0.030490981","-0.05581808","-0.052676857","-0.030772531","0.01990052","0.0302405","-0.06279038","0.019914586","0.03780085","0.009822531","0.007838825","0.014890206","-0.010614805","-0.026524518","-0.020354876","0.0056708707","0.036158938","-0.034788273","-0.0041404897","0.028736921","0.0052318117","-0.054764915","-0.006084824","-0.008521829","-0.01276346","0.005034685","0.006375888","0.0035113369","-0.00061174855","-0.0072972486","0.001176874","0.022059152","0.030155959","0.02770774","-0.053486094","-0.06159814","0.055470783","-0.00939754","0.058850545","-0.16299924","-0.09667928","-0.48301196","-0.047471363","0.06496211","0.30389696","-0.31697","0.04882564","-0.34424332","0.5492312","0.2922266","-0.096422955","-0.0014257071","0.28374153","2.109088","1.0995258","0.3465787","-1.1053617","-0.11125612","0.35193914","0.53959","1.455351","2.385805","-1.2558819"
"Obstructive sleep apnea-hypopnea syndrome","-1.7955409","-0.19330983","0.18749984","-0.009175582","0.3751773","-0.5298113","0.08730441","-0.20663843","0.039746933","0.09996327","-0.19366194","0.15232725","-0.14540704","0.29309127","0.16399494","0.099741235","-0.06336721","-0.03644661","-0.1572993","0.12902352","-0.4380813","-0.23380142","0.64618945","-0.07034156","-0.22020619","-0.15194489","-0.0047354493","0.15805101","-0.07058833","0.40907484","-0.22396988","-0.2235466","-0.5073626","-0.21390893","-0.17148533","0.3367711","-0.14674063","0.8688349","0.43020496","-1.2280247","-0.62018055","-0.7611092","-0.6120164","-0.009700902","-0.07999979","-0.26313713","-0.8008062","0.30657053","-0.074605905","1.5932231","-0.48555002","-0.44950354","1.2688321","-0.5737028","1.9345373","-1.0328702","0.3461332","1.0757712","0.88213754","-1.3574486","-1.0697904","0.005386457","-0.52686745","-1.8840926"
"Oedematous Malnutrition","1.0864012","0.17002682","-0.3915209","-0.21894504","0.030811045","0.18350153","0.08192598","-0.20038022","0.044978116","0.16682503","-0.04251219","0.02322107","-0.1348493","-0.1906909","-0.11996993","-0.1845852","0.06896508","0.077078715","-0.058883086","-0.17139895","0.10262348","-0.2302507","-0.20798199","0.09644325","-0.030663729","0.09579389","0.18300077","-0.00519765","-0.08311745","-0.07736872","0.07344052","0.029277407","0.019704103","-0.10571342","-0.062392745","0.0036830443","0.08124812","0.20587686","0.051467307","-0.013783531","0.009646879","-0.0119965235","-0.050627884","-0.06570322","-0.20448688","-0.08156323","0.03704128","-0.016128143","-0.28637284","0.1916896","-0.007850414","0.05208521","0.062371887","-0.044254087","-0.022198359","-0.003863226","-0.17668393","-0.108417906","-0.09341672","0.032125268","-0.043073174","0.037919298","0.05581988","-0.07501138"
"Oligoasthenoteratozoospermia","0.51760846","-1.1272477","2.0451288","-2.3035252","-0.08637326","0.73677766","-1.174525","1.3319973","1.1620752","1.3675877","0.033883356","-2.241234","-0.4833333","0.47860676","1.2979767","-0.18319169","-0.15393738","1.4113275","-0.73581713","-0.70737755","-2.3310544","-0.68560684","1.6533502","1.457359","-2.682798","-1.6502424","0.28975523","-3.0644097","0.9178856","0.6235466","-1.7092752","3.6848226","-2.252608","-2.543499","1.654807","1.2882096","-2.6577294","-2.1827605","-1.7918603","-0.69395727","-0.069257945","0.22204457","0.1808888","-1.0977048","1.7255743","0.33444628","-1.3398966","0.5583097","0.43341982","0.8005256","-0.18124337","-0.06258386","-0.628087","0.2813374","0.31278294","-0.12040815","0.67083126","0.086182445","-0.21944517","0.43992892","0.12009973","0.48474884","0.3258277","0.3185807"
"Opisthorchis felineus infection","-1.2890652","0.0822431","-0.21349414","-0.09333861","-0.016306678","0.032208946","0.11675566","-0.21496075","0.120310806","0.29561096","-0.14088966","0.013104057","-0.073266484","0.050689045","0.13333994","-0.30449003","0.1696056","-0.09709433","-0.7444054","-1.0199074","0.34793666","-0.30030754","-0.16193217","-0.57713765","-0.49016252","-0.24262151","0.6693819","-0.21995147","0.6308157","0.16652976","-1.2094803","-0.6896923","0.067199215","0.47035328","0.34070843","0.29774147","0.16392025","-1.3259834","0.90850604","0.16054447","0.16281715","-0.403192","-1.3384469","-0.27068177","0.52523816","-0.5161838","1.9898695","0.38543326","0.17875071","1.0481143","-0.15376009","-0.5897077","0.47666085","-2.7025704","-1.7465414","-1.570489","-0.67908764","-1.8793514","2.0453863","-0.86187303","-0.3256973","0.8957764","-0.5191962","1.011352"
"Oral cancer","-1.928573","0.024410238","-0.09497522","-0.03853813","0.021832282","-0.12748018","0.019070195","-0.10430501","0.039911952","-0.007911456","0.10770019","0.109545484","-0.058728937","0.11216941","0.050589185","0.02398772","-0.030548448","0.029683387","0.017192071","-0.038130958","-0.0045437235","-0.0059997463","0.107353754","0.034960557","0.08538764","-0.13895948","-0.08600552","-0.062297195","0.008107885","0.049143955","-0.047757603","0.091296576","-0.0076687057","-0.16907002","0.07062291","0.15876898","0.03897942","-0.363518","0.32650295","-0.18632784","0.30291954","0.31587914","-0.061838567","0.39745802","-0.04498132","-0.37346244","0.18360509","0.08352977","0.40519774","-1.061886","-0.21168421","-0.944524","-0.58318245","0.864914","0.23562305","1.8234279","-0.3111409","-0.47329313","-0.32575157","1.6554799","0.34005442","0.53595626","0.48352063","-3.2504766"
"Oral leukoplakia","-0.46831754","0.085521914","-0.22988255","-0.21311149","-0.02343981","0.0002657228","-0.025341367","-0.13725214","0.17160007","0.017103797","-0.009635408","-0.079463966","-0.10234531","-0.17507058","0.2757543","0.35152993","0.27874282","0.2558382","-0.18156616","-0.1082601","-0.63904023","-0.2093147","1.1815939","-0.07625781","-0.27879813","-0.6457389","0.04958302","-0.23108427","-0.16449222","0.8464488","0.09368519","0.18947819","-0.39933303","-0.026904194","-0.13807835","0.1783016","2.0445824","-0.8692575","0.15164393","1.4005476","-1.4399571","1.3377615","-1.3797532","0.5715226","-0.8480546","0.14670895","0.76527166","1.4548008","-3.4246802","0.98554134","2.130583","0.60827374","2.130562","-1.6016359","-0.6066583","2.5298147","2.2666507","1.597074","1.6911323","-0.602838","0.21315","0.7299212","1.0759019","-0.2980335"
"Oral lichen planus","-1.6848406","-0.012559521","-0.35518616","-0.37311584","0.4893526","0.49857622","-0.27440846","-0.7454735","0.038762126","-0.7534947","0.27300987","0.6000959","0.020250529","-0.07299385","0.29028314","0.06167166","0.02242526","-0.37468126","0.16111365","0.23606606","0.24404815","-0.31545237","0.5186638","-0.4923389","0.4775306","-0.12711203","-0.9425741","-0.4290855","0.6900209","-0.43884826","-0.7908531","0.92116886","2.246111","0.46417168","-1.4405646","0.52983916","0.8352798","-0.036407236","-0.22395034","0.6379851","-0.16119753","0.42154533","-0.8461871","-0.13846031","1.0335983","0.095417015","-0.012575863","-0.06573252","-0.3832987","0.4349743","0.96761286","-0.23268223","1.51239","-0.7363957","-0.7110893","0.6102187","1.789817","-0.83875823","-1.044629","0.77178836","0.62923276","-0.93442184","-1.6408674","-1.5338272"
"Oral potentially malignant disorder","-1.7867682","0.044357557","-0.08797651","-0.059061285","-0.03893018","0.046062447","0.040953863","-0.09465104","0.0362758","0.018322479","-0.0066820947","0.00045524404","0.025396138","-0.056107722","-0.09163732","-0.020597272","-0.025376126","0.06869242","-0.07729546","0.012758551","0.005131555","-0.032722145","0.082845055","-0.07269878","0.032164194","-0.13332105","-0.00621544","-0.05883292","-0.026018111","-0.059732027","0.024758557","0.11727591","0.08524036","-0.06481049","-0.17599884","-0.18030097","0.23674564","-0.06617544","-0.36774233","0.4003804","-0.40249932","-0.08751738","-0.11545914","-0.32115096","-0.4756839","-0.6922747","0.4161458","-0.25412035","-0.75136775","0.090547845","0.3822363","0.12559617","-0.16170149","-1.4467318","-1.4902294","0.46657342","1.0045435","-1.760377","1.1088631","0.8485967","-0.3817694","-0.5538204","0.23827513","-0.71640736"
"Oral squamous cell carcinoma","-0.4700017","0.09882158","-0.291629","-0.20798396","-0.1416515","0.5612241","0.062276915","-0.3717469","-0.1490592","-0.013138386","-0.015809955","0.47841915","0.38863814","-0.9460121","-0.109433234","0.08915345","0.4809764","0.07201642","0.26087055","0.094077684","0.72768086","-0.3939706","-0.10448497","-0.72577024","1.7248064","0.07666943","-0.43229216","-0.31599414","2.1692457","-2.5471275","-0.8171075","1.721097","2.1543093","-2.7996387","-1.7262446","-1.1520779","-2.5804625","0.39231646","-1.1331948","3.0255625","1.3467807","4.3096356","1.0698802","-2.7658355","-0.14244765","0.73120296","0.39435297","1.7241638","-0.58050185","-1.3352393","-0.29590294","-0.84126824","0.68514955","0.72389287","-0.952825","2.1275764","1.7284312","0.092552066","-1.858421","1.3263463","-1.0424008","-0.81803906","-0.76037127","-1.0975766"
"Orofacial granulomatosis","0.87586856","0.1590492","-0.3702979","-0.20342188","0.0135083655","0.18566635","0.055848055","-0.18295774","0.019718476","0.13657372","-0.0075033","0.050096404","-0.04523951","-0.2944343","-0.13223775","-0.15456705","0.13801304","0.07506041","-0.11376809","-0.19963363","0.076101966","-0.21237041","-0.14113294","0.15488172","0.044871535","0.052242856","0.18935978","-0.024487227","-0.18862188","-0.012603663","0.14961265","0.06091482","0.007890677","-0.08814763","0.027050644","-0.052560035","0.17313652","0.15339044","-0.11147155","0.04301335","-0.20309518","-0.017087594","-0.14527623","-0.082669675","-0.18422435","0.10235533","0.083534166","-0.29722077","-0.31437185","0.20057754","-0.011636505","0.043388404","-0.48765007","-0.16486971","-0.15290746","-0.4668919","0.11187134","0.00999312","0.24708435","-0.59840727","-0.18153436","-0.1154551","-0.31329376","0.12350617"
"Oropharyngeal cancer","-1.2881287","0.079060495","-0.17504542","-0.0907171","0.014104928","0.01727288","-0.0141408015","-0.043234464","0.018905325","0.08618367","0.054953456","0.06478315","-0.06889175","0.06457209","-0.04316636","-0.1844348","-0.29246372","0.004753442","-0.082981706","-0.1323595","0.34104764","-0.08210542","-0.1391085","-0.099499114","-0.3780383","0.08041748","0.28772104","-0.056580074","-0.10066023","0.1700539","-0.540145","-0.63020164","-0.31452677","0.3832181","0.24552043","2.3571105","-2.112765","0.63439476","4.228778","-3.973625","7.5880475","-4.9012394","10.024994","4.1266584","1.3256122","5.0638986","2.5159466","5.4335113","-0.22511613","1.3289415","-0.4936235","1.7052481","2.0509868","-0.43821022","-3.0337136","-0.80834156","3.6527157","-1.3496705","-0.47120583","-0.64081","-0.7533941","0.9072076","-1.4128462","-1.6712936"
"Osmotic diarrhea","0.5054158","0.16731045","-0.27645904","0.41298676","0.09791127","0.50866956","0.55333894","0.23363312","0.006412516","0.14353974","-0.44201055","0.35651293","0.34454253","0.60129637","1.6943271","-0.15130813","-0.6895852","-0.5264178","-2.0301304","1.0881116","-1.6578952","-0.13074353","-1.2037777","1.3806909","-0.8550522","0.23519334","-1.485515","1.0372078","-1.6100779","0.866611","-1.8437433","-1.5400112","2.802099","-0.7213847","-0.050614614","-0.74712646","0.065771446","-0.2855332","-1.424503","-0.75456536","-0.052625936","0.845434","0.1499672","-1.1474061","-2.4817162","1.9064487","2.4381638","0.6711512","1.1604875","0.70846593","1.973256","-0.68995595","0.0038627037","1.7029296","0.21436094","-0.23877938","-0.011941533","-0.55588204","-0.0500969","0.36088914","-0.7336829","0.5472471","-0.14480115","0.038842674"
"Osteoarthritis","-0.6664804","-0.015803603","0.3510837","0.1990883","0.83191836","-1.5640945","0.305475","0.58652955","1.1143436","1.5774342","-0.17076841","-0.26826724","0.5897254","-1.6113429","-0.73718506","0.6810379","-0.3528953","-0.43933135","0.10461619","0.10563776","-0.43669382","-0.34079334","0.7895585","-0.583903","-1.2013245","-0.53520834","0.8722747","0.9749038","-1.4063094","3.1542861","-2.1515405","-1.1369114","-0.07349777","1.796654","1.004118","4.545614","3.8602297","-1.8859106","0.42574638","1.9237666","0.7386703","-0.081826404","-1.6089218","3.2705555","-1.9876391","2.3991735","1.6885124","1.1444814","-0.4451664","4.594205","-0.58392406","1.7454001","0.8256912","0.9762022","0.5679759","0.41834733","-2.065134","1.3949949","0.24176106","-0.98621047","2.554477","0.39121014","1.49152","0.6679031"
"Osteoporosis","-0.110656284","1.5892472","-2.2594166","0.099375166","-1.158042","-2.7527003","1.8138378","0.8600232","-1.4743959","-1.9516085","1.0639012","-1.4343884","-0.24692124","-0.05653456","-2.3587937","0.70235527","-1.6520995","0.2903603","-0.4932195","0.68030345","0.6071679","0.09482993","-1.3141818","2.9303656","0.04860665","-0.035401497","-2.7333689","-0.13049814","2.6748507","2.1767244","0.4938122","-0.9791536","-0.36293635","0.2741077","3.107457","-0.3109783","1.7887648","-1.1260788","0.67210287","0.36098337","-0.43700555","-0.78023005","0.022519404","1.6255505","3.1676047","-0.12385141","0.94112206","-1.4833008","-1.6688827","-0.7227436","1.39341","-1.2829576","-0.40353063","-0.033463236","-0.35337734","0.26410192","-1.4477233","1.0001928","0.25383282","1.2278976","-0.44715834","-0.27063066","-0.7307605","0.078249805"
"Otitis Media","-1.6620291","0.207416","-0.10674637","-0.7876809","0.692991","-0.20071833","-0.17951834","-0.4036768","-0.2307141","-0.40926984","0.43885475","0.09732005","-0.79888713","1.0923373","0.6747311","0.16590337","-0.6552482","0.2175889","0.077574715","0.063074864","-0.017927848","-0.36548868","1.6226003","-0.33688658","-0.7524496","-0.86786085","0.14501816","-0.87360895","-0.6182608","0.7103834","0.5017584","-0.48954466","-1.0129446","-1.2545708","1.1536071","0.6970355","-0.6853497","-0.41591588","1.5571184","-1.1315752","-0.6858532","-1.6097827","0.8842511","0.53616035","0.6581654","-1.4539949","-1.0194542","0.3825777","0.1558699","0.04627325","-2.0199387","0.9662885","-0.24580787","-1.0691837","-0.09731024","-0.81259644","-0.13678643","-0.12512523","-0.2700707","2.1249864","2.032695","1.5157814","-2.959765","0.031203441"
"Overactive bladder","-1.1812003","-0.18675628","0.65392256","-0.53329486","-0.87662333","1.3705318","0.49869633","1.1309676","0.36260593","0.68963754","-0.3075815","-0.6735351","-0.40443373","0.40715262","-1.0672611","-0.17113209","-0.35301727","0.23737113","-0.8240517","0.23922095","0.8300832","0.59282583","-1.6673315","0.9840143","-1.0714029","-0.90837604","1.1728624","-0.583542","-0.004607848","0.3820753","-0.7612433","-0.072147764","-0.44998127","-2.0714145","-2.916303","-0.6827981","0.34291688","0.2215406","-0.73395413","-0.045600995","1.1700147","-0.24959318","-0.8122847","2.1387393","-2.3996637","0.20137239","-0.053423934","-1.0310844","2.4150484","0.57542485","-2.3608258","1.8585299","-0.852249","-1.4293398","1.2205598","-2.8894598","0.04155347","1.9660306","1.6655295","2.4783916","-0.13643944","-1.2589892","-3.2768075","-0.80754864"
"Palmoplantar pustulosis","0.48766777","-0.03573335","-1.6234105","-2.7499106","3.00802","-0.6967435","-0.24190058","-1.2015334","0.5030065","-2.2804925","0.41373482","2.8200643","1.3624967","-1.843169","-0.6075173","-0.79540914","-0.7480562","-0.5577687","-0.5607127","1.1761435","1.5190217","0.4513781","-1.8213891","-1.1813173","1.2579722","0.8099298","-0.96273965","0.025030818","1.8924564","-1.5701293","-1.494077","1.6212113","3.1189897","1.3733575","-2.6904671","0.7664187","0.99632317","-0.6427717","-0.45441386","0.55469716","0.7461903","0.4240731","0.059507303","0.5411726","0.022575885","-0.25593516","-0.7366782","0.7575612","0.8767108","0.6860733","-0.19898792","-0.19895685","-0.104869686","0.418068","0.04182323","0.28012833","0.026527753","0.06378765","-0.0062224288","-0.41420603","-0.29479226","-0.053720105","-0.23843056","0.300809"
"Pancreatic cancer","-1.8751788","-0.07203946","0.006127815","0.15352798","0.23212543","-0.20018512","0.08122919","-0.11647952","-0.16956313","-0.34031036","0.015008655","-0.01038885","-0.12231943","0.4131829","0.1465491","-0.030861221","0.05900198","0.24678428","-0.3882925","0.031241503","-0.40132955","0.1672151","0.06620313","-0.4262238","-0.14106497","0.036423355","0.7914215","0.48534352","-0.13504949","-0.110266216","0.3055925","-0.0993648","0.028024083","-0.25197127","-0.18034953","0.18494786","-0.7449145","0.35412234","-0.22150335","0.07689218","-0.3835818","0.4279585","0.16008267","0.12038148","0.4997389","0.51773703","0.46764648","0.18927746","-0.24676482","0.03531633","0.573768","-0.80057746","-0.4099076","-0.090713106","-0.018840056","0.07966496","1.0695416","-0.26972833","0.58980596","2.3855171","0.043924626","0.96120137","7.128585","2.466368"
"Pancreatic ductal adenocarcinoma","0.33112216","0.07172994","-0.25848413","-0.114050835","-0.07903412","0.111566804","0.03523754","-0.2848564","0.11621245","0.08830746","-0.03708177","0.02144176","-0.19118874","-0.09531252","-0.082040116","-0.19962975","-0.046016026","0.12286736","0.10380097","-0.3676043","0.1797354","0.12805152","-0.21694486","0.33444187","0.19703612","0.26403198","0.1597942","-0.118713655","-0.33157924","-0.055741336","0.01819464","0.069641575","0.11504852","-0.18116881","-0.2063418","0.10663341","0.20035371","0.14742538","0.12923495","-0.1465342","0.20595519","0.22111727","-0.16951767","0.09007155","-0.20315705","-0.26402634","-0.01655292","0.049907144","-0.3524049","0.109721065","-0.64064616","-0.21427314","0.15645012","0.42714095","-0.6617011","-0.06019224","0.31795695","0.16659759","-0.035226222","0.82482433","-0.14187412","-1.0124066","-0.6927515","0.45441234"
"Pancreatic head cancer","-1.1200268","0.1589982","-0.21680059","-0.37003955","0.19602527","-0.41517568","-0.058804438","-0.07041456","0.08291846","-0.07906558","0.32802004","-0.24414948","-0.26800558","0.10558405","-0.42139903","0.5865461","1.9380004","-0.3972981","1.1545839","-0.9544216","-1.0379663","-0.7757404","1.4739785","0.3070396","0.11564313","0.26614475","-1.6739424","0.36496466","1.1867074","1.7811697","-2.2460675","2.0666592","1.6310482","1.6659901","-2.0982752","2.9533794","4.4610643","-1.9920477","-1.3967633","1.7999147","-0.9854375","2.5772681","1.1229485","5.154886","1.76766","2.7061608","1.8767159","-1.4224536","-1.349119","-0.22760351","3.8819063","1.930873","2.9056864","0.77798665","-1.9283441","1.807303","0.9620976","0.9800725","0.04630313","-1.5846766","0.84592795","-2.2790828","0.4795876","2.1163504"
"Pancreatitis","-1.5484504","-0.6308958","0.475774","-0.012364248","-0.65209115","-0.29450703","0.40076196","1.7936312","-1.100741","-0.6157781","-0.28269047","0.78633106","0.23430993","-0.35674426","-0.013731683","0.33801362","-0.3451832","-0.36580366","1.614197","-0.025018912","2.394748","-0.091910414","1.0749784","-1.1406113","0.8547808","-1.0356574","0.25560135","-0.41313288","-0.72575605","-0.4121938","2.92893","-0.93108124","-1.5207015","0.35061646","0.30823466","1.3986951","-0.16035452","-0.3027159","-0.21404824","1.3160858","0.22659083","-0.17261165","0.96182686","0.75853765","-0.90654045","-1.3536749","-0.3517086","-2.469627","-0.1946235","0.806904","-1.7759831","0.78877926","0.16243495","-0.7678512","-1.8653166","-0.43232194","0.21154815","0.9120029","-0.24738534","1.5646012","-0.5790423","1.4252663","1.6197741","0.72565734"
"Parkinson disease","0.17049912","0.11561044","-0.3318342","-0.085642785","0.10373183","0.16967234","-0.08712073","-0.30707616","0.018271165","0.07849227","-0.398645","0.13843353","0.122109145","-0.098704904","-0.08934362","-0.09356587","0.07052112","0.073483035","0.44754305","-0.24351117","0.32480568","-0.35627863","-0.08440896","-0.30653897","-0.6969961","0.089115284","-0.08760036","-0.27437472","0.101702765","-0.055159446","0.43153778","-0.10483694","0.2045309","0.6142666","0.34266415","-0.208021","0.40099838","-0.2456374","-1.538491","-0.9946429","-0.8871752","0.9009279","-0.1911325","-0.4156201","-1.0590498","1.1474404","0.9737054","0.8081589","-0.8669961","-0.7301961","-4.8569083","-0.8920941","-1.7463255","0.14343223","-0.05626095","1.0779716","-0.177921","0.2643021","-0.13795389","0.1649356","1.7136886","1.7524554","-0.716871","-2.4650524"
"Parkinson's Disease","-1.9788725","0.030480169","-0.05588747","-0.05264734","-0.030881133","0.02005503","0.030242534","-0.062720165","0.0198575","0.037706353","0.009798642","0.008010141","0.015023457","-0.010694247","-0.026149433","-0.02002645","0.005455806","0.036316358","-0.034833368","-0.0038666779","0.029998442","0.0037717794","-0.053260565","-0.0069058305","-0.010208322","-0.009549458","0.0032602823","0.010712946","-0.0026737573","-0.0013461154","0.028319033","0.019443264","-0.0072088083","0.010259961","-0.015643412","-0.052741714","-0.082372844","-0.012741428","0.05424853","-0.047899637","0.11594497","-0.008983316","-0.015212747","0.21865323","-0.42804837","0.076719806","-0.0717211","-0.10677045","-0.42900792","0.74422365","0.38026768","0.86887103","0.22250684","-0.099933475","-1.0921414","1.350946","1.1303864","1.6000437","3.1767282","-0.5622485","0.5595831","4.4132814","1.5383644","-1.5580051"
"Parkinson's disease","-1.9536753","0.019434685","-0.015723264","0.021191921","-0.06400101","0.056626648","-0.09615099","0.045279853","0.05259221","0.010577445","0.009895847","0.01581293","0.009851235","0.010298889","-0.010921824","0.011570544","-0.011937981","0.013409795","0.025951503","-0.095497385","0.058889136","-0.0036318249","-0.05568689","-0.021233853","-0.03234099","-0.046500232","0.046263605","-0.11725391","0.13768294","0.07209513","0.09737145","0.015831903","0.092323415","-0.028570373","0.04664055","-0.14388491","0.16019297","0.15089475","-0.02304414","-0.26404345","-0.011179389","0.26231518","0.18868166","-0.19720446","-0.16611347","-0.03959638","0.080210336","-0.28141132","0.004478494","0.24563275","0.4632589","0.9352327","-0.59115267","0.3353637","-0.937462","-0.673069","-0.92599076","2.8672996","-1.1996446","0.6872916","1.3441416","-0.31725615","0.49813122","-4.4661136"
"Parkinson's disease with mild cognitive impairment","-0.11686019","0.03585609","-0.805856","0.30563816","0.0015547293","0.11586541","-0.3103445","1.1586461","-0.06723456","-0.85681134","1.056471","-1.8518977","1.1173953","-1.6618285","1.644346","-1.5679814","0.5464323","3.7331603","3.4129336","-1.4501033","3.0418625","-0.80289245","-1.1957959","-2.2651873","-1.578092","0.43488008","-0.14153726","-3.2763715","-2.2397425","-0.16870338","1.0896883","1.156347","-0.05713407","-0.04707257","-0.43582788","0.23010796","1.8053483","1.423934","0.93968284","1.3801664","-1.046149","-1.2381105","-0.88280576","1.2859308","0.9914539","0.40630886","-0.74967086","2.475324","1.1966193","-1.3562983","0.2279972","-3.7110925","0.26725328","-1.9610258","-2.325102","-0.6552183","-1.2199372","0.82086796","-0.8369568","0.7284017","0.1277851","-0.2637535","0.52966356","-0.3497231"
"Parkinsons disease","-1.177275","0.52423686","-0.46608722","1.3418562","0.48567733","0.19416052","-0.15481712","3.005603","0.8289545","-0.05918554","0.18629788","-2.5463586","0.9074568","-0.84489393","1.2649351","-0.30001685","0.88792807","-0.614156","0.029233417","-1.6300715","0.35691234","0.3034151","0.45889002","-2.0175638","1.6522201","-0.118419446","0.48453495","-0.08456685","-2.3442078","-2.207736","-0.11707737","0.6467733","-2.284014","0.9894273","-1.7476854","0.5350408","1.5842704","-0.08596504","-0.510884","-1.0029594","-1.1334358","0.4874188","0.2863347","-0.97236264","-0.1832969","-0.8742247","1.3780173","2.245417","2.176184","1.2121904","0.38803875","-0.2674477","0.3949763","-0.9879385","-0.20716888","-0.14577232","0.35879418","1.5141596","-2.2688372","0.12713806","-2.8534362","-0.37828627","-0.119462214","-1.9833113"
"Pediculosis","0.17178163","0.15470856","-0.30572644","-0.24065173","0.069230996","0.13783093","0.09590653","-0.10099395","0.112250395","0.020773236","-0.011094736","0.06666148","-0.13821366","-0.09496206","-0.26111326","-0.2237309","0.44143865","0.060927507","0.050680935","-0.25062984","0.080096394","-0.16375998","-0.29444933","0.39582092","-0.12099937","-0.16714497","0.07928148","0.02431067","-0.036425795","-0.027279204","-0.05150414","-0.16795911","0.03535935","-0.14091755","-0.5156632","0.056964904","0.011356955","0.21249165","-0.84187436","0.6398254","-0.12539385","-0.8891116","0.46444476","-0.20267919","-0.2568716","0.11747821","0.17478855","0.1506539","-0.5070375","0.5342197","-0.1761153","0.0053207274","0.36217493","-0.003811564","-0.18232882","-0.5576127","-0.21264093","-0.10609748","0.32095388","0.2890535","0.51813704","-0.5129969","0.33591437","0.18011919"
"Pelvic inflammatory disease","0.1819943","0.99447405","-1.4884279","3.175057","1.227531","-2.3415775","2.4578693","0.7876323","0.7122679","1.0821247","-0.525485","1.5810976","1.2210442","-1.0305926","0.43818787","0.04214952","0.45724925","0.114661366","-1.7279634","0.20174065","-1.630237","-0.17423849","-0.36487037","1.1480665","-0.71555775","-0.30409813","-1.8741027","-0.19719699","-1.1077002","1.1637352","-1.7973095","0.29772645","0.024840511","0.46757457","-0.0716608","-0.97108424","-0.6786649","0.9907961","-0.6453445","0.49237442","0.4970036","-0.12992989","-0.9600139","0.39505786","-2.2409945","1.042833","1.7599152","0.80926955","2.2457602","-0.46454188","-0.9289563","-1.5446863","-1.5444974","-1.0996239","-2.2471519","1.7523801","0.22334656","0.232695","-0.3082347","0.27416825","-0.95511997","-0.28975296","0.049216248","0.7848413"
"Pemphigus vulgaris","-0.12499933","0.73790646","-0.9179186","-0.64827204","0.46475908","0.44283122","0.6434604","-1.7787478","-0.2023058","0.71523476","-2.4113426","-1.7915815","-0.13377637","-0.7930936","-0.029065352","-0.33279002","-0.706806","-1.4430873","1.0980053","0.4017029","1.2120384","-0.5948647","-0.8773913","0.7767049","0.5466888","0.06971861","-1.1283169","-0.823671","-1.8236687","-0.82083017","-3.1145701","0.53392684","-1.668957","-0.18172574","0.5782187","-2.2383995","-0.74900126","2.1952703","-0.7565723","0.16778964","0.68146783","0.6344679","-0.7395864","1.8989131","0.49355754","-0.13993175","0.042021707","-0.46104753","-0.77498686","0.98981184","0.61848503","1.0425698","0.04616558","-0.696312","1.8787676","0.14650095","1.2450761","-1.6836021","-0.14233506","1.0649709","0.26947522","0.7654083","2.225656","-0.78841287"
"Periodontal","-0.35780153","-0.14156085","-0.85337824","-1.8162364","0.36199242","-0.37714657","-2.303557","-2.5806136","-1.0408815","-1.791384","0.8057476","0.2581215","-0.8040565","1.20388","1.7915","0.43514296","0.6577685","-0.5064571","0.67861056","-0.65934855","-1.670362","-1.4708253","2.9431508","0.29914626","-0.94583994","-0.89725363","-1.5348914","-0.9891333","-2.4499984","1.3985746","0.62811565","-3.2543838","0.60190284","0.4846862","1.3897456","0.41082644","0.490394","2.1963468","2.1991696","-0.71165824","-1.3100792","-2.37762","-1.1763319","-0.7584744","-1.572975","-0.3345352","-1.3755033","0.31468728","1.2232714","0.5488808","-1.1660827","0.9757546","-1.9655445","-1.4249665","2.0328639","-2.2600884","0.69191456","-0.41644004","1.6083914","-1.5656112","-0.35056877","1.4714657","-1.6214769","0.48712537"
"Periodontal abscess","-0.57572746","0.37895018","-0.17211097","0.50343376","-1.4727767","2.27484","0.9252867","1.0416889","-0.17036368","0.287293","-0.36730647","0.114431724","0.93221676","-1.8197874","-0.7266184","0.458797","1.3184625","0.19065888","-0.59902173","-0.71619856","-0.1526766","-0.19942357","0.5257555","0.5196679","0.75421554","-0.25223622","-0.18561293","-0.04766615","-0.01037009","-0.8182327","0.6139658","-0.9296642","-0.17912838","0.03322788","1.2986096","-0.44401717","-1.2789825","0.28030965","0.5026668","-0.13889332","0.19518244","-0.5419355","1.0096304","-1.3568741","0.70798326","-0.2832782","-0.20543084","-0.9010512","0.40397874","-1.1516362","-0.644119","0.4720998","-1.3598075","0.90765387","1.5334021","0.95731026","0.22317708","-0.68278503","-2.122744","0.36934885","-0.9273798","-1.8164108","0.15878665","0.108027846"
"Periodontal disease","-1.9075015","0.029451277","-0.120534725","-0.13829459","-0.042189933","0.041713487","-0.07514806","-0.21929927","-0.065124705","-0.08978397","0.051264323","0.080383055","0.035870705","-0.026148386","0.1248467","-0.0012591672","-0.13995126","0.013142839","-0.05935516","0.059729014","0.049143232","-0.077398434","0.12927687","-0.08439746","0.12096908","-0.14806016","-0.14756264","-0.17623457","0.10956987","-0.11362836","-0.070492424","0.0057909586","0.05566696","-0.16481514","-0.038196795","0.14119062","-0.023464462","-0.053376228","-0.14157438","0.3037564","-0.17635627","0.12527695","-0.31039193","-0.123320065","-0.5489544","-0.18817888","-0.1765493","0.3987417","-0.17205566","-0.47321686","0.23935853","0.13572338","-1.2825118","-1.891531","0.98071295","-1.5915841","2.1336658","-0.68626195","-1.6277566","2.2655685","-0.3336309","0.7170991","-2.9774482","-3.534965"
"Peripheral Arterial Disease","1.0852945","0.16618426","-0.38179708","-0.21362711","0.02871107","0.17758985","0.07992794","-0.19452885","0.04387004","0.16068913","-0.039883073","0.022410521","-0.12652102","-0.18006043","-0.11435782","-0.17399183","0.064777605","0.07435079","-0.057255995","-0.15974677","0.09738549","-0.2119612","-0.19601578","0.088203296","-0.028857147","0.08681196","0.16752231","-0.0039866767","-0.07481636","-0.07007213","0.06730022","0.027518194","0.017754002","-0.09551839","-0.056295514","-0.0006458834","0.06932106","0.18804225","0.048690308","-0.013345816","0.007955937","-0.008035629","-0.0473496","-0.060001805","-0.18759334","-0.071204334","0.033159148","-0.017071923","-0.25743264","0.17010272","-0.007829861","0.04313204","0.05436849","-0.04030008","-0.02117534","-0.0044733346","-0.15623112","-0.09128095","-0.08204918","0.024805216","-0.048896804","0.03319081","0.048244264","-0.06557957"
"Pervasive developmental disorder NOS","-1.7595303","0.04518963","-0.054846626","-0.074783266","-0.010564324","0.07983374","0.06523857","-0.14791442","0.04733605","0.1242527","-0.114863835","0.057400893","0.029907268","-0.013841826","-0.088002816","-0.32817253","-0.05330231","-0.027329247","-0.48552427","-0.3218227","0.4435329","0.062423572","-0.58492035","0.50419027","-0.39052466","-0.024267526","-0.08088837","0.551295","-0.22465983","-0.5579054","-0.4682245","-0.23017201","-0.771143","-0.44473103","0.073974356","0.64119226","0.6062908","-0.3596893","0.5288727","1.4774616","-0.65412605","-0.16230167","-1.0453738","-0.9315775","0.5619514","0.49303132","-0.3403465","2.110696","-0.20155859","-0.052268885","0.231296","2.4573703","-1.029291","1.2749906","-0.8060243","1.4560093","0.9216788","-2.320483","-1.8512125","2.1741836","3.919859","-1.734354","0.74794394","-4.018564"
"Phenylketonuria","-0.57020414","-0.22945538","-0.3024677","0.019685254","1.4683166","0.04735796","-3.1338866","-0.26345575","-2.1439013","-1.0276268","-0.6995906","1.8542802","1.5045229","-2.635684","-0.8790508","0.18125089","0.7875605","3.7156472","-1.7434253","-0.70925766","-2.7904177","0.2322024","-1.0063664","-1.198565","1.1430451","0.28547174","-2.4365354","-1.1092807","1.4872812","3.053055","2.2395637","-0.5323509","-2.3459795","-2.0015976","-1.9871842","-0.33543044","2.0892363","-1.4123976","0.38852572","-0.9463347","1.7337803","0.22869787","0.7446814","-1.2166325","0.4601405","-2.8573587","2.8878815","-1.9984053","1.9949162","1.1418719","-0.3847693","0.96585083","0.86191326","0.8732696","1.7390721","0.7613431","1.3168255","0.8849745","-0.40423402","-0.7955671","0.40953252","1.8646011","-0.46164626","-0.4919666"
"Pneumonia","-0.5770781","-0.1731042","-0.6109451","-1.5540109","0.93592155","-1.0000927","-1.7045304","-2.0567033","-0.9089293","-1.3778203","0.73573786","0.06280684","-2.1400728","3.024731","0.025938012","-0.6630314","-1.4083949","-0.17238551","1.7378888","-0.18594125","1.3362153","-0.24925141","-0.51179796","-0.5410485","0.0003924269","0.69921225","1.1626978","0.03118366","0.10540305","-1.2276056","1.2825419","-0.5578667","-1.2417581","-0.6792181","0.38098103","0.5063604","-0.93289465","-1.0634944","2.4017065","-2.1286073","1.7757467","-1.7331507","0.8464719","0.2574205","1.7006131","-0.62671405","-0.34658155","0.17321219","0.9498588","-0.61306477","-1.3925595","1.710101","1.0529487","0.73156273","0.86411744","2.780581","0.616982","0.6657314","-2.3254776","0.27735344","0.18739702","-2.011515","0.29746735","0.41224515"
"Polycystic Ovary Syndrome","-1.1123343","-0.79888105","1.3527182","0.6414455","0.41075626","2.403644","-0.6277148","0.8251748","0.87080497","0.04051338","-0.72509444","-0.7456515","-0.85063463","1.3805392","-0.629738","-0.47569385","1.7301737","-1.8294259","-2.853036","1.2743642","-0.18125384","-0.013181396","0.98625636","-0.4538624","0.2733204","0.55442834","2.1312642","1.2450173","-0.10470821","-1.374161","-0.052453388","0.85359037","0.9124244","1.9293522","0.3005128","1.025291","-1.247626","0.5731594","-0.2383148","1.6211438","0.15413414","0.36438808","-0.71759534","4.2868943","-0.12196939","-0.8405893","-0.27181804","-0.59386903","-0.3136693","0.4434855","-0.6242846","-2.874915","-0.2638047","-0.7875455","-0.24572545","-0.39424664","1.0616698","-0.22132812","-1.2620134","4.0901484","1.6341687","2.5798545","-2.302117","1.1726272"
"Polycystic ovary syndrome","0.68000364","0.13064076","-0.35288608","-0.21636832","0.041557726","0.1485766","0.054446045","-0.19113797","0.09080187","0.09972403","-0.028708244","0.03485545","-0.0881215","-0.1767729","-0.075332716","-0.23329133","0.10038583","0.06972985","-0.102274485","-0.15779713","0.20259972","-0.20143957","-0.12086217","0.14917172","0.08296288","0.06809224","0.11258798","0.06948417","-0.120832615","-0.05157312","0.11840594","0.12670594","-0.31989443","0.0593355","-0.11005536","-0.07742878","0.17561087","0.27165905","0.28629687","-0.022325974","0.091285534","0.2157776","0.12694257","-0.16341291","-0.40969762","-0.36273777","0.29213852","0.06815407","-0.080626905","0.47512418","0.030088227","0.06286789","0.13680816","0.17440408","-0.3715417","-0.25738463","-0.26133025","0.20342222","-0.20097072","0.27180746","-0.25864404","-0.6966039","-0.17509466","-0.36436883"
"Post-finasteride syndrome","0.49914","0.13060895","-0.35385996","-0.18384369","-0.009649503","0.0038791283","0.088169396","-0.19363354","0.0023499862","0.11136832","-0.090381816","-0.0010370521","-0.14530857","-0.083828084","0.03413652","0.095542066","0.12576273","0.27632496","-0.1234457","-0.16331674","-0.15262817","-0.33525515","-0.021895247","0.13014215","-0.2241724","0.022198489","0.10810524","0.04660889","-0.20240459","0.30500972","0.24656603","-0.15081581","-0.28140107","-0.21889804","0.084798306","0.01643891","0.5880184","0.03971233","0.4497245","0.0040271543","-0.21145327","-0.13460152","0.039204102","-0.53977597","-0.3951269","-0.24778868","0.24104753","-0.4457722","-0.24156708","0.029632488","0.11017198","0.3333094","0.2938037","-0.12897542","0.08529462","0.4615423","0.10585415","0.15189686","-0.18088923","-0.13389668","-0.23308328","-0.069434896","-0.2185533","-0.14874955"
"Postmenopausal","-0.44829008","-1.0049055","1.1100453","-2.6225073","0.51960784","-2.4459846","-2.5825875","1.6526284","-2.041772","-2.2170355","-0.45404255","-2.3509703","0.5049857","0.06360977","-0.38750368","-0.058562238","-1.6671295","-1.7229294","-2.6756852","0.42064193","-0.085436165","0.8971737","-0.47281548","2.3163087","-0.7502151","-2.521251","-0.4703777","-0.24884832","-0.6094768","-0.8403128","-1.8242157","-4.052027","2.5710003","0.997427","-0.72831595","0.11973389","-1.1787447","-0.41606987","-0.23244908","-0.7981184","-0.28084466","-0.8097382","-1.4912302","1.2926706","-2.368421","-0.63229734","-0.1127646","1.0139621","0.51406604","1.2628118","-0.26957747","-0.27144137","-0.5338714","2.2385478","0.6652203","-0.6793944","-0.6058606","0.33716983","0.20646565","-0.8051643","0.37151742","0.5542679","0.47287697","-0.88105667"
"Posttraumatic stress syndrome","-0.7469733","-0.20183536","0.23469016","1.5066942","1.6155992","-0.8742261","-0.6501311","2.0394452","-0.27869767","-0.57908785","0.06394022","-1.5505062","0.97897667","-1.4765904","-1.3673984","0.3474933","-0.5467239","1.7506913","-0.5803493","0.0005034238","0.10708343","0.2507496","-0.5859604","-0.008622548","0.751221","-0.1576586","-0.45890447","0.39583862","-0.22579353","0.25503716","-3.8000283","-0.037751645","-0.8718552","-0.72851723","-0.28582495","-1.4287895","1.4441391","0.13711321","1.8100399","0.851166","1.1773783","0.02623495","0.23902172","-1.7056365","1.2978656","-0.7640879","0.8524994","-0.37362576","-1.3273637","-3.393014","-2.413212","1.228191","0.024751402","0.57702816","2.287386","-1.7338945","-0.008517871","-0.34115258","-0.24930385","0.48946315","2.3686054","0.06273199","1.1470736","0.22735602"
"Pouchitis","-1.3287525","-0.9076526","0.976849","-0.65922534","0.81819874","0.6837367","-1.9352963","-0.5921428","0.08244022","0.45238742","0.31018865","2.3301792","-1.4437169","2.6282206","1.05137","-0.14826429","-0.3536906","-1.74992","-0.36095363","-0.7776776","0.14669834","0.3639776","-0.89266145","-0.65833074","0.3663608","0.43519592","0.089217745","-0.44821414","-1.6547163","-0.4979134","1.7725384","1.1057616","-0.6177046","-1.0366745","-1.2021406","0.5547577","1.9441376","0.04628593","0.15113452","1.3480564","-2.0525036","2.6363316","2.577142","0.68954325","2.0404532","0.48876408","-0.4881236","2.2027738","1.8304669","2.5508382","1.1346776","-1.4573345","-0.015743274","0.30093086","1.3600513","-0.19668567","-1.6520419","0.58586174","1.3455261","0.8730425","-2.2828684","0.09282089","-1.8156332","0.012325024"
"Prediabetes","0.33521944","0.25108534","0.25925437","0.71041214","1.1243095","-1.4083229","0.8067257","0.82685053","1.3957878","2.0941355","-0.24922603","-1.09947","1.116547","-2.6458693","-1.5620984","0.5251246","-0.55478394","-0.98952824","0.47942597","2.000731","1.0465993","-1.9999634","1.6456493","0.75336874","-3.2229176","2.4089236","0.28129658","1.7254697","-1.2184447","-1.9402236","-1.1939281","0.111804806","-1.3416436","1.8509867","-2.4520175","-0.45157683","-2.4932604","-3.1520662","1.6508934","2.7781694","-0.5466132","-1.7289912","0.54278094","-0.9705794","-0.995227","-0.5269347","1.1138906","-0.8710576","-0.62618726","-1.0956073","0.68766177","-0.6876951","-0.34046245","-0.1280655","0.6689965","0.32874787","0.5380591","0.79647666","0.6137384","-0.63428336","-0.6043936","-0.63419914","-0.8122079","-0.5243419"
"Preeclampsia","0.1735397","-0.017437141","-0.3248737","-0.12937759","-0.12103873","0.062816784","0.044351697","-0.14879993","-0.26867548","0.4510012","0.28502724","-0.043785054","-0.27739915","-0.11804196","-0.19870606","0.20274566","-0.17764954","-0.21161057","0.29905373","0.13407373","-0.48002535","0.23228699","-0.50644237","-0.17136814","-0.39133522","-0.1321902","0.2436304","-0.4062372","0.22148201","-0.034902893","0.3885268","0.07118398","0.487883","-0.39161354","-0.8263035","-0.16114224","0.027721126","0.076518506","-0.7248282","0.82268214","-0.00084922207","-0.5853132","-0.5685419","-0.4512393","1.0299802","0.6963836","-0.38686797","-0.7632258","-0.91615564","-0.6574672","-0.43030587","-0.56214494","-0.88445616","-0.8977262","0.7370469","0.5498652","0.3720604","-1.691508","-0.65939796","-0.5406147","-0.03398251","3.0240262","1.1865865","1.4476331"
"Preeclamsia","-1.6305678","-0.88946164","-0.24496478","0.22192389","-0.19877142","-1.0297545","-0.5467329","-0.5220375","0.008229987","0.15162739","0.79519784","0.08406205","-0.5432557","0.9290068","-0.07320343","0.43317172","-0.5277122","-1.4900075","-1.0835259","-0.24946594","-0.46425405","-0.05313487","0.5836164","0.7024709","0.8365758","-0.43026012","-0.9675732","-0.105730474","0.7411143","0.6830628","0.489361","0.38514006","1.1925721","-0.45265707","-0.34597266","0.21155164","0.4344415","0.27968857","0.9192807","0.89064974","0.10518524","-1.3586148","-1.7441922","2.1833131","-1.0488744","0.51114196","-1.1373858","0.16529736","0.9751087","-3.2194636","-3.4791977","-0.772396","-1.2525412","-1.1436408","-0.699189","-0.17845213","0.09061259","-1.6231095","-0.765564","-1.7093945","1.1620924","1.7251025","4.474365","0.28025925"
"Pregnancy","-1.5598228","0.11546137","-0.16665347","-0.1808876","-0.6994386","1.1241226","0.14236088","0.12403132","-0.24878213","-0.33768454","0.039510593","-0.23109613","-0.01708331","-0.09299455","0.14478628","0.46447033","0.49526292","-0.010558035","-0.07650338","-0.35801518","-0.52141744","-0.34762993","0.75979614","0.334371","-0.117756456","-0.2385433","-0.20193559","-0.00083499023","0.02549659","0.34158763","-0.19008328","-0.094915204","-1.9346621","-2.2593367","1.0568421","0.56205076","0.12004362","0.10686413","0.54031724","-0.59544784","-0.9488991","-1.6271522","-0.8519695","1.7527009","-2.6162786","-0.17265007","0.6932027","-0.21491662","1.3344185","1.2260203","-1.1970854","-2.1415818","0.066028774","2.9262283","3.0377414","-0.9612081","0.17399926","-1.646557","-0.8700822","1.210571","-1.1079108","-2.4787512","1.2748141","-0.61293095"
"Pressure ulcers","-1.176408","0.1558291","-0.28599396","-0.66071254","-0.5439992","-0.80834055","0.47939885","0.78019905","-0.34531784","-0.19743636","-0.5726183","-0.25228807","0.29707107","-0.62196356","0.26281816","-0.109745175","-0.0662567","-0.6253278","0.8318369","0.465043","0.024387702","0.20052017","0.47104496","0.5986756","0.79183733","0.41449028","-0.70251036","0.72696364","-0.24540038","-2.6114173","-0.3641755","-1.7154367","-1.3906025","0.7364745","1.7942103","1.7083024","0.5795681","-3.390758","0.9576796","-1.5538422","-0.250852","1.4460039","-0.676597","-2.2554085","0.13621025","1.1282059","-1.0496087","2.3818338","0.089441836","-1.8565632","1.4525721","-2.8951774","3.3262475","-1.4573692","-0.8597983","1.4227256","-1.0917972","-2.2206347","3.9508488","-1.9550805","0.117718965","1.0721694","0.63346106","1.2519346"
"Preterm birth","-1.32669","-0.2846504","0.34924832","0.5131082","1.9263556","-1.1904452","-0.47060904","-0.94653124","1.1185001","0.9647579","0.31396738","-0.46796945","-0.6295181","0.39296418","0.28427872","-0.38125038","-1.0014265","0.25841612","0.41629353","-0.7576784","0.3928368","2.5416236","1.3733814","0.52542","-0.57754004","1.0169512","0.6655265","-0.4254004","0.036760435","0.8135663","-0.22764248","-0.45427588","-1.2700231","-0.6979216","0.4251852","-0.168203","-2.1833735","-0.8853184","-1.6195728","-0.12893938","1.0724165","0.3019014","0.20784661","-0.21161364","0.024080526","0.23721242","1.9983817","2.5376463","1.9762115","-2.5958521","3.0854306","2.843835","-1.1466","-0.32356918","-0.39310646","1.1197251","-3.0156245","3.4887881","-1.5016333","1.8930912","2.8900597","1.1506757","-2.2542703","0.98881036"
"Primary Open-Angle Glaucoma","0.19420908","-0.7393652","0.8388867","1.1882278","0.13097213","-2.155883","0.11445608","2.4581063","2.0161085","1.7776481","2.892131","2.0076606","1.2279198","-1.5163159","-1.2975843","1.7279011","0.12031484","-1.5776697","0.22039315","0.80375165","-1.2497511","0.6204481","-0.92585653","-1.8130249","-0.6449938","1.3536466","-0.015566591","-2.6126497","0.9941985","0.6225452","-0.2308043","-2.2408621","0.28831714","-0.8448738","-1.5406474","-0.24585229","0.39479545","0.9367985","1.0476165","-2.226537","-1.1354932","0.28724647","-0.022099232","-0.7270306","-0.5600841","-1.0529387","-0.08746389","0.7361362","-2.3507178","-0.79570407","0.49722353","0.8056922","-0.095813096","0.26910028","-2.041815","-0.95090616","0.4908115","-0.14756349","0.83531964","2.1671286","-0.015152743","-0.49745238","0.96388346","-0.05811036"
"Primary biliary cholangitis","-1.5173397","0.22730558","0.35415247","1.2984816","1.0047172","-1.1425198","-0.51155305","0.07016911","0.5589884","-0.90141517","0.5309924","1.1210656","0.39006817","-0.051434964","0.311354","0.08171333","0.32950637","-0.3075877","-1.4336857","-0.98615795","-0.9476736","0.7836596","0.026321523","0.19325003","-0.8877088","-0.88667834","1.8132749","-0.32944983","-0.65795237","-0.30270925","0.73091584","1.271051","0.6946345","-2.536302","0.91168284","0.099841595","-0.8715474","-0.57623154","0.12881245","-0.6708157","-1.5975186","-1.4199897","0.15921366","0.3011763","-0.13063522","1.6720324","-3.3329","0.64060044","2.5777264","0.2848126","1.0060496","2.0466669","-0.4779984","-2.9776146","2.42872","-2.287976","2.024799","-3.4896922","0.25519943","1.1026983","0.719919","1.6378098","1.5384344","3.6672206"
"Primary biliary cirrhosis","-0.90811956","-0.45297128","0.52955693","0.78235704","0.73429596","-1.8883108","0.5557096","1.568062","1.7499256","1.1973511","1.5494162","0.8969312","-0.5802976","1.2420213","-0.11558995","-0.39483732","-0.6568249","0.30411717","-0.031699654","0.08457205","0.76331073","-0.4243288","0.24358171","-0.11726068","-1.212822","-0.07796765","0.33695424","0.12808597","0.656822","-0.06752563","-0.997494","-0.009254009","0.20115101","-0.54457426","-0.41262302","1.1738902","-0.6841616","-1.2033406","-0.08368058","-0.2262849","0.08666175","0.33119974","1.0260787","-0.017093278","1.1395254","-1.090464","0.5048289","0.19568099","1.2152017","2.144384","-1.3072349","0.20719506","-2.2985094","-1.6464536","-0.35835528","-0.93093127","1.5023754","-1.8992679","0.8541826","-0.6094615","0.99386805","1.3595889","0.12856075","1.3989776"
"Primary immune thrombocytopenia","0.33015102","0.15390947","-0.30204153","-0.21334907","0.035533715","0.23498778","0.0137990825","-0.17926376","0.07797206","0.18016051","-0.10685728","-0.23735674","-0.1968003","-0.10895301","-0.23710719","-0.049714047","-0.008588057","-0.11595057","-0.12253126","-0.3147368","0.12518479","-0.23464175","-0.23363595","0.27101365","-0.19751066","-0.0593959","0.27386892","-0.15139179","0.5234491","0.8858967","1.085458","-0.59912926","0.87835574","-0.569934","0.61408895","0.11383864","0.41952366","0.43111187","-0.57262397","-0.73565686","-0.9966629","1.3143405","0.54350895","-0.67949164","0.7236815","0.9275012","-1.1567897","1.6396574","-0.15196237","0.71411186","-0.37888864","0.5245374","1.4010797","0.14629419","-0.0051636887","-2.029477","-1.5192779","-2.0560317","-1.2397251","0.00076123874","0.1648718","-0.20388158","1.1377776","0.039166093"
"Primary liver cancer","-0.6560121","0.023540977","0.030009272","0.044703458","0.17403932","0.076036215","0.08800765","0.7651841","-0.03621091","-0.22358492","-0.13680118","-0.697575","-0.2957081","0.11952241","0.7863815","0.505455","0.38035318","-1.5569296","1.4582404","1.2187781","-2.2876334","-0.108429216","-0.50015616","-2.5199375","1.941977","0.21182296","2.0146544","-2.2083936","0.47490808","-0.28510392","0.5387515","-0.8372539","0.49201033","5.1528406","6.002496","0.40695179","-0.54004747","-3.6114779","-1.4160503","2.4727657","2.791174","1.6707091","0.91169655","-0.10646533","-1.0491143","-3.0069425","2.00038","-0.6572364","4.102119","-0.120064564","-1.7629819","-0.8703043","4.0679965","-1.8273398","0.01653088","-3.6268718","-1.2472463","-1.2028747","-0.86251897","0.45884314","-2.264281","-0.93058133","-1.059225","-1.026342"
"Primary sclerosing cholangitis","-1.7808158","0.0053410716","-0.12817565","0.35633072","0.23002082","-0.48249894","-0.08591505","0.6847766","-0.34408087","-0.38172653","-0.33993813","0.008832336","0.17444184","-0.0564296","0.2400799","0.30403563","0.35711014","0.21088807","0.14128397","0.13813633","-0.8543452","0.5101957","0.42691493","-0.50548136","0.57677495","-0.5411167","-0.23909499","-1.0671303","0.07914453","-1.1314042","0.6854853","0.19488923","0.1823194","-1.2514509","-0.8999591","0.88088906","0.4635041","0.13275196","0.100221284","1.2585131","-0.09992068","0.55071986","1.1406806","0.91499054","-0.05880539","0.37512225","0.7335057","-0.45117816","0.63027424","-2.2549164","1.6638541","-2.348763","-1.6433944","0.28451174","-0.5934461","-2.5092824","0.32140762","-2.453951","-0.5716694","-2.4276063","3.3865483","-0.9312649","-0.83275855","-2.776588"
"Primary sclerosing cholangitis-IBD","-1.832474","0.17481636","-0.16964093","0.4586086","0.16645615","0.07815674","0.073789574","0.17583573","0.240564","-0.01359672","0.1433713","-0.22527628","0.22483052","-0.32962054","0.24492608","-0.05645721","0.7181871","-0.21159011","0.10533994","-0.022597576","-0.73981726","0.35710552","0.28826627","1.0492297","0.4936146","-0.77807736","0.16702028","0.0036937497","-0.03940194","0.011065171","0.3698461","-0.30819306","0.22404122","0.5620522","-0.1659493","-0.6936142","0.71342254","1.3108007","-0.3748279","-0.045197304","-1.0259315","-0.54924554","-1.517335","0.5852805","0.8177325","1.3753923","1.7290424","-0.36353067","1.8435693","-0.18310976","-0.27816823","1.1364951","0.64845365","0.0072140433","0.8077495","-0.6844373","0.587447","-1.5804684","-2.8976803","-0.34069714","2.483757","2.4970062","1.4215078","2.834034"
"Progressive supranuclear palsy","1.0822139","0.15610997","-0.3906062","-0.23121084","0.074297935","0.17712608","0.13351679","-0.1931014","-0.046332292","0.19629742","-0.061238952","-0.11116516","-0.12960616","-0.26049572","-0.17486651","-0.39642584","-0.0021201775","0.1941641","-0.13415785","-0.09012008","0.30083552","-0.2937825","-0.52330637","0.21096797","-0.29044104","0.38131592","0.14686987","-0.036021512","0.08986614","-0.04766272","0.33496237","-0.024582876","-0.009561866","-0.15588987","0.2203863","0.22948837","-0.34552053","0.06854044","-0.54223883","0.51360786","0.13844445","-0.43480802","0.25316456","0.14545052","-0.8965814","-0.05015913","-0.21042353","-0.1736105","0.16615166","-0.17747307","-0.23467426","0.16133846","0.16665731","0.14981121","-0.03456597","-0.14785384","-0.16892526","-0.6194257","-0.15364255","0.20182022","-0.2167619","-0.57668114","0.21706207","0.35303417"
"Prostate cancer","-0.7551498","0.039434858","-0.15799502","0.023687452","-0.26196915","0.00444154","0.0031195863","0.040967472","0.0137339635","0.19064938","0.24771564","0.053239472","-0.09939303","-0.029902417","-0.3136489","0.8755168","0.022206489","-1.1046875","0.58835053","0.7493769","-1.4254923","0.52679807","-0.6022608","-1.5596088","-0.047994573","1.1002588","1.0611229","-2.3176484","0.7288717","0.27477136","-0.6094424","-0.2556553","0.42790326","-0.15919171","0.7482486","-2.0292468","0.582194","0.3230485","-0.6431542","0.40980965","-0.101424746","-1.4804416","0.50277346","0.07295588","-0.40943617","-0.6170232","0.660003","0.9880897","-1.5672537","0.6301051","-0.0037315718","1.1661097","-0.06427431","-0.15044133","-0.5001506","0.034989152","0.00026102219","1.4090892","-0.53377616","-1.0774028","0.1660061","-0.7554627","0.6382988","-0.3260312"
"Protracted bacterial bronchitis","-1.3781797","0.02160875","0.004109604","-0.8852742","0.5799448","-0.29591992","-1.6733359","0.1906785","0.5045958","0.59675646","0.05757456","-0.7718335","-0.031014139","0.07420605","1.0053548","-0.70660675","-0.15724607","-0.44788116","-0.5613593","-0.03972528","-1.1150416","-0.27346703","-0.64554447","0.61714834","0.054361284","-0.30854246","-0.28241038","-1.2206979","-0.46621516","-0.18385401","0.8583493","0.5240057","-1.1747215","1.8089128","1.9158343","0.7053781","0.52054584","0.054556604","-0.12561889","-0.39701372","0.097578965","-3.0595865","0.31466907","-1.4565239","0.6380829","1.3840252","-1.2083157","-2.1350377","0.636838","1.8813554","-1.0575315","0.4658685","0.8245625","1.3003808","1.9926683","0.6120281","3.0475276","0.6073822","1.3712399","1.2073321","0.40354714","-1.9394822","1.8133099","-2.2377677"
"Psoriasis","-1.9770383","0.029727865","-0.054292884","-0.05377023","-0.030620836","0.019949384","0.019944575","-0.06438345","0.017078126","0.03870586","0.005540434","0.009319973","0.012446449","-0.008022745","-0.027430518","-0.02039534","0.0040595178","0.027391467","-0.04136243","0.0072411275","0.022943726","0.0055045504","-0.04973852","0.0017041869","-0.008594148","-0.0017554631","0.0045797853","0.0037915749","0.003212819","-0.018647725","0.026233457","-0.0085269725","-0.024367206","0.0050139795","-0.05674545","-0.08656119","-0.10562379","0.030797806","0.06640297","0.052722976","-0.02386391","-0.17872132","-0.29908118","-0.067374974","-0.17721078","0.09309256","-0.47907227","-0.3859232","-0.32390177","0.41575813","0.0018156089","0.43970746","0.4228959","-0.7840781","-0.08593427","-0.24476142","0.6575066","1.3844465","-2.2488415","0.42897618","0.16224635","1.1669925","2.6033986","-2.8932316"
"Psoriatic Arthritis","0.18254395","-0.078564286","0.16114219","0.90335387","1.024698","1.0774697","-0.6608803","0.48318774","-0.31235877","-1.653839","0.109826505","-1.1616505","-0.7076848","1.3630615","-0.26227108","-0.37268367","-0.2766591","4.0209103","-3.1474433","1.5277938","-3.5678172","0.3764011","-1.7273092","-1.1917744","-0.446086","1.8313729","0.116769776","2.2221808","-0.44527036","-1.9287492","-0.5285897","-3.5660443","3.336988","-2.2059813","0.18367213","2.3492286","0.21052061","-2.5682194","0.18956828","1.6329378","-1.5098542","-0.9585075","-0.4561024","1.0944376","-0.37509987","1.69036","0.09618367","0.1856654","-0.9869428","-2.161741","0.5097078","-0.29000908","-0.16718641","0.027083345","-0.54897344","-0.40213928","0.38457114","0.3041404","-1.0879157","1.0060765","-0.7363536","-0.3093423","0.6147847","-0.7241111"
"Pulmonary Arterial Hypertension","0.8854649","4.8368444","2.8755744","-0.51133776","0.6426185","0.0016871998","0.13138863","-0.21261239","-0.5963219","-0.6889217","0.49833912","0.98275","-0.15241238","0.030553794","0.14254856","-0.5158446","0.64193946","0.056127656","0.11662865","0.13708238","0.774494","-0.20033593","0.0028454529","-0.32274514","-0.42148837","-0.14341627","-0.077464215","-0.2357938","-0.19974153","-0.0066113262","0.050070245","0.1477047","-0.09572114","-0.2824756","-0.019553335","-0.14034429","0.19738492","0.044585746","0.09339218","-0.12872936","0.07852079","-0.087259345","-0.06546199","-0.22434284","-0.38879812","-0.17569344","-0.04575058","0.14509974","-0.33005834","0.02346929","-0.12893337","-0.045031685","0.003499152","-0.13295738","-0.3219419","-0.16582532","-0.013199687","-0.04848286","0.0375744","0.120691106","0.0910194","-0.009419677","0.027162347","0.29328436"
"Pulmonary arterial hypertension","-1.2359926","0.07979291","-0.115288496","-0.046541527","0.07442261","0.099974245","0.013044355","0.06737468","-0.012669155","-0.023416616","-0.017567651","-0.17326307","0.0071918014","-0.23183037","-0.28810015","0.23817925","-0.26675677","0.071158536","0.28407982","0.819936","-0.31010756","-1.0192056","-0.25538224","0.19571903","0.06363564","0.038446616","-0.042435933","0.54254425","-1.245221","-0.08176402","0.7588897","1.0069368","0.073320575","0.89706475","-0.92473024","-1.0202315","-1.1442933","-2.722099","1.5681347","1.3114941","-0.4133114","0.018607872","-0.28880408","-1.3603445","0.16355003","-0.4619645","2.1652992","2.398494","-0.76022667","-0.7886263","-1.9047508","2.2343357","1.3949889","0.5171585","-0.4687033","-0.4105829","-2.451915","-1.9412934","5.651983","0.058278285","0.8842856","-0.6879434","-1.4096493","0.0011561348"
"Pulmonary tubercolosis","-1.9202908","0.14223538","-0.043548305","0.10488524","-0.17860302","0.11389608","0.014345519","-0.04905981","-0.11706454","-0.09002004","-0.005938101","0.042895827","0.043869466","-0.07110975","-0.007874166","0.10522926","-0.0703206","0.012787446","0.029511098","-0.12722582","-0.17712143","0.1750369","-0.05189679","0.20038138","-0.040006142","-0.066395864","0.03769544","-0.10306898","0.21378489","0.16624276","-0.14808194","-0.16484444","-0.069567755","0.13658749","-0.22813709","-0.2636342","0.08864161","-0.085834995","0.06908919","0.24907821","0.13646302","-0.16506273","-0.5631632","-0.09274715","0.13849926","-0.27476856","0.3742991","0.13202104","0.8644725","-0.53552794","-0.47751427","0.03239898","0.4084584","0.7259877","-0.8515978","-0.72178096","0.38265398","-0.3752262","-3.794632","-1.1661348","2.3661788","-0.2964161","2.6763759","0.7709609"
"Radiation enteritis","0.32515982","-0.6973543","-0.09268322","0.6530924","3.1138647","-0.045401663","-2.4994745","-2.9095492","0.10629658","-0.5682488","0.9773889","0.88515395","0.81603235","-1.1400325","1.8465358","-1.3169398","0.7704852","0.33882698","1.2518167","-0.33205277","0.7395661","0.054366015","-0.39755628","-0.3785697","-1.6333569","-0.2613785","3.0221941","-0.80637336","-2.0426414","-0.80913085","0.0066952286","1.9200796","1.1411723","-0.0794341","-0.059177272","-0.0847941","0.5133316","0.01486377","-0.8473759","-0.8011002","-0.046338912","-0.5091611","-0.33505353","-0.2221515","-0.92699337","0.3054068","0.42589003","0.41215387","0.7436101","-0.4239393","1.0202352","-0.43824923","-0.06674711","0.42917132","0.739907","0.4368032","0.35446328","-0.8706652","-0.69864786","-0.46301737","-0.25154555","-0.5681114","-0.58525705","0.3896872"
"Reactive arthritis","0.1845403","-0.24716789","-0.13002603","1.0434383","0.7821701","-0.11268483","-1.2996918","1.9362038","-1.8350338","-1.8139461","-0.27518958","-0.78863674","0.6523735","-0.4020212","0.816989","-0.63504136","0.5041122","2.9843411","-0.039796647","0.25793946","-1.2479194","0.9167146","1.2974286","0.8403646","-2.7122726","-1.2840618","3.5564914","-1.1476446","2.4757464","-0.17511939","-0.026002487","2.7888288","2.3681386","0.5746766","-0.15878034","2.8122756","0.904015","-0.036570683","0.82204527","-1.6478069","-1.1851069","-1.9534836","-0.51777494","-2.9143069","-0.10783953","1.2351509","-1.463256","0.9152783","-0.5944503","-0.37215346","0.3238375","-1.5771567","0.89856017","1.3069205","0.5546212","0.350778","0.17605098","2.0648663","0.031202126","0.37202463","-1.7473704","-0.52298933","-1.3080136","0.34623104"
"Rectal Carcinoma","-0.45656735","-1.6852076","2.2633247","-3.5713282","-1.5768785","-0.8936974","0.7882623","0.7003721","-1.0694717","-0.0076591303","-0.9555563","-1.0125886","-0.06909599","-1.372864","-2.1926723","0.7516852","-0.89564","0.35593972","3.922199","-0.8094821","5.451631","-1.5533448","0.9681395","-3.8170447","2.3344285","0.5265181","3.065765","3.1849396","-0.8228021","2.1347144","-0.42123064","-3.938595","1.0141087","-1.631311","0.85552883","-0.349272","1.2593949","-1.1518458","-0.08947687","0.034369737","-3.0412002","-1.0660055","0.95658714","0.60393006","2.3381076","1.1945671","0.2793078","1.444642","0.9628038","0.18340984","-0.5704176","-1.5029345","-1.2414595","0.6620224","0.9833013","-0.16070431","-0.103601605","1.1731716","-0.05736538","1.1062016","-0.21597728","1.2367854","1.4242897","0.3544975"
"Rectal cancer","0.8754697","0.1442247","-0.30608734","-0.25275642","0.035094477","0.18336307","0.06452234","-0.18734406","0.05971547","0.15700448","-0.008358515","-0.20380142","-0.14016508","-0.17190525","-0.07592726","-0.17935072","-0.05125482","0.07426363","0.06160878","-0.2605722","0.3220525","-0.2901477","-0.17690566","0.037867993","0.12417008","0.00654703","0.19437203","0.058211263","0.28747705","-0.043209862","0.0076216212","0.0455452","-0.061560087","-0.49213403","-0.23157665","0.15767679","-0.062260207","0.23489046","0.31864333","0.046612054","-0.1092669","0.09437483","-0.06458456","-0.17821456","-0.5281534","0.13491695","0.032481927","-0.049373295","-0.20538831","0.050597064","0.23358293","0.26653257","-0.05971852","-0.00414682","0.047430474","0.05875935","-0.35952714","-0.35533652","0.11253021","-0.13269906","0.0076925335","0.18330218","-0.0016312852","0.029155942"
"Recurrent Clostridium difficile infection","0.88044924","-0.093167834","-0.4034961","0.14250872","-0.30813506","0.018637327","-0.37100637","-0.16867438","1.0593605","-0.6843333","-0.5014434","-0.0469246","-0.36116862","0.4594972","-0.7875326","-2.168913","2.6177056","-0.2760795","-2.0838513","2.9433591","2.2089474","-0.15724906","0.91918","-0.5044846","0.6159868","0.35450116","0.24184299","-1.3954192","-0.6722169","1.2323036","0.19989094","0.06527252","-0.21294373","-0.9132661","1.3079226","-0.19846657","-0.24893437","0.15796728","1.0739539","0.09893255","0.23377207","-0.4466486","-0.07173984","-0.51147825","0.10882041","-0.8578455","-0.32522523","0.09769071","-0.021379722","0.19672264","1.2100078","0.43926516","0.20146133","0.8351045","-0.5522108","0.19724385","-0.7385193","0.10135063","0.015387909","-0.4581997","0.28238526","0.27755505","0.44689238","0.25961733"
"Recurrent aphthous stomatitis ","0.49856496","-0.16720285","-0.39369088","-1.1229988","1.5508051","-2.1701107","-1.7983192","-2.0010118","-0.23099709","-0.33257025","0.4776038","0.3465344","-0.065917276","-0.08820471","0.44402772","-0.49276477","-0.30342382","0.12877978","-0.7475328","-0.28927281","-0.9089575","-0.21235523","-0.55737036","0.32862428","-1.3049897","0.13235149","0.75376755","-0.20780721","-2.5939112","1.3164561","1.802075","-1.5760446","-0.8781393","0.113435306","1.492316","-1.1405574","-0.31431776","1.2748617","1.0343153","-0.9962716","-0.92278403","-1.8719344","-0.40174586","-1.4584788","0.74810815","0.3350464","-0.96463424","-0.87594616","0.061470665","1.0072583","-0.633087","-0.83520424","0.71701694","-1.1964236","1.0430071","0.27807912","-0.060818475","-0.6593705","0.1387198","0.329078","-0.6237273","0.06285921","-0.4678139","-0.061223887"
"Recurrent miscarriage","0.3460134","-1.2431418","2.140292","-2.1206427","2.3547654","-2.775907","-2.0260186","-0.25114408","1.7300763","2.2739687","0.11348755","-1.220119","1.4448357","-2.4709086","-0.14357229","-0.795165","-0.75298244","0.16794719","-1.4231676","0.28792456","-0.06520068","-0.2279786","-0.94774336","-0.19794762","-0.18865262","0.16502045","0.37905237","-0.36115724","-0.36896807","0.23788391","-0.36414453","0.6768896","0.6826636","0.77954113","0.035698418","0.13732792","0.9350008","0.048902765","-0.3257392","-0.26122358","0.38090545","0.49075878","0.34934804","0.16483161","0.22454521","-0.017320247","-0.011337529","-0.9257581","0.016048465","0.33455396","0.4084101","-0.21318632","-0.047783058","1.8355885","0.22927354","-0.19196396","0.16510013","-0.3583127","0.22391681","-0.36963007","0.36847624","-0.22784285","0.11724701","-0.43494597"
"Recurrent tonsillitis","-1.4213939","0.06378702","-0.10266218","-0.10337501","-0.026303872","0.08921603","0.09249682","-0.10761192","-0.029412951","0.124378115","-0.016995365","0.03908422","-0.015376695","-0.16360706","-0.18162006","-0.13909118","0.112836994","0.022240419","-0.010127324","-0.08456968","0.10472328","-0.04673358","-0.5268192","0.18876515","0.1255931","0.13695423","0.013508696","-0.04641398","0.1665956","-0.4740905","0.2029657","0.14838782","0.096424446","-0.4239305","-0.06775954","-0.29350454","-0.36080214","0.5555669","-0.29642558","-0.043621518","0.37979478","0.934245","0.71400726","-0.60063714","-0.6879306","-0.2296605","-0.5331955","-0.029463375","-0.83322185","-0.42722276","-0.6028007","-0.42178693","0.34358814","1.223113","2.2362583","1.8043805","0.1260562","0.8540299","-2.2472315","1.1585077","-3.5740354","1.6486505","1.8690122","1.3408889"
"Reflux esophagitis","0.69540703","-0.22259696","-0.037856024","-0.29471403","1.4327133","-1.5126554","0.1921775","-0.18775703","1.0120406","0.6326056","-0.06233482","-1.6251062","-2.7644556","3.874983","1.9194642","0.8956841","-0.44588777","0.057837773","1.8956939","-0.6278067","-0.8424657","-1.8996707","4.308127","-0.105865866","-0.8091198","-1.3475908","-1.0636642","-0.683649","0.23122914","0.8396916","-0.7052179","0.13103543","-0.23681916","-2.4105415","0.11736708","-0.043642744","-0.44859096","0.6844286","0.3129488","0.21615404","0.10391785","0.81811666","0.381833","-0.2568145","0.530189","-0.40831292","1.2604736","-0.7066333","-0.55208427","-2.0968556","0.11170602","-0.4701563","0.57580763","0.5253959","-0.91743404","-0.30331272","-0.5781361","-0.51058567","-0.67913234","0.26629198","-6.3480074e-05","0.017531162","-0.077203274","-0.04598251"
"Refractory celiac disease","-0.3603408","0.09531403","-0.21074325","-0.17788014","-0.011010752","0.15661834","0.066737756","-0.20211326","-0.035105012","0.04977301","-0.058618233","0.039512258","-0.08475877","-0.12218378","-0.140431","-0.10104683","0.21533716","0.020700224","0.04335221","-0.13483714","0.023340764","-0.1704546","-0.30958763","0.19881193","0.23549157","-0.02420717","0.0053557237","-0.08429303","0.0015532096","-0.27498648","0.48513788","0.23092693","0.024897646","-0.37598807","0.04922948","-0.52765155","0.06911928","0.45386165","-0.14177327","0.4678792","-0.48528817","0.5688462","-0.6543078","-0.66027087","-0.6524303","-0.41106644","-0.4961085","-0.22105536","-0.7735214","-0.600502","0.25605324","0.10784165","0.7009018","0.31819654","0.8893494","0.42650068","0.25893724","0.8596771","-1.3148142","0.93300456","-0.61510515","-0.47901174","0.09354685","-0.37650305"
"Rett Syndrome","-0.24482359","0.9983583","-1.3042347","0.79719025","1.2544323","3.5516405","-3.360128","0.07314151","-0.054921005","-1.556785","1.4963648","-1.6778474","-1.8336715","2.3091059","-0.73378533","1.0361493","-1.6364064","-1.7233284","-2.6728373","-0.865691","-0.68788034","-0.41930175","-1.6396457","-0.29696363","1.9338591","0.89034545","-2.944453","1.0282115","-2.0081716","1.1174041","-0.64965254","-1.8565588","1.4460131","-1.4479743","0.18421131","-1.0927811","-0.8005291","-3.2625725","-1.403158","-0.04312135","0.08237095","0.23136045","0.44378576","1.29209","0.26734385","0.3115893","-0.9892137","0.22658776","-0.55284697","1.1220269","0.936322","-1.0404199","-1.0096109","-0.94905627","0.24603857","1.3234816","-0.65869606","0.056656156","-0.37686926","0.15746316","-0.30275518","0.25603583","0.649388","-0.8379129"
"Rett syndrome","0.50252205","-0.14083031","0.10679815","-0.17940286","0.3047119","0.55045223","-0.51595855","0.18547602","-0.4013716","0.78173125","-1.4431223","1.8445078","-0.6932431","0.84736216","-0.3854638","0.12970684","0.6447706","-0.34781283","-0.6715642","0.25127643","-1.1393985","0.08324904","1.2252923","-0.6525451","1.5376177","-0.17315121","2.0953476","1.8381393","-0.041024107","0.057030853","-1.8371476","0.5477922","-2.1456149","1.9739175","-0.6154482","-0.313505","-0.76274717","0.77213186","-0.68303525","-0.36334026","-0.100862436","0.600358","0.07173732","-0.22839203","-0.4772978","-0.34185067","-0.39128152","0.61893725","-0.07102541","-0.1724227","-0.4498999","-0.06706516","0.48344493","0.3908774","-0.13124856","-0.7905016","-0.4250376","-0.46935374","-0.78270996","0.006549634","-0.8307089","-0.3105055","-0.5346178","-1.0391158"
"Rheumatoid Arthritis","-1.9733601","0.027662447","-0.053126317","-0.052962296","-0.033898063","0.02459703","0.041529115","-0.067633815","0.016240625","0.033346843","0.010704791","0.012242823","0.0015613148","0.008846536","-0.019679878","-0.017144142","-0.008159479","0.049183667","-0.021300146","0.0003415546","0.03476737","0.001669968","-0.027600082","-0.008892298","0.004695669","-0.012625903","0.00678379","0.0016563094","0.022372143","-0.0040440666","-0.004658564","0.012295782","-0.04076369","-0.012458679","0.008895864","-0.012716408","0.06553066","-0.026834998","0.038937997","-0.042752936","-0.03911182","-0.12154772","0.010009578","-0.09116684","0.041748974","0.38908926","0.37639338","-0.2317215","-0.17682505","-0.093135856","-0.39367688","-0.41664165","0.28638583","-0.5192921","-0.0082996115","-1.4754194","0.11141805","0.4795555","0.49262038","-0.16903198","0.7126581","0.72496223","1.5799401","-2.8308272"
"Rheumatoid arthrits","0.7009521","-1.240576","1.8507363","1.2733771","-1.4796144","2.0507908","4.335839","0.61434567","-0.8932181","-0.7833608","-0.7472455","0.08512486","-0.28795752","0.39289764","-0.47521263","0.6740041","0.7480331","0.6900479","0.686261","-0.5163228","0.52354634","-0.48366988","0.42374986","0.050517462","-0.33613586","0.035944853","-0.6195752","0.17690496","0.10972184","-0.06293387","-0.33998334","-0.11357436","-0.42067194","0.43225265","0.24838553","0.18532546","-0.04924226","0.2467598","0.39238626","-0.30928376","-0.29312232","-0.11291727","0.28634465","0.4446825","-0.02236564","-0.8216145","0.21206804","-0.32027373","-0.8289846","-0.01688435","0.02861586","0.42582238","0.38087323","-0.52546775","0.46702492","-0.33012995","-0.06489164","0.5407909","-0.43815818","-0.17426303","0.53502566","-0.011355711","0.14588457","-0.36431885"
"Rhinovirus infection","0.87221575","0.26904586","-0.5604657","0.08105744","-0.14979997","0.31659722","0.19521031","-0.3433983","-0.22823362","-0.11188068","0.020395814","0.9987559","0.41139928","-0.84472764","-0.5764144","-0.9134514","-0.5112496","-0.3763617","-0.4657498","0.85373014","1.3590522","0.15961342","-1.5381705","-0.6924274","0.8878984","0.9170552","-0.27410838","0.28876397","0.1486844","-1.1663355","0.14476378","-0.5722093","2.3738873","2.3472412","-1.5484408","0.5070349","1.5160421","0.7867123","0.7757781","-0.28997627","0.10311348","-0.603231","-0.24124658","0.086679965","0.46471","-1.1885458","-0.7584512","-0.25913385","-0.41904315","1.6669778","-0.50665534","0.8790677","-0.32994995","-1.0673187","1.0979984","1.0135242","0.35788518","-0.79255736","-0.9916766","-1.4855278","-0.48215646","0.34599838","-0.10269194","0.59459776"
"Rosacea","0.17094028","0.18187422","-0.282035","-0.21402772","0.05747497","0.18081822","0.13088581","-0.20825507","0.21611862","0.00063564826","-0.0030017355","-0.016423147","-0.04293423","-0.21510723","-0.0031341184","-0.10530624","-0.08427832","0.107908495","0.1123726","-0.28146902","0.105754904","-0.12279474","-0.33958757","0.15517057","-0.16100635","-0.17680934","0.20711195","-0.11559717","-0.4282509","-0.044841696","0.04530312","-0.3052628","-0.17899357","0.23870346","-0.71153647","1.0549642","-0.3514321","-0.19523863","0.9599025","-0.4271695","-0.2770989","0.8671586","-0.67614913","-0.22922112","-0.22500932","0.19361937","-0.27320558","-0.67839587","0.4513785","-0.32518083","0.034297865","-0.30140868","-0.63492775","0.52654415","-0.46189383","0.053265557","-0.20865849","-1.1006078","0.46358648","1.1394719","-0.47981462","0.21309307","-0.6829617","-0.113867626"
"Sarcopenia","-1.3325437","-0.55533683","-0.36623028","0.45100972","0.33373487","1.3909743","0.7330418","1.057698","1.3392661","-0.7495813","-0.27037537","-0.14625709","-0.4313138","0.31906143","-1.4101506","0.7446211","-1.0772932","-1.2185276","-0.505843","-1.502607","1.2903482","1.3205067","-0.7026317","0.29478276","0.16856302","0.91901624","-0.3503208","0.22850257","0.20058957","3.4290984","0.49759284","2.1570027","-1.5494279","0.6770169","0.46927848","-0.87010646","-0.49118343","-4.25922","-3.0444252","-0.1132736","-0.1733167","-0.122523785","-0.7519575","0.3344667","1.39303","0.125635","-2.083004","-0.17507428","0.3247731","2.3030598","1.2213424","2.5546224","-1.461686","-0.48684296","0.072188556","1.4547287","1.6460006","-1.0854332","-0.2487598","0.48560196","-1.4236625","0.50740653","-0.38162166","-0.32209712"
"Schizophrenia","-1.9771887","0.031059682","-0.057037313","-0.050775997","-0.028700657","0.01958945","0.031073688","-0.060596094","0.01670747","0.038470946","0.0032528746","0.010409717","0.011515666","-0.00570169","-0.034213528","-0.016438428","0.003777685","0.031985477","-0.0378344","-0.002552789","0.027330281","0.0018640083","-0.059535105","-0.0065313196","-0.014672319","-0.0126399705","0.012020486","0.02195506","0.013133189","0.004645471","-0.0014810163","0.015772983","0.028235247","0.0021144443","0.0070315055","-0.026808038","-0.019299157","0.1107295","-0.082084686","-0.109392665","0.14361732","-0.036513302","0.3191044","0.1136757","-0.26767418","0.01545302","0.25120243","0.2984322","-0.105191655","-0.37201187","-0.10441071","0.40533343","-0.70448965","0.80617666","-1.2239394","0.6900031","-0.43856043","-0.65942687","0.104516946","-0.5313692","-1.1985878","0.22776197","2.2849677","-3.030786"
"Seborrheic dermatitis","-0.9222519","-0.13586754","0.16035663","0.6654353","0.85451365","1.1184239","-0.22307695","-0.96656865","0.5682632","-0.043575447","0.6191457","0.10104641","-0.28578532","-0.1477751","-0.3964917","-0.035350885","0.17552243","-0.32033473","0.81447953","-0.19786125","1.1685295","0.42582932","-0.47771072","0.6208592","0.55525726","-1.9816737","1.379412","-0.38055944","-1.0960103","0.5500736","0.3724365","-3.3352795","0.04925212","0.32036245","-2.6218565","-0.52747446","-0.16796866","-0.76798195","-0.41714293","0.78684986","1.1332706","1.2980919","-0.18304367","1.0656981","-1.1152679","0.013711807","0.7618839","-1.9561803","0.9949515","-0.32720646","0.37844574","-0.49596933","-0.57504225","1.3912646","-2.6219542","0.41016817","-1.0362703","-3.429234","0.51279795","0.73738164","0.3050443","-0.18063253","-0.83209985","-0.25610965"
"Seminal hyperviscosity","0.51760846","-1.1272477","2.0451288","-2.3035252","-0.08637326","0.73677766","-1.174525","1.3319973","1.1620752","1.3675877","0.033883356","-2.241234","-0.4833333","0.47860676","1.2979767","-0.18319169","-0.15393738","1.4113275","-0.73581713","-0.70737755","-2.3310544","-0.68560684","1.6533502","1.457359","-2.682798","-1.6502424","0.28975523","-3.0644097","0.9178856","0.6235466","-1.7092752","3.6848226","-2.252608","-2.543499","1.654807","1.2882096","-2.6577294","-2.1827605","-1.7918603","-0.69395727","-0.069257945","0.22204457","0.1808888","-1.0977048","1.7255743","0.33444628","-1.3398966","0.5583097","0.43341982","0.8005256","-0.18124337","-0.06258386","-0.628087","0.2813374","0.31278294","-0.12040815","0.67083126","0.086182445","-0.21944517","0.43992892","0.12009973","0.48474884","0.3258277","0.3185807"
"Sensitive scalp","1.0858759","0.1399898","-0.35313916","-0.19853686","0.026874918","0.18410315","0.08406364","-0.17097017","-0.035247166","0.2803083","0.04399306","0.032017566","-0.0782842","-0.28117934","-0.06188244","-0.40153584","-0.2617294","0.04379724","-0.24179085","0.18804798","0.41937253","-0.19218436","-0.17640807","-0.093818046","0.14735231","0.00197967","0.2707283","-0.19300106","0.074988835","-0.21997873","0.17849669","-0.292284","-0.10218931","0.2551722","0.01845673","0.17284696","0.3162486","0.114035025","0.05613458","-0.05391313","-0.08405969","0.35926077","0.07487879","0.25105327","-0.17609455","-0.73806196","0.19567648","0.010829451","-0.9527302","0.29128927","-0.11757837","0.5593051","-0.2732527","-0.38668185","0.3666399","0.7075966","0.18461789","-0.8526431","-1.2264351","-1.323398","-0.3452721","0.18862522","-0.007138323","0.5977186"
"Sepsis","0.87615436","0.009240502","-0.3064701","-0.13278693","-0.21231788","0.034545213","-0.09583128","-0.39705205","0.2737544","-0.16583043","0.014170113","-0.21257494","-0.31273052","-0.17878735","-0.36130857","-0.17118977","0.29674324","0.18786836","0.41307706","-0.6677402","-0.10900141","0.2951915","-0.44876608","0.51325226","0.42709628","0.38400006","0.54154617","0.059315052","-0.15262641","-0.46136895","-0.02232262","0.51917875","0.3688995","-0.2976494","0.14557737","0.58492327","-0.31989327","-0.055235222","0.6477131","-0.111008175","0.024873583","0.27495584","-0.17510805","1.2146018","0.11797153","-1.4156469","-0.022150509","-0.23496771","-1.0471514","1.1996888","-0.55691224","-1.2434307","-0.28657666","0.9492833","-0.25234988","0.7593509","0.17309241","-0.541929","-0.22388032","1.5937264","0.60370743","-0.23368163","-1.9060621","0.69735247"
"Severe Acute Malnutrition","1.0864012","0.17002682","-0.3915209","-0.21894504","0.030811045","0.18350153","0.08192598","-0.20038022","0.044978116","0.16682503","-0.04251219","0.02322107","-0.1348493","-0.1906909","-0.11996993","-0.1845852","0.06896508","0.077078715","-0.058883086","-0.17139895","0.10262348","-0.2302507","-0.20798199","0.09644325","-0.030663729","0.09579389","0.18300077","-0.00519765","-0.08311745","-0.07736872","0.07344052","0.029277407","0.019704103","-0.10571342","-0.062392745","0.0036830443","0.08124812","0.20587686","0.051467307","-0.013783531","0.009646879","-0.0119965235","-0.050627884","-0.06570322","-0.20448688","-0.08156323","0.03704128","-0.016128143","-0.28637284","0.1916896","-0.007850414","0.05208521","0.062371887","-0.044254087","-0.022198359","-0.003863226","-0.17668393","-0.108417906","-0.09341672","0.032125268","-0.043073174","0.037919298","0.05581988","-0.07501138"
"Severe congenital neutropenia","0.49301884","0.17297618","-0.3289711","-0.22487125","-0.24998917","0.5494806","0.3602086","0.11159377","-0.12738657","0.21535096","0.02178085","0.37777665","0.39768425","-0.91125387","-1.0354757","-1.1212885","-0.6380527","-0.15683177","-0.3210754","0.4355428","1.3635206","0.87715393","-3.1220827","0.012697304","0.6854752","0.7282906","1.0446821","0.012871018","2.2260432","-1.0507201","-1.3772411","2.9710371","-0.5971317","-0.40283594","-1.1958802","1.3771799","0.20178142","-2.1998265","-2.4365284","1.0573012","0.56549966","2.3933794","-0.4224515","1.9557445","-2.297378","1.1156802","0.21435454","3.0191846","-0.81350964","0.94486284","0.7899865","-0.044324696","0.17863476","1.0753453","-1.0968457","-0.31249505","0.27870312","0.9819556","0.9177189","0.099258065","1.0665905","0.46318072","0.6776895","0.17166439"
"Severe fever with thrombocytopenia syndrome","-0.74611104","0.22385947","-0.61212","3.401295","1.6146554","-1.1843041","1.890427","3.089121","0.3574133","-0.085566625","-1.1643144","-0.6314179","0.25075084","0.8307502","1.7371566","-0.40631574","0.9558974","-1.695119","0.7298199","-1.9683638","1.0828645","-0.30800238","-0.22481681","-3.3502567","1.2226858","0.8855949","-2.030398","-0.54561067","-4.3360643","-4.0702515","-0.7277072","1.6067033","-3.2126064","-1.068514","-1.7905668","1.1002116","-0.6710938","-0.33213285","-0.7251191","1.0625598","1.1840609","-1.1559793","-0.9586491","1.8641542","-0.61497045","-1.6825521","1.7498461","-1.3368654","1.1428962","-2.2557318","-0.90091795","0.36871493","0.49931672","-1.4477466","1.0165346","1.0961676","2.2381282","0.53704244","0.71817344","-0.5422146","0.9818251","1.5863376","2.0726461","0.19580302"
"Shiga Toxin-producing E. coli infection","0.6838402","-0.00092879345","-0.135029","-0.18307148","0.093834125","0.055192713","-0.07562111","-0.031916674","0.20442119","0.22622155","-0.44597864","0.4173878","-0.19125505","-0.28325075","0.43227535","-0.6052474","-0.19956818","1.0850495","-0.1695215","-0.8387827","0.49575585","2.9324212","3.0162926","0.31601107","-0.7479773","2.0774114","-0.41255334","0.21394658","0.72372156","-1.6161413","0.40936667","-0.6487186","0.3726789","-0.09795994","0.4285358","-3.0749242","1.6442832","-1.3709784","-1.239599","-0.18174286","1.3841755","-0.7048725","-0.5988905","0.9643937","-0.23775491","0.77742505","-0.29300335","0.7560749","-0.583282","1.7867669","0.20045272","1.0532515","-0.95925575","-0.67587245","0.5570472","0.011767929","-1.150291","-1.5997032","0.42612252","0.7013421","-0.14461653","-0.52343094","0.40074804","-0.07960044"
"Short Bowel Syndrome","-1.8874265","-0.025090462","0.26682642","0.2023356","0.20158426","0.2048664","-0.23384605","0.31249437","0.012025201","-0.14442919","-0.26100644","-0.08134661","0.075739935","-0.0733232","0.029534407","0.15505546","0.23685738","-0.056201342","-0.22862719","-0.17842795","-0.39925528","0.009661928","0.36334908","-0.04672989","-0.09394227","-0.25175098","0.23299208","-0.023168925","0.14023799","-0.40013465","0.17897947","-0.08433043","0.0023998772","-0.26909608","0.66880924","0.68489206","-0.755388","0.2933035","-0.06540693","-0.11182064","-0.4524198","-0.3076362","-0.6556022","0.99775785","0.2876237","-0.1012693","0.25644892","-0.6318725","-0.25030157","-1.0337093","-1.2993594","0.11324693","0.8781361","-0.4440394","0.27213967","0.5129658","-1.0401422","2.3405445","0.043856602","-0.5358946","1.6297027","1.7304305","3.5008187","0.34172636"
"Short bowel syndrome","1.0710434","0.8553492","-0.8451644","-0.54285383","0.8861082","0.7272996","0.6671445","-1.5898963","-0.7795421","0.27512932","-3.515678","-2.5162234","-0.17551011","-0.69734454","-0.42743745","-0.15645273","-0.23629667","0.10497015","0.23124672","0.18551412","-0.41626272","0.00040048177","-0.282262","-0.19497776","0.24996603","-0.030726971","0.471469","-0.42588413","-0.38042983","0.060789507","-0.26265645","0.4256307","0.0026612428","0.012125253","-0.19707932","-0.21427688","0.32685187","0.5559383","-0.0045551183","-0.08924031","0.33786622","-0.10363748","-0.080043636","0.1767999","-0.121307805","-0.25233796","-0.3466173","0.08149315","-0.17523406","0.4656398","0.17370573","0.05311057","-0.231555","-0.13085079","-0.23818915","0.24959303","-0.06545302","-0.14408377","-0.11184542","-0.04291707","-0.13475525","-0.080274865","0.11686893","0.23256578"
"Sicca syndrome","-1.7413322","0.06953175","-0.27388307","-0.29420978","-0.029003806","-0.09262869","-0.18796241","-0.4584757","-0.20098816","-0.37982333","0.2812401","-0.009780067","0.11509742","-0.04189012","0.16443664","-0.18701053","-0.25174505","-0.020999733","-0.02706932","0.025502974","0.2546353","-0.0619082","-0.5015943","0.029850889","-0.16477203","0.1724727","-0.44232917","-0.2986997","-0.20145047","0.5520159","0.17343652","0.3445193","0.8377585","0.89985025","-0.025218409","0.47827983","1.5408864","-0.975044","0.07537283","0.1767212","-0.35941684","-0.36049864","-0.022599455","0.22639981","0.5830939","0.39404404","0.633812","-2.3474665","0.029371316","1.4740193","0.54952437","1.4419334","0.20028853","-1.1392294","0.119223885","1.0154184","2.1334934","2.8468165","-1.4469968","-0.5690637","3.7851138","-2.8685963","0.6005476","1.4327835"
"Sickle cell disease","0.18621333","0.045600276","0.28335854","1.7355618","-0.38739014","1.9174604","1.1548011","3.1993504","-0.7080329","-1.0451728","-0.84172136","-1.266197","-0.5440747","1.5369503","-0.4028257","1.2611095","-0.101720154","-2.4082875","-2.8132","-1.532013","-0.7741102","0.13352464","-0.6009421","0.04028929","-0.16534962","0.41254565","-2.4021187","0.97737706","-2.7521334","-1.4688183","-0.63989574","-0.22260615","2.5224338","-0.76172817","0.2272473","0.30284363","-2.095232","-1.900881","-1.1227354","-1.2888829","0.14066853","-1.0497751","-1.9571283","0.58106166","-0.7622345","-0.4354392","2.6305254","0.4916782","-1.9315089","-0.7192849","-2.550164","1.8220773","-1.1363908","0.89295334","-1.5186825","1.5181602","-0.12169894","0.79979014","-0.926442","0.05147341","-0.75270754","-0.8144287","0.19142723","0.51437527"
"Silicosis","-0.91754204","-0.86910206","0.733106","0.7577295","0.6457187","0.53905565","1.1307659","-1.3453773","0.019977022","-1.2586951","0.988047","-0.5043688","0.5881539","-0.5462457","1.1705551","-0.5833955","1.052658","0.8486831","1.6822827","-1.1841909","1.448643","-0.0877778","0.30049583","-1.1916181","-0.09714657","-0.5436775","2.1720777","0.29568586","-3.5968385","1.6307728","-1.9261769","2.4673133","1.3376344","3.1914117","-0.07695549","-2.0443256","-0.69307405","-0.966507","-2.2306468","-2.1488216","1.5295187","-0.9808031","-0.23611242","-3.3364236","-1.1470343","-0.6534569","0.48097977","1.2906547","-2.4390867","-2.1396492","0.30204853","1.746842","-1.3551561","2.905441","3.0410407","1.9377042","1.0868112","-2.8972478","-0.72015357","0.47945964","-0.25300023","0.101026006","-0.6157122","0.5049917"
"Sjögren Syndrome","-1.9626787","0.020053232","-0.045381892","0.013181184","-0.0031461068","0.035907242","0.0646971","-0.049855817","0.009927751","0.029252404","-0.011425728","0.04199342","0.010217653","0.014742003","-0.041897792","-0.028858656","0.02274251","0.025957743","-0.057960264","-0.0058824895","0.057523217","-0.0035347966","-0.07812648","-0.05588094","-0.07048698","0.03152709","0.053565342","0.021353895","0.030851189","-0.09094468","-0.003125421","0.079996504","0.09420754","0.08722721","-0.057446443","-0.0013661339","-0.15514658","0.06275364","0.0149465455","0.19501945","0.0862067","0.048842102","0.009112068","0.10393751","-0.40209472","-0.11762496","0.041370872","-0.0014899914","0.33910084","-0.30675974","0.29289174","-0.73481023","0.5781673","-0.46169838","-0.13311188","0.2512626","-1.0994959","-1.0707574","1.476162","-2.0723195","0.018222716","1.1616129","0.0104861455","-3.4210136"
"Skin and mucosal infections","0.8860132","0.29637435","-0.57872236","0.7118875","-0.44567895","0.8205584","1.0250612","0.1332882","-0.080142245","0.79494953","-0.56977475","1.1325179","0.99339","-0.6453915","3.427591","-0.29381037","-3.9823194","0.25554156","-2.975578","1.9857183","0.49331844","-0.32429844","0.34412232","-0.15380526","-0.8711856","-1.2159551","-0.7538238","-1.1397878","-0.7679326","1.8522921","-0.57448596","-0.4929685","0.060066335","0.470842","-0.21380365","-0.7226973","0.8297014","1.183529","-0.60518014","0.5798211","0.20596866","0.72555244","0.58600324","-1.0107065","-1.0965014","0.9288976","0.47457153","0.34344247","0.8517362","-0.09934816","0.7133625","-1.070555","-0.03686635","1.0544664","-0.5631725","-0.16098592","-0.30126387","-0.7261471","0.12906228","0.3718936","0.21738823","0.18050283","-0.38561517","0.3019754"
"Small intestine neoplasm","1.0858359","0.18237641","-0.39314598","-0.2833039","-0.04872665","0.23432006","0.08231582","-0.36393955","0.021323161","0.25973284","-0.059471957","0.16682817","-0.13706085","-0.26094222","-0.028794797","-0.12865464","-0.019440796","-0.26114887","-0.25711495","0.031266745","0.04893732","-0.20921613","0.2634218","0.3616392","-0.1378141","-0.18421844","0.6320887","0.04562596","0.51005757","-0.3969004","0.6662932","-0.14956337","0.13960057","-0.32825953","0.174161","0.40470964","0.022559883","0.81337106","-0.03454528","-0.13384865","-0.09696487","-0.13728622","0.061741926","0.5234646","-0.5142668","0.04785992","0.5013277","-0.82916546","0.43020472","0.58094174","0.75280267","-1.1068333","0.03912752","-1.0359093","-0.26389992","0.6981437","0.010465866","0.45766923","0.3832324","-0.11848018","0.7261815","-0.10136349","-0.05105043","-0.51061594"
"Smoking","-1.95609","0.049905933","-0.07702091","-0.08749639","-0.09325571","0.08061771","0.010294015","-0.031147178","0.0025528243","0.040716823","-0.00010398113","0.015508308","0.039072964","-0.061609328","0.018307196","-0.0076705823","-0.033636443","0.030386548","-0.06874044","0.005270474","0.04719692","-0.028928628","0.03129606","-0.06759517","0.062554985","0.013420741","-0.056163345","0.012600152","0.06529149","-0.096254356","-0.0059843007","0.052600488","0.18483809","-0.0047414503","-0.012142413","-0.040174894","-0.099523626","0.14582269","-0.038368776","0.05843264","-0.12248226","-0.056484558","-0.07897472","-0.20353316","-0.12603435","0.102887","-0.0025515645","0.07747122","-0.44158536","0.1687484","0.56619745","-0.37812054","1.2792695","0.9284411","0.8276654","-0.16829567","2.1758485","0.86394036","0.18115386","-1.5815512","0.23687354","-2.9756448","2.1091323","-0.7188648"
"Spinal Cord Injury","0.33873558","0.017754324","-0.29036927","0.60518444","0.4223382","0.061545353","-0.59661907","1.1457757","-1.1206204","-1.1824012","0.5231439","-1.1623412","0.06517458","-0.3969921","-1.065047","0.6843233","-1.3295462","-0.15417056","-0.14962597","0.94397527","0.9616433","0.02707457","0.19171128","1.6048192","0.032926485","-0.5325111","0.36273584","0.3502355","3.3684466","0.10500957","-2.4053495","-0.42290428","-0.33803165","-2.5481288","-0.24661906","-0.46142784","0.14233318","1.9197611","1.8341252","-0.6549481","-1.2341217","-1.0299135","-1.6621976","0.51457244","-1.3258203","1.1900781","0.4763099","-0.0997935","-0.48809195","1.3980936","-0.89378786","1.2752057","0.8391436","0.13187072","-1.107083","-0.48731497","-0.9596329","0.93718314","0.6270322","0.84530765","-1.6656239","0.10269565","-0.24235752","0.58237"
"Spinal cord injury","-0.74617463","-0.27378353","1.087554","-1.438957","-1.492431","0.36405942","0.3519721","3.3615746","-0.20559256","-0.10480919","-0.5539086","-2.11402","-0.28652915","0.83844936","-2.3363538","2.2795331","1.2956867","-3.3965816","0.20896249","-1.6876494","-1.9795656","0.68709713","-1.5934895","-0.41381437","0.5044342","1.9966173","-3.5568798","-1.641331","-0.14138183","1.4502149","0.082802266","-0.6304109","-0.015330857","0.8134371","-2.2889547","-1.5374657","1.1922401","-0.8886323","1.2648559","-1.3187335","-0.4998091","1.681343","1.5054971","-2.524638","1.7808632","-2.301875","0.1470881","3.172768","-1.4595542","1.4028271","-2.506736","2.041119","-1.3965734","1.7545688","-1.3115586","-0.9902987","-1.7492684","0.47169614","-0.17218481","0.25491467","-0.62368524","-0.98759615","-0.04282119","2.228681"
"Spleen deficiency syndrome","-0.23860526","0.15492369","-0.13046078","-0.14636773","0.051739927","0.16466162","0.053166185","-0.11482091","-0.023543602","0.16491471","-0.17746219","-0.115589224","-0.23193942","-0.37456217","-0.2975213","0.10865023","-0.4510124","-0.11286877","0.26728773","1.1697828","-0.07841069","-0.49054524","0.7961516","1.1068034","0.22174406","0.3224988","0.27382785","0.69207525","-0.9083826","0.2817647","1.6664398","1.750133","0.33196482","1.3849287","-1.5607432","-1.6652863","-1.6745448","-3.2839336","1.8021185","3.4464405","-2.6760771","-1.5242194","-2.6280074","-0.18044144","0.41146722","-0.9039723","3.2211316","1.9962113","1.9686832","1.5275306","0.3047636","0.30393845","2.8143532","-0.04860502","0.31601256","-0.4404369","1.3824254","-1.5937163","-0.4837001","0.34370476","0.66692376","1.0352567","-0.8875054","-0.37040895"
"Spondyloarthritis","-0.67693955","1.0311193","-1.3508248","0.16005613","1.1080936","0.6340428","-2.3463876","1.7051938","-1.0995746","0.5160268","-2.519147","-1.4895916","-0.16139184","-0.82939607","-1.5413988","0.5288365","-1.3499273","-0.023478815","2.9314077","3.3480194","0.13721725","-1.8419775","-1.5726376","2.7131288","0.7348722","-0.9307427","-1.3675936","-0.24130668","-4.2960305","-1.4772004","-2.4893808","0.714922","0.7840915","0.99309963","3.9036667","-0.40678537","0.30055603","-0.8090322","-0.5309168","0.6819104","1.122611","1.7358781","2.0252192","-0.28056914","0.4020241","-1.6605607","-2.3198848","-0.5263131","-1.1374009","-1.8100766","1.1298501","-1.3960451","1.2820684","-3.0264747","-1.4434024","-0.021065306","-0.940199","-0.83369714","0.9175989","0.5487191","0.36403778","-0.16952933","0.39358297","0.67415243"
"Stevens-Johnson syndrome","-1.7238451","0.40158993","-0.543147","-0.26675957","0.052279815","-0.95340127","0.27206424","-0.3345669","0.5870495","0.80262256","-0.12663375","0.28596878","-0.16741227","0.16079691","0.22034042","-0.019698767","-0.21445477","-0.61245733","0.24430843","0.35004562","-0.3343418","-0.6550346","0.6096655","0.5006969","-0.4997932","-0.19726755","-1.2768115","-0.5299605","-0.24147432","-0.05140714","-0.9617731","-0.56111336","-0.6020531","0.4046452","-0.9327699","0.040510524","-0.096940756","0.056917597","-1.283635","0.24550226","0.43978155","0.30164826","0.6917976","-0.76237714","1.5625899","0.15133522","0.4731641","-0.55866873","1.5712612","1.2017468","-1.3749672","-2.4243217","-0.8151005","1.3305024","2.3635404","-0.42599323","0.3037598","-0.20443939","1.2482471","1.8079282","1.070556","-2.584292","3.9290988","-3.3980768"
"Stomach cancer","0.49684128","0.22847487","-0.26599255","-0.8339509","-0.54937845","-0.174919","0.8912884","-1.4593347","0.24393688","1.2341596","-0.35388267","1.0172397","-0.21813719","-0.41941565","-0.10158418","0.15039097","0.32815632","-3.184218","-0.5633136","0.5648516","0.024007931","0.13139702","1.882546","2.136462","-0.9894631","-1.0312699","3.0958207","0.73409647","3.299183","-1.0655996","2.9006703","0.3938304","1.1587576","-0.0062907417","0.6568063","1.8603761","-0.2568634","2.4476385","-1.0250546","-1.8170729","-0.42116067","-0.059711646","0.24704929","0.76956636","-1.5415208","0.057855677","1.7894248","-1.8719013","1.905069","1.7564502","2.5351942","-2.9373524","-0.12403223","-1.7102216","-0.08951544","1.3831352","0.92690736","1.5598102","0.9065001","0.26755917","0.6949119","0.31459752","0.819455","-1.0984795"
"Systemic Lupus Erythematosus","0.8707025","-4.233909","-3.3108513","0.30731633","-0.78048307","0.19012113","-0.07681796","-0.27854007","0.5918392","0.9654972","-0.5022733","-0.8849607","-0.18905205","-0.26171783","-0.39086825","-0.0064943205","-0.29311267","0.038839016","-0.29144087","-0.37511042","-0.44033626","-0.30295983","-0.27759817","0.48702642","0.36866567","0.2925231","0.50458586","0.31872556","-0.05254693","-0.27835244","0.012013355","-0.055997718","0.068308055","0.17190771","-0.00011078204","-0.13921705","0.10585504","-0.042892087","-0.034159936","0.27156165","-0.05843335","0.0124997925","0.010472468","0.04646686","0.2168489","0.22912218","0.022984957","0.085771605","0.013487459","0.2715627","-0.4077378","0.07784549","-0.20993166","0.03382212","0.15229036","0.056429114","-0.32889956","0.13210256","0.006452962","-0.2742518","-0.10553577","-0.36737463","0.0132227","-0.16352755"
"Systemic inflammatory response syndrome","0.67251873","0.7077659","-0.65573233","-0.15889728","1.4258535","0.6170397","0.48555362","-1.3973639","-0.743233","-0.027789174","-3.4799416","-3.0210242","0.2856127","-1.099266","1.1560547","-0.6275922","0.0019822125","-1.3626453","1.0197862","0.29961133","-0.33474395","-0.039789364","-0.7155892","-0.8775338","3.4062593","0.44449216","-0.9916051","-0.12590964","0.6844394","-1.6968192","1.4257227","-1.1103638","-1.490788","1.9203918","0.8731163","0.45018154","1.3208139","0.7851109","0.35880017","-0.10561337","-0.0644081","-1.2201961","-0.59875846","-0.6108839","-1.466341","1.2875335","0.4079314","-0.18904209","-1.2053463","-0.4563877","0.98097277","-0.6955159","1.45239","0.7849344","0.07735192","0.26663494","-0.23097442","-0.12360321","0.043327525","0.0015544614","-0.69021845","-0.32973087","-0.12002152","-0.031306963"
"Systemic lupus erythematosus","-1.9586625","0.023842642","-0.040909674","-0.039840445","-0.03765955","0.025000773","0.06997537","-0.034014158","0.01385742","-0.012054942","0.03710607","-0.04108962","0.012608618","0.0037026475","-0.052324023","0.0076514985","0.05984885","0.057463635","0.027423885","0.015219164","-0.017646154","-0.026106255","0.030477727","0.053772036","-0.07689916","0.007737062","-0.008294423","0.024950845","0.030094659","0.042920344","-0.021062536","0.060734324","0.060836773","0.15895635","0.05923599","-0.023190571","0.029224025","0.05757389","-0.05836333","-0.06917949","0.20657474","0.538302","0.32865283","-0.0010364461","0.5127866","-0.042070583","0.25179896","-0.09262182","-0.24099894","-0.965463","-0.72274727","0.39939502","-0.79972947","-0.18205495","0.10303098","0.30576563","0.18963064","2.0240939","-0.9919799","-2.3288531","1.9353195","1.9748597","0.6164697","-0.6292242"
"Systemic sclerosis","-1.0650465","1.0334058","-1.8218472","0.31355911","1.2637311","-1.134422","-1.5026855","-0.43263274","-0.7830352","-0.24591489","0.67037946","0.03466726","0.23052442","-0.478394","0.6876761","1.8411834","-1.1244475","-1.4062153","-0.08852008","-2.1425471","-1.4868934","-1.8178614","1.6677134","-1.2675133","-2.0295537","1.9484913","-0.8245072","1.9017969","0.015618719","-0.36791557","0.20957632","0.53341204","0.9732603","0.27791998","-0.06552044","-0.6770095","-1.2651641","0.8056172","-0.018271144","0.34468824","-0.6714293","-0.7649857","0.32727903","-0.35870436","0.988831","0.8056472","-1.7647909","-1.079752","2.2048306","0.31047705","0.2065376","-0.7918866","0.5308167","-0.29837415","0.25291973","0.12674315","-0.4954599","0.2353117","0.8019626","2.6888406","-1.6294127","0.5300982","-1.7426064","-0.6955881"
"T2D with hyperlipidemia","0.67051417","0.4586499","-0.6751782","-0.7356502","-0.51427466","0.29896912","0.7340261","-1.5483781","1.2075006","1.5492593","0.14708526","0.69790024","-0.37365535","-0.68493307","-0.1166676","-0.9399736","-0.18783239","2.1633346","2.1178854","1.4166042","-0.1492939","-0.7333416","-0.7340724","1.30625","0.7084999","-0.10682823","-0.35286316","-0.39386714","1.2893153","-0.0745404","-1.7563896","-0.68032235","-0.7345157","-0.24980578","0.60609686","-0.554761","0.71761876","0.4213803","0.380402","-0.84836245","-0.2061195","-0.43383503","-0.47053573","-0.37558717","-0.08033034","-0.4682615","1.8276609","-0.59173816","0.598163","0.327707","-0.170128","1.5256565","0.16036049","-0.4647026","0.93506986","0.14230324","0.35326815","-0.9892263","-0.41736284","0.41265878","-0.11329396","-0.17984003","0.9412304","-0.80403554"
"T2D with hypertension","-0.5782138","-0.45144033","1.0597186","-2.0269332","-0.66571665","0.82259214","0.2749693","-1.0276443","1.2608019","1.9512264","-0.47947252","-0.034107123","-0.08673887","-0.260142","0.68828356","-0.4698354","0.42435062","-2.339261","-0.49797934","-0.25595865","0.30768076","-0.023353292","-0.29912907","-0.35969388","0.25911132","0.8242837","0.06783813","0.30635086","-0.4233058","-1.7412148","4.0265594","0.24081667","0.31360748","-0.09228526","-1.2062001","0.7506659","0.77899367","1.6783332","-1.3644747","-1.7812693","1.9928952","-2.2492216","-1.6405836","-0.16136102","0.29483524","-1.4711802","1.815903","-0.7579502","-0.5985","-2.5817065","0.91181976","-0.90474","0.9274306","4.5255694","-0.9509294","-0.4561575","-1.7801285","-1.0668768","0.52343446","-1.1902753","0.31888813","0.7423153","0.9524631","-0.8525715"
"T2D with hypertension and hyperlipidemia","0.49259606","-0.2103242","-0.44705957","-1.7132504","1.4716351","-2.0340059","-2.2171307","-2.42276","-0.581082","-0.778947","0.7017869","0.18934041","-0.27869228","-0.69252694","-1.4372749","-0.5602563","-0.16802867","0.05175545","0.5663821","-0.34857512","0.9010334","-0.14406395","-0.48287785","-1.1523072","0.661402","0.5653198","1.6615369","0.12083998","0.09640795","-1.4647697","1.0735717","0.45572856","-0.5318831","-0.742544","0.2730351","0.6729984","-0.96753937","-1.1930344","-0.069352515","-1.2834331","-0.09515528","-0.9455735","-0.46434754","-0.4781014","1.900083","-1.1348963","-0.31883025","-0.7293048","-0.9913559","0.3247233","-0.5318612","0.35604194","-0.0190349","-0.22606406","-0.60555357","-0.3383617","-0.42020407","-0.3309515","-0.51906097","-0.59075534","0.122167535","-0.5539622","1.2467839","-0.10811081"
"Tetratricopeptide repeat domain 7A deficiency","0.04212226","-0.87796015","0.8007153","0.070782766","-0.40562716","-0.5189953","-0.94718033","1.2425437","0.44942272","0.5530518","1.6400535","4.40925","-0.764906","1.5841947","0.26081538","0.29469988","0.9871301","-0.13713615","-1.5539706","-0.9434858","-1.358977","1.4863839","1.0276127","0.69696283","3.2164133","-2.142199","1.6757158","1.0558052","-1.4666737","0.33667794","-0.5339021","0.785061","-1.2294098","-0.22318809","0.4046856","-0.15113299","1.186344","0.29228726","1.3698808","0.5158488","-1.5067489","0.838554","0.6831496","0.52893806","-0.5515019","-0.23143405","-1.6031578","2.4488902","-2.1039515","-0.5479456","-0.3336086","-0.72947466","1.0643322","-0.5498783","0.76879585","0.8768949","0.4055358","0.023741437","0.5671507","0.37885728","-1.0529306","0.75019306","0.22334136","-0.21399973"
"Thyroid carcinoma","-1.7038454","0.27110177","-0.14453484","0.5447694","0.20101032","0.091498196","0.6319405","-0.286462","0.39404947","0.5311214","-0.31010574","-0.44192615","-0.17601883","-0.28019813","-0.6526741","0.4104332","-0.08259934","-0.81078625","-0.10479463","-0.14882661","-0.15812992","-0.16451135","0.8025133","1.3469964","-0.14546058","-0.9170223","0.15837458","-0.41500154","1.7213941","0.6725342","0.060110167","0.051801555","-0.9710464","-0.1732073","1.2906328","0.2549188","-1.305728","1.1556969","-0.26372275","-0.317383","-0.76486593","0.32680285","0.18426134","2.1353664","0.46523553","0.06938849","-1.6702776","1.4352973","1.4222962","2.2898154","1.6390164","1.0393056","-2.8214972","-2.1919153","-2.4606893","0.4028235","-2.306359","-0.33315232","-0.64087754","-0.13458551","2.0219142","-0.8923767","2.0848043","3.3652391"
"Tongue cancer","-1.6118217","0.050004397","0.16011785","0.3178681","0.114138894","0.060290664","0.53320557","0.71476436","0.3514118","0.5131259","-0.23289816","-0.63373786","0.09626625","-0.069918826","-0.4353275","-0.25727856","0.938352","-0.11262602","0.42882258","-0.49350736","-0.17449713","0.198926","-1.1074524","0.335883","0.486658","0.6120394","0.34471253","0.5208848","0.56125015","-0.5964353","0.18990247","0.6050876","-2.0589955","-0.13191932","1.4420899","-0.38245898","-0.17374627","-0.9927746","-1.38766","-0.45816272","0.14645986","-0.6709085","-0.35301116","-2.9385738","2.0503354","2.7026646","2.6637912","-2.9177806","0.0593557","0.047384027","2.1076376","-0.9185951","0.13004167","1.1776146","-3.3203","-1.5985906","0.73441875","-0.92176265","-1.9109644","0.6065519","2.3164663","-0.41658238","-1.6234396","1.3284711"
"Trachoma","0.49507093","0.083691604","-0.2014485","-0.55986404","0.26795864","-0.16755182","-0.1963414","0.007951288","0.2400435","-0.115884885","0.17726299","-0.5592184","-0.453222","0.44599533","-1.6394433","-0.2854851","3.6953473","-0.3379737","1.7009234","-1.5343094","-1.1212476","-0.05762412","-1.2408438","1.3918157","-0.20827189","1.3261265","-0.29892159","0.84825194","0.08852835","-0.07129615","-0.43932283","0.35562882","0.57327276","0.17800774","-0.3189138","-0.40269482","0.12899308","0.31556147","0.1708097","0.31484684","0.46553966","-0.047934003","-0.43994612","-0.13005513","-0.6848856","0.87554985","0.35779718","0.202258","0.45616153","0.39792818","0.6085905","0.16669875","0.028110068","-0.0611609","-0.046884924","0.025409348","-0.17359088","-0.0022930827","0.07997295","-0.15613271","-0.29661542","0.29735914","0.44988093","-0.050731674"
"Transient Ischemic Attack","-1.1772989","0.3505001","-0.2435183","2.3723128","-0.67921036","0.692776","0.12200563","0.056468416","-0.67475617","0.46798933","0.2631286","-0.36496815","-0.32023403","-0.073445626","-0.47122368","0.634491","0.55146754","-1.1218367","1.2865075","-1.8737118","2.183296","-0.9678426","0.84368753","-1.0225123","0.39471403","-0.24498165","0.7745912","-1.0389886","-0.19056894","3.5674608","0.8127456","1.7981732","-1.0728904","1.9987731","-0.5207707","0.11892255","0.62189525","-0.68740666","-0.6033403","0.53175145","-0.5625039","-0.2162921","0.28654727","2.428501","-0.15774307","1.9615039","-2.909307","-0.64285874","3.5833368","-1.6351738","0.72259146","0.09144099","1.6128563","-3.7970054","0.011040698","2.8351119","-0.29709235","-3.0950127","-1.2564181","-0.053862672","-3.3341088","-1.2792732","0.35794416","-0.73666614"
"Traumatic Brain Injury","0.49887994","0.09958305","-0.11394829","-0.39983177","-0.109553576","0.33345276","-0.14578395","0.030933086","0.035759483","0.30807856","-0.4059367","0.26941958","-0.25349456","-0.34170333","-0.6003185","0.050827224","-0.17533302","-0.18119796","0.05757334","-0.101046495","0.5216623","-0.32731408","-0.22021368","0.10717593","0.4573771","0.055892233","0.48252216","0.31296965","0.38887542","1.160788","0.6230111","-0.9196673","0.9048167","-0.6910226","0.82849765","-1.0568458","0.6705783","-0.402782","-1.5727006","-0.639297","-3.6806383","-0.41617644","-1.8092943","0.08501429","2.215981","0.2883483","-0.5294601","2.145672","3.8877099","-0.930631","-0.13659403","0.81687266","1.9607191","0.58960676","-0.76307565","0.6047688","1.8878695","-1.3507653","-1.64374","0.11375632","0.33096093","0.3368542","0.07451522","-0.50338346"
"Traumatic brain injury","0.32795113","0.13857466","-0.3339471","-0.16954407","0.0067735673","0.18329348","0.0061010425","-0.2167069","-0.030204048","0.052613467","-0.0006960985","0.08290181","-0.07727558","-0.22137766","-0.07414098","-0.14033642","0.11556374","0.20863597","-0.00053184375","-0.22392829","0.05868409","0.2484569","-0.07057745","-0.05953549","-0.31187972","0.21332714","0.098968215","0.20232214","-0.33906588","0.09688949","-0.12437304","0.31859705","0.22594726","-0.13560247","0.29283518","0.11656592","-0.124501236","0.12098517","0.20270957","0.031106098","0.004682812","0.14569142","0.3305471","0.37051767","0.14739145","-0.604353","0.15004829","-0.16083552","-0.50011855","0.39949957","0.17561296","-0.68482995","-0.4034378","1.2813188","-0.48606887","-0.056499556","-0.6402485","-0.8347066","0.24865563","-0.052951388","0.586911","0.14454804","0.27124113","-0.19671637"
"Trichomonas vaginalis infection","-0.7541002","-0.09835453","-0.3842078","-0.77424324","0.97823155","-1.6032699","-1.2316222","-1.4286482","-0.06517578","-0.19514364","0.32471934","0.49823463","0.1968351","-0.4997151","1.0150034","0.37962705","0.4650949","0.28301364","0.04114866","-0.40144897","-1.0194026","-1.3392553","2.866997","-0.37883386","-0.13992684","-1.0500517","-1.4035842","-0.8928547","-1.9650857","1.2674241","-0.7765749","-0.69157237","2.4606886","3.3313706","0.3047473","0.17866515","0.35047126","-0.45961934","0.86699486","3.1471984","-0.30462024","3.1556542","2.2503755","2.1374054","-0.5259378","-0.6140091","-0.6619029","0.16219757","-2.7696364","-1.4007192","0.07834391","1.280979","-0.13010612","-2.0030146","1.6489104","4.1971765","3.7724051","2.3354616","0.21807002","1.0210819","-1.4719083","-0.14523153","-1.3831006","1.2305127"
"Tuberculosis","-0.670445","0.107118174","-0.22480243","-0.12230864","-0.04028434","0.16247575","0.06612675","-0.10555913","0.0017596121","0.08392333","-0.023652144","0.06329279","-0.1177068","-0.20927122","-0.07694865","-0.050110888","0.18083967","0.112715","-0.052344862","-0.14263052","-0.08747289","-0.3684294","0.088601165","-0.092181124","-0.1025448","0.03029276","0.058183063","0.16757637","-0.14274918","0.29271883","-0.6283355","0.45555985","0.541282","-0.33313152","0.030315442","0.49585214","1.2505268","0.3093593","0.00093110773","0.584844","-1.2876996","0.9394137","-0.2762579","0.63397384","-0.7965123","-0.4081189","-0.25474784","-0.9433218","-0.7564807","0.45361367","-1.8021516","-1.6186676","-0.37042147","1.3295555","-2.5736399","-0.38475034","1.8538553","-2.4217691","1.3351699","-3.307771","-0.8198882","-0.6841271","0.058681156","-1.632923"
"Type 1 Diabetes","-1.9009469","-0.0020488382","-0.01881752","0.03557025","-0.03402306","0.072566815","0.065345176","0.12072203","0.010333026","0.072574325","0.097794265","0.09388906","-0.12612696","0.16556251","-0.21180737","0.15148926","-0.19308005","-0.13838805","0.046754353","0.29394102","0.017642057","-0.0950907","-0.080250576","0.19318615","0.18560888","0.1444363","-0.42546585","0.047875058","0.2263064","0.0061836136","0.042622518","0.20499349","0.048606016","-0.458971","-0.57242566","0.13493335","-0.30933246","-0.3840373","0.21573131","0.2028077","-0.5645598","-0.17815076","0.27871093","-0.06595745","0.012389347","0.21724285","0.067118004","0.013542314","0.0853496","-0.32295516","-0.31422132","0.27281356","0.75958","1.2058336","-0.018981548","-0.44198006","1.3161463","0.83400565","-1.638827","1.8290857","-0.32512644","4.063476","-1.7682507","1.2189944"
"Type 1 diabetes","-1.9788965","0.030489923","-0.05579819","-0.0526991","-0.030886892","0.019791676","0.030254727","-0.062727585","0.020027082","0.03765984","0.009645038","0.007890294","0.014829322","-0.010417111","-0.026289945","-0.019919856","0.005384421","0.036347624","-0.035070326","-0.0042778263","0.029745858","0.005343656","-0.055941872","-0.0043367203","-0.007884625","-0.011440574","0.007460295","0.009595315","0.01280211","-0.0163075","0.012386256","0.017054668","0.0254739","0.01668037","-0.0019620252","0.079699755","-0.05362338","-0.0070642647","-0.07645774","0.07449036","-0.105597354","-0.004587042","-0.18109393","-0.085196085","0.0007249238","0.20849834","-0.3250473","0.026963303","-0.17645508","-0.11966816","0.016625343","0.016721979","0.4207641","-0.77032197","0.061537556","1.2067624","-1.0959307","-0.97099596","0.55112773","-0.77104664","-1.4303879","2.436766","1.4933312","-0.2974723"
"Type 1 diabetes mellitus","0.334433","0.32830384","-0.28700286","-0.4220857","-0.108058244","0.4765664","0.37942776","-0.94455934","0.05258822","-0.09931901","0.85140586","-0.28953344","-0.24603717","-0.5955214","-2.317841","1.2380488","-1.3999047","-1.6844085","-1.5889217","0.52870053","0.27234188","-0.51191676","-0.12035098","0.41250497","2.8853579","0.90311193","-3.0143769","0.79131","4.6282268","0.6191569","-1.988377","1.1599187","-1.5890739","-3.7909138","-3.107751","-0.043260466","1.1685055","-1.5542604","-0.5203624","0.8596557","1.3532007","0.23299795","-0.05914587","1.5382499","-0.66480625","0.2597534","-1.0210764","0.6565775","1.1204557","-1.3851345","-0.902289","-0.6797022","0.34006944","0.8654638","-0.013691971","-0.7339246","-0.16012712","0.50129205","0.27855095","-0.6066007","0.67992026","0.612979","-0.14865315","0.01949897"
"Type 2 Diabetes","-1.9789499","0.03049433","-0.055825043","-0.052676782","-0.030745897","0.019815186","0.030335655","-0.06280491","0.020047842","0.03780374","0.0098606665","0.0077741025","0.014804827","-0.010406237","-0.026369754","-0.019917078","0.0057121115","0.036115464","-0.034927417","-0.0044183983","0.02970848","0.005873775","-0.053227868","-0.0072973054","-0.007890393","-0.012600465","0.005132338","0.020224188","0.017968439","0.0033127177","0.012107413","0.008699887","-0.019843297","0.034322795","-0.017834289","-0.05273015","-0.12856391","0.057997532","0.07756536","-0.12529182","-0.08334291","0.14251803","0.31550214","-0.13315362","-0.12900151","0.087090015","-0.3238127","-0.06024036","-0.2065672","0.36825514","0.28453612","-0.69394565","0.03687393","-0.049621314","1.2000246","-2.6717262","1.8245381","0.22711246","-0.36987826","-3.485478","0.5001364","1.5336652","-2.0914235","0.21359228"
"Type 2 diabetes","-1.2885785","-1.8039285","-0.46260366","0.39503136","0.11815451","0.3462398","0.56683004","-0.13717544","-0.53239745","-0.8198256","-0.26511243","-0.55826235","0.47995785","-0.2673229","-0.82459605","-2.057348","-1.0827565","1.689798","-0.1941671","-1.2508079","-0.14515018","-2.865282","0.5661533","0.6239474","-0.039172184","2.0626352","-0.9715382","1.0072614","-1.4637924","-0.5208993","-1.4198095","-1.6740973","-0.97449946","0.47784624","-0.7982432","-0.28202993","-1.2590085","-0.5667997","-0.4690027","0.86439544","0.7626635","0.16575252","-0.45766392","-0.9215127","0.36405262","-0.71159995","-0.4214143","-0.07566341","-1.3362199","0.50457704","-1.1943308","0.27183497","1.2092724","1.3803638","-0.15909727","-0.12927538","0.07829209","2.471825","-0.6011966","-1.3858435","3.2103202","0.93382055","-1.496955","0.7258345"
"Type 2 diabetes mellitus","-0.4533411","1.4626678","1.4825755","0.9730797","-1.0776308","1.4698812","0.18179819","1.7634887","0.9087995","-0.35229614","-2.6004856","1.5818999","-0.9017068","0.8980664","-1.330282","1.5560716","-0.5471345","-0.6265392","1.1874748","1.021284","-1.2144986","-0.22973257","-1.512528","-1.6537553","-0.5526348","1.1456124","0.13925023","-1.4012187","0.69100785","0.20156057","-0.68768007","-2.9401896","3.875754","-1.879139","2.7812166","0.078019306","-1.7957715","-1.5882856","-0.77476406","0.37374145","-2.1718698","-2.376464","-1.3403445","3.3488462","-0.5411267","2.1789067","0.6407092","-0.8298354","-0.5659154","-3.257765","0.68689215","1.1955438","0.5331142","0.9591186","1.001411","0.52995604","1.6827958","0.3979858","0.5422585","0.20186983","0.3696156","0.02790556","0.6536523","-0.056762904"
"Type II Diabetes","0.67939764","0.12108637","-0.29585883","-0.21672253","0.11424416","0.13160028","0.061998833","-0.16089553","0.02343754","0.10678698","-0.039020676","0.11258417","-0.01156232","-0.22019191","0.007854777","-0.2585521","0.038839664","0.2999858","0.094409175","-0.06760091","0.18226387","-0.14537269","-0.18287696","0.2965729","0.3135971","-0.0021811258","-0.37257627","0.23024476","-0.25657317","-0.31689167","0.18194516","0.0752646","-0.36045834","-0.7235025","-0.44094136","0.9872853","-0.12992455","0.55022836","0.6579105","-0.15720847","-1.1753824","-0.29029828","-0.1881513","-0.34925255","0.003605887","1.4234277","-0.69803315","-0.7249809","-0.66641283","0.26620513","0.85655695","2.1084945","-2.1699395","0.72358567","-0.95272726","1.4457065","-1.1816887","-0.8497338","0.42247874","0.6862643","-0.44817764","0.22036178","-0.03352744","-0.89393705"
"Ulcerative Colitis","-1.9783188","0.02988714","-0.05658512","-0.05289401","-0.030767301","0.019840522","0.030515058","-0.063170835","0.018596528","0.038250286","0.009750731","0.008059717","0.013745929","-0.008476783","-0.026882641","-0.019853402","0.0045054746","0.03449161","-0.036234498","-0.0029202146","0.029182969","0.0045497958","-0.05561132","-0.0024524264","-0.010625064","-0.010142956","0.0021842795","0.012197085","0.007843294","0.0057290965","0.0044864467","0.016254978","-0.004781069","0.000774084","0.028265223","-0.05970014","-0.0006135815","0.05981459","-0.03497163","-0.04958362","0.0578764","0.0530259","-0.13929664","-0.20653628","-0.1467801","0.072989136","0.12531683","-0.019655881","0.12112643","0.05494175","-0.15709466","-0.510284","0.729978","-0.7507667","0.038972676","1.3279955","-0.39719418","-0.65775687","1.108369","1.320853","1.6989387","1.2201263","0.9621121","3.2238097"
"Ulcerative colitis","-0.2280091","-0.44650242","0.4345489","1.5114344","0.7318354","1.7324375","-0.2933565","-0.3435339","0.5191851","1.0502918","3.7701252","2.7905807","0.15699565","-0.74799424","1.9183208","1.5119487","-4.494115","0.1378265","0.06490308","-1.6155187","0.4140489","-0.5992808","0.015734764","0.041878037","-0.21712422","-1.6167228","0.955498","0.35564026","0.10837666","-0.9918703","1.1335065","-0.5545627","-0.21620677","0.39465752","-0.09136321","0.08952579","-0.2073273","-0.8514997","-0.29356593","-0.3130906","-0.3964222","0.039788533","0.11675447","0.87711984","0.31134772","-0.461624","-0.8657281","-1.4797806","-1.1820234","0.52193743","-0.7757663","-0.24897575","0.9942922","0.2089728","-1.6072232","-2.019657","0.27985695","0.7695993","-0.8816274","0.51300764","1.0271672","-0.5245056","0.07072916","-0.48451582"
"Undernourishment","0.8865098","2.878938","1.3591393","-0.21452141","-0.9936412","-0.43056276","0.61387056","-1.0584221","2.8937886","-3.1618242","1.0909681","-1.2834083","0.40259558","-0.21477738","0.6864136","-0.026185006","-0.41899383","-0.20011269","-0.5049316","-0.7082065","-0.31808805","-0.054787345","0.2773576","-0.41092893","0.32741287","-0.37576267","1.7943906","1.6113267","-0.4785073","-0.11692943","-0.77751297","0.8364748","-0.58228743","1.0364361","-1.0041398","-0.7797781","0.3378722","0.78470266","-0.53559023","-0.885383","0.016131513","0.17062679","0.16423336","-0.624583","-0.09194793","-0.2944781","-0.23354185","0.40940306","-0.033448547","0.011618345","-0.24524665","0.36693227","0.111990124","0.16664158","-0.21110825","0.08453617","0.058028918","-0.13304345","-0.055741884","0.14703861","-0.47637624","0.05140293","0.33965796","-0.06391154"
"Urgency urinary incontinence","-0.7531197","-0.5202802","0.93994397","-1.1850517","-0.08501926","0.4647001","-0.5546375","0.40619805","0.46406808","0.4221896","-0.13394977","-0.8685577","-0.2237761","0.12786962","0.08976438","-0.74770397","-0.15600994","-0.06595504","-0.04375286","0.20272946","0.41939133","0.3687419","-0.60953146","1.1631225","0.21575919","-2.2144086","0.5227824","-1.9146055","-0.028103","-0.74693453","0.3582952","-2.4059978","0.0034054632","1.0758535","-3.5297673","-0.075820535","-0.6671303","-0.020668235","-2.3196807","0.3282055","2.2354567","-0.22571245","-0.33286268","-1.2689606","0.5830374","1.2129371","0.356118","1.1516802","1.2814411","-2.4394064","1.67574","2.7582498","-0.40382323","-2.8631556","0.44796598","-0.56740826","-2.1526697","3.6123114","0.15299204","-0.33601272","-0.4491912","0.55707735","-0.63167226","-0.08669642"
"Urogenital Schistosomiasis","-1.6365755","0.22402829","-0.43152443","-0.07842657","0.48933902","-0.88070285","0.049655978","-0.37170607","-0.35346243","-0.06058886","-1.1170074","0.08647402","-0.3155279","0.77873605","0.7335345","0.09732879","-0.16696861","-0.082926944","-0.22017157","0.21116544","-1.2405477","-0.54312617","0.63122255","-0.6095594","0.14399229","0.7237561","-0.706746","0.73042405","-1.0851947","0.5794407","-0.44265753","-0.86162937","-0.15466642","2.2250454","1.3375753","-0.24929653","1.0483494","1.2662352","0.94603974","0.71128273","-2.0633984","0.627065","0.89996755","-1.3587954","1.3594419","1.1837823","0.5999308","0.21318567","1.343952","-0.48614612","-1.814834","0.2771338","1.5024703","0.62975156","-0.1392354","0.6883787","-0.5592762","-1.1315441","-1.7604727","2.0070565","0.16440794","0.9833814","-3.8052416","4.1256714"
"Urolithiasis","0.70235866","-1.3328753","2.0412064","-2.101488","-1.493454","0.383006","-0.55532604","1.3045704","2.7044275","-0.18226711","5.4248548","-0.9662962","0.37647417","0.13829526","1.4717575","-0.66144174","-0.087073624","-0.27979094","-1.5907388","-0.334585","0.095196255","-0.005391671","0.20285966","-0.10413421","0.54371816","0.012512182","1.2444788","1.305518","-0.20935573","-0.56560546","-0.7112081","0.5254402","0.08763111","1.2752489","-1.0511174","-0.3192961","0.27102807","0.633489","-0.4000933","-0.97678864","-0.09190134","0.28627577","0.05992924","-0.9423061","0.098379225","-0.028811155","0.3166879","-0.012568126","0.106937274","-0.19904032","-0.60763216","0.43524054","0.3526654","0.23989342","0.22024676","0.25536707","-0.03112872","-0.30943328","0.022727665","0.1840082","-0.22186701","0.20444407","0.24960774","-0.4024929"
"Uveitits","-1.9013029","-0.03449759","-0.0201941","0.12580566","0.2791183","-0.10983496","-0.13318959","0.006390256","-0.02953245","-0.09430095","0.056990635","-0.113635585","0.046132606","0.007328963","0.0052847373","-0.036575004","-0.06633311","0.08577504","-0.06677347","-0.06747605","0.12635309","0.05968939","-0.10898152","-0.15621538","0.0017347955","-0.034672398","0.17056061","0.0721929","-0.010263957","0.16764362","0.03207957","0.11512824","0.05845957","-0.106953494","-0.26407838","-0.18262653","0.12217808","0.44227347","0.014901656","0.040365037","0.2863009","0.3472512","0.0021528318","-0.09487988","-0.43019858","-0.33171377","0.3722693","0.09026087","0.07915833","-0.31835672","-0.049351968","0.6768883","0.17671156","0.42383233","2.1591194","1.3287517","0.18074162","2.1364388","-0.4254397","3.0065045","2.0943997","-1.1948649","-1.9854879","0.17355384"
"Vestibulodynia","1.0842315","0.1501847","-0.3369367","-0.19558461","0.07356561","0.12542258","0.11516172","-0.10870122","0.09854373","0.21245535","-0.07199794","-0.056303248","-0.11236837","-0.10758161","-0.060517453","-0.18562934","0.0103903385","0.008660416","-0.050944496","-0.07164678","0.09108582","-0.5918201","-0.28943762","0.10996077","0.22393401","-0.04453778","0.24896236","-0.17652202","0.070153035","-0.30618635","0.20184278","-0.18713167","-0.09706506","-0.10115273","-0.4565928","-0.03359471","0.13578191","0.3064167","-0.09070995","-0.10873384","0.06318387","-0.11080864","-0.26071113","-0.5475955","-0.42172265","0.4504583","-0.032842424","0.14724186","-0.107042976","-0.19135392","-0.08071959","0.5799509","0.3257898","-1.1321656","0.30121097","-0.34909195","-0.08192165","0.709528","-0.17149751","-0.0086739315","-0.42568502","-0.16632675","0.021594636","0.14870146"
"Viral respiratory tract infection","-0.105963156","0.35812372","-0.10586472","0.7398326","-1.0928763","1.924769","1.5807569","1.5280968","0.41883624","0.470166","-0.7114276","-0.29966384","-0.70335853","0.455395","-0.25686136","0.41060752","0.16011201","0.16624652","0.4996672","-0.45253277","0.34061643","-0.06545036","0.8525832","0.37095988","-0.27115637","0.23632081","0.08260749","-0.029313883","-0.3224519","-1.015367","0.5202802","-0.90254587","-0.4862958","0.5761146","0.3375758","-0.11749195","-0.22641039","-1.5657005","5.098954","-3.7568626","3.0134091","4.1636443","-3.7215235","0.71373737","1.4738548","2.9918942","-1.2719176","-0.59481514","1.3935622","-0.8969303","-0.17634757","-0.2983949","-0.04992501","1.9754328","1.4810133","1.1067456","1.5152371","1.247629","-0.44482896","-0.9837228","1.0100504","-0.9602102","0.86834973","0.20095775"
"Vitiligo","-0.7583923","0.107420556","-0.28728408","0.07512934","-0.16447726","0.2959282","0.20534033","-0.20901637","-0.11899468","0.2555108","-0.10447939","0.39844877","0.18352805","-0.5088814","0.98121285","-0.07674844","-2.4102676","0.38211524","-1.3070354","0.83352274","1.0056951","-0.1936766","0.6496416","-0.86093473","0.069450654","-0.9783579","0.5328688","-0.6943346","-0.25948045","-0.045459837","0.39295715","-0.17974974","-0.6872214","-0.20124796","0.0006728457","0.26146746","0.023056487","0.14414598","-0.07402404","-0.4123821","-0.3062564","0.01112044","0.42445666","-0.5117068","0.41731784","-1.4453042","-0.5616346","-0.36681503","-1.0383159","-0.08882039","-0.5271439","-0.22788778","0.053444147","0.11497679","-0.797828","-0.23109697","-0.10491027","-0.47659323","-0.11179158","0.33651233","0.27787155","0.090083845","-0.5601127","0.15533271"
"Vogt-Koyagani-Harada disease","-0.24240902","0.21736017","-0.44289505","-0.11113802","0.16143277","0.3417371","-0.12997009","-0.08180494","0.026962917","0.10753193","0.21707696","-0.4920396","0.093806185","-0.43297035","-0.2584058","-0.14556035","-0.08329991","0.13754484","0.21415451","0.5202516","0.44680887","-1.7052372","0.4137285","-0.5896442","-2.7842157","2.0559363","-0.26149377","0.8278877","1.2931651","-0.49233073","-0.27306998","-1.2593962","-1.3023112","1.4637251","-0.7729913","0.24865343","-1.7310872","0.090538345","-1.2335471","0.0462863","0.37154725","0.24695286","0.08748747","-0.4592577","-0.1879978","-0.50976014","-0.10971904","-0.90378916","-0.31070584","0.36961597","0.31280842","0.6589378","-0.08059303","0.43368584","0.45080194","-0.035966646","0.4727785","-0.2627441","-0.06595012","-0.35923362","-0.070017636","-0.11695346","-0.067877606","-0.001554181"
"Vulvar vestibulitis syndrome","0.183775","-0.17279896","0.6208606","1.106211","1.6877325","-1.7271019","0.7740576","1.0761516","1.5626533","1.426991","-0.63052785","-1.1247588","1.1040252","-1.8686482","0.50584143","-0.5030254","0.24155928","-0.58988225","0.19668631","0.09736062","-0.17076626","-0.5593118","-0.15815145","-0.781909","2.9629056","-0.11239689","-0.57171524","-0.1857123","1.5729828","-2.4234195","1.2538805","-1.578016","-1.3429294","0.74353546","0.1314526","0.44023594","-1.1160439","-0.035139687","-0.43333068","-0.2896075","-0.11678827","-0.56569505","-0.3225552","-2.3999498","-0.39036715","1.6057605","-0.123935506","0.7862948","0.13246855","-0.8202761","1.0256083","1.5301108","0.5797739","-2.66256","0.8925882","-1.2515774","-0.41705868","1.723371","-0.61632645","0.8035384","-0.7949586","0.1332408","-0.4701129","0.4941629"
"Vulvodynia","1.0830028","0.15680534","-0.35618806","-0.22139598","-0.010757508","0.22223209","0.056935452","-0.17094813","0.024735473","0.1357213","-0.02045202","0.0053288","-0.0415676","-0.27187392","-0.10789727","-0.091639675","0.10054055","0.12646832","-0.10307877","-0.16430877","0.024048023","-0.27002546","-0.17090578","-0.05867768","-0.01934566","0.26097697","0.061967973","0.19047214","-0.09868247","0.005862066","-0.117877096","0.3242938","0.026034424","-0.3694387","0.29754847","0.027985705","0.22563976","0.21654592","0.49775565","0.0021886234","-0.3695373","-0.035966195","-0.048191536","0.28316775","-0.46192673","-0.21942516","-0.11042369","-0.51695096","-0.5039529","0.9545139","-0.8054632","-0.8206999","0.31996435","0.47626632","-0.14676207","0.14413188","0.6281393","-1.0624651","0.0444819","-0.013145054","-0.2600371","-0.31647754","0.08560339","-0.083440855"
"Whipple's disease","1.0841886","0.16254766","-0.372621","-0.20863822","0.026749345","0.17208931","0.078078285","-0.18915436","0.042858046","0.15511106","-0.037505932","0.021679869","-0.11907353","-0.17061533","-0.1093804","-0.16467997","0.061109453","0.071964994","-0.0558365","-0.14961256","0.092851125","-0.19630325","-0.18578744","0.08118543","-0.02732353","0.079232745","0.1545316","-0.0029816178","-0.06792341","-0.06405448","0.062241115","0.026081646","0.01616748","-0.08728053","-0.05139942","-0.004121532","0.05983389","0.17390303","0.046512526","-0.012984333","0.0066134618","-0.004969151","-0.04490627","-0.055558454","-0.17450954","-0.0632905","0.030264677","-0.017826948","-0.23534796","0.15389559","-0.007815686","0.036352128","0.048487537","-0.037180584","-0.020514892","-0.0048828702","-0.14141926","-0.078868754","-0.07354625","0.019600358","-0.052987076","0.029597536","0.042797424","-0.05889411"
"Wilson's disease","-0.45549217","3.569667","1.9526141","0.53346324","-3.1956987","-0.6855062","0.4959636","1.1940237","-1.2137678","0.52421415","-0.2703522","-0.91248053","-0.8261914","0.83632","-0.08163397","-1.134418","0.6283761","2.9427133","1.6369082","1.169127","-0.47826195","-0.16265622","-0.37950867","1.8302749","0.8154749","-0.5271267","0.52419287","-0.025174214","2.0605438","-1.5473437","-1.9960313","0.044607587","1.0751745","1.4934568","1.9348829","0.108448","-1.1350608","1.3377564","1.6743364","-1.4471023","-1.9637494","0.57975197","0.32307693","0.9063564","-0.19108827","-1.4359899","1.1984392","-0.0580775","-1.1676763","0.7711607","1.7181479","-0.52364796","-2.0295954","-0.63886285","1.9727756","1.2465423","-0.2985238","-1.736861","-0.71312946","0.67257345","1.0314572","-1.0380603","-2.8740485","0.89915687"
"Wiskott-Aldrich syndrome","-0.10379588","-0.3098084","0.6890762","2.0142605","2.1975188","2.1155827","-1.1805024","-0.46091363","0.025144512","-1.1980286","0.42070097","-1.0474602","-0.44463778","1.0466648","-0.1690126","0.78445673","-0.08591872","-2.6677945","-3.654577","-0.67267543","-1.9530228","0.5178666","-1.4738599","0.76435775","-1.0806562","0.49586082","-0.311038","0.61778426","-0.9298794","-2.089876","2.1941037","-1.4565047","3.1481733","-1.6352437","0.7019784","1.176512","-0.563021","-0.8780627","-1.7994566","-1.3501338","-2.4644456","1.891533","0.48319516","2.1525087","1.8308907","-0.0096768355","0.7889139","2.3427556","1.1902847","-0.17938606","0.42485437","1.0743251","0.5244719","-0.9172133","-0.13758555","-1.8648189","-1.7441583","-2.0633967","-1.6328704","-0.7349289","-0.50450945","-0.9325332","0.052210126","0.21264789"
"X-linked inhibitor of apoptosis deficiency","0.03573874","-0.07359954","-0.27030316","-0.012452256","1.1458646","-1.1813023","0.26037696","-0.30201188","0.69471025","0.24414705","0.08252101","-0.5449916","-2.1460452","3.0999148","1.3138639","0.3518626","-0.5607982","-0.5050898","1.7808057","-0.088907525","0.066347286","-1.7266897","2.9184039","-0.8942202","-0.11649342","-0.41333222","-1.5444154","-0.38637078","0.10382801","0.45017415","-0.68835557","-0.49320558","2.3565254","0.59972274","-1.2083819","1.5163177","0.6529799","1.6618507","1.4090698","0.07327733","0.42774794","-0.41904572","-0.25689977","-0.3689625","0.37890613","-1.518084","-0.3096285","-1.0305945","1.1246914","-1.0821161","-0.84501576","-0.2832868","1.2592406","-0.6007243","0.3842267","-0.16560951","-0.70259416","-1.882941","-1.0971334","0.5845161","-0.8157693","-0.7293644","-0.2678195","-0.62875867"
"abdominal bloating","1.0835","0.15578105","-0.36275834","-0.20060356","0.03883354","0.1580774","0.07893702","-0.1800721","0.049900617","0.15811557","-0.04396728","0.0269455","-0.13842551","-0.092091516","-0.095742874","-0.1653481","0.0370673","0.07462041","-0.0010679481","-0.119423136","0.101850174","-0.16629039","-0.12193294","0.06331881","-0.02109298","0.07821035","0.17324385","-6.998129e-05","-0.056328494","-0.1478044","0.11933756","0.07251325","0.06493059","-0.110540144","-0.074411295","-0.1927712","0.2259893","0.10699722","-0.04345039","-0.006084214","-0.053396326","-0.024527857","-0.2862192","-0.004664433","-0.16589597","-0.10216428","-0.053128447","0.05465568","-0.24137345","0.2700883","0.013923884","0.17439397","0.057727348","-0.046986543","-0.17041363","0.01810904","-0.049610298","-0.21762098","-0.16549453","0.056449503","0.0906428","0.0020141995","0.038159396","-0.1984792"
"abdominal dysfunction","1.086982","0.17478484","-0.40046173","-0.22492148","0.031930324","0.19396998","0.079448305","-0.21920453","0.048808992","0.19500197","-0.04594822","0.014318013","0.094122395","-0.030157996","-0.16581975","-0.16339773","0.066864215","0.09792839","-0.030755924","-0.17273405","0.12416643","-0.20749964","-0.19157001","0.09990403","-0.018996151","0.07195306","0.19029804","0.011926359","-0.08357483","-0.08866471","0.10267258","0.024851197","0.012347353","-0.12656052","-0.04291778","0.01991908","0.058411077","0.19030881","0.063893154","0.013014429","0.010146937","-0.047669478","-0.08169641","-0.034618873","-0.18282968","-0.11694723","0.015376436","-0.030450465","-0.3029004","0.23702891","0.00375535","0.0678307","0.14123863","-0.05673915","-0.012212745","0.010924936","-0.19311008","-0.1141536","-0.12945917","0.049197663","-0.045674473","0.022117727","0.08957973","-0.07871952"
"acne","1.0838084","0.18499671","-0.42501822","-0.23873053","0.08553391","0.17619811","0.110476285","-0.15920302","-0.0012174511","0.19989018","0.025720635","0.05286007","-0.12076906","-0.17049505","-0.095986195","-0.13964184","0.044432074","0.07287581","-0.055117942","-0.15398245","0.019876137","-0.13364181","-0.1729575","0.10961235","-0.039147116","0.04552534","0.16392492","0.052711375","-0.07705358","-0.17803907","0.0514403","-0.032285422","0.0261185","-0.13499407","-0.0440714","0.027186194","0.07908422","0.15322343","0.107115984","0.07534464","0.11752437","-0.0050547733","-0.064892985","-0.18312457","-0.23296513","-0.11637733","0.06222275","-0.016929667","-0.48111188","0.3097429","-0.08369527","-0.010565412","-0.006249481","0.14389656","-0.061899353","-0.16500905","-0.16984865","0.065319896","-0.032602564","0.100793056","0.058653258","0.069541","0.06484898","-0.06765045"
"acne vulgaris","0.028976338","-3.7679615","-1.8757575","0.40102917","-0.065397754","0.38812882","-1.7165588","0.6386156","-0.8500143","2.0697856","-3.4146137","2.9084795","-0.87892324","0.77389085","-0.8843686","0.08921865","0.40236732","0.25798896","-0.40824738","-0.12066657","-0.82342744","-0.23658817","1.5523268","0.19677839","0.575606","0.9425663","0.10093849","1.1310036","1.0345453","-1.7399197","-0.5956089","-0.2764525","-0.7760594","0.36473635","1.0148278","-3.7108114","2.2197235","-0.4355986","-1.7965997","0.30891255","1.139316","-1.1445049","0.081487685","1.0322906","-0.04748427","0.76018953","-0.6995472","1.7032987","-1.0692546","0.8172477","-1.2744702","0.84757566","0.0752409","-0.22399622","0.22098559","0.37437087","-0.94578105","0.036017742","0.9524243","-0.028454171","0.24153358","-2.3281531","-0.114053935","0.44332045"
"acute anterior uveitis","0.6943443","-0.14554368","-0.21744037","0.5650931","1.4696966","-1.2359253","-0.082010075","0.82868826","-0.31611145","-0.49365667","0.20273407","-1.4993573","-2.0022535","2.8632042","-0.42725176","-0.4103871","-2.4837816","-0.14162187","1.8411114","1.289005","1.926655","-0.14434104","-0.5750509","2.4673054","-0.4111797","-0.67061687","0.26112998","0.12996696","2.618225","0.2524519","-2.369312","0.29428568","0.4192773","0.63322556","0.69318855","-1.1238625","1.0605859","2.0363028","1.3291136","-0.10500084","-0.005213304","0.40664163","-0.75908566","-0.50502956","0.10695186","-0.46415144","0.9603272","0.36196554","-0.31212315","0.41473022","-0.38828176","0.9348662","-0.2849954","-0.65411085","0.4170052","0.5289029","0.17867616","-0.88578457","-0.5677477","0.64226234","-0.53189015","-0.21081293","0.87621754","-1.03923"
"acute diarrhea","0.33706388","0.13773511","-0.24049602","-0.10952497","-0.2786569","0.0015877587","0.12674741","0.1293935","0.11970224","0.08831171","0.36670244","0.112225994","-0.059489187","-0.16898724","-0.36131692","1.3325139","-0.12695208","-1.4823732","1.0598297","1.0899837","-2.0061977","0.9422871","-0.9657785","-2.2730246","-0.27230665","1.194032","1.5941346","-3.1944132","0.5565488","0.44045419","-0.73322636","-0.6917353","0.37865713","-0.13071683","0.14544773","-1.4081987","0.08508268","0.08577461","0.50458395","-0.04029248","-0.27517554","-0.42547315","-0.0015912713","0.14987834","-0.2963167","-0.34420517","0.11925376","0.050196737","-0.6089804","0.058859635","0.46247518","0.25624183","-0.31610572","0.3049864","-0.547606","0.08943318","-0.27972704","-0.12451132","0.060377214","0.16501229","0.04539531","-0.29259235","0.0048445733","-0.21172506"
"acute febrile diarrhea","1.0841886","0.16254766","-0.372621","-0.20863822","0.026749345","0.17208931","0.07807782","-0.18915436","0.042858046","0.15511106","-0.037505932","0.021679869","-0.11907353","-0.17061533","-0.109380744","-0.16467997","0.06110983","0.071964994","-0.0558365","-0.14961256","0.092851125","-0.19630325","-0.18578744","0.08118543","-0.02732353","0.07923228","0.1545316","-0.0029816178","-0.06792341","-0.06405448","0.062242158","0.026082711","0.01616748","-0.08728053","-0.05140057","-0.004121532","0.05983389","0.17390063","0.046513133","-0.012989251","0.006614715","-0.004967878","-0.04490499","-0.05555716","-0.17450954","-0.0632905","0.030264677","-0.01782557","-0.23534864","0.15389837","-0.0078171035","0.036356438","0.0484879","-0.03717764","-0.02052091","-0.0048973607","-0.14141849","-0.07887032","-0.073542304","0.019609109","-0.052987076","0.029613078","0.04279907","-0.05889411"
"acute lymphocytic leukemia","1.0714606","0.059414856","-0.26041746","-0.11291427","0.039128706","-0.032114163","0.1906626","0.19845825","-0.037151214","-0.40140507","0.0014156384","0.22323374","-4.681473","-3.2098992","0.61857796","-0.64777803","0.15311247","-0.20956056","-0.4765151","-0.25748342","-0.15371937","-0.67536527","-0.5106619","0.13189058","-0.14438182","0.41265696","0.30891848","-0.19679423","-0.18074687","-0.055855762","-0.14330779","0.118437536","0.09939152","-0.024600051","-0.24404141","-0.104500115","0.3103103","0.4544991","-0.021407485","-0.16170084","0.031133687","0.15811668","0.08185597","-0.23419902","-0.3936821","0.06798074","0.117123","0.013250558","-0.34975","0.09959432","-0.030974025","0.11588893","-0.2719443","0.030133381","-0.14350402","-0.09616282","-0.22153245","-0.1427488","-0.06953921","-0.028845835","-0.042747363","0.020677513","0.005699204","-0.14061244"
"acute myocardial infarction","0.3287538","0.13806674","-0.31495956","-0.18137772","0.016993672","0.14700274","0.0705188","-0.17035793","0.0395743","0.13917111","-0.031397846","0.01997588","-0.10367574","-0.15364693","-0.10078855","-0.15147854","0.056285065","0.06893633","-0.054123264","-0.13846985","0.08838048","-0.18538667","-0.17904285","0.07710127","-0.026525144","0.07628785","0.15083474","-0.0028578509","-0.06729193","-0.06416475","0.062462386","0.026298573","0.016504278","-0.08989907","-0.053366393","-0.0026102187","0.06486482","0.18196641","0.047969848","-0.012983147","0.0074016056","-0.0074992334","-0.047809035","-0.058930807","-0.1855493","-0.07100167","0.0338258","-0.01737891","-0.257599","0.17245385","-0.007840071","0.04355664","0.056410547","-0.039575156","-0.021887586","-0.003794529","-0.16343103","-0.09719673","-0.08426451","0.028621504","-0.046113618","0.03393139","0.051410332","-0.0695639"
"acute pancreatitis","0.1803552","-3.8720863","-2.0620553","2.430313","-2.5967572","-0.8564026","-2.02963","-0.5602019","-0.23230274","0.9555017","-1.1952821","-1.940622","0.09945402","0.07366169","0.7994077","-2.4566228","2.6519587","0.1615835","-0.4742135","1.7331574","1.5325029","-0.48483086","0.83992326","-0.91307074","-0.33083203","0.8886194","2.1017635","-1.3943143","-1.6164829","-0.72525877","-0.0012608392","0.80923384","0.16266021","-0.6301615","-0.15345214","0.689085","0.8639628","0.107496604","0.1398749","-0.69891906","-0.54890573","0.13835895","-0.5900591","-0.20853117","-0.4713698","0.17280409","1.0438223","0.64693236","0.6286455","0.5227259","0.030584028","0.7822688","-0.14942445","0.3611513","-0.20081498","0.06275628","-0.027484298","0.30656683","-0.3116906","-0.17168526","-0.8097541","-0.22562478","0.02552544","0.12933683"
"acute respiratory tract infection","1.0859847","0.09890922","-0.2741787","-0.22400238","0.058391538","0.22635527","-0.03171512","-0.2603654","-0.03862831","0.1244049","-0.0010119436","-0.11335301","0.056729488","-0.24692492","-0.13753997","-0.19017415","0.052438486","0.050044574","-0.17562813","-0.20674676","0.27685222","-0.15455173","-0.20600602","0.12566566","-0.11808043","-0.19293217","-0.042832628","0.2714423","0.03945183","-0.108377695","-0.09008593","0.25633737","0.19343215","0.037303746","0.027834352","-0.052175146","-0.08031833","0.23243721","0.071077004","-0.021568954","0.116515","0.12135184","-0.10968527","0.08449956","-0.3278804","-0.18026869","-0.08924556","0.16897982","-0.08643166","0.2943172","-0.011213776","0.00032349015","0.03349886","0.15408699","-0.21603648","-0.04378953","-0.24807002","0.18219583","-0.013495064","0.005196514","0.077244826","-0.11840904","-0.021664847","-0.20183542"
"adenoma","1.0879335","0.101393744","-0.30422452","-0.14318858","0.13463956","0.19536501","0.1377597","-0.3776275","0.046568688","0.025315102","0.09193405","-0.054317128","-0.053123318","-0.32374617","-0.10955963","-0.2318977","0.054538928","-0.047314856","0.03041243","-0.14608257","-0.10065617","-0.25933287","0.1280743","0.100524776","0.254979","-0.1950026","0.21425675","-0.04901836","-0.29549128","-0.051373515","-0.21561436","0.004492416","0.2776291","-0.14702074","-0.09047919","-0.16382577","0.30089527","0.37730944","0.04741257","-0.38504225","0.036896866","-0.14236815","-0.213684","-0.21155983","0.047824826","-0.017617315","0.3438802","-0.19711235","-0.4122123","0.15633008","0.2377854","0.14505298","0.16942841","-0.046482403","0.020552885","-0.045396406","-0.019809546","-0.03747319","-0.10813289","0.006663786","0.066151656","0.09863686","0.06369632","-0.2737062"
"adenomatous polyps","0.17138667","0.22882867","-0.32255524","-0.62664866","-0.9306287","1.2753041","-0.64439136","-0.38595998","-0.42767492","-0.094892964","-0.18977992","0.9058106","1.56026","-3.2580342","-0.7508067","0.3658416","1.2114273","0.29541764","-0.95620275","-0.937382","-0.061779402","-0.44785848","0.06866602","-0.21291064","0.8546903","-0.08551314","0.54638773","0.03844696","-0.49235606","0.9118612","-0.7659278","-1.5216727","0.050504368","0.07984393","1.9142281","-1.2430468","0.5416883","-0.20073666","-1.5669327","-1.0415485","-2.5872395","-1.0971397","0.14316617","1.495018","1.3103263","1.5051141","-0.039652135","1.1841371","3.3738291","-2.7103145","-2.4688675","0.815182","0.30659273","0.6626667","-0.56653136","2.4511213","1.4613339","1.1119425","1.2996901","0.06749054","-0.22484723","-1.4470017","0.3361891","0.2250789"
"adiposity","1.0714606","0.059414856","-0.26041746","-0.11291427","0.039128706","-0.032114163","0.1906626","0.19845825","-0.037151214","-0.40140507","0.0014156384","0.22323374","-4.681473","-3.2098992","0.61857796","-0.64777803","0.15311247","-0.20956056","-0.4765151","-0.25748342","-0.15371937","-0.67536527","-0.5106619","0.13189058","-0.14438182","0.41265696","0.30891848","-0.19679423","-0.18074687","-0.055855762","-0.14330779","0.118437536","0.09939152","-0.024600051","-0.24404141","-0.104500115","0.3103103","0.4544991","-0.021407485","-0.16170084","0.031133687","0.15811668","0.08185597","-0.23419902","-0.3936821","0.06798074","0.117123","0.013250558","-0.34975","0.09959432","-0.030974025","0.11588893","-0.2719443","0.030133381","-0.14350402","-0.09616282","-0.22153245","-0.1427488","-0.06953921","-0.028845835","-0.042747363","0.020677513","0.005699204","-0.14061244"
"advanced adenomas","1.0837069","0.1682025","-0.3691875","-0.23701462","0.0067431293","0.17204487","0.06795032","-0.2575011","0.062062945","0.1682741","0.044889748","0.0055692126","-0.27551877","-0.084394604","-0.69017893","0.093767025","-0.09313289","0.30346718","-0.26074985","-0.25729105","0.19485237","-0.20747608","-0.004827087","-0.12048701","-0.04903752","-0.02756274","0.039851893","-0.3100635","-0.28227594","-0.4481604","0.09691097","0.21004103","-0.049316242","0.1485752","0.06985659","0.09800946","0.14832051","0.44162986","-0.04247499","-0.026900223","-0.039131902","0.042983085","-0.060182925","-0.25300154","-0.41759297","0.19923253","0.30673116","-0.0059175743","-0.02946046","0.22891","0.19437036","0.06154863","0.12121861","0.086302176","0.017575977","-0.03261386","-0.11243328","-0.2349607","-0.0014060417","0.034144208","-0.015444556","0.05160449","0.044433616","0.009567578"
"age-related dysbiosis","0.4920641","-1.9959432","-2.005183","-0.3624059","0.37228522","0.43237934","0.65259457","-0.04634358","-1.6374803","2.1647878","0.9644198","-0.8413267","-0.37989706","-0.16801727","-0.2271289","-0.45807388","0.6412834","-0.02219498","-0.59673053","0.3268473","0.06528432","0.017555818","0.2152497","0.25040296","0.46795353","0.35155275","0.4329758","-0.07833193","-0.29108092","-0.19325","-0.33613026","-0.32728115","0.21091008","0.08235128","0.0054489938","0.14139703","0.0960788","-0.3355883","0.07424157","-0.16969867","-0.06882808","0.0991358","-0.4451625","-0.30521843","0.36537206","0.0620488","-0.10115717","0.3572844","0.1745922","0.52055925","-0.43657157","0.086849414","0.094634995","-0.33609977","-0.13032465","0.27907407","-0.26824912","-0.37138155","0.3240686","0.063997954","-0.31848818","-0.0725125","0.03218463","0.035649706"
"age-related microbiota changes","0.32063925","-2.7531705","-4.5381656","2.0849998","-0.39925766","-0.72412795","0.9422186","-0.88180643","-0.17822963","0.0023670378","-0.5159221","0.51041365","-0.24478067","-0.11460712","-0.75418085","0.32086477","0.2824132","0.024975646","-0.046992734","-0.6378206","-0.6063894","-0.23221903","0.13962066","0.26059747","0.375702","0.19999635","0.85670227","0.6063245","-0.11419088","-0.4942799","-0.1944751","-0.47907507","-0.61413175","-0.238773","0.22343871","-0.1625378","-0.22246681","-0.6909239","-0.123430796","0.60239786","-0.32716766","-0.106278256","0.08960024","0.03451336","0.2917359","0.21556267","0.04424891","0.97078425","0.7010247","0.3364232","-0.5318882","0.0062775216","-0.95887166","0.048167914","0.31379384","-0.28789827","-0.43033096","0.26912263","-0.1325433","0.070979275","0.29044917","-0.15863498","0.2818035","0.15855831"
"aging","0.5101827","-3.5390692","-0.130542","-0.105377726","0.27525064","0.0028150904","3.0820806","-1.304744","-2.7179458","0.48038787","0.7277211","-0.30656075","-0.22963852","0.18820041","-0.29205856","-0.4510378","0.98526245","1.2186913","-0.6582912","0.9074545","0.081643976","-0.35487974","-0.11870842","-0.72844905","0.15901954","0.92863405","0.2416273","0.32778326","0.243663","-0.011471193","-0.11754656","-0.67964005","1.0709828","0.4765085","1.0892727","0.57323486","-1.9725068","-0.08276767","-0.086114965","1.2340343","-0.36304003","-1.0218426","-1.4590758","1.8149493","-0.67695224","2.092534","-1.4028052","0.07885193","-1.5827788","-1.8572022","0.2776876","-0.28267574","0.44545123","-0.60011315","-0.08988093","-0.42751288","-0.08174094","-1.0595239","0.4267775","0.10956662","0.7035895","-0.15507813","0.11036322","-0.2270055"
"aging-associated immune changes","0.32749784","0.051201064","-0.4316818","-0.20363626","-0.19377828","-0.07578458","0.34235418","-0.1889795","0.26416734","0.1650824","0.2667837","-0.20151797","0.02177973","-0.43340045","0.0432945","-0.7961822","0.4595408","1.4494475","0.51754135","-0.34342307","1.0182651","-0.32618657","-0.07815572","-0.94115007","-0.29108787","0.40203434","0.7966262","-1.0666925","0.85962003","0.77634937","0.83435607","1.2105844","-0.92483586","1.7261122","0.2160594","-0.23560283","-0.40292567","1.5646533","1.5226115","4.075055","1.2839328","-1.4066291","-1.5003033","1.5227902","0.105115235","1.6231251","-4.03536","-0.32686365","-0.7995465","-3.488813","-1.2288115","0.6589314","0.377634","-0.907299","-1.2027122","-0.3387381","-0.3368952","-2.5244467","0.45112947","0.34149423","0.75774914","0.12541454","-0.25279474","0.73082525"
"alcohol addiction","0.16970694","0.37186006","-0.28930563","-0.46512485","0.2964424","0.2932465","0.42127508","-0.10726763","-0.9825687","1.1400236","0.72152215","0.33375454","0.0034290254","-0.67986035","0.6028406","1.5417707","-2.3492754","0.48553035","1.6205282","-2.9211679","-1.7596033","-0.14769942","-1.2651758","0.5699563","-0.4525958","-0.2808627","0.4172553","1.4047685","0.24121195","-1.3937494","0.11167717","-0.0025872886","0.39803228","0.5853415","-0.78919655","-0.026697896","-0.25642756","0.47101516","-0.43091714","0.50286436","0.25051963","-0.506106","-0.26990798","0.25710738","0.079998806","-0.049047522","-0.903327","-0.48529506","-0.11230984","-0.058871314","0.20320883","0.39376065","-0.3572442","-0.10438879","0.36058354","-0.37138188","0.33250684","-0.6858876","0.07912398","-0.11764142","-0.24212833","0.8370938","0.27658004","0.38639483"
"alcohol use disorder","0.33291793","-0.02799234","-0.20262712","0.13519835","0.34006524","0.23491552","-0.3025347","0.16145678","-0.27555704","-0.26671013","0.15435506","-0.04240101","-0.11473398","-0.2272207","-0.0695569","-0.61575466","0.7623851","3.9088578","-0.25557223","-1.0432485","-1.0473871","0.17942666","0.29901612","-1.9771132","0.54982966","-0.086869426","1.2260301","-0.8520892","3.8983648","3.1670291","4.3353047","1.0529772","-0.89784527","1.6951737","-2.1591682","0.09690369","1.3422376","2.1817367","1.1134987","1.1000345","1.1840974","-0.009083639","-0.32002217","-0.729229","0.44120905","-0.45280772","-0.71822065","0.25757968","1.4110106","0.7133069","-1.4301662","-0.48263508","-0.5739511","0.0979939","-1.164775","0.888106","0.14604132","0.41767392","0.5373807","0.186374","0.1847739","0.2863972","0.78070337","-0.03978697"
"alcoholic liver disease","0.8981687","2.666977","2.634586","2.1183743","-2.9217122","-1.2302132","-2.167403","-1.674264","0.48531488","-0.5033323","-1.0033909","-0.42284265","-0.17536354","0.094164036","0.20561491","-0.17324306","-0.5224567","0.1326444","0.59462565","-0.71394503","0.084572256","-1.000348","-0.50588006","0.16009799","-0.18661666","0.26710457","0.17384982","0.21447125","-0.06791996","-0.1904018","0.12714326","0.22324157","-0.106872246","-0.10164929","-0.29068363","-0.01231188","0.15887636","0.22908604","-0.121404715","-0.10123027","0.43091604","0.11380928","-0.075119555","-0.011095019","-0.49628007","-0.3130079","-0.059586823","-0.21393096","-0.14646427","0.038723953","0.3978631","0.17908491","-0.05477324","0.12530045","-0.283518","-0.1470965","0.055708915","-0.1046069","0.034889575","0.10965082","-0.21807522","0.26121864","0.1039656","0.016574519"
"allergic asthma","1.0795197","0.08754419","-0.26414055","-0.056515597","-0.032194246","0.47376177","0.29741392","0.030634813","-0.2145752","-0.14568563","0.26935285","0.23410311","0.35233355","-0.4486814","-2.0303843","-4.705116","-1.7417344","-1.1904527","0.8056877","-1.0032064","-1.9655365","-0.7800257","1.0417588","-0.68949866","-0.2743093","-0.29442143","-0.024301304","-0.03147724","-0.39933774","0.32808748","0.004337722","0.018682456","0.15010083","-0.67596763","0.058812547","-0.27372864","0.21153335","0.5136387","0.2950881","0.25118533","-0.05927279","0.3160723","0.0531593","-0.12230936","-0.28841344","0.21133891","0.37284","-0.102086835","-0.30072492","-0.13960722","0.23718368","-0.12817709","0.16407828","0.054045875","-0.15002257","-0.042686947","-0.2138757","-0.14569345","0.0074204938","0.33662263","-0.083500154","-0.054798372","-0.1457361","-0.08203025"
"allergic disease","1.0845861","0.16436228","-0.37679723","-0.21051653","0.021537138","0.17777601","0.07746248","-0.17404652","0.037723668","0.14226896","-0.028558925","0.014600527","-0.12353462","-0.18146966","-0.113611504","-0.14821927","0.04087595","0.077540256","0.006308959","-0.04880985","0.04501929","-0.16040766","-0.1548211","0.13501146","0.013929733","0.14246677","0.12593505","0.022501398","-0.15514337","-0.11550254","0.16589014","0.06636609","-0.022460768","-0.10699121","-0.04777022","0.040263854","0.07012612","0.27094957","-0.054202188","-0.01883754","0.012939765","0.04690674","0.061112102","-0.0015488775","-0.1852677","-0.015908903","-0.068074234","-0.09037517","-0.14181638","0.15835056","-0.04485058","0.13820188","0.09765394","-0.024969736","-0.03088301","0.15978347","-0.17527486","-0.07446744","0.032759003","0.05200463","0.121469066","0.024103744","0.011553263","-0.14590521"
"allergic reactions","0.50958866","0.17637761","-0.13847284","-0.10122557","-0.07349986","0.23601407","-0.16459757","-0.6648714","0.54958814","0.2966998","-0.3490463","0.08346453","-0.6008159","-0.42904687","0.3843459","-0.97584355","-1.1495007","0.89246976","0.2542786","-2.3222191","1.500658","8.177245","3.400449","1.4714442","0.24513716","5.255159","-1.1454027","-0.8864737","0.046459008","1.0850646","-1.2845724","-1.3202138","0.5837846","-0.00760601","0.26009429","1.0499669","-1.5825882","0.28254136","-0.8735641","0.5513458","-0.15280174","0.05983883","-0.19039424","-0.08177562","-0.7274483","-0.26067328","0.7484683","-1.1338298","-0.0014792351","0.2383381","-0.5344741","-0.425923","0.70529217","-0.70022523","0.22834732","-1.8283308","0.8627226","0.36216974","-1.035937","-0.2509416","-1.7644523","0.5940978","0.90260565","0.06773088"
"allergic rhinitis","1.0795197","0.08754419","-0.26414055","-0.056515597","-0.032194246","0.47376177","0.29741392","0.030634813","-0.2145752","-0.14568563","0.26935285","0.23410311","0.35233355","-0.4486814","-2.0303843","-4.705116","-1.7417344","-1.1904527","0.8056877","-1.0032064","-1.9655365","-0.7800257","1.0417588","-0.68949866","-0.2743093","-0.29442143","-0.024301304","-0.03147724","-0.39933774","0.32808748","0.004337722","0.018682456","0.15010083","-0.67596763","0.058812547","-0.27372864","0.21153335","0.5136387","0.2950881","0.25118533","-0.05927279","0.3160723","0.0531593","-0.12230936","-0.28841344","0.21133891","0.37284","-0.102086835","-0.30072492","-0.13960722","0.23718368","-0.12817709","0.16407828","0.054045875","-0.15002257","-0.042686947","-0.2138757","-0.14569345","0.0074204938","0.33662263","-0.083500154","-0.054798372","-0.1457361","-0.08203025"
"allergic sensitisation","1.0981762","0.07663172","-0.4715551","-0.06328235","-0.25343218","0.22572972","-0.25493836","-0.5749682","0.123835206","0.6082155","0.09117518","-0.3508923","-0.64045435","-0.5021472","-0.2126186","-0.26469785","0.6476667","-0.36314672","0.66853505","0.79301584","0.12662247","2.7382364","-0.9253599","-2.466945","-2.1353128","-3.3140743","-2.276035","2.7528076","0.4999476","-0.16353397","0.20775463","0.8031703","-0.30928144","0.24310929","0.51194376","-0.5774687","-0.31096017","-0.10204178","0.5803391","-0.15427986","-0.6450794","-0.103681006","0.3696477","-0.18290666","-0.30559868","0.07372156","-0.2146154","0.018073827","0.14137577","-0.3310463","-0.12585051","-0.0062738843","0.19858985","-0.011630015","-0.032328963","-0.18408678","0.1268365","0.26222667","-0.042641718","0.13817292","-0.19992623","-0.1403024","-0.17216739","0.08327066"
"allergy","-0.7534501","-0.48052981","-0.22516422","-0.641008","0.98608255","0.2575408","-0.32859913","2.2508771","0.31655353","-2.0545387","2.6554906","0.9248773","-0.030188773","-0.45596522","-3.1685452","-2.5565555","-1.1853652","-0.23695421","1.7576054","1.0408762","0.6497931","-0.39947015","1.7556423","1.0462656","-2.5240343","-2.3706422","1.5293009","-0.877202","2.961742","-1.084908","-1.2084819","-3.048911","-1.5422771","0.9883489","-1.1315875","1.0705758","-3.6046503","-1.50007","-1.0940063","0.22192547","-0.5024494","0.9967563","-0.40576363","0.5691084","2.5498364","-1.3209759","-0.17888944","-2.321032","-2.358356","2.3009813","-0.603087","1.0694736","-1.338393","-1.3315539","1.5546342","-0.056416385","0.991456","-1.3954967","-2.7559273","-2.5210652","-0.97552735","0.8708752","0.18515551","0.41409305"
"amyotrophic lateral sclerosis","-0.45700097","-0.13036515","-0.017978538","0.45731658","0.38861576","-0.14530157","-0.40608513","1.2035673","-0.92598593","-1.1009879","0.11245081","-0.69026434","0.23770674","0.03695728","-0.3908127","1.8366083","-0.18646832","-3.4021344","-0.55719006","-0.6192815","-0.7874277","1.5860544","-0.54882896","-3.055432","-0.7437831","1.3938044","1.4031357","-2.6786466","-0.44034764","0.28181165","-0.035381626","0.32065573","0.29700616","-0.35007223","-0.7089859","-1.8988072","-0.75874907","0.4729507","0.18763232","0.8124262","0.30698055","-0.056196135","1.3464636","0.590407","0.09250541","-0.17696042","0.10707357","-0.99551773","-0.51627433","-1.1664786","0.75894785","-1.2255949","-1.0228623","0.6897204","1.9553125","1.2957215","-0.3125682","-0.2069676","1.723532","-0.6425264","1.9228559","-0.86217827","0.70932215","-0.30121937"
"anorexia nervosa","1.0840719","0.16173716","-0.37172067","-0.20799075","0.027857825","0.17196442","0.072681375","-0.18941794","0.0390649","0.16902341","-0.05626054","0.040898837","-0.121731244","-0.16238263","-0.10833859","-0.17107862","0.06868283","0.070219636","-0.07049873","-0.19000769","0.113302186","-0.20519955","-0.20509797","0.064944334","-0.052902095","0.06597167","0.13649033","-0.0502411","-0.011503249","-0.058457296","0.04989093","-0.004105309","0.021675136","-0.0949506","-0.05266803","-0.013454413","0.04864222","0.14251074","0.13599429","0.04746213","-0.025570838","-0.06665187","-0.07984623","-0.027935361","-0.16811119","-0.01745502","0.104557216","-0.036691967","-0.3004872","0.15987255","0.026424797","-0.020102678","-0.04021825","-0.013323329","0.025151199","-0.025120955","-0.14786398","-0.024600878","-0.19510728","0.009358093","-0.06730384","-0.023335865","0.0407563","-0.020400034"
"antibiotic associated diarrhea","-0.096769795","0.07944232","-0.2624998","0.005318225","-0.25141233","0.14734983","-0.2719507","-0.6964131","0.45952553","0.54199576","-0.0734323","-0.1424774","-0.64086163","-0.91578877","0.075511634","-0.67256","-0.14666802","0.27275988","0.77300316","-0.8476889","0.9863444","7.8485813","1.7561818","-1.2675589","-1.9469422","0.49189493","-2.8167067","1.842859","0.52332395","0.62419707","-0.46455798","-0.4429508","-0.48768526","0.7500067","1.4246805","0.25347662","-1.4578881","-0.28827137","-0.16881943","0.46348995","-0.6425462","0.2068577","0.5950636","0.7582077","0.3868013","-1.0110768","0.54575694","0.18181491","0.45370513","0.2536985","0.38724875","0.00022481923","-0.07815824","1.331103","0.443732","1.2049227","-0.40489376","-0.7622098","1.1286203","0.1065757","0.63052964","0.33493453","-0.7396948","-0.26182476"
"antibiotic-associated diarrhea","0.69234675","0.072539106","-0.4358714","-0.06230447","-0.23619807","0.2104136","-0.2349808","-0.5421763","0.11751082","0.5762388","0.08690959","-0.33362997","-0.6123461","-0.4834864","-0.20598844","-0.25743395","0.6307575","-0.3533783","0.65214807","0.7765581","0.12476448","2.7163267","-0.9194638","-2.4570801","-2.1314363","-3.3252888","-2.2933426","2.7866797","0.5079096","-0.16735862","0.21231179","0.8246502","-0.31933692","0.25157014","0.53358984","-0.6017825","-0.32504484","-0.11094254","0.6092713","-0.16283752","-0.68292755","-0.11102391","0.39843276","-0.1932867","-0.3236199","0.08089295","-0.23180063","0.022962993","0.1613581","-0.36651343","-0.134683","-0.0037507748","0.21498992","-0.0096295765","-0.037609577","-0.20119779","0.15098386","0.2963117","-0.0409527","0.15692917","-0.20833164","-0.168675","-0.19643572","0.10583493"
"antibiotic-induced pseudomembranous colitis","0.8881554","0.074617565","-0.45394522","-0.06285471","-0.24499804","0.21829104","-0.24530664","-0.55929357","0.1208263","0.593213","0.089223735","-0.3430096","-0.6276596","-0.49393055","-0.2096412","-0.26169795","0.64065164","-0.35905087","0.6619593","0.7867109","0.1259888","2.7340002","-0.92456496","-2.4681737","-2.1388085","-3.32788","-2.2904446","2.7765326","0.50503427","-0.16566089","0.21053776","0.8157271","-0.31518516","0.24823865","0.5238437","-0.59099025","-0.31857076","-0.10622238","0.59617215","-0.15872432","-0.66548455","-0.10729438","0.3839039","-0.18840928","-0.3143513","0.07700219","-0.22386658","0.020287827","0.15067294","-0.34848246","-0.13080916","-0.005296518","0.20821525","-0.011293454","-0.0346764","-0.19305743","0.13745296","0.27922705","-0.045823734","0.14756592","-0.20855084","-0.14951223","-0.18610151","0.09150187"
"anxiety","1.0945909","-1.0936213","1.993878","-2.47177","-0.17820106","1.2881693","-1.2319639","0.65117264","0.9595667","1.2083516","-0.035034504","-1.5233113","0.02685714","-0.34084928","0.5001991","-0.57780993","-0.50602937","0.08209178","-0.46149653","-0.0029205543","0.17426386","-0.22987904","-0.5187418","0.077284314","-0.09974233","0.07647719","0.012110248","-0.3965284","0.0635408","-0.25299102","-0.16180456","0.54200447","0.57394433","0.21892603","-0.4770355","0.06031401","0.35518417","0.5928281","0.069890596","-0.2045803","0.38021412","-0.07099699","-0.13288866","-0.25643498","-0.14955613","-0.15865858","0.14935584","-0.35637727","-0.066273734","0.109919935","-0.039570723","0.15875287","0.0928077","-0.045412574","0.00014264058","0.2296235","-0.06005552","-0.24495305","0.009345607","-0.12297261","-0.017095653","0.116163164","0.021073053","-0.055928096"
"anxiety and depressive like behavior","0.6873705","0.15820885","-0.3997743","0.59672207","0.8643161","0.6708351","-0.9364633","0.96179783","-0.24615979","-1.0157952","0.37319475","-0.73008794","-0.29914567","0.39716485","0.25572518","-0.801577","0.058333695","4.455156","-0.4033563","-0.67793244","-1.0421293","-0.45286712","-1.7127178","-2.6109552","2.0265641","0.45441967","-1.6777151","-0.33103335","-0.33769035","1.7297748","0.06262831","-0.7017029","-0.45890167","-0.34597486","-0.8698024","-0.9203403","-0.7889678","0.99874693","-0.1985014","0.15464613","0.39972433","0.66144127","-0.7156218","1.7840457","0.5624335","-0.7361936","0.545233","0.15336578","0.1200972","1.6370796","0.21494094","0.25012818","0.30769652","-0.044693355","0.7781319","-0.21049224","0.056473553","0.414264","0.36181253","-0.006553592","0.23484546","0.3770006","0.876705","-0.40479052"
"anxiety-like behavior","1.0976607","0.27278858","-0.48616153","-0.3071416","0.009508628","0.3932179","-0.047667332","-0.61568826","0.12668727","0.75880253","-0.071536295","-0.20511718","4.8885384","3.166998","-0.8979108","0.36595884","-0.042448696","0.38326994","0.40600896","-0.013671418","0.35522598","0.33957374","0.18604799","0.02983681","0.12064418","-0.31055945","0.009334881","0.2132601","0.051437367","-0.07271757","0.2648411","-0.063318126","-0.06663895","-0.14630628","0.18174557","0.07316531","-0.237331","-0.12751664","0.10566181","0.22353272","0.02575799","-0.20033759","-0.20061693","0.16132437","0.10239443","-0.19118729","-0.09305872","-0.082104646","-0.027616322","0.22924441","0.0765793","-0.015917065","0.41058776","-0.07168843","0.1082682","0.08737544","-0.040514264","0.022940736","-0.05132092","0.021704515","-0.13267227","-0.015328579","0.088112675","0.046929162"
"arsenic exposure related diseases","0.89689666","0.21001378","0.71989435","1.868296","-2.6754208","-0.9995787","-1.4098835","-1.08643","-1.2057303","1.6092569","0.54710203","-1.1682738","-0.3466977","0.11523989","-0.11630505","1.0589436","-0.119855486","-1.4617654","1.1441584","1.0199565","-2.127039","0.4317951","-1.0090767","-2.1320503","0.12178637","1.5253172","1.6439164","-3.0035675","0.33144245","0.24166249","-0.7185533","-0.68737006","0.37321562","-0.11325876","-0.14743969","-1.1303465","0.146239","-0.02339142","0.3612357","-0.13046305","0.100552","-0.13387209","-0.14201266","0.24485734","-0.27960506","-0.43771437","0.09978012","0.013631245","-0.29512888","0.15452759","0.5288563","0.3658444","-0.46958104","0.39793763","-0.5422572","0.04921167","-0.15795721","-0.1165019","0.058676407","0.23708194","-0.056045417","-0.14580356","0.05882068","-0.18434486"
"arterial stiffness","1.0900023","-0.18805754","0.13656524","-0.18364939","0.34507284","0.5349132","-0.7266765","0.11540278","-0.43219084","0.78253543","-1.5100197","2.2077887","-0.69850945","0.8782285","-0.47743946","0.104153596","0.5535312","-0.41100296","-0.842305","0.27686635","-1.0686332","0.060332578","1.006816","-0.49540877","1.3288138","0.06503181","1.7327292","1.9819608","-0.10086521","-0.20847237","-1.9267918","0.26994163","-1.8795896","1.5629435","-1.1731235","-0.30221644","-0.6366524","1.0081366","-0.39301372","-0.503465","-0.4051762","0.4515015","-0.001181781","-0.094021656","-0.18484515","-0.07569636","-0.68407947","0.41381988","-0.63889277","0.1416589","-0.19527161","0.16993643","0.09055943","0.21073408","-0.04922333","-0.1350855","-0.23605293","-0.46971047","-0.041785497","0.033950508","-0.28722557","0.07347107","-0.18397596","-0.2975938"
"asthma","-0.102422096","-1.4070466","1.6258332","1.4853073","0.77979666","2.5246494","0.953687","-2.4806252","-1.2496616","-1.7331848","1.1059141","0.9293198","2.1227372","-3.6407356","-2.4568381","-2.3805292","0.0632015","-1.1248518","0.077533014","-1.1477009","-1.8634449","-0.7366367","1.5556282","-0.093983054","0.22743864","-0.6505438","-0.42978588","-0.104933776","-0.8042203","1.7117628","-0.5311035","0.21522838","-1.1313167","-1.2591324","0.56188214","-0.6369366","0.8022095","0.23642267","-0.7470249","-0.6278597","1.2100153","-0.7134555","-0.6222781","0.20261441","0.5010824","0.045046493","0.4474955","-0.37990284","-0.22344887","-1.4105003","0.5809579","0.16916935","0.7687199","-0.10645795","0.42885742","-0.721943","0.25292397","-0.09153626","-0.526241","0.14888343","0.7694784","0.41957426","0.012431902","-0.52294624"
"atherosclerosis","-1.2281592","1.8017842","0.378532","1.1008968","2.1189246","-1.3794787","0.6095382","-1.8230422","1.2052822","-0.2964357","1.9327295","-1.1165555","1.7189223","1.3518022","-0.14448184","-0.25552562","-0.55070174","-0.22260447","0.30372447","0.6296112","0.8665519","-0.75554305","-0.24467026","-0.047342304","-2.5914643","1.1012355","-0.05857177","0.35514706","0.27492827","-0.9453048","0.020477956","-1.174963","-0.18444695","-0.121561505","-0.2748634","-0.29987073","0.60844254","0.049386363","-0.54099846","1.5577176","-0.15966886","1.5015857","0.6063617","0.45426062","1.4107256","-0.90138596","-0.24005379","1.6215827","2.223946","0.36242214","-0.5944191","0.9048197","-1.6363306","-0.75561994","-0.5261494","-0.018191922","2.6393592","0.40167275","0.46920466","0.31500605","-1.2703973","-2.74362","1.4987899","-0.61579174"
"atherosclerotic cardiovascular disease","0.3434564","-0.5492269","0.81191003","3.062509","-0.2291966","3.3056154","0.7251223","1.7520218","2.0084786","0.7657325","3.528912","2.1296778","-0.6551009","0.8993422","0.0679669","0.40764773","0.9477764","-0.541913","-0.21619035","-1.0982494","0.253632","-0.39553386","0.23829566","1.1540011","-0.1585594","-0.55959064","-0.89268565","-0.350159","-0.14894995","-0.5677247","-0.1793538","0.82023525","0.34997737","0.6397418","0.60649246","0.32166722","-0.747271","-0.3725369","-0.27699","-1.0151737","0.5000808","-1.5763884","-1.4915901","0.6140408","-0.8420385","-1.0272504","1.4334811","-0.60540503","-0.3477613","-1.0729628","-1.529809","0.32840583","-0.5279556","-0.9586961","-1.4409872","1.8436618","-0.31955227","0.53752667","-0.5820222","-0.32191023","-0.30868477","-0.44106102","0.5458867","-0.1292223"
"atopic dermatitis","0.03404605","-0.29815173","0.19834644","1.3764826","1.3361285","1.9454083","-0.80388343","-1.8380289","0.84952486","0.67866623","0.9857261","-0.29842","-0.5789504","-0.5298668","-0.22246605","-0.09519483","0.6701204","-0.5890538","0.8362794","0.43909267","0.5623966","2.0018582","-0.8288409","-2.0366507","-2.0443635","-3.5213447","-1.6476743","2.3053343","0.44836578","0.4882713","0.11687231","1.5185171","0.5158781","0.3551686","0.5931132","-0.87745047","-0.3231594","-0.56624615","0.11080491","-0.5093619","-0.1352876","-0.14909513","0.09067832","0.015356029","-0.7062535","0.012902257","-0.74063593","0.22077645","0.18356991","0.1333362","-0.41065577","-0.12147334","-0.25540406","0.08339497","-0.6379144","-0.34622493","0.008156144","0.7959408","-0.07188655","0.17094447","-0.22462223","-0.15385891","-0.29513907","-0.30216336"
"atopic disease","0.67996645","0.15025547","-0.34379202","-0.1951277","0.021946136","0.15982024","0.07441547","-0.1801767","0.041299574","0.1476571","-0.03468485","0.020904414","-0.112179056","-0.16318683","-0.105645664","-0.15915929","0.059126925","0.07073451","-0.055143565","-0.14522965","0.09114643","-0.1926834","-0.183609","0.07996426","-0.027104337","0.07862769","0.15414225","-0.0030282377","-0.068352684","-0.064746864","0.06287953","0.026332602","0.016473668","-0.089344345","-0.05283014","-0.0030477613","0.063126415","0.17909019","0.04741332","-0.013018232","0.007107601","-0.00645","-0.046416957","-0.05755683","-0.1808967","-0.06749284","0.032095313","-0.017526742","-0.24754658","0.16370739","-0.00783916","0.040321827","0.052522138","-0.038696475","-0.02109762","-0.0045268442","-0.15224999","-0.08788342","-0.079098955","0.023671798","-0.049641367","0.031924497","0.04696222","-0.064176165"
"atopic eczema","0.4972718","0.044557013","-1.1404532","-1.9002203","1.9477909","1.0867689","1.4263524","1.0343395","1.4233851","-1.4320992","-0.07420586","1.3821632","0.077643864","-0.5827866","-0.58685774","0.07544797","-0.05125553","-0.051546745","0.25838912","0.7008969","0.3097867","0.733147","0.23234703","-0.18266225","-0.7166507","-0.34489346","0.2039919","-0.30206895","-0.21881838","-0.36986965","0.6137837","-0.3547615","-0.39417183","0.16166203","0.044890404","-0.4643885","-0.38879803","-1.2159888","2.3799243","-2.1816547","1.3454927","3.266526","-2.4419837","0.81034636","0.7983698","1.5410204","-1.0065421","-0.55411744","0.3410901","-0.3046212","-0.2417409","-1.2752202","-0.03159467","0.16146833","0.82259935","0.010771497","0.12052957","0.0773881","-1.0999539","-1.2267582","-0.051911324","0.28496423","0.04978289","0.6395993"
"autism","1.0758604","1.3152703","-2.5802903","2.0078123","0.24228035","-0.9612135","1.3387653","-0.9373929","-0.8332613","-0.9001935","-0.044564947","1.5304046","-0.2537476","0.029744696","-0.67246854","0.27826288","0.5817486","0.011291332","0.35395274","-0.32039922","-0.062550284","-0.1789863","0.18453763","0.07049785","0.07417455","0.0115777515","0.26861307","0.29027012","-0.15837958","0.07781653","0.20041205","-0.47535247","-0.6679565","-0.4012605","0.40467712","0.04947383","-0.21579131","-0.38858","-0.12412895","0.21289065","-0.41558146","-0.08832586","0.08026712","0.19193633","-0.0012782313","0.15406738","-0.076201655","0.4120032","0.015736924","0.21318758","-0.047192227","-0.22782618","-0.25960338","-0.0964058","0.018658562","-0.20144273","-0.32023397","0.118558094","-0.17239217","0.278007","-0.21740645","0.04461249","0.12510833","0.031338412"
"autism spectrum disorder","0.6920749","-3.6662734","-0.22115125","-0.09088247","0.39826998","0.1307857","3.1347883","-1.3952073","-3.0662591","0.63842976","0.6134331","-0.38146994","-0.1339677","0.13925254","-0.13603242","-0.7277045","1.1172174","1.0081975","-0.6199346","-0.11789831","0.48130226","-0.21703447","-0.071449734","0.58793116","0.0384711","0.75762624","-0.6422224","-1.0007993","0.3322567","-0.88740045","-0.076507404","0.12828611","-0.08998524","0.7616271","-0.3072747","-2.2659037","-0.7983457","-0.47052893","0.60288405","-1.2864549","-2.3529174","0.25505987","2.2376416","0.9715298","-0.3965456","-0.6819618","-0.8980221","-0.9241867","-0.019871855","-0.6397919","0.0055089383","-0.17760901","0.4570043","0.49223423","-0.3743451","-0.58687496","-0.016544508","0.5614273","0.32241702","-0.14872837","-0.058813155","0.37884575","-0.00475276","-0.5303246"
"autistic disorder","0.86649346","-2.179211","-2.1897688","-0.38417935","0.4341581","0.47490615","0.6628635","0.0024949214","-1.7600505","2.304912","1.0013252","-0.843013","-0.36133224","-0.11432896","-0.19066116","-0.47058398","0.6664701","0.06751746","-0.6409948","0.3053183","-0.039832745","0.081798725","0.09752618","0.113225706","0.52440876","0.38167024","0.3032041","-0.19460739","-0.24765393","-0.18703026","-0.13771994","-0.24370009","0.23709936","-0.0032436568","-0.0081432285","0.04014558","0.015213749","-0.059972502","0.1300725","-0.039827265","-0.15724392","0.0715102","-0.17792165","0.09534704","0.24782525","0.10216651","-0.01176565","0.17760023","-0.11540469","0.3838703","-0.36637118","0.08438367","-0.2650559","-0.09888189","0.18772224","0.07015838","-0.24522626","-0.06796071","-0.076839104","-0.021702308","0.09059596","-0.1321116","-0.04516919","-0.0715528"
"autoimmune hepatitis","0.8730656","0.058971","-0.97315","-1.0306419","-0.21586524","0.8755219","-0.28099132","-1.0280837","-0.8360288","-1.4439168","0.22605175","-0.047414724","-3.1626432","5.05977","1.474242","-0.87546825","-1.5466628","-0.5104342","1.753992","0.27728924","1.0585363","-0.34328288","-0.51945627","0.02855044","-0.5388586","0.5446503","-0.096318856","-0.20844534","0.40048012","-0.15786736","0.24065077","0.64549536","0.017279908","-0.18091917","-0.67376184","0.32559207","0.9499723","0.13210091","0.34066573","0.02205063","0.2635269","-0.21285531","-0.2283248","-0.6140544","-0.38956505","-0.41116974","0.2710353","0.47888106","-0.048358105","0.037861284","-0.13706969","0.1194682","0.097053915","-0.13167349","-0.04967968","0.70051694","-0.0640412","-0.12075379","0.0034261623","-0.06823134","0.09049015","0.39540112","0.22791737","0.2766317"
"autoimmunity","1.0852473","0.18368866","-0.3568098","-0.15730985","0.08780834","0.19999863","0.08074391","-0.23298131","0.0013067884","0.092658445","-0.016413504","0.024185922","-0.11053262","-0.20165893","-0.13080329","-0.18600307","0.06547642","0.04665884","-0.08324644","-0.21855849","0.24719162","-0.25150022","-0.12979661","0.29567268","-0.069988735","-0.024768097","0.16736813","0.16183037","0.0049874512","-0.08008286","-0.019069772","0.04290651","0.05919446","0.004999149","0.10995587","0.009842138","-0.011693021","0.36110273","0.13636169","-0.13312046","0.13370678","-0.012339012","0.01202175","0.0019415414","-0.2766232","-0.12252522","0.0120251095","0.07368922","-0.2936771","0.30175716","-0.14929624","-0.016681097","-0.106861964","0.006524907","-0.022455053","-0.052762136","-0.42679328","0.09391743","0.08159358","0.019365095","0.0730548","-0.14014454","0.1570501","-0.12377238"
"bacillary angiomatosis","1.0875084","0.17409384","-0.40184247","-0.22462642","0.033065584","0.18987396","0.08409227","-0.20677476","0.04619278","0.17360625","-0.0454337","0.024127524","-0.14421658","-0.202739","-0.12634736","-0.1967435","0.07378932","0.08022655","-0.060765035","-0.18493988","0.10874017","-0.25190234","-0.22217782","0.10625722","-0.032819595","0.106612206","0.20175216","-0.006686148","-0.09331455","-0.08638926","0.08104467","0.031481314","0.02214889","-0.11866071","-0.070159815","0.00922205","0.09667344","0.2290642","0.055135272","-0.014294711","0.011842032","-0.01731814","-0.055245467","-0.07318811","-0.22715943","-0.095716916","0.042530894","-0.0149309365","-0.32592347","0.22212613","-0.007938299","0.06448781","0.07396569","-0.04942013","-0.023876278","-0.002848729","-0.20712774","-0.13344103","-0.10924396","0.04295788","-0.03394508","0.044507205","0.06730841","-0.089272894"
"bacterial pneumonia","1.0885501","0.16499393","-0.3943371","-0.19121182","0.06115506","0.23072115","0.045214366","-0.16228844","0.0808189","0.20574124","0.09887005","0.15565714","-0.13087155","-0.23897031","-0.0027577553","-0.1068407","-0.1694633","0.010181773","0.03109953","-0.12861796","0.03790657","-0.27844808","-0.15623674","0.19129248","0.16135083","0.064116515","0.17500733","-0.030040648","0.03426372","-0.494467","0.56249076","-0.06954516","-0.3049086","-0.08938688","-0.093674704","0.18395974","0.00031952758","-0.2532024","0.6359791","-0.12686208","-0.12293443","0.4806273","-0.3628225","0.5337673","0.031997383","0.36728325","-0.16434789","-0.5520342","-0.27728727","0.77382284","-0.2790439","-0.025134161","-0.02766373","-0.33725023","-1.17704","-1.3141809","0.3348433","1.093115","-0.571457","0.35974494","0.57613707","-0.40579867","0.24512678","-0.21189849"
"biliary tract cancer","0.3345723","0.18444338","-0.45482767","0.25420552","-0.24018829","0.43275207","0.3018549","-0.17151667","-0.06759943","0.39725795","-0.065050386","0.8651646","0.19992344","-0.6644543","1.5445573","-0.2983962","-3.3927243","0.40623352","-2.1063375","1.4868917","1.560873","-0.16239226","0.831835","-1.0627455","0.40995455","-1.4545062","0.9706019","-0.8297532","-0.55637974","0.35881782","0.73291343","-0.5715184","-0.5099257","-0.596046","1.1346666","0.107360005","-0.5770505","0.27211404","0.5367203","0.40115187","0.3245211","-0.7715766","0.11940152","-0.23177737","0.49435094","-1.8619431","-0.78471875","-0.5361963","-0.6012141","0.010969666","1.0158738","0.58321774","0.17508359","0.8478746","-0.934089","-0.0024628707","-0.35036024","-0.017441673","0.037418056","-0.54869246","0.53054357","-0.24329783","0.09913838","0.4240645"
"bladder cancer","0.02115676","0.38427678","-1.1174836","-0.9618765","-2.0017164","2.9303122","-0.85359484","-1.4895265","-1.6806557","-1.4873834","0.16369148","1.2824064","1.0520562","-1.9429162","1.7929997","0.41504353","-2.033432","0.033801716","-2.2312713","0.8998487","0.3622253","-0.35320216","2.0431283","-0.5737063","0.3924845","-1.7058867","0.46003732","-1.2346791","-0.14140308","0.06867268","1.1035489","-0.75135404","-1.2109833","-0.27180344","1.451074","0.54356843","0.12550089","-0.22029749","-0.34767762","-0.23608467","-1.0594188","-0.71150523","0.11212797","0.646964","0.3162529","-0.23426086","1.2644253","-0.96967286","-0.3494323","0.37925807","1.2532437","-0.57641","-0.6030491","-1.7391798","-0.6779966","0.55137527","0.521983","0.61190534","0.8150806","0.019916601","1.1200645","-0.5283298","0.12889165","-0.48241642"
"bloodstream infection","1.0841889","0.16254766","-0.372621","-0.20863822","0.026749345","0.17208931","0.07807782","-0.18915436","0.042858046","0.15511106","-0.037505347","0.021679869","-0.11907353","-0.17061533","-0.109380744","-0.16467997","0.061109453","0.071964234","-0.055835735","-0.14961256","0.092849515","-0.19630325","-0.18578658","0.08118543","-0.027324427","0.079232745","0.1545316","-0.0029806374","-0.06792391","-0.06405448","0.062241115","0.026081646","0.01616748","-0.08728053","-0.05140057","-0.004121532","0.05983389","0.17390002","0.046513133","-0.012986792","0.006614715","-0.004967878","-0.04490499","-0.05555716","-0.17450954","-0.06329116","0.030264677","-0.01782557","-0.23534864","0.15389837","-0.0078171035","0.03635572","0.048487537","-0.03717764","-0.020522414","-0.004896598","-0.14141849","-0.07887032","-0.073543094","0.019609109","-0.052987076","0.029613078","0.04279907","-0.05889411"
"bloodstream infections","1.0976607","0.27278858","-0.48616153","-0.3071416","0.009508628","0.3932179","-0.047667332","-0.61568826","0.12668727","0.75880253","-0.071536295","-0.20511718","4.8885384","3.166998","-0.8979108","0.36595884","-0.042448696","0.38326994","0.40600896","-0.013671418","0.35522598","0.33957374","0.18604799","0.02983681","0.12064418","-0.31055945","0.009334881","0.2132601","0.051437367","-0.07271757","0.2648411","-0.063318126","-0.06663895","-0.14630628","0.18174557","0.07316531","-0.237331","-0.12751664","0.10566181","0.22353272","0.02575799","-0.20033759","-0.20061693","0.16132437","0.10239443","-0.19118729","-0.09305872","-0.082104646","-0.027616322","0.22924441","0.0765793","-0.015917065","0.41058776","-0.07168843","0.1082682","0.08737544","-0.040514264","0.022940736","-0.05132092","0.021704515","-0.13267227","-0.015328579","0.088112675","0.046929162"
"brain disorders","1.0976607","0.27278858","-0.48616153","-0.3071416","0.009508628","0.3932179","-0.047667332","-0.61568826","0.12668727","0.75880253","-0.071536295","-0.20511718","4.8885384","3.166998","-0.8979108","0.36595884","-0.042448696","0.38326994","0.40600896","-0.013671418","0.35522598","0.33957374","0.18604799","0.02983681","0.12064418","-0.31055945","0.009334881","0.2132601","0.051437367","-0.07271757","0.2648411","-0.063318126","-0.06663895","-0.14630628","0.18174557","0.07316531","-0.237331","-0.12751664","0.10566181","0.22353272","0.02575799","-0.20033759","-0.20061693","0.16132437","0.10239443","-0.19118729","-0.09305872","-0.082104646","-0.027616322","0.22924441","0.0765793","-0.015917065","0.41058776","-0.07168843","0.1082682","0.08737544","-0.040514264","0.022940736","-0.05132092","0.021704515","-0.13267227","-0.015328579","0.088112675","0.046929162"
"breast cancer","-1.6393845","-0.51449907","-0.79769355","0.26510674","-0.27057737","-0.36492243","0.11855438","-0.17488411","0.26647747","-0.06147263","0.6300229","0.60714614","-1.0266364","-0.3174436","-0.18382996","0.049760263","0.42051047","-0.25239605","-0.45186913","-0.8277916","0.017371202","-0.46298882","0.3922886","0.3772784","0.20083751","-0.78671783","-0.67351556","-0.6247996","0.8835102","0.49888217","-0.45089343","-1.3874372","-0.54521054","0.98353136","-0.980358","-0.22981833","0.28734073","-0.34548265","0.25438392","1.6183825","0.33015463","-0.44085738","0.23063417","0.25585246","1.9125378","0.19188626","-0.3670678","-1.0129942","-0.10745377","-0.24481574","-0.9529195","-1.2851119","-1.2640091","0.023691066","-1.0271089","0.09636784","-1.3017688","-0.847624","2.1824386","0.010217488","1.7891957","-1.5827492","1.4322478","1.7819133"
"calcium nephrolithiasis","0.50999737","-0.1904725","-0.057402153","0.4797531","0.84203833","0.13722943","-0.6974685","1.1019282","-1.0836959","-1.289328","-0.09335868","-0.8819035","-0.061741773","0.5547325","0.11662439","0.246954","0.17200372","-0.77110076","-2.2979455","-2.1202526","0.062444154","0.07364884","-0.51713246","-1.6930227","0.17692906","0.19549054","-0.57338446","-0.053327356","0.3127303","1.6011552","3.4158857","0.73214775","0.6365305","0.28759494","-1.4510146","-0.82124335","-1.7517179","2.4753654","-1.0886283","0.082646176","0.69905585","1.2652622","-1.2604746","2.2214265","1.0228642","-0.20433791","0.71337664","0.64299226","-0.29141426","1.8058667","-0.705403","0.576447","-0.18962856","1.1178001","0.13610731","0.24961112","0.19944845","-0.0015221214","1.0294034","0.03249999","0.55789226","0.76551","0.8374563","-0.16068186"
"cancer","0.69189477","0.2550871","-0.45557842","-0.2834859","0.008868284","0.36326182","-0.029621605","-0.5950764","0.12060517","0.71345973","-0.07043586","-0.21982493","4.705722","3.0613687","-0.8629574","0.35278302","-0.045907784","0.39205542","0.41126385","-0.01896187","0.3520054","0.3542733","0.18132757","0.032823544","0.12777513","-0.3242115","-0.015364058","0.21935724","0.028325042","-0.10501681","0.2923043","-0.073980495","-0.039882444","-0.24000926","0.17936891","0.17615134","-0.25006476","-0.09673491","0.11646036","0.20344643","-0.10507916","-0.25429794","-0.24885935","0.18836251","0.13676119","0.06577248","-0.27014384","-0.18842758","-0.2248031","0.19638932","0.10503192","0.19046092","0.12089103","-0.07658908","-0.025262654","0.3681779","-0.25477","-0.17659406","0.08271684","0.107497394","-0.09895271","0.18029302","0.18958563","-0.029419187"
"cardiac disease","1.0976607","0.27278858","-0.48616153","-0.3071416","0.009508628","0.3932179","-0.047667332","-0.61568826","0.12668727","0.75880253","-0.071536295","-0.20511718","4.8885384","3.166998","-0.8979108","0.36595884","-0.042448696","0.38326994","0.40600896","-0.013671418","0.35522598","0.33957374","0.18604799","0.02983681","0.12064418","-0.31055945","0.009334881","0.2132601","0.051437367","-0.07271757","0.2648411","-0.063318126","-0.06663895","-0.14630628","0.18174557","0.07316531","-0.237331","-0.12751664","0.10566181","0.22353272","0.02575799","-0.20033759","-0.20061693","0.16132437","0.10239443","-0.19118729","-0.09305872","-0.082104646","-0.027616322","0.22924441","0.0765793","-0.015917065","0.41058776","-0.07168843","0.1082682","0.08737544","-0.040514264","0.022940736","-0.05132092","0.021704515","-0.13267227","-0.015328579","0.088112675","0.046929162"
"cardiometabolic disease complications","1.0852947","0.16618426","-0.3817975","-0.21362664","0.028711017","0.17758948","0.07992719","-0.19452758","0.0438703","0.16068955","-0.03988322","0.022410216","-0.12652214","-0.18005942","-0.11435782","-0.17399128","0.064777605","0.07435107","-0.057255995","-0.15974721","0.097388506","-0.2119614","-0.196016","0.08820341","-0.028857596","0.08681277","0.16752207","-0.0039859414","-0.07481599","-0.07007394","0.067298666","0.027518194","0.017755104","-0.09551672","-0.056295943","-0.0006455912","0.069321506","0.18804075","0.048690308","-0.013350427","0.007955937","-0.008035152","-0.047347676","-0.060002614","-0.18759605","-0.07120566","0.03315646","-0.017069513","-0.25743297","0.17010462","-0.007830215","0.04313366","0.054368217","-0.04029879","-0.021177221","-0.0044752415","-0.15623286","-0.09128076","-0.082047604","0.024804022","-0.048899733","0.033190347","0.048241433","-0.06558415"
"cardiometabolic diseases","0.48240402","2.6506307","-3.8930552","-0.15205131","-1.5452712","-2.723775","-0.010489372","1.8018496","-0.45472422","0.13890728","-0.9291326","1.1567242","-0.51212996","0.5836511","-0.30440465","-0.20236644","0.1805698","-0.062232763","-0.78561264","-0.72896904","-1.1410968","1.6714944","-0.18694378","0.75908476","3.2015526","-1.6438481","0.5805872","0.009302991","-1.1544571","-0.39627066","0.80531293","0.4516465","0.59135896","-1.6030247","0.72564536","0.18615618","1.4760212","-0.08173049","1.2542422","0.5611169","-0.9149407","-0.08173228","0.28477183","0.122770466","0.24085005","0.3061531","0.014151681","0.99874103","0.30934042","-0.30104852","-0.40220883","-0.7845057","-0.27926514","-0.45951667","-0.1950835","-0.078667164","-0.3804066","-0.032897163","-0.2603324","0.73900276","0.21071231","0.3300647","0.22637959","0.17811127"
"cardiometabolic disorders","0.50671816","-0.10516885","-0.7926853","-1.0997069","-1.1385072","-2.280397","-0.15177818","3.3357134","-2.4170322","-1.4809837","-1.5163344","-0.6129668","1.219894","-0.6203653","1.4191772","-0.61628157","1.1170532","-0.6673734","-0.04755155","-2.0403056","1.7849712","0.45658177","0.96572006","-1.9402559","-2.0424902","0.24759349","1.7607367","-0.7924805","-1.188784","-0.97952974","2.2684515","2.2478683","-1.3267177","1.0420793","-1.483279","0.54071456","0.66415685","2.6962276","0.9805867","1.8610893","0.2156041","0.26514435","-0.17126828","0.324177","0.14694443","-0.46710995","-1.3529512","0.58565474","0.9785498","-0.720536","-0.28297052","-0.47531435","0.35344067","-0.8647899","-1.438702","0.17583326","0.007022794","-0.29029527","0.075825006","0.16604334","0.20308712","0.34098318","0.08092303","0.13115884"
"cardiovascular disease","-1.1001359","-1.24325","1.7175217","0.36631146","0.9139429","1.1720363","-0.28217632","-0.29030636","-0.3801284","-0.72576505","1.0332763","-0.90816313","2.399687","0.6967674","-0.8357858","1.4081486","-0.8692825","-0.3357181","1.9001935","2.3061714","-0.6156146","1.1119832","-0.06266699","0.282248","0.042415027","-0.0814139","1.137134","-1.8452383","0.4344372","0.56255627","-1.4618258","1.1647525","0.7525684","0.33919385","0.86672866","-0.943078","0.009110731","2.2768164","0.8177375","-1.484084","1.0506268","-0.12665191","2.1913571","0.61894995","-0.16976848","1.066118","0.47936752","-2.4191887","-1.6421022","-0.8807244","-0.2908482","-0.4927497","-2.0076847","-0.13635983","2.0631866","0.63925785","-2.6168604","0.28431493","1.849675","-0.74574906","0.19327249","-1.76298","0.662591","0.94880164"
"cardiovascular diseases","-1.4564674","0.5549511","-0.6713675","-0.24183172","-0.8056276","0.6248901","-0.2371494","0.93582034","-0.21164735","-0.46460202","-0.21098658","-0.38679332","-0.35688493","0.46085113","0.81467557","-0.24706237","-0.17783926","-0.28418556","0.014051317","0.58028597","-0.9444479","1.9381542","0.82399046","0.93982834","0.8102195","1.2828372","-0.4973089","0.0992995","0.45184278","-2.078278","1.0673416","-0.54837424","-1.4038613","-0.30362904","0.6694028","1.7412398","1.2131401","0.8237448","0.08383414","1.0971198","-0.38072282","0.41882065","1.7571453","-0.17408855","0.1624498","0.22252272","0.7939291","-2.204109","2.87824","-0.5706532","-0.36278906","2.5007095","1.792369","-0.12621196","1.2745297","5.3628125","0.6129406","-0.4509206","2.9555156","0.37828562","5.5911846","-1.3793722","-1.1011243","-2.2461815"
"celiac disease","-0.82690555","-1.1385382","1.5067579","-2.6142023","-1.1714455","-0.61570877","1.1071386","1.2434443","1.899556","-3.2347317","-2.1138136","0.8400651","0.5060614","-0.08607297","-1.2391032","0.56708425","-0.8647728","1.4367539","-0.33096096","-0.2265144","-0.39864168","-0.7918305","-1.0483749","0.62164116","-2.8897517","-2.8292243","0.4680724","-0.7104702","-0.043494124","0.51316684","-0.7337599","-0.21535261","0.63715786","-0.64453626","-2.6959286","-0.14597851","-1.3069228","-0.62641406","-0.9527523","0.3892738","0.44104338","1.2783179","0.98670524","1.0768962","2.3494687","-1.7340509","-0.46266147","-0.12998985","1.8314244","1.2801011","-1.2156104","1.6198066","-1.3227941","-1.4060248","-0.14968085","-0.700897","-1.1607568","-0.92565227","-0.11899572","-1.2296213","-0.3840292","-0.17804883","0.0059018224","0.42252585"
"cervical cancer","-1.4601974","-0.58657444","-0.5217188","-0.44025698","0.83252597","0.0036555945","-0.31304792","-0.8631124","1.2731051","-0.43391013","-0.33423167","0.6754604","0.10358275","-0.29923084","-0.050310988","0.2062458","-0.3883765","-0.7203767","0.06918526","-0.630562","-0.25505033","-0.4162185","-0.15145336","-0.15293257","-0.38440886","-0.29650927","-0.3974126","-0.60511774","-2.5774384","0.30952182","-0.629252","0.7310464","1.2466204","1.0572788","0.9573694","0.97689205","-0.7640135","-4.5394974","-2.233969","-2.1798873","0.34631032","-2.0451057","-0.060428847","-1.4566284","-1.7542939","-0.30394238","-2.386491","0.8994061","-0.6266168","0.14576451","1.1725496","1.5864505","-0.4698104","1.8380458","2.8297513","-1.0662992","0.5196022","0.7040436","-1.1914135","-1.0604972","-1.2538476","-0.11194595","0.6532578","-0.331326"
"cervical intraepithelial neoplasia","-0.11238404","0.7937595","-1.7299815","1.400837","0.18790554","-0.8858722","1.0308696","-0.5542807","-0.68158025","-0.96486276","-0.16680814","1.2667919","-0.45545155","0.24345715","-0.8811563","-0.20009202","0.78012025","-0.008956217","0.6673217","-0.1294365","0.22278464","0.8581484","-0.1278434","1.4928249","0.34172726","-2.8104901","0.72604454","-1.5842162","-0.5894208","-0.42134193","0.48374304","-3.9084787","-1.3286085","0.95458454","-3.0388856","0.037075233","-1.2414757","-1.354279","-2.606373","0.89488727","1.4691561","0.0693611","-0.018220056","-0.19854715","1.2174692","1.1710944","-0.24262847","0.8125587","0.77619857","-1.2950935","1.9182559","0.7369167","-0.8523119","-0.51822764","0.36412242","-1.1570708","-2.0823941","2.1665301","-0.4326829","1.3064322","-0.025084175","0.71441436","3.0152418e-05","-0.29509008"
"childhood mortality","1.0832303","0.1595477","-0.36506855","-0.20455411","0.025149617","0.1676192","0.07658206","-0.18483725","0.042046573","0.15066752","-0.035619304","0.021102909","-0.1132203","-0.16323382","-0.10549758","-0.15746965","0.058276128","0.07012372","-0.05474181","-0.14183325","0.089380056","-0.1844375","-0.1780469","0.07588975","-0.026168825","0.073554136","0.14484373","-0.0022364038","-0.06282671","-0.0596257","0.058524303","0.025032721","0.015011742","-0.08131753","-0.04787035","-0.006623509","0.05304565","0.1638092","0.04496847","-0.012719982","0.005661445","-0.0028149136","-0.043234434","-0.052423645","-0.16533777","-0.057793774","0.028288683","-0.01836566","-0.22004184","0.14279342","-0.007808598","0.031683657","0.04451998","-0.03497214","-0.02011772","-0.0051703844","-0.13152418","-0.07057109","-0.067746714","0.016183354","-0.05565981","0.027164122","0.039180193","-0.054487932"
"cholecystitis","0.33357343","0.20011848","-0.41255745","-0.31716764","0.07923714","-0.11432832","-0.12809926","-0.3832246","0.27739656","0.40495774","-0.29993656","-0.17182717","-0.54432464","0.067112654","1.7168385","4.281548","1.7980229","1.2792361","-0.86196214","0.7364233","2.0780253","0.38952264","-1.3706847","0.84283525","0.20129128","0.4848957","0.38609996","-0.04960227","0.27195188","-0.4673524","0.14188755","0.018116426","-0.17304082","0.56789833","-0.25348878","0.18861201","-0.19127461","-0.3739866","0.0018884587","-0.3177726","0.086157784","-0.26887935","-0.33704326","0.09645199","0.027707374","-0.31923115","-0.25131404","0.08230654","-0.23279525","0.52717286","-0.24464738","0.20240873","-0.085090026","-0.17213435","0.10341941","-0.09782739","0.004525244","0.12020069","-0.22448254","-0.50459677","0.07739266","0.16990964","0.2994189","-0.07759742"
"cholera","0.87498623","0.1564204","-0.3582818","-0.20195287","0.024381798","0.16606362","0.07628334","-0.1848049","0.04210609","0.15154658","-0.036166325","0.02131427","-0.11586276","-0.1672043","-0.107672445","-0.16222234","0.0602339","0.07142356","-0.055537328","-0.14775155","0.092125714","-0.194984","-0.1850224","0.0807865","-0.027257925","0.07915196","0.15471339","-0.0030292221","-0.06831857","-0.06455742","0.06269714","0.026245445","0.016361495","-0.08850627","-0.05222417","-0.0035082067","0.0616632","0.17676122","0.047002584","-0.013005077","0.0069008996","-0.005743151","-0.045673005","-0.056628894","-0.17787844","-0.06547156","0.03119121","-0.017667824","-0.24167186","0.15888517","-0.007820963","0.03839384","0.050508462","-0.03800022","-0.020795887","-0.0047358396","-0.14677991","-0.083340846","-0.07637108","0.021606075","-0.05138959","0.030775966","0.04484726","-0.0614603"
"cholesterol gallstones","-0.21835917","-0.2554141","0.61302495","2.1940796","-0.85922426","-0.82323086","-2.279108","0.762771","-3.0501268","-0.89155805","0.32678694","-2.638758","0.05189215","-0.04925599","-1.238838","0.85653347","-0.67321676","-2.4892056","-1.7085623","-0.47627285","1.0604134","-0.07044667","0.5492585","1.37219","-0.28499612","0.20179375","0.51512945","0.4681427","1.6264371","1.113785","-0.6186937","0.848973","0.20410216","0.5762625","0.8299348","-2.365146","1.5175297","1.048362","-0.64939404","0.82762456","2.2942975","-0.16745122","-0.26380062","0.17806077","0.5180028","-1.4522299","0.75414157","1.4729584","-0.7846927","-1.0514246","-1.7581813","-1.7170328","2.7642083","-1.2312793","1.1195128","-1.9388225","1.1228802","1.5915077","-1.0171592","-0.897849","0.5536094","0.5470653","1.0174769","0.12398167"
"chronic HIV infection","0.3401646","2.4527478","1.1953406","-0.6027007","-2.6823828","-2.5365663","0.029701399","0.54131967","-4.1499786","2.2133791","0.63855654","-1.2816417","-0.43199635","0.58899957","0.3990287","-1.0836484","0.78284013","0.5657298","-0.711028","0.679505","-0.09272096","-0.062368214","0.1842199","-0.4193686","0.62018245","0.8181714","-0.4638423","-0.009347527","-0.3479776","-0.8770997","0.019963041","-0.41928223","-0.20894416","-0.33207673","-0.6026643","0.76631737","0.10587569","0.02167554","0.77899545","0.14236473","0.08751209","0.5523892","0.025042638","-0.25578934","0.10598746","-0.691436","0.3588712","0.12397988","-0.3781365","0.6523269","0.6602778","-0.21530874","-0.24814612","-0.066245474","0.33558607","-0.47382176","-0.26440847","-0.53789884","-0.41641703","0.69427514","0.2920882","-0.26474777","-0.20575","0.56850326"
"chronic bacteremia","1.0875084","0.17409384","-0.40184247","-0.22462642","0.033065584","0.18987396","0.08409227","-0.20677476","0.04619278","0.17360625","-0.0454337","0.024127524","-0.14421658","-0.202739","-0.12634736","-0.1967435","0.07378932","0.08022655","-0.060765035","-0.18493988","0.10874017","-0.25190234","-0.22217782","0.10625722","-0.032819595","0.106612206","0.20175216","-0.006686148","-0.09331455","-0.08638926","0.08104467","0.031481314","0.02214889","-0.11866071","-0.070159815","0.00922205","0.09667344","0.2290642","0.055135272","-0.014294711","0.011842032","-0.01731814","-0.055245467","-0.07318811","-0.22715943","-0.095716916","0.042530894","-0.0149309365","-0.32592347","0.22212613","-0.007938299","0.06448781","0.07396569","-0.04942013","-0.023876278","-0.002848729","-0.20712774","-0.13344103","-0.10924396","0.04295788","-0.03394508","0.044507205","0.06730841","-0.089272894"
"chronic constipation","0.5087422","-2.3759406","-1.5353543","0.52724266","1.4028991","0.21282682","-0.8582453","2.3450925","-3.64921","-0.26618376","0.97585356","-2.6481647","-0.103355035","0.26063412","-1.1015136","0.6648119","-0.285256","-2.2798972","-2.0449476","-0.12215331","1.3382363","0.36557946","0.210759","1.3937747","-0.24650528","-0.67447716","0.93072015","0.10017883","0.64837366","0.5632966","-0.3923749","0.49963388","0.9873423","1.2763721","1.2217069","-1.0325782","0.053469688","1.1522942","1.0503128","0.91326225","0.48091796","1.0105313","-0.2218017","1.054697","0.0317867","0.0685113","-0.037090134","-0.578299","0.13570394","0.46093345","-0.8067869","0.04741483","-1.0557432","-0.5704602","-0.18489268","-0.63705957","-0.031771965","0.55906814","-0.5691787","2.053176","-1.1222894","-0.02256576","-0.3668747","-0.3716693"
"chronic gastritis","1.0892311","0.23292628","-0.48175398","-0.36651227","0.09992463","-0.14364094","-0.15711404","-0.4332546","0.31287327","0.45121494","-0.34391445","-0.19566028","-0.6006213","0.09246293","1.8888855","4.585836","1.9485618","1.390983","-0.94585925","0.73901993","2.2248828","0.38911438","-1.410929","0.88472235","0.21196271","0.4396778","0.33220986","0.020518124","0.28023338","-0.44553486","0.089844525","-0.00011806238","-0.14857732","0.49827716","-0.1689221","0.2604401","-0.119169116","-0.18421274","-0.23089314","-0.27335674","0.080419496","-0.31990513","-0.16732919","0.012498546","-0.004334055","-0.34813577","-0.29539275","0.037903033","-0.21644804","0.4381769","-0.23763558","0.21178547","-0.049588867","-0.14150225","0.11816835","0.015540721","-0.025899943","-0.00077333575","-0.19108202","-0.3526785","0.008755614","0.14599857","0.21746436","-0.056712028"
"chronic gastrointestinal inflammation","1.0855491","0.17608126","-0.38068","-0.20564145","-0.026521977","0.18822488","0.062916346","-0.25849986","-0.0003623741","0.27589986","0.009036817","0.018329112","-0.1344267","-0.25792372","-0.17101641","-0.29361716","0.3000089","0.12662286","-0.123280115","0.073585995","0.11891553","-0.06514509","-0.16480224","-0.0129080545","-0.14822619","-0.19081064","0.16340114","-0.06247805","-0.13627873","-0.04079098","0.07015488","-0.11954947","-0.026521824","-0.21510947","-0.30058452","0.15221669","-0.08490606","0.19486405","-0.0018885795","-0.14010791","0.13275288","0.10909579","0.19218612","0.28395808","-0.24996005","-0.08248261","0.08668513","-0.44591302","-0.27725086","0.25165558","0.27249083","-0.4218048","-0.109799154","-0.47363678","0.37128562","-0.1008986","-0.7020859","-0.27337447","-0.104644395","-0.34218007","-0.11304337","0.31434277","0.6547197","-0.30211407"
"chronic inflammation","0.189553","2.029627","2.409736","1.9648788","-1.9055872","-0.8105235","-2.8607247","-0.9242336","-0.6909687","0.5384419","-2.9407735","1.6288201","-0.23197211","0.15177159","-0.4632171","0.03674666","-0.5224981","0.38843074","1.6942741","-0.6296322","0.58551764","-1.535433","-0.99943084","0.3217821","-1.3765079","0.5291104","-1.3679535","-1.1770443","0.62372965","-0.09093669","1.042453","-0.3647586","0.30014238","-0.5136823","0.91288775","0.682324","0.15709901","-0.8903845","-0.93186647","0.40033802","-0.046233192","0.5516116","0.09622092","0.33202478","-1.2953722","1.5472709","0.9424661","-1.1182152","-0.49604064","-0.61424226","-2.8959386","-0.7635732","-0.8798794","-0.25301933","0.2293344","0.3947012","-0.5405639","0.007581509","-0.37657288","-0.45833415","1.1243526","1.8256999","-0.36316118","-1.284314"
"chronic kidney disease","1.0976607","0.27278858","-0.48616153","-0.3071416","0.009508628","0.3932179","-0.047667332","-0.61568826","0.12668727","0.75880253","-0.071536295","-0.20511718","4.8885384","3.166998","-0.8979108","0.36595884","-0.042448696","0.38326994","0.40600896","-0.013671418","0.35522598","0.33957374","0.18604799","0.02983681","0.12064418","-0.31055945","0.009334881","0.2132601","0.051437367","-0.07271757","0.2648411","-0.063318126","-0.06663895","-0.14630628","0.18174557","0.07316531","-0.237331","-0.12751664","0.10566181","0.22353272","0.02575799","-0.20033759","-0.20061693","0.16132437","0.10239443","-0.19118729","-0.09305872","-0.082104646","-0.027616322","0.22924441","0.0765793","-0.015917065","0.41058776","-0.07168843","0.1082682","0.08737544","-0.040514264","0.022940736","-0.05132092","0.021704515","-0.13267227","-0.015328579","0.088112675","0.046929162"
"chronic nonbacterial prostate inflammation","-0.106946096","-1.0012183","1.5308911","-1.6669837","-0.030701492","1.1674479","-1.5931596","1.1780777","-0.019911356","1.9539075","-1.390249","0.324131","-0.24303117","-0.31600472","-0.28409696","-0.28876406","-0.64548784","0.47765297","1.6398962","-0.166945","1.8017079","-1.132463","-0.88686067","-0.19085036","-0.57168055","0.3654508","-1.487851","-1.7015237","-0.16226527","-0.015023821","0.5194368","-0.10537114","1.1979814","-0.23016186","0.6164997","0.1111374","-0.12302534","0.5805702","-0.38327086","0.25657034","-1.4268591","-0.8549125","-1.070791","1.7612127","0.5230006","1.6840062","-0.13689198","2.6746588","-0.7324707","-0.7829052","0.44363725","-4.051204","0.17316917","-1.0910455","-1.6786618","-0.4309258","-1.7719021","0.38667852","-0.34314305","-0.44673225","0.086728","-0.9781493","0.44902605","-0.96315426"
"chronic pancreatitis","0.8753035","0.1447051","-0.33032534","-0.23843011","0.030562084","0.19435742","0.0455428","-0.17796858","0.056659613","0.20329745","-0.022597378","-0.033266336","0.01894188","-0.044054057","-0.11640109","-0.18693607","0.01665689","0.067451","-0.09520284","-0.12711419","0.12277761","-0.18134123","-0.2126357","0.1273327","-0.063957915","0.10479061","0.11243113","0.00088269287","-0.1649667","0.03110719","0.19132885","-0.116344854","-0.06449054","0.17009197","0.048965972","-0.17879093","0.3967011","0.27223974","0.02837298","-0.2478124","-0.084991574","-0.48169178","-0.13476764","-0.20494409","-0.14911117","-0.07517147","0.06621809","-0.31475165","-0.2708826","0.2037643","-0.007083156","0.5086591","-0.21600983","-0.42992434","0.2831999","-0.5960062","0.072814845","0.40597337","0.35259655","-0.85230184","-0.029253945","0.030177632","-0.0976279","0.35846493"
"cirrhosis","0.03842453","-1.1022831","0.61700255","0.3340613","0.067529015","0.18670692","-2.1780705","1.8011695","-0.35919636","1.4832305","-0.20743506","6.010354","-0.48992878","1.0714263","-1.0236081","0.66010404","0.6870601","-0.7262468","0.0807552","-0.024882939","-0.15234502","-0.3300518","0.28677893","0.46490064","0.11842858","0.2858623","-1.0809689","0.52517617","0.47038728","-0.0013627034","-0.7406139","-1.2616422","-1.7231188","0.6232925","-1.9205753","0.53219926","-0.005840013","0.70854473","1.2687349","-1.8629375","-1.5795408","0.9076318","-0.21245968","-0.66713554","0.11403","-0.3954174","-0.118262924","0.85012585","-2.5922642","-0.79788995","1.1298928","-0.47942212","0.20222922","-0.5691321","-0.39472398","-0.78966695","0.3936303","0.018308127","0.18851902","1.7430323","0.609945","0.4116245","-0.04469675","0.032165654"
"coeliac disease","0.5186281","-1.6564735","2.2757244","-1.852267","-0.91268337","0.6628901","-1.6634119","1.8518339","1.6252255","0.9919247","3.3189905","1.064226","0.08487982","0.21237308","0.8469313","-0.588685","-0.2761674","-0.08014278","-0.9906594","-0.14250168","0.66588163","-0.54572535","-0.5097963","0.17600794","-0.4529764","0.34054548","-0.19936363","0.37925467","0.3748756","-0.6172311","-0.101832755","-0.14180177","0.41698304","0.21465482","-0.14464647","0.69571406","-0.42154792","0.36986056","0.17805403","-0.062435642","0.03461018","-0.35334224","-0.48496157","-0.53054345","-0.45081598","0.061208606","0.48354086","-0.99159074","-0.056743886","-0.59763074","0.51576793","0.10542506","0.8033734","-0.3407924","0.1309877","0.252835","0.19091804","-0.8040434","0.15291613","0.26637855","0.024493473","0.04481639","-0.12253769","-0.40115324"
"cognitive decline","0.032307804","0.011673168","-0.1210118","-0.03385883","0.15361233","0.21661055","-0.09921656","0.44513747","-0.20815338","-0.3809933","0.3159581","-0.27768904","-0.0746858","-0.6370489","-0.72177726","0.721076","-0.68357116","0.3953877","2.0083244","3.1155512","-1.0225486","0.056315713","0.5389984","1.502723","0.93861204","1.0083164","-0.5678073","1.2087926","-2.4132302","-0.1621608","1.8588738","1.0669793","0.4009782","-0.06881963","0.39499983","0.5789461","-0.21765631","-0.10180531","-1.8783748","-0.6994866","0.40989807","1.4931552","1.228192","-0.5786869","-0.7583933","-0.7834496","-1.250483","0.14602496","1.0023419","0.08368635","-0.9945241","0.84306407","2.108534","-0.45960677","-1.300134","-0.097161785","-0.5287715","-0.6472788","2.675193","0.086597055","-0.8525315","0.5613957","0.13405687","0.42019618"
"cognitive deficits","1.0976607","0.27278858","-0.48616153","-0.3071416","0.009508628","0.3932179","-0.047667332","-0.61568826","0.12668727","0.75880253","-0.071536295","-0.20511718","4.8885384","3.166998","-0.8979108","0.36595884","-0.042448696","0.38326994","0.40600896","-0.013671418","0.35522598","0.33957374","0.18604799","0.02983681","0.12064418","-0.31055945","0.009334881","0.2132601","0.051437367","-0.07271757","0.2648411","-0.063318126","-0.06663895","-0.14630628","0.18174557","0.07316531","-0.237331","-0.12751664","0.10566181","0.22353272","0.02575799","-0.20033759","-0.20061693","0.16132437","0.10239443","-0.19118729","-0.09305872","-0.082104646","-0.027616322","0.22924441","0.0765793","-0.015917065","0.41058776","-0.07168843","0.1082682","0.08737544","-0.040514264","0.022940736","-0.05132092","0.021704515","-0.13267227","-0.015328579","0.088112675","0.046929162"
"cognitive impairment","0.49775687","0.3487891","-0.538754","-0.23970076","-0.18700987","0.33781582","0.26129058","-0.383878","0.16548866","0.21919207","0.4037505","-0.27556276","-0.35533318","0.12407504","-0.41139472","0.1000208","-0.17516164","-0.8194892","0.15743111","-0.112694","0.11440757","-0.38911477","-2.0293708","0.004964803","0.7010491","0.13709238","0.43971738","-0.44866028","-0.464387","2.6767635","-0.09054412","1.3388236","-1.1246735","0.020425279","-0.678803","3.983052","-1.574688","1.1545244","0.41707623","0.5586192","-1.8698207","1.5710173","1.1054337","-0.35798404","0.87668055","0.29101586","0.7617689","-1.2198393","0.10058484","-1.5907766","0.07892336","-0.1317285","0.55647117","-0.30435935","0.56683457","0.0773587","0.842449","0.5525724","-0.20846334","-0.09396328","-1.6273141","0.10722584","-0.07921766","-0.13666098"
"colitis","-1.1732597","-0.7151929","1.0696908","-0.76035535","-0.013370935","0.5469362","-1.4407151","1.3578082","0.11214836","1.3093442","0.09839389","2.4201472","-0.45571083","0.28867993","-0.100058645","0.03596455","0.02092799","-0.43691915","-0.11475249","0.071151234","0.26094222","-0.33699664","0.5863385","0.7678774","0.46979204","0.16768387","-0.45778516","0.27691892","-0.052923307","0.12867355","-0.07956301","1.240462","-2.1930692","0.9604557","-1.8403683","-1.2005271","-0.7857175","0.3222494","2.7200012","1.1035681","-1.4238505","-1.1145493","0.46666032","-0.29617733","0.4182116","-2.2370594","2.491854","1.7974552","1.6223031","1.855005","2.7435935","-0.123174615","0.17819205","2.4610934","0.8884883","-2.3847206","-0.42009804","1.9939756","-2.1094625","-0.8404016","-2.4874058","-4.0451803","-0.39407882","-1.4626219"
"colitis associated colon cancer","0.17704915","0.16161929","-0.23303907","-0.09662645","0.018746825","0.2005227","-0.085805744","-0.34519956","0.21241806","0.28542358","-0.13177174","-0.03166178","-0.28148466","-0.3671301","-0.02194008","-0.4644301","-0.20579964","0.26990637","0.0788558","-0.9583594","0.57313216","2.9038885","0.9282395","0.79791176","0.36632338","1.5935657","-0.038123913","-0.46537536","-0.13991126","0.44284776","-0.7447331","-0.5400431","-0.059449345","0.053320173","0.14825329","0.8375332","0.012087249","0.30290744","-0.20963135","0.57696825","0.6319337","-0.4065628","0.5854007","-0.763219","-0.54235727","-1.0631834","0.34462228","-1.5528623","0.64196765","0.24792966","-0.790304","-0.2457655","0.13200344","-0.14273736","-0.26270354","0.31492507","0.23370764","0.52112556","-0.15957619","0.9303696","0.22957918","-0.39894402","-0.5891711","0.8438232"
"colitis-associated cancer","0.33930752","-0.9539738","1.878472","-2.4183288","-0.34498742","1.31772","-1.1784943","0.76886755","0.9928886","1.5221678","-0.37479347","-1.1834038","-0.0856035","-0.65761274","-0.06712833","-0.42874345","-0.8631805","0.27275762","0.75131","-0.12056547","1.6679286","-0.9427628","-0.6710018","-0.8531107","0.44716433","0.27167493","0.69621253","-0.047843434","-0.48847586","0.3538142","-0.9008651","-0.8237813","1.3067514","0.42193753","0.5432304","-0.55303586","0.29903138","0.8730752","-1.0902836","-0.61726844","-2.7943218","-1.2786897","-0.5887316","1.4665587","2.5083761","1.4726722","0.39200753","2.151358","2.5921936","-1.4973438","-0.8351314","-2.0478063","-0.5385697","0.27171457","-0.49121624","0.7441901","0.21205577","1.1267786","-0.0153046055","0.31792465","-1.0343584","0.0047352007","0.87792206","0.1156383"
"colon adenocarcinoma","1.0829022","0.13652655","-0.3117065","-0.24045607","0.12755263","0.11349911","0.11620909","-0.21530606","0.05774536","0.19221032","-0.13165312","0.11824855","-0.005905512","-0.26024055","-0.032198846","-0.24800695","0.062432513","0.2712655","0.043869045","-0.0979537","0.14413668","-0.07853855","-0.17395936","0.2966679","0.31574842","-0.06768351","-0.2742147","0.2016665","-0.38706756","-0.24978384","0.2663057","0.19770697","-0.18151577","-0.8280723","-0.5265332","0.90525264","-0.08238331","0.5789922","0.6159019","-0.17066301","-1.03137","-0.24359104","-0.18686137","-0.24647409","0.022232955","1.2532989","-0.69550633","-0.60336787","-0.5944892","0.19128947","0.7005976","1.9457004","-1.9600363","0.66742647","-0.9368073","1.2422565","-1.0346379","-0.7549607","0.3933321","0.5900974","-0.39945173","0.1600083","-0.022108708","-0.77477103"
"colon cancer","0.33961627","0.32576132","-0.52213603","-0.4611657","-0.25675732","-0.20478366","0.7198232","-1.333206","1.2792386","-1.3640349","1.8885183","-2.0002942","0.119554125","-0.03291147","1.5877035","0.9892847","0.6951668","-0.59248763","-0.2425424","-0.29981223","-1.5449209","-0.96336067","4.594412","-1.1436181","1.5432795","-1.6045628","-0.00790977","0.80807495","-1.0081583","-0.0028172818","-1.9933599","-0.14366387","1.5590181","1.0862507","-1.6773164","-0.919806","1.209818","1.5815647","1.0624431","-1.3962268","-0.39941913","0.050742052","-0.65072536","-0.8214337","2.5161102","-0.50087535","1.2156439","-0.7136055","-0.86908644","-0.20328039","0.59065396","0.55840427","-0.016319105","-1.0219889","-0.34131524","-0.25675386","0.3532753","0.3189784","0.036561638","-0.12183922","-0.14333668","0.53745633","0.18841517","-1.242498"
"colon health","0.4971964","0.13819383","-0.3755487","-0.20753816","0.0731361","0.19704388","0.08829537","-0.21888095","-0.030126002","0.24048616","-0.062145546","-0.02356237","0.035035715","0.11157406","-0.05919815","-0.113337316","0.0030045519","0.058554724","0.012574337","-0.2952358","0.095300175","-0.120343864","-0.17386119","0.03858537","-0.035323612","0.022963881","0.08849429","-0.064980134","0.09028223","-0.057334423","0.009136477","-0.011935854","-0.08256365","-0.20745304","0.069742456","0.022201099","-0.019987145","0.15566316","0.19011977","0.2390834","-0.25856712","-0.40641308","-0.16240358","-0.1331707","-0.26749626","0.1842329","0.21918668","0.086427085","-0.65458","0.07118044","0.27248973","-0.0815492","-0.124471545","0.10780099","0.031579796","0.31223178","-0.39860114","-0.1885134","-0.15232883","-0.14218831","0.039709624","0.16121171","0.17473947","-0.1528674"
"colon neoplasms","1.0844446","0.071299374","-0.3867615","-0.33412743","-0.036423035","0.14097251","0.18750753","-0.008934155","0.149734","0.16456652","0.23812193","0.04309293","-0.448042","-0.16232519","-0.07512962","-0.2474542","0.009058588","0.046662994","-0.48486972","-0.047697105","0.035691485","-0.008188907","-0.20789771","0.18376571","0.6040476","-0.058245637","0.30845082","0.3599963","-0.3003251","-0.07456755","-0.23244199","0.1739849","0.029161539","-0.598152","0.11957243","-0.45189992","-0.48090327","0.8175566","1.0944175","0.9174048","0.6163745","-0.8918519","-0.2674318","0.28075498","0.47565433","-1.104877","-1.015914","-0.022468178","0.44243878","0.44851947","3.0700915","0.7568973","1.0332725","0.26438475","-0.37471595","-0.7372051","0.27020627","0.45318505","0.44424716","-0.19674955","-1.2948272","-1.225027","0.745609","1.0613515"
"colonic inflammation","-0.20022516","-1.8207675","3.818215","0.81324595","-3.3614867","-0.52814204","-1.7787764","-1.6112657","2.448466","-2.165531","-2.795953","-1.0905223","0.23368202","0.0138081275","-0.3049701","-1.1619443","0.30405825","0.5366575","-0.6625494","0.98797184","1.2596465","-1.3200368","-0.82559896","-0.32100752","0.12608701","0.9765952","-0.5837419","-0.8757131","0.32187572","1.0057397","-0.117880814","0.5053588","0.28246865","0.1018065","0.09699353","-0.7064829","-0.7250481","0.7969481","-0.851083","-1.9128585","-1.8687757","0.12787135","0.17534992","1.1957531","1.0332125","0.0543172","0.8248434","0.22332823","2.429969","-1.8075233","0.89377326","0.6284193","0.19205236","-1.2604887","0.67036116","1.1291269","0.42443347","-0.720198","0.00039805984","-1.1449864","-0.16686857","-0.036421753","-0.44036844","0.37462318"
"colorectal adenoma","-0.7600584","0.35270658","-0.13583615","0.1695145","-0.52994925","-0.12871571","0.34964943","-0.6500563","-3.7437232","3.827013","2.163388","-0.73168385","-0.53242755","-0.26090083","-0.009613137","0.7216684","-0.93596864","1.2225237","0.19872965","-1.7294372","-1.5324727","0.24949001","-0.11332028","0.84448254","-1.7076186","0.13125482","0.64387995","-0.17802225","-0.599194","-0.48480242","-1.5641268","1.3479447","2.2474504","-0.9514689","-2.065959","0.8349812","-0.91227967","0.14353603","-1.219519","-0.9393432","-0.017125973","-1.2511076","-1.4980017","-0.42569414","3.351982","0.16431715","-3.4827669","2.0435734","-1.0263582","0.4839773","-0.3325312","-0.49255162","0.33545437","-0.008315224","2.5894756","0.8477609","-0.34015286","-0.66118926","0.53455853","-2.0861251","0.5996264","1.3753797","-0.34061208","0.70482826"
"colorectal adenomas","0.8945745","0.33259904","-0.55705786","0.20360778","-0.14871593","0.63496035","0.58886254","-0.15782623","0.23409283","1.0731335","-0.37366983","0.2944","5.2927976","3.1267936","1.0392791","0.08986063","-0.34789705","0.13299087","-0.69017404","0.669029","-0.5110777","0.26617715","-0.353551","1.0261644","-0.8294735","-0.27312183","-1.3099335","-0.024888454","-0.45500883","1.7173387","-0.8181417","-0.18945955","0.54244167","0.5528491","-0.21538153","-1.0637261","0.47916144","0.9590008","-0.26997247","1.1021595","0.6313798","0.50782585","0.11763728","-0.79400873","-1.2599769","1.4940864","0.51798856","0.49547738","1.7031581","0.17220461","1.1696002","-1.114541","0.20996118","0.92384166","-0.28023174","0.081697166","-0.19984442","-0.563815","0.24469946","0.22316673","-0.10769273","0.42273122","-0.15667258","0.3842142"
"colorectal cancer","-1.9789048","0.030376423","-0.055609886","-0.052674007","-0.030573113","0.019887716","0.030176235","-0.06275755","0.020037133","0.037501547","0.009694826","0.007900487","0.0145942895","-0.010390963","-0.026217083","-0.020017205","0.0059853275","0.036436316","-0.034851946","-0.004069795","0.029530855","0.0046823677","-0.05610321","-0.0037675747","-0.009889129","-0.007340965","0.0039992477","0.007697843","0.0006772281","-0.014996671","0.005849216","-0.003731309","-0.006980539","-0.019515207","0.033605743","-0.028164973","-0.025114227","-0.05281289","0.06982371","-0.08291531","0.03568087","-0.17903648","-0.050910313","0.04214717","-0.048865985","0.15766741","0.21191731","-0.22765462","0.4837848","0.2583965","-0.3100748","-0.3326911","0.28041324","-0.557038","-0.3549541","-1.0460507","-1.1661946","-0.14713013","3.1612704","1.8846655","2.2533343","0.059120934","-0.50691974","0.8390467"
"colorectal carcinoma","-0.7365773","0.12593529","0.054761812","0.23951466","-1.152337","-0.61381435","-1.2856297","-0.7570168","2.802244","-1.6984055","-1.2477707","0.13060056","-0.38704005","-0.4070432","1.404662","5.253251","0.6168583","-0.8389396","1.7958122","1.191429","-1.3512638","1.5388199","0.80759346","-3.4154475","-1.5035596","-2.5134974","-1.3386482","0.5235705","0.519611","1.185105","-1.7788051","-0.07892767","1.085934","0.41180956","-0.23041151","0.83382154","1.2989044","0.8446995","0.9179828","0.7167664","0.34032577","-0.71487314","-2.72789","-0.0019474832","1.9880079","0.5675464","1.7565004","0.4090588","-2.162484","1.126923","1.7113645","0.8138762","0.3642373","-2.3286424","-0.2552419","-0.34937325","0.4953718","1.2174637","0.8503122","-0.80478245","1.0521913","0.6062511","-0.22809008","-0.5980293"
"constipated-irritable bowel syndrome","0.023828946","0.13200288","-0.2561678","-0.1794428","0.015017429","0.13489878","0.07607512","-0.16369523","0.022973252","0.11735155","-0.03124304","0.017080348","-0.088421375","-0.14584671","-0.08502671","-0.13820608","0.055721156","-0.0025791354","-0.07036621","-0.14024667","0.11924494","-0.17775585","-0.16548115","0.09611089","-0.06528915","0.07010142","0.13786598","0.0042536515","-0.04692535","-0.055053815","0.10900023","0.061612707","0.036721654","-0.069868624","-0.053180546","-0.021372262","0.05068864","0.23227943","0.03204759","-0.025228413","0.04376061","0.0017356466","-0.06469585","-0.043839447","-0.17045423","-0.108832285","0.068100505","-0.010169365","-0.24933831","0.2117428","-0.06667559","0.08077786","0.004743756","-0.060430545","-0.016192995","0.04875933","-0.16857742","-0.17322512","-0.0657315","0.07539434","-0.023562742","0.035778943","0.21343437","-0.14301181"
"constipation","-1.2766192","-0.25564855","1.8839172","-0.62338257","-0.46623042","0.40795094","1.8308855","0.5891373","0.37855107","1.3016756","1.1595645","1.0679624","-1.3058889","1.9903895","1.014132","-0.875234","0.37771466","1.3063923","1.1491615","0.14893718","0.93667674","0.1410188","-0.33253774","-1.4050921","1.8422298","-0.38243246","0.35388032","-0.24861734","-1.7587628","-0.59276915","-0.9807339","0.9133704","1.5749589","-1.1815087","1.4174205","0.2331826","0.57504797","-1.2552476","1.3144073","2.6972926","0.014307275","-1.1520295","0.5253438","-0.10356295","0.8770612","0.26251557","1.360936","-1.5725814","1.8259592","0.15833613","-2.8077447","0.9811324","-0.5004493","2.8306315","3.446259","1.9818128","-0.35282084","3.168139","2.5627892","-1.5740035","0.00438071","-0.3570391","-1.4111873","0.12846096"
"coronary artery disease","-0.5507027","1.0038059","1.1783768","1.0009547","0.81257355","-0.35517022","-1.3598017","1.8040502","-0.39499146","-3.3435395","-0.6435542","-1.5119208","0.7670027","0.08202049","0.3394221","0.7051853","-0.8793486","-2.4313145","0.06273209","-1.2693089","1.0522845","-0.20476426","-0.33072898","0.31110474","1.1545358","0.12087185","-1.2724774","0.16516492","1.0471408","-0.56835055","0.23607935","-0.20456013","-1.3054152","2.3004227","2.205367","-0.6182224","0.6068311","0.10780117","0.09206458","0.60212123","-1.1246302","-0.2979355","-0.94617647","-3.0404315","0.10355801","2.1663985","-0.34767687","0.93724555","-1.9738556","0.28912026","-1.89859","1.8883731","-1.9357644","2.062946","-2.3025486","-1.905704","1.7081696","0.964748","1.5157338","-0.26954433","-2.2815394","-0.40547967","-3.2275698","2.0777164"
"coronary heart disease","0.33637166","4.1272254","2.6674047","-0.10078283","0.8358269","0.32403916","-0.032726854","-0.4536588","-0.40934467","-0.9828544","0.50884503","0.67822576","-0.113099314","0.46264446","0.47976074","-0.53992856","1.0699607","0.41538796","-1.3442903","0.7091614","-1.0067767","0.38074416","-0.2061833","-0.16873506","-1.6586732","0.43607497","0.4573302","-0.15148252","-0.3625616","-2.1235337","0.7129163","-0.57748187","-0.24821268","-0.50705856","-0.11145611","1.5278292","0.79958963","0.64582527","0.7148182","1.5122687","-1.0015944","0.7417286","0.54300046","0.49665657","0.9933986","0.09857273","-0.42191586","0.98202175","-0.7351575","-0.74895954","-0.71586967","-1.0552083","0.60363877","0.4664222","-1.0495358","-0.86140096","-0.8180999","1.2637906","0.07826943","-0.12707768","-0.13416906","-0.19285627","-0.9047363","1.1504973"
"coronary heart disease complicated with nonalcoholic fatty liver disease","0.17693819","-0.064389326","-0.2336566","0.08842466","0.8429501","-0.9132321","0.72026753","-0.2226211","0.57489264","0.47694856","-0.24346042","-0.53181547","-2.0482252","3.307176","0.82812065","-1.5011787","-1.1536961","0.21394488","0.44714156","-1.1339116","1.710884","1.0766964","0.22253525","0.9072654","-0.60289675","1.3154054","-0.515888","-1.2629881","1.2241538","-0.90800476","0.33389366","0.9746611","0.5514375","0.2885191","-2.423636","-2.569182","-0.26299462","1.0939121","0.89586306","-0.7396388","-2.666426","-0.567208","2.1594157","1.1060054","-0.8996064","-0.18207234","-0.81220704","-1.5373716","-0.5552903","-0.5607086","-0.2016051","-0.5796379","-0.8635856","2.2222428","-0.04116082","-1.1544868","1.4678329","1.5047174","-2.0990343","-0.47464296","-0.3265269","0.7240858","0.47306964","-0.39002845"
"cow milk protein allergy","1.0852941","0.16618426","-0.38179672","-0.21362673","0.028710864","0.17758942","0.07992771","-0.19452834","0.04387056","0.16068913","-0.03988322","0.022410216","-0.12652214","-0.18006009","-0.11435782","-0.17399183","0.06477798","0.07435079","-0.057255995","-0.15974756","0.097388305","-0.2119612","-0.19601491","0.088203296","-0.028858045","0.08681288","0.16752207","-0.0039876574","-0.07481586","-0.0700742","0.06729918","0.02751846","0.017755104","-0.09551783","-0.056296945","-0.00064646784","0.069323435","0.18804105","0.048692726","-0.0133488905","0.00795531","-0.008036902","-0.04735184","-0.060006335","-0.18759793","-0.07120766","0.033158474","-0.017069513","-0.2574347","0.17010272","-0.007828443","0.043134917","0.05436538","-0.040300447","-0.021177597","-0.0044779107","-0.15623267","-0.09128095","-0.082047604","0.024807204","-0.04889842","0.033188764","0.048245907","-0.06557875"
"cystic fibrosis","-0.8330002","-0.0679417","-0.0788715","-0.14715241","0.012967573","0.21540822","-0.0746951","0.28004408","0.07300611","-0.26352453","0.14291473","0.2303618","-0.1437703","-0.34528688","-0.35920438","0.33073187","-0.5661949","0.17205544","1.1076347","1.6831554","-0.36687946","0.123559944","0.26696292","1.116598","0.65290725","0.46623278","-0.03254629","0.2666539","-1.7719107","-0.7439575","2.1349645","0.5255105","-0.5332287","0.26446843","-0.34315324","-0.21743906","0.30694693","-0.6101563","1.7138376","-2.1381261","2.2487724","4.4580436","-1.2451553","2.4653988","-0.25323376","1.6738366","-2.0657837","-2.5710857","1.6015456","0.35349408","-1.156121","-0.137256","-1.5634613","0.08686256","-1.7088882","-3.0831587","2.0787427","3.042284","-2.5751812","3.3786077","-0.6548596","-0.96536803","-1.214472","1.2402105"
"depression","-1.2224061","-0.8091174","1.8049281","0.17371617","-1.2794771","-0.15343882","-0.889087","-0.5991621","0.1755713","0.011016313","-1.5121396","0.32743263","0.2472073","-0.635755","0.23575021","0.74506","-1.8202161","1.0157832","2.053657","-2.250573","0.049664024","-0.90386564","-1.3708911","0.42983133","-0.9557641","0.1613535","-0.98435986","-0.42405102","1.0875067","-0.11499833","0.7322281","1.141213","-1.1536846","0.6973171","-0.67770576","0.030283406","0.27238348","1.5343581","1.0582284","2.7365222","1.1791583","-0.5424271","-0.24296573","0.5131654","0.42570555","0.095470786","-2.1063657","-0.8386353","0.108906455","-2.0768118","0.39335644","0.5260097","-0.36978364","-1.0416296","-0.03812383","-0.9264545","-1.293131","-2.065007","0.8736312","-1.9435589","0.1373996","1.6022942","0.66662365","1.910674"
"dextran sulphate sodium-induced colitis","1.0835973","0.16568136","-0.36944315","-0.19455491","0.04041105","0.16276492","0.061287068","-0.1848121","0.021474594","0.13987266","-0.053995654","0.06187003","-0.15009426","-0.11842259","-0.19829413","-0.06870835","0.054820806","-0.05344853","-0.18906966","-0.085444964","-0.06413884","-0.105332755","-0.0826221","0.14571027","0.016263383","0.02083188","0.32297903","0.2596532","0.057020653","-0.09834113","0.116834216","-0.10580109","0.1367955","-0.18954772","0.014201103","0.27621436","0.1462114","-0.015628606","0.056984387","-0.04397725","0.3066864","0.18204482","0.013802242","-0.37812805","-0.45790228","-0.26263085","0.29517278","-0.2829356","-0.4382768","0.35807872","0.04515593","0.39537826","0.100383446","-0.11065578","0.16428088","0.18215969","-0.059285257","-0.18990976","0.1494353","0.005522265","-0.28389052","0.06506147","0.1739223","-0.034789898"
"diabetes","-1.1081951","-1.1185108","1.3184379","2.0115383","0.025381142","0.08808154","-0.41918817","-0.72585213","-1.7063007","-1.19627","0.5860254","-0.7558183","-1.7496481","-1.8387343","0.13106602","-0.45321226","0.15786804","0.42493975","2.3117762","1.6657087","0.5882859","0.44405746","0.50946784","2.7662363","-0.22930582","-2.3863933","2.0052276","-1.3227005","-1.0918797","-0.24982855","-0.46808562","-0.32908753","0.952984","0.78425837","-1.857636","-0.5209155","0.07897333","0.86440885","-2.4089513","0.04171533","-0.22099991","0.16880563","-2.0620883","-0.32436398","0.48285002","0.8180628","0.029019866","-0.5749642","0.7399576","0.91480094","1.2689927","1.0576488","1.8358175","0.94243","-1.1752031","1.25763","2.6927981","-0.5446378","-0.6881577","0.14465666","-1.4869146","0.27559748","-0.9127345","0.13096318"
"diabetes mellitus","0.67641294","-2.0382776","-2.105229","-0.41749188","0.45306778","0.46092406","0.58527184","0.013667659","-1.7845794","2.214783","1.1446887","-0.7859498","-0.2558666","0.082655475","-0.21328442","-0.5501572","0.90595263","-0.02614177","-0.6121277","0.10253496","0.011935274","0.018464683","-0.04807295","0.24273835","0.4870927","0.50748885","0.22917803","-0.21572","-0.34324777","-0.11105513","-0.051474907","-0.48229435","-0.089827806","0.09620209","0.6775075","-0.05063057","0.6818944","0.17897485","-0.3352022","-0.18664594","-0.4171364","0.023976536","-0.5712064","-0.78401434","0.45912004","0.7217183","-0.04597183","-0.42941386","-0.41940123","0.2090216","-0.3802954","0.5760395","-1.4728556","-0.19417503","-0.53246504","-1.3772844","1.1616706","0.20021106","0.9280663","-1.2248893","-0.56673616","0.052948046","-1.4612777","0.30210936"
"diarrhea","0.5151988","-0.7382334","0.34910613","0.044171233","-0.9794257","-0.731592","-0.20857655","1.263063","1.0003649","0.027678749","3.2696772","3.2192504","-0.6311451","0.7879819","0.42422852","-0.47535756","0.4485004","-0.07336324","-1.3506086","-0.71131206","0.42696688","1.5058059","-0.6341995","1.1012423","3.4651346","-2.0091515","0.6216007","-0.090296805","-1.4855984","0.34782633","0.6403307","0.88334304","1.1385474","-2.02092","1.9201442","-0.79136074","0.2583332","0.6604878","2.8943725","1.6184013","0.4109185","-1.5986012","-0.25250295","0.05991854","0.6088999","-1.3702894","-1.2648993","0.42378825","0.67391616","-0.17680384","3.8010352","0.7796154","1.5488507","0.7671616","-0.8908874","-1.1164151","-0.3018371","0.6356069","0.6353593","-0.24056879","-0.90851337","-0.57295084","1.0961058","1.0543243"
"diarrhea-predominant irritable bowel syndrome","-0.09137446","-1.24073","-0.05166759","1.1360824","1.3884948","-3.9608462","1.2738856","-2.0224304","-0.87085104","-2.131403","2.7804828","3.6556146","-1.1129847","2.7427437","0.4309428","-0.3796732","-0.68114305","0.15710841","0.9393887","0.28216124","1.1695995","-0.5566061","-0.74289906","-0.22568062","-0.876383","0.7608301","-0.5273099","0.3887323","0.1511953","0.24582428","0.113691844","-0.3139431","-0.78338444","-0.5882558","0.040800326","0.06136854","-0.41466516","-0.7119911","-0.027631456","0.046466634","-0.48549488","0.25571796","0.091195166","-0.49594894","-0.39865375","-0.0019911614","0.5151138","0.71433157","0.18814431","-0.21406092","-0.1013475","-0.9341506","0.42850763","-0.1902198","0.23217723","-0.30833697","-0.26056314","0.09769674","-0.0032868516","0.15928303","-0.32587838","-0.08213507","-0.013602195","-0.15756868"
"diarrheal diseases","1.0832303","0.1595477","-0.36506855","-0.20455411","0.025149208","0.16761942","0.0765816","-0.18483725","0.042045526","0.15066752","-0.03561989","0.021102909","-0.1132203","-0.16323347","-0.10549758","-0.15746965","0.0582765","0.07012372","-0.05474181","-0.14183325","0.08937845","-0.1844375","-0.17804776","0.07588975","-0.026168825","0.073554136","0.14484325","-0.0022364038","-0.06282671","-0.0596257","0.058524303","0.025031656","0.015011742","-0.08131809","-0.04787035","-0.006623509","0.05304624","0.1638092","0.04496847","-0.012721213","0.005662072","-0.0028149136","-0.043233793","-0.05242494","-0.16533777","-0.057793774","0.028288012","-0.01836566","-0.22004116","0.14279342","-0.0078100157","0.03168294","0.04451888","-0.034974344","-0.02011772","-0.0051703844","-0.13152495","-0.07057109","-0.067746714","0.01618375","-0.055660617","0.027163304","0.039180193","-0.054488756"
"diet-induced obesity","-1.0571132","-0.25373834","0.7827585","-0.79535514","0.012677047","0.6812681","-0.5002475","-0.021618214","0.64306027","0.45431918","0.2891845","-0.96889406","0.04855406","-0.37657216","0.5230008","-0.48569795","-0.846194","0.6076913","-0.22234751","0.4652066","-0.07371741","1.6560826","0.15137315","1.0181425","-1.0888419","1.7666323","-0.7314711","-0.85116595","-1.0372405","-0.98452264","0.75897455","0.47265884","-0.7200414","0.62717855","-2.6075747","1.3670071","-0.8383996","-0.77965087","3.6679635","3.1991587","-1.9792649","0.47463894","-1.2247584","0.7541262","1.8394309","0.67553747","1.9917135","1.6346904","0.080420926","-0.9400088","-0.23467615","0.8929573","0.41720387","0.037826505","0.029799612","-0.29261056","-3.2860208","-3.60196","0.55716735","0.37193567","-1.6124753","-1.2220366","-0.90440613","-1.5460029"
"diverticular disease","0.8951274","-0.5077952","0.06679476","0.6586694","-1.0064873","-0.15460894","0.091971345","1.6737726","1.0027918","0.37740925","3.2049167","3.075295","0.66647804","0.53630626","2.1264324","-0.40667218","0.050625313","-0.26597115","-1.4184712","0.26831275","-0.27284718","-0.42899343","-0.64274716","1.3519665","-1.1728836","0.2336313","-1.57339","0.16860223","-0.2475193","1.502465","-0.6922781","-0.5753538","0.5839303","0.59001166","-0.15078339","-0.9712265","0.53348047","0.88725805","-0.25173295","0.9503711","0.24290302","0.7620128","0.34421253","-1.2370945","-1.5906485","1.8165139","0.95051783","0.45012563","1.464707","-0.26907423","0.9910431","-1.1477399","0.21800196","1.0631362","-0.18687956","-0.22227354","-0.36263674","-0.6300588","0.30604082","0.346406","0.022841543","0.5925827","-0.23502825","0.019842649"
"dry skin","1.0860184","0.1713556","-0.38652745","-0.21559052","0.03301655","0.18399356","0.07893376","-0.19851544","0.045136336","0.16929841","-0.040357508","0.014787459","-0.13358551","-0.20858462","-0.13469622","-0.16579244","0.035795636","0.0752635","-0.03207397","-0.08873573","0.08950959","-0.23610449","-0.15437946","0.16801044","-0.029616773","0.1321421","0.19472992","0.036564253","-0.15216817","-0.060537905","0.19143218","0.15572363","-0.003899826","-0.010098461","-0.26227757","-0.08949089","-0.08457766","-0.025862215","0.2669147","0.1859612","-0.120415255","-0.17072275","-0.081624165","-0.0714467","-0.20816064","-0.08316372","0.33019128","0.12888497","-0.26455867","0.18902087","-0.0302387","0.004076915","0.07609966","-0.042992383","0.082679406","-0.08182068","-0.19182788","-0.14560026","0.0355189","-0.0190916","-0.07270948","0.06713448","0.09928476","-0.081428304"
"duodenal ulcer","1.0892311","0.23292628","-0.48175398","-0.36651227","0.09992463","-0.14364094","-0.15711404","-0.4332546","0.31287327","0.45121494","-0.34391445","-0.19566028","-0.6006213","0.09246293","1.8888855","4.585836","1.9485618","1.390983","-0.94585925","0.73901993","2.2248828","0.38911438","-1.410929","0.88472235","0.21196271","0.4396778","0.33220986","0.020518124","0.28023338","-0.44553486","0.089844525","-0.00011806238","-0.14857732","0.49827716","-0.1689221","0.2604401","-0.119169116","-0.18421274","-0.23089314","-0.27335674","0.080419496","-0.31990513","-0.16732919","0.012498546","-0.004334055","-0.34813577","-0.29539275","0.037903033","-0.21644804","0.4381769","-0.23763558","0.21178547","-0.049588867","-0.14150225","0.11816835","0.015540721","-0.025899943","-0.00077333575","-0.19108202","-0.3526785","0.008755614","0.14599857","0.21746436","-0.056712028"
"dysbiosis","-0.087985635","-1.9826533","2.8002775","-1.096693","0.20170826","1.191833","0.39450476","-0.11136209","0.07378465","-0.64783096","0.2716514","-0.4693719","-0.17381454","0.08024378","0.3184163","-1.2075658","0.081920624","7.8455734","0.39368743","0.82275295","-2.5937934","-0.47752813","-1.1396947","-2.0984826","0.54472417","-0.03586506","-0.4944689","-0.70828515","2.5592253","2.463342","-0.6568723","-0.16882999","-0.17848836","-0.70213586","-1.2221153","0.42235366","0.35107356","-1.2616184","0.3701134","-0.70236844","0.052998975","0.09558226","0.6631367","-0.92904913","1.035157","-1.460408","0.7910769","-0.24979539","1.9276841","2.355527","-0.1720323","0.5872099","-1.8426738","-0.9983853","0.48273027","0.29039538","0.9421963","0.364483","-0.31431216","0.18065873","0.076393425","0.75757366","1.1049058","0.10625791"
"dysenteric diarrhea","1.0842371","0.16452646","-0.37772733","-0.20847553","0.023257839","0.16515604","0.08229047","-0.18532923","0.035823178","0.14849809","-0.04138267","0.029088857","-0.116628006","-0.17335878","-0.10454452","-0.16703276","0.06975059","0.07320963","-0.04433194","-0.15341976","0.09842343","-0.19524279","-0.1793364","0.0554","-0.026246943","0.07545427","0.1733845","0.006166867","-0.060095165","-0.08316581","0.03053478","0.032870375","0.03148183","-0.1203587","-0.020871297","0.06823471","0.10234951","0.18940878","-0.003991607","0.04513339","0.08601032","0.027007017","-0.08033695","-0.062243544","-0.17235687","-0.041263044","0.031430393","-0.0103400815","-0.19091487","0.17635824","-0.031655837","0.038518913","0.038555294","0.019683782","-0.065873705","0.009530956","-0.17701681","-0.038913585","-0.14458211","0.008303281","-0.08207756","-0.0078075146","0.06368974","-0.08853923"
"dyslipidemia","0.49139678","0.19863288","-0.20565927","-0.26818746","-0.1386254","-0.13567594","0.50194424","0.351812","0.05973867","-0.5216472","0.3278647","0.021221686","-4.787106","-2.498377","0.86097616","-0.86151963","0.061892107","0.10651913","-1.0415084","-0.070675544","-0.3871154","-0.48140416","-0.06491625","-0.1964431","1.1728822","-0.1954894","1.4675134","0.73459274","-0.37397173","-0.25371826","-0.58677685","0.9069601","0.23784865","-0.47871038","1.8268976","-1.0055988","-1.0982703","0.67236793","0.2592325","3.0863748","1.9519563","-0.84013355","-0.35329112","0.99634165","0.67519164","-0.15007862","-1.0880355","-0.8672858","2.0528438","1.2792662","2.295502","1.1411422","0.8271451","0.94223124","0.30605373","-0.74432033","-0.9977033","1.0942631","0.3757373","-2.109459","-1.9434205","-1.2007946","0.1296039","0.041076962"
"early-stage lung cancer","1.0976607","0.27278858","-0.48616153","-0.3071416","0.009508628","0.3932179","-0.047667332","-0.61568826","0.12668727","0.75880253","-0.071536295","-0.20511718","4.8885384","3.166998","-0.8979108","0.36595884","-0.042448696","0.38326994","0.40600896","-0.013671418","0.35522598","0.33957374","0.18604799","0.02983681","0.12064418","-0.31055945","0.009334881","0.2132601","0.051437367","-0.07271757","0.2648411","-0.063318126","-0.06663895","-0.14630628","0.18174557","0.07316531","-0.237331","-0.12751664","0.10566181","0.22353272","0.02575799","-0.20033759","-0.20061693","0.16132437","0.10239443","-0.19118729","-0.09305872","-0.082104646","-0.027616322","0.22924441","0.0765793","-0.015917065","0.41058776","-0.07168843","0.1082682","0.08737544","-0.040514264","0.022940736","-0.05132092","0.021704515","-0.13267227","-0.015328579","0.088112675","0.046929162"
"eczema","-1.281259","-0.23637371","0.0060721533","-0.17032039","0.28402528","0.63582486","0.90919256","-1.7450047","-0.6237455","-0.7622196","-0.99675506","-0.9465782","-0.9036127","1.3097848","0.9749858","-0.7359031","0.07187883","-0.09102438","1.4100033","1.08502","-0.5567881","0.69838184","-1.6950006","-2.8298059","-1.3893851","0.22474533","-1.3461291","-1.0093867","4.6377993","-3.971636","-3.1750717","-1.862801","-1.0545268","0.5436721","1.4707694","-0.35712734","0.7171984","-0.3062727","0.17666584","-0.93471384","-0.2895697","0.9695898","1.6205494","-0.6210818","-0.5385767","-3.5636797","-0.37931424","0.16751495","1.6904619","-2.4371626","0.7731989","-0.3504729","1.9823472","2.4363632","-1.4725399","0.19655177","0.8469259","-0.15620448","2.7572532","0.3799544","1.1955255","1.2696962","0.98363835","-0.18718542"
"end stage renal disease","0.1936627","-4.2744746","-1.556905","2.3560433","-3.5899806","-1.2311497","-2.2323263","-0.078905694","0.9815128","1.2400317","2.2843273","0.079936005","-0.51720226","0.82463264","-0.5305183","-1.7865283","2.1768181","-0.47817373","-1.521844","2.3197265","1.3525088","-0.6386454","0.63997287","-0.038461972","0.43623525","0.88964015","-0.008440779","-0.6830417","-0.3426492","0.28837845","0.4112167","-0.5311762","-0.2580418","-0.41374236","0.26505232","0.23944254","-0.0070932605","-0.735221","0.10660038","-0.41220522","-0.11941732","0.9397599","-0.20049822","-0.097118706","0.35287943","0.4164835","0.5586727","0.04413883","0.11285867","0.2570893","-0.8211115","-0.19949739","-0.20792258","0.12522946","0.5086505","-0.055069506","-0.6048209","0.11823097","-0.6981564","-0.6588527","0.12852432","-0.33427507","0.44436237","-0.16157793"
"endocarditis","1.0875084","0.17409384","-0.40184247","-0.22462642","0.033065584","0.18987396","0.08409227","-0.20677476","0.04619278","0.17360625","-0.0454337","0.024127524","-0.14421658","-0.202739","-0.12634736","-0.1967435","0.07378932","0.08022655","-0.060765035","-0.18493988","0.10874017","-0.25190234","-0.22217782","0.10625722","-0.032819595","0.106612206","0.20175216","-0.006686148","-0.09331455","-0.08638926","0.08104467","0.031481314","0.02214889","-0.11866071","-0.070159815","0.00922205","0.09667344","0.2290642","0.055135272","-0.014294711","0.011842032","-0.01731814","-0.055245467","-0.07318811","-0.22715943","-0.095716916","0.042530894","-0.0149309365","-0.32592347","0.22212613","-0.007938299","0.06448781","0.07396569","-0.04942013","-0.023876278","-0.002848729","-0.20712774","-0.13344103","-0.10924396","0.04295788","-0.03394508","0.044507205","0.06730841","-0.089272894"
"endometrial cancer","0.023887942","0.25968057","0.015435132","0.46485513","-0.31858212","-0.12525354","0.21694909","-0.7384511","-5.055619","4.6906","2.675771","-1.3074968","-0.58766246","-0.17918909","0.76235336","0.4540854","-0.7440855","0.41251153","0.7056455","-1.6971915","-1.2821563","0.09162366","-0.59351665","0.41445693","0.6102794","0.13688083","0.48131037","0.46121716","-0.33641416","-1.2558929","-0.27479756","-0.6201241","0.55288386","0.34201387","-1.081969","0.065247506","-0.1347329","-0.12910359","-0.47000897","0.071369365","0.43230587","0.008724107","-0.5717409","0.4234616","0.5366421","-0.0752417","-0.5368822","0.24210271","0.20635174","0.35731742","-0.041283205","0.5366746","-0.5680201","-0.36480305","0.21809725","-0.29206908","0.23946099","-0.021837912","0.014834521","0.37866616","0.07690481","0.20965506","-0.28016177","0.23119225"
"endotoxemia","0.6904312","-0.11876063","-0.20331287","0.4815745","0.7161837","-0.16456017","-0.55313754","0.9857269","-1.3151927","-1.4404233","-0.2280053","-0.7237723","0.21003504","0.27883458","-0.075305685","0.7151133","0.1664842","-2.6837468","-2.5960867","-1.63755","0.105936505","0.43163618","0.21412697","-0.29319343","-0.86899537","0.31361717","-0.18079056","0.23131388","-0.6892327","0.2659181","1.8732412","0.73712194","0.34000522","-0.23139907","-0.8559097","-0.18990596","-0.61386347","-0.014990564","0.35198206","1.3562155","0.96933407","1.7222757","0.89669496","-0.18016519","-1.2667882","-0.75737715","-1.1325134","-0.37783307","-0.060610365","0.5220739","-0.12524408","1.7658857","-0.28490147","-0.8896076","0.9349993","1.1933956","1.6055202","-0.4293759","0.50988984","-0.279832","0.34590667","-0.2157016","-0.71742743","-0.38239205"
"enteritis","0.5128778","0.25202027","-0.4614887","-0.2915982","0.01500004","0.37518132","-0.03719111","-0.58460873","0.121302165","0.7230895","-0.07287985","-0.1804141","4.593374","2.989096","-0.88268054","0.32572493","-0.023370221","0.38089624","0.4147384","-0.03979527","0.36051947","0.30102098","0.15668058","0.047819387","0.14209564","-0.2999364","0.106372826","0.20609742","-0.0041987523","-0.1277081","0.3241034","-0.03251334","-0.068393834","-0.21513925","0.17186391","0.11663544","-0.22060172","-0.07530482","0.1367177","0.21881829","-0.003299032","-0.2629028","-0.26652044","0.22589135","0.08942362","-0.26483124","-0.15416545","-0.120679975","-0.1920147","0.36712408","0.07281041","0.097199455","0.5331289","-0.10257878","0.051518578","0.090082124","-0.15148231","-0.028056936","-0.21726632","0.06932139","-0.07302593","-0.06652676","0.19536091","-0.055027004"
"esophageal squamous cell carcinoma","0.6792487","0.30534917","-0.49476388","-0.17734192","0.007314341","0.33464992","0.13200048","-0.467388","0.10650129","0.13298784","0.3321057","-0.32338968","-0.18499616","-0.13154125","-0.43010637","-0.002101559","-0.08685942","-0.66818863","-0.11614289","-0.096020155","0.058654796","-0.4249169","-1.9099343","0.11836289","0.66189504","-0.2419265","0.33244416","-0.37842813","-0.6778141","1.9775362","-0.6632872","0.22342968","-0.43493629","-0.01622919","-0.48061624","3.6780288","-2.2349923","1.6151417","1.2434208","0.53817606","-1.7091767","0.9074617","0.42303488","-1.1053898","0.21639007","-0.7822978","0.4148658","-0.9140242","0.26524547","-1.0419401","-0.051355552","-0.19051549","0.73374116","0.5573277","-0.35840064","0.025294714","0.8535371","1.1709993","-0.26515967","-0.7251049","0.16353467","0.910449","-0.2857081","-0.46458623"
"exercise economy impairment","0.68995625","0.19660689","-0.5621198","-1.6973656","-1.5132182","-2.2763116","0.36446628","2.7277389","-2.0945113","-1.2235272","-1.3597074","-1.0216112","0.45864066","0.009200433","-0.5647197","0.85614455","-0.40808344","-3.3446217","-1.8695198","-0.9648829","1.0956088","0.22861162","0.6298775","0.10308603","-1.3976215","0.76531357","-0.27767432","1.090163","-2.1602626","-1.6618645","-0.03490793","-0.052656047","-0.13600312","-0.34023157","-0.1918313","0.60466015","0.2776785","-1.1435534","0.53584856","1.1956359","-0.49058896","-0.05569397","1.104734","-0.81968606","-0.21827842","0.04896589","-1.5849382","0.2161798","-0.06151946","-1.1427087","0.49801758","-1.2847956","-0.29242027","-0.97695994","-1.0446836","0.33088517","-0.32063043","0.00084631814","-0.62151724","-0.040237553","0.031994753","-0.15220705","-0.26700655","-0.32942185"
"exercise-induced fatigue","1.0841886","0.16254766","-0.372621","-0.20863822","0.026749345","0.17208953","0.078078285","-0.18915436","0.042857002","0.15511106","-0.037505347","0.021679869","-0.11907353","-0.170615","-0.109380744","-0.1646807","0.061109453","0.071964234","-0.055835735","-0.14961295","0.092851125","-0.19630325","-0.18578744","0.08118587","-0.027323978","0.07923228","0.1545316","-0.0029816178","-0.06792341","-0.06405448","0.062241115","0.026081646","0.016166378","-0.08728053","-0.05140057","-0.004121532","0.059834488","0.17390063","0.046512526","-0.012987407","0.0066153416","-0.004967878","-0.04490499","-0.05555716","-0.17451085","-0.063291825","0.03026535","-0.01782557","-0.23534933","0.15389837","-0.0078171035","0.03635572","0.04848827","-0.03717764","-0.020522414","-0.0048973607","-0.14141849","-0.078868754","-0.073543094","0.019609507","-0.052987076","0.02961226","0.04279907","-0.058894932"
"experimental autoimmune encephalomyelitis","0.87624484","0.11409137","-0.4406806","-0.1366415","0.076994345","0.1959561","0.36120075","-0.3297127","-0.10157804","0.14624555","-0.10373067","-0.23564455","-0.23448241","0.18247816","0.047157954","-0.8153045","0.28499016","0.48650423","-0.48630965","-0.68271506","0.4137073","-0.31415048","-0.19917196","0.91865003","-0.10138252","0.3110613","-0.20293365","-0.91765636","0.58539355","-1.2395713","0.4912062","0.45095044","0.2609721","0.6062375","-0.67909384","-2.6908855","-0.4488843","-0.30554834","0.4838956","-1.4062285","-2.3272526","0.21078415","2.5780632","0.8288049","-0.81327003","-0.8131769","-1.2125949","-1.2287538","0.10940759","-1.0430633","-0.0142338","-0.21949774","0.6715809","1.0406444","-0.87073207","-0.634396","0.23866737","0.5174215","0.37203833","0.02696257","-0.2001459","0.73097074","0.14294195","-0.43195838"
"familial Mediterranean fever","0.6828909","0.2227054","-0.5876466","-1.1516755","0.54954857","0.49728563","0.20247665","0.4929939","5.122189","-4.4826493","-2.617547","1.8883035","0.54180074","-0.6589942","-0.51405925","0.9116394","-1.5143443","0.04119685","0.7473614","-1.2078816","-0.1067634","-0.28744292","-0.7748457","0.36552823","-1.0964876","-0.6465556","0.13966441","0.64570886","0.5341727","0.07343769","0.2754703","0.55193067","-0.16957122","0.04451814","0.05983009","-0.30550534","0.047143597","0.47508803","-0.1799432","0.2677063","-0.10367229","-0.3005716","0.22813874","-0.15715976","-0.17931904","-0.04981308","-0.109851174","-0.1974529","-0.5184562","-0.17235343","0.118006945","-0.021979434","0.45072418","-0.15475325","0.099387","-0.025334232","-0.10227386","0.032556016","-0.13314503","-0.5265957","-0.33722135","0.15007468","-0.03190814","0.03864621"
"febrile episodes","1.1053098","-1.7133662","1.7958142","0.029758124","-0.03770455","-0.21701255","2.659141","-1.617975","-1.4775652","-1.520246","-0.31650123","0.72335666","0.24095929","-0.24509242","-0.21643038","0.16743504","0.39743653","0.71895725","0.32892564","-0.03950466","0.35822755","-0.37933406","-0.3237207","-0.20669238","-0.45415726","0.31999943","-0.5403796","-0.02586184","-0.089943305","0.3092084","-0.30693588","0.009404544","-0.5665385","0.07985883","0.23280497","0.013045878","-0.36192128","0.14637098","0.16101351","-0.09812794","-0.1661401","0.03776758","0.06431389","0.0934198","-0.16896608","-0.20150757","0.2749678","-0.04454172","-0.3782032","0.22774102","0.34247747","0.030977612","0.17013085","-0.47521174","0.21304837","-0.11765059","-0.29362917","0.01374418","-0.07402978","-0.1293515","-0.12090337","-0.119115725","-0.006385826","-0.19699505"
"fibrosis","0.88841766","-0.58243054","0.18797158","0.18778402","-0.9057011","-0.42807797","-0.5575874","1.3051549","0.9353637","0.002879101","3.6622832","2.6866927","-0.011161301","0.45750087","0.24386778","-0.13601623","0.3869233","-0.05878453","-0.3517326","-0.43414712","0.5446601","-0.3785895","-0.07132908","0.31084174","-0.20389074","0.22088088","-0.14021431","0.45606637","0.28935808","-0.33052978","0.32984635","-0.46672016","-0.053860564","-0.026263101","0.25306526","0.15365352","-0.2482857","-0.21598417","0.12590338","0.07832148","-0.3913195","0.08569999","0.042412344","-0.26773286","-0.1977743","0.09576238","0.33866712","-0.17580476","-0.33483648","-0.17604019","-0.13993207","-0.07361124","0.42276782","0.17527427","0.2564227","-0.19531551","-0.26980975","0.00077346095","0.0052459263","0.11626558","0.011115128","0.2643525","-0.17637336","-0.3709117"
"food allergy","0.18122949","0.07551706","-0.139159","0.154554","0.86470014","-0.98231524","1.027889","0.057326566","0.8608027","0.12167873","0.036537286","-0.6769802","-2.6064906","3.9263551","1.4527799","-1.7185702","-0.8546018","2.5725517","0.6666823","0.44900212","0.19449788","-0.61629826","-0.711706","-2.2824244","0.7201557","0.118665375","1.5587739","0.1688137","1.1214347","-0.043824766","0.9391721","0.8475986","2.614845","1.5389861","1.5501705","-0.4512414","-3.5372074","1.433727","-0.5403937","3.8595316","1.496364","-0.092114314","-1.7625551","3.1533453","-1.1995534","1.6430806","-0.059352174","-1.7956033","0.13176511","1.3842963","-0.85553414","0.8844325","-0.5046465","1.3338878","0.958107","1.39581","0.06697669","1.0167028","1.8887784","-0.77446705","-0.9283323","0.25566912","-0.78258026","-0.57350624"
"functional constipation","-0.10940803","0.20616804","-0.30659834","0.052913934","-0.06176281","-0.03598661","0.06488985","-0.4317057","0.39782757","0.1972289","-0.15675823","0.058166403","-0.09500388","-0.6910065","0.2016438","-0.51787364","-0.53409386","0.4204989","0.20827422","-1.3685006","0.8809153","4.169632","1.8799878","0.58894813","0.021396032","2.5060139","-0.79690915","-0.2299151","0.18336247","0.13827087","-0.38774416","-0.8856471","-0.4377481","0.20720528","-0.010767251","1.1575937","-1.5352935","0.5214187","-0.8096677","0.4651586","-0.8851235","-0.38411477","0.102872334","-0.6427719","1.1262172","0.40233555","-0.17887998","0.97666","-0.7015783","0.43217403","0.47581568","-0.19828488","0.5931774","0.7083233","0.2821653","2.3390763","-1.6307231","-1.3778924","1.8142319","-1.8571273","2.61634","-0.6721826","-0.41556698","-0.1535068"
"fungal Keratitis","-0.35403842","-0.08809162","-0.031033738","0.008118962","0.116725154","0.15459235","-0.32574618","0.43133488","-0.38557985","-0.78853035","0.5617297","-0.054673098","0.3483416","-1.221008","-1.1935334","1.2135013","-0.6394292","-0.56386775","1.5823046","2.896196","-1.0641141","0.54688394","0.6375446","0.5419662","0.7649991","1.0112289","-0.89763737","1.7845473","-1.8394644","1.1653274","1.7160957","0.2249421","-1.9986583","-3.1388187","0.09454096","2.999455","2.1954346","3.8970065","-3.1731877","-0.5728359","5.291997","-1.5025675","-3.6304126","-0.0011809912","0.9262427","-1.5417557","-0.34526533","2.8120902","0.567913","-2.002158","-0.45731837","-0.64668196","-2.288496","0.96924245","1.7601149","-1.1055824","1.6468682","-0.7713972","-0.05751467","-0.50250274","1.0109774","0.18787588","-0.6325149","-1.140779"
"gallbladder cancer","1.0845869","0.16612674","-0.37689158","-0.21295594","0.027752703","0.16843307","0.073796056","-0.19431958","0.053308","0.16707386","-0.042332705","0.016571399","-0.13922304","-0.17673445","-0.0394018","0.07074921","0.12066347","0.10324094","-0.06474031","-0.06274441","0.15269616","-0.14884582","-0.24858946","0.101497956","-0.020607214","0.15171945","0.22052822","-0.07542345","-0.057711508","-0.09889796","0.11482181","0.0433149","-0.0130036","-0.0020379245","-0.13370587","-0.07805403","-0.019645091","-0.02405692","0.27818793","-0.05122106","0.00783999","0.055721514","-0.20571521","0.028980397","-0.13431159","-0.013572598","0.08576062","0.01929592","-0.22470076","0.19751646","0.0003512131","0.0035233602","0.016100256","-0.047279388","-0.045526925","-0.10989105","-0.103457294","0.035334803","-0.074629664","-0.0842795","-0.0070741996","0.030896038","0.08975979","-0.067724586"
"gastric adenocarcinoma","0.031287175","0.04668623","-0.16629148","-0.5818678","0.18416911","-0.4034496","-0.22595239","-0.07154839","0.4567756","0.73863703","-0.27236757","-0.9945185","-0.9064598","0.60958016","2.1295178","4.4889646","1.8784014","1.8154356","-0.8995087","-0.07282457","0.60744745","0.04385113","0.36307722","1.535173","-0.7347695","-0.740294","0.9356109","-0.46678263","0.0055808756","1.0604156","0.24724007","0.29630533","-3.5296662","-2.1660674","1.747583","-0.20087431","-0.9189406","-1.180295","-0.7908203","0.012577708","-1.1146135","0.86391336","-0.31613362","0.09094037","-1.595359","-0.07585621","0.5792064","0.058591764","-1.1490443","-1.3822079","-0.08084439","0.06294249","0.20925984","0.25196654","-0.082080424","-0.3318628","0.15613803","0.49087006","0.08461544","0.07746892","-0.30926362","-0.3316091","-0.29911512","-0.57531655"
"gastric cancer","-1.4191004","-0.06922181","0.014422222","0.42549765","0.41263625","0.6207547","-0.15501046","-0.65017664","0.3376006","-0.020004457","0.3845401","0.05875317","-0.010288886","-0.27779192","-0.28560278","-0.85881245","-0.15097259","-0.586173","0.67199326","-0.40380087","-1.0128163","-0.80624485","2.236495","-0.5301033","0.16646199","-0.87406904","-0.734598","-0.26687282","-0.12534203","0.62523675","-0.647165","0.39497328","1.6862844","-0.3911954","-0.469936","-0.93897456","1.3075888","0.4686215","-0.549855","0.47050697","-2.0135026","0.13145451","-1.7419157","-0.6507905","1.6817778","-0.07301078","0.92681843","1.5803826","-2.2142375","0.81434554","1.7445657","0.16179451","1.3649093","-1.5587773","-1.937304","-0.41313693","2.639411","1.7240809","0.85886097","-3.8610792","0.23163787","1.4013002","1.3806102","-3.831834"
"gastric carcinoma","1.0841886","0.16254766","-0.372621","-0.20863822","0.026749345","0.17208953","0.07807782","-0.18915436","0.042857002","0.15511106","-0.037505932","0.021679869","-0.11907353","-0.170615","-0.109380744","-0.16467997","0.061109453","0.071964994","-0.055835735","-0.14961295","0.092851125","-0.19630325","-0.18578744","0.08118587","-0.02732353","0.07923228","0.1545316","-0.0029806374","-0.06792391","-0.06405448","0.062241115","0.026081646","0.016166378","-0.08728053","-0.05140057","-0.004121532","0.059834488","0.17390002","0.046513133","-0.012987407","0.0066153416","-0.004967878","-0.04490563","-0.05555716","-0.17451085","-0.063291825","0.030264677","-0.01782557","-0.23534864","0.15389837","-0.007816395","0.03635608","0.048487537","-0.037178375","-0.020521663","-0.004898123","-0.14141926","-0.07887032","-0.073542304","0.019609904","-0.052987076","0.02961226","0.042799894","-0.05889411"
"gastric mucosa-associated lymphoid tissue lymphoma","1.0892311","0.23292628","-0.48175398","-0.36651227","0.09992463","-0.14364094","-0.15711404","-0.4332546","0.31287327","0.45121494","-0.34391445","-0.19566028","-0.6006213","0.09246293","1.8888855","4.585836","1.9485618","1.390983","-0.94585925","0.73901993","2.2248828","0.38911438","-1.410929","0.88472235","0.21196271","0.4396778","0.33220986","0.020518124","0.28023338","-0.44553486","0.089844525","-0.00011806238","-0.14857732","0.49827716","-0.1689221","0.2604401","-0.119169116","-0.18421274","-0.23089314","-0.27335674","0.080419496","-0.31990513","-0.16732919","0.012498546","-0.004334055","-0.34813577","-0.29539275","0.037903033","-0.21644804","0.4381769","-0.23763558","0.21178547","-0.049588867","-0.14150225","0.11816835","0.015540721","-0.025899943","-0.00077333575","-0.19108202","-0.3526785","0.008755614","0.14599857","0.21746436","-0.056712028"
"gastric ulcer","1.0892311","0.23292628","-0.48175398","-0.36651227","0.09992463","-0.14364094","-0.15711404","-0.4332546","0.31287327","0.45121494","-0.34391445","-0.19566028","-0.6006213","0.09246293","1.8888855","4.585836","1.9485618","1.390983","-0.94585925","0.73901993","2.2248828","0.38911438","-1.410929","0.88472235","0.21196271","0.4396778","0.33220986","0.020518124","0.28023338","-0.44553486","0.089844525","-0.00011806238","-0.14857732","0.49827716","-0.1689221","0.2604401","-0.119169116","-0.18421274","-0.23089314","-0.27335674","0.080419496","-0.31990513","-0.16732919","0.012498546","-0.004334055","-0.34813577","-0.29539275","0.037903033","-0.21644804","0.4381769","-0.23763558","0.21178547","-0.049588867","-0.14150225","0.11816835","0.015540721","-0.025899943","-0.00077333575","-0.19108202","-0.3526785","0.008755614","0.14599857","0.21746436","-0.056712028"
"gastro-oesophageal reflux disease","0.87088996","0.09225858","-0.2544774","-0.066365026","-0.026225422","0.4601545","0.28805885","0.02095858","-0.2279571","-0.14277661","0.28072226","0.21801355","0.3092328","-0.38544053","-1.9701372","-4.653844","-1.7140311","-1.1833637","0.8273612","-0.9993476","-1.9606717","-0.8068063","1.1182573","-0.69904506","-0.28455207","-0.31268576","-0.050162002","-0.06026998","-0.40725836","0.3545139","-0.008349841","0.01760233","0.16177537","-0.7358001","0.069937274","-0.2630323","0.24448308","0.532611","0.3194709","0.2795207","-0.064861655","0.3524326","0.09186983","-0.15846828","-0.24071486","0.21397536","0.434694","-0.09715094","-0.35380086","-0.21404041","0.2879678","-0.14300576","0.20907012","0.05783695","-0.2764478","0.059318174","-0.10751391","-0.21765174","0.0240805","0.2557448","-0.06453052","0.0009486607","-0.12544398","0.027069205"
"gastroduodenal ulcers","1.0892311","0.23292628","-0.48175398","-0.36651227","0.09992463","-0.14364094","-0.15711404","-0.4332546","0.31287327","0.45121494","-0.34391445","-0.19566028","-0.6006213","0.09246293","1.8888855","4.585836","1.9485618","1.390983","-0.94585925","0.73901993","2.2248828","0.38911438","-1.410929","0.88472235","0.21196271","0.4396778","0.33220986","0.020518124","0.28023338","-0.44553486","0.089844525","-0.00011806238","-0.14857732","0.49827716","-0.1689221","0.2604401","-0.119169116","-0.18421274","-0.23089314","-0.27335674","0.080419496","-0.31990513","-0.16732919","0.012498546","-0.004334055","-0.34813577","-0.29539275","0.037903033","-0.21644804","0.4381769","-0.23763558","0.21178547","-0.049588867","-0.14150225","0.11816835","0.015540721","-0.025899943","-0.00077333575","-0.19108202","-0.3526785","0.008755614","0.14599857","0.21746436","-0.056712028"
"gastrointestinal discomfort","0.8749436","0.17333612","-0.30821404","-0.15007974","-0.033049732","0.12347475","0.02994051","-0.1700985","0.10219698","0.13309994","0.0024662423","0.08652169","-0.048325785","-0.2948236","-0.16828942","-0.20366932","0.15023705","0.07495845","-0.1261674","-0.02968896","0.1520311","-0.22066362","-0.1734055","0.079007044","0.03188112","0.14812352","0.12321543","0.0064987643","-0.1418462","-0.10534571","0.14191888","0.00084601715","0.10420195","0.00022154568","-0.09883724","-0.001315982","0.113231525","0.13737707","0.15239868","-0.17056723","0.114779994","0.19685672","-0.06519256","0.059398025","-0.123678386","-0.036238566","-0.11886959","-0.19655731","-0.092599064","0.23502415","-0.12230632","0.10479223","-0.05200512","-0.084641784","-0.015038778","-0.2082743","0.038506124","0.08337611","-0.18997346","0.28920007","-0.13472629","-0.07376292","-0.018528014","0.004024499"
"gastrointestinal diseases","0.880916","0.15663977","-0.39200515","-0.33319497","-0.059667505","0.26103735","0.11099997","-0.16668394","0.043349344","0.22273248","-0.06289383","0.04900479","-0.07729154","-0.35566944","-0.1594088","-0.13277763","0.142461","-0.06227798","-0.20453382","-0.044683136","-0.08763044","-0.16262615","-0.36128157","0.027035749","-0.41101933","0.33851403","0.451581","-0.24805821","-0.4799434","-0.38609645","-0.1330518","-0.05228368","0.13490136","-0.2896421","-0.3355849","0.35634986","1.2693421","0.041858885","0.7349316","0.7210555","0.7258255","-0.5413962","-0.06723768","-0.6779333","-1.0118073","-0.37475798","0.15320605","-1.2486837","-0.21007006","0.60223","-0.2610259","0.8651119","-0.0373514","-0.38376448","-0.04361073","0.2883654","-0.32735163","0.6868358","-0.39666536","0.8527381","-1.3814335","0.88764936","-0.48436007","-0.38425243"
"gastrointestinal disorders","-0.08549945","1.3163701","2.5456605","2.7787535","-2.9271784","-1.9374477","-1.9693369","0.2600677","2.2721922","-0.15084502","1.1982428","2.038613","2.3779979","-3.402682","-1.69139","-1.4303132","2.7828631","-0.07602344","-2.55322","1.6376369","1.8563898","-0.79384136","-0.19484167","-0.60377306","0.86433166","1.1309525","-0.6974348","-0.14767338","-0.28920546","-0.2149562","0.1056637","-0.84352773","1.7522578","1.0739359","-0.38300216","0.34361136","0.3662512","0.18559815","0.7069045","-0.87708175","-0.23658489","-0.019971464","0.038523447","0.008650919","0.5111475","-0.33506387","-0.5556572","-0.6712463","0.2695052","1.0773365","-0.2537872","0.5317167","-0.09920559","-0.42230266","0.7306988","-0.19610772","0.11392144","0.07766376","-0.01594882","0.381664","-0.2195972","0.066995904","-0.3023999","-0.174533"
"gastrointestinal distress","0.32875347","0.13806674","-0.31495887","-0.18137772","0.016993467","0.14700253","0.0705188","-0.17035893","0.0395743","0.13917083","-0.031397846","0.01997527","-0.10367574","-0.1536476","-0.100788206","-0.15147817","0.056285065","0.06893633","-0.054122496","-0.13847102","0.08837967","-0.18538754","-0.17904373","0.07710038","-0.026525144","0.07628715","0.15083332","-0.002860302","-0.06729193","-0.064164236","0.062464986","0.026297508","0.016502075","-0.08989907","-0.053373843","-0.002625414","0.064842194","0.18198626","0.047994666","-0.012962859","0.007382177","-0.007538384","-0.04783019","-0.058947634","-0.18563387","-0.07095611","0.033764996","-0.017456066","-0.25757825","0.17266889","-0.007716749","0.04372876","0.05634254","-0.039604962","-0.02167847","-0.004005779","-0.1632077","-0.09688479","-0.08383265","0.028042391","-0.045725107","0.034043856","0.051322885","-0.07028797"
"gastrointestinal dysfunction","0.8858513","2.598232","1.5853086","0.07561242","-0.50748044","-0.20957987","-0.58089185","-0.4178748","1.8676124","-2.0648355","-1.1500555","0.8952138","0.080278866","-0.21012811","-0.025646757","0.11052329","-0.526852","0.0783162","0.49038813","-0.66946524","0.23361076","-0.51036674","-0.43227538","0.057927407","-0.620653","-0.16140229","0.035265833","0.2927392","0.10882436","-0.061590694","0.24445407","0.2973938","-0.19029103","-0.14241786","-0.049562898","-0.103964515","0.14023824","0.29750785","-0.06575649","0.0750936","0.098557875","-0.10124864","0.030619679","-0.17748277","-0.48537958","-0.18848532","-0.049454875","-0.12609638","-0.2732502","-0.07472541","0.22234307","0.10152597","0.30558506","-0.043791227","-0.24455933","-0.049796786","0.059637174","-0.082155265","-0.0109844245","-0.03388267","-0.08236902","0.20237744","0.05776648","-0.038211413"
"gastrointestinal helminth infections","0.510329","-0.5654659","0.13633774","0.12750484","-0.7685607","-0.48928317","-0.62812644","1.1750495","0.8342293","-0.017141622","3.6061697","2.7297823","0.021839887","0.32130748","0.11968503","-0.22757252","0.4465799","-0.09822057","-0.33077955","-0.5470662","0.825545","-0.46043736","-0.5001238","0.5569887","-0.57079196","0.48294592","-0.8735829","0.3490594","0.30529106","-0.41275817","0.3624935","-0.8522807","0.20277599","-0.57060033","-0.18716341","0.22339952","0.05663575","0.20157081","0.29507038","-0.34264508","-0.5653613","-0.050698575","0.023245813","-0.3547928","-0.21493661","0.3674564","-0.087589025","-0.50408787","-0.76308984","0.04046866","0.31391814","0.02162731","-0.00016449952","-0.16739295","0.08934363","0.3326199","0.025723334","0.0056636957","0.63729584","0.17109422","0.39243647","0.51630425","0.23800872","0.47830427"
"gastrointestinal infections","0.50958866","0.17637761","-0.13847284","-0.10122557","-0.07349986","0.23601407","-0.16459757","-0.6648714","0.54958814","0.2966998","-0.3490463","0.08346453","-0.6008159","-0.42904687","0.3843459","-0.97584355","-1.1495007","0.89246976","0.2542786","-2.3222191","1.500658","8.177245","3.400449","1.4714442","0.24513716","5.255159","-1.1454027","-0.8864737","0.046459008","1.0850646","-1.2845724","-1.3202138","0.5837846","-0.00760601","0.26009429","1.0499669","-1.5825882","0.28254136","-0.8735641","0.5513458","-0.15280174","0.05983883","-0.19039424","-0.08177562","-0.7274483","-0.26067328","0.7484683","-1.1338298","-0.0014792351","0.2383381","-0.5344741","-0.425923","0.70529217","-0.70022523","0.22834732","-1.8283308","0.8627226","0.36216974","-1.035937","-0.2509416","-1.7644523","0.5940978","0.90260565","0.06773088"
"gastrointestinal symptoms","0.87413865","0.15865365","-0.3557318","-0.21384522","0.0035881866","0.1694486","0.07906106","-0.20546493","0.067699894","0.18343237","-0.011344226","0.058813617","-0.12302819","-0.16231331","-0.10953744","-0.22408812","0.050791033","0.23326816","-0.078517474","-0.14590491","0.15198565","-0.23280884","-0.106502935","0.24983738","-0.07907052","0.06975334","0.05838814","0.21683063","-0.079594105","-0.03908803","0.046873637","0.041999552","0.043423824","-0.1497283","0.015123485","0.14037672","0.0039739213","0.040528722","0.11402229","-0.14992699","0.10973028","0.26288027","-0.27480587","-0.036665525","-0.067950115","-0.14121315","-0.024849797","0.09360661","-0.05605192","0.3278389","-0.1898","0.2535129","0.21767253","-0.17017843","-0.39258268","-0.1279161","-0.16314857","0.02939517","0.076591335","0.015228274","-0.15304467","0.122417755","0.004817751","-0.2022137"
"gastrointestinal tract infections","1.0852945","0.16618392","-0.3817968","-0.21362664","0.02871107","0.17758964","0.07992725","-0.1945286","0.043871343","0.16068941","-0.03988322","0.022410216","-0.1265215","-0.18006009","-0.11435782","-0.1739911","0.06477779","0.07435107","-0.057255037","-0.15974814","0.0973879","-0.2119612","-0.196016","0.08820385","-0.028857147","0.08681207","0.16752207","-0.0039864318","-0.07481486","-0.070074454","0.06729996","0.027520323","0.017753452","-0.09551783","-0.056296803","-0.0006447145","0.06932195","0.18803984","0.04869152","-0.013349505","0.007955937","-0.008036585","-0.047352802","-0.060003422","-0.18759793","-0.07120816","0.033160493","-0.017072784","-0.25743437","0.17009957","-0.0078280885","0.043136176","0.05437123","-0.040301736","-0.021176469","-0.00447772","-0.15623112","-0.09128369","-0.08204879","0.02480621","-0.048900034","0.033184364","0.048246887","-0.06557895"
"gestational diabetes mellitus","-0.36921197","0.61088777","-0.35527718","-1.0219704","-0.7244865","1.0346645","0.060929034","-0.8695949","-0.29682627","1.8608303","0.42199734","1.4989974","1.3677852","-3.778587","-0.30824476","1.2227005","-1.1230352","1.7904792","2.4285333","-1.8513498","-1.6679939","-0.22038725","-1.036063","1.9126616","0.7367283","-0.8453861","-0.028987648","0.7256492","0.42278978","-0.121586286","-1.6949384","-2.256837","-2.3220403","0.32345614","1.0082855","-1.6054828","1.841383","-0.08579268","-0.5120741","-1.924056","-2.3543801","-0.31817544","0.9358998","0.9043661","2.1966414","-1.3810751","3.202338","0.56991076","4.0258403","0.85587627","0.29746887","2.106679","0.92232364","0.55324936","1.9726336","2.7185838","0.8414314","0.2656964","-0.55096513","-0.47066456","-1.2467364","-0.34118047","0.751871","0.107451744"
"gingival squamous cell carcinoma","1.0888371","0.1560405","-0.42367563","-0.26333845","0.08115889","0.18313935","0.033040255","-0.16258472","-0.11158295","0.20098993","0.18893296","0.019857507","-0.020798968","0.044341214","-0.13976035","-0.2698776","0.35633752","-0.03730568","-0.06363337","-0.34306037","0.1437783","-0.24553296","-0.3246659","0.22194815","-0.027301531","0.2319248","0.07941336","-0.035734307","-0.1736916","0.006834187","0.13997221","-0.24154772","-0.31896254","0.0334804","0.67468286","-0.1005914","0.7457164","0.40243787","-0.42881998","-0.16474445","-0.27715826","-0.051741537","-0.46291438","-0.9605025","0.06923812","0.5948186","-0.010659562","-0.6152774","-0.53822935","-0.011802799","-0.058458537","0.5446909","-1.1933417","-0.11627182","-0.74830216","-1.4566722","1.2689106","0.19423212","0.94399816","-1.1968564","-0.71676475","0.1995762","-1.396545","0.33505493"
"glucose metabolism disorder","0.3376376","0.3404732","-0.64691544","-1.4856337","-1.3707303","-1.776195","0.49182618","1.5264697","-1.3869694","-0.8151272","-1.0080059","-0.049631372","0.09130332","0.15166964","-0.19988534","0.09343585","0.34986484","1.9646981","-2.0770926","0.32032952","-2.4930403","0.81305826","0.44954515","-0.2524902","-0.70534736","0.5810957","0.5792557","0.774323","1.6714764","0.5490876","1.9318984","-0.53000104","0.14762346","-0.6443848","-1.5689231","1.4707836","2.6320667","-1.3452213","2.0797188","0.5705157","0.8105239","-0.55413276","1.1277685","-3.1365483","-2.0594053","-1.05254","0.45259792","-2.5344217","0.69585717","-0.37475833","-0.14522415","1.8123356","0.25275913","-0.08467721","0.34867665","1.740874","0.9674496","0.51872027","-0.5557959","-0.00877374","-0.83109504","0.48588216","-1.1815566","-0.63013446"
"gut dysbiosis","0.5041887","0.26293084","-0.25792816","-0.12864728","0.12545949","0.23922795","-0.0014519818","-0.17876765","0.05540204","0.2618817","-0.0018513469","-0.17143385","-0.14233103","-0.60888726","-0.44641867","0.13740112","-0.5378118","0.053157978","0.4240431","1.2571783","-0.10641984","-0.37954086","0.6020207","1.2264704","-0.019774847","0.6524307","0.3911967","0.56242555","-1.0276108","0.12057993","1.5911957","1.6004313","-0.25656646","0.9971724","-2.339573","-1.0205978","-1.6958215","-2.237478","2.3518362","2.0744195","-1.3258163","-1.6156796","-0.39149848","-0.12599725","-0.26760903","-0.11256256","2.805738","1.2780851","-0.13510594","0.18305382","-0.20503424","-0.37830466","0.1789802","-0.04270228","0.859945","-0.67004824","-0.32264203","-0.46568367","0.89944136","-0.31503123","-0.24752483","0.21255073","0.3729284","-0.1326416"
"gut microbiota dysbiosis","0.6764926","-1.8937593","-2.3368452","-1.3540815","1.0205733","0.8159217","0.7624403","0.74361205","3.530954","-2.568767","-1.6952318","1.4042531","0.29734796","-0.5957026","-0.68140733","0.6357219","-0.9149522","-0.0068531143","0.29290676","-0.7632629","-0.20678566","-0.04336241","-0.5337674","0.5360783","-0.52105296","-0.5162325","0.2643331","0.38741854","0.31737924","-0.049602278","0.22143629","0.00935346","-0.27201447","0.2382958","-0.23756963","-0.2241027","-0.037876252","0.25430652","-0.11028757","0.122111715","-0.15942883","-0.018786816","0.16672368","-0.06283016","0.12097148","0.19640203","-0.18248953","-0.077768184","-0.56111926","-0.12947059","0.07735361","-0.104252666","0.094341","-0.2162732","0.24725284","-0.25160432","-0.3102175","0.38651723","-0.34881637","0.03191019","-0.11489629","-0.03341604","-0.19034265","-0.031806767"
"gut-related conditions","-0.48394212","0.016645867","-0.3297126","-0.19285178","0.0920579","0.029056007","0.019802237","-0.3315401","-0.10234304","0.0680747","-0.30031818","-0.06965468","-0.075317614","0.38423333","0.14729512","-1.5541966","0.9138309","1.0590831","-1.1664128","-1.8252568","1.5516292","-0.86281776","-0.34980476","0.85051024","0.15297116","-1.3140886","-1.2469144","1.9590623","0.19272552","0.11337235","-1.150737","-0.42600635","0.42476097","-1.0908241","1.5261962","2.0820434","1.5243597","3.789344","-5.232477","0.24947768","0.18747601","-1.7328598","2.899909","-1.5743724","-0.75255924","-1.5731912","-1.601134","-0.51968974","-0.61927557","0.13503383","-0.5702556","1.0548595","0.4693938","-0.17380649","0.59071815","1.716812","-0.6829898","-1.662055","-0.45800936","0.8055268","-0.51376426","0.29100916","-0.32746148","0.016140446"
"harmful enzyme production","0.6864731","0.12983464","-0.26837257","0.0577563","0.03376191","0.15543407","-0.03253255","-0.42524722","0.28272635","0.2923066","-0.18725894","-0.040506046","-0.26086086","-0.48541838","-0.07815244","-0.49734238","-0.1636838","0.32416797","0.22220011","-0.9906703","0.659649","2.9948378","1.0781901","0.8023144","0.52769756","1.7013378","-0.15887468","-0.49013168","0.15304545","0.40474153","-0.63922614","-0.64171076","-0.27652386","0.17076005","0.33695891","0.9504073","-0.354441","0.4303731","-0.3190613","0.57127416","0.2001609","-0.3840361","0.45189","-0.3864284","-0.31505784","-0.38158476","-0.0054611233","-0.76306486","0.1508887","0.15424635","-0.5430687","-0.7468304","0.2907824","-0.2405459","-0.39725754","0.3508644","-0.28556216","0.2249397","0.2555874","0.39371666","0.562288","-0.4215289","-0.52413416","0.53681636"
"head and neck squamous cell carcinoma","0.02115594","0.28295055","-1.3160499","-0.9163156","-0.9755248","1.8626171","-0.6945977","-1.6620086","-1.2935903","-2.1733046","0.42555246","1.3114586","-0.35771853","0.7924523","0.94842654","-0.14804642","0.060961317","-1.0159084","0.89026505","0.6703675","1.2000299","-1.227701","1.5468432","-1.4173371","2.2467444","0.66564894","-3.094953","-0.4954229","1.9670813","-2.348263","-1.4444603","1.0262674","5.250217","1.4734987","-2.9020047","1.1042703","1.1326302","0.43980488","0.71432817","0.64537007","1.7325643","-0.56457025","0.56196696","-0.93158203","2.342451","-1.7642051","-0.64039665","-0.9666874","1.77125","-0.8644115","-0.15123895","-0.18595114","-1.8868006","0.15370746","-0.06710687","-0.39583322","-0.16361745","-1.2395175","-0.8457575","-0.1505593","-1.0671235","0.10744411","-0.11358923","0.32660073"
"head and neck squamous cell carcinomas","0.8756542","0.08824657","-0.33782104","-0.25280625","-0.029969916","0.44036004","-0.15441635","-0.41552034","0.07079201","0.09333665","-0.06865129","0.12448056","0.021398623","-0.4681414","0.126168","0.025153076","0.34002176","-0.028051509","0.18090443","-0.38670662","0.09355309","-0.54840744","0.58050776","-0.16444127","0.23270743","-0.29107773","-0.022642337","-0.46920824","0.0141089475","-0.8555372","0.3253209","-0.99296546","1.3096237","-0.9711695","-0.047124807","-0.42644158","-2.0030816","1.2217834","1.0867988","1.7131323","0.08293405","1.9264106","1.0114542","-1.5167084","-2.26255","-0.097042195","-1.1450819","2.5881014","0.19530392","0.6186625","-1.265602","0.28995028","-1.2761005","-1.0102403","1.4478081","0.73702854","1.3090073","0.21601215","0.22342148","0.06525074","-0.17892504","-0.47427994","-0.012482009","-0.19206154"
"heavy metal exposure","0.033569496","4.021617","2.0019648","-0.74419165","0.049013875","-0.19732288","0.9599592","-0.75714153","0.46106353","-1.6356127","2.2403712","-0.83013093","0.13722423","0.10105319","0.9695627","-0.6922434","0.70163316","-0.060171302","-0.96121174","-0.3708302","0.35536298","0.14463055","0.5912536","-0.7562666","0.6423104","-0.10242648","1.518806","1.0850942","-0.8610474","-0.20804918","-1.297474","0.42003852","-0.5009399","0.85218227","-0.29054368","-0.89625055","1.2418958","0.7151482","-0.5537995","-1.4881357","-0.066997774","0.07510418","0.15034625","-0.53612745","-0.41912323","-0.5327209","-0.6361812","1.6107727","0.8879661","-0.27911833","-1.4865414","0.95865786","0.35181797","0.74870306","-0.8237074","0.58648705","-0.050598938","0.4091784","0.9301328","1.1293808","0.4032148","-2.462625","0.10688266","0.32335272"
"hepatic diseases","0.35022128","0.0044945646","0.7078278","2.0866969","-1.6648127","-1.0425206","-2.071954","-0.100561105","-2.2922359","-0.15690863","0.49446324","-2.2240927","-0.56006247","0.02261906","-1.0859101","-0.6561033","-0.44720095","0.3546323","0.9051593","0.97231543","0.9566028","0.59386283","-0.120144196","3.5778499","0.27731785","-3.4823992","1.5655336","-1.5590948","1.5306774","-0.12554476","-2.012543","-2.8688478","0.17222206","1.5316578","-1.7621377","-0.31831327","-0.58692145","0.45648593","-0.8501136","0.48895428","0.6826935","0.38648129","-0.98363394","0.17345347","0.7513132","0.55807805","0.13765761","-0.6296052","-0.76147676","0.7523733","0.18946323","-0.011893241","-0.021330656","0.43752483","-0.18392083","0.11705167","0.29618","-0.37660232","-0.013589226","0.05542099","-1.0592774","-0.4770406","-0.2909504","-0.16543414"
"hepatic lipid metabolism disorder","0.5162765","4.616709","3.4668407","1.0292441","-1.2612004","-0.75488645","-0.9025609","-1.2185266","-2.6383338","1.4871694","1.1445414","0.02566097","-0.2709698","-0.18348035","0.9662194","0.8267621","-1.6250764","0.4144883","1.6541793","-2.4415257","-0.9862655","-0.567248","-0.97483444","0.31115925","-0.24763371","-0.19648303","0.30560687","0.880297","-0.08133418","-1.1409588","0.043494254","-0.016829662","0.15491506","0.29448643","-0.72885525","-0.1855493","0.13681169","0.15216506","-0.31830767","0.14598642","0.62675416","-0.166825","-0.24690205","0.12752657","-0.35869038","-0.3927216","-0.41833383","-0.13566673","-0.082826234","0.057520386","0.21919015","0.22278588","-0.18429795","0.018466994","-0.30712375","-0.47492734","0.3354131","-0.15657447","0.18065725","0.25156978","-0.15234862","0.14075561","0.002066453","0.1878735"
"hepatic steatosis","1.0857874","0.1541754","-0.3899962","-0.2009779","0.12536168","0.18841125","0.069141954","-0.10457125","0.009603255","0.16237815","0.072816014","-0.041668277","-0.21580674","-0.060832113","-0.076036416","-0.09822409","0.2010725","-0.13005881","0.27549332","-0.19958512","0.14583649","-0.48867306","0.035918515","-0.21931286","-0.10126001","0.16933483","0.21121877","-0.08909911","0.021820033","0.53898746","-0.13174842","-0.22175312","-0.051677298","0.9871193","0.107556164","1.1977875","-0.18312025","0.25474975","0.11644569","0.09834772","0.13583487","0.04330775","-0.44669268","0.24312176","-1.2700909","-0.5673475","-0.14326821","0.014109949","0.85595113","-0.28993714","-0.16963091","0.103158355","0.46677315","-0.2209985","0.22341347","-0.30841747","-0.34665734","-1.311258","-0.48662034","0.38280788","-0.32254782","-0.86693645","0.10011479","-0.43361866"
"hepatic toxicity","0.87844175","-2.0676534","-1.5752052","0.4903242","-1.2335263","-0.111104816","-0.6875319","-0.4661666","2.5010076","-1.2090797","-1.6450098","-0.06609505","0.07912846","-0.34487402","-0.3175424","0.39752424","-1.0387045","0.066801116","0.33124357","-0.92630965","-0.40818492","-0.56290734","-0.6281042","0.514546","-0.17851038","0.027635906","0.35215145","0.5294566","0.16870947","-0.15159212","0.19745523","0.22515392","-0.103329696","0.09031402","-0.06658268","-0.13274105","0.10953156","0.2768438","-0.14886212","0.29059827","0.078911796","-0.05118024","0.1333625","-0.04757454","-0.11514093","0.04338019","0.047698714","-0.16033581","-0.13762118","0.055864345","0.03995873","0.08234678","0.1317786","0.07472566","0.03438267","0.012367424","-0.19302835","0.08509427","-0.015374331","-0.30554748","-0.28133973","-0.08441463","0.07885695","-0.17144579"
"hepatitis B cirrhosis treated with liver transplant","0.8774549","0.16185665","-0.37438366","-0.21753109","0.032628927","0.18202783","0.08237013","-0.20186366","0.04951319","0.16412695","-0.0476291","0.02413479","-0.14076853","-0.20308068","-0.12124229","-0.19919693","0.056449752","0.08016884","-0.05889833","-0.21521316","0.12916851","-0.05795163","-0.15553024","0.17200314","-4.966325e-05","0.15980212","0.18462607","-0.05043441","-0.081654444","-0.05746796","0.0070765726","0.016260559","0.04552459","-0.085382685","-0.010874764","0.06459329","0.09524692","0.28355584","0.061121225","0.011159996","0.07948574","-0.10616132","-0.03293872","-0.15176491","-0.2908599","-0.23901777","0.118543774","-0.17845024","-0.22070657","0.20767017","-0.16664308","-0.035308555","0.06886066","-0.0845027","-0.1493208","0.123336576","-0.15107009","-0.02298794","-0.17499791","0.1071891","0.086433396","0.02068793","-0.053027105","0.11526766"
"hepatitis B virus-related decompensated cirrhosis","0.8774549","0.16185665","-0.37438366","-0.21753109","0.032628927","0.18202783","0.08237013","-0.20186366","0.04951319","0.16412695","-0.0476291","0.02413479","-0.14076853","-0.20308068","-0.12124229","-0.19919693","0.056449752","0.08016884","-0.05889833","-0.21521316","0.12916851","-0.05795163","-0.15553024","0.17200314","-4.966325e-05","0.15980212","0.18462607","-0.05043441","-0.081654444","-0.05746796","0.0070765726","0.016260559","0.04552459","-0.085382685","-0.010874764","0.06459329","0.09524692","0.28355584","0.061121225","0.011159996","0.07948574","-0.10616132","-0.03293872","-0.15176491","-0.2908599","-0.23901777","0.118543774","-0.17845024","-0.22070657","0.20767017","-0.16664308","-0.035308555","0.06886066","-0.0845027","-0.1493208","0.123336576","-0.15107009","-0.02298794","-0.17499791","0.1071891","0.086433396","0.02068793","-0.053027105","0.11526766"
"hepatocellular carcinoma","0.3276201","0.26594785","-0.42835402","-0.7327373","-0.038699258","-0.127476","0.54301023","0.28479642","-1.0420244","1.155012","0.38818598","0.5877363","0.12872316","-1.0691243","0.29983696","1.7365187","-2.3727505","0.1211398","2.8117046","-3.549453","0.02657357","-0.6359865","-0.35300732","-0.122806825","0.6759178","-1.07205","0.62362593","1.2545146","0.051815562","1.2275537","0.04626467","0.93332535","0.8610208","0.60770863","-0.6481457","-1.1796477","-1.1238037","-0.8214365","-1.1738094","-1.4271381","1.3839513","-1.351638","-0.2315271","-0.92964196","-1.8786792","-0.10233477","-0.45398864","-1.4807764","-0.29730594","0.37253815","0.9993681","0.25368738","-0.09414605","0.4054578","0.6034993","0.0750124","0.68544936","-0.4433504","0.54702663","0.049974006","-0.16169475","0.50606394","-0.3305935","0.090749085"
"high-grade squamous intraepithelial lesion","0.49922097","0.14534916","-0.33974963","-0.21826829","0.0580937","0.08285108","0.045028664","-0.26005724","0.05918317","0.1763931","-0.034663085","0.045823365","-0.12316108","-0.16883986","-0.08988995","-0.21596232","0.02336818","-0.07669877","-0.09776574","-0.14302798","0.094034925","-0.119802244","-0.17730351","0.24370858","-0.062090553","0.06406907","0.2886935","-0.124542855","0.18844841","-0.18831733","0.4372138","0.05653874","0.12213135","0.15379769","-0.1496626","-0.09326737","-0.2789956","0.33983925","-0.40336317","-0.3730044","0.15393972","0.0558927","-0.16352268","-0.36439455","-0.0043611554","0.018592946","0.44532293","0.82512295","0.111952364","-1.0470488","1.1129651","1.494198","-0.48287115","-1.1155033","0.4827658","-0.015859192","-1.0510691","1.207549","-0.09184327","-0.035034038","0.5578761","0.41426829","-0.6167042","0.52028847"
"human papilloma virus infection","0.87485254","0.17724724","-0.39261588","-0.1888405","-0.0024335997","0.1722967","0.10517931","-0.21835989","0.037465956","0.087758854","0.042734947","-0.035255197","-0.060980346","-0.25747937","-0.09975678","-0.1552075","0.096059345","0.095816635","-0.043162536","-0.17135082","0.11442017","-0.21944799","-0.14545073","0.059948385","-0.11809608","0.14589022","0.13244931","0.0046908846","-0.05987904","-0.03847697","0.08592515","-0.061961215","-0.020849615","-0.092887916","-0.0968415","0.012556809","-0.050840627","0.13495617","-0.07064757","-0.07615052","-0.10072523","-0.04778373","-0.10644001","-0.102222115","-0.08811694","0.049764786","0.039487947","0.16215177","-0.3168736","0.2055509","0.0614524","-0.044296578","0.1912193","0.006105879","-0.008295512","0.21979274","-0.26419333","-0.13557331","-0.075910375","-0.16209152","0.007659266","-0.17849402","-0.11449617","-0.050258283"
"hyperemesis, dyspepsia, gastric discomfort","1.0892311","0.23292628","-0.48175398","-0.36651227","0.09992463","-0.14364094","-0.15711404","-0.4332546","0.31287327","0.45121494","-0.34391445","-0.19566028","-0.6006213","0.09246293","1.8888855","4.585836","1.9485618","1.390983","-0.94585925","0.73901993","2.2248828","0.38911438","-1.410929","0.88472235","0.21196271","0.4396778","0.33220986","0.020518124","0.28023338","-0.44553486","0.089844525","-0.00011806238","-0.14857732","0.49827716","-0.1689221","0.2604401","-0.119169116","-0.18421274","-0.23089314","-0.27335674","0.080419496","-0.31990513","-0.16732919","0.012498546","-0.004334055","-0.34813577","-0.29539275","0.037903033","-0.21644804","0.4381769","-0.23763558","0.21178547","-0.049588867","-0.14150225","0.11816835","0.015540721","-0.025899943","-0.00077333575","-0.19108202","-0.3526785","0.008755614","0.14599857","0.21746436","-0.056712028"
"hyperglycemia","0.18256608","4.163108","2.422583","-0.3227612","0.4349627","-0.07169256","0.13795361","-0.3042338","-0.70523405","-0.7036504","0.11378019","0.81502384","-0.25754958","0.27580342","0.36985376","-0.6003035","0.50803196","0.48834595","0.41570672","0.024000013","0.66024894","-0.54588276","0.30459166","-0.78697443","-0.50194275","-0.30412713","0.72423214","-0.13163029","0.0937778","-0.3207259","0.17927606","0.5162549","0.14380035","0.26110035","1.9002539","-0.36751008","-0.30681905","-1.153327","-1.7747238","1.4804305","0.5167274","0.4964066","0.113928385","0.47238857","-0.72558624","2.2401862","0.7717626","-1.1742486","0.91027373","0.12171546","-4.4618063","-0.49952188","-0.82047844","0.23478512","0.80776155","0.61266047","-1.4284521","0.581125","-0.6239321","-1.8144382","0.6406715","1.853842","-0.9223541","-2.0835962"
"hypertension","-0.11025937","-0.10339077","-0.4979891","-0.5624056","1.4864985","-1.6645126","-1.5331889","-1.4012562","-0.8127297","-1.0485715","0.6063542","0.39924997","0.578806","-0.6595787","0.13623604","-0.07922644","-0.48819977","-0.41795677","-1.3456937","0.24716274","-0.41722596","0.41202372","-0.55912644","-0.15731841","-0.21232536","0.43804905","0.48895952","-0.16752405","1.5566379","-0.12638935","-0.8885251","1.0919231","-1.5563676","-3.680551","-2.0644326","-0.6326678","0.5183386","0.18382607","1.2987603","-0.24667425","0.40754882","-0.4864945","0.447954","-0.5773473","-2.2233472","0.65768296","-0.060788017","-2.7904835","1.7936028","-0.11555779","-0.9466956","1.5328172","1.7023249","0.43531385","2.8652358","1.3930664","0.6241087","-0.68784326","2.044126","-1.3941655","0.3987526","-0.27848995","-1.3761661","0.38283235"
"hyperthyroidism","0.7156537","-2.8410654","3.9998705","-1.6676573","0.37693","0.69651407","1.1034881","-0.2903998","-0.42118847","-0.81203973","-0.44869947","-1.3971786","0.757946","-0.72600824","1.8736405","-0.71038115","0.044210266","-0.31395042","0.7391744","0.22543673","0.13328765","-0.4441095","-0.67970943","-0.6607859","2.0034392","0.37922457","-1.6585838","-0.52828544","1.3858709","-1.5046471","0.46167928","-0.3945726","-1.6684722","1.6082243","1.1872867","1.000411","0.11415095","-0.27856627","0.20150402","-0.18063222","-0.50343925","-0.7267032","0.07951554","-0.9938271","-0.57965237","0.8758387","0.6223121","-0.5288518","-0.051106773","0.8282599","0.7786648","-0.09098663","0.24164808","-0.3111045","0.21487771","0.23180693","0.039714143","-0.36201656","0.0865472","-0.020927032","-0.10599936","0.32338563","0.050860893","0.16591012"
"immune suppression","1.0885501","0.16499393","-0.3943371","-0.19121182","0.06115506","0.23072115","0.045214366","-0.16228844","0.0808189","0.20574124","0.09887005","0.15565714","-0.13087155","-0.23897031","-0.0027577553","-0.1068407","-0.1694633","0.010181773","0.03109953","-0.12861796","0.03790657","-0.27844808","-0.15623674","0.19129248","0.16135083","0.064116515","0.17500733","-0.030040648","0.03426372","-0.494467","0.56249076","-0.06954516","-0.3049086","-0.08938688","-0.093674704","0.18395974","0.00031952758","-0.2532024","0.6359791","-0.12686208","-0.12293443","0.4806273","-0.3628225","0.5337673","0.031997383","0.36728325","-0.16434789","-0.5520342","-0.27728727","0.77382284","-0.2790439","-0.025134161","-0.02766373","-0.33725023","-1.17704","-1.3141809","0.3348433","1.093115","-0.571457","0.35974494","0.57613707","-0.40579867","0.24512678","-0.21189849"
"immune system diseases","1.0841886","0.16254734","-0.37262028","-0.20863822","0.026749345","0.17208953","0.078078285","-0.18915536","0.042857002","0.15511106","-0.037505347","0.021679869","-0.11907353","-0.17061466","-0.109380744","-0.16467997","0.061109453","0.071964614","-0.055835735","-0.14961295","0.092851125","-0.19630325","-0.18578658","0.08118587","-0.027323978","0.07923228","0.1545316","-0.0029816178","-0.06792391","-0.06405448","0.062241115","0.026082179","0.01616748","-0.08728053","-0.05140085","-0.004121532","0.059834488","0.17390002","0.046512526","-0.012988022","0.006615655","-0.004967878","-0.04490531","-0.05555716","-0.1745102","-0.063291825","0.030264007","-0.01782488","-0.23534933","0.15389977","-0.0078171035","0.0363559","0.048487537","-0.03717801","-0.020521663","-0.0048973607","-0.14141849","-0.078868754","-0.073542304","0.019609904","-0.052986268","0.029612668","0.042799894","-0.058894932"
"immunological diseases","1.0841886","0.16254734","-0.372621","-0.20863822","0.026749345","0.17208953","0.078078285","-0.18915536","0.042857002","0.15511106","-0.037505347","0.021679869","-0.11907353","-0.17061466","-0.109380744","-0.16467997","0.061109453","0.071964614","-0.055835735","-0.14961295","0.09285072","-0.19630325","-0.18578658","0.08118587","-0.027323978","0.07923228","0.1545316","-0.0029816178","-0.06792391","-0.06405448","0.062241115","0.026081646","0.01616748","-0.08728053","-0.05140085","-0.004121532","0.059834488","0.17390002","0.046512526","-0.012988022","0.006615655","-0.004967878","-0.04490499","-0.055556513","-0.1745102","-0.063291825","0.030264677","-0.01782557","-0.23534933","0.15389977","-0.0078171035","0.0363559","0.048487537","-0.03717764","-0.020521663","-0.0048973607","-0.14141849","-0.078868754","-0.073542304","0.019609109","-0.052986268","0.029612668","0.042799894","-0.058894932"
"immunosenescence","1.1053098","-1.7133662","1.7958142","0.029758124","-0.03770455","-0.21701255","2.659141","-1.617975","-1.4775652","-1.520246","-0.31650123","0.72335666","0.24095929","-0.24509242","-0.21643038","0.16743504","0.39743653","0.71895725","0.32892564","-0.03950466","0.35822755","-0.37933406","-0.3237207","-0.20669238","-0.45415726","0.31999943","-0.5403796","-0.02586184","-0.089943305","0.3092084","-0.30693588","0.009404544","-0.5665385","0.07985883","0.23280497","0.013045878","-0.36192128","0.14637098","0.16101351","-0.09812794","-0.1661401","0.03776758","0.06431389","0.0934198","-0.16896608","-0.20150757","0.2749678","-0.04454172","-0.3782032","0.22774102","0.34247747","0.030977612","0.17013085","-0.47521174","0.21304837","-0.11765059","-0.29362917","0.01374418","-0.07402978","-0.1293515","-0.12090337","-0.119115725","-0.006385826","-0.19699505"
"impaired lipid and glucose metabolism","0.87594396","0.4872543","-0.20055129","-0.6054756","-0.17950258","0.2925173","0.54417944","-1.002784","0.61472106","0.5513869","0.5413886","-0.3536152","-0.90231127","0.2684226","-1.8948827","0.84769887","-0.95065945","-0.905809","-1.3630927","0.010583451","-0.5037536","-0.53076977","-0.5049064","0.8968209","1.6792841","0.33444273","-2.2092588","0.4025296","1.3118546","1.5101464","-0.029534217","-0.7531292","-0.9224244","0.036956612","0.35870415","-0.67301077","-0.45113394","-0.8418692","0.16352205","0.69954693","0.40238267","0.25767356","0.7040779","-0.003104643","1.1334101","-0.018737568","-1.1195481","-0.4414809","-0.6485641","0.34456992","-0.77364105","-0.6334202","-0.6072552","-0.28344625","0.35021603","0.2980785","-0.6399746","0.12972867","0.059192184","-0.13812466","0.340433","-0.17133978","0.10962537","-0.32708272"
"infant botulism","0.5004595","0.09245425","-0.3912662","-0.16698752","0.0803267","0.15553787","0.053126104","-0.062158816","0.08510127","-0.0030874505","-0.13123807","0.2385965","-0.11288354","-0.14844006","-0.20795843","0.03204259","0.0512665","-0.24706636","0.028903872","-0.16848405","-0.028603585","-0.048806902","-0.28453785","-0.073755376","0.010124206","0.016089797","0.31038707","-0.38509262","-0.116960905","-0.13578042","0.14741664","-0.26497725","-0.23171607","0.10251632","-0.5168268","-0.2575732","0.008469886","0.2867883","-0.028813628","0.006627009","-0.020958537","-0.010889943","0.25879747","-0.003350763","-0.15842906","0.17223643","-0.06745969","-0.20752521","-0.6271042","-0.32811415","0.5156975","-0.308361","-0.37103355","0.026982134","0.56335706","-0.16487716","-0.21753266","0.18787603","-0.3367627","0.48153356","0.2486235","-0.07019774","0.025252292","0.10491251"
"infant colic","0.6896647","0.14917742","-0.26303065","-0.1147331","-0.30265397","0.002502911","0.13401273","0.15393355","0.123426214","0.087153055","0.40094233","0.118319355","-0.063594714","-0.18798004","-0.39303234","1.4178758","-0.14901105","-1.547182","1.1601082","1.2168238","-2.115215","0.97799975","-0.97762936","-2.2863357","-0.250451","1.2465338","1.592566","-3.2053487","0.47226077","0.43573216","-0.64948195","-0.63693494","0.37352353","-0.15484652","0.13295738","-1.3626547","0.06639619","0.16622017","0.40001684","-0.07512396","-0.2611215","-0.35690784","0.056440514","0.19152871","-0.3225973","-0.28699112","0.0043297093","0.005345383","-0.5527321","0.08607095","0.42395785","0.27622068","-0.28124505","0.29582873","-0.5662173","0.109364495","-0.29356954","-0.10908918","0.038549785","0.1044489","0.08002011","-0.22236833","-0.020136384","-0.21185006"
"infection","1.0840008","0.0029355246","-0.21669807","-0.19069287","0.069709785","-0.017291766","-0.0006287954","0.10137488","0.015898254","0.18175454","-0.4246682","0.3805194","-0.060829613","-0.17064862","0.1963635","-0.33991027","0.271984","0.7652412","-0.056336924","-0.18914984","0.11703234","0.064869925","1.6575627","0.050399344","-0.6359586","0.35998935","-0.088093415","0.35305405","0.552232","-1.915357","0.70742935","-0.17315617","0.43264776","-0.21465826","0.38817325","-3.4128554","2.2051082","-1.2317494","-0.9503039","-0.4858547","1.6042428","-0.82046175","-0.57898265","0.8523546","-0.51575154","0.5250328","-0.3558823","0.7463489","-0.7742788","1.2906288","0.2632959","0.43357426","-0.5897288","-0.5266638","0.26572466","0.08670651","-0.9787227","-1.2254001","0.21709765","0.5897192","-0.21752493","-0.6432747","0.2512337","0.20463496"
"infectious colitis","0.88531315","-0.09128757","-0.21262257","-0.13151975","-0.01714683","0.19914363","-0.20918785","0.49188676","-0.08099593","-0.34434602","0.65705925","-0.048577905","-0.10088631","-0.61006373","-0.69101524","0.42847595","-0.42880282","0.26120853","1.9741012","3.3446996","-0.8651437","0.5501054","0.55434847","1.0081716","0.5315895","0.46462303","-0.49075073","0.47946292","-1.9955871","-0.16100729","1.946571","0.9704346","-0.17548053","-0.33832955","-0.37741736","0.16637833","-0.25139177","0.98188174","-1.4844961","-0.63504356","0.44751993","0.9181998","0.676615","0.69090533","-0.3529999","0.6505259","-1.3589705","-0.7212536","0.15793021","0.49715704","-0.61690634","0.035668653","-0.28089705","0.15487126","0.13460861","0.15331048","-0.007365574","0.027456155","-1.0260327","-0.7575061","0.19053239","-0.09712027","0.3757561","0.34791717"
"infectious diarrhea","0.8789006","0.15731366","-0.40269908","0.12614407","0.17456213","-0.041860122","0.21138139","0.14327066","0.07799656","0.09746535","0.073776454","0.41589028","-0.052059058","0.033373266","0.121980116","-0.34464628","0.17617725","0.101726234","-0.83378226","-0.25811952","-0.85412794","0.010526312","-0.5249219","0.6646325","0.040883273","-0.19474016","-1.0859624","-0.61984456","-0.5273927","-0.81969136","-0.4562861","1.1826446","-0.2621253","0.5615201","0.21507731","0.1279618","-1.106803","0.24937117","-0.2505793","-0.8989897","0.7311707","-1.404758","-1.7319611","0.5688125","-0.89839077","-1.0184108","1.5818529","-0.40740815","0.08122674","-0.89213717","-1.6081237","-0.32631332","-0.85647154","-1.2034202","-2.1671884","2.1127033","-0.1444758","0.37615654","-0.61096954","-0.4611289","-0.75769395","-0.49667123","0.64040077","0.32708544"
"infectious diseases","0.7046285","-1.6749659","1.8191962","0.28991202","-0.04984919","-0.7192697","2.7322664","-1.2590368","-1.2208798","-1.3800564","-0.4174767","1.6719615","0.042246986","0.3387726","0.24070701","-0.059378486","0.57386714","0.63696253","-0.6854739","-0.8739927","-0.92090374","1.5445774","-1.2001476","1.1131605","2.5748825","-1.981362","-1.187025","-1.3930353","-1.8117484","-0.014381859","-0.40646663","2.3212926","0.47360584","-0.6603721","1.161384","-0.039720513","0.06628546","0.26289278","1.1351737","-0.7441261","0.10804368","-1.3486456","-1.4783704","0.82328457","-0.7340405","-0.8162999","1.6836531","0.36876437","-0.091021515","-0.71339685","-1.2955036","-0.64997864","-0.6321288","-1.9094623","-1.8745589","1.5425761","-0.5004789","0.4591009","-0.5372077","-0.21034376","-0.49823013","-0.47750187","0.55432427","0.2364398"
"inflammation","-0.20799884","-1.2569124","2.3718956","1.450295","-1.4746802","-0.93699735","0.77720356","-2.1831057","-2.676759","-0.38206542","-0.17291422","-1.2573025","-0.38900766","-0.15168011","-2.3944178","2.0198982","-0.88055086","-3.0894065","-2.6909115","0.06261271","-0.85809165","-0.04408971","1.2812825","1.7800279","0.020077983","0.87513095","-0.5973956","1.6062669","2.5783596","2.6463292","4.5602455","0.9917353","-0.24518056","0.7131876","-2.982479","-0.53434294","-0.18966132","-2.9092581","1.4281249","2.3009212","0.9998956","-1.6322736","-0.1001396","-1.4222466","1.2078373","0.2570021","1.1267022","0.6810704","0.2634902","-1.5752932","-1.3984975","-1.7344495","-0.61626405","0.084824264","0.03513525","0.3983587","0.30227736","0.25075996","0.22469296","-0.5034175","0.06292576","1.5365638","0.8447711","-0.45910358"
"inflammatory bowel disease","-1.9459231","-0.06529727","0.08463244","0.039493922","0.07175121","0.050579857","-0.013021773","0.105104536","0.14466701","-0.08487284","-0.013680134","-0.00021332511","0.023677193","0.14881545","-0.06543296","0.06066522","0.0063560074","0.04658946","-0.015092808","0.17176777","-0.1344359","0.16616796","0.13329464","-0.036824375","-0.045790628","-0.20610003","-0.0427294","-0.041902438","0.073775","-0.06431884","0.05296874","-0.09252846","-0.13594","-0.032062292","0.09238335","0.06976","-0.28727385","-0.1001607","0.28826758","0.18248598","-0.23533969","-0.06729897","-0.25045452","0.47871673","0.32118365","0.30817804","-0.6922736","0.1549011","0.15554748","-0.16337058","0.52961767","-0.25348866","-0.06725285","-1.8978728","0.8648068","-0.229369","-2.037849","0.18934026","0.8709819","-2.1362317","1.6558785","0.35297674","-0.38264516","0.6402146"
"inflammatory bowel diseases","0.49885076","4.1421","1.6681288","-2.1475017","2.5650012","0.86279166","1.4168855","0.86719036","0.7340614","-2.0146751","0.3041489","2.051561","0.106137455","-0.24150155","-0.18184243","-0.2789592","0.67380756","-0.032221105","0.0075855954","0.2663315","0.913788","0.26893646","0.046305735","-0.36192137","-0.8065212","-0.561489","-0.17106836","-0.22382009","0.0057896846","0.13916786","0.07071819","0.180187","-0.11845011","-0.27642536","0.11638948","-0.24328719","0.10018806","0.0642442","0.12927936","-0.034068245","-0.22849843","-0.26227188","0.017760362","-0.29415867","-0.21126458","0.0062910127","-0.031646214","0.20779248","-0.4740561","-0.08130052","-0.38807994","-0.23883027","0.23219256","-0.25505856","-0.16983533","-0.10204401","-0.08771913","-0.0228279","-0.06948118","-0.18228288","0.11394282","-0.08939763","-0.019473983","0.35115054"
"inflammatory diseases","0.3317349","0.6314854","-0.4640855","-0.40131596","-0.5408099","-0.099535316","1.3189293","-0.80413526","1.0041488","-1.1385942","1.7611713","-2.2359612","-0.22615004","0.06926967","0.90956247","-0.47869167","-0.075678274","0.22614478","-1.174746","-0.06269495","-0.66992176","0.16282217","0.9345397","-0.7771653","1.3536745","-0.53595144","2.9710329","1.8181497","-0.64834315","-0.54710937","-1.0304465","1.2232434","-0.2109198","1.1464064","0.84151006","-1.2468872","-0.696046","-0.09850559","-1.2383611","1.453842","0.9793176","0.1077099","0.06128959","0.48993394","0.7652242","0.6237309","-0.047886804","-0.5046895","1.6466658","0.8933024","-1.4827625","0.6443585","0.10063008","0.98685527","0.9128253","0.28125232","-1.1496748","0.73403937","-0.19316979","-1.6738257","-0.94232184","0.49385825","-0.1983215","-1.3040588"
"insulin resistance","-0.4549327","3.4625928","1.5262489","-1.9280974","-1.4636184","-1.6833653","1.8699839","0.25331077","0.059142184","-1.3564514","1.4630408","-0.7529015","-1.135458","0.8672257","-0.13600779","-0.25762802","-0.25481543","-0.027748423","-2.5218194","-0.09675044","-1.0265161","1.2579939","0.07477007","0.0007297132","4.801173","-1.670647","0.5682371","1.8190166","-0.7180646","0.74264973","-1.0751492","1.1619214","0.018526837","-0.55624807","1.9807825","-1.7582783","-0.3586174","0.24027808","1.2424065","2.7484639","1.2197144","-0.5196724","0.2552887","0.8193981","1.7520057","-0.16951674","-1.9533828","0.41925174","1.9025443","1.0490777","1.236493","-0.07998929","0.31750044","0.25589782","0.30737576","-0.5611934","-1.5531745","1.4301972","0.53443325","-1.6201754","-1.155867","-1.5440221","0.62900454","0.17533267"
"intestinal atrophy","0.8698497","0.2176333","-1.1656845","-1.3675326","-1.3663964","2.040479","-0.8909591","-1.390413","-1.4347949","-1.9227519","0.4329743","0.55104107","-1.1657844","1.667787","1.08545","-0.37637007","-0.07157427","-0.2172486","0.32801265","-0.5845038","0.24339111","-0.13633946","-0.2782354","0.18837559","0.09804946","0.33435196","-0.041948497","-0.3032656","-0.12237502","-0.038035702","0.014514167","-0.055066247","-0.37001893","-0.12677254","0.57568073","-0.2899046","1.266683","-0.2034831","-0.31808367","-0.1948576","-0.0045219664","-0.60377","-0.016287118","-0.18832299","-0.13014117","0.22782387","0.11250966","0.85931325","0.66654813","-0.50886434","-0.900968","0.48252502","0.27900165","0.27462277","-0.54714227","1.3702456","-0.124472454","0.32885706","0.9277383","0.7644564","0.40590376","-1.1868749","-0.033752915","0.76815206"
"intestinal bowel diseases","0.87103057","0.043254532","-0.44154805","-0.26680797","-0.07213937","0.0906034","0.14560287","-0.17263973","0.02641523","0.03372292","-0.036723338","0.21013953","-0.10595264","0.23999716","0.1774508","-0.4434339","0.6361343","0.107878365","-0.4109124","-1.3692205","0.254693","-0.042672426","-0.9108137","-0.8658032","-0.008892887","-0.36731654","-0.091784775","-0.42205745","0.6878148","-0.2731262","-1.2195523","-1.3127158","0.29315022","-1.0757688","1.9728501","0.94673765","1.6151801","2.3336487","-2.1357648","-1.841903","1.1712074","1.4475199","0.38943842","-0.0809343","-0.20449246","-0.10028434","-2.4195192","-1.113458","-0.27733982","0.1611823","0.06712845","0.47963518","0.111875266","0.0046537113","-0.85519874","0.5188972","-0.0429829","0.1674988","-0.6388686","0.3052416","0.030535841","-0.010727841","-0.19062869","0.017837567"
"intestinal discomfort","0.8759793","0.11923522","-0.33872873","-0.27149957","-0.022025265","0.14184397","-0.029682769","-0.2700119","0.044079423","0.078688055","-0.048059028","0.026536781","0.06871652","-0.24889255","-0.09521386","-0.06929583","0.00816811","0.0929758","-0.081577085","-0.28811106","-0.055694208","-0.24682817","-0.18166307","0.14325579","0.08396085","-0.1644095","0.10294987","-0.087379836","-0.039887507","-0.036065776","-0.12660645","0.17581896","0.16764632","-0.26907584","-0.1651172","0.20687166","-0.15958323","0.09601137","0.064077996","0.20937392","-0.054473143","0.23808393","0.07810523","0.317771","-0.27862912","-0.22716664","0.013384993","0.12829547","0.14827362","-0.024680132","-0.13166037","0.101648055","-0.08101097","0.1227429","0.018063938","-0.14780489","-0.1453759","-0.16080557","-0.18067081","0.08447443","-0.12731229","0.22918807","-0.032345906","0.22410227"
"intestinal health","1.0841886","0.1625475","-0.37262028","-0.20863803","0.026749345","0.17208953","0.07807782","-0.18915536","0.042857002","0.15511106","-0.037505932","0.021679563","-0.11907353","-0.17061466","-0.1093804","-0.1646807","0.061109453","0.071964614","-0.055835735","-0.14961295","0.09285072","-0.19630325","-0.18578658","0.08118587","-0.027323978","0.07923228","0.1545316","-0.0029816178","-0.06792391","-0.06405448","0.062241115","0.026081912","0.01616748","-0.08728053","-0.05140085","-0.004121532","0.059834488","0.17390002","0.046512526","-0.012987407","0.0066153416","-0.004967878","-0.04490499","-0.05555716","-0.1745102","-0.063291825","0.030264677","-0.01782557","-0.23534933","0.15389907","-0.007816395","0.0363559","0.048486806","-0.03717801","-0.020521663","-0.004898123","-0.14141849","-0.07886954","-0.073542304","0.019609904","-0.052986268","0.029612668","0.042799894","-0.058894932"
"intestinal immune dysfunction","0.672581","0.012075893","-0.1499272","1.6625134","2.0527258","2.6298554","-0.7588676","-1.809458","1.0232053","0.7916263","1.3390188","-0.34848133","0.0996826","-0.82639337","-0.009410306","0.47605246","-0.3114784","-0.46597764","0.37950906","0.16435182","0.5998117","-2.8399818","0.6656831","-1.4959198","-3.0871592","4.0812736","-0.20343055","1.8290458","1.391505","0.37889293","-0.31058574","1.6159787","-0.33482707","0.7623187","1.676961","-0.08917703","-0.8256371","0.38319245","-0.15099046","-0.79080665","-0.22498849","-0.020497674","0.020428507","-0.36599126","-0.70507324","-0.6085516","-0.20788774","-0.19491418","-0.26012844","0.35771254","0.582659","0.81095666","-0.2184788","0.012157823","0.14809601","0.41434082","-0.09524749","0.23731245","-0.47251877","-0.15368652","-0.22134945","-0.0064090807","-0.05835311","0.11558661"
"intestinal infection","0.5025709","0.1715809","-0.3253312","-0.22588798","0.030034259","0.23796253","0.22757111","-0.136388","0.11773923","0.0015053138","-0.13497274","0.16734986","-0.13161823","-0.29064378","-0.10117881","-0.063379794","-0.2091541","0.14444603","0.09781637","-0.032108538","0.18886486","0.013786543","0.13373412","0.057302795","-0.1850346","0.32625544","0.28618026","-0.11173695","-0.3378916","-0.5634605","0.47666624","-0.2819564","-0.2940374","0.15298662","0.031903774","-0.44905502","-0.055748463","-1.2798643","2.827912","-2.2652576","1.611576","3.4314327","-2.6630719","0.73845756","0.4942026","1.5129374","-0.85055256","-0.33919722","0.73961425","-0.4889563","0.34585753","-0.93042326","-0.15648702","0.4932671","0.33287534","0.107248515","0.2302487","0.30035627","-0.28025892","-0.55012566","-0.33014205","0.41040823","-0.07416951","0.4497641"
"intestinal inflammation","-0.11874593","0.21449032","-0.13160262","-0.21418282","0.52790433","0.32484624","-0.115518086","-0.41646853","-0.14487451","-0.089727774","-0.37858632","-0.17742562","0.22523376","-0.3796493","0.19762835","-1.4092917","0.18000975","1.6958878","-1.3405235","-1.4475172","1.8470055","-1.280203","0.6798481","2.0386832","0.26860875","-1.0116796","-1.2372423","3.1350183","-0.6910606","-1.2811909","-0.46415904","-0.25020853","0.50395954","0.35064268","0.86074674","0.47801515","-0.6865832","0.90930206","0.6778213","-0.64005756","0.5638456","0.055127643","-0.7425706","0.04547239","-1.4835806","-1.6239359","-0.86790293","1.2298309","0.95101494","1.5422074","-0.43546247","0.12972844","0.7476676","1.2316154","-0.6723013","-0.7131849","-0.75407207","1.826749","0.58498126","-0.49634245","2.309364","-0.94320965","-0.28063795","-1.0895367"
"intestinal metabolic perturbation","0.6735451","-0.09876437","-1.2050886","-1.7408314","1.8815589","0.9179371","1.1239859","0.91568196","2.2424035","-2.109534","-0.7759245","0.9466616","-0.021613022","0.12176229","-1.0907019","-1.6354693","2.545507","-0.3114207","-1.6880547","2.6696715","1.9851114","0.21783929","0.961516","-0.49903467","-0.19841236","0.083047025","-0.16093843","-1.3469082","-0.14073353","1.1422762","-0.09256835","0.109047","-0.19579375","-0.6667643","0.5145639","0.071071394","0.024924455","0.0114544565","0.45113805","-0.45433024","-0.6249473","0.0414611","0.088228814","-0.40476847","0.08742096","-0.007478906","0.31127375","0.35829344","-0.52033573","0.35459092","-0.5360366","-0.33588177","0.0961416","-0.35663864","0.13931865","0.36357594","-0.50231355","-0.05703507","-0.19592518","-0.2208635","0.3803968","0.05735449","-0.13521224","0.21674462"
"intestinal microbiota dysbiosis","0.5206753","4.219699","3.4629838","1.5531433","-1.8194242","-1.0269103","-1.5854007","-1.3447454","-0.8876808","0.0150543535","-0.014732441","-0.5364252","-0.50223494","0.7061444","-0.2775919","-2.2877045","2.766036","-0.17727749","-1.2774131","2.5278647","2.1367133","-0.6868986","0.85424966","-0.7213387","0.2461097","0.6758878","-0.18593054","-1.427005","-0.586103","0.81525517","-0.11612791","0.17674348","-0.1864878","-0.7243395","0.20630938","0.16320626","0.34327698","-0.19490306","0.35161668","-0.7214233","0.04086707","0.3632382","-0.122983076","-0.2691947","-0.32292783","-0.39421913","0.20286691","0.33242738","-0.24119212","0.33544725","-0.09582017","-0.024314094","-0.32907164","-0.04568338","-0.32827294","0.165784","-0.2395842","-0.06909414","-0.068306595","0.33489934","0.30970764","0.07416501","-0.05068885","0.35844424"
"intestinal microbiota imbalance","1.0710434","0.8553492","-0.8451644","-0.54285383","0.8861082","0.7272996","0.6671445","-1.5898963","-0.7795421","0.27512932","-3.515678","-2.5162234","-0.17551011","-0.69734454","-0.42743745","-0.15645273","-0.23629667","0.10497015","0.23124672","0.18551412","-0.41626272","0.00040048177","-0.282262","-0.19497776","0.24996603","-0.030726971","0.471469","-0.42588413","-0.38042983","0.060789507","-0.26265645","0.4256307","0.0026612428","0.012125253","-0.19707932","-0.21427688","0.32685187","0.5559383","-0.0045551183","-0.08924031","0.33786622","-0.10363748","-0.080043636","0.1767999","-0.121307805","-0.25233796","-0.3466173","0.08149315","-0.17523406","0.4656398","0.17370573","0.05311057","-0.231555","-0.13085079","-0.23818915","0.24959303","-0.06545302","-0.14408377","-0.11184542","-0.04291707","-0.13475525","-0.080274865","0.11686893","0.23256578"
"intestinal microflora dysfunction","0.8683577","4.11528","-0.2889283","-0.095510356","-0.40014356","0.1236376","-2.7654157","0.85611373","3.0603232","-0.5775163","-0.8446496","0.21343406","-0.21919455","-0.114281714","0.04378239","-0.15659586","-0.82911855","-0.43909782","0.15163891","-0.65755767","-0.096077904","-0.33145225","-0.3307224","0.3276765","-0.056802865","-0.3663866","0.5691098","0.2966332","0.031794433","-0.41858834","0.5243336","0.32206148","0.40074039","-0.28012347","-0.25396475","-0.16689324","0.4506085","0.24375579","-0.14757383","0.09982398","0.15039624","-0.18898483","0.049592156","-0.25245366","-0.4879503","-0.0073878444","-0.24825583","-0.15543932","-0.16523616","-0.16160901","-0.053183943","-0.048465077","0.10976927","0.22004327","-0.36017954","0.027665375","0.11160711","-0.16709755","-0.041432694","0.124568075","-0.045230556","0.255942","0.13821298","0.077047184"
"intestinal permeability","-0.21713354","-1.6073084","2.7436657","-0.5724583","2.1383834","-1.1772864","-1.0999205","2.0327287","1.0743942","3.7368302","-3.521481","1.8675172","-1.7220277","2.3945975","-0.7055162","-0.365676","-0.9610716","-0.4010741","-0.62237644","0.55017513","-0.6004956","0.748656","-0.8370721","0.39043885","2.6452332","-1.598206","0.8097733","0.18084441","-0.13347577","-0.3149173","-0.82038194","1.5005409","0.99348354","-0.35350546","0.32336456","-0.20307088","1.7260003","1.0769963","1.6038758","0.9533981","0.934049","0.7877154","0.58765393","0.65786153","-0.3516167","-0.9861236","-0.5654509","-1.5137396","0.11729531","-0.11702317","-0.86285585","0.7687293","-0.79593074","0.012671593","0.35760063","-1.8162731","0.85574055","0.2508494","-0.049066152","1.8463854","-0.46020204","0.7658026","-0.22335812","-0.031099563"
"intestinal polyps","1.0848533","0.108445585","-0.3508503","-0.171201","-0.043655153","0.1484517","0.043612015","-0.1568505","0.043237414","0.11116164","0.069301166","0.122359596","-0.112358354","-0.16379318","-0.13199426","-0.071397886","0.097243994","0.03263028","0.060513314","0.11534789","-0.07914963","-0.43593422","-0.3589493","-0.15943399","-0.025098525","-0.1878657","0.052097443","-0.04231836","0.013520638","-0.1909951","-0.07018649","0.45096263","-0.03642444","-0.11915327","-0.18583573","0.1543531","0.09949116","0.10540447","-0.055471603","0.063238","0.24753322","-0.04697026","-0.1657461","-0.16462968","-0.057841096","-0.08624415","-0.4668493","0.2406107","-0.24752936","-0.01587221","0.11169422","-0.27641967","-0.0476188","0.09946344","0.032580774","-0.37051836","-0.11592965","0.0014537396","-0.28954345","-0.24107307","-0.008901656","0.13329811","0.066526785","-0.08562283"
"iron-deficiency anaemia","1.0841886","0.1625475","-0.372621","-0.20863822","0.026749345","0.17208953","0.07807782","-0.18915486","0.042857002","0.15511161","-0.037505932","0.021679869","-0.11907353","-0.17061466","-0.1093804","-0.16467997","0.061109453","0.071964614","-0.055835735","-0.14961295","0.09285072","-0.19630325","-0.18578658","0.08118587","-0.027323978","0.07923228","0.1545316","-0.0029816178","-0.06792391","-0.06405448","0.062241115","0.026081912","0.01616748","-0.08728053","-0.05140085","-0.004121532","0.05983389","0.17389943","0.046513133","-0.012987407","0.0066153416","-0.004967878","-0.04490531","-0.05555716","-0.17451085","-0.063291825","0.030264677","-0.01782557","-0.23534933","0.15389977","-0.007816749","0.0363559","0.048486624","-0.03717801","-0.02052091","-0.0048973607","-0.14141849","-0.07886954","-0.0735427","0.019609904","-0.052987076","0.029612668","0.042799894","-0.058894932"
"irritable bowel syndrome","-1.412017","-0.3189448","0.26545218","0.38916653","0.51886064","0.55660635","-0.5645634","-0.17471477","0.061468292","0.17359693","0.18099013","0.8700177","1.2308547","0.9149633","-0.51622367","0.6844451","0.30210185","-0.21217453","1.9149956","1.076702","-0.6999128","1.578493","0.62201685","-0.77778244","1.6634722","-0.74901116","2.6016183","-0.7658649","-1.6394266","-1.3023598","0.99687785","1.6537397","-0.0793141","-0.85860854","-0.47870994","0.6147259","0.055379126","0.5801224","0.43614262","-1.6940767","-1.7363919","-0.25579026","-0.7497415","2.0665097","0.62868893","0.31269026","-2.0374496","-0.92187536","-2.1209927","0.36419353","-0.7882919","2.7390523","-0.8087454","0.13986784","-2.824075","-0.7957012","-0.91300535","0.54711276","-2.703562","-0.10959757","1.6241826","-1.5127472","1.1528533","-2.5142102"
"ischemic heart disease","0.68567103","-0.50647324","0.35651967","0.072136246","0.80826056","0.7337249","-1.8475776","0.82553446","-1.4178959","1.9105124","-3.579586","4.308367","-1.0292897","0.97871906","-1.1958945","0.24779065","0.41967037","-0.15100744","0.15291743","0.4101133","-0.53589976","-0.38236886","0.324447","0.03257725","0.48120221","0.27661833","-0.005368361","0.6458503","0.51428574","-0.16612566","-1.0528436","-0.20103367","-1.5365822","0.4446849","-0.10622117","0.18531977","-0.73514503","0.6694786","0.083351515","0.41893205","-0.3083176","0.15255998","-0.025324553","0.414109","-0.16286907","-0.12085039","-0.49569067","-0.029545477","-0.79038626","-0.12834865","0.23102187","-0.20013316","0.32348368","0.057560343","0.0012446032","-0.39202383","-0.27013412","-0.17324725","0.2181035","-0.097144425","-0.1960949","-0.070021614","-0.28573257","-0.20767602"
"lactose intolerance","0.21091147","-2.6382844","3.4970107","-0.8345573","0.7118006","0.4392345","-0.25161564","1.3168868","-2.4384284","-2.5142732","-0.052538935","-2.4463997","0.7690789","-0.26615652","-0.5529446","0.8195418","-1.0321898","-1.5753682","-1.4691542","-0.5178475","1.8065138","0.24796997","-0.17644922","1.1913176","-1.2201566","-0.6987272","-0.29026356","0.24228099","1.0142785","0.64108187","-0.9567548","1.0979307","0.9509559","1.4764543","0.6586219","-0.80926216","-0.6056608","1.9608185","0.85474855","0.3172806","0.067348555","0.5812067","-0.39632162","0.34378088","0.162793","0.11564392","-0.16540577","0.37347895","-0.65242225","0.61899716","0.13408703","-0.38837194","-0.30322817","-0.40677354","-0.32536474","0.46040463","-0.6702471","0.3032923","0.039331526","0.093396485","-0.48917994","-0.263786","-0.18735822","-0.55527073"
"laryngeal cancer","0.880075","0.22488843","-0.49853292","0.21745254","-0.2956978","0.5703069","0.3941903","-0.3288003","-0.22206007","0.47335556","-0.30093658","0.73063093","0.3045955","-0.90493494","1.6589473","-0.052273497","-4.0750537","0.50903374","-2.097592","1.4433693","1.52805","-0.29862586","0.9508556","-1.2793999","0.07967875","-1.4123929","0.71193224","-1.0818152","-0.2383339","-0.0059961313","0.7028861","-0.43103653","-0.64848167","-0.34241462","0.27847403","0.5163681","-0.0074276486","0.11710802","-0.25157756","-0.30412608","-0.48450541","0.11886396","0.37696335","-0.1347079","0.18133032","-0.9739926","-0.22859932","-0.12206684","-1.1680025","-0.006937049","-0.60853887","0.03318799","0.12831828","0.11119694","-0.067909524","-0.050369717","-0.028706908","-0.121356115","-0.2534286","0.29394674","0.21686201","-0.4283698","-0.2008126","-0.0009129906"
"laryngeal carcinoma","0.5080687","-0.122507505","-0.71041805","-1.5051396","1.6543938","-2.4485414","-2.1850014","-2.6390266","0.010728028","-0.39714825","0.3292563","0.243078","-0.24359062","-0.36992928","2.8476393","4.671594","1.8315336","1.0234525","-0.74718326","0.7176917","1.0356618","-0.864387","1.462484","0.024561157","0.3902154","-0.15729724","-1.2414035","-0.43519267","-0.15359594","-0.08553344","-0.72265905","-0.6013389","1.6702609","0.28968802","-0.8471665","-0.089384735","-0.23262472","0.56109834","0.36509326","-0.25452456","0.12628369","-0.580534","-0.022777356","0.12124037","1.3550087","-0.49412978","-0.07025006","-1.2081773","0.52062","-0.3246148","-0.27054086","-0.3145223","0.32935613","-0.197263","-0.118051715","-0.14483365","-0.48990598","-0.4534645","-0.46376997","-0.076150216","-0.46931848","0.04625341","-0.38909557","0.21735378"
"leukemia","0.6810677","0.14162607","-0.337614","-0.16497141","0.07206121","0.16944048","0.0726635","-0.19251178","0.07902426","0.15826102","0.02701326","0.02352574","-0.20222814","-0.07073853","-0.109639354","-0.20520806","-0.047164842","0.1306975","0.06866755","-0.052522045","0.21175574","-0.07230682","-0.031888876","0.379225","-0.075934105","0.23401617","0.1268753","0.05932865","-0.2409806","-0.08779937","0.2824709","0.35079372","0.08967845","-0.058467038","-0.497474","-0.26789722","-0.17559838","0.08251341","0.116191916","0.055193625","-0.3354358","-0.06701756","0.25197405","0.058067743","-0.30151764","-0.0386058","0.052985467","-0.101431414","-0.2578415","0.15828058","-0.15293503","0.037113152","-0.0046261856","0.26472554","0.00955305","-0.2645439","0.1074036","0.1589079","0.11194879","-0.042795286","0.022093471","0.23124298","0.28618005","-0.1473145"
"lipid metabolism disorder","0.88150203","-0.16466522","0.12517256","-0.23027772","0.31554317","0.5017444","-0.64801687","0.07269913","-0.41808623","0.8073635","-1.5232029","2.2188003","-0.7513256","0.92677724","-0.5263731","0.17533037","0.62356573","-0.78890055","-1.0407084","0.43292528","-1.2258003","0.043608163","1.4018826","-0.40955293","1.4052356","-0.027621228","2.290813","2.5128887","0.37069604","-0.39738366","-1.5153228","0.11088373","-1.3858147","1.5189537","-1.1301897","0.21071346","-0.92971516","1.1685418","-0.99813855","-1.5090142","-0.5750482","0.50906426","0.2513773","-0.25438738","-0.84923","-0.24459697","-0.0145485","-0.0689251","-0.33954722","0.95173156","0.58538944","-1.013721","-0.10407498","0.056812573","-0.14416707","-0.024913682","0.2313626","0.6655129","0.21261106","0.42616862","0.013705219","0.11605925","0.053801868","-0.41991442"
"lipid metabolism dysfunction","1.0976607","0.27278858","-0.48616153","-0.3071416","0.009508628","0.3932179","-0.047667332","-0.61568826","0.12668727","0.75880253","-0.071536295","-0.20511718","4.8885384","3.166998","-0.8979108","0.36595884","-0.042448696","0.38326994","0.40600896","-0.013671418","0.35522598","0.33957374","0.18604799","0.02983681","0.12064418","-0.31055945","0.009334881","0.2132601","0.051437367","-0.07271757","0.2648411","-0.063318126","-0.06663895","-0.14630628","0.18174557","0.07316531","-0.237331","-0.12751664","0.10566181","0.22353272","0.02575799","-0.20033759","-0.20061693","0.16132437","0.10239443","-0.19118729","-0.09305872","-0.082104646","-0.027616322","0.22924441","0.0765793","-0.015917065","0.41058776","-0.07168843","0.1082682","0.08737544","-0.040514264","0.022940736","-0.05132092","0.021704515","-0.13267227","-0.015328579","0.088112675","0.046929162"
"liver cancer","1.0841886","0.1625475","-0.372621","-0.20863822","0.026749345","0.17208953","0.078078054","-0.18915486","0.042857524","0.15511161","-0.037505787","0.021679869","-0.11907353","-0.17061466","-0.1093804","-0.16467997","0.061109453","0.071964614","-0.055835735","-0.14961295","0.09285072","-0.19630325","-0.18578658","0.08118587","-0.027323978","0.079232745","0.1545316","-0.0029816178","-0.06792391","-0.06405448","0.062241115","0.026081912","0.01616748","-0.08728053","-0.05140085","-0.004121532","0.05983389","0.17389943","0.046513133","-0.012987407","0.0066153416","-0.004968196","-0.04490531","-0.05555716","-0.1745102","-0.063291825","0.030264677","-0.017825915","-0.23534933","0.15389907","-0.007816749","0.03635608","0.048487354","-0.03717801","-0.02052091","-0.0048973607","-0.14141849","-0.07886954","-0.0735427","0.019609507","-0.052987076","0.029612668","0.042799894","-0.05889411"
"liver carcinoma","0.88073635","0.12734534","-0.47875655","-0.2748119","0.28095183","-0.20217611","-0.21383464","-0.60753345","0.19686796","-0.08230709","0.055483676","-0.07546976","-0.3521281","-0.030345613","0.80921066","0.96197677","0.6476081","-0.095001124","0.53163004","-0.38722664","-0.6963778","-1.4775666","3.322805","-0.55744517","0.24933076","-0.65763754","-1.6082201","-0.13709861","-0.2082025","0.24435402","-0.94974494","-0.61432004","2.352575","0.029914238","-0.89952713","0.2549285","0.58389884","1.2903816","0.9730555","0.13239877","-0.34058794","-0.2158872","0.20789193","0.3968765","1.51284","-0.45460194","0.36281943","-1.5735198","0.18539515","-0.76443213","-0.029340666","-0.13174988","0.63851535","-0.17320998","-0.59789854","-0.1500295","-0.530785","-0.5085823","-0.6553404","-0.36359042","-0.08711607","-0.15801221","-0.44421625","-0.100854576"
"liver cirrhosis","-0.32769918","-2.0481966","2.5553117","1.7911792","4.4012675","-2.591563","1.0102929","-2.558551","0.8718146","-0.23440683","0.04051207","0.05131257","-0.2615179","0.7718251","1.1273531","-0.5687301","-1.0505321","-1.0307817","0.19552344","0.27360553","-0.4725064","0.77028745","-1.3530328","0.19364965","3.6941667","-1.655322","-0.5065654","-0.1542451","-1.2135252","-1.6786443","-0.57703775","-0.8466325","2.401555","-1.405063","1.8031764","0.124103494","0.4719431","-1.4519427","0.2451149","-1.8558617","-0.88422596","-0.9098454","-0.55808604","-1.2759302","-1.3176455","0.38282162","1.4526519","0.785267","0.027304726","1.5668058","0.8146727","-0.46984243","0.33349755","1.1927059","-0.019840118","-0.46148744","0.43626687","0.27115965","-0.27543014","-0.00047958083","0.80868256","0.50505674","-0.045501567","-0.32388705"
"liver disease","-0.115245014","0.14048202","-0.30188283","-0.11468402","-0.043710653","0.10792674","0.026700178","-0.12480684","-0.030315276","0.04090518","0.027427157","-0.0063444553","-0.4362545","-0.23897307","-0.0943516","-0.0720986","0.07194578","-0.18411793","-0.24054283","-0.17511433","0.006589252","-0.28847146","-0.2488629","-0.16413996","-0.26508492","0.15116549","0.52942145","-0.14592883","0.35873657","0.27806318","-0.24932869","-0.19410472","0.0976579","0.61153644","0.57701343","-0.7755068","0.15417597","-0.31667575","-0.5004533","0.21262372","1.359432","0.28455642","0.059760075","-0.25414544","-0.515707","-1.7827482","1.0473255","0.47978777","0.7468061","0.18127751","-0.5976137","-1.7338951","2.6068556","-0.5900256","1.1805688","-1.304041","1.5470622","0.968587","-0.6473402","-0.45258126","0.4896463","-0.32378218","-0.23290917","0.9724607"
"liver inflammation","1.0976607","0.27278858","-0.48616153","-0.3071416","0.009508628","0.3932179","-0.047667332","-0.61568826","0.12668727","0.75880253","-0.071536295","-0.20511718","4.8885384","3.166998","-0.8979108","0.36595884","-0.042448696","0.38326994","0.40600896","-0.013671418","0.35522598","0.33957374","0.18604799","0.02983681","0.12064418","-0.31055945","0.009334881","0.2132601","0.051437367","-0.07271757","0.2648411","-0.063318126","-0.06663895","-0.14630628","0.18174557","0.07316531","-0.237331","-0.12751664","0.10566181","0.22353272","0.02575799","-0.20033759","-0.20061693","0.16132437","0.10239443","-0.19118729","-0.09305872","-0.082104646","-0.027616322","0.22924441","0.0765793","-0.015917065","0.41058776","-0.07168843","0.1082682","0.08737544","-0.040514264","0.022940736","-0.05132092","0.021704515","-0.13267227","-0.015328579","0.088112675","0.046929162"
"low-grade inflammation","1.0976607","0.27278858","-0.48616153","-0.3071416","0.009508628","0.3932179","-0.047667332","-0.61568826","0.12668727","0.75880253","-0.071536295","-0.20511718","4.8885384","3.166998","-0.8979108","0.36595884","-0.042448696","0.38326994","0.40600896","-0.013671418","0.35522598","0.33957374","0.18604799","0.02983681","0.12064418","-0.31055945","0.009334881","0.2132601","0.051437367","-0.07271757","0.2648411","-0.063318126","-0.06663895","-0.14630628","0.18174557","0.07316531","-0.237331","-0.12751664","0.10566181","0.22353272","0.02575799","-0.20033759","-0.20061693","0.16132437","0.10239443","-0.19118729","-0.09305872","-0.082104646","-0.027616322","0.22924441","0.0765793","-0.015917065","0.41058776","-0.07168843","0.1082682","0.08737544","-0.040514264","0.022940736","-0.05132092","0.021704515","-0.13267227","-0.015328579","0.088112675","0.046929162"
"lung cancer","-1.7963393","0.033420276","0.24734466","-0.37632626","-0.039723113","0.07994379","-0.19560297","0.14581273","-0.034457084","0.16002293","0.5742852","0.021210134","-0.51688194","0.75157607","0.37421304","0.66814154","0.10921817","0.08016949","0.26417655","0.24432339","0.04593067","0.06498698","0.007862013","-0.42558593","-0.37019488","0.0045059915","0.55637866","-0.56206256","-0.03628205","0.2069558","0.14686334","-0.15068187","-0.75357205","-0.82280487","0.46542516","0.08577804","-0.49253252","-0.6570204","0.41231254","-0.010013162","0.30549526","0.13253413","-0.9658269","-1.2654219","1.4908887","1.2661983","0.75764555","-0.24820736","-0.54084086","0.30211443","-0.64323795","1.8867662","2.072915","-1.880857","-0.44391754","0.08789564","1.5268282","2.8227599","-1.0078981","-1.8717724","2.6027465","-2.762698","-1.2178814","0.38012487"
"major depressive disorder","-0.4456967","-0.15883228","1.4360921","2.673715","-2.1484826","-2.439048","-1.6091595","-0.4470614","3.8099728","-0.60844046","-2.3323274","-0.97652495","0.5291347","-1.0072863","-1.3464365","-0.90543437","0.9336908","0.55623865","-0.62587297","0.5346177","0.512949","-0.2604875","0.5445695","0.15253772","-0.3412382","0.57183814","0.7372918","-0.69674385","0.39807782","0.38568437","-0.9340296","1.0212731","-0.19198671","-1.034079","0.51267266","0.99832463","-1.4640915","-0.62016594","-0.07827838","-0.07749472","-0.22077914","1.0517727","1.0222926","0.7836454","1.351814","-2.0084362","-0.4095091","-0.513731","0.7293407","2.6629014","-0.20141283","-0.36976865","-2.1809313","0.23214225","-0.1977841","1.3330947","0.21600553","-1.060895","0.219115","0.9993657","1.8129953","1.0356355","-1.62309","0.96254194"
"meningitis","1.0895789","0.18193033","-0.42275175","-0.2399554","0.03446787","0.2058652","0.089743726","-0.21851037","0.048642304","0.19069132","-0.052709877","0.02754636","-0.16056147","-0.23956439","-0.14270914","-0.21921103","0.0898915","0.07622576","-0.076451994","-0.2041992","0.10595485","-0.2937301","-0.26853952","0.12147105","-0.07589652","0.15678696","0.27425086","-0.038657572","-0.16413218","-0.14535944","0.0722131","0.024344925","0.04335504","-0.17592983","-0.12847957","0.07745355","0.3276466","0.25759375","0.18119648","0.112941466","0.14343114","-0.12837808","-0.08430298","-0.20631538","-0.44234166","-0.18744792","0.084423535","-0.2891379","-0.41507298","0.38909465","-0.062499695","0.29247975","0.068683825","-0.161247","-0.0056197555","0.063689984","-0.35329193","0.029292598","-0.23705041","0.31323996","-0.4280175","0.30690706","-0.02966461","-0.23394252"
"metabolic diseases","-0.10558247","0.18239944","-0.11086793","-0.16912936","-0.0441998","-0.053962555","0.44280016","-0.085073344","0.24680528","-0.11044083","0.07269436","0.12359408","-1.0603675","0.6148984","0.06167634","-0.9041771","0.097286515","0.856606","-1.6854364","0.93382293","-0.2782307","-0.03444319","0.13101885","-0.60160345","1.3494042","-0.22797956","2.3581827","1.4342935","0.20536338","-0.5385153","-0.03700284","0.19948103","1.9397315","-0.5384066","4.199784","-0.9697844","-3.0158854","0.14165308","0.88575226","5.457433","2.8167715","-2.953434","-1.0987803","1.9550889","0.34528914","0.9567176","-3.6847494","-3.0440037","1.5945524","-0.9114365","3.0768144","2.4917653","1.0547792","2.3708608","0.24158156","-1.3004513","-0.0027625735","1.1668013","1.256627","-2.122935","-1.1800481","0.45915028","1.3859032","0.8462771"
"metabolic disorder","0.8883239","0.27576151","0.33361152","0.73623073","-1.7280698","-0.4562825","-1.3238786","-0.6840819","4.257167","-3.3431208","-2.7278478","0.7625956","0.3139247","-0.39514363","-0.24391863","0.7317848","-1.6579363","0.096375465","0.9002826","-1.4241679","-0.3099829","-0.8091502","-0.89641523","0.48781833","-0.7561726","-0.1900111","0.2204975","0.726838","0.35802072","-0.08249479","0.29934606","0.50170267","-0.21047078","0.01593142","-0.08118501","-0.19903655","0.11335642","0.504999","-0.2423674","0.26019722","0.16321552","-0.13236581","0.19346873","-0.09649141","-0.35257322","-0.099373184","-0.036814563","-0.3284338","-0.30688974","-0.15828453","0.36711234","0.122054726","0.31667373","0.035651576","-0.07940917","-0.09473446","-0.020371543","0.030714689","0.0018348254","-0.37339655","-0.41091317","0.22121364","0.106363155","-0.05457565"
"metabolic disorders","-0.2190414","-0.67795634","1.5099554","-1.4341149","-1.4312828","-0.2979575","-3.6980362","-2.4253516","-1.1011478","1.4011285","0.72602427","-1.1704905","5.430579","-1.1173851","-0.26844275","-0.2251673","0.08948395","0.3519097","-1.1881583","0.12200027","0.112766236","-0.19126353","-0.29289502","-0.28598782","1.414189","-0.18362966","-0.71734554","-0.44501656","1.237784","-0.88023907","-1.4519202","1.6890274","1.0267093","-0.35793826","-1.014387","0.49437195","-0.66585076","-1.4914258","-1.3631865","0.7125782","1.255295","1.4878595","0.06327228","1.6124996","-0.5329288","-0.107585825","0.2768114","0.53634375","1.4699082","-0.365835","0.65531176","0.086985916","-0.315052","1.5106099","-0.93370795","-0.06343657","-0.1344858","0.13513589","0.073720306","-0.008826851","-0.27364767","-0.27446917","0.12600407","0.41802603"
"metabolic syndrome","-1.7011636","-0.046384513","0.6878219","-0.6291473","-0.069126524","-0.31345314","0.106747374","-0.7685256","0.49681383","-0.43313605","0.16798064","0.023878809","-0.5699947","-0.8213885","0.0888457","-0.33208504","-0.07262683","1.0271469","0.18587716","0.07748521","-0.08402115","-0.12413575","0.44243264","-0.60964304","0.006740203","0.42842966","1.0523314","0.63646185","0.39284644","-0.6431127","0.4622742","0.38434735","-0.47573426","0.34011167","-0.639378","-1.0796281","1.3249272","-1.5884625","0.60939234","1.1067297","1.2658596","-1.7579314","0.2234685","-0.07705929","0.59357584","-0.181545","-0.18646264","-0.39903837","1.0661068","-1.1450914","-2.0397933","1.2554901","-1.6881644","0.24253395","1.250117","1.3787111","1.7713143","-0.27777714","2.0431793","3.4376185","-1.9013081","-3.1623118","4.111711","0.523702"
"microbiota imbalance","1.087079","-0.0906824","-0.39122683","0.09342747","-0.31239107","0.018575462","-0.33281213","-0.26421088","1.0358063","-0.7062225","-0.7027836","-0.32484058","-0.28989258","0.4078188","-0.83057547","-2.0483365","2.7185662","-0.29439014","-1.785867","2.8369763","1.9652209","-0.27187434","0.9522963","-0.525535","0.24793765","0.60257185","-0.1121358","-1.427142","-0.39155316","1.0699909","-0.05358166","0.15615359","-0.20910935","-0.6997407","0.44014633","0.19042033","0.21546216","-0.043410834","0.4082833","-0.54522854","-0.34594294","0.2822971","-0.004134378","-0.33246484","-0.07434957","-0.07457959","0.37926805","0.32443357","-0.31887144","0.3447997","-0.21627429","-0.11656161","-0.06588123","-0.07699462","-0.012863791","0.31412286","-0.48570237","-0.0059957425","-0.1678964","0.02827353","0.20779146","0.030570008","0.04137867","0.06571267"
"milk allergy","1.0852941","0.16618426","-0.38179672","-0.21362673","0.028710864","0.17758942","0.07992771","-0.19452834","0.04387056","0.16068913","-0.03988322","0.022410216","-0.12652214","-0.18006009","-0.11435782","-0.17399183","0.06477798","0.07435079","-0.057255995","-0.15974756","0.097388305","-0.2119612","-0.19601491","0.088203296","-0.028858045","0.08681288","0.16752207","-0.0039876574","-0.07481586","-0.0700742","0.06729918","0.02751846","0.017755104","-0.09551783","-0.056296945","-0.00064646784","0.069323435","0.18804105","0.048692726","-0.0133488905","0.00795531","-0.008036902","-0.04735184","-0.060006335","-0.18759793","-0.07120766","0.033158474","-0.017069513","-0.2574347","0.17010272","-0.007828443","0.043134917","0.05436538","-0.040300447","-0.021177597","-0.0044779107","-0.15623267","-0.09128095","-0.082047604","0.024807204","-0.04889842","0.033188764","0.048245907","-0.06557875"
"multiple sclerosis","-0.66585606","0.034542255","-0.38319716","0.3493762","0.5671805","0.15998325","-0.703018","1.2963686","-0.5378162","-0.85965127","0.58844626","-1.2868906","0.26415828","-0.32444307","-0.0976594","0.5804161","-0.73892164","-1.8836902","-0.54371613","-0.90828305","1.8035537","-1.6060443","-0.47960183","-1.4365938","-1.3853983","2.1840973","-2.7916539","0.59197205","-2.5379288","-1.5324876","-3.2441535","-0.2548537","-4.3536434","-2.5065022","-3.0095656","-2.248069","-2.1266823","1.179316","0.32588932","0.85096157","0.4512691","-0.019190911","0.4613706","1.9668758","0.12926611","-2.3278365","-1.2894254","-1.5019133","0.92537934","3.9000843","4.108251","0.6554651","0.3328492","-0.8089399","1.2291994","1.4541538","0.70584935","2.722373","2.3159347","-1.8179052","-1.333245","-1.3468776","0.37230736","1.8735783"
"myalgic encephalomyelitis/chronic fatigue syndrome","-0.22570777","-1.5621759","-0.42584854","1.4378268","0.4187341","-1.7445711","0.10679679","0.74048686","3.1205914","0.5312494","-1.5402099","-0.9046617","1.3236978","-2.5294018","0.28880587","-0.36803472","-0.115787864","0.034303382","1.2126734","-1.4026593","0.37036481","0.62397635","0.5009084","-0.4296409","2.1948013","0.45851853","-0.26406002","-0.56710184","2.2524598","-0.91237396","1.2655847","0.18817946","-3.6062086","2.6751945","0.6678482","0.94022536","0.23853894","1.5296892","0.7084391","2.1816714","0.2388817","-0.6838767","0.76852524","-1.0524449","0.4063318","0.4684452","-1.7769874","-0.59574383","0.773015","0.2614764","-0.3500077","-1.05121","0.08702966","-0.37258053","-1.18567","0.7948744","-0.7722143","-0.44660395","1.0976366","0.016342886","1.7079308","-0.28254473","-0.9921657","0.50706774"
"myelination impairments","1.0976607","0.27278858","-0.48616153","-0.3071416","0.009508628","0.3932179","-0.047667332","-0.61568826","0.12668727","0.75880253","-0.071536295","-0.20511718","4.8885384","3.166998","-0.8979108","0.36595884","-0.042448696","0.38326994","0.40600896","-0.013671418","0.35522598","0.33957374","0.18604799","0.02983681","0.12064418","-0.31055945","0.009334881","0.2132601","0.051437367","-0.07271757","0.2648411","-0.063318126","-0.06663895","-0.14630628","0.18174557","0.07316531","-0.237331","-0.12751664","0.10566181","0.22353272","0.02575799","-0.20033759","-0.20061693","0.16132437","0.10239443","-0.19118729","-0.09305872","-0.082104646","-0.027616322","0.22924441","0.0765793","-0.015917065","0.41058776","-0.07168843","0.1082682","0.08737544","-0.040514264","0.022940736","-0.05132092","0.021704515","-0.13267227","-0.015328579","0.088112675","0.046929162"
"necrotising enterocolitis","-0.44355533","-0.016331447","3.0064127","2.0327637","0.113480054","0.40707314","0.61721027","-2.917137","-2.370877","0.77763903","1.2579944","0.12248251","-0.85520864","0.32592","0.224436","-0.9111027","1.1803207","0.29475105","0.50188196","-1.2096485","1.113947","3.8960361","0.18851115","1.8424176","3.0217447","-1.8169423","0.53673303","-2.8667133","-2.0641594","0.8772592","-0.8163199","-1.3833613","0.7811874","-0.7154008","-1.0284957","0.25455895","1.2106462","-0.9814573","-1.0143832","0.15584709","1.1060582","-0.6554267","-0.2724006","0.46671662","0.14491497","0.0035041436","-0.36905804","0.15082222","0.92966413","-0.1212759","-1.5783235","-0.83005434","0.80880225","0.30744168","-1.5429829","0.98121","0.07991414","0.5164634","1.4209937","1.7095796","0.50170004","-2.5958283","-1.4187503","1.1935201"
"necrotizing enterocolitis","-0.54553944","-0.5138734","2.2171223","0.54242104","-2.7309215","-0.4995606","-2.3357162","-1.3047714","2.712701","-0.48449397","-1.9090198","-0.64571613","-0.35651365","-0.24351358","0.8571672","-0.6778707","-2.292035","0.8250455","0.6434954","-3.331958","0.73589927","6.9305444","1.5290498","2.1945531","2.02808","3.0942216","-0.80739963","-1.122981","-0.7079994","0.7618189","-1.0946937","0.27894315","1.6469816","-0.95971894","-0.11046826","1.0231861","-0.27138007","0.85129946","-0.20421489","0.28851897","-0.24108034","-0.12666899","-0.4894242","-0.2956241","-0.20461017","-0.040917818","0.6367004","0.0077934917","-0.46913856","-0.083521605","-0.33829546","-0.9298562","1.2651198","-0.41399437","-0.44969547","-0.95435613","0.7288911","-0.0018349664","-0.20925663","-1.3610741","-1.3892138","0.11793151","0.8155852","0.6331507"
"necrotizing fasciitis","1.0895789","0.18193033","-0.42275175","-0.2399554","0.03446787","0.2058652","0.089743726","-0.21851037","0.048642304","0.19069132","-0.052709877","0.02754636","-0.16056147","-0.23956439","-0.14270914","-0.21921103","0.0898915","0.07622576","-0.076451994","-0.2041992","0.10595485","-0.2937301","-0.26853952","0.12147105","-0.07589652","0.15678696","0.27425086","-0.038657572","-0.16413218","-0.14535944","0.0722131","0.024344925","0.04335504","-0.17592983","-0.12847957","0.07745355","0.3276466","0.25759375","0.18119648","0.112941466","0.14343114","-0.12837808","-0.08430298","-0.20631538","-0.44234166","-0.18744792","0.084423535","-0.2891379","-0.41507298","0.38909465","-0.062499695","0.29247975","0.068683825","-0.161247","-0.0056197555","0.063689984","-0.35329193","0.029292598","-0.23705041","0.31323996","-0.4280175","0.30690706","-0.02966461","-0.23394252"
"neonatal infection","0.6845054","0.1896822","-0.2915417","-0.11899224","0.06944307","0.16997936","0.00087621936","-0.4112415","0.37182394","0.29254526","-0.22320287","-0.09014868","-0.25890595","-0.47910962","0.17681655","-0.6493615","-0.45287696","0.46961543","-0.06025619","-1.2710747","0.90765005","3.9280562","1.7407466","0.6604757","0.025902923","2.383004","-0.37498936","-0.2893959","0.046676524","0.48137861","-0.20967016","-1.0109419","-0.25379","0.1845692","0.2752783","0.5428087","-0.86565036","0.22199503","-0.37068674","0.4239613","-0.3470065","0.03975908","0.21948068","0.104600616","0.095823996","-0.028230945","0.666521","-0.44256756","0.21210644","0.73424834","-0.19889314","0.7092717","-0.004269321","8.996032e-05","-0.013859108","0.9521872","-0.59016436","-0.41312706","0.88439316","0.48949194","0.8574921","-0.30267778","-0.5228142","-0.23350991"
"neuroblastoma","1.0829955","0.16283719","-0.3670875","-0.20800719","0.013183434","0.17596714","0.07452074","-0.18901208","0.035161667","0.1441363","-0.028295089","0.01597298","-0.091077976","-0.22576994","-0.114073634","-0.15053707","0.076944776","0.06616254","-0.10200439","-0.16157208","0.078391135","-0.2004472","-0.22755851","0.08698531","-0.03065026","0.06944378","0.119745076","-0.004147915","-0.06857019","0.018429654","0.004693977","-0.017012812","-0.029220084","-0.055421617","-0.024335118","0.15858383","-0.10051016","0.21428081","0.12351137","-0.018649863","0.058156166","0.016504193","0.17301986","-0.0949754","-0.16490091","-0.018255685","0.10088294","-0.08334521","-0.20106235","0.029328875","-0.027144661","-0.09557425","0.03252251","-0.02404273","0.114164844","-0.025954327","-0.20472626","0.061016936","0.019933231","-0.019736044","-0.18692107","0.049671344","0.040079072","0.07455201"
"neuromyelitis optica","1.0866078","0.1356129","-0.35513133","-0.24835032","-0.050838567","0.1040649","0.037282094","-0.056506258","0.11190762","0.17334034","0.18457308","0.12696198","-0.21805441","-0.04875486","-0.14854588","-0.04499087","0.106877066","-0.19849063","0.1393639","0.29591244","-0.09670643","0.085809596","-0.36455953","-0.3088359","-0.15411644","-0.032154102","0.2616666","-0.5090846","0.03473049","0.08695853","0.18238656","-0.0807195","0.056753393","-0.25408304","-0.35749403","-0.005049327","0.20662822","0.2728377","-0.24546634","0.26629415","-0.0341639","-0.32847694","-0.018341592","-0.1542525","0.015869843","0.24541754","0.15598182","-0.25726885","-0.58238953","-0.12755731","-0.18332057","-0.15046363","-0.41423658","-0.27500793","0.27686822","0.09408292","-0.067735314","-0.9114091","-0.7137113","0.06458447","-0.23399907","0.5437231","0.58863074","0.38856694"
"neuropathology","1.0879335","0.101393744","-0.30422452","-0.14318858","0.13463956","0.19536501","0.1377597","-0.3776275","0.046568688","0.025315102","0.09193405","-0.054317128","-0.053123318","-0.32374617","-0.10955963","-0.2318977","0.054538928","-0.047314856","0.03041243","-0.14608257","-0.10065617","-0.25933287","0.1280743","0.100524776","0.254979","-0.1950026","0.21425675","-0.04901836","-0.29549128","-0.051373515","-0.21561436","0.004492416","0.2776291","-0.14702074","-0.09047919","-0.16382577","0.30089527","0.37730944","0.04741257","-0.38504225","0.036896866","-0.14236815","-0.213684","-0.21155983","0.047824826","-0.017617315","0.3438802","-0.19711235","-0.4122123","0.15633008","0.2377854","0.14505298","0.16942841","-0.046482403","0.020552885","-0.045396406","-0.019809546","-0.03747319","-0.10813289","0.006663786","0.066151656","0.09863686","0.06369632","-0.2737062"
"non-HBV non-HCV related hepatocellular carcinoma","0.34846318","-0.36071482","0.008986159","1.2215158","1.5573391","0.25100735","-1.3869698","2.4711752","-1.1572678","-2.2621617","-0.13153186","-2.268107","0.5150878","0.04615188","1.2952626","-0.05015613","0.0062814713","-0.99937326","-0.88568485","-1.6047432","0.38685274","-0.22306168","-0.99268514","-2.8427815","2.679635","1.1385112","-2.3316193","-0.16539833","-1.5424187","-1.4258907","0.60584265","-0.93706787","-2.461534","0.6673315","0.27275214","0.3381702","0.07667369","-1.5791881","-0.13491333","1.1739916","-0.6384504","-0.39994645","0.21024725","-0.16628571","-0.42118946","0.99639463","-1.1161387","0.2719691","0.17064904","1.1831189","1.232246","-0.9670643","-0.19588779","-0.9663485","-0.49160475","0.2605199","0.28704208","0.30885112","-0.26255816","0.16570601","-0.6482886","0.67094475","-0.067276195","-0.24252377"
"non-alcoholic fatty liver disease","-0.73284876","1.6566595","1.5684031","1.5810555","-2.711768","0.4910633","0.08527373","0.048995223","0.99840534","-0.4533618","-0.021194868","-0.8972678","1.8438973","2.9604","-0.25795278","1.4365886","0.60259503","-0.7010401","0.40549794","0.038097024","-2.6050298","0.97159415","1.4729425","-2.4585974","1.8396467","-0.03038124","4.375138","1.1346467","0.042205337","-0.72040147","-2.2157388","1.0332577","-0.5745778","2.066516","-0.025118545","-0.82702917","-1.3238163","0.24050713","0.10044024","0.09421125","0.18088792","0.28845516","-0.06650403","1.2751503","0.8890416","-1.161619","-1.0173985","-0.56932473","-0.9236755","1.5138099","-0.1357909","-0.7343459","-0.32368505","2.2240505","0.5067956","0.9489063","-1.1523914","1.1716603","-0.017715583","-0.76338166","0.17229296","1.6039721","-3.2709744","-0.5859358"
"non-alcoholic steatohepatitis","0.8771363","0.8224593","-0.39237508","-0.84859097","-0.6871191","0.06424278","1.6743908","-1.5615984","1.6654258","-0.67527264","2.6851456","-2.428139","-0.57105196","0.26922074","-1.087463","0.6557439","-0.8613698","-1.0763767","-2.3765213","-0.025847549","-1.0711999","-0.057375234","0.07406014","0.39056775","2.529281","0.1302578","-0.3634109","1.860816","0.6470487","1.3486239","-1.0182781","-0.34745973","-1.1121776","1.1901175","-0.6415665","-1.2005107","-0.2607865","-0.2268863","-0.34372702","-0.27699718","0.25099635","0.5800551","0.7175282","-0.57075435","1.1032156","-0.113391094","-1.080368","0.15629268","-0.20412636","0.40529755","-0.9587018","-0.32641268","-0.5940183","-0.13190652","0.11275871","0.4200004","-0.5036724","0.041191183","0.10796472","0.032347206","0.035354875","-0.111955866","0.33321762","-0.36747736"
"non-celiac gluten sensitivity","0.6804494","0.46532437","-0.75774485","-0.1248667","-0.23269695","-0.3904921","0.6841764","-0.22373253","0.45592594","-0.33024687","1.2067667","-1.7861115","0.3303899","-0.8322676","0.68271446","-0.57402503","-0.3766463","0.80893326","0.13061102","-0.5944458","-0.11109631","-0.5274161","-0.8103752","1.1824894","-2.1127536","-0.35475272","-2.0400312","-3.5080407","0.2840231","-0.17358463","1.3046539","1.8813525","1.8353808","-1.3169936","1.3379288","1.5992396","0.050089262","-1.228072","0.01762048","-0.54374003","0.090554446","-1.9430912","-0.6507427","-0.9954563","1.5726358","0.44435665","-1.745442","0.12997484","-0.14014642","0.5859521","-0.2559873","-0.87298524","1.182986","-0.01137146","1.7090019","0.10504244","0.31095517","0.901374","0.018627306","0.44886738","-0.5624822","-0.06640935","0.047225695","-0.29118615"
"nonalcoholic steatohepatitis","0.3525757","-1.5768465","1.7276601","0.39878848","1.0949535","-1.1711613","2.6510932","-1.2004783","-0.74054974","-1.2312363","-0.5951769","0.02142535","-1.9189368","3.5737967","0.31787235","-0.10181297","-1.4791034","-0.11261147","0.5124954","0.9608744","0.21535781","-0.39051056","-1.1936905","-0.007678208","-0.6152682","0.6883682","-0.94282967","1.1141171","-0.6850228","-0.6608842","-1.1730022","-0.99956524","2.0739071","-1.5382352","-0.011142061","0.5929723","-0.4854704","-1.2320119","-0.7473019","-1.6995101","-0.6450263","0.27249217","-0.16638777","-0.274056","-0.98532134","-0.2900181","2.1349132","0.24678908","-1.0189532","0.64029133","0.6911011","0.5289251","0.43165365","0.49058843","1.1786668","-0.051709328","0.3027062","0.11949205","-0.42711493","-0.22897658","-0.6576461","0.019780997","0.24026908","-0.63645625"
"nosocomial diarrhea","1.0981762","0.07663172","-0.4715551","-0.06328235","-0.25343218","0.22572972","-0.25493836","-0.5749682","0.123835206","0.6082155","0.09117518","-0.3508923","-0.64045435","-0.5021472","-0.2126186","-0.26469785","0.6476667","-0.36314672","0.66853505","0.79301584","0.12662247","2.7382364","-0.9253599","-2.466945","-2.1353128","-3.3140743","-2.276035","2.7528076","0.4999476","-0.16353397","0.20775463","0.8031703","-0.30928144","0.24310929","0.51194376","-0.5774687","-0.31096017","-0.10204178","0.5803391","-0.15427986","-0.6450794","-0.103681006","0.3696477","-0.18290666","-0.30559868","0.07372156","-0.2146154","0.018073827","0.14137577","-0.3310463","-0.12585051","-0.0062738843","0.19858985","-0.011630015","-0.032328963","-0.18408678","0.1268365","0.26222667","-0.042641718","0.13817292","-0.19992623","-0.1403024","-0.17216739","0.08327066"
"nosocomial infections","0.8881554","0.07461957","-0.45394486","-0.06285962","-0.24499886","0.21828629","-0.24529536","-0.5592991","0.12082682","0.59322083","0.08922169","-0.3429977","-0.62766796","-0.49393597","-0.2096496","-0.2617038","0.64065725","-0.35904786","0.6619528","0.78670114","0.12600087","2.7339823","-0.9245806","-2.4681754","-2.138803","-3.327901","-2.290448","2.776535","0.5050173","-0.16566914","0.21053047","0.8157191","-0.31520554","0.24822973","0.5239016","-0.5910113","-0.31860113","-0.106251255","0.59616065","-0.1587274","-0.66548926","-0.10744684","0.3837959","-0.18845007","-0.31451255","0.07708633","-0.2241864","0.020274393","0.15077953","-0.34776685","-0.13129218","-0.0054630693","0.20798782","-0.011628291","-0.034874234","-0.19274628","0.13744128","0.27813134","-0.04377189","0.14652105","-0.207563","-0.15070236","-0.18460564","0.09028685"
"obesity","-1.9786278","0.029517503","-0.054302163","-0.051209714","-0.031144008","0.020204466","0.029548185","-0.06216368","0.02007461","0.03631179","0.00990978","0.0078280475","0.014009015","-0.010932942","-0.026533997","-0.019811314","0.0054350775","0.035077367","-0.035060916","-0.003765831","0.027942441","0.0080041345","-0.05679049","-0.0007892202","-0.008775543","-0.012069865","0.0076195416","0.00588514","0.009295765","-0.0041250233","0.00022266271","-0.012692036","-0.003967855","0.05718162","0.03658736","-0.007911298","-0.03200716","-0.06950506","0.01539834","0.15996794","0.039973717","-0.04870361","-0.371681","0.34950548","-0.02276528","0.14554003","-0.032821633","-0.055675853","0.17289461","0.019814288","0.017433925","-1.0878865","-0.11122955","0.09773022","0.9921346","-0.09747069","-1.4408156","-1.2761035","3.0131898","0.10615837","-2.2108407","-0.02997104","-1.669768","2.0153248"
"oesophageal adenocarcinoma","1.0795197","0.08754419","-0.26414055","-0.056515597","-0.032194246","0.47376177","0.29741392","0.030634813","-0.2145752","-0.14568563","0.26935285","0.23410311","0.35233355","-0.4486814","-2.0303843","-4.705116","-1.7417344","-1.1904527","0.8056877","-1.0032064","-1.9655365","-0.7800257","1.0417588","-0.68949866","-0.2743093","-0.29442143","-0.024301304","-0.03147724","-0.39933774","0.32808748","0.004337722","0.018682456","0.15010083","-0.67596763","0.058812547","-0.27372864","0.21153335","0.5136387","0.2950881","0.25118533","-0.05927279","0.3160723","0.0531593","-0.12230936","-0.28841344","0.21133891","0.37284","-0.102086835","-0.30072492","-0.13960722","0.23718368","-0.12817709","0.16407828","0.054045875","-0.15002257","-0.042686947","-0.2138757","-0.14569345","0.0074204938","0.33662263","-0.083500154","-0.054798372","-0.1457361","-0.08203025"
"oesophageal squamous cell carcinoma","0.1710337","1.9835601","0.7276244","-0.52028","0.8970805","0.32794103","0.9091666","0.558863","-2.2372737","1.469331","1.3095641","0.34067214","-0.08630131","0.24908353","-0.87459475","-1.6497266","0.5793017","0.15977599","-1.0504411","0.58260894","1.5020244","1.4046352","-3.5392447","0.36813056","-0.46737078","1.4924207","1.7267827","0.18400595","-0.3267608","0.546159","0.63218695","1.8900316","-2.438455","0.6070227","1.3916595","-0.426693","2.294166","-1.4624932","-2.602745","-0.4482877","0.1774154","0.42572212","-0.37875226","-0.70115936","2.898005","1.5554047","1.5489804","-1.9093206","-1.7701069","0.2350656","1.5115037","-0.25990874","-0.92010826","1.1622479","-2.1574385","-0.5679565","2.2106442","0.06821837","1.0923402","-0.54885393","0.15864009","-0.064429045","-1.4541541","0.4845514"
"opportunistic pathogen infection","1.0981762","0.07663172","-0.4715551","-0.06328235","-0.25343218","0.22572972","-0.25493836","-0.5749682","0.123835206","0.6082155","0.09117518","-0.3508923","-0.64045435","-0.5021472","-0.2126186","-0.26469785","0.6476667","-0.36314672","0.66853505","0.79301584","0.12662247","2.7382364","-0.9253599","-2.466945","-2.1353128","-3.3140743","-2.276035","2.7528076","0.4999476","-0.16353397","0.20775463","0.8031703","-0.30928144","0.24310929","0.51194376","-0.5774687","-0.31096017","-0.10204178","0.5803391","-0.15427986","-0.6450794","-0.103681006","0.3696477","-0.18290666","-0.30559868","0.07372156","-0.2146154","0.018073827","0.14137577","-0.3310463","-0.12585051","-0.0062738843","0.19858985","-0.011630015","-0.032328963","-0.18408678","0.1268365","0.26222667","-0.042641718","0.13817292","-0.19992623","-0.1403024","-0.17216739","0.08327066"
"opportunistic pulmonary infections","1.0885501","0.16499393","-0.3943371","-0.19121182","0.06115506","0.23072115","0.045214366","-0.16228844","0.0808189","0.20574124","0.09887005","0.15565714","-0.13087155","-0.23897031","-0.0027577553","-0.1068407","-0.1694633","0.010181773","0.03109953","-0.12861796","0.03790657","-0.27844808","-0.15623674","0.19129248","0.16135083","0.064116515","0.17500733","-0.030040648","0.03426372","-0.494467","0.56249076","-0.06954516","-0.3049086","-0.08938688","-0.093674704","0.18395974","0.00031952758","-0.2532024","0.6359791","-0.12686208","-0.12293443","0.4806273","-0.3628225","0.5337673","0.031997383","0.36728325","-0.16434789","-0.5520342","-0.27728727","0.77382284","-0.2790439","-0.025134161","-0.02766373","-0.33725023","-1.17704","-1.3141809","0.3348433","1.093115","-0.571457","0.35974494","0.57613707","-0.40579867","0.24512678","-0.21189849"
"oral cancer","0.3309645","-1.8047755","-2.0731044","-0.33362427","-2.5387673","1.7061304","-1.655477","-1.5066891","1.6052532","-3.5605159","-1.6467848","0.0020915275","-0.89439523","1.8359574","0.33279893","-1.2146896","1.1828488","-0.6870596","-0.7498234","1.8869518","1.2474421","-0.82361627","1.2293487","-0.18817854","0.35850525","0.23322992","-0.67671514","-1.4319211","0.039732654","0.6212622","0.15284947","1.0389311","-0.14470422","-0.38714838","0.42021984","0.19509634","0.637563","-0.40122926","0.25226307","0.028850393","-0.31360075","-0.26226145","-0.35458717","-1.1072476","0.41299626","-0.09303179","0.6979858","0.5748888","-0.7245708","-0.07281766","0.5155774","-0.19441512","-1.247195","-1.1377299","-0.09961878","-0.62778336","0.45369992","0.055278435","0.88061696","-0.37400633","-0.19465072","0.15719499","0.57202107","-0.6192722"
"oral squamous cell carcinoma","-1.6813239","-0.564571","-0.6250885","-0.10818191","-0.23647921","0.28497094","-0.29738122","-0.32528308","0.052740186","-0.42535326","-0.1482384","-0.17277312","-0.19464894","0.37819633","0.52216125","-0.32607278","0.71835756","-0.3441051","0.007995035","0.38431624","-0.06599063","-0.537494","1.0841707","-0.14521544","0.7855944","-0.084745705","-0.92779046","-0.73124146","-0.11978659","-0.1758014","0.28590944","-0.27564436","0.43456426","1.5390725","1.0683262","0.577044","0.90811324","-0.41707787","0.14889279","1.0480283","-0.78003514","1.2287923","0.059814353","-0.8630311","1.0547353","0.29008552","0.597324","-1.0381652","-1.2912775","-0.4722053","0.06542882","0.09245753","-4.771313","-1.6162218","-1.2468848","-4.1323347","5.915861","1.6361232","3.2746835","-1.9952691","-1.4055159","-1.5716327","-0.8031449","-0.24529015"
"oral tongue cancer","0.5165724","4.2222013","3.2864604","0.5914987","1.8473337","-1.7207279","1.040599","0.9038297","0.7598395","1.3764044","0.0008157814","0.65685046","0.89394313","-1.4499824","-0.4612216","-0.35995427","0.40056765","0.21431872","-0.7859266","0.44525507","0.8857076","-0.41281572","0.32160506","-0.67838746","-0.4326407","-0.39164037","-0.34938103","-0.16151878","-0.357078","0.27365687","-0.10854158","-0.5121736","0.03843393","-0.17019275","-0.47832134","-0.6398582","0.48849902","0.46059063","-0.47079423","-0.13005161","0.23642868","0.19604085","0.09146235","-1.2300378","-0.5329699","0.9611321","-0.18772455","0.2407398","0.3426294","-1.1610532","-0.2544685","0.9605764","0.345515","-0.65211505","-0.44610536","-1.2770368","0.26551008","0.65760845","0.119120724","-0.8243532","-0.67046","-0.7558735","1.1673888","-0.43914115"
"oropharyngeal cancer","0.87505114","0.16050972","-0.35817924","-0.19540112","0.024481807","0.16939586","0.07116718","-0.17875457","0.036059715","0.13334212","-0.04428212","0.028693365","-0.11417525","-0.16854748","-0.10765634","-0.1594973","0.06346297","0.09294295","-0.049226217","-0.15519963","0.085715406","-0.16304353","-0.15027857","0.092603944","-0.037113756","0.08977603","0.18567328","0.021725401","-0.08086416","-0.0713163","0.0052240193","0.010365146","-0.006801181","-0.097652175","-0.038401544","0.025041524","0.09583933","0.17211221","0.07036075","-0.02530598","-0.04624531","-0.05629214","-0.028086036","-0.0758571","-0.26542765","-0.0996379","-0.006522534","0.02311624","-0.23287728","0.11090157","0.010617106","-0.10143887","0.036288228","0.0075250687","0.038431775","-0.04203944","-0.11418139","-0.108923644","-0.23369406","-0.012779056","-0.025309667","-0.05248466","0.026621794","-0.10251708"
"osmotic diarrhea","0.70422965","0.30585897","1.293751","2.6386044","-3.9511883","-1.4081132","-2.7895012","-1.8439095","2.8466277","-1.7738389","-2.5173376","-0.4710789","0.031200489","-0.091075726","-0.012972748","0.38952026","-1.5456018","0.1293325","0.93559855","-1.4263458","-0.40886223","-1.2507671","-0.9371442","0.5764476","-0.3464081","0.25510368","0.2978069","0.678639","0.17126124","-0.2404897","0.23987775","0.37784654","-0.19089143","0.010250609","-0.31281865","-0.061229926","0.13150935","0.41114923","-0.3053638","0.16305108","0.42289206","0.087881915","0.08155051","0.031840418","-0.3682742","-0.1792901","-0.00023747163","-0.4040452","-0.053339","-0.08162471","0.5166373","0.2244183","0.09613282","0.22168367","-0.1830722","-0.10585085","0.06588102","0.001841269","0.07218473","-0.25561258","-0.43741915","0.3091452","0.1676555","-0.08427109"
"osteoarthritis","1.0841886","0.1625475","-0.37262082","-0.20863812","0.026749345","0.17208953","0.078078054","-0.18915486","0.042857524","0.15511106","-0.037505787","0.021679869","-0.11907353","-0.17061466","-0.1093804","-0.16467997","0.061109453","0.071964614","-0.055834968","-0.14961295","0.09285072","-0.19630325","-0.185787","0.08118543","-0.02732353","0.07923228","0.1545316","-0.0029816178","-0.06792341","-0.06405448","0.062241115","0.026081912","0.01616693","-0.08728053","-0.05140085","-0.004121532","0.05983389","0.17389943","0.046512526","-0.012987714","0.0066153416","-0.004967878","-0.04490499","-0.05555716","-0.1745102","-0.06329149","0.030264677","-0.01782557","-0.23534933","0.15389907","-0.007816395","0.0363559","0.048487537","-0.03717764","-0.020521663","-0.004896598","-0.14141771","-0.07886954","-0.073542304","0.019608712","-0.052987076","0.029612463","0.04279907","-0.0588937"
"osteoporosis","0.6762207","0.3376956","-0.3583116","0.14247936","0.5047893","0.8592535","-0.2100436","-0.59791994","0.22638673","-0.117789455","0.33922005","-0.81691664","0.04069852","-0.14455545","-0.08843203","-0.34784487","0.13510643","0.20098571","-1.0198952","1.3956639","-1.0468917","-1.4139633","-0.20142697","0.04711979","-4.1889434","2.7940102","-0.29282787","0.87574744","1.3677726","-2.9292412","-0.15634944","-2.3074036","-1.8582891","1.0310757","-0.6401102","1.3114425","-0.3944399","1.0848423","-0.43141225","1.8643258","-0.72770864","1.0654608","0.31716636","0.7455011","1.5071738","-0.37655696","0.036728803","0.08556592","0.118894115","-0.15499547","-0.47019","0.42998576","0.4485169","0.47689995","-0.14445618","-0.30054837","-0.14088765","0.25705776","-0.39003357","-0.17811039","-0.4323368","-0.43178007","0.06653998","-0.18719013"
"ovarian cancer","1.0914572","0.23983702","-0.4697988","0.3250723","-0.1410284","0.4516083","0.7506311","0.26737213","0.16369721","0.53454065","-0.36311448","0.5406809","0.64474005","0.006727728","1.90192","-0.42417508","-0.27021152","-0.17506309","-1.1907814","0.58724105","-0.81342065","-0.23681375","-0.73486835","1.1365056","-1.025588","0.09191565","-1.2549101","-0.24426498","-0.60082513","1.8358908","-1.0748608","-0.11072492","0.6574448","0.6510732","-0.45762977","-1.2038167","0.79779834","1.3063792","-0.34848487","0.9276593","0.64361316","0.7357243","0.2817587","-1.04798","-1.5956466","1.7172674","0.66371435","0.5873201","1.6097401","0.09433192","1.1533797","-1.1259004","-0.1452675","1.014371","-0.43284333","-0.009739338","-0.30303094","-0.6867052","0.2335788","0.22542682","-0.024956115","0.48785353","-0.2169763","0.29692572"
"ovarian carcinoma","0.5125596","-1.8719043","-0.5392698","2.2904005","-3.331493","-1.05879","-2.125726","-1.6156025","1.1050402","0.2921578","-1.374465","-1.2631509","-0.20261447","-0.058801327","-0.056617595","0.0997858","-0.9324735","0.061308417","0.43534273","-0.84209186","-0.5730708","-1.0400538","-0.59942","0.55465865","0.20225038","0.4543777","0.39810687","0.4282682","-0.17736433","-0.26426518","0.18734805","0.15581104","0.019326355","0.1696752","-0.30881336","-0.035519473","0.18850842","0.13516557","-0.33511752","0.30029124","0.4099349","0.26189065","0.17118308","0.1655304","-0.22776824","-0.05292234","-0.014057273","-0.1659264","-0.007166325","0.09110397","0.18797438","0.42422658","-0.100303024","0.22556749","-0.002879642","0.21353902","0.14430708","0.3333715","-0.039827194","-0.2777554","-0.4489978","-0.09748848","0.1811719","-0.111509554"
"overweight","0.20117584","0.5380539","3.034646","0.12031552","-0.49603882","-0.57684517","1.6035646","-1.2829714","0.43334514","-3.0435855","-1.5827659","1.6337262","0.34402245","-0.48366335","0.23541443","0.26500222","-0.57485807","1.3074634","1.0403652","-0.92152315","0.604267","1.4696661","1.8560115","-0.058868002","-1.5963709","1.4949199","-0.7716056","0.33234477","0.47904512","-1.5886679","0.4768786","-0.38635662","-0.3913225","0.35405147","0.729721","-3.319257","1.1270179","-1.9538841","1.2263262","-2.2408516","2.6600232","2.1822941","-2.5461175","1.4712089","-0.18953948","1.4814088","-0.5620972","0.29998258","0.020101583","0.48253202","0.8480081","-0.53325224","-0.49353087","-0.80608886","0.7104583","-0.581041","-0.47830445","-0.66266996","-0.20002407","-0.083613575","-1.2220494","-0.010763704","0.5836692","0.6284962"
"oxidative stress-related ailments","1.0841974","0.16236377","-0.37075186","-0.21023366","0.026636248","0.17105219","0.07833276","-0.19172615","0.044667415","0.15320131","-0.036830235","0.02175153","-0.121824995","-0.17464857","-0.108799174","-0.16636565","0.06067712","0.07750769","-0.05458324","-0.14913797","0.09217324","-0.19714318","-0.18255237","0.07718836","-0.027223412","0.082302436","0.16201554","0.0016896987","-0.065015934","-0.069168195","0.06580601","0.029068686","0.012080531","-0.08439572","-0.057077076","-0.013485389","0.07249754","0.15874727","0.051927317","-0.0025544849","0.01927077","-0.022273716","-0.042008117","-0.056172278","-0.16722037","-0.06515239","0.029344546","-0.021116573","-0.2232876","0.13957629","-0.029428601","0.04999676","0.028867485","-0.033162918","-0.005741687","0.011506947","-0.117519975","-0.08092524","-0.049576033","0.06521778","-0.07825263","-0.011938695","0.09440685","-0.05170164"
"pancreatic cancer","0.038420267","0.26996776","-0.41992444","-0.26215187","0.1259294","0.5193888","-0.043428566","-0.5244121","-0.11736335","0.5764096","0.005640714","-0.07784644","4.0253243","2.923349","-0.2715577","0.21800023","-0.24712946","0.044496197","-0.0018654494","0.23373638","0.69012535","-0.1357839","0.8598197","-0.12745742","0.21652718","-0.44810966","-0.71138155","-0.20817575","-0.3190848","0.09258846","0.7662887","-1.1497447","-0.6442138","0.40898132","0.8723897","-1.1566263","0.7715123","0.3826315","-0.17649916","-0.04134379","0.13799332","-1.0850631","-0.28732073","-2.8721876","0.9038758","0.87549555","0.15434206","-0.8611307","0.78068274","-1.8702704","0.0656942","2.0664663","-1.6662635","-1.358239","-0.42509642","-2.477931","1.9690027","0.8546164","0.84703094","-2.4139094","-2.1651456","-1.1628065","-0.009018347","-0.3056312"
"pancreatic head cancer","-0.84265363","0.15412134","-0.2755553","-0.08834576","-0.0935375","0.33944282","0.25247848","-0.4156577","0.16949995","0.52030665","-0.2804667","0.19286728","0.063974984","-0.11170273","1.7591497","2.6352339","0.8068529","0.73154473","-0.47356576","1.0113797","2.43215","0.17815615","-1.3244928","0.19015741","0.08506818","1.0804099","0.9296448","1.7032212","-0.35099983","1.2538329","-0.14439908","-1.7723918","0.34677094","-0.6268455","-0.90962327","-3.2607536","1.388116","2.2168863","-0.39487123","2.8438866","0.83831173","3.3935773","2.4654095","-2.4368074","0.29632455","3.167217","1.9751664","-0.74328196","-0.094972715","0.11603655","3.588129","-1.6709492","-0.050019488","1.6469145","-0.3918967","-0.05423451","2.228233","-2.3111916","0.26221552","1.1521566","1.7013476","2.2228966","-0.29122826","0.091673374"
"pediatric multiple sclerosis","-0.2332617","1.2232358","1.2861654","-0.5511185","1.3725458","0.8768247","-0.9721405","0.8707149","-2.7527523","2.645557","-1.9845641","3.8916216","-0.7776208","0.55080146","-0.8601864","-0.15684853","0.650395","-0.12020725","-0.1013848","0.9255022","0.749708","-0.64500666","0.5091198","-0.8682449","0.5262856","0.21055427","-0.0835585","0.086899444","0.0860436","1.0123206","-1.4918655","-1.3999883","-1.0746357","0.39422274","0.4886909","-1.0591019","-0.29332608","0.47109672","-1.4897745","-0.123983875","-2.1545527","-0.76675606","-0.2326228","0.38108173","0.6858686","2.7808707","-0.4470488","0.49435425","2.7904923","-3.2335284","-2.4441316","0.9823755","0.6948825","-0.43637106","-0.14283644","0.6931004","0.94560134","1.7676708","0.77471477","-2.004319","-1.0151353","0.25571913","1.2445604","-0.8809192"
"pediatric obesity","0.8854649","4.8368444","2.8755744","-0.51133776","0.6426185","0.0016871998","0.13138863","-0.21261239","-0.5963219","-0.6889217","0.49833912","0.98275","-0.15241238","0.030553794","0.14254856","-0.5158446","0.64193946","0.056127656","0.11662865","0.13708238","0.774494","-0.20033593","0.0028454529","-0.32274514","-0.42148837","-0.14341627","-0.077464215","-0.2357938","-0.19974153","-0.0066113262","0.050070245","0.1477047","-0.09572114","-0.2824756","-0.019553335","-0.14034429","0.19738492","0.044585746","0.09339218","-0.12872936","0.07852079","-0.087259345","-0.06546199","-0.22434284","-0.38879812","-0.17569344","-0.04575058","0.14509974","-0.33005834","0.02346929","-0.12893337","-0.045031685","0.003499152","-0.13295738","-0.3219419","-0.16582532","-0.013199687","-0.04848286","0.0375744","0.120691106","0.0910194","-0.009419677","0.027162347","0.29328436"
"peptic ulcer","1.0892311","0.23292628","-0.48175398","-0.36651227","0.09992463","-0.14364094","-0.15711404","-0.4332546","0.31287327","0.45121494","-0.34391445","-0.19566028","-0.6006213","0.09246293","1.8888855","4.585836","1.9485618","1.390983","-0.94585925","0.73901993","2.2248828","0.38911438","-1.410929","0.88472235","0.21196271","0.4396778","0.33220986","0.020518124","0.28023338","-0.44553486","0.089844525","-0.00011806238","-0.14857732","0.49827716","-0.1689221","0.2604401","-0.119169116","-0.18421274","-0.23089314","-0.27335674","0.080419496","-0.31990513","-0.16732919","0.012498546","-0.004334055","-0.34813577","-0.29539275","0.037903033","-0.21644804","0.4381769","-0.23763558","0.21178547","-0.049588867","-0.14150225","0.11816835","0.015540721","-0.025899943","-0.00077333575","-0.19108202","-0.3526785","0.008755614","0.14599857","0.21746436","-0.056712028"
"peptic ulcer disease","1.0892311","0.23292628","-0.48175398","-0.36651227","0.09992463","-0.14364094","-0.15711404","-0.4332546","0.31287327","0.45121494","-0.34391445","-0.19566028","-0.6006213","0.09246293","1.8888855","4.585836","1.9485618","1.390983","-0.94585925","0.73901993","2.2248828","0.38911438","-1.410929","0.88472235","0.21196271","0.4396778","0.33220986","0.020518124","0.28023338","-0.44553486","0.089844525","-0.00011806238","-0.14857732","0.49827716","-0.1689221","0.2604401","-0.119169116","-0.18421274","-0.23089314","-0.27335674","0.080419496","-0.31990513","-0.16732919","0.012498546","-0.004334055","-0.34813577","-0.29539275","0.037903033","-0.21644804","0.4381769","-0.23763558","0.21178547","-0.049588867","-0.14150225","0.11816835","0.015540721","-0.025899943","-0.00077333575","-0.19108202","-0.3526785","0.008755614","0.14599857","0.21746436","-0.056712028"
"perceived stress","1.0937505","0.06526314","-0.32806832","0.46197572","0.5539165","-0.030322317","-0.8030359","0.9671974","-1.1573026","-1.1742964","0.40324455","-1.0979146","0.016429095","-0.36796045","-0.98639435","0.17748806","-0.8940673","0.351627","0.3912599","0.821756","0.8605314","0.17116895","0.04228358","2.3799388","-0.1732072","-1.0555909","0.84605986","0.1174739","2.1875656","0.451636","-1.9316254","0.06012835","0.53068465","0.89682895","1.4078282","-0.66343975","0.15422487","1.5506476","1.1974015","-0.14545828","-0.46588606","0.12650226","-0.39758858","-0.36494693","0.032507896","0.27791893","0.43624327","0.14510776","-0.995538","0.18930799","-0.011738448","-0.023574471","-0.20362985","-0.13739784","0.02823238","0.04609379","-0.48619273","0.106881574","-0.19166456","0.42262086","-0.61919427","-0.32979","-0.17001402","-0.041906588"
"periodontitis","-1.9788588","0.03042006","-0.05603374","-0.05282161","-0.03086823","0.019942107","0.030251833","-0.06314469","0.019809274","0.03772567","0.010039126","0.007875308","0.015060013","-0.010868738","-0.026026085","-0.020052513","0.005500022","0.036418468","-0.034831233","-0.0042202463","0.030822035","0.003733397","-0.05638845","-0.0047931205","-0.0093818065","-0.011602202","0.0059636156","0.006336861","0.0079899905","-0.0063299392","0.022888048","0.0072652297","-0.029246159","-0.040061433","-0.022620376","-0.008491656","-0.10107093","-0.10304216","-0.054097656","0.005234033","0.24824744","-0.312699","-0.14483593","-0.05470808","-0.17036416","-0.037756443","-0.39621767","-0.17004639","0.33603537","-0.64443564","0.33351377","0.17776178","-0.7167501","0.1501129","-1.5739064","0.14744508","-1.659658","-0.75202566","-1.4898872","0.76408964","0.22419123","3.6735344","1.482116","-0.97975963"
"photo-ageing","1.0860184","0.1713556","-0.38652745","-0.21559052","0.03301655","0.18399356","0.07893376","-0.19851544","0.045136336","0.16929841","-0.040357508","0.014787459","-0.13358551","-0.20858462","-0.13469622","-0.16579244","0.035795636","0.0752635","-0.03207397","-0.08873573","0.08950959","-0.23610449","-0.15437946","0.16801044","-0.029616773","0.1321421","0.19472992","0.036564253","-0.15216817","-0.060537905","0.19143218","0.15572363","-0.003899826","-0.010098461","-0.26227757","-0.08949089","-0.08457766","-0.025862215","0.2669147","0.1859612","-0.120415255","-0.17072275","-0.081624165","-0.0714467","-0.20816064","-0.08316372","0.33019128","0.12888497","-0.26455867","0.18902087","-0.0302387","0.004076915","0.07609966","-0.042992383","0.082679406","-0.08182068","-0.19182788","-0.14560026","0.0355189","-0.0190916","-0.07270948","0.06713448","0.09928476","-0.081428304"
"plaque psoriasis","1.0841886","0.1625475","-0.37262082","-0.20863822","0.026749244","0.17208953","0.07807794","-0.18915486","0.042857524","0.15511161","-0.037505787","0.021679869","-0.11907353","-0.17061466","-0.109380744","-0.16467997","0.061109453","0.071964614","-0.05583535","-0.14961295","0.09285072","-0.19630325","-0.185787","0.08118587","-0.02732353","0.07923228","0.1545316","-0.0029816178","-0.06792341","-0.06405474","0.062241636","0.026082179","0.01616693","-0.08728108","-0.05140085","-0.004122117","0.05983389","0.17390002","0.046512526","-0.012987714","0.0066153416","-0.004968196","-0.04490531","-0.055557482","-0.17451052","-0.06329149","0.030264342","-0.017825743","-0.23534968","0.15389907","-0.007816395","0.03635572","0.048487354","-0.03717764","-0.020521663","-0.0048973607","-0.14141849","-0.07886954","-0.073542304","0.019609507","-0.052986674","0.02961226","0.04279969","-0.0588937"
"pneumonia","0.87498623","0.1564204","-0.35828143","-0.20195296","0.024381798","0.16606362","0.076283805","-0.1848034","0.04210635","0.15154685","-0.03616574","0.021313965","-0.1158626","-0.1672038","-0.107672445","-0.16222271","0.0602339","0.07142393","-0.055537328","-0.14775155","0.09212451","-0.194984","-0.18502262","0.080786936","-0.027257925","0.07915196","0.15471292","-0.0030299574","-0.068319574","-0.064556904","0.06269663","0.026246244","0.016360395","-0.08850598","-0.052223884","-0.003508791","0.061661713","0.17676033","0.047001977","-0.013004462","0.006899333","-0.0057425145","-0.045673165","-0.056628574","-0.17787813","-0.06547123","0.031192888","-0.01766748","-0.24167186","0.15888517","-0.007823089","0.03839519","0.050509013","-0.037999116","-0.02079363","-0.004735077","-0.14677836","-0.08334163","-0.07637267","0.021605676","-0.051389188","0.030775761","0.044844996","-0.06146071"
"postoperative delirium","0.6837456","0.07620045","-0.2830903","-0.1320299","-0.070261896","0.13169426","0.014934851","-0.2781772","0.18266977","0.04341884","-0.08115283","0.06688127","-0.2056716","-0.09637876","-0.08580556","-0.2512386","-0.019050987","0.10937011","0.08755914","-0.37097475","0.2651687","0.08512552","-0.2055772","0.35430032","0.28042215","0.2890929","0.12701172","-0.09004027","-0.33936453","-0.05656622","0.055183955","0.05745546","-0.06480909","-0.09888988","-0.12798464","0.016938172","0.24360971","0.15234189","0.31030935","-0.10497231","0.16606365","0.29944342","-0.05816083","0.13153997","-0.4488191","-0.36343002","0.2596093","0.0713903","-0.22105354","0.30245867","-0.497217","-0.093387656","0.23814881","0.539078","-0.77987194","-0.19573158","0.1302843","0.41559497","-0.17964026","0.8930878","-0.2141789","-1.4522206","-0.7679248","0.05309666"
"posttransplant complications","1.0968406","0.21827975","0.68657213","1.9154145","-2.5023642","-0.90201044","-1.5757478","-1.5003905","-1.3841326","1.7711382","0.13468176","-1.3482397","-0.42093304","0.13663194","0.16711156","-0.47352958","0.06460387","0.10528967","0.029650448","-0.21297291","-0.048126385","-0.70438004","-0.25662696","0.155224","0.37485582","0.48503998","0.26872995","-0.01908698","-0.26103482","-0.22945097","0.020033637","-0.04238512","0.05234866","-0.08567017","-0.3392122","0.11669465","0.13851218","0.050388776","-0.039982013","-0.112890944","0.35910437","0.23378809","-0.18736564","0.06853042","-0.19155982","-0.20786569","0.034174055","-0.040373318","0.009919576","0.23895986","0.16126966","0.20493323","-0.18264039","0.12178188","-0.13311683","-0.02930578","-0.05454605","-0.09193623","-0.041287795","0.14180388","-0.12800327","0.08142982","0.11592787","-0.06846891"
"posttransplant diarrhea","0.5080416","-0.38729158","0.34279752","2.4293768","2.7189767","2.7230248","-1.7190992","-0.33265737","0.28665692","-1.0425932","1.2645043","-0.70771796","-0.56521386","0.34560874","-0.09178669","-0.37020138","0.2818067","5.417676","-0.6008005","-0.8803105","-1.8386595","-0.1731909","-1.0700457","-2.6988113","1.371862","0.26108316","-0.009381202","-0.20247409","1.213062","3.1896837","1.8972877","-0.5663771","0.77984583","-0.2781151","-1.7538618","-0.16600674","0.8420786","-0.60423","-0.1117782","-0.31527594","0.60148627","-0.101222016","-0.12854469","0.0029565503","0.11390405","-0.61254364","0.12338174","0.3260395","0.70882213","1.2743999","0.21092309","-0.52230406","-0.5604857","0.21384965","-0.08968356","0.7072923","0.11443576","0.72216064","-0.08140322","0.14103146","-0.38023207","0.25164184","0.7973874","-0.6422443"
"pouchitis","1.0866078","0.1356129","-0.35513133","-0.24835032","-0.050838567","0.1040649","0.037282094","-0.056506258","0.11190762","0.17334034","0.18457308","0.12696198","-0.21805441","-0.04875486","-0.14854588","-0.04499087","0.106877066","-0.19849063","0.1393639","0.29591244","-0.09670643","0.085809596","-0.36455953","-0.3088359","-0.15411644","-0.032154102","0.2616666","-0.5090846","0.03473049","0.08695853","0.18238656","-0.0807195","0.056753393","-0.25408304","-0.35749403","-0.005049327","0.20662822","0.2728377","-0.24546634","0.26629415","-0.0341639","-0.32847694","-0.018341592","-0.1542525","0.015869843","0.24541754","0.15598182","-0.25726885","-0.58238953","-0.12755731","-0.18332057","-0.15046363","-0.41423658","-0.27500793","0.27686822","0.09408292","-0.067735314","-0.9114091","-0.7137113","0.06458447","-0.23399907","0.5437231","0.58863074","0.38856694"
"pre-cancerous pancreatic lesions","1.0976607","0.27278858","-0.48616153","-0.3071416","0.009508628","0.3932179","-0.047667332","-0.61568826","0.12668727","0.75880253","-0.071536295","-0.20511718","4.8885384","3.166998","-0.8979108","0.36595884","-0.042448696","0.38326994","0.40600896","-0.013671418","0.35522598","0.33957374","0.18604799","0.02983681","0.12064418","-0.31055945","0.009334881","0.2132601","0.051437367","-0.07271757","0.2648411","-0.063318126","-0.06663895","-0.14630628","0.18174557","0.07316531","-0.237331","-0.12751664","0.10566181","0.22353272","0.02575799","-0.20033759","-0.20061693","0.16132437","0.10239443","-0.19118729","-0.09305872","-0.082104646","-0.027616322","0.22924441","0.0765793","-0.015917065","0.41058776","-0.07168843","0.1082682","0.08737544","-0.040514264","0.022940736","-0.05132092","0.021704515","-0.13267227","-0.015328579","0.088112675","0.046929162"
"preeclampsia","1.0892285","-0.013606798","-0.09197501","0.042778287","0.26513344","0.34739095","-0.17117466","0.08383745","-0.35142356","-0.3028183","-0.12866883","-0.10567139","-0.26290524","0.003983269","-0.5283604","-0.008993702","0.18031201","2.1192443","-0.90955126","-0.11207814","-1.304934","0.28987688","0.3379884","-0.4505547","-0.2755008","0.21054535","1.2873358","0.66868556","1.8926932","1.0728618","2.0103319","-0.41981158","1.0830269","-0.10805651","-1.0868574","0.94513535","1.5766602","-1.1428808","0.61517173","-0.13206182","0.008637515","-0.76357675","0.4988332","-1.8602253","-0.6593186","0.030181987","-0.19252728","0.22190627","0.53048134","-0.37736654","-0.040405672","-0.73526925","-0.714207","0.34722546","-0.7307624","0.79917914","0.12870903","0.4981859","-0.44688293","0.034985036","-0.43048203","-0.1478148","0.05882848","-0.44730303"
"pregnancy-related gastrointestinal issues","1.0945909","-1.0936213","1.993878","-2.47177","-0.17820106","1.2881693","-1.2319639","0.65117264","0.9595667","1.2083516","-0.035034504","-1.5233113","0.02685714","-0.34084928","0.5001991","-0.57780993","-0.50602937","0.08209178","-0.46149653","-0.0029205543","0.17426386","-0.22987904","-0.5187418","0.077284314","-0.09974233","0.07647719","0.012110248","-0.3965284","0.0635408","-0.25299102","-0.16180456","0.54200447","0.57394433","0.21892603","-0.4770355","0.06031401","0.35518417","0.5928281","0.069890596","-0.2045803","0.38021412","-0.07099699","-0.13288866","-0.25643498","-0.14955613","-0.15865858","0.14935584","-0.35637727","-0.066273734","0.109919935","-0.039570723","0.15875287","0.0928077","-0.045412574","0.00014264058","0.2296235","-0.06005552","-0.24495305","0.009345607","-0.12297261","-0.017095653","0.116163164","0.021073053","-0.055928096"
"preterm infant gut dysbiosis","0.7013756","4.7306385","3.7095275","1.385106","-1.6317446","-0.9481861","-1.3257185","-1.3631696","-1.8750443","0.78332126","0.5945677","-0.275401","-0.40863767","0.29215783","0.38197106","-0.7511819","0.56886667","0.13165769","0.21286473","0.017661467","0.5906749","-0.66354907","-0.07127201","-0.21214168","-0.0019630492","0.25163087","0.053830624","-0.26235154","-0.34529513","-0.16856448","-0.025022008","0.08233256","-0.029208124","-0.2282476","-0.2500771","-0.0134433685","0.2531278","-0.0376346","0.024052283","-0.26839408","0.38642588","0.11435695","-0.19455396","-0.07906617","-0.4134575","-0.3886602","-0.09896752","0.08908399","-0.18767959","0.1695121","0.08793619","0.11522322","-0.25810367","-0.009235684","-0.37236992","-0.16444863","0.052676555","-0.113670595","0.067538634","0.31824893","0.07053379","0.07348533","-0.015686443","0.25767598"
"primary Sjogrens syndrome","1.0841886","0.1625475","-0.3726209","-0.20863822","0.026749345","0.17208953","0.078078054","-0.18915461","0.042857524","0.15511161","-0.037505787","0.021679869","-0.11907353","-0.17061466","-0.109380744","-0.16467997","0.061109453","0.071964614","-0.05583535","-0.14961275","0.09285072","-0.19630325","-0.185787","0.08118587","-0.027323978","0.07923228","0.15453148","-0.0029816178","-0.06792391","-0.06405448","0.062241636","0.026081912","0.01616748","-0.08728053","-0.05140071","-0.004121532","0.05983389","0.17389973","0.046512526","-0.012987714","0.0066153416","-0.004968196","-0.04490499","-0.055557482","-0.17451085","-0.063291326","0.030264342","-0.01782557","-0.23534933","0.15389907","-0.007816395","0.03635554","0.04848717","-0.03717764","-0.020521663","-0.0048973607","-0.14141849","-0.07886954","-0.073542304","0.019609109","-0.052986674","0.029612463","0.04279969","-0.05889411"
"primary biliary cholangitis","0.68033963","0.076051466","-0.19590668","0.129908","0.6380301","-0.7134539","0.9676142","0.43220714","0.5454084","0.7584273","-0.18842222","-0.31729227","-2.0154796","3.2909036","-0.3470847","-1.5519038","-1.9097489","-0.2996683","0.7268357","0.50640243","1.7197365","0.8155514","-3.6653564","0.2878751","-0.5924037","1.3223321","1.7697004","0.1441207","0.6090266","0.632083","1.2080057","2.305575","-2.0018897","-0.23419282","-0.5037337","0.77702564","1.0110021","-0.8900583","-1.2252034","0.07736559","0.091950744","1.2071946","0.28144932","-0.08131466","-0.97395414","0.813593","0.10070872","1.0447258","-0.6460487","0.13332069","0.06935285","0.3161383","-0.23085693","-0.40772042","0.9079003","0.5477627","0.68359953","-0.3068783","0.4047796","0.14588003","-1.4229227","-0.4164191","0.35665166","-0.021521078"
"primary liver cancer","-0.23101936","-1.6369925","-0.9071931","0.58178824","-0.23982793","-0.9940773","-0.19247147","-0.13078177","2.2160509","-1.0112834","-1.3536706","-0.51347905","-1.5229783","2.6147037","0.38815987","-0.09944206","-2.191826","-0.0095111","1.2018268","-1.2921832","0.465722","-0.46552414","-1.1237718","0.15998259","0.09789605","1.0072517","-0.32215002","0.4459469","-0.46191937","-0.14662479","-0.49127546","0.47975072","0.48623773","0.29623175","-0.4881624","-0.9168267","1.5610204","-0.19869214","-0.19798994","0.213696","0.6044298","-0.030033272","-0.45298073","-1.6190414","0.10903218","-0.060430646","-0.12819259","1.9351938","-0.902844","-1.3546404","-4.283946","1.7813042","0.49541795","2.8841028","-1.6048751","0.89834327","0.63037395","1.0149224","1.001673","1.274011","0.7884307","-2.774922","-2.1693013","1.6649309"
"primary sclerosing cholangitis","-0.57009876","-0.1273256","-0.0125971185","0.04007436","0.6353666","-0.7770133","0.4016214","0.22431377","0.39192426","0.3332679","-0.42479822","-0.087459795","-1.4746429","2.289715","0.5304595","-0.5742151","-0.8230992","0.28232577","0.93872315","0.27235365","0.70982796","-0.10355351","1.2637185","-0.050711386","-0.53342146","0.4073912","-0.29858536","0.37590358","0.81872386","-1.5282532","1.0242907","0.43425462","1.1197623","-0.3052798","-0.37108213","-4.0410843","3.3563316","-1.2502441","-1.8479989","0.76556","-0.41823924","-0.25993598","-4.0324783","-0.04266874","-0.4075158","-0.88276196","-0.5019344","1.59407","0.36550155","1.9929342","0.6615553","1.1605471","0.46274844","-0.11088404","-1.0732088","0.61898583","1.5034002","-2.205485","-0.18616621","0.67148733","1.0754279","0.23962042","-0.47687048","-0.9237777"
"prostate cancer","-0.35550576","-0.005092074","-0.15149724","-0.078512","-0.006184979","0.10582425","-0.11382435","0.20013078","-0.10230169","-0.22300921","0.26495078","-0.105777465","-0.030188302","-0.4623439","-0.37250158","0.41296962","-0.49303573","0.3746699","1.4328232","2.1457067","-0.7143142","0.10545184","0.47695264","1.1640351","0.6461405","0.6397116","-0.525264","0.6917352","-1.9008069","-0.14010024","1.7210172","1.1607225","0.05549391","-0.19476266","-0.26715538","0.23491648","-0.0271845","1.1895323","-1.5994738","-0.29287186","0.21273693","0.61961997","1.2385525","0.6524188","-0.76691216","0.5436224","-1.5638949","-0.5643415","0.26248372","0.33258072","-0.36210433","0.596403","-0.3555738","0.3337335","-0.14976598","0.75901264","0.41497144","0.37792978","-0.39231926","-0.17423025","-0.16447753","-0.058734626","0.10461545","0.42158768"
"protein-energy undernutrition","0.5108516","4.444977","2.6601465","-0.4012666","0.6700415","0.07126521","0.051550854","-0.2041126","-0.52604216","-0.5175826","0.4818843","0.73419005","-0.15254162","-0.3539063","-0.15357134","-0.22168677","0.080792025","0.021422986","0.46701598","1.2941853","0.57666767","-0.3382574","0.6837319","0.62226504","-0.42679098","0.304027","0.13893716","0.21256283","-0.8910914","0.17272517","1.2551308","1.4182185","-0.35440898","0.66635704","-1.9305898","-1.0159078","-1.2690252","-1.9867655","2.1130579","1.6450098","-1.0238116","-1.4909705","-0.44817054","-0.24271089","-0.37645265","-0.1482903","2.275059","1.1780107","-0.259425","-0.0029789954","-0.21192504","-0.4524186","-0.054203287","-0.1330756","0.45683813","-0.6588482","-0.099614985","-0.30055928","0.59200466","-0.14096297","-0.009938838","0.043244667","0.22749145","0.23724984"
"pseudomembraneous colitis","1.0981762","0.07663172","-0.4715551","-0.06328235","-0.25343218","0.22572972","-0.25493836","-0.5749682","0.123835206","0.6082155","0.09117518","-0.3508923","-0.64045435","-0.5021472","-0.2126186","-0.26469785","0.6476667","-0.36314672","0.66853505","0.79301584","0.12662247","2.7382364","-0.9253599","-2.466945","-2.1353128","-3.3140743","-2.276035","2.7528076","0.4999476","-0.16353397","0.20775463","0.8031703","-0.30928144","0.24310929","0.51194376","-0.5774687","-0.31096017","-0.10204178","0.5803391","-0.15427986","-0.6450794","-0.103681006","0.3696477","-0.18290666","-0.30559868","0.07372156","-0.2146154","0.018073827","0.14137577","-0.3310463","-0.12585051","-0.0062738843","0.19858985","-0.011630015","-0.032328963","-0.18408678","0.1268365","0.26222667","-0.042641718","0.13817292","-0.19992623","-0.1403024","-0.17216739","0.08327066"
"psoriasis","0.337713","4.0008874","3.0222769","0.854593","1.9823455","2.0214343","-0.087065734","-2.2526271","0.8235016","0.019748501","1.8434026","0.6621113","-0.9736015","0.25562665","-1.4509406","0.59821165","-0.14703643","-1.2106488","-0.7421882","0.07830935","0.49801695","-0.64932376","-0.34041962","0.64413947","1.0053755","-0.21623327","-1.503607","-0.057403028","0.8512814","1.8995582","-0.106608145","-0.27046847","-0.21271287","-0.16829754","0.24008563","-0.82186013","0.016201524","-1.275068","-0.18282677","0.31370232","0.7864717","-0.20043662","0.43126127","0.14764808","0.42303962","0.11663868","-1.502393","-0.34134856","-0.28014123","0.34155816","-0.09995521","-0.45439726","-0.24540985","-0.515794","-0.63102055","0.2987995","-0.56386614","0.0051798695","0.2081079","-0.18319069","-0.119238846","-0.5190549","-0.027897052","0.5892354"
"pyogenic liver abscess","0.33747897","-0.9281289","1.6738067","-2.035332","-0.18428002","1.0977753","-1.0496261","0.48846483","0.83994573","1.0395383","0.061691225","-1.4695371","0.040023565","-0.383654","0.476738","-0.4400496","-0.6168632","0.07051052","-0.2517256","-0.20057707","0.31225574","-0.3531952","-0.5050731","0.044540938","0.03225199","0.13223855","0.063040264","-0.28453702","0.38262412","-0.22806914","-0.16356027","0.6659274","0.4647248","-0.11418223","-0.61221075","0.1225044","0.16368173","0.51538265","0.61822194","-0.1888285","0.23373653","0.10072432","-0.31940883","-0.24590726","-0.5619621","0.13933444","0.22251895","-0.33801714","0.006504172","-0.0685469","0.2682984","0.31695","-0.00547665","-0.10602999","-0.036187083","0.18611227","-0.31646782","-0.40601304","0.25162655","-0.40969235","0.040401712","0.08282598","-0.026009114","-0.029687753"
"reactive hypoglycemia","0.8883239","0.27576151","0.33361152","0.73623073","-1.7280698","-0.4562825","-1.3238786","-0.6840819","4.257167","-3.3431208","-2.7278478","0.7625956","0.3139247","-0.39514363","-0.24391863","0.7317848","-1.6579363","0.096375465","0.9002826","-1.4241679","-0.3099829","-0.8091502","-0.89641523","0.48781833","-0.7561726","-0.1900111","0.2204975","0.726838","0.35802072","-0.08249479","0.29934606","0.50170267","-0.21047078","0.01593142","-0.08118501","-0.19903655","0.11335642","0.504999","-0.2423674","0.26019722","0.16321552","-0.13236581","0.19346873","-0.09649141","-0.35257322","-0.099373184","-0.036814563","-0.3284338","-0.30688974","-0.15828453","0.36711234","0.122054726","0.31667373","0.035651576","-0.07940917","-0.09473446","-0.020371543","0.030714689","0.0018348254","-0.37339655","-0.41091317","0.22121364","0.106363155","-0.05457565"
"rectal cancer","-0.47172487","-0.8897754","1.4549022","-2.7847257","-0.6629532","0.4760699","-0.98559326","0.45761123","0.4482212","1.2988899","-0.26191044","-1.1181902","-0.25457323","-1.8017293","-2.4271507","1.2268403","-1.189506","-1.4466287","4.4207616","-0.45810816","5.8328695","-1.4587083","1.310509","-3.3767035","2.0364487","0.19095562","4.2355356","3.656814","-2.0333982","2.194976","-1.4205859","-3.8785007","1.2838753","-2.4111547","1.4276286","1.1939162","2.3756886","-2.1119642","-0.2681214","0.85425246","-1.6364304","-1.78869","-0.14666292","-0.7082815","2.263772","1.769561","-0.03489012","1.9478018","0.7004491","0.101636186","-0.25355232","-1.8416315","-1.7057486","0.028629035","0.7618842","0.4351928","-0.40150756","0.89156044","-0.52478427","0.9471799","0.022740792","0.699629","0.9194729","0.5710675"
"rectal neoplasms","1.0868359","0.15003958","-0.4043708","-0.13569447","0.012715116","0.169094","0.0070165424","-0.097502016","0.14035524","0.12285023","0.13317786","0.29660237","-0.21030566","-0.07709727","-0.11485183","-0.42193547","0.13613647","0.06278832","-0.49314815","0.16600595","0.47756773","-0.0759207","-0.14249079","0.066979185","0.3851332","-0.1533537","0.51540637","-0.06387171","-0.38731846","0.18924485","0.32767895","-0.05818309","-0.0023164712","-0.3582414","0.9050004","-0.4045722","-0.4264782","0.36570814","0.7805385","0.639659","0.60941","-0.763105","-0.11298848","-0.26915196","0.023263035","-0.9033766","-0.70143974","-0.24535574","0.07929347","0.0021623548","1.5000831","0.62486154","0.33203933","0.93684936","-0.5914513","-0.10292426","-0.41770515","0.04834768","0.12337846","-0.5006802","0.04581684","0.28931013","0.45859623","0.16643274"
"recurrent wheeze","1.0981762","0.07663172","-0.4715551","-0.06328235","-0.25343218","0.22572972","-0.25493836","-0.5749682","0.123835206","0.6082155","0.09117518","-0.3508923","-0.64045435","-0.5021472","-0.2126186","-0.26469785","0.6476667","-0.36314672","0.66853505","0.79301584","0.12662247","2.7382364","-0.9253599","-2.466945","-2.1353128","-3.3140743","-2.276035","2.7528076","0.4999476","-0.16353397","0.20775463","0.8031703","-0.30928144","0.24310929","0.51194376","-0.5774687","-0.31096017","-0.10204178","0.5803391","-0.15427986","-0.6450794","-0.103681006","0.3696477","-0.18290666","-0.30559868","0.07372156","-0.2146154","0.018073827","0.14137577","-0.3310463","-0.12585051","-0.0062738843","0.19858985","-0.011630015","-0.032328963","-0.18408678","0.1268365","0.26222667","-0.042641718","0.13817292","-0.19992623","-0.1403024","-0.17216739","0.08327066"
"refractory epilepsy","0.20370708","-1.4099957","3.4870667","5.1317086","-0.46383166","0.9706033","2.5387242","-1.042828","0.26876444","2.395141","-0.048037842","-1.2885404","0.15120266","-1.0387022","-1.0627112","0.61664563","1.0545036","0.2786632","0.49590942","-0.6655485","0.5820736","-0.9641116","0.41403633","0.11513621","0.22102647","-0.09919513","0.12085237","-0.084901445","-0.18733339","0.3014692","-0.49269664","0.13793747","0.38772523","0.2409045","-0.08839266","0.36606222","-0.016382622","-0.07756779","-0.079401806","-0.479306","0.5059246","0.053888712","0.013809567","0.4914355","-0.05936315","-0.6936049","-0.3310056","-0.42306927","-0.23341729","0.0445428","0.3435171","0.6730221","-0.18313654","-0.20031017","0.29154235","-0.053210378","0.025268234","0.19638258","-0.027418112","0.0039233407","-0.058250025","-0.39220193","-0.17188044","-0.5059217"
"relapsing-remitting multiple sclerosis","1.0853934","0.11790213","-0.4577036","-0.14011647","0.081235126","0.20256113","0.37279665","-0.3381431","-0.1052108","0.1491719","-0.10652703","-0.24112251","-0.239441","0.18575276","0.04835035","-0.8251557","0.28807163","0.49116638","-0.49058092","-0.68812585","0.4161163","-0.3146478","-0.19931081","0.9181839","-0.10121287","0.3097136","-0.20165282","-0.90970296","0.5794113","-1.223445","0.484799","0.44408622","0.2558457","0.59366757","-0.66462976","-2.6267984","-0.4368599","-0.29588658","0.47120798","-1.3662266","-2.253924","0.20422366","2.4908297","0.79813546","-0.7863545","-0.78418547","-1.1658902","-1.1783453","0.10081949","-0.99618304","-0.013200484","-0.21058048","0.6387272","0.99348134","-0.8270029","-0.5994543","0.223522","0.48918754","0.35058108","0.019802311","-0.1932177","0.6934515","0.1364853","-0.40533617"
"respiratory infections","0.50958866","0.17637761","-0.13847284","-0.10122557","-0.07349986","0.23601407","-0.16459757","-0.6648714","0.54958814","0.2966998","-0.3490463","0.08346453","-0.6008159","-0.42904687","0.3843459","-0.97584355","-1.1495007","0.89246976","0.2542786","-2.3222191","1.500658","8.177245","3.400449","1.4714442","0.24513716","5.255159","-1.1454027","-0.8864737","0.046459008","1.0850646","-1.2845724","-1.3202138","0.5837846","-0.00760601","0.26009429","1.0499669","-1.5825882","0.28254136","-0.8735641","0.5513458","-0.15280174","0.05983883","-0.19039424","-0.08177562","-0.7274483","-0.26067328","0.7484683","-1.1338298","-0.0014792351","0.2383381","-0.5344741","-0.425923","0.70529217","-0.70022523","0.22834732","-1.8283308","0.8627226","0.36216974","-1.035937","-0.2509416","-1.7644523","0.5940978","0.90260565","0.06773088"
"respiratory tract infections","1.0852945","0.16618392","-0.3817968","-0.21362664","0.02871107","0.17758964","0.07992725","-0.1945286","0.043871343","0.16068941","-0.03988322","0.022410216","-0.1265215","-0.18006009","-0.11435782","-0.1739911","0.06477779","0.07435107","-0.057255037","-0.15974814","0.0973879","-0.2119612","-0.196016","0.08820385","-0.028857147","0.08681207","0.16752207","-0.0039864318","-0.07481486","-0.070074454","0.06729996","0.027520323","0.017753452","-0.09551783","-0.056296803","-0.0006447145","0.06932195","0.18803984","0.04869152","-0.013349505","0.007955937","-0.008036585","-0.047352802","-0.060003422","-0.18759793","-0.07120816","0.033160493","-0.017072784","-0.25743437","0.17009957","-0.0078280885","0.043136176","0.05437123","-0.040301736","-0.021176469","-0.00447772","-0.15623112","-0.09128369","-0.08204879","0.02480621","-0.048900034","0.033184364","0.048246887","-0.06557895"
"rheumatoid arthritis","0.0269359","0.6235423","-1.4317348","3.4045255","2.1025116","0.921779","-0.2372782","-1.210299","-0.6375102","-1.4007355","1.1834369","0.32866067","-0.13824706","-0.41592336","-1.1471665","0.61212164","-0.13272798","-0.14262635","1.0128754","0.0009759768","0.96183336","0.0920229","0.27565172","1.9884136","-0.2489214","-1.0625573","1.5551682","0.009291071","1.6439084","0.77734005","-1.8149813","-0.07047257","-0.08544043","0.8367953","1.7105262","-0.0001079453","-0.29058027","1.3307269","0.98050076","-0.9707658","0.7816863","-0.27852255","1.627952","0.4958729","-0.34821776","1.2170867","0.33886415","-0.16117172","-1.920848","0.1089031","-0.7978144","-1.1370159","-2.0662348","-0.53565955","0.60005164","-0.48189726","-2.8701968","0.80183214","1.0244358","0.14157622","-1.0342159","-1.0196313","0.40046182","0.82031804"
"sarcopenia","0.32308546","-0.7372181","0.90231955","-3.6799986","-1.7237382","2.9369798","-1.059006","-1.248361","0.5297412","0.61783224","-0.05330745","-0.044111684","-1.2044929","1.6512467","1.8723978","-0.95783585","0.24156503","-0.6088649","-0.32401222","-0.45911595","-0.46879303","-1.0509288","-0.7089823","-1.3004911","0.02678898","0.8202881","-0.7949669","-0.63001686","-1.8780215","-0.19234002","2.2540405","0.4073729","-0.39330974","0.23788992","-0.86149836","0.6209595","0.8215737","-1.2533667","-0.9223105","0.12649778","1.1773471","-0.3222512","-0.15775011","0.7971256","-1.194042","-0.8152483","-0.17395312","-0.6188628","1.3532438","0.7826383","0.035506662","0.666357","-0.5107246","-0.5560388","-1.1401469","-0.6420284","0.5735511","0.2050606","-1.1850586","1.5673697","-0.7223975","0.9834981","-0.3436891","0.5282525"
"sepsis","0.04621887","-3.21924","0.68259186","0.59736985","-1.304361","-0.8303561","1.515404","-1.4542179","0.8075717","-2.6257052","-1.9280305","0.8198029","-0.088803746","0.11034719","-0.63039094","0.23300965","-0.09222695","0.37521887","0.54251397","-0.8387421","-0.29202953","1.8794292","-1.4594154","1.7938842","2.3512068","-4.0164833","0.5203555","-1.9250224","-1.3769304","0.4684919","0.4065484","-1.0677495","0.23316455","-0.76257545","-1.7032317","-0.511611","0.55925447","-0.7530326","-0.27610508","1.1326221","0.38983962","-0.34562522","0.06905389","0.44128805","0.84005755","0.8957876","0.6366468","-0.31355715","-0.23450094","-0.009256756","-0.05735063","-1.0743035","0.58981806","-0.41812554","-0.43792474","0.1573674","-0.30598438","0.17934965","0.3817937","-0.30359045","-0.7041912","0.10459646","-0.35139257","-0.3464587"
"septicemia","1.0895789","0.18193033","-0.42275175","-0.2399554","0.03446787","0.2058652","0.089743726","-0.21851037","0.048642304","0.19069132","-0.052709877","0.02754636","-0.16056147","-0.23956439","-0.14270914","-0.21921103","0.0898915","0.07622576","-0.076451994","-0.2041992","0.10595485","-0.2937301","-0.26853952","0.12147105","-0.07589652","0.15678696","0.27425086","-0.038657572","-0.16413218","-0.14535944","0.0722131","0.024344925","0.04335504","-0.17592983","-0.12847957","0.07745355","0.3276466","0.25759375","0.18119648","0.112941466","0.14343114","-0.12837808","-0.08430298","-0.20631538","-0.44234166","-0.18744792","0.084423535","-0.2891379","-0.41507298","0.38909465","-0.062499695","0.29247975","0.068683825","-0.161247","-0.0056197555","0.063689984","-0.35329193","0.029292598","-0.23705041","0.31323996","-0.4280175","0.30690706","-0.02966461","-0.23394252"
"severe acute malnutrition","-0.23507468","0.0073529854","-0.16230631","-0.096966624","-0.021900583","0.12251188","-0.034886524","0.24400541","-0.11513109","-0.24048387","0.38174626","-0.030120024","-0.043473728","-0.46216968","-0.4491303","0.5340143","-0.4986","0.29779178","1.5823022","2.4283764","-0.9256967","0.23060217","0.34658837","0.9798974","0.69112504","0.8282963","-0.35905927","0.42351517","-1.8716137","-0.18336493","1.8132602","1.0922954","-0.06472804","-0.46611947","-0.268541","0.029828997","-0.12042378","1.2828108","-1.4728191","-0.49028516","0.23345254","0.61935014","1.0098404","0.7562363","-0.59591043","0.60007983","-1.6905967","-0.67370254","0.3331942","0.33128232","-0.32743895","0.74289465","-0.09611188","0.28946579","-0.64757097","0.6053184","-0.22433802","0.14435402","0.045097757","-0.07673379","0.25687483","-0.055884104","0.17513259","-0.07793326"
"severe skin and soft tissue infection","1.0734973","0.11625473","-1.317534","-2.1956272","2.3694835","1.1700208","1.6018317","1.0597336","1.469007","-1.4791069","-0.23458531","1.3748102","0.17552723","-0.4733595","-0.4508247","0.08533171","0.103023864","0.014972585","-0.13364264","-0.030058475","0.29616866","0.31366003","-0.12532698","0.024229925","-0.45418712","-0.3846856","0.04809584","-0.029450819","0.17515868","0.0963285","0.045358203","0.08100512","0.018103808","-0.046165206","0.12799951","-0.120592006","-0.057826024","0.2009417","0.0929471","0.0248164","-0.32378256","-0.2059216","0.03814343","-0.111663125","-0.004437542","0.044176206","-0.024928914","0.03308717","-0.44102386","0.08557959","-0.23793902","-0.17336613","0.22335178","-0.19014059","0.16686983","0.073749416","-0.19696437","-0.07138545","-0.16574523","-0.19577499","0.023915123","0.015629431","-0.11178678","0.030991051"
"sinusitis","1.1053098","-1.7133662","1.7958142","0.029758124","-0.03770455","-0.21701255","2.659141","-1.617975","-1.4775652","-1.520246","-0.31650123","0.72335666","0.24095929","-0.24509242","-0.21643038","0.16743504","0.39743653","0.71895725","0.32892564","-0.03950466","0.35822755","-0.37933406","-0.3237207","-0.20669238","-0.45415726","0.31999943","-0.5403796","-0.02586184","-0.089943305","0.3092084","-0.30693588","0.009404544","-0.5665385","0.07985883","0.23280497","0.013045878","-0.36192128","0.14637098","0.16101351","-0.09812794","-0.1661401","0.03776758","0.06431389","0.0934198","-0.16896608","-0.20150757","0.2749678","-0.04454172","-0.3782032","0.22774102","0.34247747","0.030977612","0.17013085","-0.47521174","0.21304837","-0.11765059","-0.29362917","0.01374418","-0.07402978","-0.1293515","-0.12090337","-0.119115725","-0.006385826","-0.19699505"
"skin diseases","1.0976607","0.27278858","-0.48616153","-0.3071416","0.009508628","0.3932179","-0.047667332","-0.61568826","0.12668727","0.75880253","-0.071536295","-0.20511718","4.8885384","3.166998","-0.8979108","0.36595884","-0.042448696","0.38326994","0.40600896","-0.013671418","0.35522598","0.33957374","0.18604799","0.02983681","0.12064418","-0.31055945","0.009334881","0.2132601","0.051437367","-0.07271757","0.2648411","-0.063318126","-0.06663895","-0.14630628","0.18174557","0.07316531","-0.237331","-0.12751664","0.10566181","0.22353272","0.02575799","-0.20033759","-0.20061693","0.16132437","0.10239443","-0.19118729","-0.09305872","-0.082104646","-0.027616322","0.22924441","0.0765793","-0.015917065","0.41058776","-0.07168843","0.1082682","0.08737544","-0.040514264","0.022940736","-0.05132092","0.021704515","-0.13267227","-0.015328579","0.088112675","0.046929162"
"slow gastrointestinal transit","1.1053098","-1.7133662","1.7958142","0.029758124","-0.03770455","-0.21701255","2.659141","-1.617975","-1.4775652","-1.520246","-0.31650123","0.72335666","0.24095929","-0.24509242","-0.21643038","0.16743504","0.39743653","0.71895725","0.32892564","-0.03950466","0.35822755","-0.37933406","-0.3237207","-0.20669238","-0.45415726","0.31999943","-0.5403796","-0.02586184","-0.089943305","0.3092084","-0.30693588","0.009404544","-0.5665385","0.07985883","0.23280497","0.013045878","-0.36192128","0.14637098","0.16101351","-0.09812794","-0.1661401","0.03776758","0.06431389","0.0934198","-0.16896608","-0.20150757","0.2749678","-0.04454172","-0.3782032","0.22774102","0.34247747","0.030977612","0.17013085","-0.47521174","0.21304837","-0.11765059","-0.29362917","0.01374418","-0.07402978","-0.1293515","-0.12090337","-0.119115725","-0.006385826","-0.19699505"
"small intestinal mucositis","0.6820303","0.15132461","-0.34767637","-0.19055009","-0.04468342","0.16100848","0.043056116","-0.20466034","0.027294857","0.26374125","0.13322446","0.11621648","-0.124384694","-0.23956583","-0.15885465","-0.29605955","0.3101954","0.12048128","-0.13853782","0.05521887","0.15277466","-0.09333345","-0.18962622","0.020061584","-0.1871439","-0.15610287","0.10325792","-0.038651377","-0.12882592","-0.07489913","0.08767706","-0.18917935","-0.013503343","-0.2535019","-0.32908437","0.17152727","-0.094847664","0.231312","0.008953548","-0.17205243","0.11834437","0.086409315","0.21265206","0.27533418","-0.2806657","-0.041355655","0.097685784","-0.5696669","-0.3332706","0.23819472","0.30275136","-0.46675628","-0.12666984","-0.5334348","0.36915138","-0.0004982183","-0.78167903","-0.2504","-0.025653543","-0.40346932","-0.13340306","0.50821346","0.78084975","-0.24751942"
"spondyloarthropathies","0.87498623","0.15642056","-0.35828143","-0.20195292","0.024381798","0.16606362","0.076283805","-0.1848034","0.04210648","0.15154685","-0.036165886","0.02131427","-0.115862556","-0.16720329","-0.10767253","-0.16222271","0.060234085","0.07142403","-0.05553747","-0.14775155","0.09212491","-0.194984","-0.18502262","0.080786385","-0.027257925","0.07915178","0.15471315","-0.0030299574","-0.06831982","-0.06455742","0.06269637","0.026245844","0.016360119","-0.08850571","-0.052224312","-0.0035082067","0.06166201","0.17676122","0.047001977","-0.013005077","0.0068987063","-0.005742833","-0.045673486","-0.05662841","-0.17787755","-0.06547123","0.031193895","-0.017667567","-0.24167186","0.15888464","-0.00782238","0.038396087","0.0505102","-0.037999485","-0.020794947","-0.0047339327","-0.14677738","-0.08334143","-0.076371476","0.021606471","-0.051389188","0.030776784","0.044845976","-0.061459064"
"spontaneous bacterial peritonitis","1.0895789","0.18193033","-0.42275175","-0.2399554","0.03446787","0.2058652","0.089743726","-0.21851037","0.048642304","0.19069132","-0.052709877","0.02754636","-0.16056147","-0.23956439","-0.14270914","-0.21921103","0.0898915","0.07622576","-0.076451994","-0.2041992","0.10595485","-0.2937301","-0.26853952","0.12147105","-0.07589652","0.15678696","0.27425086","-0.038657572","-0.16413218","-0.14535944","0.0722131","0.024344925","0.04335504","-0.17592983","-0.12847957","0.07745355","0.3276466","0.25759375","0.18119648","0.112941466","0.14343114","-0.12837808","-0.08430298","-0.20631538","-0.44234166","-0.18744792","0.084423535","-0.2891379","-0.41507298","0.38909465","-0.062499695","0.29247975","0.068683825","-0.161247","-0.0056197555","0.063689984","-0.35329193","0.029292598","-0.23705041","0.31323996","-0.4280175","0.30690706","-0.02966461","-0.23394252"
"squamous cell carcinoma","0.70392734","-0.5267335","1.100581","2.0866435","-3.1353621","-1.3880893","-2.0410008","0.011648877","-0.41129988","1.4940013","3.6143427","1.2982345","-0.31983304","0.64141345","0.48431504","-0.461146","0.3801197","-0.009235444","-0.28505751","-0.47030193","0.46811098","-0.8939445","-0.18968935","0.43226942","0.1553393","0.62906706","-0.15570475","0.38481268","0.07070545","-0.45322093","0.35184777","-0.5295852","0.03366127","-0.09505656","-0.05389634","0.29910308","-0.0774394","-0.320057","0.04563714","-0.03407717","-0.03655182","0.3128891","-0.11016654","-0.18752144","-0.2542983","0.0026227445","0.376176","-0.15608557","-0.039072055","-0.1407288","0.035348356","0.11699843","0.21228646","0.20925114","0.09125203","-0.24894954","-0.13006516","-0.08053824","0.032629885","0.28861046","-0.06938411","0.19246641","0.060102113","-0.39449728"
"stomach adenocarcinoma","1.0795197","0.08754419","-0.26414055","-0.056515597","-0.032194246","0.47376177","0.29741392","0.030634813","-0.2145752","-0.14568563","0.26935285","0.23410311","0.35233355","-0.4486814","-2.0303843","-4.705116","-1.7417344","-1.1904527","0.8056877","-1.0032064","-1.9655365","-0.7800257","1.0417588","-0.68949866","-0.2743093","-0.29442143","-0.024301304","-0.03147724","-0.39933774","0.32808748","0.004337722","0.018682456","0.15010083","-0.67596763","0.058812547","-0.27372864","0.21153335","0.5136387","0.2950881","0.25118533","-0.05927279","0.3160723","0.0531593","-0.12230936","-0.28841344","0.21133891","0.37284","-0.102086835","-0.30072492","-0.13960722","0.23718368","-0.12817709","0.16407828","0.054045875","-0.15002257","-0.042686947","-0.2138757","-0.14569345","0.0074204938","0.33662263","-0.083500154","-0.054798372","-0.1457361","-0.08203025"
"stomach cancer","0.87498623","0.15642056","-0.35828143","-0.20195296","0.024381798","0.16606362","0.076283805","-0.1848034","0.04210648","0.15154685","-0.03616574","0.02131427","-0.115862556","-0.16720346","-0.10767253","-0.16222271","0.060234085","0.07142403","-0.05553747","-0.14775155","0.09212471","-0.194984","-0.18502262","0.08078633","-0.027257925","0.07915178","0.15471303","-0.0030299574","-0.06831969","-0.064557165","0.06269623","0.026245844","0.016360395","-0.08850585","-0.052224312","-0.003508499","0.06166201","0.17676122","0.047001977","-0.013005077","0.0068987063","-0.0057425145","-0.045673326","-0.05662825","-0.17787734","-0.065471396","0.03119356","-0.017667653","-0.2416715","0.15888482","-0.007822734","0.038395997","0.050509926","-0.038000036","-0.020794947","-0.0047335518","-0.14677776","-0.08334123","-0.07637188","0.021605974","-0.051389795","0.03077801","0.0448469","-0.061459888"
"stomach neoplasms","1.0982788","-0.62724227","0.18110529","0.17822881","-0.90615326","-0.45116097","-0.5789593","1.3465723","0.9468629","0.0104067195","3.752785","2.7640953","-0.04802946","0.40320152","0.253168","-0.17044657","0.37730932","-0.04251286","-0.36517933","-0.43860096","0.61356676","-0.40493366","-0.1124614","0.37793252","-0.2549945","0.22043993","-0.26846465","0.41800103","0.2852566","-0.30318707","0.3970919","-0.49290794","-0.03326193","-0.09781944","0.24756745","0.1778707","-0.19351207","-0.21582013","0.12049468","0.0713521","-0.38618523","0.073138826","0.04242358","-0.31040272","-0.23058286","0.13908672","0.36840928","-0.14547159","-0.28924856","-0.230507","-0.12783422","-0.041462395","0.41764578","0.064682804","0.21862653","-0.23055564","-0.20884864","-0.05546955","0.0032464701","0.14519383","-0.0071531534","0.17018366","-0.0029545855","-0.32714868"
"stress and depression","1.0831143","0.1804085","-0.3858267","-0.21373197","0.023241784","0.17097938","0.0025846655","-0.1665863","0.09942407","0.22324784","-0.04809574","0.009439673","-0.121198386","-0.17799926","-0.098934725","-0.22960044","0.009630461","0.15360796","-0.03071186","-0.22387157","0.23085006","-0.28334656","-0.17210028","0.18748024","-0.0014181256","-0.037975397","0.07660183","0.18473044","-0.13045916","-0.14391825","0.12845108","0.06275622","0.020801034","-0.108404815","-0.1047582","0.0899955","0.021641685","0.29640624","0.025857827","0.05896836","-0.09240488","-0.044166613","-0.19719946","0.008917687","0.08660833","0.24750425","-0.19546424","0.14874795","-0.3049432","0.07059792","0.043383177","-0.10293566","-0.43070003","0.0697909","-0.20885928","-0.19664931","-0.3882577","-0.17370439","-0.0732424","0.07118819","-0.4860456","0.39926437","0.23055765","0.08914979"
"stress-induced responses","1.086982","0.17478484","-0.40046173","-0.22492148","0.031930324","0.19396998","0.079448305","-0.21920453","0.048808992","0.19500197","-0.04594822","0.014318013","0.094122395","-0.030157996","-0.16581975","-0.16339773","0.066864215","0.09792839","-0.030755924","-0.17273405","0.12416643","-0.20749964","-0.19157001","0.09990403","-0.018996151","0.07195306","0.19029804","0.011926359","-0.08357483","-0.08866471","0.10267258","0.024851197","0.012347353","-0.12656052","-0.04291778","0.01991908","0.058411077","0.19030881","0.063893154","0.013014429","0.010146937","-0.047669478","-0.08169641","-0.034618873","-0.18282968","-0.11694723","0.015376436","-0.030450465","-0.3029004","0.23702891","0.00375535","0.0678307","0.14123863","-0.05673915","-0.012212745","0.010924936","-0.19311008","-0.1141536","-0.12945917","0.049197663","-0.045674473","0.022117727","0.08957973","-0.07871952"
"surgical site infections","1.0841886","0.16254766","-0.37262085","-0.20863822","0.026749244","0.17208941","0.078077994","-0.18915486","0.042857524","0.15511148","-0.037505787","0.021679563","-0.11907353","-0.17061482","-0.10938066","-0.16468017","0.061109453","0.071964614","-0.055835254","-0.14961286","0.09285072","-0.19630325","-0.185787","0.081185654","-0.027323978","0.079232514","0.1545316","-0.0029814953","-0.067923784","-0.06405448","0.062241506","0.026082044","0.01616693","-0.087280385","-0.05140085","-0.004121532","0.05983419","0.17389973","0.04651283","-0.012988022","0.006615655","-0.004968037","-0.04490531","-0.055557482","-0.17451076","-0.06329149","0.030264677","-0.017825399","-0.23534933","0.15389925","-0.0078171035","0.03635572","0.04848699","-0.037177823","-0.020521663","-0.004897551","-0.1414183","-0.07886915","-0.073542304","0.019609308","-0.052986875","0.029612565","0.04279979","-0.05889411"
"surgical-wound contamination","1.0885501","0.16499393","-0.3943371","-0.19121182","0.06115506","0.23072115","0.045214366","-0.16228844","0.0808189","0.20574124","0.09887005","0.15565714","-0.13087155","-0.23897031","-0.0027577553","-0.1068407","-0.1694633","0.010181773","0.03109953","-0.12861796","0.03790657","-0.27844808","-0.15623674","0.19129248","0.16135083","0.064116515","0.17500733","-0.030040648","0.03426372","-0.494467","0.56249076","-0.06954516","-0.3049086","-0.08938688","-0.093674704","0.18395974","0.00031952758","-0.2532024","0.6359791","-0.12686208","-0.12293443","0.4806273","-0.3628225","0.5337673","0.031997383","0.36728325","-0.16434789","-0.5520342","-0.27728727","0.77382284","-0.2790439","-0.025134161","-0.02766373","-0.33725023","-1.17704","-1.3141809","0.3348433","1.093115","-0.571457","0.35974494","0.57613707","-0.40579867","0.24512678","-0.21189849"
"systemic inflammation","1.0968406","0.21827975","0.68657213","1.9154145","-2.5023642","-0.90201044","-1.5757478","-1.5003905","-1.3841326","1.7711382","0.13468176","-1.3482397","-0.42093304","0.13663194","0.16711156","-0.47352958","0.06460387","0.10528967","0.029650448","-0.21297291","-0.048126385","-0.70438004","-0.25662696","0.155224","0.37485582","0.48503998","0.26872995","-0.01908698","-0.26103482","-0.22945097","0.020033637","-0.04238512","0.05234866","-0.08567017","-0.3392122","0.11669465","0.13851218","0.050388776","-0.039982013","-0.112890944","0.35910437","0.23378809","-0.18736564","0.06853042","-0.19155982","-0.20786569","0.034174055","-0.040373318","0.009919576","0.23895986","0.16126966","0.20493323","-0.18264039","0.12178188","-0.13311683","-0.02930578","-0.05454605","-0.09193623","-0.041287795","0.14180388","-0.12800327","0.08142982","0.11592787","-0.06846891"
"systemic lupus erythematosus","1.083657","0.13436475","-0.34025395","-0.19478261","0.024279756","0.1647586","0.15758565","-0.20705709","-0.021116987","0.06947764","-0.023880212","0.03620098","-0.10579117","-0.15155017","-0.11580274","-0.07675997","0.108340956","-0.021378402","-0.069442965","-0.050015595","-0.0686995","-0.07594757","-0.19166161","-0.049631324","-0.06187349","0.19592221","0.21917741","-0.21704318","0.013984475","0.032072153","-0.0095842","-0.013876753","-0.0005258492","-0.049163993","0.006827815","-0.11228935","0.08524775","0.026027903","0.07045932","-0.080385804","0.12877262","0.05036425","0.11815514","-0.11114152","-0.435204","-0.38901263","0.25342557","-0.21542338","-0.13234568","0.21039283","-0.069535464","0.17710425","0.5582361","-0.15944763","0.20071244","0.18786508","0.13682903","0.0210877","-0.08128266","-0.07816451","0.42358825","-0.3650997","-0.15568855","-0.18436249"
"throat cancer","0.5051284","0.49800998","-0.75542486","-1.8288492","-1.7850524","-2.1019309","0.6800775","1.7162379","-0.9552028","-0.0809093","-1.0572964","-0.14501244","0.09930823","0.11020124","0.30621678","-0.30416766","-0.03392045","0.9634935","-1.240817","0.058798745","-1.6033133","0.113780335","0.122324996","0.681015","-0.9750082","-0.20630239","-0.832951","-1.2652926","0.38100532","-0.6132312","-0.5291056","1.7819399","-0.93838465","-0.067725405","0.2533201","1.5207999","-0.7425646","-0.45086977","-0.23172948","-0.7943744","-0.8222393","-0.8538701","-0.48103872","-0.43935904","0.7869335","0.35794207","-1.856642","0.86780244","-0.858983","0.28577635","-0.43495402","-0.6540022","1.2222338","0.086913586","1.9441772","-0.1955586","0.32016838","0.9034207","0.330555","0.43288162","-0.66757154","-0.09420245","-0.20519048","-0.9001419"
"thrombosis","1.0852947","0.16618426","-0.3817975","-0.21362664","0.028711017","0.17758948","0.07992719","-0.19452758","0.0438703","0.16068955","-0.03988322","0.022410216","-0.12652214","-0.18005942","-0.11435782","-0.17399128","0.064777605","0.07435107","-0.057255995","-0.15974721","0.097388506","-0.2119614","-0.196016","0.08820341","-0.028857596","0.08681277","0.16752207","-0.0039859414","-0.07481599","-0.07007394","0.067298666","0.027518194","0.017755104","-0.09551672","-0.056295943","-0.0006455912","0.069321506","0.18804075","0.048690308","-0.013350427","0.007955937","-0.008035152","-0.047347676","-0.060002614","-0.18759605","-0.07120566","0.03315646","-0.017069513","-0.25743297","0.17010462","-0.007830215","0.04313366","0.054368217","-0.04029879","-0.021177221","-0.0044752415","-0.15623286","-0.09128076","-0.082047604","0.024804022","-0.048899733","0.033190347","0.048241433","-0.06558415"
"thyroid cancer","0.69260436","-0.1244145","0.7143428","0.6488252","1.5384005","-2.0225499","0.81115067","1.0929751","1.8245703","2.4701557","-0.43364835","-1.4885043","0.37588698","-1.2633933","-0.4940015","0.6462615","0.46223992","0.65025693","-0.5816289","-0.78878564","-1.1299753","-0.64853543","1.5226034","0.5121096","-0.6165647","-1.0533224","0.70023793","-0.1974376","-0.050345648","0.8014551","-0.33093625","0.1564291","-2.4084253","-2.5761225","1.3809028","-0.46691504","-1.6600462","-0.39839152","-0.87855214","0.16556616","-0.06067939","1.4894598","0.5729425","0.14223261","-0.64718276","0.2593934","0.78232855","-0.05467598","-0.7616193","-1.2669485","0.58585274","-0.20016146","-0.07790691","0.9651303","-0.6002956","-0.67774457","0.03417203","-0.12803407","-0.29232648","0.10380638","-0.015049659","-0.6065808","-0.037241176","-0.12746555"
"thyroid carcinoma","0.6872872","0.2955247","-0.29073608","-0.19693562","-0.3888074","0.12313701","-0.04558476","0.026171282","0.30797157","0.06668858","0.79002523","0.005566695","-0.021492587","-0.47557417","-0.7789977","2.0983303","-0.52492154","-2.4443","1.4517255","1.5850742","-2.232448","0.8069868","-2.477916","-2.87516","0.37825128","0.64054775","1.8984386","-2.3596265","-0.6183962","3.1387231","-1.6386623","-0.8184422","-0.25424427","-0.6090557","0.28698128","4.1932073","-1.3739566","1.7735944","0.9328052","1.5689173","0.32017455","0.20194651","-1.819089","-1.3577412","0.67216957","-0.16124567","1.5096904","0.41687402","-0.31907427","0.033975165","0.120451964","0.013046118","-0.25739413","-0.26039875","0.12357413","0.45633215","0.2871087","0.47709903","-0.6408044","-0.37303022","0.35294053","-0.153953","-0.26732755","-0.07953166"
"thyroid nodules","0.7020883","-1.2333328","2.782241","-1.4038277","1.3028158","-0.97890717","-0.37918815","1.8057058","2.583306","3.343716","-0.42214593","-2.8477972","0.5093676","-1.4341004","0.095652044","0.18315361","-0.035801653","0.81318253","-0.8082979","-0.6379539","-0.96392936","-0.6387095","1.1313194","0.47444996","-0.64246005","-1.0542608","0.6176209","-0.7090541","0.13852917","0.6294419","-0.4018573","0.7553895","-1.6110883","-2.026797","1.0579809","-0.27424765","-1.1292727","-0.0068649733","-0.7683716","-0.011750263","0.24971959","1.2967169","0.362862","-0.11675788","-0.5084857","0.29433376","0.8142719","-0.21506931","-0.80265135","-1.4402058","0.30844343","-0.2409311","0.13209154","0.94871646","-0.67229706","-0.5893335","-0.05813349","-0.34302005","-0.29969403","0.09544602","0.049655203","-0.35404015","-0.050791074","-0.47504684"
"trench fever","1.0875084","0.17409384","-0.40184247","-0.22462642","0.033065584","0.18987396","0.08409227","-0.20677476","0.04619278","0.17360625","-0.0454337","0.024127524","-0.14421658","-0.202739","-0.12634736","-0.1967435","0.07378932","0.08022655","-0.060765035","-0.18493988","0.10874017","-0.25190234","-0.22217782","0.10625722","-0.032819595","0.106612206","0.20175216","-0.006686148","-0.09331455","-0.08638926","0.08104467","0.031481314","0.02214889","-0.11866071","-0.070159815","0.00922205","0.09667344","0.2290642","0.055135272","-0.014294711","0.011842032","-0.01731814","-0.055245467","-0.07318811","-0.22715943","-0.095716916","0.042530894","-0.0149309365","-0.32592347","0.22212613","-0.007938299","0.06448781","0.07396569","-0.04942013","-0.023876278","-0.002848729","-0.20712774","-0.13344103","-0.10924396","0.04295788","-0.03394508","0.044507205","0.06730841","-0.089272894"
"triple negative breast cancer (TNBC)","1.0845563","0.1638588","-0.33779886","-0.17481261","-0.029169546","0.15946557","0.012054085","-0.17602126","0.14323454","0.09877387","-0.0032848704","0.16362622","-0.096742794","-0.05352949","-0.029110769","0.107619934","0.12647423","-0.06510027","0.03228071","-0.18751244","-0.14432609","-0.089594856","0.21621971","-0.09503972","0.23207575","-0.23624763","0.1514394","0.057033498","-0.20979577","-0.075019255","-0.25839415","0.04910136","0.045575846","0.041861292","-0.34242758","-0.2302345","0.43509802","0.27404094","0.6760254","-0.568205","-0.12655541","0.45085868","-0.4078632","-0.24308191","0.6001656","-0.04753382","0.25597888","0.11341144","-0.64838064","0.43877873","0.26216722","-0.09483196","-0.072948135","-0.23567028","-0.008136","0.14489281","-0.06947698","0.46662667","0.024823852","-0.16064376","0.12122584","0.6598659","-0.15609641","-0.50866944"
"type 1 diabetes","-1.4139056","-0.7541171","0.8456435","-0.95354825","0.51387036","0.15647186","0.83675593","0.17802708","-0.055075843","-0.73750746","-0.16718021","0.29835057","0.20928828","-0.131398","-0.34527642","0.24862273","-0.081643306","-0.5699824","-0.5029333","0.2322126","-0.08934893","0.07415196","-0.49302444","1.7238953","0.4413984","-2.3798168","0.25238228","-0.6386151","0.69762146","-0.66134","-0.48623317","1.4849056","1.4417385","0.7810966","1.7305604","-0.81665814","0.26029268","2.0949779","1.3821757","-1.2628584","0.21011102","-1.6538426","-1.7610475","-0.3416948","-1.132453","-1.2152196","1.8678621","0.5702427","-0.25464615","-0.29255742","-2.198665","-1.8154433","-0.37888524","-0.78455764","-2.5719173","2.04978","-0.06979436","0.82187843","-1.5704538","-0.91774774","1.8428173","0.9298111","-0.3361729","1.7320406"
"type 1 diabetes mellitus","0.8707025","-4.233909","-3.3108513","0.30731633","-0.78048307","0.19012113","-0.07681796","-0.27854007","0.5918392","0.9654972","-0.5022733","-0.8849607","-0.18905205","-0.26171783","-0.39086825","-0.0064943205","-0.29311267","0.038839016","-0.29144087","-0.37511042","-0.44033626","-0.30295983","-0.27759817","0.48702642","0.36866567","0.2925231","0.50458586","0.31872556","-0.05254693","-0.27835244","0.012013355","-0.055997718","0.068308055","0.17190771","-0.00011078204","-0.13921705","0.10585504","-0.042892087","-0.034159936","0.27156165","-0.05843335","0.0124997925","0.010472468","0.04646686","0.2168489","0.22912218","0.022984957","0.085771605","0.013487459","0.2715627","-0.4077378","0.07784549","-0.20993166","0.03382212","0.15229036","0.056429114","-0.32889956","0.13210256","0.006452962","-0.2742518","-0.10553577","-0.36737463","0.0132227","-0.16352755"
"type 2 diabetes","-1.6795417","-0.21204023","0.39454988","0.33460185","0.30769774","0.9101847","-0.4273639","0.4602507","-0.2208627","-0.16825041","-0.75779265","-0.79152495","-0.0965501","-0.18283257","-0.7795684","0.35007963","-0.013439456","-0.57104796","0.036416173","1.1401392","0.40007484","0.5719968","0.6310344","0.66463995","-0.22616722","0.60526156","-0.047668785","-0.18179038","-0.19175842","1.027431","0.45459247","0.5831047","0.8308266","-0.16815042","-0.388437","0.8951804","0.3973208","0.4211032","-0.15460613","0.7308188","1.5795771","-1.3785198","-1.4387373","0.30928254","-0.79389274","-0.4528976","0.56626666","1.5595934","-0.8035366","-2.1753507","-1.5029863","-2.9412692","0.89254147","-1.2648817","0.1775444","0.44058725","1.4028306","2.5895123","0.5889812","2.4834697","-0.06535328","-1.3389292","-1.1264671","4.5381303"
"type 2 diabetes mellitus","-0.34351927","-1.7417051","-0.48758134","3.140354","-2.3313751","-1.7120644","0.9337567","-2.459741","-0.847686","-1.570065","-1.1231545","0.5861802","0.025782118","0.14265841","-0.7350637","0.8184592","0.25053605","0.25320527","0.9682497","-0.08680195","-0.7585848","-3.1545818","-1.4622144","-0.034134116","-0.06253983","-0.9136368","0.16963191","0.72423446","-0.24311006","-0.20277186","0.14220658","0.3960793","-1.2231741","-0.24493012","0.10388725","-0.033067223","0.11669716","-0.38293472","-0.12886049","0.20609547","0.20377739","-0.015117087","0.19132772","0.22179672","-0.08182646","-0.19894798","-0.48912606","0.41991958","0.13666238","-0.18285564","0.57257515","-0.75333655","-0.050007492","0.008268631","-0.021993203","-0.51182795","-0.34773883","0.6390656","-0.46671948","-0.46400365","-0.5295623","-0.08870359","0.08736006","-0.016123306"
"type II diabetes","0.87841356","0.2776593","-0.25329807","-0.12398616","0.12933485","0.23940207","-0.005806149","-0.18564524","0.059877772","0.27312407","-0.007688265","-0.17466955","-0.12418669","-0.59351367","-0.42709127","0.1418528","-0.5328582","0.030748975","0.3549548","1.1855745","-0.084669076","-0.35185465","0.59891766","1.1286517","-0.056254357","0.5724572","0.38405263","0.4927217","-0.8554286","0.14357083","1.4226288","1.466153","-0.27980098","0.9796663","-2.2042563","-0.99557436","-1.595288","-2.1218932","2.321987","1.9809468","-1.2357271","-1.5821149","-0.47509477","-0.076414175","-0.15859002","-0.030337693","2.6375248","1.1419803","-0.14695796","0.11847645","-0.09755133","-0.42605335","-0.016673977","-0.033683132","0.8540287","-0.5582122","-0.23371999","-0.3576428","0.54725176","-0.28100756","-0.1690177","0.0910759","0.25563708","-0.12951861"
"type-2 diabetes mellitus (T2DM)","0.6698657","1.7590504","-2.2035286","0.36600357","0.65837383","0.85227615","-3.042284","2.1973152","1.0652351","0.5101195","0.4020012","-1.4531641","-0.42993534","0.21901512","0.13459052","-0.8683336","-0.4220104","2.3658597","-0.7932372","-0.3010394","-1.0272423","-0.17526586","-1.5222064","-0.9335293","1.8047891","0.49580675","-1.1763897","-0.23191687","-1.195267","-0.5332778","-0.50032336","-0.35209712","0.13242966","-0.49493957","-0.8359869","-0.9935875","-0.47340074","-0.2587373","-0.25179845","-0.7427913","-0.608146","0.3521276","0.31730187","0.8659152","-0.02872599","-0.60519916","-0.44737217","0.15399732","0.43393463","-0.7882877","1.3795289","-0.15895095","-0.083432645","-1.9098818","0.3304715","-0.115424044","-0.13252598","-1.103995","-0.5762911","-0.34736726","0.77188766","-0.19787587","-0.27277064","-0.11277608"
"typhoid fever","0.87498623","0.15642059","-0.35828143","-0.20195295","0.024381798","0.16606364","0.07628379","-0.1848034","0.04210648","0.15154685","-0.036165815","0.021314234","-0.115862556","-0.1672035","-0.10767262","-0.16222267","0.060234096","0.07142413","-0.055537447","-0.1477517","0.09212474","-0.19498417","-0.18502268","0.0807861","-0.0272577","0.07915158","0.15471315","-0.0030299574","-0.06831976","-0.06455729","0.062696494","0.02624611","0.016360395","-0.08850637","-0.052224386","-0.0035082067","0.06166305","0.17676108","0.047002733","-0.01300524","0.006898863","-0.0057432707","-0.045672946","-0.05662829","-0.17787717","-0.06547156","0.031193875","-0.017666964","-0.24167186","0.15888412","-0.0078217825","0.038395908","0.05051043","-0.03799985","-0.020796264","-0.004732598","-0.14677641","-0.08334041","-0.07636995","0.021605378","-0.051390145","0.030776719","0.044848803","-0.06145711"
"ulcerative colitis","-1.9399401","-0.04975004","0.0031342215","0.006221899","-0.12958069","0.043215334","0.02619144","-0.03108922","0.0119639365","0.021163953","-0.0026078436","-0.04342235","0.13743076","0.010301775","-0.05042872","0.022696909","-0.06942055","0.10088772","0.20140006","0.18055199","0.007941904","0.06434271","-0.0045405226","0.050797652","-0.029208725","0.10228123","0.0040610577","-0.061307244","-0.0010085449","-0.116648816","-0.0011585339","0.049204912","0.08213805","0.11494732","-0.15306872","-0.18224221","-0.109566346","0.10651806","0.23512328","-0.32850096","0.3329385","0.0025751141","-0.0012797652","-0.22049095","-0.068307385","0.07739713","0.305391","0.31799987","-0.029957227","0.28684342","-0.059907533","0.835113","-1.6423072","0.6667448","-3.157829","1.7989126","1.3846046","-3.1079435","-1.2138222","0.98995245","-1.5772928","0.09385457","0.7931251","-0.63730985"
"urinary incontinence","1.0841974","0.1631237","-0.37284398","-0.20698474","0.02743169","0.17231274","0.080082655","-0.18997155","0.044277262","0.15711124","-0.038872506","0.019671565","-0.119971134","-0.17195758","-0.11254261","-0.16235381","0.06062141","0.067228","-0.056233674","-0.15045553","0.09173549","-0.19739836","-0.18020956","0.09015099","-0.028273735","0.0728979","0.15560585","-0.006038467","-0.054956663","-0.05880467","0.06271963","0.026465176","0.008017202","-0.0887284","-0.039814483","-0.0014237695","0.04834088","0.18403123","0.04356045","-0.016257685","0.00010187885","-0.0012338106","-0.041776594","-0.03456599","-0.16918223","-0.06228696","0.01313953","-0.0010603764","-0.2180099","0.17845255","0.010551265","0.050252605","0.016278964","-0.06386739","-0.05315095","0.0025599832","-0.17025423","-0.08273494","-0.080987655","0.02126307","-0.027396576","0.018391024","0.06895293","-0.015696898"
"urinary tract infection","0.8867097","-0.025747014","-0.12248915","0.20314412","0.67650557","0.09325079","-0.050839335","0.2711905","0.15547392","-0.21223255","-0.107576914","-0.51631707","0.29347813","-0.5682554","1.5658923","-0.6147165","0.057915967","-0.9820834","0.85973626","-0.011797584","-0.20195875","-0.37335658","-0.20926055","-0.35360834","2.6151767","0.17231712","-0.9158147","-0.20480338","1.4033685","-2.0916033","1.4253186","-0.94584864","-2.0423357","1.1826499","1.1989045","1.1217562","0.09534282","-1.0686086","0.5868566","-0.013339222","-0.7518614","-0.23382846","-0.30847293","-0.3989018","-0.39816004","1.4255781","0.13813736","-0.6902148","-0.12927277","1.3383685","0.17430565","-0.27313137","0.14176331","-0.15417507","-1.095811","-1.1901196","0.68320686","0.8909539","-0.4787842","0.5366644","0.5333951","-0.07158295","0.2900603","0.1606539"
"ventilator-associated pneumonia","0.87850535","0.17364113","-0.3957703","-0.22450297","0.03086521","0.19842198","0.07559554","-0.23288815","0.051707152","0.21786366","-0.048039023","0.0060103023","0.30186096","0.11514806","-0.20559184","-0.14349297","0.0646382","0.11602212","-0.005990313","-0.17341249","0.14279836","-0.18873626","-0.17810065","0.10343994","-0.009165288","0.052670185","0.19847016","0.026150694","-0.08531713","-0.09941865","0.12811182","0.02156584","0.006789339","-0.14603704","-0.02860299","0.03425693","0.043213878","0.18276633","0.074715555","0.03445851","0.010978973","-0.07711352","-0.107273415","-0.0117052235","-0.17115246","-0.14799006","-0.0003125702","-0.041180987","-0.32542533","0.27992198","0.012706826","0.083151154","0.20470501","-0.067762084","-0.0050394847","0.022447217","-0.21351342","-0.124840975","-0.160075","0.06428975","-0.044634666","0.012728863","0.11761351","-0.08568185"
"viral diarrhea","-0.2072514","-2.3095398","3.7630322","-0.39697558","1.179128","-1.211053","1.6959552","0.73313665","0.8161967","0.73636013","-1.0850015","-0.9133369","1.3608692","-1.6612843","1.3639957","-0.6614849","0.41092727","-0.2688679","-0.00010534165","-0.40113613","-0.6119661","1.0757644","-1.2229935","0.15290257","4.7446733","-1.6738348","-1.295792","-0.60233635","0.216079","-0.88229936","1.1049479","0.48185423","0.33588976","-0.5176086","1.2889539","1.8721211","0.9688859","-0.39079252","1.853772","-0.39200774","-1.7519491","-0.5058803","0.2810661","-0.63294524","0.24637598","1.285571","-0.31460565","-0.25341624","-0.122147046","0.8298742","0.45635062","1.6092753","-1.5659195","-0.3627739","-1.3544238","0.07536106","-1.73812","-0.88198626","0.19939543","0.375028","-0.60115194","-0.277033","-0.28527963","-0.49361032"
"wound infection","1.0895789","0.18193033","-0.42275175","-0.2399554","0.03446787","0.2058652","0.089743726","-0.21851037","0.048642304","0.19069132","-0.052709877","0.02754636","-0.16056147","-0.23956439","-0.14270914","-0.21921103","0.0898915","0.07622576","-0.076451994","-0.2041992","0.10595485","-0.2937301","-0.26853952","0.12147105","-0.07589652","0.15678696","0.27425086","-0.038657572","-0.16413218","-0.14535944","0.0722131","0.024344925","0.04335504","-0.17592983","-0.12847957","0.07745355","0.3276466","0.25759375","0.18119648","0.112941466","0.14343114","-0.12837808","-0.08430298","-0.20631538","-0.44234166","-0.18744792","0.084423535","-0.2891379","-0.41507298","0.38909465","-0.062499695","0.29247975","0.068683825","-0.161247","-0.0056197555","0.063689984","-0.35329193","0.029292598","-0.23705041","0.31323996","-0.4280175","0.30690706","-0.02966461","-0.23394252"
