"disease","disease_hmdad_author_svd64_000","disease_hmdad_author_svd64_001","disease_hmdad_author_svd64_002","disease_hmdad_author_svd64_003","disease_hmdad_author_svd64_004","disease_hmdad_author_svd64_005","disease_hmdad_author_svd64_006","disease_hmdad_author_svd64_007","disease_hmdad_author_svd64_008","disease_hmdad_author_svd64_009","disease_hmdad_author_svd64_010","disease_hmdad_author_svd64_011","disease_hmdad_author_svd64_012","disease_hmdad_author_svd64_013","disease_hmdad_author_svd64_014","disease_hmdad_author_svd64_015","disease_hmdad_author_svd64_016","disease_hmdad_author_svd64_017","disease_hmdad_author_svd64_018","disease_hmdad_author_svd64_019","disease_hmdad_author_svd64_020","disease_hmdad_author_svd64_021","disease_hmdad_author_svd64_022","disease_hmdad_author_svd64_023","disease_hmdad_author_svd64_024","disease_hmdad_author_svd64_025","disease_hmdad_author_svd64_026","disease_hmdad_author_svd64_027","disease_hmdad_author_svd64_028","disease_hmdad_author_svd64_029","disease_hmdad_author_svd64_030","disease_hmdad_author_svd64_031","disease_hmdad_author_svd64_032","disease_hmdad_author_svd64_033","disease_hmdad_author_svd64_034","disease_hmdad_author_svd64_035","disease_hmdad_author_svd64_036","disease_hmdad_author_svd64_037","disease_hmdad_author_svd64_038","disease_hmdad_author_svd64_039","disease_hmdad_author_svd64_040","disease_hmdad_author_svd64_041","disease_hmdad_author_svd64_042","disease_hmdad_author_svd64_043","disease_hmdad_author_svd64_044","disease_hmdad_author_svd64_045","disease_hmdad_author_svd64_046","disease_hmdad_author_svd64_047","disease_hmdad_author_svd64_048","disease_hmdad_author_svd64_049","disease_hmdad_author_svd64_050","disease_hmdad_author_svd64_051","disease_hmdad_author_svd64_052","disease_hmdad_author_svd64_053","disease_hmdad_author_svd64_054","disease_hmdad_author_svd64_055","disease_hmdad_author_svd64_056","disease_hmdad_author_svd64_057","disease_hmdad_author_svd64_058","disease_hmdad_author_svd64_059","disease_hmdad_author_svd64_060","disease_hmdad_author_svd64_061","disease_hmdad_author_svd64_062","disease_hmdad_author_svd64_063"
"AA amyloidosis","-0.22007634","-0.012736084","-0.030332055","-0.0119885225","-0.017566964","-0.012050644","-0.0032349413","0.008790346","-0.005663294","0.003401166","-0.0016634933","0.0016024841","0.0030496456","-0.006093373","0.001336644","0.0013386973","0.0014833187","-0.0015655878","-0.0011191956","-0.0022812048","0.0032914274","-0.003769479","-0.0010876738","8.700956e-05","-0.00057010935","0.003326504","0.00012283615","0.0024395816","-0.002798829","-0.0001607432","0.0027648855","0.0029609804","-0.0010443438","0.0017620911","-0.00088586373","-0.0009047997","-0.00079564453","2.4461137e-08","0.0010531262","0.028242592","0.03517258","-0.011418279","-0.023639556","-0.12819138","-0.003655476","0.0032118745","0.0018818054","0.00081408414","0.0","0.0","0.0","0.0","0.0","0.0","0.0","0.0","0.0","0.0","-0.0024369073","0.0","0.0","0.0","0.0","0.0"
"ADHD","-0.22007634","-0.012736084","-0.030332055","-0.0119885225","-0.017566964","-0.012050644","-0.0032349413","0.008790346","-0.005663294","0.003401166","-0.0016634933","0.0016024841","0.0030496456","-0.006093373","0.001336644","0.0013386973","0.0014833187","-0.0015655878","-0.0011191956","-0.0022812048","0.0032914274","-0.003769479","-0.0010876738","8.700956e-05","-0.00057010935","0.003326504","0.00012283615","0.0024395816","-0.002798829","-0.0001607432","0.0027648855","0.0029609804","-0.0010443438","0.0017620911","-0.00088586373","-0.0009047997","-0.00079564453","2.4461137e-08","0.0010531262","0.028242592","0.03517258","-0.011418279","-0.023639556","-0.12819138","-0.003655476","0.0032118745","0.0018818054","0.00081408414","0.0","0.0","0.0","0.0","0.0","0.0","0.0","0.0","0.0","0.0","-0.0024369073","0.0","0.0","0.0","0.0","0.0"
"Acne","-0.22007634","-0.012736084","-0.030332055","-0.0119885225","-0.017566964","-0.012050644","-0.0032349413","0.008790346","-0.005663294","0.003401166","-0.0016634933","0.0016024841","0.0030496456","-0.006093373","0.001336644","0.0013386973","0.0014833187","-0.0015655878","-0.0011191956","-0.0022812048","0.0032914274","-0.003769479","-0.0010876738","8.700956e-05","-0.00057010935","0.003326504","0.00012283615","0.0024395816","-0.002798829","-0.0001607432","0.0027648855","0.0029609804","-0.0010443438","0.0017620911","-0.00088586373","-0.0009047997","-0.00079564453","2.4461137e-08","0.0010531262","0.028242592","0.03517258","-0.011418279","-0.023639556","-0.12819138","-0.003655476","0.0032118745","0.0018818054","0.00081408414","0.0","0.0","0.0","0.0","0.0","0.0","0.0","0.0","0.0","0.0","-0.0024369073","0.0","0.0","0.0","0.0","0.0"
"Acquired Immunodeficiency Syndrome","-0.22007634","-0.012736084","-0.030332055","-0.0119885225","-0.017566964","-0.012050644","-0.0032349413","0.008790346","-0.005663294","0.003401166","-0.0016634933","0.0016024841","0.0030496456","-0.006093373","0.001336644","0.0013386973","0.0014833187","-0.0015655878","-0.0011191956","-0.0022812048","0.0032914274","-0.003769479","-0.0010876738","8.700956e-05","-0.00057010935","0.003326504","0.00012283615","0.0024395816","-0.002798829","-0.0001607432","0.0027648855","0.0029609804","-0.0010443438","0.0017620911","-0.00088586373","-0.0009047997","-0.00079564453","2.4461137e-08","0.0010531262","0.028242592","0.03517258","-0.011418279","-0.023639556","-0.12819138","-0.003655476","0.0032118745","0.0018818054","0.00081408414","0.0","0.0","0.0","0.0","0.0","0.0","0.0","0.0","0.0","0.0","-0.0024369073","0.0","0.0","0.0","0.0","0.0"
"Acute Lymphoblastic Leukemia","-0.22007634","-0.012736084","-0.030332055","-0.0119885225","-0.017566964","-0.012050644","-0.0032349413","0.008790346","-0.005663294","0.003401166","-0.0016634933","0.0016024841","0.0030496456","-0.006093373","0.001336644","0.0013386973","0.0014833187","-0.0015655878","-0.0011191956","-0.0022812048","0.0032914274","-0.003769479","-0.0010876738","8.700956e-05","-0.00057010935","0.003326504","0.00012283615","0.0024395816","-0.002798829","-0.0001607432","0.0027648855","0.0029609804","-0.0010443438","0.0017620911","-0.00088586373","-0.0009047997","-0.00079564453","2.4461137e-08","0.0010531262","0.028242592","0.03517258","-0.011418279","-0.023639556","-0.12819138","-0.003655476","0.0032118745","0.0018818054","0.00081408414","0.0","0.0","0.0","0.0","0.0","0.0","0.0","0.0","0.0","0.0","-0.0024369073","0.0","0.0","0.0","0.0","0.0"
"Acute cerbral infarction","-0.22007634","-0.012736084","-0.030332055","-0.0119885225","-0.017566964","-0.012050644","-0.0032349413","0.008790346","-0.005663294","0.003401166","-0.0016634933","0.0016024841","0.0030496456","-0.006093373","0.001336644","0.0013386973","0.0014833187","-0.0015655878","-0.0011191956","-0.0022812048","0.0032914274","-0.003769479","-0.0010876738","8.700956e-05","-0.00057010935","0.003326504","0.00012283615","0.0024395816","-0.002798829","-0.0001607432","0.0027648855","0.0029609804","-0.0010443438","0.0017620911","-0.00088586373","-0.0009047997","-0.00079564453","2.4461137e-08","0.0010531262","0.028242592","0.03517258","-0.011418279","-0.023639556","-0.12819138","-0.003655476","0.0032118745","0.0018818054","0.00081408414","0.0","0.0","0.0","0.0","0.0","0.0","0.0","0.0","0.0","0.0","-0.0024369073","0.0","0.0","0.0","0.0","0.0"
"Acute cholecystitis","-0.22007634","-0.012736084","-0.030332055","-0.0119885225","-0.017566964","-0.012050644","-0.0032349413","0.008790346","-0.005663294","0.003401166","-0.0016634933","0.0016024841","0.0030496456","-0.006093373","0.001336644","0.0013386973","0.0014833187","-0.0015655878","-0.0011191956","-0.0022812048","0.0032914274","-0.003769479","-0.0010876738","8.700956e-05","-0.00057010935","0.003326504","0.00012283615","0.0024395816","-0.002798829","-0.0001607432","0.0027648855","0.0029609804","-0.0010443438","0.0017620911","-0.00088586373","-0.0009047997","-0.00079564453","2.4461137e-08","0.0010531262","0.028242592","0.03517258","-0.011418279","-0.023639556","-0.12819138","-0.003655476","0.0032118745","0.0018818054","0.00081408414","0.0","0.0","0.0","0.0","0.0","0.0","0.0","0.0","0.0","0.0","-0.0024369073","0.0","0.0","0.0","0.0","0.0"
"Acute fatty liver","-0.22007634","-0.012736084","-0.030332055","-0.0119885225","-0.017566964","-0.012050644","-0.0032349413","0.008790346","-0.005663294","0.003401166","-0.0016634933","0.0016024841","0.0030496456","-0.006093373","0.001336644","0.0013386973","0.0014833187","-0.0015655878","-0.0011191956","-0.0022812048","0.0032914274","-0.003769479","-0.0010876738","8.700956e-05","-0.00057010935","0.003326504","0.00012283615","0.0024395816","-0.002798829","-0.0001607432","0.0027648855","0.0029609804","-0.0010443438","0.0017620911","-0.00088586373","-0.0009047997","-0.00079564453","2.4461137e-08","0.0010531262","0.028242592","0.03517258","-0.011418279","-0.023639556","-0.12819138","-0.003655476","0.0032118745","0.0018818054","0.00081408414","0.0","0.0","0.0","0.0","0.0","0.0","0.0","0.0","0.0","0.0","-0.0024369073","0.0","0.0","0.0","0.0","0.0"
"Acute lymphoblastic leukemia","-0.22007634","-0.012736084","-0.030332055","-0.0119885225","-0.017566964","-0.012050644","-0.0032349413","0.008790346","-0.005663294","0.003401166","-0.0016634933","0.0016024841","0.0030496456","-0.006093373","0.001336644","0.0013386973","0.0014833187","-0.0015655878","-0.0011191956","-0.0022812048","0.0032914274","-0.003769479","-0.0010876738","8.700956e-05","-0.00057010935","0.003326504","0.00012283615","0.0024395816","-0.002798829","-0.0001607432","0.0027648855","0.0029609804","-0.0010443438","0.0017620911","-0.00088586373","-0.0009047997","-0.00079564453","2.4461137e-08","0.0010531262","0.028242592","0.03517258","-0.011418279","-0.023639556","-0.12819138","-0.003655476","0.0032118745","0.0018818054","0.00081408414","0.0","0.0","0.0","0.0","0.0","0.0","0.0","0.0","0.0","0.0","-0.0024369073","0.0","0.0","0.0","0.0","0.0"
"Acute skin abscess","-0.22007634","-0.012736084","-0.030332055","-0.0119885225","-0.017566964","-0.012050644","-0.0032349413","0.008790346","-0.005663294","0.003401166","-0.0016634933","0.0016024841","0.0030496456","-0.006093373","0.001336644","0.0013386973","0.0014833187","-0.0015655878","-0.0011191956","-0.0022812048","0.0032914274","-0.003769479","-0.0010876738","8.700956e-05","-0.00057010935","0.003326504","0.00012283615","0.0024395816","-0.002798829","-0.0001607432","0.0027648855","0.0029609804","-0.0010443438","0.0017620911","-0.00088586373","-0.0009047997","-0.00079564453","2.4461137e-08","0.0010531262","0.028242592","0.03517258","-0.011418279","-0.023639556","-0.12819138","-0.003655476","0.0032118745","0.0018818054","0.00081408414","0.0","0.0","0.0","0.0","0.0","0.0","0.0","0.0","0.0","0.0","-0.0024369073","0.0","0.0","0.0","0.0","0.0"
"Adolescent idiopathic scoliosis","-0.22007634","-0.012736084","-0.030332055","-0.0119885225","-0.017566964","-0.012050644","-0.0032349413","0.008790346","-0.005663294","0.003401166","-0.0016634933","0.0016024841","0.0030496456","-0.006093373","0.001336644","0.0013386973","0.0014833187","-0.0015655878","-0.0011191956","-0.0022812048","0.0032914274","-0.003769479","-0.0010876738","8.700956e-05","-0.00057010935","0.003326504","0.00012283615","0.0024395816","-0.002798829","-0.0001607432","0.0027648855","0.0029609804","-0.0010443438","0.0017620911","-0.00088586373","-0.0009047997","-0.00079564453","2.4461137e-08","0.0010531262","0.028242592","0.03517258","-0.011418279","-0.023639556","-0.12819138","-0.003655476","0.0032118745","0.0018818054","0.00081408414","0.0","0.0","0.0","0.0","0.0","0.0","0.0","0.0","0.0","0.0","-0.0024369073","0.0","0.0","0.0","0.0","0.0"
"Aerobic vaginitis","-0.22007634","-0.012736084","-0.030332055","-0.0119885225","-0.017566964","-0.012050644","-0.0032349413","0.008790346","-0.005663294","0.003401166","-0.0016634933","0.0016024841","0.0030496456","-0.006093373","0.001336644","0.0013386973","0.0014833187","-0.0015655878","-0.0011191956","-0.0022812048","0.0032914274","-0.003769479","-0.0010876738","8.700956e-05","-0.00057010935","0.003326504","0.00012283615","0.0024395816","-0.002798829","-0.0001607432","0.0027648855","0.0029609804","-0.0010443438","0.0017620911","-0.00088586373","-0.0009047997","-0.00079564453","2.4461137e-08","0.0010531262","0.028242592","0.03517258","-0.011418279","-0.023639556","-0.12819138","-0.003655476","0.0032118745","0.0018818054","0.00081408414","0.0","0.0","0.0","0.0","0.0","0.0","0.0","0.0","0.0","0.0","-0.0024369073","0.0","0.0","0.0","0.0","0.0"
"Aggressive periodontitis","-0.22007634","-0.012736084","-0.030332055","-0.0119885225","-0.017566964","-0.012050644","-0.0032349413","0.008790346","-0.005663294","0.003401166","-0.0016634933","0.0016024841","0.0030496456","-0.006093373","0.001336644","0.0013386973","0.0014833187","-0.0015655878","-0.0011191956","-0.0022812048","0.0032914274","-0.003769479","-0.0010876738","8.700956e-05","-0.00057010935","0.003326504","0.00012283615","0.0024395816","-0.002798829","-0.0001607432","0.0027648855","0.0029609804","-0.0010443438","0.0017620911","-0.00088586373","-0.0009047997","-0.00079564453","2.4461137e-08","0.0010531262","0.028242592","0.03517258","-0.011418279","-0.023639556","-0.12819138","-0.003655476","0.0032118745","0.0018818054","0.00081408414","0.0","0.0","0.0","0.0","0.0","0.0","0.0","0.0","0.0","0.0","-0.0024369073","0.0","0.0","0.0","0.0","0.0"
"Alcoholic Liver Disease","-0.22007634","-0.012736084","-0.030332055","-0.0119885225","-0.017566964","-0.012050644","-0.0032349413","0.008790346","-0.005663294","0.003401166","-0.0016634933","0.0016024841","0.0030496456","-0.006093373","0.001336644","0.0013386973","0.0014833187","-0.0015655878","-0.0011191956","-0.0022812048","0.0032914274","-0.003769479","-0.0010876738","8.700956e-05","-0.00057010935","0.003326504","0.00012283615","0.0024395816","-0.002798829","-0.0001607432","0.0027648855","0.0029609804","-0.0010443438","0.0017620911","-0.00088586373","-0.0009047997","-0.00079564453","2.4461137e-08","0.0010531262","0.028242592","0.03517258","-0.011418279","-0.023639556","-0.12819138","-0.003655476","0.0032118745","0.0018818054","0.00081408414","0.0","0.0","0.0","0.0","0.0","0.0","0.0","0.0","0.0","0.0","-0.0024369073","0.0","0.0","0.0","0.0","0.0"
"Alcoholic cirrhosis","-0.22007634","-0.012736084","-0.030332055","-0.0119885225","-0.017566964","-0.012050644","-0.0032349413","0.008790346","-0.005663294","0.003401166","-0.0016634933","0.0016024841","0.0030496456","-0.006093373","0.001336644","0.0013386973","0.0014833187","-0.0015655878","-0.0011191956","-0.0022812048","0.0032914274","-0.003769479","-0.0010876738","8.700956e-05","-0.00057010935","0.003326504","0.00012283615","0.0024395816","-0.002798829","-0.0001607432","0.0027648855","0.0029609804","-0.0010443438","0.0017620911","-0.00088586373","-0.0009047997","-0.00079564453","2.4461137e-08","0.0010531262","0.028242592","0.03517258","-0.011418279","-0.023639556","-0.12819138","-0.003655476","0.0032118745","0.0018818054","0.00081408414","0.0","0.0","0.0","0.0","0.0","0.0","0.0","0.0","0.0","0.0","-0.0024369073","0.0","0.0","0.0","0.0","0.0"
"Alcoholic hepatitis","-0.22007634","-0.012736084","-0.030332055","-0.0119885225","-0.017566964","-0.012050644","-0.0032349413","0.008790346","-0.005663294","0.003401166","-0.0016634933","0.0016024841","0.0030496456","-0.006093373","0.001336644","0.0013386973","0.0014833187","-0.0015655878","-0.0011191956","-0.0022812048","0.0032914274","-0.003769479","-0.0010876738","8.700956e-05","-0.00057010935","0.003326504","0.00012283615","0.0024395816","-0.002798829","-0.0001607432","0.0027648855","0.0029609804","-0.0010443438","0.0017620911","-0.00088586373","-0.0009047997","-0.00079564453","2.4461137e-08","0.0010531262","0.028242592","0.03517258","-0.011418279","-0.023639556","-0.12819138","-0.003655476","0.0032118745","0.0018818054","0.00081408414","0.0","0.0","0.0","0.0","0.0","0.0","0.0","0.0","0.0","0.0","-0.0024369073","0.0","0.0","0.0","0.0","0.0"
"Alcoholism","-0.22007634","-0.012736084","-0.030332055","-0.0119885225","-0.017566964","-0.012050644","-0.0032349413","0.008790346","-0.005663294","0.003401166","-0.0016634933","0.0016024841","0.0030496456","-0.006093373","0.001336644","0.0013386973","0.0014833187","-0.0015655878","-0.0011191956","-0.0022812048","0.0032914274","-0.003769479","-0.0010876738","8.700956e-05","-0.00057010935","0.003326504","0.00012283615","0.0024395816","-0.002798829","-0.0001607432","0.0027648855","0.0029609804","-0.0010443438","0.0017620911","-0.00088586373","-0.0009047997","-0.00079564453","2.4461137e-08","0.0010531262","0.028242592","0.03517258","-0.011418279","-0.023639556","-0.12819138","-0.003655476","0.0032118745","0.0018818054","0.00081408414","0.0","0.0","0.0","0.0","0.0","0.0","0.0","0.0","0.0","0.0","-0.0024369073","0.0","0.0","0.0","0.0","0.0"
"Allergic asthma","4.5553017","3.0512717","-0.29109624","-0.13882828","-1.1546952","-4.924508","-3.1909947","-6.196581","5.5829525","-6.368583","-0.011202035","-7.7089467","0.47615367","-3.891536","4.268015","5.992273","-5.9710455","0.031323165","-7.9548903","2.8182938","-1.0912081","-4.4600677","2.1265044","-2.9577594","1.4913899","1.1727166","1.9564736","-2.2543411","-0.8468225","3.4086075","0.45294327","8.374045","9.77202","7.623773","10.127676","-2.2853537","2.4834898","-2.9592513e-05","-0.24390085","2.1321664","3.7849796","-4.724824","1.1344099","3.0190806","-3.428803","2.851837","-0.97671443","3.861738","0.0","0.0","0.0","0.0","0.0","0.0","0.0","0.0","0.0","0.0","0.37448022","0.0","0.0","0.0","0.0","0.0"
"Allergic rhinoconjunctivitis","-0.22007634","-0.012736084","-0.030332055","-0.0119885225","-0.017566964","-0.012050644","-0.0032349413","0.008790346","-0.005663294","0.003401166","-0.0016634933","0.0016024841","0.0030496456","-0.006093373","0.001336644","0.0013386973","0.0014833187","-0.0015655878","-0.0011191956","-0.0022812048","0.0032914274","-0.003769479","-0.0010876738","8.700956e-05","-0.00057010935","0.003326504","0.00012283615","0.0024395816","-0.002798829","-0.0001607432","0.0027648855","0.0029609804","-0.0010443438","0.0017620911","-0.00088586373","-0.0009047997","-0.00079564453","2.4461137e-08","0.0010531262","0.028242592","0.03517258","-0.011418279","-0.023639556","-0.12819138","-0.003655476","0.0032118745","0.0018818054","0.00081408414","0.0","0.0","0.0","0.0","0.0","0.0","0.0","0.0","0.0","0.0","-0.0024369073","0.0","0.0","0.0","0.0","0.0"
"Allergic sensitization","3.4418368","11.430307","1.7928616","-0.04469829","2.2185888","0.8844366","2.5500677","1.2127196","2.81213","-0.04753222","-2.7266839","0.6194715","2.1281548","-1.8734782","0.91175854","-1.1680733","1.4989079","2.181297","-0.22799198","1.3509789","-1.7841825","-3.6015165","2.7885764","-1.0714716","0.13275568","0.710708","-2.3593438","4.257715","-1.8973051","-3.0102496","-1.0614725","-6.44557","-7.3331327","3.895867","5.1676693","-1.5015042","-2.6157417","-20.124508","0.07246206","-2.8191888","-0.16050766","0.113930434","-1.3630633","-0.5243979","4.455125","-0.5768728","3.6121662","2.61878","0.0","0.0","0.0","0.0","0.0","0.0","0.0","0.0","0.0","0.0","-3.4247017","0.0","0.0","0.0","0.0","0.0"
"Allergy","5.0793104","4.3864403","-1.2580125","-0.64356583","-1.9767065","-4.0541644","-3.7072954","8.050414","2.9312878","-3.3392944","2.0281434","5.709664","7.1259465","-1.4693071","1.5401348","-3.4949117","-1.1556352","2.1528738","2.167693","3.1033792","-3.4009829","-0.85462874","-0.020844698","1.286439","-0.98476654","-0.26565835","1.8738315","-1.557682","3.4350297","1.2379531","1.271039","2.497423","0.04151476","1.8250853","-3.4990542","18.971067","9.148167","-0.00016480453","-4.214085","-10.449495","-1.9751253","3.6138568","-4.445209","-0.41031274","-2.5960968","2.3915205","-2.7643826","2.2574599","0.0","0.0","0.0","0.0","0.0","0.0","0.0","0.0","0.0","0.0","1.7944685","0.0","0.0","0.0","0.0","0.0"
"Alopecia areata","-0.22007634","-0.012736084","-0.030332055","-0.0119885225","-0.017566964","-0.012050644","-0.0032349413","0.008790346","-0.005663294","0.003401166","-0.0016634933","0.0016024841","0.0030496456","-0.006093373","0.001336644","0.0013386973","0.0014833187","-0.0015655878","-0.0011191956","-0.0022812048","0.0032914274","-0.003769479","-0.0010876738","8.700956e-05","-0.00057010935","0.003326504","0.00012283615","0.0024395816","-0.002798829","-0.0001607432","0.0027648855","0.0029609804","-0.0010443438","0.0017620911","-0.00088586373","-0.0009047997","-0.00079564453","2.4461137e-08","0.0010531262","0.028242592","0.03517258","-0.011418279","-0.023639556","-0.12819138","-0.003655476","0.0032118745","0.0018818054","0.00081408414","0.0","0.0","0.0","0.0","0.0","0.0","0.0","0.0","0.0","0.0","-0.0024369073","0.0","0.0","0.0","0.0","0.0"
"Alopecia universalis","-0.22007634","-0.012736084","-0.030332055","-0.0119885225","-0.017566964","-0.012050644","-0.0032349413","0.008790346","-0.005663294","0.003401166","-0.0016634933","0.0016024841","0.0030496456","-0.006093373","0.001336644","0.0013386973","0.0014833187","-0.0015655878","-0.0011191956","-0.0022812048","0.0032914274","-0.003769479","-0.0010876738","8.700956e-05","-0.00057010935","0.003326504","0.00012283615","0.0024395816","-0.002798829","-0.0001607432","0.0027648855","0.0029609804","-0.0010443438","0.0017620911","-0.00088586373","-0.0009047997","-0.00079564453","2.4461137e-08","0.0010531262","0.028242592","0.03517258","-0.011418279","-0.023639556","-0.12819138","-0.003655476","0.0032118745","0.0018818054","0.00081408414","0.0","0.0","0.0","0.0","0.0","0.0","0.0","0.0","0.0","0.0","-0.0024369073","0.0","0.0","0.0","0.0","0.0"
"Alzheimer disease","-0.22007634","-0.012736084","-0.030332055","-0.0119885225","-0.017566964","-0.012050644","-0.0032349413","0.008790346","-0.005663294","0.003401166","-0.0016634933","0.0016024841","0.0030496456","-0.006093373","0.001336644","0.0013386973","0.0014833187","-0.0015655878","-0.0011191956","-0.0022812048","0.0032914274","-0.003769479","-0.0010876738","8.700956e-05","-0.00057010935","0.003326504","0.00012283615","0.0024395816","-0.002798829","-0.0001607432","0.0027648855","0.0029609804","-0.0010443438","0.0017620911","-0.00088586373","-0.0009047997","-0.00079564453","2.4461137e-08","0.0010531262","0.028242592","0.03517258","-0.011418279","-0.023639556","-0.12819138","-0.003655476","0.0032118745","0.0018818054","0.00081408414","0.0","0.0","0.0","0.0","0.0","0.0","0.0","0.0","0.0","0.0","-0.0024369073","0.0","0.0","0.0","0.0","0.0"
"Alzheimer's Disease","-0.22007634","-0.012736084","-0.030332055","-0.0119885225","-0.017566964","-0.012050644","-0.0032349413","0.008790346","-0.005663294","0.003401166","-0.0016634933","0.0016024841","0.0030496456","-0.006093373","0.001336644","0.0013386973","0.0014833187","-0.0015655878","-0.0011191956","-0.0022812048","0.0032914274","-0.003769479","-0.0010876738","8.700956e-05","-0.00057010935","0.003326504","0.00012283615","0.0024395816","-0.002798829","-0.0001607432","0.0027648855","0.0029609804","-0.0010443438","0.0017620911","-0.00088586373","-0.0009047997","-0.00079564453","2.4461137e-08","0.0010531262","0.028242592","0.03517258","-0.011418279","-0.023639556","-0.12819138","-0.003655476","0.0032118745","0.0018818054","0.00081408414","0.0","0.0","0.0","0.0","0.0","0.0","0.0","0.0","0.0","0.0","-0.0024369073","0.0","0.0","0.0","0.0","0.0"
"Alzheimer's disease","-0.22007634","-0.012736084","-0.030332055","-0.0119885225","-0.017566964","-0.012050644","-0.0032349413","0.008790346","-0.005663294","0.003401166","-0.0016634933","0.0016024841","0.0030496456","-0.006093373","0.001336644","0.0013386973","0.0014833187","-0.0015655878","-0.0011191956","-0.0022812048","0.0032914274","-0.003769479","-0.0010876738","8.700956e-05","-0.00057010935","0.003326504","0.00012283615","0.0024395816","-0.002798829","-0.0001607432","0.0027648855","0.0029609804","-0.0010443438","0.0017620911","-0.00088586373","-0.0009047997","-0.00079564453","2.4461137e-08","0.0010531262","0.028242592","0.03517258","-0.011418279","-0.023639556","-0.12819138","-0.003655476","0.0032118745","0.0018818054","0.00081408414","0.0","0.0","0.0","0.0","0.0","0.0","0.0","0.0","0.0","0.0","-0.0024369073","0.0","0.0","0.0","0.0","0.0"
"Alzheimers disease","-0.22007634","-0.012736084","-0.030332055","-0.0119885225","-0.017566964","-0.012050644","-0.0032349413","0.008790346","-0.005663294","0.003401166","-0.0016634933","0.0016024841","0.0030496456","-0.006093373","0.001336644","0.0013386973","0.0014833187","-0.0015655878","-0.0011191956","-0.0022812048","0.0032914274","-0.003769479","-0.0010876738","8.700956e-05","-0.00057010935","0.003326504","0.00012283615","0.0024395816","-0.002798829","-0.0001607432","0.0027648855","0.0029609804","-0.0010443438","0.0017620911","-0.00088586373","-0.0009047997","-0.00079564453","2.4461137e-08","0.0010531262","0.028242592","0.03517258","-0.011418279","-0.023639556","-0.12819138","-0.003655476","0.0032118745","0.0018818054","0.00081408414","0.0","0.0","0.0","0.0","0.0","0.0","0.0","0.0","0.0","0.0","-0.0024369073","0.0","0.0","0.0","0.0","0.0"
"Amyotrophic lateral sclerosis","-0.22007634","-0.012736084","-0.030332055","-0.0119885225","-0.017566964","-0.012050644","-0.0032349413","0.008790346","-0.005663294","0.003401166","-0.0016634933","0.0016024841","0.0030496456","-0.006093373","0.001336644","0.0013386973","0.0014833187","-0.0015655878","-0.0011191956","-0.0022812048","0.0032914274","-0.003769479","-0.0010876738","8.700956e-05","-0.00057010935","0.003326504","0.00012283615","0.0024395816","-0.002798829","-0.0001607432","0.0027648855","0.0029609804","-0.0010443438","0.0017620911","-0.00088586373","-0.0009047997","-0.00079564453","2.4461137e-08","0.0010531262","0.028242592","0.03517258","-0.011418279","-0.023639556","-0.12819138","-0.003655476","0.0032118745","0.0018818054","0.00081408414","0.0","0.0","0.0","0.0","0.0","0.0","0.0","0.0","0.0","0.0","-0.0024369073","0.0","0.0","0.0","0.0","0.0"
"Ankylosing Spondylitis","-0.22007634","-0.012736084","-0.030332055","-0.0119885225","-0.017566964","-0.012050644","-0.0032349413","0.008790346","-0.005663294","0.003401166","-0.0016634933","0.0016024841","0.0030496456","-0.006093373","0.001336644","0.0013386973","0.0014833187","-0.0015655878","-0.0011191956","-0.0022812048","0.0032914274","-0.003769479","-0.0010876738","8.700956e-05","-0.00057010935","0.003326504","0.00012283615","0.0024395816","-0.002798829","-0.0001607432","0.0027648855","0.0029609804","-0.0010443438","0.0017620911","-0.00088586373","-0.0009047997","-0.00079564453","2.4461137e-08","0.0010531262","0.028242592","0.03517258","-0.011418279","-0.023639556","-0.12819138","-0.003655476","0.0032118745","0.0018818054","0.00081408414","0.0","0.0","0.0","0.0","0.0","0.0","0.0","0.0","0.0","0.0","-0.0024369073","0.0","0.0","0.0","0.0","0.0"
"Ankylosing spondylitis","-0.22007634","-0.012736084","-0.030332055","-0.0119885225","-0.017566964","-0.012050644","-0.0032349413","0.008790346","-0.005663294","0.003401166","-0.0016634933","0.0016024841","0.0030496456","-0.006093373","0.001336644","0.0013386973","0.0014833187","-0.0015655878","-0.0011191956","-0.0022812048","0.0032914274","-0.003769479","-0.0010876738","8.700956e-05","-0.00057010935","0.003326504","0.00012283615","0.0024395816","-0.002798829","-0.0001607432","0.0027648855","0.0029609804","-0.0010443438","0.0017620911","-0.00088586373","-0.0009047997","-0.00079564453","2.4461137e-08","0.0010531262","0.028242592","0.03517258","-0.011418279","-0.023639556","-0.12819138","-0.003655476","0.0032118745","0.0018818054","0.00081408414","0.0","0.0","0.0","0.0","0.0","0.0","0.0","0.0","0.0","0.0","-0.0024369073","0.0","0.0","0.0","0.0","0.0"
"Anorexia Nervosa","-0.22007634","-0.012736084","-0.030332055","-0.0119885225","-0.017566964","-0.012050644","-0.0032349413","0.008790346","-0.005663294","0.003401166","-0.0016634933","0.0016024841","0.0030496456","-0.006093373","0.001336644","0.0013386973","0.0014833187","-0.0015655878","-0.0011191956","-0.0022812048","0.0032914274","-0.003769479","-0.0010876738","8.700956e-05","-0.00057010935","0.003326504","0.00012283615","0.0024395816","-0.002798829","-0.0001607432","0.0027648855","0.0029609804","-0.0010443438","0.0017620911","-0.00088586373","-0.0009047997","-0.00079564453","2.4461137e-08","0.0010531262","0.028242592","0.03517258","-0.011418279","-0.023639556","-0.12819138","-0.003655476","0.0032118745","0.0018818054","0.00081408414","0.0","0.0","0.0","0.0","0.0","0.0","0.0","0.0","0.0","0.0","-0.0024369073","0.0","0.0","0.0","0.0","0.0"
"Anorexia nervosa","-0.22007634","-0.012736084","-0.030332055","-0.0119885225","-0.017566964","-0.012050644","-0.0032349413","0.008790346","-0.005663294","0.003401166","-0.0016634933","0.0016024841","0.0030496456","-0.006093373","0.001336644","0.0013386973","0.0014833187","-0.0015655878","-0.0011191956","-0.0022812048","0.0032914274","-0.003769479","-0.0010876738","8.700956e-05","-0.00057010935","0.003326504","0.00012283615","0.0024395816","-0.002798829","-0.0001607432","0.0027648855","0.0029609804","-0.0010443438","0.0017620911","-0.00088586373","-0.0009047997","-0.00079564453","2.4461137e-08","0.0010531262","0.028242592","0.03517258","-0.011418279","-0.023639556","-0.12819138","-0.003655476","0.0032118745","0.0018818054","0.00081408414","0.0","0.0","0.0","0.0","0.0","0.0","0.0","0.0","0.0","0.0","-0.0024369073","0.0","0.0","0.0","0.0","0.0"
"Anovulation","-0.22007634","-0.012736084","-0.030332055","-0.0119885225","-0.017566964","-0.012050644","-0.0032349413","0.008790346","-0.005663294","0.003401166","-0.0016634933","0.0016024841","0.0030496456","-0.006093373","0.001336644","0.0013386973","0.0014833187","-0.0015655878","-0.0011191956","-0.0022812048","0.0032914274","-0.003769479","-0.0010876738","8.700956e-05","-0.00057010935","0.003326504","0.00012283615","0.0024395816","-0.002798829","-0.0001607432","0.0027648855","0.0029609804","-0.0010443438","0.0017620911","-0.00088586373","-0.0009047997","-0.00079564453","2.4461137e-08","0.0010531262","0.028242592","0.03517258","-0.011418279","-0.023639556","-0.12819138","-0.003655476","0.0032118745","0.0018818054","0.00081408414","0.0","0.0","0.0","0.0","0.0","0.0","0.0","0.0","0.0","0.0","-0.0024369073","0.0","0.0","0.0","0.0","0.0"
"Anti-N-methyl-D-aspartate receptor encephalitis","-0.22007634","-0.012736084","-0.030332055","-0.0119885225","-0.017566964","-0.012050644","-0.0032349413","0.008790346","-0.005663294","0.003401166","-0.0016634933","0.0016024841","0.0030496456","-0.006093373","0.001336644","0.0013386973","0.0014833187","-0.0015655878","-0.0011191956","-0.0022812048","0.0032914274","-0.003769479","-0.0010876738","8.700956e-05","-0.00057010935","0.003326504","0.00012283615","0.0024395816","-0.002798829","-0.0001607432","0.0027648855","0.0029609804","-0.0010443438","0.0017620911","-0.00088586373","-0.0009047997","-0.00079564453","2.4461137e-08","0.0010531262","0.028242592","0.03517258","-0.011418279","-0.023639556","-0.12819138","-0.003655476","0.0032118745","0.0018818054","0.00081408414","0.0","0.0","0.0","0.0","0.0","0.0","0.0","0.0","0.0","0.0","-0.0024369073","0.0","0.0","0.0","0.0","0.0"
"Antrochoanal polyps","-0.22007634","-0.012736084","-0.030332055","-0.0119885225","-0.017566964","-0.012050644","-0.0032349413","0.008790346","-0.005663294","0.003401166","-0.0016634933","0.0016024841","0.0030496456","-0.006093373","0.001336644","0.0013386973","0.0014833187","-0.0015655878","-0.0011191956","-0.0022812048","0.0032914274","-0.003769479","-0.0010876738","8.700956e-05","-0.00057010935","0.003326504","0.00012283615","0.0024395816","-0.002798829","-0.0001607432","0.0027648855","0.0029609804","-0.0010443438","0.0017620911","-0.00088586373","-0.0009047997","-0.00079564453","2.4461137e-08","0.0010531262","0.028242592","0.03517258","-0.011418279","-0.023639556","-0.12819138","-0.003655476","0.0032118745","0.0018818054","0.00081408414","0.0","0.0","0.0","0.0","0.0","0.0","0.0","0.0","0.0","0.0","-0.0024369073","0.0","0.0","0.0","0.0","0.0"
"Aphthous stomatitis","-0.22007634","-0.012736084","-0.030332055","-0.0119885225","-0.017566964","-0.012050644","-0.0032349413","0.008790346","-0.005663294","0.003401166","-0.0016634933","0.0016024841","0.0030496456","-0.006093373","0.001336644","0.0013386973","0.0014833187","-0.0015655878","-0.0011191956","-0.0022812048","0.0032914274","-0.003769479","-0.0010876738","8.700956e-05","-0.00057010935","0.003326504","0.00012283615","0.0024395816","-0.002798829","-0.0001607432","0.0027648855","0.0029609804","-0.0010443438","0.0017620911","-0.00088586373","-0.0009047997","-0.00079564453","2.4461137e-08","0.0010531262","0.028242592","0.03517258","-0.011418279","-0.023639556","-0.12819138","-0.003655476","0.0032118745","0.0018818054","0.00081408414","0.0","0.0","0.0","0.0","0.0","0.0","0.0","0.0","0.0","0.0","-0.0024369073","0.0","0.0","0.0","0.0","0.0"
"Aphthous ulcer","-0.22007634","-0.012736084","-0.030332055","-0.0119885225","-0.017566964","-0.012050644","-0.0032349413","0.008790346","-0.005663294","0.003401166","-0.0016634933","0.0016024841","0.0030496456","-0.006093373","0.001336644","0.0013386973","0.0014833187","-0.0015655878","-0.0011191956","-0.0022812048","0.0032914274","-0.003769479","-0.0010876738","8.700956e-05","-0.00057010935","0.003326504","0.00012283615","0.0024395816","-0.002798829","-0.0001607432","0.0027648855","0.0029609804","-0.0010443438","0.0017620911","-0.00088586373","-0.0009047997","-0.00079564453","2.4461137e-08","0.0010531262","0.028242592","0.03517258","-0.011418279","-0.023639556","-0.12819138","-0.003655476","0.0032118745","0.0018818054","0.00081408414","0.0","0.0","0.0","0.0","0.0","0.0","0.0","0.0","0.0","0.0","-0.0024369073","0.0","0.0","0.0","0.0","0.0"
"Appendicitis","-0.22007634","-0.012736084","-0.030332055","-0.0119885225","-0.017566964","-0.012050644","-0.0032349413","0.008790346","-0.005663294","0.003401166","-0.0016634933","0.0016024841","0.0030496456","-0.006093373","0.001336644","0.0013386973","0.0014833187","-0.0015655878","-0.0011191956","-0.0022812048","0.0032914274","-0.003769479","-0.0010876738","8.700956e-05","-0.00057010935","0.003326504","0.00012283615","0.0024395816","-0.002798829","-0.0001607432","0.0027648855","0.0029609804","-0.0010443438","0.0017620911","-0.00088586373","-0.0009047997","-0.00079564453","2.4461137e-08","0.0010531262","0.028242592","0.03517258","-0.011418279","-0.023639556","-0.12819138","-0.003655476","0.0032118745","0.0018818054","0.00081408414","0.0","0.0","0.0","0.0","0.0","0.0","0.0","0.0","0.0","0.0","-0.0024369073","0.0","0.0","0.0","0.0","0.0"
"Arsenic exposure","-0.22007634","-0.012736084","-0.030332055","-0.0119885225","-0.017566964","-0.012050644","-0.0032349413","0.008790346","-0.005663294","0.003401166","-0.0016634933","0.0016024841","0.0030496456","-0.006093373","0.001336644","0.0013386973","0.0014833187","-0.0015655878","-0.0011191956","-0.0022812048","0.0032914274","-0.003769479","-0.0010876738","8.700956e-05","-0.00057010935","0.003326504","0.00012283615","0.0024395816","-0.002798829","-0.0001607432","0.0027648855","0.0029609804","-0.0010443438","0.0017620911","-0.00088586373","-0.0009047997","-0.00079564453","2.4461137e-08","0.0010531262","0.028242592","0.03517258","-0.011418279","-0.023639556","-0.12819138","-0.003655476","0.0032118745","0.0018818054","0.00081408414","0.0","0.0","0.0","0.0","0.0","0.0","0.0","0.0","0.0","0.0","-0.0024369073","0.0","0.0","0.0","0.0","0.0"
"Ascites","-0.22007634","-0.012736084","-0.030332055","-0.0119885225","-0.017566964","-0.012050644","-0.0032349413","0.008790346","-0.005663294","0.003401166","-0.0016634933","0.0016024841","0.0030496456","-0.006093373","0.001336644","0.0013386973","0.0014833187","-0.0015655878","-0.0011191956","-0.0022812048","0.0032914274","-0.003769479","-0.0010876738","8.700956e-05","-0.00057010935","0.003326504","0.00012283615","0.0024395816","-0.002798829","-0.0001607432","0.0027648855","0.0029609804","-0.0010443438","0.0017620911","-0.00088586373","-0.0009047997","-0.00079564453","2.4461137e-08","0.0010531262","0.028242592","0.03517258","-0.011418279","-0.023639556","-0.12819138","-0.003655476","0.0032118745","0.0018818054","0.00081408414","0.0","0.0","0.0","0.0","0.0","0.0","0.0","0.0","0.0","0.0","-0.0024369073","0.0","0.0","0.0","0.0","0.0"
"Asthma","4.2210417","3.5098605","-0.64788663","-0.27293977","-1.2266908","-4.042786","-3.2648666","4.793094","11.249732","1.089478","4.1471157","-0.76609015","-6.085498","5.92193","-1.3944594","-0.6699411","-8.19136","-5.2833285","-5.2437787","-9.212016","-0.4116118","7.107544","-0.3665715","-6.6808243","-3.979465","-1.7659285","0.65624297","-10.000286","-2.9971359","1.3378897","-1.6551954","-6.131353","-4.4511657","-1.6282574","-2.8263707","-1.6342919","-0.52144355","3.2023277e-07","0.1803022","2.3841262","-3.216228","-3.3477159","4.182582","-3.2142277","6.413958","-6.245881","5.044744","-3.5438254","0.0","0.0","0.0","0.0","0.0","0.0","0.0","0.0","0.0","0.0","-2.547907","0.0","0.0","0.0","0.0","0.0"
"Atherosclerosis","-0.22007634","-0.012736084","-0.030332055","-0.0119885225","-0.017566964","-0.012050644","-0.0032349413","0.008790346","-0.005663294","0.003401166","-0.0016634933","0.0016024841","0.0030496456","-0.006093373","0.001336644","0.0013386973","0.0014833187","-0.0015655878","-0.0011191956","-0.0022812048","0.0032914274","-0.003769479","-0.0010876738","8.700956e-05","-0.00057010935","0.003326504","0.00012283615","0.0024395816","-0.002798829","-0.0001607432","0.0027648855","0.0029609804","-0.0010443438","0.0017620911","-0.00088586373","-0.0009047997","-0.00079564453","2.4461137e-08","0.0010531262","0.028242592","0.03517258","-0.011418279","-0.023639556","-0.12819138","-0.003655476","0.0032118745","0.0018818054","0.00081408414","0.0","0.0","0.0","0.0","0.0","0.0","0.0","0.0","0.0","0.0","-0.0024369073","0.0","0.0","0.0","0.0","0.0"
"Atherosclerotic cardiovascular disease","-0.22007634","-0.012736084","-0.030332055","-0.0119885225","-0.017566964","-0.012050644","-0.0032349413","0.008790346","-0.005663294","0.003401166","-0.0016634933","0.0016024841","0.0030496456","-0.006093373","0.001336644","0.0013386973","0.0014833187","-0.0015655878","-0.0011191956","-0.0022812048","0.0032914274","-0.003769479","-0.0010876738","8.700956e-05","-0.00057010935","0.003326504","0.00012283615","0.0024395816","-0.002798829","-0.0001607432","0.0027648855","0.0029609804","-0.0010443438","0.0017620911","-0.00088586373","-0.0009047997","-0.00079564453","2.4461137e-08","0.0010531262","0.028242592","0.03517258","-0.011418279","-0.023639556","-0.12819138","-0.003655476","0.0032118745","0.0018818054","0.00081408414","0.0","0.0","0.0","0.0","0.0","0.0","0.0","0.0","0.0","0.0","-0.0024369073","0.0","0.0","0.0","0.0","0.0"
"Atopic dermatitis","2.762887","9.777591","2.2865334","0.16889837","2.4686775","2.5676405","2.2230604","-7.770325","-4.6980577","4.6759477","1.7299045","1.623874","-2.4469903","-1.3136972","-0.34208626","-0.8611857","0.83323157","2.3782163","1.1024486","-0.27190614","0.9618725","3.3883352","-3.226243","2.9715512","-2.8826997","-0.38853425","7.060068","-10.074255","11.968741","5.92578","4.461379","0.15984267","1.6362869","-5.307706","5.948646","4.3111515","-9.022528","0.00021469728","-0.4384623","1.566935","0.80391526","-0.34281003","0.080447815","1.7790023","-5.551115","1.9012325","-5.3579583","-4.774116","0.0","0.0","0.0","0.0","0.0","0.0","0.0","0.0","0.0","0.0","4.382043","0.0","0.0","0.0","0.0","0.0"
"Atopic eczema","-0.22007634","-0.012736084","-0.030332055","-0.0119885225","-0.017566964","-0.012050644","-0.0032349413","0.008790346","-0.005663294","0.003401166","-0.0016634933","0.0016024841","0.0030496456","-0.006093373","0.001336644","0.0013386973","0.0014833187","-0.0015655878","-0.0011191956","-0.0022812048","0.0032914274","-0.003769479","-0.0010876738","8.700956e-05","-0.00057010935","0.003326504","0.00012283615","0.0024395816","-0.002798829","-0.0001607432","0.0027648855","0.0029609804","-0.0010443438","0.0017620911","-0.00088586373","-0.0009047997","-0.00079564453","2.4461137e-08","0.0010531262","0.028242592","0.03517258","-0.011418279","-0.023639556","-0.12819138","-0.003655476","0.0032118745","0.0018818054","0.00081408414","0.0","0.0","0.0","0.0","0.0","0.0","0.0","0.0","0.0","0.0","-0.0024369073","0.0","0.0","0.0","0.0","0.0"
"Atopic sensitisation","3.4418368","11.430307","1.7928655","-0.04469738","2.2185886","0.8844357","2.5500731","1.212722","2.8121228","-0.047540337","-2.7266824","0.61947864","2.1281612","-1.873476","0.91176486","-1.1680514","1.4989177","2.1812978","-0.22800727","1.3509846","-1.7842116","-3.601465","2.788559","-1.0713886","0.13276234","0.7107376","-2.3593025","4.2576632","-1.8973026","-3.0103054","-1.0614514","-6.445542","-7.333112","3.8957863","5.167529","-1.5018048","-2.614802","20.124716","0.071719","4.0240254","-5.9148245","0.20966554","4.527031","0.14454737","4.464568","-0.58988726","3.5968397","2.6145506","0.0","0.0","0.0","0.0","0.0","0.0","0.0","0.0","0.0","0.0","-3.4084122","0.0","0.0","0.0","0.0","0.0"
"Atopic wheeze","-0.22007634","-0.012736084","-0.030332055","-0.0119885225","-0.017566964","-0.012050644","-0.0032349413","0.008790346","-0.005663294","0.003401166","-0.0016634933","0.0016024841","0.0030496456","-0.006093373","0.001336644","0.0013386973","0.0014833187","-0.0015655878","-0.0011191956","-0.0022812048","0.0032914274","-0.003769479","-0.0010876738","8.700956e-05","-0.00057010935","0.003326504","0.00012283615","0.0024395816","-0.002798829","-0.0001607432","0.0027648855","0.0029609804","-0.0010443438","0.0017620911","-0.00088586373","-0.0009047997","-0.00079564453","2.4461137e-08","0.0010531262","0.028242592","0.03517258","-0.011418279","-0.023639556","-0.12819138","-0.003655476","0.0032118745","0.0018818054","0.00081408414","0.0","0.0","0.0","0.0","0.0","0.0","0.0","0.0","0.0","0.0","-0.0024369073","0.0","0.0","0.0","0.0","0.0"
"Atopy","5.3378305","3.4294627","-1.4032615","-0.82903564","-1.6978196","-3.0251868","-2.3961887","7.3133864","4.53638","-0.0013449753","-1.6687832","5.086405","5.228676","-1.7138798","3.3004942","-2.5590477","-4.053565","2.832289","1.3539023","5.192173","-1.9828923","-6.3530636","-1.0374632","1.9225938","1.7897311","1.9183894","2.547889","0.16810356","6.3720794","2.621086","3.6523135","2.077954","3.9261656","-7.9126368","-9.673949","-15.049103","-2.3360565","-4.0905335e-05","3.723528","8.955975","-4.261555","5.242927","-3.5753736","0.7272816","-6.9246244","7.112312","-2.7618191","2.6506178","0.0","0.0","0.0","0.0","0.0","0.0","0.0","0.0","0.0","0.0","0.7154852","0.0","0.0","0.0","0.0","0.0"
"Atrial fibrillation","-0.22007634","-0.012736084","-0.030332055","-0.0119885225","-0.017566964","-0.012050644","-0.0032349413","0.008790346","-0.005663294","0.003401166","-0.0016634933","0.0016024841","0.0030496456","-0.006093373","0.001336644","0.0013386973","0.0014833187","-0.0015655878","-0.0011191956","-0.0022812048","0.0032914274","-0.003769479","-0.0010876738","8.700956e-05","-0.00057010935","0.003326504","0.00012283615","0.0024395816","-0.002798829","-0.0001607432","0.0027648855","0.0029609804","-0.0010443438","0.0017620911","-0.00088586373","-0.0009047997","-0.00079564453","2.4461137e-08","0.0010531262","0.028242592","0.03517258","-0.011418279","-0.023639556","-0.12819138","-0.003655476","0.0032118745","0.0018818054","0.00081408414","0.0","0.0","0.0","0.0","0.0","0.0","0.0","0.0","0.0","0.0","-0.0024369073","0.0","0.0","0.0","0.0","0.0"
"Atrophic gastritis","-0.22007634","-0.012736084","-0.030332055","-0.0119885225","-0.017566964","-0.012050644","-0.0032349413","0.008790346","-0.005663294","0.003401166","-0.0016634933","0.0016024841","0.0030496456","-0.006093373","0.001336644","0.0013386973","0.0014833187","-0.0015655878","-0.0011191956","-0.0022812048","0.0032914274","-0.003769479","-0.0010876738","8.700956e-05","-0.00057010935","0.003326504","0.00012283615","0.0024395816","-0.002798829","-0.0001607432","0.0027648855","0.0029609804","-0.0010443438","0.0017620911","-0.00088586373","-0.0009047997","-0.00079564453","2.4461137e-08","0.0010531262","0.028242592","0.03517258","-0.011418279","-0.023639556","-0.12819138","-0.003655476","0.0032118745","0.0018818054","0.00081408414","0.0","0.0","0.0","0.0","0.0","0.0","0.0","0.0","0.0","0.0","-0.0024369073","0.0","0.0","0.0","0.0","0.0"
"Attention Deficit Hyperactivity Disorder","-0.22007634","-0.012736084","-0.030332055","-0.0119885225","-0.017566964","-0.012050644","-0.0032349413","0.008790346","-0.005663294","0.003401166","-0.0016634933","0.0016024841","0.0030496456","-0.006093373","0.001336644","0.0013386973","0.0014833187","-0.0015655878","-0.0011191956","-0.0022812048","0.0032914274","-0.003769479","-0.0010876738","8.700956e-05","-0.00057010935","0.003326504","0.00012283615","0.0024395816","-0.002798829","-0.0001607432","0.0027648855","0.0029609804","-0.0010443438","0.0017620911","-0.00088586373","-0.0009047997","-0.00079564453","2.4461137e-08","0.0010531262","0.028242592","0.03517258","-0.011418279","-0.023639556","-0.12819138","-0.003655476","0.0032118745","0.0018818054","0.00081408414","0.0","0.0","0.0","0.0","0.0","0.0","0.0","0.0","0.0","0.0","-0.0024369073","0.0","0.0","0.0","0.0","0.0"
"Attention-deficit/hyperactivity disorder","-0.22007634","-0.012736084","-0.030332055","-0.0119885225","-0.017566964","-0.012050644","-0.0032349413","0.008790346","-0.005663294","0.003401166","-0.0016634933","0.0016024841","0.0030496456","-0.006093373","0.001336644","0.0013386973","0.0014833187","-0.0015655878","-0.0011191956","-0.0022812048","0.0032914274","-0.003769479","-0.0010876738","8.700956e-05","-0.00057010935","0.003326504","0.00012283615","0.0024395816","-0.002798829","-0.0001607432","0.0027648855","0.0029609804","-0.0010443438","0.0017620911","-0.00088586373","-0.0009047997","-0.00079564453","2.4461137e-08","0.0010531262","0.028242592","0.03517258","-0.011418279","-0.023639556","-0.12819138","-0.003655476","0.0032118745","0.0018818054","0.00081408414","0.0","0.0","0.0","0.0","0.0","0.0","0.0","0.0","0.0","0.0","-0.0024369073","0.0","0.0","0.0","0.0","0.0"
"Autism","-0.22007634","-0.012736084","-0.030332055","-0.0119885225","-0.017566964","-0.012050644","-0.0032349413","0.008790346","-0.005663294","0.003401166","-0.0016634933","0.0016024841","0.0030496456","-0.006093373","0.001336644","0.0013386973","0.0014833187","-0.0015655878","-0.0011191956","-0.0022812048","0.0032914274","-0.003769479","-0.0010876738","8.700956e-05","-0.00057010935","0.003326504","0.00012283615","0.0024395816","-0.002798829","-0.0001607432","0.0027648855","0.0029609804","-0.0010443438","0.0017620911","-0.00088586373","-0.0009047997","-0.00079564453","2.4461137e-08","0.0010531262","0.028242592","0.03517258","-0.011418279","-0.023639556","-0.12819138","-0.003655476","0.0032118745","0.0018818054","0.00081408414","0.0","0.0","0.0","0.0","0.0","0.0","0.0","0.0","0.0","0.0","-0.0024369073","0.0","0.0","0.0","0.0","0.0"
"Autism Spectrum Disorders","-0.22007634","-0.012736084","-0.030332055","-0.0119885225","-0.017566964","-0.012050644","-0.0032349413","0.008790346","-0.005663294","0.003401166","-0.0016634933","0.0016024841","0.0030496456","-0.006093373","0.001336644","0.0013386973","0.0014833187","-0.0015655878","-0.0011191956","-0.0022812048","0.0032914274","-0.003769479","-0.0010876738","8.700956e-05","-0.00057010935","0.003326504","0.00012283615","0.0024395816","-0.002798829","-0.0001607432","0.0027648855","0.0029609804","-0.0010443438","0.0017620911","-0.00088586373","-0.0009047997","-0.00079564453","2.4461137e-08","0.0010531262","0.028242592","0.03517258","-0.011418279","-0.023639556","-0.12819138","-0.003655476","0.0032118745","0.0018818054","0.00081408414","0.0","0.0","0.0","0.0","0.0","0.0","0.0","0.0","0.0","0.0","-0.0024369073","0.0","0.0","0.0","0.0","0.0"
"Autism spectrum disorder","-0.22007634","-0.012736084","-0.030332055","-0.0119885225","-0.017566964","-0.012050644","-0.0032349413","0.008790346","-0.005663294","0.003401166","-0.0016634933","0.0016024841","0.0030496456","-0.006093373","0.001336644","0.0013386973","0.0014833187","-0.0015655878","-0.0011191956","-0.0022812048","0.0032914274","-0.003769479","-0.0010876738","8.700956e-05","-0.00057010935","0.003326504","0.00012283615","0.0024395816","-0.002798829","-0.0001607432","0.0027648855","0.0029609804","-0.0010443438","0.0017620911","-0.00088586373","-0.0009047997","-0.00079564453","2.4461137e-08","0.0010531262","0.028242592","0.03517258","-0.011418279","-0.023639556","-0.12819138","-0.003655476","0.0032118745","0.0018818054","0.00081408414","0.0","0.0","0.0","0.0","0.0","0.0","0.0","0.0","0.0","0.0","-0.0024369073","0.0","0.0","0.0","0.0","0.0"
"Autism spectrum disorders","-0.22007634","-0.012736084","-0.030332055","-0.0119885225","-0.017566964","-0.012050644","-0.0032349413","0.008790346","-0.005663294","0.003401166","-0.0016634933","0.0016024841","0.0030496456","-0.006093373","0.001336644","0.0013386973","0.0014833187","-0.0015655878","-0.0011191956","-0.0022812048","0.0032914274","-0.003769479","-0.0010876738","8.700956e-05","-0.00057010935","0.003326504","0.00012283615","0.0024395816","-0.002798829","-0.0001607432","0.0027648855","0.0029609804","-0.0010443438","0.0017620911","-0.00088586373","-0.0009047997","-0.00079564453","2.4461137e-08","0.0010531262","0.028242592","0.03517258","-0.011418279","-0.023639556","-0.12819138","-0.003655476","0.0032118745","0.0018818054","0.00081408414","0.0","0.0","0.0","0.0","0.0","0.0","0.0","0.0","0.0","0.0","-0.0024369073","0.0","0.0","0.0","0.0","0.0"
"Autoimmune hepatitis","-0.22007634","-0.012736084","-0.030332055","-0.0119885225","-0.017566964","-0.012050644","-0.0032349413","0.008790346","-0.005663294","0.003401166","-0.0016634933","0.0016024841","0.0030496456","-0.006093373","0.001336644","0.0013386973","0.0014833187","-0.0015655878","-0.0011191956","-0.0022812048","0.0032914274","-0.003769479","-0.0010876738","8.700956e-05","-0.00057010935","0.003326504","0.00012283615","0.0024395816","-0.002798829","-0.0001607432","0.0027648855","0.0029609804","-0.0010443438","0.0017620911","-0.00088586373","-0.0009047997","-0.00079564453","2.4461137e-08","0.0010531262","0.028242592","0.03517258","-0.011418279","-0.023639556","-0.12819138","-0.003655476","0.0032118745","0.0018818054","0.00081408414","0.0","0.0","0.0","0.0","0.0","0.0","0.0","0.0","0.0","0.0","-0.0024369073","0.0","0.0","0.0","0.0","0.0"
"Autoimmune polyendocrine syndrome type 1","-0.22007634","-0.012736084","-0.030332055","-0.0119885225","-0.017566964","-0.012050644","-0.0032349413","0.008790346","-0.005663294","0.003401166","-0.0016634933","0.0016024841","0.0030496456","-0.006093373","0.001336644","0.0013386973","0.0014833187","-0.0015655878","-0.0011191956","-0.0022812048","0.0032914274","-0.003769479","-0.0010876738","8.700956e-05","-0.00057010935","0.003326504","0.00012283615","0.0024395816","-0.002798829","-0.0001607432","0.0027648855","0.0029609804","-0.0010443438","0.0017620911","-0.00088586373","-0.0009047997","-0.00079564453","2.4461137e-08","0.0010531262","0.028242592","0.03517258","-0.011418279","-0.023639556","-0.12819138","-0.003655476","0.0032118745","0.0018818054","0.00081408414","0.0","0.0","0.0","0.0","0.0","0.0","0.0","0.0","0.0","0.0","-0.0024369073","0.0","0.0","0.0","0.0","0.0"
"Azoospermia","-0.22007634","-0.012736084","-0.030332055","-0.0119885225","-0.017566964","-0.012050644","-0.0032349413","0.008790346","-0.005663294","0.003401166","-0.0016634933","0.0016024841","0.0030496456","-0.006093373","0.001336644","0.0013386973","0.0014833187","-0.0015655878","-0.0011191956","-0.0022812048","0.0032914274","-0.003769479","-0.0010876738","8.700956e-05","-0.00057010935","0.003326504","0.00012283615","0.0024395816","-0.002798829","-0.0001607432","0.0027648855","0.0029609804","-0.0010443438","0.0017620911","-0.00088586373","-0.0009047997","-0.00079564453","2.4461137e-08","0.0010531262","0.028242592","0.03517258","-0.011418279","-0.023639556","-0.12819138","-0.003655476","0.0032118745","0.0018818054","0.00081408414","0.0","0.0","0.0","0.0","0.0","0.0","0.0","0.0","0.0","0.0","-0.0024369073","0.0","0.0","0.0","0.0","0.0"
"Bacterial Vaginosis","3.3746636","-1.1454008","0.031374477","1.7877674","-0.30400687","22.30896","-13.059632","-0.44464767","5.331924","0.074531905","3.7918367","-4.646615","5.510296","-2.154178","-3.8018138","-0.10331311","-0.5078621","1.5179678","1.1014329","-1.2842454","0.18948722","-0.7706809","0.041854408","0.21568601","-1.5370345","0.27466065","-0.67510676","-0.19878727","-0.17575905","-0.02179555","0.93521845","0.49481305","-0.14050157","0.03218476","-0.17140786","-0.31904206","-0.03740599","4.4442136e-06","-0.081957534","-2.4049685","-1.3090824","-3.4706476","6.4662957","1.6011915","-0.3031288","0.19060563","0.5404881","-0.09866685","0.0","0.0","0.0","0.0","0.0","0.0","0.0","0.0","0.0","0.0","-0.60129184","0.0","0.0","0.0","0.0","0.0"
"Bacterial vaginosis","-0.22007634","-0.012736084","-0.030332055","-0.0119885225","-0.017566964","-0.012050644","-0.0032349413","0.008790346","-0.005663294","0.003401166","-0.0016634933","0.0016024841","0.0030496456","-0.006093373","0.001336644","0.0013386973","0.0014833187","-0.0015655878","-0.0011191956","-0.0022812048","0.0032914274","-0.003769479","-0.0010876738","8.700956e-05","-0.00057010935","0.003326504","0.00012283615","0.0024395816","-0.002798829","-0.0001607432","0.0027648855","0.0029609804","-0.0010443438","0.0017620911","-0.00088586373","-0.0009047997","-0.00079564453","2.4461137e-08","0.0010531262","0.028242592","0.03517258","-0.011418279","-0.023639556","-0.12819138","-0.003655476","0.0032118745","0.0018818054","0.00081408414","0.0","0.0","0.0","0.0","0.0","0.0","0.0","0.0","0.0","0.0","-0.0024369073","0.0","0.0","0.0","0.0","0.0"
"Barrett's oesophagus","-0.22007634","-0.012736084","-0.030332055","-0.0119885225","-0.017566964","-0.012050644","-0.0032349413","0.008790346","-0.005663294","0.003401166","-0.0016634933","0.0016024841","0.0030496456","-0.006093373","0.001336644","0.0013386973","0.0014833187","-0.0015655878","-0.0011191956","-0.0022812048","0.0032914274","-0.003769479","-0.0010876738","8.700956e-05","-0.00057010935","0.003326504","0.00012283615","0.0024395816","-0.002798829","-0.0001607432","0.0027648855","0.0029609804","-0.0010443438","0.0017620911","-0.00088586373","-0.0009047997","-0.00079564453","2.4461137e-08","0.0010531262","0.028242592","0.03517258","-0.011418279","-0.023639556","-0.12819138","-0.003655476","0.0032118745","0.0018818054","0.00081408414","0.0","0.0","0.0","0.0","0.0","0.0","0.0","0.0","0.0","0.0","-0.0024369073","0.0","0.0","0.0","0.0","0.0"
"Behcet's Disease","-0.22007634","-0.012736084","-0.030332055","-0.0119885225","-0.017566964","-0.012050644","-0.0032349413","0.008790346","-0.005663294","0.003401166","-0.0016634933","0.0016024841","0.0030496456","-0.006093373","0.001336644","0.0013386973","0.0014833187","-0.0015655878","-0.0011191956","-0.0022812048","0.0032914274","-0.003769479","-0.0010876738","8.700956e-05","-0.00057010935","0.003326504","0.00012283615","0.0024395816","-0.002798829","-0.0001607432","0.0027648855","0.0029609804","-0.0010443438","0.0017620911","-0.00088586373","-0.0009047997","-0.00079564453","2.4461137e-08","0.0010531262","0.028242592","0.03517258","-0.011418279","-0.023639556","-0.12819138","-0.003655476","0.0032118745","0.0018818054","0.00081408414","0.0","0.0","0.0","0.0","0.0","0.0","0.0","0.0","0.0","0.0","-0.0024369073","0.0","0.0","0.0","0.0","0.0"
"Biliary atresia","-0.22007634","-0.012736084","-0.030332055","-0.0119885225","-0.017566964","-0.012050644","-0.0032349413","0.008790346","-0.005663294","0.003401166","-0.0016634933","0.0016024841","0.0030496456","-0.006093373","0.001336644","0.0013386973","0.0014833187","-0.0015655878","-0.0011191956","-0.0022812048","0.0032914274","-0.003769479","-0.0010876738","8.700956e-05","-0.00057010935","0.003326504","0.00012283615","0.0024395816","-0.002798829","-0.0001607432","0.0027648855","0.0029609804","-0.0010443438","0.0017620911","-0.00088586373","-0.0009047997","-0.00079564453","2.4461137e-08","0.0010531262","0.028242592","0.03517258","-0.011418279","-0.023639556","-0.12819138","-0.003655476","0.0032118745","0.0018818054","0.00081408414","0.0","0.0","0.0","0.0","0.0","0.0","0.0","0.0","0.0","0.0","-0.0024369073","0.0","0.0","0.0","0.0","0.0"
"Biliary tract cancer","-0.22007634","-0.012736084","-0.030332055","-0.0119885225","-0.017566964","-0.012050644","-0.0032349413","0.008790346","-0.005663294","0.003401166","-0.0016634933","0.0016024841","0.0030496456","-0.006093373","0.001336644","0.0013386973","0.0014833187","-0.0015655878","-0.0011191956","-0.0022812048","0.0032914274","-0.003769479","-0.0010876738","8.700956e-05","-0.00057010935","0.003326504","0.00012283615","0.0024395816","-0.002798829","-0.0001607432","0.0027648855","0.0029609804","-0.0010443438","0.0017620911","-0.00088586373","-0.0009047997","-0.00079564453","2.4461137e-08","0.0010531262","0.028242592","0.03517258","-0.011418279","-0.023639556","-0.12819138","-0.003655476","0.0032118745","0.0018818054","0.00081408414","0.0","0.0","0.0","0.0","0.0","0.0","0.0","0.0","0.0","0.0","-0.0024369073","0.0","0.0","0.0","0.0","0.0"
"Bipolar disorder","-0.22007634","-0.012736084","-0.030332055","-0.0119885225","-0.017566964","-0.012050644","-0.0032349413","0.008790346","-0.005663294","0.003401166","-0.0016634933","0.0016024841","0.0030496456","-0.006093373","0.001336644","0.0013386973","0.0014833187","-0.0015655878","-0.0011191956","-0.0022812048","0.0032914274","-0.003769479","-0.0010876738","8.700956e-05","-0.00057010935","0.003326504","0.00012283615","0.0024395816","-0.002798829","-0.0001607432","0.0027648855","0.0029609804","-0.0010443438","0.0017620911","-0.00088586373","-0.0009047997","-0.00079564453","2.4461137e-08","0.0010531262","0.028242592","0.03517258","-0.011418279","-0.023639556","-0.12819138","-0.003655476","0.0032118745","0.0018818054","0.00081408414","0.0","0.0","0.0","0.0","0.0","0.0","0.0","0.0","0.0","0.0","-0.0024369073","0.0","0.0","0.0","0.0","0.0"
"Bladder cancer","-0.22007634","-0.012736084","-0.030332055","-0.0119885225","-0.017566964","-0.012050644","-0.0032349413","0.008790346","-0.005663294","0.003401166","-0.0016634933","0.0016024841","0.0030496456","-0.006093373","0.001336644","0.0013386973","0.0014833187","-0.0015655878","-0.0011191956","-0.0022812048","0.0032914274","-0.003769479","-0.0010876738","8.700956e-05","-0.00057010935","0.003326504","0.00012283615","0.0024395816","-0.002798829","-0.0001607432","0.0027648855","0.0029609804","-0.0010443438","0.0017620911","-0.00088586373","-0.0009047997","-0.00079564453","2.4461137e-08","0.0010531262","0.028242592","0.03517258","-0.011418279","-0.023639556","-0.12819138","-0.003655476","0.0032118745","0.0018818054","0.00081408414","0.0","0.0","0.0","0.0","0.0","0.0","0.0","0.0","0.0","0.0","-0.0024369073","0.0","0.0","0.0","0.0","0.0"
"Bleeding gum","-0.22007634","-0.012736084","-0.030332055","-0.0119885225","-0.017566964","-0.012050644","-0.0032349413","0.008790346","-0.005663294","0.003401166","-0.0016634933","0.0016024841","0.0030496456","-0.006093373","0.001336644","0.0013386973","0.0014833187","-0.0015655878","-0.0011191956","-0.0022812048","0.0032914274","-0.003769479","-0.0010876738","8.700956e-05","-0.00057010935","0.003326504","0.00012283615","0.0024395816","-0.002798829","-0.0001607432","0.0027648855","0.0029609804","-0.0010443438","0.0017620911","-0.00088586373","-0.0009047997","-0.00079564453","2.4461137e-08","0.0010531262","0.028242592","0.03517258","-0.011418279","-0.023639556","-0.12819138","-0.003655476","0.0032118745","0.0018818054","0.00081408414","0.0","0.0","0.0","0.0","0.0","0.0","0.0","0.0","0.0","0.0","-0.0024369073","0.0","0.0","0.0","0.0","0.0"
"Blepharitis","-0.22007634","-0.012736084","-0.030332055","-0.0119885225","-0.017566964","-0.012050644","-0.0032349413","0.008790346","-0.005663294","0.003401166","-0.0016634933","0.0016024841","0.0030496456","-0.006093373","0.001336644","0.0013386973","0.0014833187","-0.0015655878","-0.0011191956","-0.0022812048","0.0032914274","-0.003769479","-0.0010876738","8.700956e-05","-0.00057010935","0.003326504","0.00012283615","0.0024395816","-0.002798829","-0.0001607432","0.0027648855","0.0029609804","-0.0010443438","0.0017620911","-0.00088586373","-0.0009047997","-0.00079564453","2.4461137e-08","0.0010531262","0.028242592","0.03517258","-0.011418279","-0.023639556","-0.12819138","-0.003655476","0.0032118745","0.0018818054","0.00081408414","0.0","0.0","0.0","0.0","0.0","0.0","0.0","0.0","0.0","0.0","-0.0024369073","0.0","0.0","0.0","0.0","0.0"
"Botulism","-0.22007634","-0.012736084","-0.030332055","-0.0119885225","-0.017566964","-0.012050644","-0.0032349413","0.008790346","-0.005663294","0.003401166","-0.0016634933","0.0016024841","0.0030496456","-0.006093373","0.001336644","0.0013386973","0.0014833187","-0.0015655878","-0.0011191956","-0.0022812048","0.0032914274","-0.003769479","-0.0010876738","8.700956e-05","-0.00057010935","0.003326504","0.00012283615","0.0024395816","-0.002798829","-0.0001607432","0.0027648855","0.0029609804","-0.0010443438","0.0017620911","-0.00088586373","-0.0009047997","-0.00079564453","2.4461137e-08","0.0010531262","0.028242592","0.03517258","-0.011418279","-0.023639556","-0.12819138","-0.003655476","0.0032118745","0.0018818054","0.00081408414","0.0","0.0","0.0","0.0","0.0","0.0","0.0","0.0","0.0","0.0","-0.0024369073","0.0","0.0","0.0","0.0","0.0"
"Breast cancer","-0.22007634","-0.012736084","-0.030332055","-0.0119885225","-0.017566964","-0.012050644","-0.0032349413","0.008790346","-0.005663294","0.003401166","-0.0016634933","0.0016024841","0.0030496456","-0.006093373","0.001336644","0.0013386973","0.0014833187","-0.0015655878","-0.0011191956","-0.0022812048","0.0032914274","-0.003769479","-0.0010876738","8.700956e-05","-0.00057010935","0.003326504","0.00012283615","0.0024395816","-0.002798829","-0.0001607432","0.0027648855","0.0029609804","-0.0010443438","0.0017620911","-0.00088586373","-0.0009047997","-0.00079564453","2.4461137e-08","0.0010531262","0.028242592","0.03517258","-0.011418279","-0.023639556","-0.12819138","-0.003655476","0.0032118745","0.0018818054","0.00081408414","0.0","0.0","0.0","0.0","0.0","0.0","0.0","0.0","0.0","0.0","-0.0024369073","0.0","0.0","0.0","0.0","0.0"
"Bronchiectasis","-0.22007634","-0.012736084","-0.030332055","-0.0119885225","-0.017566964","-0.012050644","-0.0032349413","0.008790346","-0.005663294","0.003401166","-0.0016634933","0.0016024841","0.0030496456","-0.006093373","0.001336644","0.0013386973","0.0014833187","-0.0015655878","-0.0011191956","-0.0022812048","0.0032914274","-0.003769479","-0.0010876738","8.700956e-05","-0.00057010935","0.003326504","0.00012283615","0.0024395816","-0.002798829","-0.0001607432","0.0027648855","0.0029609804","-0.0010443438","0.0017620911","-0.00088586373","-0.0009047997","-0.00079564453","2.4461137e-08","0.0010531262","0.028242592","0.03517258","-0.011418279","-0.023639556","-0.12819138","-0.003655476","0.0032118745","0.0018818054","0.00081408414","0.0","0.0","0.0","0.0","0.0","0.0","0.0","0.0","0.0","0.0","-0.0024369073","0.0","0.0","0.0","0.0","0.0"
"Bronchiolitis","-0.22007634","-0.012736084","-0.030332055","-0.0119885225","-0.017566964","-0.012050644","-0.0032349413","0.008790346","-0.005663294","0.003401166","-0.0016634933","0.0016024841","0.0030496456","-0.006093373","0.001336644","0.0013386973","0.0014833187","-0.0015655878","-0.0011191956","-0.0022812048","0.0032914274","-0.003769479","-0.0010876738","8.700956e-05","-0.00057010935","0.003326504","0.00012283615","0.0024395816","-0.002798829","-0.0001607432","0.0027648855","0.0029609804","-0.0010443438","0.0017620911","-0.00088586373","-0.0009047997","-0.00079564453","2.4461137e-08","0.0010531262","0.028242592","0.03517258","-0.011418279","-0.023639556","-0.12819138","-0.003655476","0.0032118745","0.0018818054","0.00081408414","0.0","0.0","0.0","0.0","0.0","0.0","0.0","0.0","0.0","0.0","-0.0024369073","0.0","0.0","0.0","0.0","0.0"
"Budd-Chiari syndrome","-0.22007634","-0.012736084","-0.030332055","-0.0119885225","-0.017566964","-0.012050644","-0.0032349413","0.008790346","-0.005663294","0.003401166","-0.0016634933","0.0016024841","0.0030496456","-0.006093373","0.001336644","0.0013386973","0.0014833187","-0.0015655878","-0.0011191956","-0.0022812048","0.0032914274","-0.003769479","-0.0010876738","8.700956e-05","-0.00057010935","0.003326504","0.00012283615","0.0024395816","-0.002798829","-0.0001607432","0.0027648855","0.0029609804","-0.0010443438","0.0017620911","-0.00088586373","-0.0009047997","-0.00079564453","2.4461137e-08","0.0010531262","0.028242592","0.03517258","-0.011418279","-0.023639556","-0.12819138","-0.003655476","0.0032118745","0.0018818054","0.00081408414","0.0","0.0","0.0","0.0","0.0","0.0","0.0","0.0","0.0","0.0","-0.0024369073","0.0","0.0","0.0","0.0","0.0"
"Bullous pemphigoid","-0.22007634","-0.012736084","-0.030332055","-0.0119885225","-0.017566964","-0.012050644","-0.0032349413","0.008790346","-0.005663294","0.003401166","-0.0016634933","0.0016024841","0.0030496456","-0.006093373","0.001336644","0.0013386973","0.0014833187","-0.0015655878","-0.0011191956","-0.0022812048","0.0032914274","-0.003769479","-0.0010876738","8.700956e-05","-0.00057010935","0.003326504","0.00012283615","0.0024395816","-0.002798829","-0.0001607432","0.0027648855","0.0029609804","-0.0010443438","0.0017620911","-0.00088586373","-0.0009047997","-0.00079564453","2.4461137e-08","0.0010531262","0.028242592","0.03517258","-0.011418279","-0.023639556","-0.12819138","-0.003655476","0.0032118745","0.0018818054","0.00081408414","0.0","0.0","0.0","0.0","0.0","0.0","0.0","0.0","0.0","0.0","-0.0024369073","0.0","0.0","0.0","0.0","0.0"
"COPD","4.515751","-1.6352555","-0.4857464","0.333207","-1.4256636","-4.358765","-2.1559415","-4.84428","11.148024","5.9734","3.5374043","-2.8852918","-7.7127213","4.6167927","-2.9646783","-2.3312914","0.7410773","-1.1692038","1.2058235","-3.332916","-0.07455565","1.2515761","1.1051841","10.010949","2.1575608","0.45811144","0.01249987","14.030513","9.348054","-4.3294687","3.869708","3.426679","-1.3334864","0.7632902","1.2170316","1.8619059","0.3488554","2.3850504e-05","1.0641068","-0.76080334","-1.6626155","0.44585052","10.179279","4.0835986","-6.4503183","5.3887844","-2.690553","-2.2489974","0.0","0.0","0.0","0.0","0.0","0.0","0.0","0.0","0.0","0.0","-0.24497688","0.0","0.0","0.0","0.0","0.0"
"COPD Exacerbation","-0.22007634","-0.012736084","-0.030332055","-0.0119885225","-0.017566964","-0.012050644","-0.0032349413","0.008790346","-0.005663294","0.003401166","-0.0016634933","0.0016024841","0.0030496456","-0.006093373","0.001336644","0.0013386973","0.0014833187","-0.0015655878","-0.0011191956","-0.0022812048","0.0032914274","-0.003769479","-0.0010876738","8.700956e-05","-0.00057010935","0.003326504","0.00012283615","0.0024395816","-0.002798829","-0.0001607432","0.0027648855","0.0029609804","-0.0010443438","0.0017620911","-0.00088586373","-0.0009047997","-0.00079564453","2.4461137e-08","0.0010531262","0.028242592","0.03517258","-0.011418279","-0.023639556","-0.12819138","-0.003655476","0.0032118745","0.0018818054","0.00081408414","0.0","0.0","0.0","0.0","0.0","0.0","0.0","0.0","0.0","0.0","-0.0024369073","0.0","0.0","0.0","0.0","0.0"
"Cancer cachexia","-0.22007634","-0.012736084","-0.030332055","-0.0119885225","-0.017566964","-0.012050644","-0.0032349413","0.008790346","-0.005663294","0.003401166","-0.0016634933","0.0016024841","0.0030496456","-0.006093373","0.001336644","0.0013386973","0.0014833187","-0.0015655878","-0.0011191956","-0.0022812048","0.0032914274","-0.003769479","-0.0010876738","8.700956e-05","-0.00057010935","0.003326504","0.00012283615","0.0024395816","-0.002798829","-0.0001607432","0.0027648855","0.0029609804","-0.0010443438","0.0017620911","-0.00088586373","-0.0009047997","-0.00079564453","2.4461137e-08","0.0010531262","0.028242592","0.03517258","-0.011418279","-0.023639556","-0.12819138","-0.003655476","0.0032118745","0.0018818054","0.00081408414","0.0","0.0","0.0","0.0","0.0","0.0","0.0","0.0","0.0","0.0","-0.0024369073","0.0","0.0","0.0","0.0","0.0"
"Cardiac valve calcification","-0.22007634","-0.012736084","-0.030332055","-0.0119885225","-0.017566964","-0.012050644","-0.0032349413","0.008790346","-0.005663294","0.003401166","-0.0016634933","0.0016024841","0.0030496456","-0.006093373","0.001336644","0.0013386973","0.0014833187","-0.0015655878","-0.0011191956","-0.0022812048","0.0032914274","-0.003769479","-0.0010876738","8.700956e-05","-0.00057010935","0.003326504","0.00012283615","0.0024395816","-0.002798829","-0.0001607432","0.0027648855","0.0029609804","-0.0010443438","0.0017620911","-0.00088586373","-0.0009047997","-0.00079564453","2.4461137e-08","0.0010531262","0.028242592","0.03517258","-0.011418279","-0.023639556","-0.12819138","-0.003655476","0.0032118745","0.0018818054","0.00081408414","0.0","0.0","0.0","0.0","0.0","0.0","0.0","0.0","0.0","0.0","-0.0024369073","0.0","0.0","0.0","0.0","0.0"
"Cardiovascular Diseases","-0.22007634","-0.012736084","-0.030332055","-0.0119885225","-0.017566964","-0.012050644","-0.0032349413","0.008790346","-0.005663294","0.003401166","-0.0016634933","0.0016024841","0.0030496456","-0.006093373","0.001336644","0.0013386973","0.0014833187","-0.0015655878","-0.0011191956","-0.0022812048","0.0032914274","-0.003769479","-0.0010876738","8.700956e-05","-0.00057010935","0.003326504","0.00012283615","0.0024395816","-0.002798829","-0.0001607432","0.0027648855","0.0029609804","-0.0010443438","0.0017620911","-0.00088586373","-0.0009047997","-0.00079564453","2.4461137e-08","0.0010531262","0.028242592","0.03517258","-0.011418279","-0.023639556","-0.12819138","-0.003655476","0.0032118745","0.0018818054","0.00081408414","0.0","0.0","0.0","0.0","0.0","0.0","0.0","0.0","0.0","0.0","-0.0024369073","0.0","0.0","0.0","0.0","0.0"
"Cardiovascular disease","-0.22007634","-0.012736084","-0.030332055","-0.0119885225","-0.017566964","-0.012050644","-0.0032349413","0.008790346","-0.005663294","0.003401166","-0.0016634933","0.0016024841","0.0030496456","-0.006093373","0.001336644","0.0013386973","0.0014833187","-0.0015655878","-0.0011191956","-0.0022812048","0.0032914274","-0.003769479","-0.0010876738","8.700956e-05","-0.00057010935","0.003326504","0.00012283615","0.0024395816","-0.002798829","-0.0001607432","0.0027648855","0.0029609804","-0.0010443438","0.0017620911","-0.00088586373","-0.0009047997","-0.00079564453","2.4461137e-08","0.0010531262","0.028242592","0.03517258","-0.011418279","-0.023639556","-0.12819138","-0.003655476","0.0032118745","0.0018818054","0.00081408414","0.0","0.0","0.0","0.0","0.0","0.0","0.0","0.0","0.0","0.0","-0.0024369073","0.0","0.0","0.0","0.0","0.0"
"Caries","-0.22007634","-0.012736084","-0.030332055","-0.0119885225","-0.017566964","-0.012050644","-0.0032349413","0.008790346","-0.005663294","0.003401166","-0.0016634933","0.0016024841","0.0030496456","-0.006093373","0.001336644","0.0013386973","0.0014833187","-0.0015655878","-0.0011191956","-0.0022812048","0.0032914274","-0.003769479","-0.0010876738","8.700956e-05","-0.00057010935","0.003326504","0.00012283615","0.0024395816","-0.002798829","-0.0001607432","0.0027648855","0.0029609804","-0.0010443438","0.0017620911","-0.00088586373","-0.0009047997","-0.00079564453","2.4461137e-08","0.0010531262","0.028242592","0.03517258","-0.011418279","-0.023639556","-0.12819138","-0.003655476","0.0032118745","0.0018818054","0.00081408414","0.0","0.0","0.0","0.0","0.0","0.0","0.0","0.0","0.0","0.0","-0.0024369073","0.0","0.0","0.0","0.0","0.0"
"Celiac Disease","-0.22007634","-0.012736084","-0.030332055","-0.0119885225","-0.017566964","-0.012050644","-0.0032349413","0.008790346","-0.005663294","0.003401166","-0.0016634933","0.0016024841","0.0030496456","-0.006093373","0.001336644","0.0013386973","0.0014833187","-0.0015655878","-0.0011191956","-0.0022812048","0.0032914274","-0.003769479","-0.0010876738","8.700956e-05","-0.00057010935","0.003326504","0.00012283615","0.0024395816","-0.002798829","-0.0001607432","0.0027648855","0.0029609804","-0.0010443438","0.0017620911","-0.00088586373","-0.0009047997","-0.00079564453","2.4461137e-08","0.0010531262","0.028242592","0.03517258","-0.011418279","-0.023639556","-0.12819138","-0.003655476","0.0032118745","0.0018818054","0.00081408414","0.0","0.0","0.0","0.0","0.0","0.0","0.0","0.0","0.0","0.0","-0.0024369073","0.0","0.0","0.0","0.0","0.0"
"Celiac Disease, Coaliac disease","-0.22007634","-0.012736084","-0.030332055","-0.0119885225","-0.017566964","-0.012050644","-0.0032349413","0.008790346","-0.005663294","0.003401166","-0.0016634933","0.0016024841","0.0030496456","-0.006093373","0.001336644","0.0013386973","0.0014833187","-0.0015655878","-0.0011191956","-0.0022812048","0.0032914274","-0.003769479","-0.0010876738","8.700956e-05","-0.00057010935","0.003326504","0.00012283615","0.0024395816","-0.002798829","-0.0001607432","0.0027648855","0.0029609804","-0.0010443438","0.0017620911","-0.00088586373","-0.0009047997","-0.00079564453","2.4461137e-08","0.0010531262","0.028242592","0.03517258","-0.011418279","-0.023639556","-0.12819138","-0.003655476","0.0032118745","0.0018818054","0.00081408414","0.0","0.0","0.0","0.0","0.0","0.0","0.0","0.0","0.0","0.0","-0.0024369073","0.0","0.0","0.0","0.0","0.0"
"Celiac disease","-0.22007634","-0.012736084","-0.030332055","-0.0119885225","-0.017566964","-0.012050644","-0.0032349413","0.008790346","-0.005663294","0.003401166","-0.0016634933","0.0016024841","0.0030496456","-0.006093373","0.001336644","0.0013386973","0.0014833187","-0.0015655878","-0.0011191956","-0.0022812048","0.0032914274","-0.003769479","-0.0010876738","8.700956e-05","-0.00057010935","0.003326504","0.00012283615","0.0024395816","-0.002798829","-0.0001607432","0.0027648855","0.0029609804","-0.0010443438","0.0017620911","-0.00088586373","-0.0009047997","-0.00079564453","2.4461137e-08","0.0010531262","0.028242592","0.03517258","-0.011418279","-0.023639556","-0.12819138","-0.003655476","0.0032118745","0.0018818054","0.00081408414","0.0","0.0","0.0","0.0","0.0","0.0","0.0","0.0","0.0","0.0","-0.0024369073","0.0","0.0","0.0","0.0","0.0"
"Cerebral autosomal dominant arteriopathy with subcortical infarcts and leukoencephalopathy","-0.22007634","-0.012736084","-0.030332055","-0.0119885225","-0.017566964","-0.012050644","-0.0032349413","0.008790346","-0.005663294","0.003401166","-0.0016634933","0.0016024841","0.0030496456","-0.006093373","0.001336644","0.0013386973","0.0014833187","-0.0015655878","-0.0011191956","-0.0022812048","0.0032914274","-0.003769479","-0.0010876738","8.700956e-05","-0.00057010935","0.003326504","0.00012283615","0.0024395816","-0.002798829","-0.0001607432","0.0027648855","0.0029609804","-0.0010443438","0.0017620911","-0.00088586373","-0.0009047997","-0.00079564453","2.4461137e-08","0.0010531262","0.028242592","0.03517258","-0.011418279","-0.023639556","-0.12819138","-0.003655476","0.0032118745","0.0018818054","0.00081408414","0.0","0.0","0.0","0.0","0.0","0.0","0.0","0.0","0.0","0.0","-0.0024369073","0.0","0.0","0.0","0.0","0.0"
"Cervical cancer","-0.22007634","-0.012736084","-0.030332055","-0.0119885225","-0.017566964","-0.012050644","-0.0032349413","0.008790346","-0.005663294","0.003401166","-0.0016634933","0.0016024841","0.0030496456","-0.006093373","0.001336644","0.0013386973","0.0014833187","-0.0015655878","-0.0011191956","-0.0022812048","0.0032914274","-0.003769479","-0.0010876738","8.700956e-05","-0.00057010935","0.003326504","0.00012283615","0.0024395816","-0.002798829","-0.0001607432","0.0027648855","0.0029609804","-0.0010443438","0.0017620911","-0.00088586373","-0.0009047997","-0.00079564453","2.4461137e-08","0.0010531262","0.028242592","0.03517258","-0.011418279","-0.023639556","-0.12819138","-0.003655476","0.0032118745","0.0018818054","0.00081408414","0.0","0.0","0.0","0.0","0.0","0.0","0.0","0.0","0.0","0.0","-0.0024369073","0.0","0.0","0.0","0.0","0.0"
"Cervical intraneoplasia","-0.22007634","-0.012736084","-0.030332055","-0.0119885225","-0.017566964","-0.012050644","-0.0032349413","0.008790346","-0.005663294","0.003401166","-0.0016634933","0.0016024841","0.0030496456","-0.006093373","0.001336644","0.0013386973","0.0014833187","-0.0015655878","-0.0011191956","-0.0022812048","0.0032914274","-0.003769479","-0.0010876738","8.700956e-05","-0.00057010935","0.003326504","0.00012283615","0.0024395816","-0.002798829","-0.0001607432","0.0027648855","0.0029609804","-0.0010443438","0.0017620911","-0.00088586373","-0.0009047997","-0.00079564453","2.4461137e-08","0.0010531262","0.028242592","0.03517258","-0.011418279","-0.023639556","-0.12819138","-0.003655476","0.0032118745","0.0018818054","0.00081408414","0.0","0.0","0.0","0.0","0.0","0.0","0.0","0.0","0.0","0.0","-0.0024369073","0.0","0.0","0.0","0.0","0.0"
"Cervicitis","-0.22007634","-0.012736084","-0.030332055","-0.0119885225","-0.017566964","-0.012050644","-0.0032349413","0.008790346","-0.005663294","0.003401166","-0.0016634933","0.0016024841","0.0030496456","-0.006093373","0.001336644","0.0013386973","0.0014833187","-0.0015655878","-0.0011191956","-0.0022812048","0.0032914274","-0.003769479","-0.0010876738","8.700956e-05","-0.00057010935","0.003326504","0.00012283615","0.0024395816","-0.002798829","-0.0001607432","0.0027648855","0.0029609804","-0.0010443438","0.0017620911","-0.00088586373","-0.0009047997","-0.00079564453","2.4461137e-08","0.0010531262","0.028242592","0.03517258","-0.011418279","-0.023639556","-0.12819138","-0.003655476","0.0032118745","0.0018818054","0.00081408414","0.0","0.0","0.0","0.0","0.0","0.0","0.0","0.0","0.0","0.0","-0.0024369073","0.0","0.0","0.0","0.0","0.0"
"Chagas' disease","-0.22007634","-0.012736084","-0.030332055","-0.0119885225","-0.017566964","-0.012050644","-0.0032349413","0.008790346","-0.005663294","0.003401166","-0.0016634933","0.0016024841","0.0030496456","-0.006093373","0.001336644","0.0013386973","0.0014833187","-0.0015655878","-0.0011191956","-0.0022812048","0.0032914274","-0.003769479","-0.0010876738","8.700956e-05","-0.00057010935","0.003326504","0.00012283615","0.0024395816","-0.002798829","-0.0001607432","0.0027648855","0.0029609804","-0.0010443438","0.0017620911","-0.00088586373","-0.0009047997","-0.00079564453","2.4461137e-08","0.0010531262","0.028242592","0.03517258","-0.011418279","-0.023639556","-0.12819138","-0.003655476","0.0032118745","0.0018818054","0.00081408414","0.0","0.0","0.0","0.0","0.0","0.0","0.0","0.0","0.0","0.0","-0.0024369073","0.0","0.0","0.0","0.0","0.0"
"Chlamydia","-0.22007634","-0.012736084","-0.030332055","-0.0119885225","-0.017566964","-0.012050644","-0.0032349413","0.008790346","-0.005663294","0.003401166","-0.0016634933","0.0016024841","0.0030496456","-0.006093373","0.001336644","0.0013386973","0.0014833187","-0.0015655878","-0.0011191956","-0.0022812048","0.0032914274","-0.003769479","-0.0010876738","8.700956e-05","-0.00057010935","0.003326504","0.00012283615","0.0024395816","-0.002798829","-0.0001607432","0.0027648855","0.0029609804","-0.0010443438","0.0017620911","-0.00088586373","-0.0009047997","-0.00079564453","2.4461137e-08","0.0010531262","0.028242592","0.03517258","-0.011418279","-0.023639556","-0.12819138","-0.003655476","0.0032118745","0.0018818054","0.00081408414","0.0","0.0","0.0","0.0","0.0","0.0","0.0","0.0","0.0","0.0","-0.0024369073","0.0","0.0","0.0","0.0","0.0"
"Cholelithiasis","-0.22007634","-0.012736084","-0.030332055","-0.0119885225","-0.017566964","-0.012050644","-0.0032349413","0.008790346","-0.005663294","0.003401166","-0.0016634933","0.0016024841","0.0030496456","-0.006093373","0.001336644","0.0013386973","0.0014833187","-0.0015655878","-0.0011191956","-0.0022812048","0.0032914274","-0.003769479","-0.0010876738","8.700956e-05","-0.00057010935","0.003326504","0.00012283615","0.0024395816","-0.002798829","-0.0001607432","0.0027648855","0.0029609804","-0.0010443438","0.0017620911","-0.00088586373","-0.0009047997","-0.00079564453","2.4461137e-08","0.0010531262","0.028242592","0.03517258","-0.011418279","-0.023639556","-0.12819138","-0.003655476","0.0032118745","0.0018818054","0.00081408414","0.0","0.0","0.0","0.0","0.0","0.0","0.0","0.0","0.0","0.0","-0.0024369073","0.0","0.0","0.0","0.0","0.0"
"Cholestasis","-0.22007634","-0.012736084","-0.030332055","-0.0119885225","-0.017566964","-0.012050644","-0.0032349413","0.008790346","-0.005663294","0.003401166","-0.0016634933","0.0016024841","0.0030496456","-0.006093373","0.001336644","0.0013386973","0.0014833187","-0.0015655878","-0.0011191956","-0.0022812048","0.0032914274","-0.003769479","-0.0010876738","8.700956e-05","-0.00057010935","0.003326504","0.00012283615","0.0024395816","-0.002798829","-0.0001607432","0.0027648855","0.0029609804","-0.0010443438","0.0017620911","-0.00088586373","-0.0009047997","-0.00079564453","2.4461137e-08","0.0010531262","0.028242592","0.03517258","-0.011418279","-0.023639556","-0.12819138","-0.003655476","0.0032118745","0.0018818054","0.00081408414","0.0","0.0","0.0","0.0","0.0","0.0","0.0","0.0","0.0","0.0","-0.0024369073","0.0","0.0","0.0","0.0","0.0"
"Chronic Kidney Disease","-0.22007634","-0.012736084","-0.030332055","-0.0119885225","-0.017566964","-0.012050644","-0.0032349413","0.008790346","-0.005663294","0.003401166","-0.0016634933","0.0016024841","0.0030496456","-0.006093373","0.001336644","0.0013386973","0.0014833187","-0.0015655878","-0.0011191956","-0.0022812048","0.0032914274","-0.003769479","-0.0010876738","8.700956e-05","-0.00057010935","0.003326504","0.00012283615","0.0024395816","-0.002798829","-0.0001607432","0.0027648855","0.0029609804","-0.0010443438","0.0017620911","-0.00088586373","-0.0009047997","-0.00079564453","2.4461137e-08","0.0010531262","0.028242592","0.03517258","-0.011418279","-0.023639556","-0.12819138","-0.003655476","0.0032118745","0.0018818054","0.00081408414","0.0","0.0","0.0","0.0","0.0","0.0","0.0","0.0","0.0","0.0","-0.0024369073","0.0","0.0","0.0","0.0","0.0"
"Chronic Obstructive Pulmonary Disease","-0.22007634","-0.012736084","-0.030332055","-0.0119885225","-0.017566964","-0.012050644","-0.0032349413","0.008790346","-0.005663294","0.003401166","-0.0016634933","0.0016024841","0.0030496456","-0.006093373","0.001336644","0.0013386973","0.0014833187","-0.0015655878","-0.0011191956","-0.0022812048","0.0032914274","-0.003769479","-0.0010876738","8.700956e-05","-0.00057010935","0.003326504","0.00012283615","0.0024395816","-0.002798829","-0.0001607432","0.0027648855","0.0029609804","-0.0010443438","0.0017620911","-0.00088586373","-0.0009047997","-0.00079564453","2.4461137e-08","0.0010531262","0.028242592","0.03517258","-0.011418279","-0.023639556","-0.12819138","-0.003655476","0.0032118745","0.0018818054","0.00081408414","0.0","0.0","0.0","0.0","0.0","0.0","0.0","0.0","0.0","0.0","-0.0024369073","0.0","0.0","0.0","0.0","0.0"
"Chronic Prostatitis/Chronic Pelvic Pain Syndrome","-0.22007634","-0.012736084","-0.030332055","-0.0119885225","-0.017566964","-0.012050644","-0.0032349413","0.008790346","-0.005663294","0.003401166","-0.0016634933","0.0016024841","0.0030496456","-0.006093373","0.001336644","0.0013386973","0.0014833187","-0.0015655878","-0.0011191956","-0.0022812048","0.0032914274","-0.003769479","-0.0010876738","8.700956e-05","-0.00057010935","0.003326504","0.00012283615","0.0024395816","-0.002798829","-0.0001607432","0.0027648855","0.0029609804","-0.0010443438","0.0017620911","-0.00088586373","-0.0009047997","-0.00079564453","2.4461137e-08","0.0010531262","0.028242592","0.03517258","-0.011418279","-0.023639556","-0.12819138","-0.003655476","0.0032118745","0.0018818054","0.00081408414","0.0","0.0","0.0","0.0","0.0","0.0","0.0","0.0","0.0","0.0","-0.0024369073","0.0","0.0","0.0","0.0","0.0"
"Chronic Rhinosinusitis","-0.22007634","-0.012736084","-0.030332055","-0.0119885225","-0.017566964","-0.012050644","-0.0032349413","0.008790346","-0.005663294","0.003401166","-0.0016634933","0.0016024841","0.0030496456","-0.006093373","0.001336644","0.0013386973","0.0014833187","-0.0015655878","-0.0011191956","-0.0022812048","0.0032914274","-0.003769479","-0.0010876738","8.700956e-05","-0.00057010935","0.003326504","0.00012283615","0.0024395816","-0.002798829","-0.0001607432","0.0027648855","0.0029609804","-0.0010443438","0.0017620911","-0.00088586373","-0.0009047997","-0.00079564453","2.4461137e-08","0.0010531262","0.028242592","0.03517258","-0.011418279","-0.023639556","-0.12819138","-0.003655476","0.0032118745","0.0018818054","0.00081408414","0.0","0.0","0.0","0.0","0.0","0.0","0.0","0.0","0.0","0.0","-0.0024369073","0.0","0.0","0.0","0.0","0.0"
"Chronic Rhinosinusitis with asthma","-0.22007634","-0.012736084","-0.030332055","-0.0119885225","-0.017566964","-0.012050644","-0.0032349413","0.008790346","-0.005663294","0.003401166","-0.0016634933","0.0016024841","0.0030496456","-0.006093373","0.001336644","0.0013386973","0.0014833187","-0.0015655878","-0.0011191956","-0.0022812048","0.0032914274","-0.003769479","-0.0010876738","8.700956e-05","-0.00057010935","0.003326504","0.00012283615","0.0024395816","-0.002798829","-0.0001607432","0.0027648855","0.0029609804","-0.0010443438","0.0017620911","-0.00088586373","-0.0009047997","-0.00079564453","2.4461137e-08","0.0010531262","0.028242592","0.03517258","-0.011418279","-0.023639556","-0.12819138","-0.003655476","0.0032118745","0.0018818054","0.00081408414","0.0","0.0","0.0","0.0","0.0","0.0","0.0","0.0","0.0","0.0","-0.0024369073","0.0","0.0","0.0","0.0","0.0"
"Chronic Rhinosinusitis with cystic fibrosis","-0.22007634","-0.012736084","-0.030332055","-0.0119885225","-0.017566964","-0.012050644","-0.0032349413","0.008790346","-0.005663294","0.003401166","-0.0016634933","0.0016024841","0.0030496456","-0.006093373","0.001336644","0.0013386973","0.0014833187","-0.0015655878","-0.0011191956","-0.0022812048","0.0032914274","-0.003769479","-0.0010876738","8.700956e-05","-0.00057010935","0.003326504","0.00012283615","0.0024395816","-0.002798829","-0.0001607432","0.0027648855","0.0029609804","-0.0010443438","0.0017620911","-0.00088586373","-0.0009047997","-0.00079564453","2.4461137e-08","0.0010531262","0.028242592","0.03517258","-0.011418279","-0.023639556","-0.12819138","-0.003655476","0.0032118745","0.0018818054","0.00081408414","0.0","0.0","0.0","0.0","0.0","0.0","0.0","0.0","0.0","0.0","-0.0024369073","0.0","0.0","0.0","0.0","0.0"
"Chronic alcoholic pancreatitis","-0.22007634","-0.012736084","-0.030332055","-0.0119885225","-0.017566964","-0.012050644","-0.0032349413","0.008790346","-0.005663294","0.003401166","-0.0016634933","0.0016024841","0.0030496456","-0.006093373","0.001336644","0.0013386973","0.0014833187","-0.0015655878","-0.0011191956","-0.0022812048","0.0032914274","-0.003769479","-0.0010876738","8.700956e-05","-0.00057010935","0.003326504","0.00012283615","0.0024395816","-0.002798829","-0.0001607432","0.0027648855","0.0029609804","-0.0010443438","0.0017620911","-0.00088586373","-0.0009047997","-0.00079564453","2.4461137e-08","0.0010531262","0.028242592","0.03517258","-0.011418279","-0.023639556","-0.12819138","-0.003655476","0.0032118745","0.0018818054","0.00081408414","0.0","0.0","0.0","0.0","0.0","0.0","0.0","0.0","0.0","0.0","-0.0024369073","0.0","0.0","0.0","0.0","0.0"
"Chronic fatigue syndrome","-0.22007634","-0.012736084","-0.030332055","-0.0119885225","-0.017566964","-0.012050644","-0.0032349413","0.008790346","-0.005663294","0.003401166","-0.0016634933","0.0016024841","0.0030496456","-0.006093373","0.001336644","0.0013386973","0.0014833187","-0.0015655878","-0.0011191956","-0.0022812048","0.0032914274","-0.003769479","-0.0010876738","8.700956e-05","-0.00057010935","0.003326504","0.00012283615","0.0024395816","-0.002798829","-0.0001607432","0.0027648855","0.0029609804","-0.0010443438","0.0017620911","-0.00088586373","-0.0009047997","-0.00079564453","2.4461137e-08","0.0010531262","0.028242592","0.03517258","-0.011418279","-0.023639556","-0.12819138","-0.003655476","0.0032118745","0.0018818054","0.00081408414","0.0","0.0","0.0","0.0","0.0","0.0","0.0","0.0","0.0","0.0","-0.0024369073","0.0","0.0","0.0","0.0","0.0"
"Chronic granulomatous disease","-0.22007634","-0.012736084","-0.030332055","-0.0119885225","-0.017566964","-0.012050644","-0.0032349413","0.008790346","-0.005663294","0.003401166","-0.0016634933","0.0016024841","0.0030496456","-0.006093373","0.001336644","0.0013386973","0.0014833187","-0.0015655878","-0.0011191956","-0.0022812048","0.0032914274","-0.003769479","-0.0010876738","8.700956e-05","-0.00057010935","0.003326504","0.00012283615","0.0024395816","-0.002798829","-0.0001607432","0.0027648855","0.0029609804","-0.0010443438","0.0017620911","-0.00088586373","-0.0009047997","-0.00079564453","2.4461137e-08","0.0010531262","0.028242592","0.03517258","-0.011418279","-0.023639556","-0.12819138","-0.003655476","0.0032118745","0.0018818054","0.00081408414","0.0","0.0","0.0","0.0","0.0","0.0","0.0","0.0","0.0","0.0","-0.0024369073","0.0","0.0","0.0","0.0","0.0"
"Chronic kidney disease","-0.22007634","-0.012736084","-0.030332055","-0.0119885225","-0.017566964","-0.012050644","-0.0032349413","0.008790346","-0.005663294","0.003401166","-0.0016634933","0.0016024841","0.0030496456","-0.006093373","0.001336644","0.0013386973","0.0014833187","-0.0015655878","-0.0011191956","-0.0022812048","0.0032914274","-0.003769479","-0.0010876738","8.700956e-05","-0.00057010935","0.003326504","0.00012283615","0.0024395816","-0.002798829","-0.0001607432","0.0027648855","0.0029609804","-0.0010443438","0.0017620911","-0.00088586373","-0.0009047997","-0.00079564453","2.4461137e-08","0.0010531262","0.028242592","0.03517258","-0.011418279","-0.023639556","-0.12819138","-0.003655476","0.0032118745","0.0018818054","0.00081408414","0.0","0.0","0.0","0.0","0.0","0.0","0.0","0.0","0.0","0.0","-0.0024369073","0.0","0.0","0.0","0.0","0.0"
"Chronic liver disease","-0.22007634","-0.012736084","-0.030332055","-0.0119885225","-0.017566964","-0.012050644","-0.0032349413","0.008790346","-0.005663294","0.003401166","-0.0016634933","0.0016024841","0.0030496456","-0.006093373","0.001336644","0.0013386973","0.0014833187","-0.0015655878","-0.0011191956","-0.0022812048","0.0032914274","-0.003769479","-0.0010876738","8.700956e-05","-0.00057010935","0.003326504","0.00012283615","0.0024395816","-0.002798829","-0.0001607432","0.0027648855","0.0029609804","-0.0010443438","0.0017620911","-0.00088586373","-0.0009047997","-0.00079564453","2.4461137e-08","0.0010531262","0.028242592","0.03517258","-0.011418279","-0.023639556","-0.12819138","-0.003655476","0.0032118745","0.0018818054","0.00081408414","0.0","0.0","0.0","0.0","0.0","0.0","0.0","0.0","0.0","0.0","-0.0024369073","0.0","0.0","0.0","0.0","0.0"
"Chronic lung disease","-0.22007634","-0.012736084","-0.030332055","-0.0119885225","-0.017566964","-0.012050644","-0.0032349413","0.008790346","-0.005663294","0.003401166","-0.0016634933","0.0016024841","0.0030496456","-0.006093373","0.001336644","0.0013386973","0.0014833187","-0.0015655878","-0.0011191956","-0.0022812048","0.0032914274","-0.003769479","-0.0010876738","8.700956e-05","-0.00057010935","0.003326504","0.00012283615","0.0024395816","-0.002798829","-0.0001607432","0.0027648855","0.0029609804","-0.0010443438","0.0017620911","-0.00088586373","-0.0009047997","-0.00079564453","2.4461137e-08","0.0010531262","0.028242592","0.03517258","-0.011418279","-0.023639556","-0.12819138","-0.003655476","0.0032118745","0.0018818054","0.00081408414","0.0","0.0","0.0","0.0","0.0","0.0","0.0","0.0","0.0","0.0","-0.0024369073","0.0","0.0","0.0","0.0","0.0"
"Chronic mucocutaneous candidiasis","-0.22007634","-0.012736084","-0.030332055","-0.0119885225","-0.017566964","-0.012050644","-0.0032349413","0.008790346","-0.005663294","0.003401166","-0.0016634933","0.0016024841","0.0030496456","-0.006093373","0.001336644","0.0013386973","0.0014833187","-0.0015655878","-0.0011191956","-0.0022812048","0.0032914274","-0.003769479","-0.0010876738","8.700956e-05","-0.00057010935","0.003326504","0.00012283615","0.0024395816","-0.002798829","-0.0001607432","0.0027648855","0.0029609804","-0.0010443438","0.0017620911","-0.00088586373","-0.0009047997","-0.00079564453","2.4461137e-08","0.0010531262","0.028242592","0.03517258","-0.011418279","-0.023639556","-0.12819138","-0.003655476","0.0032118745","0.0018818054","0.00081408414","0.0","0.0","0.0","0.0","0.0","0.0","0.0","0.0","0.0","0.0","-0.0024369073","0.0","0.0","0.0","0.0","0.0"
"Chronic ocular graft-versus-host disease","-0.22007634","-0.012736084","-0.030332055","-0.0119885225","-0.017566964","-0.012050644","-0.0032349413","0.008790346","-0.005663294","0.003401166","-0.0016634933","0.0016024841","0.0030496456","-0.006093373","0.001336644","0.0013386973","0.0014833187","-0.0015655878","-0.0011191956","-0.0022812048","0.0032914274","-0.003769479","-0.0010876738","8.700956e-05","-0.00057010935","0.003326504","0.00012283615","0.0024395816","-0.002798829","-0.0001607432","0.0027648855","0.0029609804","-0.0010443438","0.0017620911","-0.00088586373","-0.0009047997","-0.00079564453","2.4461137e-08","0.0010531262","0.028242592","0.03517258","-0.011418279","-0.023639556","-0.12819138","-0.003655476","0.0032118745","0.0018818054","0.00081408414","0.0","0.0","0.0","0.0","0.0","0.0","0.0","0.0","0.0","0.0","-0.0024369073","0.0","0.0","0.0","0.0","0.0"
"Chronic pancreatitis","-0.22007634","-0.012736084","-0.030332055","-0.0119885225","-0.017566964","-0.012050644","-0.0032349413","0.008790346","-0.005663294","0.003401166","-0.0016634933","0.0016024841","0.0030496456","-0.006093373","0.001336644","0.0013386973","0.0014833187","-0.0015655878","-0.0011191956","-0.0022812048","0.0032914274","-0.003769479","-0.0010876738","8.700956e-05","-0.00057010935","0.003326504","0.00012283615","0.0024395816","-0.002798829","-0.0001607432","0.0027648855","0.0029609804","-0.0010443438","0.0017620911","-0.00088586373","-0.0009047997","-0.00079564453","2.4461137e-08","0.0010531262","0.028242592","0.03517258","-0.011418279","-0.023639556","-0.12819138","-0.003655476","0.0032118745","0.0018818054","0.00081408414","0.0","0.0","0.0","0.0","0.0","0.0","0.0","0.0","0.0","0.0","-0.0024369073","0.0","0.0","0.0","0.0","0.0"
"Chronic prostatitis / Chronic pelvic pain syndrome","-0.22007634","-0.012736084","-0.030332055","-0.0119885225","-0.017566964","-0.012050644","-0.0032349413","0.008790346","-0.005663294","0.003401166","-0.0016634933","0.0016024841","0.0030496456","-0.006093373","0.001336644","0.0013386973","0.0014833187","-0.0015655878","-0.0011191956","-0.0022812048","0.0032914274","-0.003769479","-0.0010876738","8.700956e-05","-0.00057010935","0.003326504","0.00012283615","0.0024395816","-0.002798829","-0.0001607432","0.0027648855","0.0029609804","-0.0010443438","0.0017620911","-0.00088586373","-0.0009047997","-0.00079564453","2.4461137e-08","0.0010531262","0.028242592","0.03517258","-0.011418279","-0.023639556","-0.12819138","-0.003655476","0.0032118745","0.0018818054","0.00081408414","0.0","0.0","0.0","0.0","0.0","0.0","0.0","0.0","0.0","0.0","-0.0024369073","0.0","0.0","0.0","0.0","0.0"
"Chronic rhinosinusitis with nasal polyps","-0.22007634","-0.012736084","-0.030332055","-0.0119885225","-0.017566964","-0.012050644","-0.0032349413","0.008790346","-0.005663294","0.003401166","-0.0016634933","0.0016024841","0.0030496456","-0.006093373","0.001336644","0.0013386973","0.0014833187","-0.0015655878","-0.0011191956","-0.0022812048","0.0032914274","-0.003769479","-0.0010876738","8.700956e-05","-0.00057010935","0.003326504","0.00012283615","0.0024395816","-0.002798829","-0.0001607432","0.0027648855","0.0029609804","-0.0010443438","0.0017620911","-0.00088586373","-0.0009047997","-0.00079564453","2.4461137e-08","0.0010531262","0.028242592","0.03517258","-0.011418279","-0.023639556","-0.12819138","-0.003655476","0.0032118745","0.0018818054","0.00081408414","0.0","0.0","0.0","0.0","0.0","0.0","0.0","0.0","0.0","0.0","-0.0024369073","0.0","0.0","0.0","0.0","0.0"
"Chronic stress","-0.22007634","-0.012736084","-0.030332055","-0.0119885225","-0.017566964","-0.012050644","-0.0032349413","0.008790346","-0.005663294","0.003401166","-0.0016634933","0.0016024841","0.0030496456","-0.006093373","0.001336644","0.0013386973","0.0014833187","-0.0015655878","-0.0011191956","-0.0022812048","0.0032914274","-0.003769479","-0.0010876738","8.700956e-05","-0.00057010935","0.003326504","0.00012283615","0.0024395816","-0.002798829","-0.0001607432","0.0027648855","0.0029609804","-0.0010443438","0.0017620911","-0.00088586373","-0.0009047997","-0.00079564453","2.4461137e-08","0.0010531262","0.028242592","0.03517258","-0.011418279","-0.023639556","-0.12819138","-0.003655476","0.0032118745","0.0018818054","0.00081408414","0.0","0.0","0.0","0.0","0.0","0.0","0.0","0.0","0.0","0.0","-0.0024369073","0.0","0.0","0.0","0.0","0.0"
"Chronic urticaria","-0.22007634","-0.012736084","-0.030332055","-0.0119885225","-0.017566964","-0.012050644","-0.0032349413","0.008790346","-0.005663294","0.003401166","-0.0016634933","0.0016024841","0.0030496456","-0.006093373","0.001336644","0.0013386973","0.0014833187","-0.0015655878","-0.0011191956","-0.0022812048","0.0032914274","-0.003769479","-0.0010876738","8.700956e-05","-0.00057010935","0.003326504","0.00012283615","0.0024395816","-0.002798829","-0.0001607432","0.0027648855","0.0029609804","-0.0010443438","0.0017620911","-0.00088586373","-0.0009047997","-0.00079564453","2.4461137e-08","0.0010531262","0.028242592","0.03517258","-0.011418279","-0.023639556","-0.12819138","-0.003655476","0.0032118745","0.0018818054","0.00081408414","0.0","0.0","0.0","0.0","0.0","0.0","0.0","0.0","0.0","0.0","-0.0024369073","0.0","0.0","0.0","0.0","0.0"
"Cirrhosis","-0.22007634","-0.012736084","-0.030332055","-0.0119885225","-0.017566964","-0.012050644","-0.0032349413","0.008790346","-0.005663294","0.003401166","-0.0016634933","0.0016024841","0.0030496456","-0.006093373","0.001336644","0.0013386973","0.0014833187","-0.0015655878","-0.0011191956","-0.0022812048","0.0032914274","-0.003769479","-0.0010876738","8.700956e-05","-0.00057010935","0.003326504","0.00012283615","0.0024395816","-0.002798829","-0.0001607432","0.0027648855","0.0029609804","-0.0010443438","0.0017620911","-0.00088586373","-0.0009047997","-0.00079564453","2.4461137e-08","0.0010531262","0.028242592","0.03517258","-0.011418279","-0.023639556","-0.12819138","-0.003655476","0.0032118745","0.0018818054","0.00081408414","0.0","0.0","0.0","0.0","0.0","0.0","0.0","0.0","0.0","0.0","-0.0024369073","0.0","0.0","0.0","0.0","0.0"
"Cirrhosis with pneumonia","-0.22007634","-0.012736084","-0.030332055","-0.0119885225","-0.017566964","-0.012050644","-0.0032349413","0.008790346","-0.005663294","0.003401166","-0.0016634933","0.0016024841","0.0030496456","-0.006093373","0.001336644","0.0013386973","0.0014833187","-0.0015655878","-0.0011191956","-0.0022812048","0.0032914274","-0.003769479","-0.0010876738","8.700956e-05","-0.00057010935","0.003326504","0.00012283615","0.0024395816","-0.002798829","-0.0001607432","0.0027648855","0.0029609804","-0.0010443438","0.0017620911","-0.00088586373","-0.0009047997","-0.00079564453","2.4461137e-08","0.0010531262","0.028242592","0.03517258","-0.011418279","-0.023639556","-0.12819138","-0.003655476","0.0032118745","0.0018818054","0.00081408414","0.0","0.0","0.0","0.0","0.0","0.0","0.0","0.0","0.0","0.0","-0.0024369073","0.0","0.0","0.0","0.0","0.0"
"Cleft palate","-0.22007634","-0.012736084","-0.030332055","-0.0119885225","-0.017566964","-0.012050644","-0.0032349413","0.008790346","-0.005663294","0.003401166","-0.0016634933","0.0016024841","0.0030496456","-0.006093373","0.001336644","0.0013386973","0.0014833187","-0.0015655878","-0.0011191956","-0.0022812048","0.0032914274","-0.003769479","-0.0010876738","8.700956e-05","-0.00057010935","0.003326504","0.00012283615","0.0024395816","-0.002798829","-0.0001607432","0.0027648855","0.0029609804","-0.0010443438","0.0017620911","-0.00088586373","-0.0009047997","-0.00079564453","2.4461137e-08","0.0010531262","0.028242592","0.03517258","-0.011418279","-0.023639556","-0.12819138","-0.003655476","0.0032118745","0.0018818054","0.00081408414","0.0","0.0","0.0","0.0","0.0","0.0","0.0","0.0","0.0","0.0","-0.0024369073","0.0","0.0","0.0","0.0","0.0"
"Clonorchis sinensis infection","-0.22007634","-0.012736084","-0.030332055","-0.0119885225","-0.017566964","-0.012050644","-0.0032349413","0.008790346","-0.005663294","0.003401166","-0.0016634933","0.0016024841","0.0030496456","-0.006093373","0.001336644","0.0013386973","0.0014833187","-0.0015655878","-0.0011191956","-0.0022812048","0.0032914274","-0.003769479","-0.0010876738","8.700956e-05","-0.00057010935","0.003326504","0.00012283615","0.0024395816","-0.002798829","-0.0001607432","0.0027648855","0.0029609804","-0.0010443438","0.0017620911","-0.00088586373","-0.0009047997","-0.00079564453","2.4461137e-08","0.0010531262","0.028242592","0.03517258","-0.011418279","-0.023639556","-0.12819138","-0.003655476","0.0032118745","0.0018818054","0.00081408414","0.0","0.0","0.0","0.0","0.0","0.0","0.0","0.0","0.0","0.0","-0.0024369073","0.0","0.0","0.0","0.0","0.0"
"Clostridium difficile associated disease","-0.22007634","-0.012736084","-0.030332055","-0.0119885225","-0.017566964","-0.012050644","-0.0032349413","0.008790346","-0.005663294","0.003401166","-0.0016634933","0.0016024841","0.0030496456","-0.006093373","0.001336644","0.0013386973","0.0014833187","-0.0015655878","-0.0011191956","-0.0022812048","0.0032914274","-0.003769479","-0.0010876738","8.700956e-05","-0.00057010935","0.003326504","0.00012283615","0.0024395816","-0.002798829","-0.0001607432","0.0027648855","0.0029609804","-0.0010443438","0.0017620911","-0.00088586373","-0.0009047997","-0.00079564453","2.4461137e-08","0.0010531262","0.028242592","0.03517258","-0.011418279","-0.023639556","-0.12819138","-0.003655476","0.0032118745","0.0018818054","0.00081408414","0.0","0.0","0.0","0.0","0.0","0.0","0.0","0.0","0.0","0.0","-0.0024369073","0.0","0.0","0.0","0.0","0.0"
"Clostridium difficile infection","-0.22007634","-0.012736084","-0.030332055","-0.0119885225","-0.017566964","-0.012050644","-0.0032349413","0.008790346","-0.005663294","0.003401166","-0.0016634933","0.0016024841","0.0030496456","-0.006093373","0.001336644","0.0013386973","0.0014833187","-0.0015655878","-0.0011191956","-0.0022812048","0.0032914274","-0.003769479","-0.0010876738","8.700956e-05","-0.00057010935","0.003326504","0.00012283615","0.0024395816","-0.002798829","-0.0001607432","0.0027648855","0.0029609804","-0.0010443438","0.0017620911","-0.00088586373","-0.0009047997","-0.00079564453","2.4461137e-08","0.0010531262","0.028242592","0.03517258","-0.011418279","-0.023639556","-0.12819138","-0.003655476","0.0032118745","0.0018818054","0.00081408414","0.0","0.0","0.0","0.0","0.0","0.0","0.0","0.0","0.0","0.0","-0.0024369073","0.0","0.0","0.0","0.0","0.0"
"Clostridium difficile infection(CDI)","4.690869","-1.8676261","-1.8455209","-0.38751402","-0.5150375","5.302809","1.6784334","5.937868","-1.4063157","3.0209408","1.3010913","-4.1153107","-7.9472795","-1.0006044","17.873089","2.2267673","7.526775","-3.7874234","-1.8803804","4.7209153","-9.008916","4.257527","2.7075028","1.4173373","-0.9693492","-8.792065","-1.8020532","-0.575426","0.46975222","0.94759464","2.241882","0.56679696","-0.6245405","0.3132945","-0.98505193","-0.09163718","-0.26818332","-1.6176647e-05","-0.042338867","2.5827703","5.33894","-3.5354338","-6.2461157","-2.5692093","1.6251137","-2.0316002","-2.6095498","0.32274982","0.0","0.0","0.0","0.0","0.0","0.0","0.0","0.0","0.0","0.0","2.5310156","0.0","0.0","0.0","0.0","0.0"
"Clostridium difficile infections","-0.22007634","-0.012736084","-0.030332055","-0.0119885225","-0.017566964","-0.012050644","-0.0032349413","0.008790346","-0.005663294","0.003401166","-0.0016634933","0.0016024841","0.0030496456","-0.006093373","0.001336644","0.0013386973","0.0014833187","-0.0015655878","-0.0011191956","-0.0022812048","0.0032914274","-0.003769479","-0.0010876738","8.700956e-05","-0.00057010935","0.003326504","0.00012283615","0.0024395816","-0.002798829","-0.0001607432","0.0027648855","0.0029609804","-0.0010443438","0.0017620911","-0.00088586373","-0.0009047997","-0.00079564453","2.4461137e-08","0.0010531262","0.028242592","0.03517258","-0.011418279","-0.023639556","-0.12819138","-0.003655476","0.0032118745","0.0018818054","0.00081408414","0.0","0.0","0.0","0.0","0.0","0.0","0.0","0.0","0.0","0.0","-0.0024369073","0.0","0.0","0.0","0.0","0.0"
"Clostrium difficile-related diarrhea","-0.22007634","-0.012736084","-0.030332055","-0.0119885225","-0.017566964","-0.012050644","-0.0032349413","0.008790346","-0.005663294","0.003401166","-0.0016634933","0.0016024841","0.0030496456","-0.006093373","0.001336644","0.0013386973","0.0014833187","-0.0015655878","-0.0011191956","-0.0022812048","0.0032914274","-0.003769479","-0.0010876738","8.700956e-05","-0.00057010935","0.003326504","0.00012283615","0.0024395816","-0.002798829","-0.0001607432","0.0027648855","0.0029609804","-0.0010443438","0.0017620911","-0.00088586373","-0.0009047997","-0.00079564453","2.4461137e-08","0.0010531262","0.028242592","0.03517258","-0.011418279","-0.023639556","-0.12819138","-0.003655476","0.0032118745","0.0018818054","0.00081408414","0.0","0.0","0.0","0.0","0.0","0.0","0.0","0.0","0.0","0.0","-0.0024369073","0.0","0.0","0.0","0.0","0.0"
"Coeliac disease","-0.22007634","-0.012736084","-0.030332055","-0.0119885225","-0.017566964","-0.012050644","-0.0032349413","0.008790346","-0.005663294","0.003401166","-0.0016634933","0.0016024841","0.0030496456","-0.006093373","0.001336644","0.0013386973","0.0014833187","-0.0015655878","-0.0011191956","-0.0022812048","0.0032914274","-0.003769479","-0.0010876738","8.700956e-05","-0.00057010935","0.003326504","0.00012283615","0.0024395816","-0.002798829","-0.0001607432","0.0027648855","0.0029609804","-0.0010443438","0.0017620911","-0.00088586373","-0.0009047997","-0.00079564453","2.4461137e-08","0.0010531262","0.028242592","0.03517258","-0.011418279","-0.023639556","-0.12819138","-0.003655476","0.0032118745","0.0018818054","0.00081408414","0.0","0.0","0.0","0.0","0.0","0.0","0.0","0.0","0.0","0.0","-0.0024369073","0.0","0.0","0.0","0.0","0.0"
"Cognitive impairment","-0.22007634","-0.012736084","-0.030332055","-0.0119885225","-0.017566964","-0.012050644","-0.0032349413","0.008790346","-0.005663294","0.003401166","-0.0016634933","0.0016024841","0.0030496456","-0.006093373","0.001336644","0.0013386973","0.0014833187","-0.0015655878","-0.0011191956","-0.0022812048","0.0032914274","-0.003769479","-0.0010876738","8.700956e-05","-0.00057010935","0.003326504","0.00012283615","0.0024395816","-0.002798829","-0.0001607432","0.0027648855","0.0029609804","-0.0010443438","0.0017620911","-0.00088586373","-0.0009047997","-0.00079564453","2.4461137e-08","0.0010531262","0.028242592","0.03517258","-0.011418279","-0.023639556","-0.12819138","-0.003655476","0.0032118745","0.0018818054","0.00081408414","0.0","0.0","0.0","0.0","0.0","0.0","0.0","0.0","0.0","0.0","-0.0024369073","0.0","0.0","0.0","0.0","0.0"
"Collagenous colitis","-0.22007634","-0.012736084","-0.030332055","-0.0119885225","-0.017566964","-0.012050644","-0.0032349413","0.008790346","-0.005663294","0.003401166","-0.0016634933","0.0016024841","0.0030496456","-0.006093373","0.001336644","0.0013386973","0.0014833187","-0.0015655878","-0.0011191956","-0.0022812048","0.0032914274","-0.003769479","-0.0010876738","8.700956e-05","-0.00057010935","0.003326504","0.00012283615","0.0024395816","-0.002798829","-0.0001607432","0.0027648855","0.0029609804","-0.0010443438","0.0017620911","-0.00088586373","-0.0009047997","-0.00079564453","2.4461137e-08","0.0010531262","0.028242592","0.03517258","-0.011418279","-0.023639556","-0.12819138","-0.003655476","0.0032118745","0.0018818054","0.00081408414","0.0","0.0","0.0","0.0","0.0","0.0","0.0","0.0","0.0","0.0","-0.0024369073","0.0","0.0","0.0","0.0","0.0"
"Colon adenomas","-0.22007634","-0.012736084","-0.030332055","-0.0119885225","-0.017566964","-0.012050644","-0.0032349413","0.008790346","-0.005663294","0.003401166","-0.0016634933","0.0016024841","0.0030496456","-0.006093373","0.001336644","0.0013386973","0.0014833187","-0.0015655878","-0.0011191956","-0.0022812048","0.0032914274","-0.003769479","-0.0010876738","8.700956e-05","-0.00057010935","0.003326504","0.00012283615","0.0024395816","-0.002798829","-0.0001607432","0.0027648855","0.0029609804","-0.0010443438","0.0017620911","-0.00088586373","-0.0009047997","-0.00079564453","2.4461137e-08","0.0010531262","0.028242592","0.03517258","-0.011418279","-0.023639556","-0.12819138","-0.003655476","0.0032118745","0.0018818054","0.00081408414","0.0","0.0","0.0","0.0","0.0","0.0","0.0","0.0","0.0","0.0","-0.0024369073","0.0","0.0","0.0","0.0","0.0"
"Colon cancer","4.820068","-1.1336608","-1.977834","-0.27312073","-0.94563496","0.14810543","1.5085374","3.998597","-4.9255047","-5.1443543","-0.084281445","-4.641958","-3.1675227","-4.032666","-7.5613346","-7.012248","3.7245545","4.956922","-0.9933115","-4.7597103","-2.874087","6.2062144","14.170763","-6.561059","11.673124","0.2740735","3.2927127","0.99258333","3.3275392","1.6342555","2.9462833","-3.230399","4.188178","-1.9019601","0.15188454","-0.8393527","0.73977065","-3.0460098e-05","-0.5890973","2.8838506","-14.781202","13.133893","-10.079097","8.418849","-1.7783335","4.3628125","6.8370743","0.3423102","0.0","0.0","0.0","0.0","0.0","0.0","0.0","0.0","0.0","0.0","-7.1944013","0.0","0.0","0.0","0.0","0.0"
"Colon polyps","-0.22007634","-0.012736084","-0.030332055","-0.0119885225","-0.017566964","-0.012050644","-0.0032349413","0.008790346","-0.005663294","0.003401166","-0.0016634933","0.0016024841","0.0030496456","-0.006093373","0.001336644","0.0013386973","0.0014833187","-0.0015655878","-0.0011191956","-0.0022812048","0.0032914274","-0.003769479","-0.0010876738","8.700956e-05","-0.00057010935","0.003326504","0.00012283615","0.0024395816","-0.002798829","-0.0001607432","0.0027648855","0.0029609804","-0.0010443438","0.0017620911","-0.00088586373","-0.0009047997","-0.00079564453","2.4461137e-08","0.0010531262","0.028242592","0.03517258","-0.011418279","-0.023639556","-0.12819138","-0.003655476","0.0032118745","0.0018818054","0.00081408414","0.0","0.0","0.0","0.0","0.0","0.0","0.0","0.0","0.0","0.0","-0.0024369073","0.0","0.0","0.0","0.0","0.0"
"Colorectal cancer","-0.22007634","-0.012736084","-0.030332055","-0.0119885225","-0.017566964","-0.012050644","-0.0032349413","0.008790346","-0.005663294","0.003401166","-0.0016634933","0.0016024841","0.0030496456","-0.006093373","0.001336644","0.0013386973","0.0014833187","-0.0015655878","-0.0011191956","-0.0022812048","0.0032914274","-0.003769479","-0.0010876738","8.700956e-05","-0.00057010935","0.003326504","0.00012283615","0.0024395816","-0.002798829","-0.0001607432","0.0027648855","0.0029609804","-0.0010443438","0.0017620911","-0.00088586373","-0.0009047997","-0.00079564453","2.4461137e-08","0.0010531262","0.028242592","0.03517258","-0.011418279","-0.023639556","-0.12819138","-0.003655476","0.0032118745","0.0018818054","0.00081408414","0.0","0.0","0.0","0.0","0.0","0.0","0.0","0.0","0.0","0.0","-0.0024369073","0.0","0.0","0.0","0.0","0.0"
"Colorectal carcinoma","4.3290143","-1.8096905","-1.3814664","-0.45265892","1.2355243","2.6273088","5.3542085","4.403586","-2.4492495","-3.3556328","-5.933335","-8.759671","-7.3371644","-2.8175313","-8.817465","-7.586971","-8.771025","0.64545816","-3.7149267","9.869267","-1.7869267","-0.6370188","-3.1718636","9.31071","-3.7436104","-2.2553267","-0.14199571","-3.4906623","-0.13513242","-1.5105172","-7.3850603","2.8672414","-3.8586316","-0.10199332","-1.0984257","0.74203396","-0.25781894","-1.0379647e-05","-0.19681957","-7.1642566","9.424711","-2.1617496","-2.8230324","5.3783813","3.3435006","-4.2324314","-8.0130205","3.3136358","0.0","0.0","0.0","0.0","0.0","0.0","0.0","0.0","0.0","0.0","8.453976","0.0","0.0","0.0","0.0","0.0"
"Common Variable Immunodeficieny","-0.22007634","-0.012736084","-0.030332055","-0.0119885225","-0.017566964","-0.012050644","-0.0032349413","0.008790346","-0.005663294","0.003401166","-0.0016634933","0.0016024841","0.0030496456","-0.006093373","0.001336644","0.0013386973","0.0014833187","-0.0015655878","-0.0011191956","-0.0022812048","0.0032914274","-0.003769479","-0.0010876738","8.700956e-05","-0.00057010935","0.003326504","0.00012283615","0.0024395816","-0.002798829","-0.0001607432","0.0027648855","0.0029609804","-0.0010443438","0.0017620911","-0.00088586373","-0.0009047997","-0.00079564453","2.4461137e-08","0.0010531262","0.028242592","0.03517258","-0.011418279","-0.023639556","-0.12819138","-0.003655476","0.0032118745","0.0018818054","0.00081408414","0.0","0.0","0.0","0.0","0.0","0.0","0.0","0.0","0.0","0.0","-0.0024369073","0.0","0.0","0.0","0.0","0.0"
"Common variable immunodeficiency","-0.22007634","-0.012736084","-0.030332055","-0.0119885225","-0.017566964","-0.012050644","-0.0032349413","0.008790346","-0.005663294","0.003401166","-0.0016634933","0.0016024841","0.0030496456","-0.006093373","0.001336644","0.0013386973","0.0014833187","-0.0015655878","-0.0011191956","-0.0022812048","0.0032914274","-0.003769479","-0.0010876738","8.700956e-05","-0.00057010935","0.003326504","0.00012283615","0.0024395816","-0.002798829","-0.0001607432","0.0027648855","0.0029609804","-0.0010443438","0.0017620911","-0.00088586373","-0.0009047997","-0.00079564453","2.4461137e-08","0.0010531262","0.028242592","0.03517258","-0.011418279","-0.023639556","-0.12819138","-0.003655476","0.0032118745","0.0018818054","0.00081408414","0.0","0.0","0.0","0.0","0.0","0.0","0.0","0.0","0.0","0.0","-0.0024369073","0.0","0.0","0.0","0.0","0.0"
"Conjunctival scarring","-0.22007634","-0.012736084","-0.030332055","-0.0119885225","-0.017566964","-0.012050644","-0.0032349413","0.008790346","-0.005663294","0.003401166","-0.0016634933","0.0016024841","0.0030496456","-0.006093373","0.001336644","0.0013386973","0.0014833187","-0.0015655878","-0.0011191956","-0.0022812048","0.0032914274","-0.003769479","-0.0010876738","8.700956e-05","-0.00057010935","0.003326504","0.00012283615","0.0024395816","-0.002798829","-0.0001607432","0.0027648855","0.0029609804","-0.0010443438","0.0017620911","-0.00088586373","-0.0009047997","-0.00079564453","2.4461137e-08","0.0010531262","0.028242592","0.03517258","-0.011418279","-0.023639556","-0.12819138","-0.003655476","0.0032118745","0.0018818054","0.00081408414","0.0","0.0","0.0","0.0","0.0","0.0","0.0","0.0","0.0","0.0","-0.0024369073","0.0","0.0","0.0","0.0","0.0"
"Constipation","-0.22007634","-0.012736084","-0.030332055","-0.0119885225","-0.017566964","-0.012050644","-0.0032349413","0.008790346","-0.005663294","0.003401166","-0.0016634933","0.0016024841","0.0030496456","-0.006093373","0.001336644","0.0013386973","0.0014833187","-0.0015655878","-0.0011191956","-0.0022812048","0.0032914274","-0.003769479","-0.0010876738","8.700956e-05","-0.00057010935","0.003326504","0.00012283615","0.0024395816","-0.002798829","-0.0001607432","0.0027648855","0.0029609804","-0.0010443438","0.0017620911","-0.00088586373","-0.0009047997","-0.00079564453","2.4461137e-08","0.0010531262","0.028242592","0.03517258","-0.011418279","-0.023639556","-0.12819138","-0.003655476","0.0032118745","0.0018818054","0.00081408414","0.0","0.0","0.0","0.0","0.0","0.0","0.0","0.0","0.0","0.0","-0.0024369073","0.0","0.0","0.0","0.0","0.0"
"Constipation Irritable bowel syndrome(IBS)","5.247918","-2.5899367","-1.9468902","-0.6011092","3.610644","-0.5345482","-0.043495197","3.0118947","-0.4630914","2.164964","-6.7209744","2.2260642","-2.6156008","-5.125222","-3.1530845","5.4747596","-3.4032602","-6.4073057","11.910267","-2.7857943","-0.6981943","-1.3635799","2.2431753","-5.601772","-2.1555321","-0.8245132","1.1962099","-0.6488139","-1.2735877","-3.0323484","5.9781384","10.289339","-6.8785014","-4.8604875","6.4443307","-2.6843789","1.4016168","-0.00021458784","-9.9112835","-2.2062736","-2.181075","-1.1365324","4.5728827","11.285792","-6.3722916","3.8087463","2.4654179","1.5979922","0.0","0.0","0.0","0.0","0.0","0.0","0.0","0.0","0.0","0.0","-3.3821404","0.0","0.0","0.0","0.0","0.0"
"Coronary Heart Disease","-0.22007634","-0.012736084","-0.030332055","-0.0119885225","-0.017566964","-0.012050644","-0.0032349413","0.008790346","-0.005663294","0.003401166","-0.0016634933","0.0016024841","0.0030496456","-0.006093373","0.001336644","0.0013386973","0.0014833187","-0.0015655878","-0.0011191956","-0.0022812048","0.0032914274","-0.003769479","-0.0010876738","8.700956e-05","-0.00057010935","0.003326504","0.00012283615","0.0024395816","-0.002798829","-0.0001607432","0.0027648855","0.0029609804","-0.0010443438","0.0017620911","-0.00088586373","-0.0009047997","-0.00079564453","2.4461137e-08","0.0010531262","0.028242592","0.03517258","-0.011418279","-0.023639556","-0.12819138","-0.003655476","0.0032118745","0.0018818054","0.00081408414","0.0","0.0","0.0","0.0","0.0","0.0","0.0","0.0","0.0","0.0","-0.0024369073","0.0","0.0","0.0","0.0","0.0"
"Coronary artery disease","-0.22007634","-0.012736084","-0.030332055","-0.0119885225","-0.017566964","-0.012050644","-0.0032349413","0.008790346","-0.005663294","0.003401166","-0.0016634933","0.0016024841","0.0030496456","-0.006093373","0.001336644","0.0013386973","0.0014833187","-0.0015655878","-0.0011191956","-0.0022812048","0.0032914274","-0.003769479","-0.0010876738","8.700956e-05","-0.00057010935","0.003326504","0.00012283615","0.0024395816","-0.002798829","-0.0001607432","0.0027648855","0.0029609804","-0.0010443438","0.0017620911","-0.00088586373","-0.0009047997","-0.00079564453","2.4461137e-08","0.0010531262","0.028242592","0.03517258","-0.011418279","-0.023639556","-0.12819138","-0.003655476","0.0032118745","0.0018818054","0.00081408414","0.0","0.0","0.0","0.0","0.0","0.0","0.0","0.0","0.0","0.0","-0.0024369073","0.0","0.0","0.0","0.0","0.0"
"Covid-19","-0.22007634","-0.012736084","-0.030332055","-0.0119885225","-0.017566964","-0.012050644","-0.0032349413","0.008790346","-0.005663294","0.003401166","-0.0016634933","0.0016024841","0.0030496456","-0.006093373","0.001336644","0.0013386973","0.0014833187","-0.0015655878","-0.0011191956","-0.0022812048","0.0032914274","-0.003769479","-0.0010876738","8.700956e-05","-0.00057010935","0.003326504","0.00012283615","0.0024395816","-0.002798829","-0.0001607432","0.0027648855","0.0029609804","-0.0010443438","0.0017620911","-0.00088586373","-0.0009047997","-0.00079564453","2.4461137e-08","0.0010531262","0.028242592","0.03517258","-0.011418279","-0.023639556","-0.12819138","-0.003655476","0.0032118745","0.0018818054","0.00081408414","0.0","0.0","0.0","0.0","0.0","0.0","0.0","0.0","0.0","0.0","-0.0024369073","0.0","0.0","0.0","0.0","0.0"
"Coxiella burnetii vascular infection","-0.22007634","-0.012736084","-0.030332055","-0.0119885225","-0.017566964","-0.012050644","-0.0032349413","0.008790346","-0.005663294","0.003401166","-0.0016634933","0.0016024841","0.0030496456","-0.006093373","0.001336644","0.0013386973","0.0014833187","-0.0015655878","-0.0011191956","-0.0022812048","0.0032914274","-0.003769479","-0.0010876738","8.700956e-05","-0.00057010935","0.003326504","0.00012283615","0.0024395816","-0.002798829","-0.0001607432","0.0027648855","0.0029609804","-0.0010443438","0.0017620911","-0.00088586373","-0.0009047997","-0.00079564453","2.4461137e-08","0.0010531262","0.028242592","0.03517258","-0.011418279","-0.023639556","-0.12819138","-0.003655476","0.0032118745","0.0018818054","0.00081408414","0.0","0.0","0.0","0.0","0.0","0.0","0.0","0.0","0.0","0.0","-0.0024369073","0.0","0.0","0.0","0.0","0.0"
"Crohn disease","-0.22007634","-0.012736084","-0.030332055","-0.0119885225","-0.017566964","-0.012050644","-0.0032349413","0.008790346","-0.005663294","0.003401166","-0.0016634933","0.0016024841","0.0030496456","-0.006093373","0.001336644","0.0013386973","0.0014833187","-0.0015655878","-0.0011191956","-0.0022812048","0.0032914274","-0.003769479","-0.0010876738","8.700956e-05","-0.00057010935","0.003326504","0.00012283615","0.0024395816","-0.002798829","-0.0001607432","0.0027648855","0.0029609804","-0.0010443438","0.0017620911","-0.00088586373","-0.0009047997","-0.00079564453","2.4461137e-08","0.0010531262","0.028242592","0.03517258","-0.011418279","-0.023639556","-0.12819138","-0.003655476","0.0032118745","0.0018818054","0.00081408414","0.0","0.0","0.0","0.0","0.0","0.0","0.0","0.0","0.0","0.0","-0.0024369073","0.0","0.0","0.0","0.0","0.0"
"Crohn's Disease","-0.22007634","-0.012736084","-0.030332055","-0.0119885225","-0.017566964","-0.012050644","-0.0032349413","0.008790346","-0.005663294","0.003401166","-0.0016634933","0.0016024841","0.0030496456","-0.006093373","0.001336644","0.0013386973","0.0014833187","-0.0015655878","-0.0011191956","-0.0022812048","0.0032914274","-0.003769479","-0.0010876738","8.700956e-05","-0.00057010935","0.003326504","0.00012283615","0.0024395816","-0.002798829","-0.0001607432","0.0027648855","0.0029609804","-0.0010443438","0.0017620911","-0.00088586373","-0.0009047997","-0.00079564453","2.4461137e-08","0.0010531262","0.028242592","0.03517258","-0.011418279","-0.023639556","-0.12819138","-0.003655476","0.0032118745","0.0018818054","0.00081408414","0.0","0.0","0.0","0.0","0.0","0.0","0.0","0.0","0.0","0.0","-0.0024369073","0.0","0.0","0.0","0.0","0.0"
"Crohn's disease","-0.22007634","-0.012736084","-0.030332055","-0.0119885225","-0.017566964","-0.012050644","-0.0032349413","0.008790346","-0.005663294","0.003401166","-0.0016634933","0.0016024841","0.0030496456","-0.006093373","0.001336644","0.0013386973","0.0014833187","-0.0015655878","-0.0011191956","-0.0022812048","0.0032914274","-0.003769479","-0.0010876738","8.700956e-05","-0.00057010935","0.003326504","0.00012283615","0.0024395816","-0.002798829","-0.0001607432","0.0027648855","0.0029609804","-0.0010443438","0.0017620911","-0.00088586373","-0.0009047997","-0.00079564453","2.4461137e-08","0.0010531262","0.028242592","0.03517258","-0.011418279","-0.023639556","-0.12819138","-0.003655476","0.0032118745","0.0018818054","0.00081408414","0.0","0.0","0.0","0.0","0.0","0.0","0.0","0.0","0.0","0.0","-0.0024369073","0.0","0.0","0.0","0.0","0.0"
"Crohn's disease(CD)","3.6113183","-0.59843814","-0.4729176","-0.13353784","1.6769395","5.43032","13.546798","0.5550498","1.4117599","-6.1960125","10.651877","2.5262494","4.8465514","8.978418","-4.8406024","6.377454","-1.0954411","-10.437927","1.1068896","6.312108","-0.17171076","-0.90171295","7.3871517","-0.15087129","-3.395523","1.6440772","1.8008645","2.6031973","2.191875","3.1016731","-0.2338656","-0.6004102","1.9379101","-0.29022768","-0.32045177","-0.4653893","-0.64551413","2.7373487e-06","-0.37832913","-0.6283003","-1.9281453","-1.4235548","4.2330403","8.516231","1.2333107","2.9209118","6.5532875","3.7173388","0.0","0.0","0.0","0.0","0.0","0.0","0.0","0.0","0.0","0.0","-7.397791","0.0","0.0","0.0","0.0","0.0"
"Crohns disease","-0.22007634","-0.012736084","-0.030332055","-0.0119885225","-0.017566964","-0.012050644","-0.0032349413","0.008790346","-0.005663294","0.003401166","-0.0016634933","0.0016024841","0.0030496456","-0.006093373","0.001336644","0.0013386973","0.0014833187","-0.0015655878","-0.0011191956","-0.0022812048","0.0032914274","-0.003769479","-0.0010876738","8.700956e-05","-0.00057010935","0.003326504","0.00012283615","0.0024395816","-0.002798829","-0.0001607432","0.0027648855","0.0029609804","-0.0010443438","0.0017620911","-0.00088586373","-0.0009047997","-0.00079564453","2.4461137e-08","0.0010531262","0.028242592","0.03517258","-0.011418279","-0.023639556","-0.12819138","-0.003655476","0.0032118745","0.0018818054","0.00081408414","0.0","0.0","0.0","0.0","0.0","0.0","0.0","0.0","0.0","0.0","-0.0024369073","0.0","0.0","0.0","0.0","0.0"
"Cutaneous burn","-0.22007634","-0.012736084","-0.030332055","-0.0119885225","-0.017566964","-0.012050644","-0.0032349413","0.008790346","-0.005663294","0.003401166","-0.0016634933","0.0016024841","0.0030496456","-0.006093373","0.001336644","0.0013386973","0.0014833187","-0.0015655878","-0.0011191956","-0.0022812048","0.0032914274","-0.003769479","-0.0010876738","8.700956e-05","-0.00057010935","0.003326504","0.00012283615","0.0024395816","-0.002798829","-0.0001607432","0.0027648855","0.0029609804","-0.0010443438","0.0017620911","-0.00088586373","-0.0009047997","-0.00079564453","2.4461137e-08","0.0010531262","0.028242592","0.03517258","-0.011418279","-0.023639556","-0.12819138","-0.003655476","0.0032118745","0.0018818054","0.00081408414","0.0","0.0","0.0","0.0","0.0","0.0","0.0","0.0","0.0","0.0","-0.0024369073","0.0","0.0","0.0","0.0","0.0"
"Cystic Fibrosis","4.4547615","-0.80892575","-0.6952512","0.9385224","-2.1993","-5.2306347","-4.572092","-5.4883614","4.482974","-2.9087076","6.6265364","-3.5662594","-7.102335","1.4455","-4.056372","-1.0130416","11.1844635","3.3393931","10.654882","12.885211","2.2962115","-2.9460692","-3.7161765","-6.0373764","0.56076634","1.0666028","-0.9126068","-5.362255","-4.0007496","1.4453351","-0.61884093","-3.2967558","-1.7605492","-0.39929527","-1.6689537","-1.169525","0.665662","-2.6052488e-05","-0.6631041","-0.8293784","0.28066096","1.1759392","-6.034612","-3.5716674","1.2865177","-1.1714902","-3.1827834","1.7740532","0.0","0.0","0.0","0.0","0.0","0.0","0.0","0.0","0.0","0.0","4.0088177","0.0","0.0","0.0","0.0","0.0"
"Cystic echinococcosis","-0.22007634","-0.012736084","-0.030332055","-0.0119885225","-0.017566964","-0.012050644","-0.0032349413","0.008790346","-0.005663294","0.003401166","-0.0016634933","0.0016024841","0.0030496456","-0.006093373","0.001336644","0.0013386973","0.0014833187","-0.0015655878","-0.0011191956","-0.0022812048","0.0032914274","-0.003769479","-0.0010876738","8.700956e-05","-0.00057010935","0.003326504","0.00012283615","0.0024395816","-0.002798829","-0.0001607432","0.0027648855","0.0029609804","-0.0010443438","0.0017620911","-0.00088586373","-0.0009047997","-0.00079564453","2.4461137e-08","0.0010531262","0.028242592","0.03517258","-0.011418279","-0.023639556","-0.12819138","-0.003655476","0.0032118745","0.0018818054","0.00081408414","0.0","0.0","0.0","0.0","0.0","0.0","0.0","0.0","0.0","0.0","-0.0024369073","0.0","0.0","0.0","0.0","0.0"
"Cystic fibrosis","-0.22007634","-0.012736084","-0.030332055","-0.0119885225","-0.017566964","-0.012050644","-0.0032349413","0.008790346","-0.005663294","0.003401166","-0.0016634933","0.0016024841","0.0030496456","-0.006093373","0.001336644","0.0013386973","0.0014833187","-0.0015655878","-0.0011191956","-0.0022812048","0.0032914274","-0.003769479","-0.0010876738","8.700956e-05","-0.00057010935","0.003326504","0.00012283615","0.0024395816","-0.002798829","-0.0001607432","0.0027648855","0.0029609804","-0.0010443438","0.0017620911","-0.00088586373","-0.0009047997","-0.00079564453","2.4461137e-08","0.0010531262","0.028242592","0.03517258","-0.011418279","-0.023639556","-0.12819138","-0.003655476","0.0032118745","0.0018818054","0.00081408414","0.0","0.0","0.0","0.0","0.0","0.0","0.0","0.0","0.0","0.0","-0.0024369073","0.0","0.0","0.0","0.0","0.0"
"Cystic fibrosis exacerbation","-0.22007634","-0.012736084","-0.030332055","-0.0119885225","-0.017566964","-0.012050644","-0.0032349413","0.008790346","-0.005663294","0.003401166","-0.0016634933","0.0016024841","0.0030496456","-0.006093373","0.001336644","0.0013386973","0.0014833187","-0.0015655878","-0.0011191956","-0.0022812048","0.0032914274","-0.003769479","-0.0010876738","8.700956e-05","-0.00057010935","0.003326504","0.00012283615","0.0024395816","-0.002798829","-0.0001607432","0.0027648855","0.0029609804","-0.0010443438","0.0017620911","-0.00088586373","-0.0009047997","-0.00079564453","2.4461137e-08","0.0010531262","0.028242592","0.03517258","-0.011418279","-0.023639556","-0.12819138","-0.003655476","0.0032118745","0.0018818054","0.00081408414","0.0","0.0","0.0","0.0","0.0","0.0","0.0","0.0","0.0","0.0","-0.0024369073","0.0","0.0","0.0","0.0","0.0"
"Cytolytic vaginosis","-0.22007634","-0.012736084","-0.030332055","-0.0119885225","-0.017566964","-0.012050644","-0.0032349413","0.008790346","-0.005663294","0.003401166","-0.0016634933","0.0016024841","0.0030496456","-0.006093373","0.001336644","0.0013386973","0.0014833187","-0.0015655878","-0.0011191956","-0.0022812048","0.0032914274","-0.003769479","-0.0010876738","8.700956e-05","-0.00057010935","0.003326504","0.00012283615","0.0024395816","-0.002798829","-0.0001607432","0.0027648855","0.0029609804","-0.0010443438","0.0017620911","-0.00088586373","-0.0009047997","-0.00079564453","2.4461137e-08","0.0010531262","0.028242592","0.03517258","-0.011418279","-0.023639556","-0.12819138","-0.003655476","0.0032118745","0.0018818054","0.00081408414","0.0","0.0","0.0","0.0","0.0","0.0","0.0","0.0","0.0","0.0","-0.0024369073","0.0","0.0","0.0","0.0","0.0"
"Dandruff","-0.22007634","-0.012736084","-0.030332055","-0.0119885225","-0.017566964","-0.012050644","-0.0032349413","0.008790346","-0.005663294","0.003401166","-0.0016634933","0.0016024841","0.0030496456","-0.006093373","0.001336644","0.0013386973","0.0014833187","-0.0015655878","-0.0011191956","-0.0022812048","0.0032914274","-0.003769479","-0.0010876738","8.700956e-05","-0.00057010935","0.003326504","0.00012283615","0.0024395816","-0.002798829","-0.0001607432","0.0027648855","0.0029609804","-0.0010443438","0.0017620911","-0.00088586373","-0.0009047997","-0.00079564453","2.4461137e-08","0.0010531262","0.028242592","0.03517258","-0.011418279","-0.023639556","-0.12819138","-0.003655476","0.0032118745","0.0018818054","0.00081408414","0.0","0.0","0.0","0.0","0.0","0.0","0.0","0.0","0.0","0.0","-0.0024369073","0.0","0.0","0.0","0.0","0.0"
"Denture Stomatitis","-0.22007634","-0.012736084","-0.030332055","-0.0119885225","-0.017566964","-0.012050644","-0.0032349413","0.008790346","-0.005663294","0.003401166","-0.0016634933","0.0016024841","0.0030496456","-0.006093373","0.001336644","0.0013386973","0.0014833187","-0.0015655878","-0.0011191956","-0.0022812048","0.0032914274","-0.003769479","-0.0010876738","8.700956e-05","-0.00057010935","0.003326504","0.00012283615","0.0024395816","-0.002798829","-0.0001607432","0.0027648855","0.0029609804","-0.0010443438","0.0017620911","-0.00088586373","-0.0009047997","-0.00079564453","2.4461137e-08","0.0010531262","0.028242592","0.03517258","-0.011418279","-0.023639556","-0.12819138","-0.003655476","0.0032118745","0.0018818054","0.00081408414","0.0","0.0","0.0","0.0","0.0","0.0","0.0","0.0","0.0","0.0","-0.0024369073","0.0","0.0","0.0","0.0","0.0"
"Depression","-0.22007634","-0.012736084","-0.030332055","-0.0119885225","-0.017566964","-0.012050644","-0.0032349413","0.008790346","-0.005663294","0.003401166","-0.0016634933","0.0016024841","0.0030496456","-0.006093373","0.001336644","0.0013386973","0.0014833187","-0.0015655878","-0.0011191956","-0.0022812048","0.0032914274","-0.003769479","-0.0010876738","8.700956e-05","-0.00057010935","0.003326504","0.00012283615","0.0024395816","-0.002798829","-0.0001607432","0.0027648855","0.0029609804","-0.0010443438","0.0017620911","-0.00088586373","-0.0009047997","-0.00079564453","2.4461137e-08","0.0010531262","0.028242592","0.03517258","-0.011418279","-0.023639556","-0.12819138","-0.003655476","0.0032118745","0.0018818054","0.00081408414","0.0","0.0","0.0","0.0","0.0","0.0","0.0","0.0","0.0","0.0","-0.0024369073","0.0","0.0","0.0","0.0","0.0"
"Diabetes mellitus type 2","-0.22007634","-0.012736084","-0.030332055","-0.0119885225","-0.017566964","-0.012050644","-0.0032349413","0.008790346","-0.005663294","0.003401166","-0.0016634933","0.0016024841","0.0030496456","-0.006093373","0.001336644","0.0013386973","0.0014833187","-0.0015655878","-0.0011191956","-0.0022812048","0.0032914274","-0.003769479","-0.0010876738","8.700956e-05","-0.00057010935","0.003326504","0.00012283615","0.0024395816","-0.002798829","-0.0001607432","0.0027648855","0.0029609804","-0.0010443438","0.0017620911","-0.00088586373","-0.0009047997","-0.00079564453","2.4461137e-08","0.0010531262","0.028242592","0.03517258","-0.011418279","-0.023639556","-0.12819138","-0.003655476","0.0032118745","0.0018818054","0.00081408414","0.0","0.0","0.0","0.0","0.0","0.0","0.0","0.0","0.0","0.0","-0.0024369073","0.0","0.0","0.0","0.0","0.0"
"Diabetic nephropathy","-0.22007634","-0.012736084","-0.030332055","-0.0119885225","-0.017566964","-0.012050644","-0.0032349413","0.008790346","-0.005663294","0.003401166","-0.0016634933","0.0016024841","0.0030496456","-0.006093373","0.001336644","0.0013386973","0.0014833187","-0.0015655878","-0.0011191956","-0.0022812048","0.0032914274","-0.003769479","-0.0010876738","8.700956e-05","-0.00057010935","0.003326504","0.00012283615","0.0024395816","-0.002798829","-0.0001607432","0.0027648855","0.0029609804","-0.0010443438","0.0017620911","-0.00088586373","-0.0009047997","-0.00079564453","2.4461137e-08","0.0010531262","0.028242592","0.03517258","-0.011418279","-0.023639556","-0.12819138","-0.003655476","0.0032118745","0.0018818054","0.00081408414","0.0","0.0","0.0","0.0","0.0","0.0","0.0","0.0","0.0","0.0","-0.0024369073","0.0","0.0","0.0","0.0","0.0"
"Diaper dermatitis","-0.22007634","-0.012736084","-0.030332055","-0.0119885225","-0.017566964","-0.012050644","-0.0032349413","0.008790346","-0.005663294","0.003401166","-0.0016634933","0.0016024841","0.0030496456","-0.006093373","0.001336644","0.0013386973","0.0014833187","-0.0015655878","-0.0011191956","-0.0022812048","0.0032914274","-0.003769479","-0.0010876738","8.700956e-05","-0.00057010935","0.003326504","0.00012283615","0.0024395816","-0.002798829","-0.0001607432","0.0027648855","0.0029609804","-0.0010443438","0.0017620911","-0.00088586373","-0.0009047997","-0.00079564453","2.4461137e-08","0.0010531262","0.028242592","0.03517258","-0.011418279","-0.023639556","-0.12819138","-0.003655476","0.0032118745","0.0018818054","0.00081408414","0.0","0.0","0.0","0.0","0.0","0.0","0.0","0.0","0.0","0.0","-0.0024369073","0.0","0.0","0.0","0.0","0.0"
"Diarrhea","-0.22007634","-0.012736084","-0.030332055","-0.0119885225","-0.017566964","-0.012050644","-0.0032349413","0.008790346","-0.005663294","0.003401166","-0.0016634933","0.0016024841","0.0030496456","-0.006093373","0.001336644","0.0013386973","0.0014833187","-0.0015655878","-0.0011191956","-0.0022812048","0.0032914274","-0.003769479","-0.0010876738","8.700956e-05","-0.00057010935","0.003326504","0.00012283615","0.0024395816","-0.002798829","-0.0001607432","0.0027648855","0.0029609804","-0.0010443438","0.0017620911","-0.00088586373","-0.0009047997","-0.00079564453","2.4461137e-08","0.0010531262","0.028242592","0.03517258","-0.011418279","-0.023639556","-0.12819138","-0.003655476","0.0032118745","0.0018818054","0.00081408414","0.0","0.0","0.0","0.0","0.0","0.0","0.0","0.0","0.0","0.0","-0.0024369073","0.0","0.0","0.0","0.0","0.0"
"Diarrhea Irritable bowel syndrome(IBS)","4.832379","-4.3416543","-1.4446745","-0.86312604","3.8738968","-1.6905539","0.7791119","-2.7163143","2.3854258","7.9963026","-5.341044","1.0670241","1.9174505","-8.034241","-3.766988","3.73105","-1.8690007","-4.9314914","9.26888","-1.6700715","-7.026441","-0.6837308","2.3069701","-0.4246127","-2.185859","-1.6607765","0.4101738","-1.6834635","0.40965968","1.9626051","-5.2848682","-6.8267584","7.2997637","6.4757547","-2.3608477","3.3156946","-1.1225518","0.00030513917","12.985708","6.1544905","0.58044106","-6.4950304","3.3328433","4.405546","8.194126","-2.650536","5.667983","3.0259342","0.0","0.0","0.0","0.0","0.0","0.0","0.0","0.0","0.0","0.0","-4.7071176","0.0","0.0","0.0","0.0","0.0"
"Disease-free ","-0.22007634","-0.012736084","-0.030332055","-0.0119885225","-0.017566964","-0.012050644","-0.0032349413","0.008790346","-0.005663294","0.003401166","-0.0016634933","0.0016024841","0.0030496456","-0.006093373","0.001336644","0.0013386973","0.0014833187","-0.0015655878","-0.0011191956","-0.0022812048","0.0032914274","-0.003769479","-0.0010876738","8.700956e-05","-0.00057010935","0.003326504","0.00012283615","0.0024395816","-0.002798829","-0.0001607432","0.0027648855","0.0029609804","-0.0010443438","0.0017620911","-0.00088586373","-0.0009047997","-0.00079564453","2.4461137e-08","0.0010531262","0.028242592","0.03517258","-0.011418279","-0.023639556","-0.12819138","-0.003655476","0.0032118745","0.0018818054","0.00081408414","0.0","0.0","0.0","0.0","0.0","0.0","0.0","0.0","0.0","0.0","-0.0024369073","0.0","0.0","0.0","0.0","0.0"
"Diverticular disease","-0.22007634","-0.012736084","-0.030332055","-0.0119885225","-0.017566964","-0.012050644","-0.0032349413","0.008790346","-0.005663294","0.003401166","-0.0016634933","0.0016024841","0.0030496456","-0.006093373","0.001336644","0.0013386973","0.0014833187","-0.0015655878","-0.0011191956","-0.0022812048","0.0032914274","-0.003769479","-0.0010876738","8.700956e-05","-0.00057010935","0.003326504","0.00012283615","0.0024395816","-0.002798829","-0.0001607432","0.0027648855","0.0029609804","-0.0010443438","0.0017620911","-0.00088586373","-0.0009047997","-0.00079564453","2.4461137e-08","0.0010531262","0.028242592","0.03517258","-0.011418279","-0.023639556","-0.12819138","-0.003655476","0.0032118745","0.0018818054","0.00081408414","0.0","0.0","0.0","0.0","0.0","0.0","0.0","0.0","0.0","0.0","-0.0024369073","0.0","0.0","0.0","0.0","0.0"
"Down syndrome","-0.22007634","-0.012736084","-0.030332055","-0.0119885225","-0.017566964","-0.012050644","-0.0032349413","0.008790346","-0.005663294","0.003401166","-0.0016634933","0.0016024841","0.0030496456","-0.006093373","0.001336644","0.0013386973","0.0014833187","-0.0015655878","-0.0011191956","-0.0022812048","0.0032914274","-0.003769479","-0.0010876738","8.700956e-05","-0.00057010935","0.003326504","0.00012283615","0.0024395816","-0.002798829","-0.0001607432","0.0027648855","0.0029609804","-0.0010443438","0.0017620911","-0.00088586373","-0.0009047997","-0.00079564453","2.4461137e-08","0.0010531262","0.028242592","0.03517258","-0.011418279","-0.023639556","-0.12819138","-0.003655476","0.0032118745","0.0018818054","0.00081408414","0.0","0.0","0.0","0.0","0.0","0.0","0.0","0.0","0.0","0.0","-0.0024369073","0.0","0.0","0.0","0.0","0.0"
"Drug-resistant Epilepsy","-0.22007634","-0.012736084","-0.030332055","-0.0119885225","-0.017566964","-0.012050644","-0.0032349413","0.008790346","-0.005663294","0.003401166","-0.0016634933","0.0016024841","0.0030496456","-0.006093373","0.001336644","0.0013386973","0.0014833187","-0.0015655878","-0.0011191956","-0.0022812048","0.0032914274","-0.003769479","-0.0010876738","8.700956e-05","-0.00057010935","0.003326504","0.00012283615","0.0024395816","-0.002798829","-0.0001607432","0.0027648855","0.0029609804","-0.0010443438","0.0017620911","-0.00088586373","-0.0009047997","-0.00079564453","2.4461137e-08","0.0010531262","0.028242592","0.03517258","-0.011418279","-0.023639556","-0.12819138","-0.003655476","0.0032118745","0.0018818054","0.00081408414","0.0","0.0","0.0","0.0","0.0","0.0","0.0","0.0","0.0","0.0","-0.0024369073","0.0","0.0","0.0","0.0","0.0"
"Dry eye syndrome","-0.22007634","-0.012736084","-0.030332055","-0.0119885225","-0.017566964","-0.012050644","-0.0032349413","0.008790346","-0.005663294","0.003401166","-0.0016634933","0.0016024841","0.0030496456","-0.006093373","0.001336644","0.0013386973","0.0014833187","-0.0015655878","-0.0011191956","-0.0022812048","0.0032914274","-0.003769479","-0.0010876738","8.700956e-05","-0.00057010935","0.003326504","0.00012283615","0.0024395816","-0.002798829","-0.0001607432","0.0027648855","0.0029609804","-0.0010443438","0.0017620911","-0.00088586373","-0.0009047997","-0.00079564453","2.4461137e-08","0.0010531262","0.028242592","0.03517258","-0.011418279","-0.023639556","-0.12819138","-0.003655476","0.0032118745","0.0018818054","0.00081408414","0.0","0.0","0.0","0.0","0.0","0.0","0.0","0.0","0.0","0.0","-0.0024369073","0.0","0.0","0.0","0.0","0.0"
"E-smoking","-0.22007634","-0.012736084","-0.030332055","-0.0119885225","-0.017566964","-0.012050644","-0.0032349413","0.008790346","-0.005663294","0.003401166","-0.0016634933","0.0016024841","0.0030496456","-0.006093373","0.001336644","0.0013386973","0.0014833187","-0.0015655878","-0.0011191956","-0.0022812048","0.0032914274","-0.003769479","-0.0010876738","8.700956e-05","-0.00057010935","0.003326504","0.00012283615","0.0024395816","-0.002798829","-0.0001607432","0.0027648855","0.0029609804","-0.0010443438","0.0017620911","-0.00088586373","-0.0009047997","-0.00079564453","2.4461137e-08","0.0010531262","0.028242592","0.03517258","-0.011418279","-0.023639556","-0.12819138","-0.003655476","0.0032118745","0.0018818054","0.00081408414","0.0","0.0","0.0","0.0","0.0","0.0","0.0","0.0","0.0","0.0","-0.0024369073","0.0","0.0","0.0","0.0","0.0"
"Edentulism","-0.22007634","-0.012736084","-0.030332055","-0.0119885225","-0.017566964","-0.012050644","-0.0032349413","0.008790346","-0.005663294","0.003401166","-0.0016634933","0.0016024841","0.0030496456","-0.006093373","0.001336644","0.0013386973","0.0014833187","-0.0015655878","-0.0011191956","-0.0022812048","0.0032914274","-0.003769479","-0.0010876738","8.700956e-05","-0.00057010935","0.003326504","0.00012283615","0.0024395816","-0.002798829","-0.0001607432","0.0027648855","0.0029609804","-0.0010443438","0.0017620911","-0.00088586373","-0.0009047997","-0.00079564453","2.4461137e-08","0.0010531262","0.028242592","0.03517258","-0.011418279","-0.023639556","-0.12819138","-0.003655476","0.0032118745","0.0018818054","0.00081408414","0.0","0.0","0.0","0.0","0.0","0.0","0.0","0.0","0.0","0.0","-0.0024369073","0.0","0.0","0.0","0.0","0.0"
"Endometrial cancer","-0.22007634","-0.012736084","-0.030332055","-0.0119885225","-0.017566964","-0.012050644","-0.0032349413","0.008790346","-0.005663294","0.003401166","-0.0016634933","0.0016024841","0.0030496456","-0.006093373","0.001336644","0.0013386973","0.0014833187","-0.0015655878","-0.0011191956","-0.0022812048","0.0032914274","-0.003769479","-0.0010876738","8.700956e-05","-0.00057010935","0.003326504","0.00012283615","0.0024395816","-0.002798829","-0.0001607432","0.0027648855","0.0029609804","-0.0010443438","0.0017620911","-0.00088586373","-0.0009047997","-0.00079564453","2.4461137e-08","0.0010531262","0.028242592","0.03517258","-0.011418279","-0.023639556","-0.12819138","-0.003655476","0.0032118745","0.0018818054","0.00081408414","0.0","0.0","0.0","0.0","0.0","0.0","0.0","0.0","0.0","0.0","-0.0024369073","0.0","0.0","0.0","0.0","0.0"
"Endometriosis","-0.22007634","-0.012736084","-0.030332055","-0.0119885225","-0.017566964","-0.012050644","-0.0032349413","0.008790346","-0.005663294","0.003401166","-0.0016634933","0.0016024841","0.0030496456","-0.006093373","0.001336644","0.0013386973","0.0014833187","-0.0015655878","-0.0011191956","-0.0022812048","0.0032914274","-0.003769479","-0.0010876738","8.700956e-05","-0.00057010935","0.003326504","0.00012283615","0.0024395816","-0.002798829","-0.0001607432","0.0027648855","0.0029609804","-0.0010443438","0.0017620911","-0.00088586373","-0.0009047997","-0.00079564453","2.4461137e-08","0.0010531262","0.028242592","0.03517258","-0.011418279","-0.023639556","-0.12819138","-0.003655476","0.0032118745","0.0018818054","0.00081408414","0.0","0.0","0.0","0.0","0.0","0.0","0.0","0.0","0.0","0.0","-0.0024369073","0.0","0.0","0.0","0.0","0.0"
"Enthesitis related Arthritis","-0.22007634","-0.012736084","-0.030332055","-0.0119885225","-0.017566964","-0.012050644","-0.0032349413","0.008790346","-0.005663294","0.003401166","-0.0016634933","0.0016024841","0.0030496456","-0.006093373","0.001336644","0.0013386973","0.0014833187","-0.0015655878","-0.0011191956","-0.0022812048","0.0032914274","-0.003769479","-0.0010876738","8.700956e-05","-0.00057010935","0.003326504","0.00012283615","0.0024395816","-0.002798829","-0.0001607432","0.0027648855","0.0029609804","-0.0010443438","0.0017620911","-0.00088586373","-0.0009047997","-0.00079564453","2.4461137e-08","0.0010531262","0.028242592","0.03517258","-0.011418279","-0.023639556","-0.12819138","-0.003655476","0.0032118745","0.0018818054","0.00081408414","0.0","0.0","0.0","0.0","0.0","0.0","0.0","0.0","0.0","0.0","-0.0024369073","0.0","0.0","0.0","0.0","0.0"
"Enthesitis-related arthritis ","-0.22007634","-0.012736084","-0.030332055","-0.0119885225","-0.017566964","-0.012050644","-0.0032349413","0.008790346","-0.005663294","0.003401166","-0.0016634933","0.0016024841","0.0030496456","-0.006093373","0.001336644","0.0013386973","0.0014833187","-0.0015655878","-0.0011191956","-0.0022812048","0.0032914274","-0.003769479","-0.0010876738","8.700956e-05","-0.00057010935","0.003326504","0.00012283615","0.0024395816","-0.002798829","-0.0001607432","0.0027648855","0.0029609804","-0.0010443438","0.0017620911","-0.00088586373","-0.0009047997","-0.00079564453","2.4461137e-08","0.0010531262","0.028242592","0.03517258","-0.011418279","-0.023639556","-0.12819138","-0.003655476","0.0032118745","0.0018818054","0.00081408414","0.0","0.0","0.0","0.0","0.0","0.0","0.0","0.0","0.0","0.0","-0.0024369073","0.0","0.0","0.0","0.0","0.0"
"Eosinophilic esophagitis","-0.22007634","-0.012736084","-0.030332055","-0.0119885225","-0.017566964","-0.012050644","-0.0032349413","0.008790346","-0.005663294","0.003401166","-0.0016634933","0.0016024841","0.0030496456","-0.006093373","0.001336644","0.0013386973","0.0014833187","-0.0015655878","-0.0011191956","-0.0022812048","0.0032914274","-0.003769479","-0.0010876738","8.700956e-05","-0.00057010935","0.003326504","0.00012283615","0.0024395816","-0.002798829","-0.0001607432","0.0027648855","0.0029609804","-0.0010443438","0.0017620911","-0.00088586373","-0.0009047997","-0.00079564453","2.4461137e-08","0.0010531262","0.028242592","0.03517258","-0.011418279","-0.023639556","-0.12819138","-0.003655476","0.0032118745","0.0018818054","0.00081408414","0.0","0.0","0.0","0.0","0.0","0.0","0.0","0.0","0.0","0.0","-0.0024369073","0.0","0.0","0.0","0.0","0.0"
"Esophageal cancer","-0.22007634","-0.012736084","-0.030332055","-0.0119885225","-0.017566964","-0.012050644","-0.0032349413","0.008790346","-0.005663294","0.003401166","-0.0016634933","0.0016024841","0.0030496456","-0.006093373","0.001336644","0.0013386973","0.0014833187","-0.0015655878","-0.0011191956","-0.0022812048","0.0032914274","-0.003769479","-0.0010876738","8.700956e-05","-0.00057010935","0.003326504","0.00012283615","0.0024395816","-0.002798829","-0.0001607432","0.0027648855","0.0029609804","-0.0010443438","0.0017620911","-0.00088586373","-0.0009047997","-0.00079564453","2.4461137e-08","0.0010531262","0.028242592","0.03517258","-0.011418279","-0.023639556","-0.12819138","-0.003655476","0.0032118745","0.0018818054","0.00081408414","0.0","0.0","0.0","0.0","0.0","0.0","0.0","0.0","0.0","0.0","-0.0024369073","0.0","0.0","0.0","0.0","0.0"
"Exacerbations of idiopathic pulmonary fibrosis","-0.22007634","-0.012736084","-0.030332055","-0.0119885225","-0.017566964","-0.012050644","-0.0032349413","0.008790346","-0.005663294","0.003401166","-0.0016634933","0.0016024841","0.0030496456","-0.006093373","0.001336644","0.0013386973","0.0014833187","-0.0015655878","-0.0011191956","-0.0022812048","0.0032914274","-0.003769479","-0.0010876738","8.700956e-05","-0.00057010935","0.003326504","0.00012283615","0.0024395816","-0.002798829","-0.0001607432","0.0027648855","0.0029609804","-0.0010443438","0.0017620911","-0.00088586373","-0.0009047997","-0.00079564453","2.4461137e-08","0.0010531262","0.028242592","0.03517258","-0.011418279","-0.023639556","-0.12819138","-0.003655476","0.0032118745","0.0018818054","0.00081408414","0.0","0.0","0.0","0.0","0.0","0.0","0.0","0.0","0.0","0.0","-0.0024369073","0.0","0.0","0.0","0.0","0.0"
"Excessive vomiting","-0.22007634","-0.012736084","-0.030332055","-0.0119885225","-0.017566964","-0.012050644","-0.0032349413","0.008790346","-0.005663294","0.003401166","-0.0016634933","0.0016024841","0.0030496456","-0.006093373","0.001336644","0.0013386973","0.0014833187","-0.0015655878","-0.0011191956","-0.0022812048","0.0032914274","-0.003769479","-0.0010876738","8.700956e-05","-0.00057010935","0.003326504","0.00012283615","0.0024395816","-0.002798829","-0.0001607432","0.0027648855","0.0029609804","-0.0010443438","0.0017620911","-0.00088586373","-0.0009047997","-0.00079564453","2.4461137e-08","0.0010531262","0.028242592","0.03517258","-0.011418279","-0.023639556","-0.12819138","-0.003655476","0.0032118745","0.0018818054","0.00081408414","0.0","0.0","0.0","0.0","0.0","0.0","0.0","0.0","0.0","0.0","-0.0024369073","0.0","0.0","0.0","0.0","0.0"
"Experimental Autoimmune Arthritis","-0.22007634","-0.012736084","-0.030332055","-0.0119885225","-0.017566964","-0.012050644","-0.0032349413","0.008790346","-0.005663294","0.003401166","-0.0016634933","0.0016024841","0.0030496456","-0.006093373","0.001336644","0.0013386973","0.0014833187","-0.0015655878","-0.0011191956","-0.0022812048","0.0032914274","-0.003769479","-0.0010876738","8.700956e-05","-0.00057010935","0.003326504","0.00012283615","0.0024395816","-0.002798829","-0.0001607432","0.0027648855","0.0029609804","-0.0010443438","0.0017620911","-0.00088586373","-0.0009047997","-0.00079564453","2.4461137e-08","0.0010531262","0.028242592","0.03517258","-0.011418279","-0.023639556","-0.12819138","-0.003655476","0.0032118745","0.0018818054","0.00081408414","0.0","0.0","0.0","0.0","0.0","0.0","0.0","0.0","0.0","0.0","-0.0024369073","0.0","0.0","0.0","0.0","0.0"
"Experimental Autoimmune Encephalomyelitis","-0.22007634","-0.012736084","-0.030332055","-0.0119885225","-0.017566964","-0.012050644","-0.0032349413","0.008790346","-0.005663294","0.003401166","-0.0016634933","0.0016024841","0.0030496456","-0.006093373","0.001336644","0.0013386973","0.0014833187","-0.0015655878","-0.0011191956","-0.0022812048","0.0032914274","-0.003769479","-0.0010876738","8.700956e-05","-0.00057010935","0.003326504","0.00012283615","0.0024395816","-0.002798829","-0.0001607432","0.0027648855","0.0029609804","-0.0010443438","0.0017620911","-0.00088586373","-0.0009047997","-0.00079564453","2.4461137e-08","0.0010531262","0.028242592","0.03517258","-0.011418279","-0.023639556","-0.12819138","-0.003655476","0.0032118745","0.0018818054","0.00081408414","0.0","0.0","0.0","0.0","0.0","0.0","0.0","0.0","0.0","0.0","-0.0024369073","0.0","0.0","0.0","0.0","0.0"
"Extrinsic black stain","-0.22007634","-0.012736084","-0.030332055","-0.0119885225","-0.017566964","-0.012050644","-0.0032349413","0.008790346","-0.005663294","0.003401166","-0.0016634933","0.0016024841","0.0030496456","-0.006093373","0.001336644","0.0013386973","0.0014833187","-0.0015655878","-0.0011191956","-0.0022812048","0.0032914274","-0.003769479","-0.0010876738","8.700956e-05","-0.00057010935","0.003326504","0.00012283615","0.0024395816","-0.002798829","-0.0001607432","0.0027648855","0.0029609804","-0.0010443438","0.0017620911","-0.00088586373","-0.0009047997","-0.00079564453","2.4461137e-08","0.0010531262","0.028242592","0.03517258","-0.011418279","-0.023639556","-0.12819138","-0.003655476","0.0032118745","0.0018818054","0.00081408414","0.0","0.0","0.0","0.0","0.0","0.0","0.0","0.0","0.0","0.0","-0.0024369073","0.0","0.0","0.0","0.0","0.0"
"Familial Mediterranean fever","-0.22007634","-0.012736084","-0.030332055","-0.0119885225","-0.017566964","-0.012050644","-0.0032349413","0.008790346","-0.005663294","0.003401166","-0.0016634933","0.0016024841","0.0030496456","-0.006093373","0.001336644","0.0013386973","0.0014833187","-0.0015655878","-0.0011191956","-0.0022812048","0.0032914274","-0.003769479","-0.0010876738","8.700956e-05","-0.00057010935","0.003326504","0.00012283615","0.0024395816","-0.002798829","-0.0001607432","0.0027648855","0.0029609804","-0.0010443438","0.0017620911","-0.00088586373","-0.0009047997","-0.00079564453","2.4461137e-08","0.0010531262","0.028242592","0.03517258","-0.011418279","-0.023639556","-0.12819138","-0.003655476","0.0032118745","0.0018818054","0.00081408414","0.0","0.0","0.0","0.0","0.0","0.0","0.0","0.0","0.0","0.0","-0.0024369073","0.0","0.0","0.0","0.0","0.0"
"Familial adenomatous polyposis","-0.22007634","-0.012736084","-0.030332055","-0.0119885225","-0.017566964","-0.012050644","-0.0032349413","0.008790346","-0.005663294","0.003401166","-0.0016634933","0.0016024841","0.0030496456","-0.006093373","0.001336644","0.0013386973","0.0014833187","-0.0015655878","-0.0011191956","-0.0022812048","0.0032914274","-0.003769479","-0.0010876738","8.700956e-05","-0.00057010935","0.003326504","0.00012283615","0.0024395816","-0.002798829","-0.0001607432","0.0027648855","0.0029609804","-0.0010443438","0.0017620911","-0.00088586373","-0.0009047997","-0.00079564453","2.4461137e-08","0.0010531262","0.028242592","0.03517258","-0.011418279","-0.023639556","-0.12819138","-0.003655476","0.0032118745","0.0018818054","0.00081408414","0.0","0.0","0.0","0.0","0.0","0.0","0.0","0.0","0.0","0.0","-0.0024369073","0.0","0.0","0.0","0.0","0.0"
"Fatigue","-0.22007634","-0.012736084","-0.030332055","-0.0119885225","-0.017566964","-0.012050644","-0.0032349413","0.008790346","-0.005663294","0.003401166","-0.0016634933","0.0016024841","0.0030496456","-0.006093373","0.001336644","0.0013386973","0.0014833187","-0.0015655878","-0.0011191956","-0.0022812048","0.0032914274","-0.003769479","-0.0010876738","8.700956e-05","-0.00057010935","0.003326504","0.00012283615","0.0024395816","-0.002798829","-0.0001607432","0.0027648855","0.0029609804","-0.0010443438","0.0017620911","-0.00088586373","-0.0009047997","-0.00079564453","2.4461137e-08","0.0010531262","0.028242592","0.03517258","-0.011418279","-0.023639556","-0.12819138","-0.003655476","0.0032118745","0.0018818054","0.00081408414","0.0","0.0","0.0","0.0","0.0","0.0","0.0","0.0","0.0","0.0","-0.0024369073","0.0","0.0","0.0","0.0","0.0"
"Fibromyalgia","-0.22007634","-0.012736084","-0.030332055","-0.0119885225","-0.017566964","-0.012050644","-0.0032349413","0.008790346","-0.005663294","0.003401166","-0.0016634933","0.0016024841","0.0030496456","-0.006093373","0.001336644","0.0013386973","0.0014833187","-0.0015655878","-0.0011191956","-0.0022812048","0.0032914274","-0.003769479","-0.0010876738","8.700956e-05","-0.00057010935","0.003326504","0.00012283615","0.0024395816","-0.002798829","-0.0001607432","0.0027648855","0.0029609804","-0.0010443438","0.0017620911","-0.00088586373","-0.0009047997","-0.00079564453","2.4461137e-08","0.0010531262","0.028242592","0.03517258","-0.011418279","-0.023639556","-0.12819138","-0.003655476","0.0032118745","0.0018818054","0.00081408414","0.0","0.0","0.0","0.0","0.0","0.0","0.0","0.0","0.0","0.0","-0.0024369073","0.0","0.0","0.0","0.0","0.0"
"Folliculitis decalvans","-0.22007634","-0.012736084","-0.030332055","-0.0119885225","-0.017566964","-0.012050644","-0.0032349413","0.008790346","-0.005663294","0.003401166","-0.0016634933","0.0016024841","0.0030496456","-0.006093373","0.001336644","0.0013386973","0.0014833187","-0.0015655878","-0.0011191956","-0.0022812048","0.0032914274","-0.003769479","-0.0010876738","8.700956e-05","-0.00057010935","0.003326504","0.00012283615","0.0024395816","-0.002798829","-0.0001607432","0.0027648855","0.0029609804","-0.0010443438","0.0017620911","-0.00088586373","-0.0009047997","-0.00079564453","2.4461137e-08","0.0010531262","0.028242592","0.03517258","-0.011418279","-0.023639556","-0.12819138","-0.003655476","0.0032118745","0.0018818054","0.00081408414","0.0","0.0","0.0","0.0","0.0","0.0","0.0","0.0","0.0","0.0","-0.0024369073","0.0","0.0","0.0","0.0","0.0"
"Frailty","-0.22007634","-0.012736084","-0.030332055","-0.0119885225","-0.017566964","-0.012050644","-0.0032349413","0.008790346","-0.005663294","0.003401166","-0.0016634933","0.0016024841","0.0030496456","-0.006093373","0.001336644","0.0013386973","0.0014833187","-0.0015655878","-0.0011191956","-0.0022812048","0.0032914274","-0.003769479","-0.0010876738","8.700956e-05","-0.00057010935","0.003326504","0.00012283615","0.0024395816","-0.002798829","-0.0001607432","0.0027648855","0.0029609804","-0.0010443438","0.0017620911","-0.00088586373","-0.0009047997","-0.00079564453","2.4461137e-08","0.0010531262","0.028242592","0.03517258","-0.011418279","-0.023639556","-0.12819138","-0.003655476","0.0032118745","0.0018818054","0.00081408414","0.0","0.0","0.0","0.0","0.0","0.0","0.0","0.0","0.0","0.0","-0.0024369073","0.0","0.0","0.0","0.0","0.0"
"Functional dyspepsia","-0.22007634","-0.012736084","-0.030332055","-0.0119885225","-0.017566964","-0.012050644","-0.0032349413","0.008790346","-0.005663294","0.003401166","-0.0016634933","0.0016024841","0.0030496456","-0.006093373","0.001336644","0.0013386973","0.0014833187","-0.0015655878","-0.0011191956","-0.0022812048","0.0032914274","-0.003769479","-0.0010876738","8.700956e-05","-0.00057010935","0.003326504","0.00012283615","0.0024395816","-0.002798829","-0.0001607432","0.0027648855","0.0029609804","-0.0010443438","0.0017620911","-0.00088586373","-0.0009047997","-0.00079564453","2.4461137e-08","0.0010531262","0.028242592","0.03517258","-0.011418279","-0.023639556","-0.12819138","-0.003655476","0.0032118745","0.0018818054","0.00081408414","0.0","0.0","0.0","0.0","0.0","0.0","0.0","0.0","0.0","0.0","-0.0024369073","0.0","0.0","0.0","0.0","0.0"
"GIT neoplasms","-0.22007634","-0.012736084","-0.030332055","-0.0119885225","-0.017566964","-0.012050644","-0.0032349413","0.008790346","-0.005663294","0.003401166","-0.0016634933","0.0016024841","0.0030496456","-0.006093373","0.001336644","0.0013386973","0.0014833187","-0.0015655878","-0.0011191956","-0.0022812048","0.0032914274","-0.003769479","-0.0010876738","8.700956e-05","-0.00057010935","0.003326504","0.00012283615","0.0024395816","-0.002798829","-0.0001607432","0.0027648855","0.0029609804","-0.0010443438","0.0017620911","-0.00088586373","-0.0009047997","-0.00079564453","2.4461137e-08","0.0010531262","0.028242592","0.03517258","-0.011418279","-0.023639556","-0.12819138","-0.003655476","0.0032118745","0.0018818054","0.00081408414","0.0","0.0","0.0","0.0","0.0","0.0","0.0","0.0","0.0","0.0","-0.0024369073","0.0","0.0","0.0","0.0","0.0"
"Gallbladder cancer","-0.22007634","-0.012736084","-0.030332055","-0.0119885225","-0.017566964","-0.012050644","-0.0032349413","0.008790346","-0.005663294","0.003401166","-0.0016634933","0.0016024841","0.0030496456","-0.006093373","0.001336644","0.0013386973","0.0014833187","-0.0015655878","-0.0011191956","-0.0022812048","0.0032914274","-0.003769479","-0.0010876738","8.700956e-05","-0.00057010935","0.003326504","0.00012283615","0.0024395816","-0.002798829","-0.0001607432","0.0027648855","0.0029609804","-0.0010443438","0.0017620911","-0.00088586373","-0.0009047997","-0.00079564453","2.4461137e-08","0.0010531262","0.028242592","0.03517258","-0.011418279","-0.023639556","-0.12819138","-0.003655476","0.0032118745","0.0018818054","0.00081408414","0.0","0.0","0.0","0.0","0.0","0.0","0.0","0.0","0.0","0.0","-0.0024369073","0.0","0.0","0.0","0.0","0.0"
"Gastric and duodenal ulcer","4.574767","-0.22980721","-0.6351197","-0.038735162","0.5261245","-2.428648","-0.19998303","-7.846135","-0.81068796","-7.932629","-2.1920545","-6.510155","3.4907835","-8.362172","3.3417487","12.079766","-3.6398594","-0.9670137","-1.0504167","0.087954715","5.532185","5.53747","-0.76198316","4.013628","3.6591609","-0.19056131","-0.6141092","2.4122572","1.3721048","-0.118875146","2.3867977","-7.3809795","-7.2339244","-5.9621286","-9.828502","2.8133879","0.14767985","-6.84884e-05","-1.5913135","1.4396346","3.8031876","-7.380051","6.237649","4.145335","-0.68767536","-1.0339142","-2.1000876","-6.202209","0.0","0.0","0.0","0.0","0.0","0.0","0.0","0.0","0.0","0.0","2.291763","0.0","0.0","0.0","0.0","0.0"
"Gastric cancer","-0.22007634","-0.012736084","-0.030332055","-0.0119885225","-0.017566964","-0.012050644","-0.0032349413","0.008790346","-0.005663294","0.003401166","-0.0016634933","0.0016024841","0.0030496456","-0.006093373","0.001336644","0.0013386973","0.0014833187","-0.0015655878","-0.0011191956","-0.0022812048","0.0032914274","-0.003769479","-0.0010876738","8.700956e-05","-0.00057010935","0.003326504","0.00012283615","0.0024395816","-0.002798829","-0.0001607432","0.0027648855","0.0029609804","-0.0010443438","0.0017620911","-0.00088586373","-0.0009047997","-0.00079564453","2.4461137e-08","0.0010531262","0.028242592","0.03517258","-0.011418279","-0.023639556","-0.12819138","-0.003655476","0.0032118745","0.0018818054","0.00081408414","0.0","0.0","0.0","0.0","0.0","0.0","0.0","0.0","0.0","0.0","-0.0024369073","0.0","0.0","0.0","0.0","0.0"
"Gastric carcinoma","-0.22007634","-0.012736084","-0.030332055","-0.0119885225","-0.017566964","-0.012050644","-0.0032349413","0.008790346","-0.005663294","0.003401166","-0.0016634933","0.0016024841","0.0030496456","-0.006093373","0.001336644","0.0013386973","0.0014833187","-0.0015655878","-0.0011191956","-0.0022812048","0.0032914274","-0.003769479","-0.0010876738","8.700956e-05","-0.00057010935","0.003326504","0.00012283615","0.0024395816","-0.002798829","-0.0001607432","0.0027648855","0.0029609804","-0.0010443438","0.0017620911","-0.00088586373","-0.0009047997","-0.00079564453","2.4461137e-08","0.0010531262","0.028242592","0.03517258","-0.011418279","-0.023639556","-0.12819138","-0.003655476","0.0032118745","0.0018818054","0.00081408414","0.0","0.0","0.0","0.0","0.0","0.0","0.0","0.0","0.0","0.0","-0.0024369073","0.0","0.0","0.0","0.0","0.0"
"Gastro-oesophageal reflux","5.1135764","1.3288333","-1.6073798","-0.26695168","-1.9723771","-2.8559008","-2.751002","6.2078786","-0.898549","-5.0374527","2.906819","4.3185287","5.7661495","-1.21716","-0.9173251","1.0403069","2.45348","0.12039226","5.876827","-0.33509624","5.419008","15.177583","-4.9653473","8.744367","1.4106128","-5.1191525","-2.67975","0.7473695","-2.4594674","-1.1593171","-5.7387013","0.4325167","4.5892253","2.3541942","9.325468","-5.849937","-2.1986783","9.996947e-06","0.115296595","-6.9013886","3.420934","3.6815405","-2.6735675","0.057645753","4.436562","-10.163983","-9.430513","-9.067051","0.0","0.0","0.0","0.0","0.0","0.0","0.0","0.0","0.0","0.0","11.300023","0.0","0.0","0.0","0.0","0.0"
"Gastroenteritis","-0.22007634","-0.012736084","-0.030332055","-0.0119885225","-0.017566964","-0.012050644","-0.0032349413","0.008790346","-0.005663294","0.003401166","-0.0016634933","0.0016024841","0.0030496456","-0.006093373","0.001336644","0.0013386973","0.0014833187","-0.0015655878","-0.0011191956","-0.0022812048","0.0032914274","-0.003769479","-0.0010876738","8.700956e-05","-0.00057010935","0.003326504","0.00012283615","0.0024395816","-0.002798829","-0.0001607432","0.0027648855","0.0029609804","-0.0010443438","0.0017620911","-0.00088586373","-0.0009047997","-0.00079564453","2.4461137e-08","0.0010531262","0.028242592","0.03517258","-0.011418279","-0.023639556","-0.12819138","-0.003655476","0.0032118745","0.0018818054","0.00081408414","0.0","0.0","0.0","0.0","0.0","0.0","0.0","0.0","0.0","0.0","-0.0024369073","0.0","0.0","0.0","0.0","0.0"
"Gastrointestinal follicular lymphoma","-0.22007634","-0.012736084","-0.030332055","-0.0119885225","-0.017566964","-0.012050644","-0.0032349413","0.008790346","-0.005663294","0.003401166","-0.0016634933","0.0016024841","0.0030496456","-0.006093373","0.001336644","0.0013386973","0.0014833187","-0.0015655878","-0.0011191956","-0.0022812048","0.0032914274","-0.003769479","-0.0010876738","8.700956e-05","-0.00057010935","0.003326504","0.00012283615","0.0024395816","-0.002798829","-0.0001607432","0.0027648855","0.0029609804","-0.0010443438","0.0017620911","-0.00088586373","-0.0009047997","-0.00079564453","2.4461137e-08","0.0010531262","0.028242592","0.03517258","-0.011418279","-0.023639556","-0.12819138","-0.003655476","0.0032118745","0.0018818054","0.00081408414","0.0","0.0","0.0","0.0","0.0","0.0","0.0","0.0","0.0","0.0","-0.0024369073","0.0","0.0","0.0","0.0","0.0"
"Generalized anxiety disorder","-0.22007634","-0.012736084","-0.030332055","-0.0119885225","-0.017566964","-0.012050644","-0.0032349413","0.008790346","-0.005663294","0.003401166","-0.0016634933","0.0016024841","0.0030496456","-0.006093373","0.001336644","0.0013386973","0.0014833187","-0.0015655878","-0.0011191956","-0.0022812048","0.0032914274","-0.003769479","-0.0010876738","8.700956e-05","-0.00057010935","0.003326504","0.00012283615","0.0024395816","-0.002798829","-0.0001607432","0.0027648855","0.0029609804","-0.0010443438","0.0017620911","-0.00088586373","-0.0009047997","-0.00079564453","2.4461137e-08","0.0010531262","0.028242592","0.03517258","-0.011418279","-0.023639556","-0.12819138","-0.003655476","0.0032118745","0.0018818054","0.00081408414","0.0","0.0","0.0","0.0","0.0","0.0","0.0","0.0","0.0","0.0","-0.0024369073","0.0","0.0","0.0","0.0","0.0"
"Genitourinary lichen sclerosus","-0.22007634","-0.012736084","-0.030332055","-0.0119885225","-0.017566964","-0.012050644","-0.0032349413","0.008790346","-0.005663294","0.003401166","-0.0016634933","0.0016024841","0.0030496456","-0.006093373","0.001336644","0.0013386973","0.0014833187","-0.0015655878","-0.0011191956","-0.0022812048","0.0032914274","-0.003769479","-0.0010876738","8.700956e-05","-0.00057010935","0.003326504","0.00012283615","0.0024395816","-0.002798829","-0.0001607432","0.0027648855","0.0029609804","-0.0010443438","0.0017620911","-0.00088586373","-0.0009047997","-0.00079564453","2.4461137e-08","0.0010531262","0.028242592","0.03517258","-0.011418279","-0.023639556","-0.12819138","-0.003655476","0.0032118745","0.0018818054","0.00081408414","0.0","0.0","0.0","0.0","0.0","0.0","0.0","0.0","0.0","0.0","-0.0024369073","0.0","0.0","0.0","0.0","0.0"
"Gestational diabetes","-0.22007634","-0.012736084","-0.030332055","-0.0119885225","-0.017566964","-0.012050644","-0.0032349413","0.008790346","-0.005663294","0.003401166","-0.0016634933","0.0016024841","0.0030496456","-0.006093373","0.001336644","0.0013386973","0.0014833187","-0.0015655878","-0.0011191956","-0.0022812048","0.0032914274","-0.003769479","-0.0010876738","8.700956e-05","-0.00057010935","0.003326504","0.00012283615","0.0024395816","-0.002798829","-0.0001607432","0.0027648855","0.0029609804","-0.0010443438","0.0017620911","-0.00088586373","-0.0009047997","-0.00079564453","2.4461137e-08","0.0010531262","0.028242592","0.03517258","-0.011418279","-0.023639556","-0.12819138","-0.003655476","0.0032118745","0.0018818054","0.00081408414","0.0","0.0","0.0","0.0","0.0","0.0","0.0","0.0","0.0","0.0","-0.0024369073","0.0","0.0","0.0","0.0","0.0"
"Gestational diabetes + hyperlipidemia","-0.22007634","-0.012736084","-0.030332055","-0.0119885225","-0.017566964","-0.012050644","-0.0032349413","0.008790346","-0.005663294","0.003401166","-0.0016634933","0.0016024841","0.0030496456","-0.006093373","0.001336644","0.0013386973","0.0014833187","-0.0015655878","-0.0011191956","-0.0022812048","0.0032914274","-0.003769479","-0.0010876738","8.700956e-05","-0.00057010935","0.003326504","0.00012283615","0.0024395816","-0.002798829","-0.0001607432","0.0027648855","0.0029609804","-0.0010443438","0.0017620911","-0.00088586373","-0.0009047997","-0.00079564453","2.4461137e-08","0.0010531262","0.028242592","0.03517258","-0.011418279","-0.023639556","-0.12819138","-0.003655476","0.0032118745","0.0018818054","0.00081408414","0.0","0.0","0.0","0.0","0.0","0.0","0.0","0.0","0.0","0.0","-0.0024369073","0.0","0.0","0.0","0.0","0.0"
"Giardia intestinalis infection","-0.22007634","-0.012736084","-0.030332055","-0.0119885225","-0.017566964","-0.012050644","-0.0032349413","0.008790346","-0.005663294","0.003401166","-0.0016634933","0.0016024841","0.0030496456","-0.006093373","0.001336644","0.0013386973","0.0014833187","-0.0015655878","-0.0011191956","-0.0022812048","0.0032914274","-0.003769479","-0.0010876738","8.700956e-05","-0.00057010935","0.003326504","0.00012283615","0.0024395816","-0.002798829","-0.0001607432","0.0027648855","0.0029609804","-0.0010443438","0.0017620911","-0.00088586373","-0.0009047997","-0.00079564453","2.4461137e-08","0.0010531262","0.028242592","0.03517258","-0.011418279","-0.023639556","-0.12819138","-0.003655476","0.0032118745","0.0018818054","0.00081408414","0.0","0.0","0.0","0.0","0.0","0.0","0.0","0.0","0.0","0.0","-0.0024369073","0.0","0.0","0.0","0.0","0.0"
"Gingivitis","-0.22007634","-0.012736084","-0.030332055","-0.0119885225","-0.017566964","-0.012050644","-0.0032349413","0.008790346","-0.005663294","0.003401166","-0.0016634933","0.0016024841","0.0030496456","-0.006093373","0.001336644","0.0013386973","0.0014833187","-0.0015655878","-0.0011191956","-0.0022812048","0.0032914274","-0.003769479","-0.0010876738","8.700956e-05","-0.00057010935","0.003326504","0.00012283615","0.0024395816","-0.002798829","-0.0001607432","0.0027648855","0.0029609804","-0.0010443438","0.0017620911","-0.00088586373","-0.0009047997","-0.00079564453","2.4461137e-08","0.0010531262","0.028242592","0.03517258","-0.011418279","-0.023639556","-0.12819138","-0.003655476","0.0032118745","0.0018818054","0.00081408414","0.0","0.0","0.0","0.0","0.0","0.0","0.0","0.0","0.0","0.0","-0.0024369073","0.0","0.0","0.0","0.0","0.0"
"Glycogen storage disease","-0.22007634","-0.012736084","-0.030332055","-0.0119885225","-0.017566964","-0.012050644","-0.0032349413","0.008790346","-0.005663294","0.003401166","-0.0016634933","0.0016024841","0.0030496456","-0.006093373","0.001336644","0.0013386973","0.0014833187","-0.0015655878","-0.0011191956","-0.0022812048","0.0032914274","-0.003769479","-0.0010876738","8.700956e-05","-0.00057010935","0.003326504","0.00012283615","0.0024395816","-0.002798829","-0.0001607432","0.0027648855","0.0029609804","-0.0010443438","0.0017620911","-0.00088586373","-0.0009047997","-0.00079564453","2.4461137e-08","0.0010531262","0.028242592","0.03517258","-0.011418279","-0.023639556","-0.12819138","-0.003655476","0.0032118745","0.0018818054","0.00081408414","0.0","0.0","0.0","0.0","0.0","0.0","0.0","0.0","0.0","0.0","-0.0024369073","0.0","0.0","0.0","0.0","0.0"
"Graft-versus-host-disease","-0.22007634","-0.012736084","-0.030332055","-0.0119885225","-0.017566964","-0.012050644","-0.0032349413","0.008790346","-0.005663294","0.003401166","-0.0016634933","0.0016024841","0.0030496456","-0.006093373","0.001336644","0.0013386973","0.0014833187","-0.0015655878","-0.0011191956","-0.0022812048","0.0032914274","-0.003769479","-0.0010876738","8.700956e-05","-0.00057010935","0.003326504","0.00012283615","0.0024395816","-0.002798829","-0.0001607432","0.0027648855","0.0029609804","-0.0010443438","0.0017620911","-0.00088586373","-0.0009047997","-0.00079564453","2.4461137e-08","0.0010531262","0.028242592","0.03517258","-0.011418279","-0.023639556","-0.12819138","-0.003655476","0.0032118745","0.0018818054","0.00081408414","0.0","0.0","0.0","0.0","0.0","0.0","0.0","0.0","0.0","0.0","-0.0024369073","0.0","0.0","0.0","0.0","0.0"
"Granulomatosis with polyangiitis","-0.22007634","-0.012736084","-0.030332055","-0.0119885225","-0.017566964","-0.012050644","-0.0032349413","0.008790346","-0.005663294","0.003401166","-0.0016634933","0.0016024841","0.0030496456","-0.006093373","0.001336644","0.0013386973","0.0014833187","-0.0015655878","-0.0011191956","-0.0022812048","0.0032914274","-0.003769479","-0.0010876738","8.700956e-05","-0.00057010935","0.003326504","0.00012283615","0.0024395816","-0.002798829","-0.0001607432","0.0027648855","0.0029609804","-0.0010443438","0.0017620911","-0.00088586373","-0.0009047997","-0.00079564453","2.4461137e-08","0.0010531262","0.028242592","0.03517258","-0.011418279","-0.023639556","-0.12819138","-0.003655476","0.0032118745","0.0018818054","0.00081408414","0.0","0.0","0.0","0.0","0.0","0.0","0.0","0.0","0.0","0.0","-0.0024369073","0.0","0.0","0.0","0.0","0.0"
"Granulomatous mastitis","-0.22007634","-0.012736084","-0.030332055","-0.0119885225","-0.017566964","-0.012050644","-0.0032349413","0.008790346","-0.005663294","0.003401166","-0.0016634933","0.0016024841","0.0030496456","-0.006093373","0.001336644","0.0013386973","0.0014833187","-0.0015655878","-0.0011191956","-0.0022812048","0.0032914274","-0.003769479","-0.0010876738","8.700956e-05","-0.00057010935","0.003326504","0.00012283615","0.0024395816","-0.002798829","-0.0001607432","0.0027648855","0.0029609804","-0.0010443438","0.0017620911","-0.00088586373","-0.0009047997","-0.00079564453","2.4461137e-08","0.0010531262","0.028242592","0.03517258","-0.011418279","-0.023639556","-0.12819138","-0.003655476","0.0032118745","0.0018818054","0.00081408414","0.0","0.0","0.0","0.0","0.0","0.0","0.0","0.0","0.0","0.0","-0.0024369073","0.0","0.0","0.0","0.0","0.0"
"Graves' disease","-0.22007634","-0.012736084","-0.030332055","-0.0119885225","-0.017566964","-0.012050644","-0.0032349413","0.008790346","-0.005663294","0.003401166","-0.0016634933","0.0016024841","0.0030496456","-0.006093373","0.001336644","0.0013386973","0.0014833187","-0.0015655878","-0.0011191956","-0.0022812048","0.0032914274","-0.003769479","-0.0010876738","8.700956e-05","-0.00057010935","0.003326504","0.00012283615","0.0024395816","-0.002798829","-0.0001607432","0.0027648855","0.0029609804","-0.0010443438","0.0017620911","-0.00088586373","-0.0009047997","-0.00079564453","2.4461137e-08","0.0010531262","0.028242592","0.03517258","-0.011418279","-0.023639556","-0.12819138","-0.003655476","0.0032118745","0.0018818054","0.00081408414","0.0","0.0","0.0","0.0","0.0","0.0","0.0","0.0","0.0","0.0","-0.0024369073","0.0","0.0","0.0","0.0","0.0"
"Graves' orbitopathy","-0.22007634","-0.012736084","-0.030332055","-0.0119885225","-0.017566964","-0.012050644","-0.0032349413","0.008790346","-0.005663294","0.003401166","-0.0016634933","0.0016024841","0.0030496456","-0.006093373","0.001336644","0.0013386973","0.0014833187","-0.0015655878","-0.0011191956","-0.0022812048","0.0032914274","-0.003769479","-0.0010876738","8.700956e-05","-0.00057010935","0.003326504","0.00012283615","0.0024395816","-0.002798829","-0.0001607432","0.0027648855","0.0029609804","-0.0010443438","0.0017620911","-0.00088586373","-0.0009047997","-0.00079564453","2.4461137e-08","0.0010531262","0.028242592","0.03517258","-0.011418279","-0.023639556","-0.12819138","-0.003655476","0.0032118745","0.0018818054","0.00081408414","0.0","0.0","0.0","0.0","0.0","0.0","0.0","0.0","0.0","0.0","-0.0024369073","0.0","0.0","0.0","0.0","0.0"
"Guillain-Barre syndrome","-0.22007634","-0.012736084","-0.030332055","-0.0119885225","-0.017566964","-0.012050644","-0.0032349413","0.008790346","-0.005663294","0.003401166","-0.0016634933","0.0016024841","0.0030496456","-0.006093373","0.001336644","0.0013386973","0.0014833187","-0.0015655878","-0.0011191956","-0.0022812048","0.0032914274","-0.003769479","-0.0010876738","8.700956e-05","-0.00057010935","0.003326504","0.00012283615","0.0024395816","-0.002798829","-0.0001607432","0.0027648855","0.0029609804","-0.0010443438","0.0017620911","-0.00088586373","-0.0009047997","-0.00079564453","2.4461137e-08","0.0010531262","0.028242592","0.03517258","-0.011418279","-0.023639556","-0.12819138","-0.003655476","0.0032118745","0.0018818054","0.00081408414","0.0","0.0","0.0","0.0","0.0","0.0","0.0","0.0","0.0","0.0","-0.0024369073","0.0","0.0","0.0","0.0","0.0"
"Guttate psoriasis","5.67515","0.4585327","-1.8486826","-0.4827767","-2.7211595","-2.0655866","-4.79707","-1.609588","-9.112915","0.09316316","4.92463","2.802763","-0.82882625","1.0004075","-0.62613416","-1.5940659","-4.699833","-1.5162352","0.17894344","-0.462359","-0.1964661","-0.5367232","0.84197307","-1.7091703","0.53859377","-0.18322745","-2.28648","1.6333666","-2.1989362","-1.5717473","3.2560952","5.0898914","-1.977153","14.194438","-9.475502","0.76693296","-15.060881","0.00029542294","-3.633567","-1.516213","6.1614738","-7.012421","3.501668","6.005312","-2.4371321","0.44671026","-1.9019752","0.36102492","0.0","0.0","0.0","0.0","0.0","0.0","0.0","0.0","0.0","0.0","1.5494899","0.0","0.0","0.0","0.0","0.0"
"H1N1 Influenza","-0.22007634","-0.012736084","-0.030332055","-0.0119885225","-0.017566964","-0.012050644","-0.0032349413","0.008790346","-0.005663294","0.003401166","-0.0016634933","0.0016024841","0.0030496456","-0.006093373","0.001336644","0.0013386973","0.0014833187","-0.0015655878","-0.0011191956","-0.0022812048","0.0032914274","-0.003769479","-0.0010876738","8.700956e-05","-0.00057010935","0.003326504","0.00012283615","0.0024395816","-0.002798829","-0.0001607432","0.0027648855","0.0029609804","-0.0010443438","0.0017620911","-0.00088586373","-0.0009047997","-0.00079564453","2.4461137e-08","0.0010531262","0.028242592","0.03517258","-0.011418279","-0.023639556","-0.12819138","-0.003655476","0.0032118745","0.0018818054","0.00081408414","0.0","0.0","0.0","0.0","0.0","0.0","0.0","0.0","0.0","0.0","-0.0024369073","0.0","0.0","0.0","0.0","0.0"
"H7N9","-0.22007634","-0.012736084","-0.030332055","-0.0119885225","-0.017566964","-0.012050644","-0.0032349413","0.008790346","-0.005663294","0.003401166","-0.0016634933","0.0016024841","0.0030496456","-0.006093373","0.001336644","0.0013386973","0.0014833187","-0.0015655878","-0.0011191956","-0.0022812048","0.0032914274","-0.003769479","-0.0010876738","8.700956e-05","-0.00057010935","0.003326504","0.00012283615","0.0024395816","-0.002798829","-0.0001607432","0.0027648855","0.0029609804","-0.0010443438","0.0017620911","-0.00088586373","-0.0009047997","-0.00079564453","2.4461137e-08","0.0010531262","0.028242592","0.03517258","-0.011418279","-0.023639556","-0.12819138","-0.003655476","0.0032118745","0.0018818054","0.00081408414","0.0","0.0","0.0","0.0","0.0","0.0","0.0","0.0","0.0","0.0","-0.0024369073","0.0","0.0","0.0","0.0","0.0"
"HBV cirrhosis","-0.22007634","-0.012736084","-0.030332055","-0.0119885225","-0.017566964","-0.012050644","-0.0032349413","0.008790346","-0.005663294","0.003401166","-0.0016634933","0.0016024841","0.0030496456","-0.006093373","0.001336644","0.0013386973","0.0014833187","-0.0015655878","-0.0011191956","-0.0022812048","0.0032914274","-0.003769479","-0.0010876738","8.700956e-05","-0.00057010935","0.003326504","0.00012283615","0.0024395816","-0.002798829","-0.0001607432","0.0027648855","0.0029609804","-0.0010443438","0.0017620911","-0.00088586373","-0.0009047997","-0.00079564453","2.4461137e-08","0.0010531262","0.028242592","0.03517258","-0.011418279","-0.023639556","-0.12819138","-0.003655476","0.0032118745","0.0018818054","0.00081408414","0.0","0.0","0.0","0.0","0.0","0.0","0.0","0.0","0.0","0.0","-0.0024369073","0.0","0.0","0.0","0.0","0.0"
"HIV infection","-0.22007634","-0.012736084","-0.030332055","-0.0119885225","-0.017566964","-0.012050644","-0.0032349413","0.008790346","-0.005663294","0.003401166","-0.0016634933","0.0016024841","0.0030496456","-0.006093373","0.001336644","0.0013386973","0.0014833187","-0.0015655878","-0.0011191956","-0.0022812048","0.0032914274","-0.003769479","-0.0010876738","8.700956e-05","-0.00057010935","0.003326504","0.00012283615","0.0024395816","-0.002798829","-0.0001607432","0.0027648855","0.0029609804","-0.0010443438","0.0017620911","-0.00088586373","-0.0009047997","-0.00079564453","2.4461137e-08","0.0010531262","0.028242592","0.03517258","-0.011418279","-0.023639556","-0.12819138","-0.003655476","0.0032118745","0.0018818054","0.00081408414","0.0","0.0","0.0","0.0","0.0","0.0","0.0","0.0","0.0","0.0","-0.0024369073","0.0","0.0","0.0","0.0","0.0"
"HIV-infected pneumonia","-0.22007634","-0.012736084","-0.030332055","-0.0119885225","-0.017566964","-0.012050644","-0.0032349413","0.008790346","-0.005663294","0.003401166","-0.0016634933","0.0016024841","0.0030496456","-0.006093373","0.001336644","0.0013386973","0.0014833187","-0.0015655878","-0.0011191956","-0.0022812048","0.0032914274","-0.003769479","-0.0010876738","8.700956e-05","-0.00057010935","0.003326504","0.00012283615","0.0024395816","-0.002798829","-0.0001607432","0.0027648855","0.0029609804","-0.0010443438","0.0017620911","-0.00088586373","-0.0009047997","-0.00079564453","2.4461137e-08","0.0010531262","0.028242592","0.03517258","-0.011418279","-0.023639556","-0.12819138","-0.003655476","0.0032118745","0.0018818054","0.00081408414","0.0","0.0","0.0","0.0","0.0","0.0","0.0","0.0","0.0","0.0","-0.0024369073","0.0","0.0","0.0","0.0","0.0"
"Halitosis","-0.22007634","-0.012736084","-0.030332055","-0.0119885225","-0.017566964","-0.012050644","-0.0032349413","0.008790346","-0.005663294","0.003401166","-0.0016634933","0.0016024841","0.0030496456","-0.006093373","0.001336644","0.0013386973","0.0014833187","-0.0015655878","-0.0011191956","-0.0022812048","0.0032914274","-0.003769479","-0.0010876738","8.700956e-05","-0.00057010935","0.003326504","0.00012283615","0.0024395816","-0.002798829","-0.0001607432","0.0027648855","0.0029609804","-0.0010443438","0.0017620911","-0.00088586373","-0.0009047997","-0.00079564453","2.4461137e-08","0.0010531262","0.028242592","0.03517258","-0.011418279","-0.023639556","-0.12819138","-0.003655476","0.0032118745","0.0018818054","0.00081408414","0.0","0.0","0.0","0.0","0.0","0.0","0.0","0.0","0.0","0.0","-0.0024369073","0.0","0.0","0.0","0.0","0.0"
"Hand, foot and mouth disease","-0.22007634","-0.012736084","-0.030332055","-0.0119885225","-0.017566964","-0.012050644","-0.0032349413","0.008790346","-0.005663294","0.003401166","-0.0016634933","0.0016024841","0.0030496456","-0.006093373","0.001336644","0.0013386973","0.0014833187","-0.0015655878","-0.0011191956","-0.0022812048","0.0032914274","-0.003769479","-0.0010876738","8.700956e-05","-0.00057010935","0.003326504","0.00012283615","0.0024395816","-0.002798829","-0.0001607432","0.0027648855","0.0029609804","-0.0010443438","0.0017620911","-0.00088586373","-0.0009047997","-0.00079564453","2.4461137e-08","0.0010531262","0.028242592","0.03517258","-0.011418279","-0.023639556","-0.12819138","-0.003655476","0.0032118745","0.0018818054","0.00081408414","0.0","0.0","0.0","0.0","0.0","0.0","0.0","0.0","0.0","0.0","-0.0024369073","0.0","0.0","0.0","0.0","0.0"
"Hashimoto thyroiditis","-0.22007634","-0.012736084","-0.030332055","-0.0119885225","-0.017566964","-0.012050644","-0.0032349413","0.008790346","-0.005663294","0.003401166","-0.0016634933","0.0016024841","0.0030496456","-0.006093373","0.001336644","0.0013386973","0.0014833187","-0.0015655878","-0.0011191956","-0.0022812048","0.0032914274","-0.003769479","-0.0010876738","8.700956e-05","-0.00057010935","0.003326504","0.00012283615","0.0024395816","-0.002798829","-0.0001607432","0.0027648855","0.0029609804","-0.0010443438","0.0017620911","-0.00088586373","-0.0009047997","-0.00079564453","2.4461137e-08","0.0010531262","0.028242592","0.03517258","-0.011418279","-0.023639556","-0.12819138","-0.003655476","0.0032118745","0.0018818054","0.00081408414","0.0","0.0","0.0","0.0","0.0","0.0","0.0","0.0","0.0","0.0","-0.0024369073","0.0","0.0","0.0","0.0","0.0"
"Hashimoto's thyroiditis","-0.22007634","-0.012736084","-0.030332055","-0.0119885225","-0.017566964","-0.012050644","-0.0032349413","0.008790346","-0.005663294","0.003401166","-0.0016634933","0.0016024841","0.0030496456","-0.006093373","0.001336644","0.0013386973","0.0014833187","-0.0015655878","-0.0011191956","-0.0022812048","0.0032914274","-0.003769479","-0.0010876738","8.700956e-05","-0.00057010935","0.003326504","0.00012283615","0.0024395816","-0.002798829","-0.0001607432","0.0027648855","0.0029609804","-0.0010443438","0.0017620911","-0.00088586373","-0.0009047997","-0.00079564453","2.4461137e-08","0.0010531262","0.028242592","0.03517258","-0.011418279","-0.023639556","-0.12819138","-0.003655476","0.0032118745","0.0018818054","0.00081408414","0.0","0.0","0.0","0.0","0.0","0.0","0.0","0.0","0.0","0.0","-0.0024369073","0.0","0.0","0.0","0.0","0.0"
"Head and Neck Squamous Cell Cancer","-0.22007634","-0.012736084","-0.030332055","-0.0119885225","-0.017566964","-0.012050644","-0.0032349413","0.008790346","-0.005663294","0.003401166","-0.0016634933","0.0016024841","0.0030496456","-0.006093373","0.001336644","0.0013386973","0.0014833187","-0.0015655878","-0.0011191956","-0.0022812048","0.0032914274","-0.003769479","-0.0010876738","8.700956e-05","-0.00057010935","0.003326504","0.00012283615","0.0024395816","-0.002798829","-0.0001607432","0.0027648855","0.0029609804","-0.0010443438","0.0017620911","-0.00088586373","-0.0009047997","-0.00079564453","2.4461137e-08","0.0010531262","0.028242592","0.03517258","-0.011418279","-0.023639556","-0.12819138","-0.003655476","0.0032118745","0.0018818054","0.00081408414","0.0","0.0","0.0","0.0","0.0","0.0","0.0","0.0","0.0","0.0","-0.0024369073","0.0","0.0","0.0","0.0","0.0"
"Head/Neck cancer","-0.22007634","-0.012736084","-0.030332055","-0.0119885225","-0.017566964","-0.012050644","-0.0032349413","0.008790346","-0.005663294","0.003401166","-0.0016634933","0.0016024841","0.0030496456","-0.006093373","0.001336644","0.0013386973","0.0014833187","-0.0015655878","-0.0011191956","-0.0022812048","0.0032914274","-0.003769479","-0.0010876738","8.700956e-05","-0.00057010935","0.003326504","0.00012283615","0.0024395816","-0.002798829","-0.0001607432","0.0027648855","0.0029609804","-0.0010443438","0.0017620911","-0.00088586373","-0.0009047997","-0.00079564453","2.4461137e-08","0.0010531262","0.028242592","0.03517258","-0.011418279","-0.023639556","-0.12819138","-0.003655476","0.0032118745","0.0018818054","0.00081408414","0.0","0.0","0.0","0.0","0.0","0.0","0.0","0.0","0.0","0.0","-0.0024369073","0.0","0.0","0.0","0.0","0.0"
"Heart failure","-0.22007634","-0.012736084","-0.030332055","-0.0119885225","-0.017566964","-0.012050644","-0.0032349413","0.008790346","-0.005663294","0.003401166","-0.0016634933","0.0016024841","0.0030496456","-0.006093373","0.001336644","0.0013386973","0.0014833187","-0.0015655878","-0.0011191956","-0.0022812048","0.0032914274","-0.003769479","-0.0010876738","8.700956e-05","-0.00057010935","0.003326504","0.00012283615","0.0024395816","-0.002798829","-0.0001607432","0.0027648855","0.0029609804","-0.0010443438","0.0017620911","-0.00088586373","-0.0009047997","-0.00079564453","2.4461137e-08","0.0010531262","0.028242592","0.03517258","-0.011418279","-0.023639556","-0.12819138","-0.003655476","0.0032118745","0.0018818054","0.00081408414","0.0","0.0","0.0","0.0","0.0","0.0","0.0","0.0","0.0","0.0","-0.0024369073","0.0","0.0","0.0","0.0","0.0"
"Helicobacter pylori infection","-0.22007634","-0.012736084","-0.030332055","-0.0119885225","-0.017566964","-0.012050644","-0.0032349413","0.008790346","-0.005663294","0.003401166","-0.0016634933","0.0016024841","0.0030496456","-0.006093373","0.001336644","0.0013386973","0.0014833187","-0.0015655878","-0.0011191956","-0.0022812048","0.0032914274","-0.003769479","-0.0010876738","8.700956e-05","-0.00057010935","0.003326504","0.00012283615","0.0024395816","-0.002798829","-0.0001607432","0.0027648855","0.0029609804","-0.0010443438","0.0017620911","-0.00088586373","-0.0009047997","-0.00079564453","2.4461137e-08","0.0010531262","0.028242592","0.03517258","-0.011418279","-0.023639556","-0.12819138","-0.003655476","0.0032118745","0.0018818054","0.00081408414","0.0","0.0","0.0","0.0","0.0","0.0","0.0","0.0","0.0","0.0","-0.0024369073","0.0","0.0","0.0","0.0","0.0"
"Henoch-Schönlein Purpura","-0.22007634","-0.012736084","-0.030332055","-0.0119885225","-0.017566964","-0.012050644","-0.0032349413","0.008790346","-0.005663294","0.003401166","-0.0016634933","0.0016024841","0.0030496456","-0.006093373","0.001336644","0.0013386973","0.0014833187","-0.0015655878","-0.0011191956","-0.0022812048","0.0032914274","-0.003769479","-0.0010876738","8.700956e-05","-0.00057010935","0.003326504","0.00012283615","0.0024395816","-0.002798829","-0.0001607432","0.0027648855","0.0029609804","-0.0010443438","0.0017620911","-0.00088586373","-0.0009047997","-0.00079564453","2.4461137e-08","0.0010531262","0.028242592","0.03517258","-0.011418279","-0.023639556","-0.12819138","-0.003655476","0.0032118745","0.0018818054","0.00081408414","0.0","0.0","0.0","0.0","0.0","0.0","0.0","0.0","0.0","0.0","-0.0024369073","0.0","0.0","0.0","0.0","0.0"
"Hepatic encephalopathy","-0.22007634","-0.012736084","-0.030332055","-0.0119885225","-0.017566964","-0.012050644","-0.0032349413","0.008790346","-0.005663294","0.003401166","-0.0016634933","0.0016024841","0.0030496456","-0.006093373","0.001336644","0.0013386973","0.0014833187","-0.0015655878","-0.0011191956","-0.0022812048","0.0032914274","-0.003769479","-0.0010876738","8.700956e-05","-0.00057010935","0.003326504","0.00012283615","0.0024395816","-0.002798829","-0.0001607432","0.0027648855","0.0029609804","-0.0010443438","0.0017620911","-0.00088586373","-0.0009047997","-0.00079564453","2.4461137e-08","0.0010531262","0.028242592","0.03517258","-0.011418279","-0.023639556","-0.12819138","-0.003655476","0.0032118745","0.0018818054","0.00081408414","0.0","0.0","0.0","0.0","0.0","0.0","0.0","0.0","0.0","0.0","-0.0024369073","0.0","0.0","0.0","0.0","0.0"
"Hepatitis B","-0.22007634","-0.012736084","-0.030332055","-0.0119885225","-0.017566964","-0.012050644","-0.0032349413","0.008790346","-0.005663294","0.003401166","-0.0016634933","0.0016024841","0.0030496456","-0.006093373","0.001336644","0.0013386973","0.0014833187","-0.0015655878","-0.0011191956","-0.0022812048","0.0032914274","-0.003769479","-0.0010876738","8.700956e-05","-0.00057010935","0.003326504","0.00012283615","0.0024395816","-0.002798829","-0.0001607432","0.0027648855","0.0029609804","-0.0010443438","0.0017620911","-0.00088586373","-0.0009047997","-0.00079564453","2.4461137e-08","0.0010531262","0.028242592","0.03517258","-0.011418279","-0.023639556","-0.12819138","-0.003655476","0.0032118745","0.0018818054","0.00081408414","0.0","0.0","0.0","0.0","0.0","0.0","0.0","0.0","0.0","0.0","-0.0024369073","0.0","0.0","0.0","0.0","0.0"
"Hepatitis B associated liver failure","-0.22007634","-0.012736084","-0.030332055","-0.0119885225","-0.017566964","-0.012050644","-0.0032349413","0.008790346","-0.005663294","0.003401166","-0.0016634933","0.0016024841","0.0030496456","-0.006093373","0.001336644","0.0013386973","0.0014833187","-0.0015655878","-0.0011191956","-0.0022812048","0.0032914274","-0.003769479","-0.0010876738","8.700956e-05","-0.00057010935","0.003326504","0.00012283615","0.0024395816","-0.002798829","-0.0001607432","0.0027648855","0.0029609804","-0.0010443438","0.0017620911","-0.00088586373","-0.0009047997","-0.00079564453","2.4461137e-08","0.0010531262","0.028242592","0.03517258","-0.011418279","-0.023639556","-0.12819138","-0.003655476","0.0032118745","0.0018818054","0.00081408414","0.0","0.0","0.0","0.0","0.0","0.0","0.0","0.0","0.0","0.0","-0.0024369073","0.0","0.0","0.0","0.0","0.0"
"Hepatitis C","-0.22007634","-0.012736084","-0.030332055","-0.0119885225","-0.017566964","-0.012050644","-0.0032349413","0.008790346","-0.005663294","0.003401166","-0.0016634933","0.0016024841","0.0030496456","-0.006093373","0.001336644","0.0013386973","0.0014833187","-0.0015655878","-0.0011191956","-0.0022812048","0.0032914274","-0.003769479","-0.0010876738","8.700956e-05","-0.00057010935","0.003326504","0.00012283615","0.0024395816","-0.002798829","-0.0001607432","0.0027648855","0.0029609804","-0.0010443438","0.0017620911","-0.00088586373","-0.0009047997","-0.00079564453","2.4461137e-08","0.0010531262","0.028242592","0.03517258","-0.011418279","-0.023639556","-0.12819138","-0.003655476","0.0032118745","0.0018818054","0.00081408414","0.0","0.0","0.0","0.0","0.0","0.0","0.0","0.0","0.0","0.0","-0.0024369073","0.0","0.0","0.0","0.0","0.0"
"Hepatocellular cancer","-0.22007634","-0.012736084","-0.030332055","-0.0119885225","-0.017566964","-0.012050644","-0.0032349413","0.008790346","-0.005663294","0.003401166","-0.0016634933","0.0016024841","0.0030496456","-0.006093373","0.001336644","0.0013386973","0.0014833187","-0.0015655878","-0.0011191956","-0.0022812048","0.0032914274","-0.003769479","-0.0010876738","8.700956e-05","-0.00057010935","0.003326504","0.00012283615","0.0024395816","-0.002798829","-0.0001607432","0.0027648855","0.0029609804","-0.0010443438","0.0017620911","-0.00088586373","-0.0009047997","-0.00079564453","2.4461137e-08","0.0010531262","0.028242592","0.03517258","-0.011418279","-0.023639556","-0.12819138","-0.003655476","0.0032118745","0.0018818054","0.00081408414","0.0","0.0","0.0","0.0","0.0","0.0","0.0","0.0","0.0","0.0","-0.0024369073","0.0","0.0","0.0","0.0","0.0"
"Hepatocellular carcinoma","-0.22007634","-0.012736084","-0.030332055","-0.0119885225","-0.017566964","-0.012050644","-0.0032349413","0.008790346","-0.005663294","0.003401166","-0.0016634933","0.0016024841","0.0030496456","-0.006093373","0.001336644","0.0013386973","0.0014833187","-0.0015655878","-0.0011191956","-0.0022812048","0.0032914274","-0.003769479","-0.0010876738","8.700956e-05","-0.00057010935","0.003326504","0.00012283615","0.0024395816","-0.002798829","-0.0001607432","0.0027648855","0.0029609804","-0.0010443438","0.0017620911","-0.00088586373","-0.0009047997","-0.00079564453","2.4461137e-08","0.0010531262","0.028242592","0.03517258","-0.011418279","-0.023639556","-0.12819138","-0.003655476","0.0032118745","0.0018818054","0.00081408414","0.0","0.0","0.0","0.0","0.0","0.0","0.0","0.0","0.0","0.0","-0.0024369073","0.0","0.0","0.0","0.0","0.0"
"Hidradenitis suppurativa","-0.22007634","-0.012736084","-0.030332055","-0.0119885225","-0.017566964","-0.012050644","-0.0032349413","0.008790346","-0.005663294","0.003401166","-0.0016634933","0.0016024841","0.0030496456","-0.006093373","0.001336644","0.0013386973","0.0014833187","-0.0015655878","-0.0011191956","-0.0022812048","0.0032914274","-0.003769479","-0.0010876738","8.700956e-05","-0.00057010935","0.003326504","0.00012283615","0.0024395816","-0.002798829","-0.0001607432","0.0027648855","0.0029609804","-0.0010443438","0.0017620911","-0.00088586373","-0.0009047997","-0.00079564453","2.4461137e-08","0.0010531262","0.028242592","0.03517258","-0.011418279","-0.023639556","-0.12819138","-0.003655476","0.0032118745","0.0018818054","0.00081408414","0.0","0.0","0.0","0.0","0.0","0.0","0.0","0.0","0.0","0.0","-0.0024369073","0.0","0.0","0.0","0.0","0.0"
"Hirschsprung disease","-0.22007634","-0.012736084","-0.030332055","-0.0119885225","-0.017566964","-0.012050644","-0.0032349413","0.008790346","-0.005663294","0.003401166","-0.0016634933","0.0016024841","0.0030496456","-0.006093373","0.001336644","0.0013386973","0.0014833187","-0.0015655878","-0.0011191956","-0.0022812048","0.0032914274","-0.003769479","-0.0010876738","8.700956e-05","-0.00057010935","0.003326504","0.00012283615","0.0024395816","-0.002798829","-0.0001607432","0.0027648855","0.0029609804","-0.0010443438","0.0017620911","-0.00088586373","-0.0009047997","-0.00079564453","2.4461137e-08","0.0010531262","0.028242592","0.03517258","-0.011418279","-0.023639556","-0.12819138","-0.003655476","0.0032118745","0.0018818054","0.00081408414","0.0","0.0","0.0","0.0","0.0","0.0","0.0","0.0","0.0","0.0","-0.0024369073","0.0","0.0","0.0","0.0","0.0"
"Hirschsprung's disease","-0.22007634","-0.012736084","-0.030332055","-0.0119885225","-0.017566964","-0.012050644","-0.0032349413","0.008790346","-0.005663294","0.003401166","-0.0016634933","0.0016024841","0.0030496456","-0.006093373","0.001336644","0.0013386973","0.0014833187","-0.0015655878","-0.0011191956","-0.0022812048","0.0032914274","-0.003769479","-0.0010876738","8.700956e-05","-0.00057010935","0.003326504","0.00012283615","0.0024395816","-0.002798829","-0.0001607432","0.0027648855","0.0029609804","-0.0010443438","0.0017620911","-0.00088586373","-0.0009047997","-0.00079564453","2.4461137e-08","0.0010531262","0.028242592","0.03517258","-0.011418279","-0.023639556","-0.12819138","-0.003655476","0.0032118745","0.0018818054","0.00081408414","0.0","0.0","0.0","0.0","0.0","0.0","0.0","0.0","0.0","0.0","-0.0024369073","0.0","0.0","0.0","0.0","0.0"
"Hirschsprung-associated enterocolitis","-0.22007634","-0.012736084","-0.030332055","-0.0119885225","-0.017566964","-0.012050644","-0.0032349413","0.008790346","-0.005663294","0.003401166","-0.0016634933","0.0016024841","0.0030496456","-0.006093373","0.001336644","0.0013386973","0.0014833187","-0.0015655878","-0.0011191956","-0.0022812048","0.0032914274","-0.003769479","-0.0010876738","8.700956e-05","-0.00057010935","0.003326504","0.00012283615","0.0024395816","-0.002798829","-0.0001607432","0.0027648855","0.0029609804","-0.0010443438","0.0017620911","-0.00088586373","-0.0009047997","-0.00079564453","2.4461137e-08","0.0010531262","0.028242592","0.03517258","-0.011418279","-0.023639556","-0.12819138","-0.003655476","0.0032118745","0.0018818054","0.00081408414","0.0","0.0","0.0","0.0","0.0","0.0","0.0","0.0","0.0","0.0","-0.0024369073","0.0","0.0","0.0","0.0","0.0"
"Hirschsprungs associated enterocolitis","-0.22007634","-0.012736084","-0.030332055","-0.0119885225","-0.017566964","-0.012050644","-0.0032349413","0.008790346","-0.005663294","0.003401166","-0.0016634933","0.0016024841","0.0030496456","-0.006093373","0.001336644","0.0013386973","0.0014833187","-0.0015655878","-0.0011191956","-0.0022812048","0.0032914274","-0.003769479","-0.0010876738","8.700956e-05","-0.00057010935","0.003326504","0.00012283615","0.0024395816","-0.002798829","-0.0001607432","0.0027648855","0.0029609804","-0.0010443438","0.0017620911","-0.00088586373","-0.0009047997","-0.00079564453","2.4461137e-08","0.0010531262","0.028242592","0.03517258","-0.011418279","-0.023639556","-0.12819138","-0.003655476","0.0032118745","0.0018818054","0.00081408414","0.0","0.0","0.0","0.0","0.0","0.0","0.0","0.0","0.0","0.0","-0.0024369073","0.0","0.0","0.0","0.0","0.0"
"Hirschsprungs disease","-0.22007634","-0.012736084","-0.030332055","-0.0119885225","-0.017566964","-0.012050644","-0.0032349413","0.008790346","-0.005663294","0.003401166","-0.0016634933","0.0016024841","0.0030496456","-0.006093373","0.001336644","0.0013386973","0.0014833187","-0.0015655878","-0.0011191956","-0.0022812048","0.0032914274","-0.003769479","-0.0010876738","8.700956e-05","-0.00057010935","0.003326504","0.00012283615","0.0024395816","-0.002798829","-0.0001607432","0.0027648855","0.0029609804","-0.0010443438","0.0017620911","-0.00088586373","-0.0009047997","-0.00079564453","2.4461137e-08","0.0010531262","0.028242592","0.03517258","-0.011418279","-0.023639556","-0.12819138","-0.003655476","0.0032118745","0.0018818054","0.00081408414","0.0","0.0","0.0","0.0","0.0","0.0","0.0","0.0","0.0","0.0","-0.0024369073","0.0","0.0","0.0","0.0","0.0"
"Human end-stage renal disease","-0.22007634","-0.012736084","-0.030332055","-0.0119885225","-0.017566964","-0.012050644","-0.0032349413","0.008790346","-0.005663294","0.003401166","-0.0016634933","0.0016024841","0.0030496456","-0.006093373","0.001336644","0.0013386973","0.0014833187","-0.0015655878","-0.0011191956","-0.0022812048","0.0032914274","-0.003769479","-0.0010876738","8.700956e-05","-0.00057010935","0.003326504","0.00012283615","0.0024395816","-0.002798829","-0.0001607432","0.0027648855","0.0029609804","-0.0010443438","0.0017620911","-0.00088586373","-0.0009047997","-0.00079564453","2.4461137e-08","0.0010531262","0.028242592","0.03517258","-0.011418279","-0.023639556","-0.12819138","-0.003655476","0.0032118745","0.0018818054","0.00081408414","0.0","0.0","0.0","0.0","0.0","0.0","0.0","0.0","0.0","0.0","-0.0024369073","0.0","0.0","0.0","0.0","0.0"
"Human papilloma virus infection","-0.22007634","-0.012736084","-0.030332055","-0.0119885225","-0.017566964","-0.012050644","-0.0032349413","0.008790346","-0.005663294","0.003401166","-0.0016634933","0.0016024841","0.0030496456","-0.006093373","0.001336644","0.0013386973","0.0014833187","-0.0015655878","-0.0011191956","-0.0022812048","0.0032914274","-0.003769479","-0.0010876738","8.700956e-05","-0.00057010935","0.003326504","0.00012283615","0.0024395816","-0.002798829","-0.0001607432","0.0027648855","0.0029609804","-0.0010443438","0.0017620911","-0.00088586373","-0.0009047997","-0.00079564453","2.4461137e-08","0.0010531262","0.028242592","0.03517258","-0.011418279","-0.023639556","-0.12819138","-0.003655476","0.0032118745","0.0018818054","0.00081408414","0.0","0.0","0.0","0.0","0.0","0.0","0.0","0.0","0.0","0.0","-0.0024369073","0.0","0.0","0.0","0.0","0.0"
"Huntington's Disease","-0.22007634","-0.012736084","-0.030332055","-0.0119885225","-0.017566964","-0.012050644","-0.0032349413","0.008790346","-0.005663294","0.003401166","-0.0016634933","0.0016024841","0.0030496456","-0.006093373","0.001336644","0.0013386973","0.0014833187","-0.0015655878","-0.0011191956","-0.0022812048","0.0032914274","-0.003769479","-0.0010876738","8.700956e-05","-0.00057010935","0.003326504","0.00012283615","0.0024395816","-0.002798829","-0.0001607432","0.0027648855","0.0029609804","-0.0010443438","0.0017620911","-0.00088586373","-0.0009047997","-0.00079564453","2.4461137e-08","0.0010531262","0.028242592","0.03517258","-0.011418279","-0.023639556","-0.12819138","-0.003655476","0.0032118745","0.0018818054","0.00081408414","0.0","0.0","0.0","0.0","0.0","0.0","0.0","0.0","0.0","0.0","-0.0024369073","0.0","0.0","0.0","0.0","0.0"
"Hutchinson-Gilford progeria syndrome","-0.22007634","-0.012736084","-0.030332055","-0.0119885225","-0.017566964","-0.012050644","-0.0032349413","0.008790346","-0.005663294","0.003401166","-0.0016634933","0.0016024841","0.0030496456","-0.006093373","0.001336644","0.0013386973","0.0014833187","-0.0015655878","-0.0011191956","-0.0022812048","0.0032914274","-0.003769479","-0.0010876738","8.700956e-05","-0.00057010935","0.003326504","0.00012283615","0.0024395816","-0.002798829","-0.0001607432","0.0027648855","0.0029609804","-0.0010443438","0.0017620911","-0.00088586373","-0.0009047997","-0.00079564453","2.4461137e-08","0.0010531262","0.028242592","0.03517258","-0.011418279","-0.023639556","-0.12819138","-0.003655476","0.0032118745","0.0018818054","0.00081408414","0.0","0.0","0.0","0.0","0.0","0.0","0.0","0.0","0.0","0.0","-0.0024369073","0.0","0.0","0.0","0.0","0.0"
"Hyper IgE syndrome","-0.22007634","-0.012736084","-0.030332055","-0.0119885225","-0.017566964","-0.012050644","-0.0032349413","0.008790346","-0.005663294","0.003401166","-0.0016634933","0.0016024841","0.0030496456","-0.006093373","0.001336644","0.0013386973","0.0014833187","-0.0015655878","-0.0011191956","-0.0022812048","0.0032914274","-0.003769479","-0.0010876738","8.700956e-05","-0.00057010935","0.003326504","0.00012283615","0.0024395816","-0.002798829","-0.0001607432","0.0027648855","0.0029609804","-0.0010443438","0.0017620911","-0.00088586373","-0.0009047997","-0.00079564453","2.4461137e-08","0.0010531262","0.028242592","0.03517258","-0.011418279","-0.023639556","-0.12819138","-0.003655476","0.0032118745","0.0018818054","0.00081408414","0.0","0.0","0.0","0.0","0.0","0.0","0.0","0.0","0.0","0.0","-0.0024369073","0.0","0.0","0.0","0.0","0.0"
"Hyperglycemia","-0.22007634","-0.012736084","-0.030332055","-0.0119885225","-0.017566964","-0.012050644","-0.0032349413","0.008790346","-0.005663294","0.003401166","-0.0016634933","0.0016024841","0.0030496456","-0.006093373","0.001336644","0.0013386973","0.0014833187","-0.0015655878","-0.0011191956","-0.0022812048","0.0032914274","-0.003769479","-0.0010876738","8.700956e-05","-0.00057010935","0.003326504","0.00012283615","0.0024395816","-0.002798829","-0.0001607432","0.0027648855","0.0029609804","-0.0010443438","0.0017620911","-0.00088586373","-0.0009047997","-0.00079564453","2.4461137e-08","0.0010531262","0.028242592","0.03517258","-0.011418279","-0.023639556","-0.12819138","-0.003655476","0.0032118745","0.0018818054","0.00081408414","0.0","0.0","0.0","0.0","0.0","0.0","0.0","0.0","0.0","0.0","-0.0024369073","0.0","0.0","0.0","0.0","0.0"
"Hyperlipidemia","-0.22007634","-0.012736084","-0.030332055","-0.0119885225","-0.017566964","-0.012050644","-0.0032349413","0.008790346","-0.005663294","0.003401166","-0.0016634933","0.0016024841","0.0030496456","-0.006093373","0.001336644","0.0013386973","0.0014833187","-0.0015655878","-0.0011191956","-0.0022812048","0.0032914274","-0.003769479","-0.0010876738","8.700956e-05","-0.00057010935","0.003326504","0.00012283615","0.0024395816","-0.002798829","-0.0001607432","0.0027648855","0.0029609804","-0.0010443438","0.0017620911","-0.00088586373","-0.0009047997","-0.00079564453","2.4461137e-08","0.0010531262","0.028242592","0.03517258","-0.011418279","-0.023639556","-0.12819138","-0.003655476","0.0032118745","0.0018818054","0.00081408414","0.0","0.0","0.0","0.0","0.0","0.0","0.0","0.0","0.0","0.0","-0.0024369073","0.0","0.0","0.0","0.0","0.0"
"Hypertension","-0.22007634","-0.012736084","-0.030332055","-0.0119885225","-0.017566964","-0.012050644","-0.0032349413","0.008790346","-0.005663294","0.003401166","-0.0016634933","0.0016024841","0.0030496456","-0.006093373","0.001336644","0.0013386973","0.0014833187","-0.0015655878","-0.0011191956","-0.0022812048","0.0032914274","-0.003769479","-0.0010876738","8.700956e-05","-0.00057010935","0.003326504","0.00012283615","0.0024395816","-0.002798829","-0.0001607432","0.0027648855","0.0029609804","-0.0010443438","0.0017620911","-0.00088586373","-0.0009047997","-0.00079564453","2.4461137e-08","0.0010531262","0.028242592","0.03517258","-0.011418279","-0.023639556","-0.12819138","-0.003655476","0.0032118745","0.0018818054","0.00081408414","0.0","0.0","0.0","0.0","0.0","0.0","0.0","0.0","0.0","0.0","-0.0024369073","0.0","0.0","0.0","0.0","0.0"
"Hypopharyngeal cancer","-0.22007634","-0.012736084","-0.030332055","-0.0119885225","-0.017566964","-0.012050644","-0.0032349413","0.008790346","-0.005663294","0.003401166","-0.0016634933","0.0016024841","0.0030496456","-0.006093373","0.001336644","0.0013386973","0.0014833187","-0.0015655878","-0.0011191956","-0.0022812048","0.0032914274","-0.003769479","-0.0010876738","8.700956e-05","-0.00057010935","0.003326504","0.00012283615","0.0024395816","-0.002798829","-0.0001607432","0.0027648855","0.0029609804","-0.0010443438","0.0017620911","-0.00088586373","-0.0009047997","-0.00079564453","2.4461137e-08","0.0010531262","0.028242592","0.03517258","-0.011418279","-0.023639556","-0.12819138","-0.003655476","0.0032118745","0.0018818054","0.00081408414","0.0","0.0","0.0","0.0","0.0","0.0","0.0","0.0","0.0","0.0","-0.0024369073","0.0","0.0","0.0","0.0","0.0"
"Idiopathic Pulmonary Fibrosis","-0.22007634","-0.012736084","-0.030332055","-0.0119885225","-0.017566964","-0.012050644","-0.0032349413","0.008790346","-0.005663294","0.003401166","-0.0016634933","0.0016024841","0.0030496456","-0.006093373","0.001336644","0.0013386973","0.0014833187","-0.0015655878","-0.0011191956","-0.0022812048","0.0032914274","-0.003769479","-0.0010876738","8.700956e-05","-0.00057010935","0.003326504","0.00012283615","0.0024395816","-0.002798829","-0.0001607432","0.0027648855","0.0029609804","-0.0010443438","0.0017620911","-0.00088586373","-0.0009047997","-0.00079564453","2.4461137e-08","0.0010531262","0.028242592","0.03517258","-0.011418279","-0.023639556","-0.12819138","-0.003655476","0.0032118745","0.0018818054","0.00081408414","0.0","0.0","0.0","0.0","0.0","0.0","0.0","0.0","0.0","0.0","-0.0024369073","0.0","0.0","0.0","0.0","0.0"
"Idiopathic REM Sleep Behavior Disorder","-0.22007634","-0.012736084","-0.030332055","-0.0119885225","-0.017566964","-0.012050644","-0.0032349413","0.008790346","-0.005663294","0.003401166","-0.0016634933","0.0016024841","0.0030496456","-0.006093373","0.001336644","0.0013386973","0.0014833187","-0.0015655878","-0.0011191956","-0.0022812048","0.0032914274","-0.003769479","-0.0010876738","8.700956e-05","-0.00057010935","0.003326504","0.00012283615","0.0024395816","-0.002798829","-0.0001607432","0.0027648855","0.0029609804","-0.0010443438","0.0017620911","-0.00088586373","-0.0009047997","-0.00079564453","2.4461137e-08","0.0010531262","0.028242592","0.03517258","-0.011418279","-0.023639556","-0.12819138","-0.003655476","0.0032118745","0.0018818054","0.00081408414","0.0","0.0","0.0","0.0","0.0","0.0","0.0","0.0","0.0","0.0","-0.0024369073","0.0","0.0","0.0","0.0","0.0"
"Idiopathic central precocious puberty","-0.22007634","-0.012736084","-0.030332055","-0.0119885225","-0.017566964","-0.012050644","-0.0032349413","0.008790346","-0.005663294","0.003401166","-0.0016634933","0.0016024841","0.0030496456","-0.006093373","0.001336644","0.0013386973","0.0014833187","-0.0015655878","-0.0011191956","-0.0022812048","0.0032914274","-0.003769479","-0.0010876738","8.700956e-05","-0.00057010935","0.003326504","0.00012283615","0.0024395816","-0.002798829","-0.0001607432","0.0027648855","0.0029609804","-0.0010443438","0.0017620911","-0.00088586373","-0.0009047997","-0.00079564453","2.4461137e-08","0.0010531262","0.028242592","0.03517258","-0.011418279","-0.023639556","-0.12819138","-0.003655476","0.0032118745","0.0018818054","0.00081408414","0.0","0.0","0.0","0.0","0.0","0.0","0.0","0.0","0.0","0.0","-0.0024369073","0.0","0.0","0.0","0.0","0.0"
"Idiopathic focal epilepsy","-0.22007634","-0.012736084","-0.030332055","-0.0119885225","-0.017566964","-0.012050644","-0.0032349413","0.008790346","-0.005663294","0.003401166","-0.0016634933","0.0016024841","0.0030496456","-0.006093373","0.001336644","0.0013386973","0.0014833187","-0.0015655878","-0.0011191956","-0.0022812048","0.0032914274","-0.003769479","-0.0010876738","8.700956e-05","-0.00057010935","0.003326504","0.00012283615","0.0024395816","-0.002798829","-0.0001607432","0.0027648855","0.0029609804","-0.0010443438","0.0017620911","-0.00088586373","-0.0009047997","-0.00079564453","2.4461137e-08","0.0010531262","0.028242592","0.03517258","-0.011418279","-0.023639556","-0.12819138","-0.003655476","0.0032118745","0.0018818054","0.00081408414","0.0","0.0","0.0","0.0","0.0","0.0","0.0","0.0","0.0","0.0","-0.0024369073","0.0","0.0","0.0","0.0","0.0"
"Idiopathic infertility","-0.22007634","-0.012736084","-0.030332055","-0.0119885225","-0.017566964","-0.012050644","-0.0032349413","0.008790346","-0.005663294","0.003401166","-0.0016634933","0.0016024841","0.0030496456","-0.006093373","0.001336644","0.0013386973","0.0014833187","-0.0015655878","-0.0011191956","-0.0022812048","0.0032914274","-0.003769479","-0.0010876738","8.700956e-05","-0.00057010935","0.003326504","0.00012283615","0.0024395816","-0.002798829","-0.0001607432","0.0027648855","0.0029609804","-0.0010443438","0.0017620911","-0.00088586373","-0.0009047997","-0.00079564453","2.4461137e-08","0.0010531262","0.028242592","0.03517258","-0.011418279","-0.023639556","-0.12819138","-0.003655476","0.0032118745","0.0018818054","0.00081408414","0.0","0.0","0.0","0.0","0.0","0.0","0.0","0.0","0.0","0.0","-0.0024369073","0.0","0.0","0.0","0.0","0.0"
"Idiopathic nephrotic syndrome","-0.22007634","-0.012736084","-0.030332055","-0.0119885225","-0.017566964","-0.012050644","-0.0032349413","0.008790346","-0.005663294","0.003401166","-0.0016634933","0.0016024841","0.0030496456","-0.006093373","0.001336644","0.0013386973","0.0014833187","-0.0015655878","-0.0011191956","-0.0022812048","0.0032914274","-0.003769479","-0.0010876738","8.700956e-05","-0.00057010935","0.003326504","0.00012283615","0.0024395816","-0.002798829","-0.0001607432","0.0027648855","0.0029609804","-0.0010443438","0.0017620911","-0.00088586373","-0.0009047997","-0.00079564453","2.4461137e-08","0.0010531262","0.028242592","0.03517258","-0.011418279","-0.023639556","-0.12819138","-0.003655476","0.0032118745","0.0018818054","0.00081408414","0.0","0.0","0.0","0.0","0.0","0.0","0.0","0.0","0.0","0.0","-0.0024369073","0.0","0.0","0.0","0.0","0.0"
"IgE-mediated atopic diseases","-0.22007634","-0.012736084","-0.030332055","-0.0119885225","-0.017566964","-0.012050644","-0.0032349413","0.008790346","-0.005663294","0.003401166","-0.0016634933","0.0016024841","0.0030496456","-0.006093373","0.001336644","0.0013386973","0.0014833187","-0.0015655878","-0.0011191956","-0.0022812048","0.0032914274","-0.003769479","-0.0010876738","8.700956e-05","-0.00057010935","0.003326504","0.00012283615","0.0024395816","-0.002798829","-0.0001607432","0.0027648855","0.0029609804","-0.0010443438","0.0017620911","-0.00088586373","-0.0009047997","-0.00079564453","2.4461137e-08","0.0010531262","0.028242592","0.03517258","-0.011418279","-0.023639556","-0.12819138","-0.003655476","0.0032118745","0.0018818054","0.00081408414","0.0","0.0","0.0","0.0","0.0","0.0","0.0","0.0","0.0","0.0","-0.0024369073","0.0","0.0","0.0","0.0","0.0"
"Ileal Crohn's disease(CD)","4.6046205","-4.202643","-1.4661164","-0.632928","0.13698147","2.0352938","9.511247","-3.5696924","3.86713","1.8514932","5.624911","2.074672","4.3540936","-0.14249405","0.36549652","-0.46034533","-0.24887578","3.662344","-0.6771637","-4.5485883","-4.741772","-4.6690555","-5.6120524","4.7053375","13.748122","-2.0677817","-1.8327217","-10.763028","-4.670697","-9.720276","3.7530284","2.1767745","-2.0318103","0.08153979","0.96333337","0.40153703","0.17249048","-2.2187267e-05","1.0942249","-7.060351","-1.8381143","-6.601617","-2.025512","-2.8517835","-7.213927","1.9955243","-8.87042","0.80697256","0.0","0.0","0.0","0.0","0.0","0.0","0.0","0.0","0.0","0.0","9.967927","0.0","0.0","0.0","0.0","0.0"
"Inactive Crohn's Disease","-0.22007634","-0.012736084","-0.030332055","-0.0119885225","-0.017566964","-0.012050644","-0.0032349413","0.008790346","-0.005663294","0.003401166","-0.0016634933","0.0016024841","0.0030496456","-0.006093373","0.001336644","0.0013386973","0.0014833187","-0.0015655878","-0.0011191956","-0.0022812048","0.0032914274","-0.003769479","-0.0010876738","8.700956e-05","-0.00057010935","0.003326504","0.00012283615","0.0024395816","-0.002798829","-0.0001607432","0.0027648855","0.0029609804","-0.0010443438","0.0017620911","-0.00088586373","-0.0009047997","-0.00079564453","2.4461137e-08","0.0010531262","0.028242592","0.03517258","-0.011418279","-0.023639556","-0.12819138","-0.003655476","0.0032118745","0.0018818054","0.00081408414","0.0","0.0","0.0","0.0","0.0","0.0","0.0","0.0","0.0","0.0","-0.0024369073","0.0","0.0","0.0","0.0","0.0"
"Infant colic","-0.22007634","-0.012736084","-0.030332055","-0.0119885225","-0.017566964","-0.012050644","-0.0032349413","0.008790346","-0.005663294","0.003401166","-0.0016634933","0.0016024841","0.0030496456","-0.006093373","0.001336644","0.0013386973","0.0014833187","-0.0015655878","-0.0011191956","-0.0022812048","0.0032914274","-0.003769479","-0.0010876738","8.700956e-05","-0.00057010935","0.003326504","0.00012283615","0.0024395816","-0.002798829","-0.0001607432","0.0027648855","0.0029609804","-0.0010443438","0.0017620911","-0.00088586373","-0.0009047997","-0.00079564453","2.4461137e-08","0.0010531262","0.028242592","0.03517258","-0.011418279","-0.023639556","-0.12819138","-0.003655476","0.0032118745","0.0018818054","0.00081408414","0.0","0.0","0.0","0.0","0.0","0.0","0.0","0.0","0.0","0.0","-0.0024369073","0.0","0.0","0.0","0.0","0.0"
"Infantile eczema","-0.22007634","-0.012736084","-0.030332055","-0.0119885225","-0.017566964","-0.012050644","-0.0032349413","0.008790346","-0.005663294","0.003401166","-0.0016634933","0.0016024841","0.0030496456","-0.006093373","0.001336644","0.0013386973","0.0014833187","-0.0015655878","-0.0011191956","-0.0022812048","0.0032914274","-0.003769479","-0.0010876738","8.700956e-05","-0.00057010935","0.003326504","0.00012283615","0.0024395816","-0.002798829","-0.0001607432","0.0027648855","0.0029609804","-0.0010443438","0.0017620911","-0.00088586373","-0.0009047997","-0.00079564453","2.4461137e-08","0.0010531262","0.028242592","0.03517258","-0.011418279","-0.023639556","-0.12819138","-0.003655476","0.0032118745","0.0018818054","0.00081408414","0.0","0.0","0.0","0.0","0.0","0.0","0.0","0.0","0.0","0.0","-0.0024369073","0.0","0.0","0.0","0.0","0.0"
"Infectious colitis","5.4288983","-2.5793304","-2.359472","-0.66500634","-0.5558918","1.944971","5.8074017","4.1682725","-0.68537164","-1.068121","-0.7082277","-0.84497875","-3.667876","-1.9057025","-0.55329484","-2.145798","-2.2126453","3.46344","-0.7041165","-1.8311284","4.7342925","-1.7394409","-8.800785","-0.8890717","-7.2589574","1.0209186","0.66299164","5.468251","-6.9341044","0.8832739","16.183077","-8.963716","8.816248","0.9999596","2.310009","1.7799319","0.36159456","1.3401896e-05","-0.55701065","-3.7242117","-9.134169","2.1400898","7.4847226","11.497811","-3.8433437","4.1539216","2.5222256","-5.590739","0.0","0.0","0.0","0.0","0.0","0.0","0.0","0.0","0.0","0.0","-3.3814254","0.0","0.0","0.0","0.0","0.0"
"Infective colitis","-0.22007634","-0.012736084","-0.030332055","-0.0119885225","-0.017566964","-0.012050644","-0.0032349413","0.008790346","-0.005663294","0.003401166","-0.0016634933","0.0016024841","0.0030496456","-0.006093373","0.001336644","0.0013386973","0.0014833187","-0.0015655878","-0.0011191956","-0.0022812048","0.0032914274","-0.003769479","-0.0010876738","8.700956e-05","-0.00057010935","0.003326504","0.00012283615","0.0024395816","-0.002798829","-0.0001607432","0.0027648855","0.0029609804","-0.0010443438","0.0017620911","-0.00088586373","-0.0009047997","-0.00079564453","2.4461137e-08","0.0010531262","0.028242592","0.03517258","-0.011418279","-0.023639556","-0.12819138","-0.003655476","0.0032118745","0.0018818054","0.00081408414","0.0","0.0","0.0","0.0","0.0","0.0","0.0","0.0","0.0","0.0","-0.0024369073","0.0","0.0","0.0","0.0","0.0"
"Inflammation","-0.22007634","-0.012736084","-0.030332055","-0.0119885225","-0.017566964","-0.012050644","-0.0032349413","0.008790346","-0.005663294","0.003401166","-0.0016634933","0.0016024841","0.0030496456","-0.006093373","0.001336644","0.0013386973","0.0014833187","-0.0015655878","-0.0011191956","-0.0022812048","0.0032914274","-0.003769479","-0.0010876738","8.700956e-05","-0.00057010935","0.003326504","0.00012283615","0.0024395816","-0.002798829","-0.0001607432","0.0027648855","0.0029609804","-0.0010443438","0.0017620911","-0.00088586373","-0.0009047997","-0.00079564453","2.4461137e-08","0.0010531262","0.028242592","0.03517258","-0.011418279","-0.023639556","-0.12819138","-0.003655476","0.0032118745","0.0018818054","0.00081408414","0.0","0.0","0.0","0.0","0.0","0.0","0.0","0.0","0.0","0.0","-0.0024369073","0.0","0.0","0.0","0.0","0.0"
"Inflammatory Bowel Disease","-0.22007634","-0.012736084","-0.030332055","-0.0119885225","-0.017566964","-0.012050644","-0.0032349413","0.008790346","-0.005663294","0.003401166","-0.0016634933","0.0016024841","0.0030496456","-0.006093373","0.001336644","0.0013386973","0.0014833187","-0.0015655878","-0.0011191956","-0.0022812048","0.0032914274","-0.003769479","-0.0010876738","8.700956e-05","-0.00057010935","0.003326504","0.00012283615","0.0024395816","-0.002798829","-0.0001607432","0.0027648855","0.0029609804","-0.0010443438","0.0017620911","-0.00088586373","-0.0009047997","-0.00079564453","2.4461137e-08","0.0010531262","0.028242592","0.03517258","-0.011418279","-0.023639556","-0.12819138","-0.003655476","0.0032118745","0.0018818054","0.00081408414","0.0","0.0","0.0","0.0","0.0","0.0","0.0","0.0","0.0","0.0","-0.0024369073","0.0","0.0","0.0","0.0","0.0"
"Inflammatory Bowel Diseases","-0.22007634","-0.012736084","-0.030332055","-0.0119885225","-0.017566964","-0.012050644","-0.0032349413","0.008790346","-0.005663294","0.003401166","-0.0016634933","0.0016024841","0.0030496456","-0.006093373","0.001336644","0.0013386973","0.0014833187","-0.0015655878","-0.0011191956","-0.0022812048","0.0032914274","-0.003769479","-0.0010876738","8.700956e-05","-0.00057010935","0.003326504","0.00012283615","0.0024395816","-0.002798829","-0.0001607432","0.0027648855","0.0029609804","-0.0010443438","0.0017620911","-0.00088586373","-0.0009047997","-0.00079564453","2.4461137e-08","0.0010531262","0.028242592","0.03517258","-0.011418279","-0.023639556","-0.12819138","-0.003655476","0.0032118745","0.0018818054","0.00081408414","0.0","0.0","0.0","0.0","0.0","0.0","0.0","0.0","0.0","0.0","-0.0024369073","0.0","0.0","0.0","0.0","0.0"
"Inflammatory bowel disease","-0.22007634","-0.012736084","-0.030332055","-0.0119885225","-0.017566964","-0.012050644","-0.0032349413","0.008790346","-0.005663294","0.003401166","-0.0016634933","0.0016024841","0.0030496456","-0.006093373","0.001336644","0.0013386973","0.0014833187","-0.0015655878","-0.0011191956","-0.0022812048","0.0032914274","-0.003769479","-0.0010876738","8.700956e-05","-0.00057010935","0.003326504","0.00012283615","0.0024395816","-0.002798829","-0.0001607432","0.0027648855","0.0029609804","-0.0010443438","0.0017620911","-0.00088586373","-0.0009047997","-0.00079564453","2.4461137e-08","0.0010531262","0.028242592","0.03517258","-0.011418279","-0.023639556","-0.12819138","-0.003655476","0.0032118745","0.0018818054","0.00081408414","0.0","0.0","0.0","0.0","0.0","0.0","0.0","0.0","0.0","0.0","-0.0024369073","0.0","0.0","0.0","0.0","0.0"
"Inflammatory bowel disease(IBD)","5.035982","-3.6721232","-2.1231956","-0.3124336","-1.2058352","-0.18407276","4.2516394","-2.3574793","-1.1646485","-4.986817","4.917001","-0.066547655","0.9961864","-4.241507","2.7371187","-0.6738762","3.5745234","7.243312","-0.90249145","-7.1695747","-1.2593198","-1.9084485","-3.7323453","-7.334705","-11.523609","-1.8134434","7.706884","3.2407749","6.7186437","-10.481798","-9.96616","1.3618622","-0.058231216","-0.032626625","-1.6811805","-2.4601455","0.61448354","-5.775657e-05","-1.2151649","-2.4269412","1.0897336","3.165559","6.5599236","-1.9339417","10.742223","-7.008946","5.5407352","0.53193885","0.0","0.0","0.0","0.0","0.0","0.0","0.0","0.0","0.0","0.0","-5.129112","0.0","0.0","0.0","0.0","0.0"
"Inflammatory bowel diseases","-0.22007634","-0.012736084","-0.030332055","-0.0119885225","-0.017566964","-0.012050644","-0.0032349413","0.008790346","-0.005663294","0.003401166","-0.0016634933","0.0016024841","0.0030496456","-0.006093373","0.001336644","0.0013386973","0.0014833187","-0.0015655878","-0.0011191956","-0.0022812048","0.0032914274","-0.003769479","-0.0010876738","8.700956e-05","-0.00057010935","0.003326504","0.00012283615","0.0024395816","-0.002798829","-0.0001607432","0.0027648855","0.0029609804","-0.0010443438","0.0017620911","-0.00088586373","-0.0009047997","-0.00079564453","2.4461137e-08","0.0010531262","0.028242592","0.03517258","-0.011418279","-0.023639556","-0.12819138","-0.003655476","0.0032118745","0.0018818054","0.00081408414","0.0","0.0","0.0","0.0","0.0","0.0","0.0","0.0","0.0","0.0","-0.0024369073","0.0","0.0","0.0","0.0","0.0"
"Influenza A","-0.22007634","-0.012736084","-0.030332055","-0.0119885225","-0.017566964","-0.012050644","-0.0032349413","0.008790346","-0.005663294","0.003401166","-0.0016634933","0.0016024841","0.0030496456","-0.006093373","0.001336644","0.0013386973","0.0014833187","-0.0015655878","-0.0011191956","-0.0022812048","0.0032914274","-0.003769479","-0.0010876738","8.700956e-05","-0.00057010935","0.003326504","0.00012283615","0.0024395816","-0.002798829","-0.0001607432","0.0027648855","0.0029609804","-0.0010443438","0.0017620911","-0.00088586373","-0.0009047997","-0.00079564453","2.4461137e-08","0.0010531262","0.028242592","0.03517258","-0.011418279","-0.023639556","-0.12819138","-0.003655476","0.0032118745","0.0018818054","0.00081408414","0.0","0.0","0.0","0.0","0.0","0.0","0.0","0.0","0.0","0.0","-0.0024369073","0.0","0.0","0.0","0.0","0.0"
"Interstitial cystitis","-0.22007634","-0.012736084","-0.030332055","-0.0119885225","-0.017566964","-0.012050644","-0.0032349413","0.008790346","-0.005663294","0.003401166","-0.0016634933","0.0016024841","0.0030496456","-0.006093373","0.001336644","0.0013386973","0.0014833187","-0.0015655878","-0.0011191956","-0.0022812048","0.0032914274","-0.003769479","-0.0010876738","8.700956e-05","-0.00057010935","0.003326504","0.00012283615","0.0024395816","-0.002798829","-0.0001607432","0.0027648855","0.0029609804","-0.0010443438","0.0017620911","-0.00088586373","-0.0009047997","-0.00079564453","2.4461137e-08","0.0010531262","0.028242592","0.03517258","-0.011418279","-0.023639556","-0.12819138","-0.003655476","0.0032118745","0.0018818054","0.00081408414","0.0","0.0","0.0","0.0","0.0","0.0","0.0","0.0","0.0","0.0","-0.0024369073","0.0","0.0","0.0","0.0","0.0"
"Intestinal metaplasia","-0.22007634","-0.012736084","-0.030332055","-0.0119885225","-0.017566964","-0.012050644","-0.0032349413","0.008790346","-0.005663294","0.003401166","-0.0016634933","0.0016024841","0.0030496456","-0.006093373","0.001336644","0.0013386973","0.0014833187","-0.0015655878","-0.0011191956","-0.0022812048","0.0032914274","-0.003769479","-0.0010876738","8.700956e-05","-0.00057010935","0.003326504","0.00012283615","0.0024395816","-0.002798829","-0.0001607432","0.0027648855","0.0029609804","-0.0010443438","0.0017620911","-0.00088586373","-0.0009047997","-0.00079564453","2.4461137e-08","0.0010531262","0.028242592","0.03517258","-0.011418279","-0.023639556","-0.12819138","-0.003655476","0.0032118745","0.0018818054","0.00081408414","0.0","0.0","0.0","0.0","0.0","0.0","0.0","0.0","0.0","0.0","-0.0024369073","0.0","0.0","0.0","0.0","0.0"
"Intrahepatic Cholangiocarcinoma","-0.22007634","-0.012736084","-0.030332055","-0.0119885225","-0.017566964","-0.012050644","-0.0032349413","0.008790346","-0.005663294","0.003401166","-0.0016634933","0.0016024841","0.0030496456","-0.006093373","0.001336644","0.0013386973","0.0014833187","-0.0015655878","-0.0011191956","-0.0022812048","0.0032914274","-0.003769479","-0.0010876738","8.700956e-05","-0.00057010935","0.003326504","0.00012283615","0.0024395816","-0.002798829","-0.0001607432","0.0027648855","0.0029609804","-0.0010443438","0.0017620911","-0.00088586373","-0.0009047997","-0.00079564453","2.4461137e-08","0.0010531262","0.028242592","0.03517258","-0.011418279","-0.023639556","-0.12819138","-0.003655476","0.0032118745","0.0018818054","0.00081408414","0.0","0.0","0.0","0.0","0.0","0.0","0.0","0.0","0.0","0.0","-0.0024369073","0.0","0.0","0.0","0.0","0.0"
"Invasive colorectal cancer","-0.22007634","-0.012736084","-0.030332055","-0.0119885225","-0.017566964","-0.012050644","-0.0032349413","0.008790346","-0.005663294","0.003401166","-0.0016634933","0.0016024841","0.0030496456","-0.006093373","0.001336644","0.0013386973","0.0014833187","-0.0015655878","-0.0011191956","-0.0022812048","0.0032914274","-0.003769479","-0.0010876738","8.700956e-05","-0.00057010935","0.003326504","0.00012283615","0.0024395816","-0.002798829","-0.0001607432","0.0027648855","0.0029609804","-0.0010443438","0.0017620911","-0.00088586373","-0.0009047997","-0.00079564453","2.4461137e-08","0.0010531262","0.028242592","0.03517258","-0.011418279","-0.023639556","-0.12819138","-0.003655476","0.0032118745","0.0018818054","0.00081408414","0.0","0.0","0.0","0.0","0.0","0.0","0.0","0.0","0.0","0.0","-0.0024369073","0.0","0.0","0.0","0.0","0.0"
"Invasive pneumococcal disease","-0.22007634","-0.012736084","-0.030332055","-0.0119885225","-0.017566964","-0.012050644","-0.0032349413","0.008790346","-0.005663294","0.003401166","-0.0016634933","0.0016024841","0.0030496456","-0.006093373","0.001336644","0.0013386973","0.0014833187","-0.0015655878","-0.0011191956","-0.0022812048","0.0032914274","-0.003769479","-0.0010876738","8.700956e-05","-0.00057010935","0.003326504","0.00012283615","0.0024395816","-0.002798829","-0.0001607432","0.0027648855","0.0029609804","-0.0010443438","0.0017620911","-0.00088586373","-0.0009047997","-0.00079564453","2.4461137e-08","0.0010531262","0.028242592","0.03517258","-0.011418279","-0.023639556","-0.12819138","-0.003655476","0.0032118745","0.0018818054","0.00081408414","0.0","0.0","0.0","0.0","0.0","0.0","0.0","0.0","0.0","0.0","-0.0024369073","0.0","0.0","0.0","0.0","0.0"
"Iron-deficiency anaemia","-0.22007634","-0.012736084","-0.030332055","-0.0119885225","-0.017566964","-0.012050644","-0.0032349413","0.008790346","-0.005663294","0.003401166","-0.0016634933","0.0016024841","0.0030496456","-0.006093373","0.001336644","0.0013386973","0.0014833187","-0.0015655878","-0.0011191956","-0.0022812048","0.0032914274","-0.003769479","-0.0010876738","8.700956e-05","-0.00057010935","0.003326504","0.00012283615","0.0024395816","-0.002798829","-0.0001607432","0.0027648855","0.0029609804","-0.0010443438","0.0017620911","-0.00088586373","-0.0009047997","-0.00079564453","2.4461137e-08","0.0010531262","0.028242592","0.03517258","-0.011418279","-0.023639556","-0.12819138","-0.003655476","0.0032118745","0.0018818054","0.00081408414","0.0","0.0","0.0","0.0","0.0","0.0","0.0","0.0","0.0","0.0","-0.0024369073","0.0","0.0","0.0","0.0","0.0"
"Irritable Bowel Syndrome","-0.22007634","-0.012736084","-0.030332055","-0.0119885225","-0.017566964","-0.012050644","-0.0032349413","0.008790346","-0.005663294","0.003401166","-0.0016634933","0.0016024841","0.0030496456","-0.006093373","0.001336644","0.0013386973","0.0014833187","-0.0015655878","-0.0011191956","-0.0022812048","0.0032914274","-0.003769479","-0.0010876738","8.700956e-05","-0.00057010935","0.003326504","0.00012283615","0.0024395816","-0.002798829","-0.0001607432","0.0027648855","0.0029609804","-0.0010443438","0.0017620911","-0.00088586373","-0.0009047997","-0.00079564453","2.4461137e-08","0.0010531262","0.028242592","0.03517258","-0.011418279","-0.023639556","-0.12819138","-0.003655476","0.0032118745","0.0018818054","0.00081408414","0.0","0.0","0.0","0.0","0.0","0.0","0.0","0.0","0.0","0.0","-0.0024369073","0.0","0.0","0.0","0.0","0.0"
"Irritable Bowel Syndrome with constipation","-0.22007634","-0.012736084","-0.030332055","-0.0119885225","-0.017566964","-0.012050644","-0.0032349413","0.008790346","-0.005663294","0.003401166","-0.0016634933","0.0016024841","0.0030496456","-0.006093373","0.001336644","0.0013386973","0.0014833187","-0.0015655878","-0.0011191956","-0.0022812048","0.0032914274","-0.003769479","-0.0010876738","8.700956e-05","-0.00057010935","0.003326504","0.00012283615","0.0024395816","-0.002798829","-0.0001607432","0.0027648855","0.0029609804","-0.0010443438","0.0017620911","-0.00088586373","-0.0009047997","-0.00079564453","2.4461137e-08","0.0010531262","0.028242592","0.03517258","-0.011418279","-0.023639556","-0.12819138","-0.003655476","0.0032118745","0.0018818054","0.00081408414","0.0","0.0","0.0","0.0","0.0","0.0","0.0","0.0","0.0","0.0","-0.0024369073","0.0","0.0","0.0","0.0","0.0"
"Irritable Bowel Syndrome with diarrhea","-0.22007634","-0.012736084","-0.030332055","-0.0119885225","-0.017566964","-0.012050644","-0.0032349413","0.008790346","-0.005663294","0.003401166","-0.0016634933","0.0016024841","0.0030496456","-0.006093373","0.001336644","0.0013386973","0.0014833187","-0.0015655878","-0.0011191956","-0.0022812048","0.0032914274","-0.003769479","-0.0010876738","8.700956e-05","-0.00057010935","0.003326504","0.00012283615","0.0024395816","-0.002798829","-0.0001607432","0.0027648855","0.0029609804","-0.0010443438","0.0017620911","-0.00088586373","-0.0009047997","-0.00079564453","2.4461137e-08","0.0010531262","0.028242592","0.03517258","-0.011418279","-0.023639556","-0.12819138","-0.003655476","0.0032118745","0.0018818054","0.00081408414","0.0","0.0","0.0","0.0","0.0","0.0","0.0","0.0","0.0","0.0","-0.0024369073","0.0","0.0","0.0","0.0","0.0"
"Irritable bowel syndrome","-0.22007634","-0.012736084","-0.030332055","-0.0119885225","-0.017566964","-0.012050644","-0.0032349413","0.008790346","-0.005663294","0.003401166","-0.0016634933","0.0016024841","0.0030496456","-0.006093373","0.001336644","0.0013386973","0.0014833187","-0.0015655878","-0.0011191956","-0.0022812048","0.0032914274","-0.003769479","-0.0010876738","8.700956e-05","-0.00057010935","0.003326504","0.00012283615","0.0024395816","-0.002798829","-0.0001607432","0.0027648855","0.0029609804","-0.0010443438","0.0017620911","-0.00088586373","-0.0009047997","-0.00079564453","2.4461137e-08","0.0010531262","0.028242592","0.03517258","-0.011418279","-0.023639556","-0.12819138","-0.003655476","0.0032118745","0.0018818054","0.00081408414","0.0","0.0","0.0","0.0","0.0","0.0","0.0","0.0","0.0","0.0","-0.0024369073","0.0","0.0","0.0","0.0","0.0"
"Irritable bowel syndrome (IBS)","2.8004282","-3.9342127","0.4219756","0.020883495","26.263952","-3.1936512","-5.289391","1.7479421","-1.1295717","-1.9389743","3.5155427","0.114703864","0.5862189","3.0653574","1.6931138","-1.9181013","1.2745484","1.9029464","-3.338528","0.22893012","1.2623917","-0.35652578","-0.68661356","0.62462354","0.62255335","0.682819","0.022089753","0.33127323","-0.110777564","0.03860625","0.26548383","-0.07630311","0.3260474","0.048951656","-0.37562194","-0.243924","-0.10892162","-3.4931145e-06","-0.0843893","-1.3735365","-3.2482507","4.2081647","-1.2899915","3.8444257","-0.68175185","0.27700603","-0.8252074","-0.4405043","0.0","0.0","0.0","0.0","0.0","0.0","0.0","0.0","0.0","0.0","0.76019186","0.0","0.0","0.0","0.0","0.0"
"Irritable bowel syndrome(IBS)","-0.22007634","-0.012736084","-0.030332055","-0.0119885225","-0.017566964","-0.012050644","-0.0032349413","0.008790346","-0.005663294","0.003401166","-0.0016634933","0.0016024841","0.0030496456","-0.006093373","0.001336644","0.0013386973","0.0014833187","-0.0015655878","-0.0011191956","-0.0022812048","0.0032914274","-0.003769479","-0.0010876738","8.700956e-05","-0.00057010935","0.003326504","0.00012283615","0.0024395816","-0.002798829","-0.0001607432","0.0027648855","0.0029609804","-0.0010443438","0.0017620911","-0.00088586373","-0.0009047997","-0.00079564453","2.4461137e-08","0.0010531262","0.028242592","0.03517258","-0.011418279","-0.023639556","-0.12819138","-0.003655476","0.0032118745","0.0018818054","0.00081408414","0.0","0.0","0.0","0.0","0.0","0.0","0.0","0.0","0.0","0.0","-0.0024369073","0.0","0.0","0.0","0.0","0.0"
"Ischemic stroke","-0.22007634","-0.012736084","-0.030332055","-0.0119885225","-0.017566964","-0.012050644","-0.0032349413","0.008790346","-0.005663294","0.003401166","-0.0016634933","0.0016024841","0.0030496456","-0.006093373","0.001336644","0.0013386973","0.0014833187","-0.0015655878","-0.0011191956","-0.0022812048","0.0032914274","-0.003769479","-0.0010876738","8.700956e-05","-0.00057010935","0.003326504","0.00012283615","0.0024395816","-0.002798829","-0.0001607432","0.0027648855","0.0029609804","-0.0010443438","0.0017620911","-0.00088586373","-0.0009047997","-0.00079564453","2.4461137e-08","0.0010531262","0.028242592","0.03517258","-0.011418279","-0.023639556","-0.12819138","-0.003655476","0.0032118745","0.0018818054","0.00081408414","0.0","0.0","0.0","0.0","0.0","0.0","0.0","0.0","0.0","0.0","-0.0024369073","0.0","0.0","0.0","0.0","0.0"
"Juvenile Idiopathic Arthritis","-0.22007634","-0.012736084","-0.030332055","-0.0119885225","-0.017566964","-0.012050644","-0.0032349413","0.008790346","-0.005663294","0.003401166","-0.0016634933","0.0016024841","0.0030496456","-0.006093373","0.001336644","0.0013386973","0.0014833187","-0.0015655878","-0.0011191956","-0.0022812048","0.0032914274","-0.003769479","-0.0010876738","8.700956e-05","-0.00057010935","0.003326504","0.00012283615","0.0024395816","-0.002798829","-0.0001607432","0.0027648855","0.0029609804","-0.0010443438","0.0017620911","-0.00088586373","-0.0009047997","-0.00079564453","2.4461137e-08","0.0010531262","0.028242592","0.03517258","-0.011418279","-0.023639556","-0.12819138","-0.003655476","0.0032118745","0.0018818054","0.00081408414","0.0","0.0","0.0","0.0","0.0","0.0","0.0","0.0","0.0","0.0","-0.0024369073","0.0","0.0","0.0","0.0","0.0"
"Juvenile idiopathic arthritis","-0.22007634","-0.012736084","-0.030332055","-0.0119885225","-0.017566964","-0.012050644","-0.0032349413","0.008790346","-0.005663294","0.003401166","-0.0016634933","0.0016024841","0.0030496456","-0.006093373","0.001336644","0.0013386973","0.0014833187","-0.0015655878","-0.0011191956","-0.0022812048","0.0032914274","-0.003769479","-0.0010876738","8.700956e-05","-0.00057010935","0.003326504","0.00012283615","0.0024395816","-0.002798829","-0.0001607432","0.0027648855","0.0029609804","-0.0010443438","0.0017620911","-0.00088586373","-0.0009047997","-0.00079564453","2.4461137e-08","0.0010531262","0.028242592","0.03517258","-0.011418279","-0.023639556","-0.12819138","-0.003655476","0.0032118745","0.0018818054","0.00081408414","0.0","0.0","0.0","0.0","0.0","0.0","0.0","0.0","0.0","0.0","-0.0024369073","0.0","0.0","0.0","0.0","0.0"
"Kaposi's sarcoma","-0.22007634","-0.012736084","-0.030332055","-0.0119885225","-0.017566964","-0.012050644","-0.0032349413","0.008790346","-0.005663294","0.003401166","-0.0016634933","0.0016024841","0.0030496456","-0.006093373","0.001336644","0.0013386973","0.0014833187","-0.0015655878","-0.0011191956","-0.0022812048","0.0032914274","-0.003769479","-0.0010876738","8.700956e-05","-0.00057010935","0.003326504","0.00012283615","0.0024395816","-0.002798829","-0.0001607432","0.0027648855","0.0029609804","-0.0010443438","0.0017620911","-0.00088586373","-0.0009047997","-0.00079564453","2.4461137e-08","0.0010531262","0.028242592","0.03517258","-0.011418279","-0.023639556","-0.12819138","-0.003655476","0.0032118745","0.0018818054","0.00081408414","0.0","0.0","0.0","0.0","0.0","0.0","0.0","0.0","0.0","0.0","-0.0024369073","0.0","0.0","0.0","0.0","0.0"
"Kawasaki disease","-0.22007634","-0.012736084","-0.030332055","-0.0119885225","-0.017566964","-0.012050644","-0.0032349413","0.008790346","-0.005663294","0.003401166","-0.0016634933","0.0016024841","0.0030496456","-0.006093373","0.001336644","0.0013386973","0.0014833187","-0.0015655878","-0.0011191956","-0.0022812048","0.0032914274","-0.003769479","-0.0010876738","8.700956e-05","-0.00057010935","0.003326504","0.00012283615","0.0024395816","-0.002798829","-0.0001607432","0.0027648855","0.0029609804","-0.0010443438","0.0017620911","-0.00088586373","-0.0009047997","-0.00079564453","2.4461137e-08","0.0010531262","0.028242592","0.03517258","-0.011418279","-0.023639556","-0.12819138","-0.003655476","0.0032118745","0.0018818054","0.00081408414","0.0","0.0","0.0","0.0","0.0","0.0","0.0","0.0","0.0","0.0","-0.0024369073","0.0","0.0","0.0","0.0","0.0"
"Keratitis","-0.22007634","-0.012736084","-0.030332055","-0.0119885225","-0.017566964","-0.012050644","-0.0032349413","0.008790346","-0.005663294","0.003401166","-0.0016634933","0.0016024841","0.0030496456","-0.006093373","0.001336644","0.0013386973","0.0014833187","-0.0015655878","-0.0011191956","-0.0022812048","0.0032914274","-0.003769479","-0.0010876738","8.700956e-05","-0.00057010935","0.003326504","0.00012283615","0.0024395816","-0.002798829","-0.0001607432","0.0027648855","0.0029609804","-0.0010443438","0.0017620911","-0.00088586373","-0.0009047997","-0.00079564453","2.4461137e-08","0.0010531262","0.028242592","0.03517258","-0.011418279","-0.023639556","-0.12819138","-0.003655476","0.0032118745","0.0018818054","0.00081408414","0.0","0.0","0.0","0.0","0.0","0.0","0.0","0.0","0.0","0.0","-0.0024369073","0.0","0.0","0.0","0.0","0.0"
"Kidney stone","-0.22007634","-0.012736084","-0.030332055","-0.0119885225","-0.017566964","-0.012050644","-0.0032349413","0.008790346","-0.005663294","0.003401166","-0.0016634933","0.0016024841","0.0030496456","-0.006093373","0.001336644","0.0013386973","0.0014833187","-0.0015655878","-0.0011191956","-0.0022812048","0.0032914274","-0.003769479","-0.0010876738","8.700956e-05","-0.00057010935","0.003326504","0.00012283615","0.0024395816","-0.002798829","-0.0001607432","0.0027648855","0.0029609804","-0.0010443438","0.0017620911","-0.00088586373","-0.0009047997","-0.00079564453","2.4461137e-08","0.0010531262","0.028242592","0.03517258","-0.011418279","-0.023639556","-0.12819138","-0.003655476","0.0032118745","0.0018818054","0.00081408414","0.0","0.0","0.0","0.0","0.0","0.0","0.0","0.0","0.0","0.0","-0.0024369073","0.0","0.0","0.0","0.0","0.0"
"Kidney stone with hypertension","-0.22007634","-0.012736084","-0.030332055","-0.0119885225","-0.017566964","-0.012050644","-0.0032349413","0.008790346","-0.005663294","0.003401166","-0.0016634933","0.0016024841","0.0030496456","-0.006093373","0.001336644","0.0013386973","0.0014833187","-0.0015655878","-0.0011191956","-0.0022812048","0.0032914274","-0.003769479","-0.0010876738","8.700956e-05","-0.00057010935","0.003326504","0.00012283615","0.0024395816","-0.002798829","-0.0001607432","0.0027648855","0.0029609804","-0.0010443438","0.0017620911","-0.00088586373","-0.0009047997","-0.00079564453","2.4461137e-08","0.0010531262","0.028242592","0.03517258","-0.011418279","-0.023639556","-0.12819138","-0.003655476","0.0032118745","0.0018818054","0.00081408414","0.0","0.0","0.0","0.0","0.0","0.0","0.0","0.0","0.0","0.0","-0.0024369073","0.0","0.0","0.0","0.0","0.0"
"Kidney stones","5.2606006","-1.339942","-0.9561875","-0.47431198","-1.4501252","0.27140814","-0.8249677","3.9748049","-1.0299127","3.0934727","-3.932879","0.6204592","-0.2794414","2.3631341","-1.8115458","2.1715693","4.341263","-3.4086654","-4.047144","-2.153294","16.219948","-11.392441","1.5542036","-0.9545599","3.8650186","-14.285533","-0.43700072","-2.0348392","5.1203923","1.5423039","-3.1835485","-2.0376554","0.69054383","1.7136433","0.2918999","1.5218605","0.4003289","4.584996e-05","-0.20514335","-4.028742","3.2717829","0.47960305","-3.3966637","5.8688445","9.446448","-16.0608","0.74651456","-18.446642","0.0","0.0","0.0","0.0","0.0","0.0","0.0","0.0","0.0","0.0","2.3895257","0.0","0.0","0.0","0.0","0.0"
"Kostmann syndrome","-0.22007634","-0.012736084","-0.030332055","-0.0119885225","-0.017566964","-0.012050644","-0.0032349413","0.008790346","-0.005663294","0.003401166","-0.0016634933","0.0016024841","0.0030496456","-0.006093373","0.001336644","0.0013386973","0.0014833187","-0.0015655878","-0.0011191956","-0.0022812048","0.0032914274","-0.003769479","-0.0010876738","8.700956e-05","-0.00057010935","0.003326504","0.00012283615","0.0024395816","-0.002798829","-0.0001607432","0.0027648855","0.0029609804","-0.0010443438","0.0017620911","-0.00088586373","-0.0009047997","-0.00079564453","2.4461137e-08","0.0010531262","0.028242592","0.03517258","-0.011418279","-0.023639556","-0.12819138","-0.003655476","0.0032118745","0.0018818054","0.00081408414","0.0","0.0","0.0","0.0","0.0","0.0","0.0","0.0","0.0","0.0","-0.0024369073","0.0","0.0","0.0","0.0","0.0"
"Laryngeal Squamous Cell Carcinoma","-0.22007634","-0.012736084","-0.030332055","-0.0119885225","-0.017566964","-0.012050644","-0.0032349413","0.008790346","-0.005663294","0.003401166","-0.0016634933","0.0016024841","0.0030496456","-0.006093373","0.001336644","0.0013386973","0.0014833187","-0.0015655878","-0.0011191956","-0.0022812048","0.0032914274","-0.003769479","-0.0010876738","8.700956e-05","-0.00057010935","0.003326504","0.00012283615","0.0024395816","-0.002798829","-0.0001607432","0.0027648855","0.0029609804","-0.0010443438","0.0017620911","-0.00088586373","-0.0009047997","-0.00079564453","2.4461137e-08","0.0010531262","0.028242592","0.03517258","-0.011418279","-0.023639556","-0.12819138","-0.003655476","0.0032118745","0.0018818054","0.00081408414","0.0","0.0","0.0","0.0","0.0","0.0","0.0","0.0","0.0","0.0","-0.0024369073","0.0","0.0","0.0","0.0","0.0"
"Laryngeal carcinoma","-0.22007634","-0.012736084","-0.030332055","-0.0119885225","-0.017566964","-0.012050644","-0.0032349413","0.008790346","-0.005663294","0.003401166","-0.0016634933","0.0016024841","0.0030496456","-0.006093373","0.001336644","0.0013386973","0.0014833187","-0.0015655878","-0.0011191956","-0.0022812048","0.0032914274","-0.003769479","-0.0010876738","8.700956e-05","-0.00057010935","0.003326504","0.00012283615","0.0024395816","-0.002798829","-0.0001607432","0.0027648855","0.0029609804","-0.0010443438","0.0017620911","-0.00088586373","-0.0009047997","-0.00079564453","2.4461137e-08","0.0010531262","0.028242592","0.03517258","-0.011418279","-0.023639556","-0.12819138","-0.003655476","0.0032118745","0.0018818054","0.00081408414","0.0","0.0","0.0","0.0","0.0","0.0","0.0","0.0","0.0","0.0","-0.0024369073","0.0","0.0","0.0","0.0","0.0"
"Laryngotracheal stenosis","-0.22007634","-0.012736084","-0.030332055","-0.0119885225","-0.017566964","-0.012050644","-0.0032349413","0.008790346","-0.005663294","0.003401166","-0.0016634933","0.0016024841","0.0030496456","-0.006093373","0.001336644","0.0013386973","0.0014833187","-0.0015655878","-0.0011191956","-0.0022812048","0.0032914274","-0.003769479","-0.0010876738","8.700956e-05","-0.00057010935","0.003326504","0.00012283615","0.0024395816","-0.002798829","-0.0001607432","0.0027648855","0.0029609804","-0.0010443438","0.0017620911","-0.00088586373","-0.0009047997","-0.00079564453","2.4461137e-08","0.0010531262","0.028242592","0.03517258","-0.011418279","-0.023639556","-0.12819138","-0.003655476","0.0032118745","0.0018818054","0.00081408414","0.0","0.0","0.0","0.0","0.0","0.0","0.0","0.0","0.0","0.0","-0.0024369073","0.0","0.0","0.0","0.0","0.0"
"Late onset sepsis","-0.22007634","-0.012736084","-0.030332055","-0.0119885225","-0.017566964","-0.012050644","-0.0032349413","0.008790346","-0.005663294","0.003401166","-0.0016634933","0.0016024841","0.0030496456","-0.006093373","0.001336644","0.0013386973","0.0014833187","-0.0015655878","-0.0011191956","-0.0022812048","0.0032914274","-0.003769479","-0.0010876738","8.700956e-05","-0.00057010935","0.003326504","0.00012283615","0.0024395816","-0.002798829","-0.0001607432","0.0027648855","0.0029609804","-0.0010443438","0.0017620911","-0.00088586373","-0.0009047997","-0.00079564453","2.4461137e-08","0.0010531262","0.028242592","0.03517258","-0.011418279","-0.023639556","-0.12819138","-0.003655476","0.0032118745","0.0018818054","0.00081408414","0.0","0.0","0.0","0.0","0.0","0.0","0.0","0.0","0.0","0.0","-0.0024369073","0.0","0.0","0.0","0.0","0.0"
"Late-onset Sepsis","-0.22007634","-0.012736084","-0.030332055","-0.0119885225","-0.017566964","-0.012050644","-0.0032349413","0.008790346","-0.005663294","0.003401166","-0.0016634933","0.0016024841","0.0030496456","-0.006093373","0.001336644","0.0013386973","0.0014833187","-0.0015655878","-0.0011191956","-0.0022812048","0.0032914274","-0.003769479","-0.0010876738","8.700956e-05","-0.00057010935","0.003326504","0.00012283615","0.0024395816","-0.002798829","-0.0001607432","0.0027648855","0.0029609804","-0.0010443438","0.0017620911","-0.00088586373","-0.0009047997","-0.00079564453","2.4461137e-08","0.0010531262","0.028242592","0.03517258","-0.011418279","-0.023639556","-0.12819138","-0.003655476","0.0032118745","0.0018818054","0.00081408414","0.0","0.0","0.0","0.0","0.0","0.0","0.0","0.0","0.0","0.0","-0.0024369073","0.0","0.0","0.0","0.0","0.0"
"Listeria monocytogenes infection","-0.22007634","-0.012736084","-0.030332055","-0.0119885225","-0.017566964","-0.012050644","-0.0032349413","0.008790346","-0.005663294","0.003401166","-0.0016634933","0.0016024841","0.0030496456","-0.006093373","0.001336644","0.0013386973","0.0014833187","-0.0015655878","-0.0011191956","-0.0022812048","0.0032914274","-0.003769479","-0.0010876738","8.700956e-05","-0.00057010935","0.003326504","0.00012283615","0.0024395816","-0.002798829","-0.0001607432","0.0027648855","0.0029609804","-0.0010443438","0.0017620911","-0.00088586373","-0.0009047997","-0.00079564453","2.4461137e-08","0.0010531262","0.028242592","0.03517258","-0.011418279","-0.023639556","-0.12819138","-0.003655476","0.0032118745","0.0018818054","0.00081408414","0.0","0.0","0.0","0.0","0.0","0.0","0.0","0.0","0.0","0.0","-0.0024369073","0.0","0.0","0.0","0.0","0.0"
"Liver cirrhosis","2.0946615","-2.1628623","10.958135","24.899414","-0.7206184","-2.164978","1.8530849","3.827899","-1.0186344","3.1192675","2.1997616","-1.3033351","0.89597744","-2.3807988","-0.08824852","1.128472","-1.8656191","0.5170997","-0.41092408","0.90872943","0.34361804","0.5544407","-0.8421993","-1.7842852","0.6996709","-0.110187605","-0.37345934","0.57582724","0.6601492","-0.3878337","0.06992004","0.4755313","0.13024783","0.093613714","0.008673798","0.19688672","-0.17939529","1.3679739e-05","0.16835545","0.6521336","-3.3022676","3.018715","-0.2664211","-2.2529974","-0.3768201","-0.21619649","-1.2626327","-0.5992301","0.0","0.0","0.0","0.0","0.0","0.0","0.0","0.0","0.0","0.0","1.1657591","0.0","0.0","0.0","0.0","0.0"
"Liver fibrosis","-0.22007634","-0.012736084","-0.030332055","-0.0119885225","-0.017566964","-0.012050644","-0.0032349413","0.008790346","-0.005663294","0.003401166","-0.0016634933","0.0016024841","0.0030496456","-0.006093373","0.001336644","0.0013386973","0.0014833187","-0.0015655878","-0.0011191956","-0.0022812048","0.0032914274","-0.003769479","-0.0010876738","8.700956e-05","-0.00057010935","0.003326504","0.00012283615","0.0024395816","-0.002798829","-0.0001607432","0.0027648855","0.0029609804","-0.0010443438","0.0017620911","-0.00088586373","-0.0009047997","-0.00079564453","2.4461137e-08","0.0010531262","0.028242592","0.03517258","-0.011418279","-0.023639556","-0.12819138","-0.003655476","0.0032118745","0.0018818054","0.00081408414","0.0","0.0","0.0","0.0","0.0","0.0","0.0","0.0","0.0","0.0","-0.0024369073","0.0","0.0","0.0","0.0","0.0"
"Liver transplant","-0.22007634","-0.012736084","-0.030332055","-0.0119885225","-0.017566964","-0.012050644","-0.0032349413","0.008790346","-0.005663294","0.003401166","-0.0016634933","0.0016024841","0.0030496456","-0.006093373","0.001336644","0.0013386973","0.0014833187","-0.0015655878","-0.0011191956","-0.0022812048","0.0032914274","-0.003769479","-0.0010876738","8.700956e-05","-0.00057010935","0.003326504","0.00012283615","0.0024395816","-0.002798829","-0.0001607432","0.0027648855","0.0029609804","-0.0010443438","0.0017620911","-0.00088586373","-0.0009047997","-0.00079564453","2.4461137e-08","0.0010531262","0.028242592","0.03517258","-0.011418279","-0.023639556","-0.12819138","-0.003655476","0.0032118745","0.0018818054","0.00081408414","0.0","0.0","0.0","0.0","0.0","0.0","0.0","0.0","0.0","0.0","-0.0024369073","0.0","0.0","0.0","0.0","0.0"
"Lower respiratory tract infection","-0.22007634","-0.012736084","-0.030332055","-0.0119885225","-0.017566964","-0.012050644","-0.0032349413","0.008790346","-0.005663294","0.003401166","-0.0016634933","0.0016024841","0.0030496456","-0.006093373","0.001336644","0.0013386973","0.0014833187","-0.0015655878","-0.0011191956","-0.0022812048","0.0032914274","-0.003769479","-0.0010876738","8.700956e-05","-0.00057010935","0.003326504","0.00012283615","0.0024395816","-0.002798829","-0.0001607432","0.0027648855","0.0029609804","-0.0010443438","0.0017620911","-0.00088586373","-0.0009047997","-0.00079564453","2.4461137e-08","0.0010531262","0.028242592","0.03517258","-0.011418279","-0.023639556","-0.12819138","-0.003655476","0.0032118745","0.0018818054","0.00081408414","0.0","0.0","0.0","0.0","0.0","0.0","0.0","0.0","0.0","0.0","-0.0024369073","0.0","0.0","0.0","0.0","0.0"
"Lung cancer","-0.22007634","-0.012736084","-0.030332055","-0.0119885225","-0.017566964","-0.012050644","-0.0032349413","0.008790346","-0.005663294","0.003401166","-0.0016634933","0.0016024841","0.0030496456","-0.006093373","0.001336644","0.0013386973","0.0014833187","-0.0015655878","-0.0011191956","-0.0022812048","0.0032914274","-0.003769479","-0.0010876738","8.700956e-05","-0.00057010935","0.003326504","0.00012283615","0.0024395816","-0.002798829","-0.0001607432","0.0027648855","0.0029609804","-0.0010443438","0.0017620911","-0.00088586373","-0.0009047997","-0.00079564453","2.4461137e-08","0.0010531262","0.028242592","0.03517258","-0.011418279","-0.023639556","-0.12819138","-0.003655476","0.0032118745","0.0018818054","0.00081408414","0.0","0.0","0.0","0.0","0.0","0.0","0.0","0.0","0.0","0.0","-0.0024369073","0.0","0.0","0.0","0.0","0.0"
"Macular degeneration","-0.22007634","-0.012736084","-0.030332055","-0.0119885225","-0.017566964","-0.012050644","-0.0032349413","0.008790346","-0.005663294","0.003401166","-0.0016634933","0.0016024841","0.0030496456","-0.006093373","0.001336644","0.0013386973","0.0014833187","-0.0015655878","-0.0011191956","-0.0022812048","0.0032914274","-0.003769479","-0.0010876738","8.700956e-05","-0.00057010935","0.003326504","0.00012283615","0.0024395816","-0.002798829","-0.0001607432","0.0027648855","0.0029609804","-0.0010443438","0.0017620911","-0.00088586373","-0.0009047997","-0.00079564453","2.4461137e-08","0.0010531262","0.028242592","0.03517258","-0.011418279","-0.023639556","-0.12819138","-0.003655476","0.0032118745","0.0018818054","0.00081408414","0.0","0.0","0.0","0.0","0.0","0.0","0.0","0.0","0.0","0.0","-0.0024369073","0.0","0.0","0.0","0.0","0.0"
"Major depressive disorder","-0.22007634","-0.012736084","-0.030332055","-0.0119885225","-0.017566964","-0.012050644","-0.0032349413","0.008790346","-0.005663294","0.003401166","-0.0016634933","0.0016024841","0.0030496456","-0.006093373","0.001336644","0.0013386973","0.0014833187","-0.0015655878","-0.0011191956","-0.0022812048","0.0032914274","-0.003769479","-0.0010876738","8.700956e-05","-0.00057010935","0.003326504","0.00012283615","0.0024395816","-0.002798829","-0.0001607432","0.0027648855","0.0029609804","-0.0010443438","0.0017620911","-0.00088586373","-0.0009047997","-0.00079564453","2.4461137e-08","0.0010531262","0.028242592","0.03517258","-0.011418279","-0.023639556","-0.12819138","-0.003655476","0.0032118745","0.0018818054","0.00081408414","0.0","0.0","0.0","0.0","0.0","0.0","0.0","0.0","0.0","0.0","-0.0024369073","0.0","0.0","0.0","0.0","0.0"
"Maturity-onset diabetes of the young 2","-0.22007634","-0.012736084","-0.030332055","-0.0119885225","-0.017566964","-0.012050644","-0.0032349413","0.008790346","-0.005663294","0.003401166","-0.0016634933","0.0016024841","0.0030496456","-0.006093373","0.001336644","0.0013386973","0.0014833187","-0.0015655878","-0.0011191956","-0.0022812048","0.0032914274","-0.003769479","-0.0010876738","8.700956e-05","-0.00057010935","0.003326504","0.00012283615","0.0024395816","-0.002798829","-0.0001607432","0.0027648855","0.0029609804","-0.0010443438","0.0017620911","-0.00088586373","-0.0009047997","-0.00079564453","2.4461137e-08","0.0010531262","0.028242592","0.03517258","-0.011418279","-0.023639556","-0.12819138","-0.003655476","0.0032118745","0.0018818054","0.00081408414","0.0","0.0","0.0","0.0","0.0","0.0","0.0","0.0","0.0","0.0","-0.0024369073","0.0","0.0","0.0","0.0","0.0"
"Megaesophagus","-0.22007634","-0.012736084","-0.030332055","-0.0119885225","-0.017566964","-0.012050644","-0.0032349413","0.008790346","-0.005663294","0.003401166","-0.0016634933","0.0016024841","0.0030496456","-0.006093373","0.001336644","0.0013386973","0.0014833187","-0.0015655878","-0.0011191956","-0.0022812048","0.0032914274","-0.003769479","-0.0010876738","8.700956e-05","-0.00057010935","0.003326504","0.00012283615","0.0024395816","-0.002798829","-0.0001607432","0.0027648855","0.0029609804","-0.0010443438","0.0017620911","-0.00088586373","-0.0009047997","-0.00079564453","2.4461137e-08","0.0010531262","0.028242592","0.03517258","-0.011418279","-0.023639556","-0.12819138","-0.003655476","0.0032118745","0.0018818054","0.00081408414","0.0","0.0","0.0","0.0","0.0","0.0","0.0","0.0","0.0","0.0","-0.0024369073","0.0","0.0","0.0","0.0","0.0"
"Meningococcal disease","-0.22007634","-0.012736084","-0.030332055","-0.0119885225","-0.017566964","-0.012050644","-0.0032349413","0.008790346","-0.005663294","0.003401166","-0.0016634933","0.0016024841","0.0030496456","-0.006093373","0.001336644","0.0013386973","0.0014833187","-0.0015655878","-0.0011191956","-0.0022812048","0.0032914274","-0.003769479","-0.0010876738","8.700956e-05","-0.00057010935","0.003326504","0.00012283615","0.0024395816","-0.002798829","-0.0001607432","0.0027648855","0.0029609804","-0.0010443438","0.0017620911","-0.00088586373","-0.0009047997","-0.00079564453","2.4461137e-08","0.0010531262","0.028242592","0.03517258","-0.011418279","-0.023639556","-0.12819138","-0.003655476","0.0032118745","0.0018818054","0.00081408414","0.0","0.0","0.0","0.0","0.0","0.0","0.0","0.0","0.0","0.0","-0.0024369073","0.0","0.0","0.0","0.0","0.0"
"Metabolic syndrome","-0.22007634","-0.012736084","-0.030332055","-0.0119885225","-0.017566964","-0.012050644","-0.0032349413","0.008790346","-0.005663294","0.003401166","-0.0016634933","0.0016024841","0.0030496456","-0.006093373","0.001336644","0.0013386973","0.0014833187","-0.0015655878","-0.0011191956","-0.0022812048","0.0032914274","-0.003769479","-0.0010876738","8.700956e-05","-0.00057010935","0.003326504","0.00012283615","0.0024395816","-0.002798829","-0.0001607432","0.0027648855","0.0029609804","-0.0010443438","0.0017620911","-0.00088586373","-0.0009047997","-0.00079564453","2.4461137e-08","0.0010531262","0.028242592","0.03517258","-0.011418279","-0.023639556","-0.12819138","-0.003655476","0.0032118745","0.0018818054","0.00081408414","0.0","0.0","0.0","0.0","0.0","0.0","0.0","0.0","0.0","0.0","-0.0024369073","0.0","0.0","0.0","0.0","0.0"
"Microscopic colitis","-0.22007634","-0.012736084","-0.030332055","-0.0119885225","-0.017566964","-0.012050644","-0.0032349413","0.008790346","-0.005663294","0.003401166","-0.0016634933","0.0016024841","0.0030496456","-0.006093373","0.001336644","0.0013386973","0.0014833187","-0.0015655878","-0.0011191956","-0.0022812048","0.0032914274","-0.003769479","-0.0010876738","8.700956e-05","-0.00057010935","0.003326504","0.00012283615","0.0024395816","-0.002798829","-0.0001607432","0.0027648855","0.0029609804","-0.0010443438","0.0017620911","-0.00088586373","-0.0009047997","-0.00079564453","2.4461137e-08","0.0010531262","0.028242592","0.03517258","-0.011418279","-0.023639556","-0.12819138","-0.003655476","0.0032118745","0.0018818054","0.00081408414","0.0","0.0","0.0","0.0","0.0","0.0","0.0","0.0","0.0","0.0","-0.0024369073","0.0","0.0","0.0","0.0","0.0"
"Migraine","-0.22007634","-0.012736084","-0.030332055","-0.0119885225","-0.017566964","-0.012050644","-0.0032349413","0.008790346","-0.005663294","0.003401166","-0.0016634933","0.0016024841","0.0030496456","-0.006093373","0.001336644","0.0013386973","0.0014833187","-0.0015655878","-0.0011191956","-0.0022812048","0.0032914274","-0.003769479","-0.0010876738","8.700956e-05","-0.00057010935","0.003326504","0.00012283615","0.0024395816","-0.002798829","-0.0001607432","0.0027648855","0.0029609804","-0.0010443438","0.0017620911","-0.00088586373","-0.0009047997","-0.00079564453","2.4461137e-08","0.0010531262","0.028242592","0.03517258","-0.011418279","-0.023639556","-0.12819138","-0.003655476","0.0032118745","0.0018818054","0.00081408414","0.0","0.0","0.0","0.0","0.0","0.0","0.0","0.0","0.0","0.0","-0.0024369073","0.0","0.0","0.0","0.0","0.0"
"Mild cognitive impairment","-0.22007634","-0.012736084","-0.030332055","-0.0119885225","-0.017566964","-0.012050644","-0.0032349413","0.008790346","-0.005663294","0.003401166","-0.0016634933","0.0016024841","0.0030496456","-0.006093373","0.001336644","0.0013386973","0.0014833187","-0.0015655878","-0.0011191956","-0.0022812048","0.0032914274","-0.003769479","-0.0010876738","8.700956e-05","-0.00057010935","0.003326504","0.00012283615","0.0024395816","-0.002798829","-0.0001607432","0.0027648855","0.0029609804","-0.0010443438","0.0017620911","-0.00088586373","-0.0009047997","-0.00079564453","2.4461137e-08","0.0010531262","0.028242592","0.03517258","-0.011418279","-0.023639556","-0.12819138","-0.003655476","0.0032118745","0.0018818054","0.00081408414","0.0","0.0","0.0","0.0","0.0","0.0","0.0","0.0","0.0","0.0","-0.0024369073","0.0","0.0","0.0","0.0","0.0"
"Miscarriage","-0.22007634","-0.012736084","-0.030332055","-0.0119885225","-0.017566964","-0.012050644","-0.0032349413","0.008790346","-0.005663294","0.003401166","-0.0016634933","0.0016024841","0.0030496456","-0.006093373","0.001336644","0.0013386973","0.0014833187","-0.0015655878","-0.0011191956","-0.0022812048","0.0032914274","-0.003769479","-0.0010876738","8.700956e-05","-0.00057010935","0.003326504","0.00012283615","0.0024395816","-0.002798829","-0.0001607432","0.0027648855","0.0029609804","-0.0010443438","0.0017620911","-0.00088586373","-0.0009047997","-0.00079564453","2.4461137e-08","0.0010531262","0.028242592","0.03517258","-0.011418279","-0.023639556","-0.12819138","-0.003655476","0.0032118745","0.0018818054","0.00081408414","0.0","0.0","0.0","0.0","0.0","0.0","0.0","0.0","0.0","0.0","-0.0024369073","0.0","0.0","0.0","0.0","0.0"
"Mucosa-associated lymphoid tissue lymphoma","-0.22007634","-0.012736084","-0.030332055","-0.0119885225","-0.017566964","-0.012050644","-0.0032349413","0.008790346","-0.005663294","0.003401166","-0.0016634933","0.0016024841","0.0030496456","-0.006093373","0.001336644","0.0013386973","0.0014833187","-0.0015655878","-0.0011191956","-0.0022812048","0.0032914274","-0.003769479","-0.0010876738","8.700956e-05","-0.00057010935","0.003326504","0.00012283615","0.0024395816","-0.002798829","-0.0001607432","0.0027648855","0.0029609804","-0.0010443438","0.0017620911","-0.00088586373","-0.0009047997","-0.00079564453","2.4461137e-08","0.0010531262","0.028242592","0.03517258","-0.011418279","-0.023639556","-0.12819138","-0.003655476","0.0032118745","0.0018818054","0.00081408414","0.0","0.0","0.0","0.0","0.0","0.0","0.0","0.0","0.0","0.0","-0.0024369073","0.0","0.0","0.0","0.0","0.0"
"Multiple Sclerosis","-0.22007634","-0.012736084","-0.030332055","-0.0119885225","-0.017566964","-0.012050644","-0.0032349413","0.008790346","-0.005663294","0.003401166","-0.0016634933","0.0016024841","0.0030496456","-0.006093373","0.001336644","0.0013386973","0.0014833187","-0.0015655878","-0.0011191956","-0.0022812048","0.0032914274","-0.003769479","-0.0010876738","8.700956e-05","-0.00057010935","0.003326504","0.00012283615","0.0024395816","-0.002798829","-0.0001607432","0.0027648855","0.0029609804","-0.0010443438","0.0017620911","-0.00088586373","-0.0009047997","-0.00079564453","2.4461137e-08","0.0010531262","0.028242592","0.03517258","-0.011418279","-0.023639556","-0.12819138","-0.003655476","0.0032118745","0.0018818054","0.00081408414","0.0","0.0","0.0","0.0","0.0","0.0","0.0","0.0","0.0","0.0","-0.0024369073","0.0","0.0","0.0","0.0","0.0"
"Multiple system atrophy","-0.22007634","-0.012736084","-0.030332055","-0.0119885225","-0.017566964","-0.012050644","-0.0032349413","0.008790346","-0.005663294","0.003401166","-0.0016634933","0.0016024841","0.0030496456","-0.006093373","0.001336644","0.0013386973","0.0014833187","-0.0015655878","-0.0011191956","-0.0022812048","0.0032914274","-0.003769479","-0.0010876738","8.700956e-05","-0.00057010935","0.003326504","0.00012283615","0.0024395816","-0.002798829","-0.0001607432","0.0027648855","0.0029609804","-0.0010443438","0.0017620911","-0.00088586373","-0.0009047997","-0.00079564453","2.4461137e-08","0.0010531262","0.028242592","0.03517258","-0.011418279","-0.023639556","-0.12819138","-0.003655476","0.0032118745","0.0018818054","0.00081408414","0.0","0.0","0.0","0.0","0.0","0.0","0.0","0.0","0.0","0.0","-0.0024369073","0.0","0.0","0.0","0.0","0.0"
"Myasthenia gravis","-0.22007634","-0.012736084","-0.030332055","-0.0119885225","-0.017566964","-0.012050644","-0.0032349413","0.008790346","-0.005663294","0.003401166","-0.0016634933","0.0016024841","0.0030496456","-0.006093373","0.001336644","0.0013386973","0.0014833187","-0.0015655878","-0.0011191956","-0.0022812048","0.0032914274","-0.003769479","-0.0010876738","8.700956e-05","-0.00057010935","0.003326504","0.00012283615","0.0024395816","-0.002798829","-0.0001607432","0.0027648855","0.0029609804","-0.0010443438","0.0017620911","-0.00088586373","-0.0009047997","-0.00079564453","2.4461137e-08","0.0010531262","0.028242592","0.03517258","-0.011418279","-0.023639556","-0.12819138","-0.003655476","0.0032118745","0.0018818054","0.00081408414","0.0","0.0","0.0","0.0","0.0","0.0","0.0","0.0","0.0","0.0","-0.0024369073","0.0","0.0","0.0","0.0","0.0"
"NAFLD","-0.22007634","-0.012736084","-0.030332055","-0.0119885225","-0.017566964","-0.012050644","-0.0032349413","0.008790346","-0.005663294","0.003401166","-0.0016634933","0.0016024841","0.0030496456","-0.006093373","0.001336644","0.0013386973","0.0014833187","-0.0015655878","-0.0011191956","-0.0022812048","0.0032914274","-0.003769479","-0.0010876738","8.700956e-05","-0.00057010935","0.003326504","0.00012283615","0.0024395816","-0.002798829","-0.0001607432","0.0027648855","0.0029609804","-0.0010443438","0.0017620911","-0.00088586373","-0.0009047997","-0.00079564453","2.4461137e-08","0.0010531262","0.028242592","0.03517258","-0.011418279","-0.023639556","-0.12819138","-0.003655476","0.0032118745","0.0018818054","0.00081408414","0.0","0.0","0.0","0.0","0.0","0.0","0.0","0.0","0.0","0.0","-0.0024369073","0.0","0.0","0.0","0.0","0.0"
"Nasolacrimal duct obstruction","-0.22007634","-0.012736084","-0.030332055","-0.0119885225","-0.017566964","-0.012050644","-0.0032349413","0.008790346","-0.005663294","0.003401166","-0.0016634933","0.0016024841","0.0030496456","-0.006093373","0.001336644","0.0013386973","0.0014833187","-0.0015655878","-0.0011191956","-0.0022812048","0.0032914274","-0.003769479","-0.0010876738","8.700956e-05","-0.00057010935","0.003326504","0.00012283615","0.0024395816","-0.002798829","-0.0001607432","0.0027648855","0.0029609804","-0.0010443438","0.0017620911","-0.00088586373","-0.0009047997","-0.00079564453","2.4461137e-08","0.0010531262","0.028242592","0.03517258","-0.011418279","-0.023639556","-0.12819138","-0.003655476","0.0032118745","0.0018818054","0.00081408414","0.0","0.0","0.0","0.0","0.0","0.0","0.0","0.0","0.0","0.0","-0.0024369073","0.0","0.0","0.0","0.0","0.0"
"Necrotizing Enterocolitis","3.1913784","-2.9113805","1.2736123","3.598386","0.5849989","6.2530985","-0.10792296","-7.706852","4.592506","-10.2743635","-10.638563","16.552511","-7.7137","2.4514258","1.596662","-2.4869974","-1.0750693","-1.0243914","-2.8624363","2.8827443","-0.97718394","3.4990404","-2.5599957","-4.203268","3.7455406","-1.2183548","-1.7028412","1.5626504","1.9833689","-0.21945962","-1.1602607","-0.008330946","1.3610809","0.87934035","-0.48227203","1.3483707","-0.304739","4.3428103e-05","1.1451386","1.5179836","-1.6156491","1.8006794","-2.2989495","3.0998054","-0.19104409","-1.1923892","-4.2590265","-1.6633639","0.0","0.0","0.0","0.0","0.0","0.0","0.0","0.0","0.0","0.0","4.19146","0.0","0.0","0.0","0.0","0.0"
"Necrotizing enterocolitis","-0.22007634","-0.012736084","-0.030332055","-0.0119885225","-0.017566964","-0.012050644","-0.0032349413","0.008790346","-0.005663294","0.003401166","-0.0016634933","0.0016024841","0.0030496456","-0.006093373","0.001336644","0.0013386973","0.0014833187","-0.0015655878","-0.0011191956","-0.0022812048","0.0032914274","-0.003769479","-0.0010876738","8.700956e-05","-0.00057010935","0.003326504","0.00012283615","0.0024395816","-0.002798829","-0.0001607432","0.0027648855","0.0029609804","-0.0010443438","0.0017620911","-0.00088586373","-0.0009047997","-0.00079564453","2.4461137e-08","0.0010531262","0.028242592","0.03517258","-0.011418279","-0.023639556","-0.12819138","-0.003655476","0.0032118745","0.0018818054","0.00081408414","0.0","0.0","0.0","0.0","0.0","0.0","0.0","0.0","0.0","0.0","-0.0024369073","0.0","0.0","0.0","0.0","0.0"
"Neisseria gonorrhoeae infection","-0.22007634","-0.012736084","-0.030332055","-0.0119885225","-0.017566964","-0.012050644","-0.0032349413","0.008790346","-0.005663294","0.003401166","-0.0016634933","0.0016024841","0.0030496456","-0.006093373","0.001336644","0.0013386973","0.0014833187","-0.0015655878","-0.0011191956","-0.0022812048","0.0032914274","-0.003769479","-0.0010876738","8.700956e-05","-0.00057010935","0.003326504","0.00012283615","0.0024395816","-0.002798829","-0.0001607432","0.0027648855","0.0029609804","-0.0010443438","0.0017620911","-0.00088586373","-0.0009047997","-0.00079564453","2.4461137e-08","0.0010531262","0.028242592","0.03517258","-0.011418279","-0.023639556","-0.12819138","-0.003655476","0.0032118745","0.0018818054","0.00081408414","0.0","0.0","0.0","0.0","0.0","0.0","0.0","0.0","0.0","0.0","-0.0024369073","0.0","0.0","0.0","0.0","0.0"
"Nephrolithiasis","-0.22007634","-0.012736084","-0.030332055","-0.0119885225","-0.017566964","-0.012050644","-0.0032349413","0.008790346","-0.005663294","0.003401166","-0.0016634933","0.0016024841","0.0030496456","-0.006093373","0.001336644","0.0013386973","0.0014833187","-0.0015655878","-0.0011191956","-0.0022812048","0.0032914274","-0.003769479","-0.0010876738","8.700956e-05","-0.00057010935","0.003326504","0.00012283615","0.0024395816","-0.002798829","-0.0001607432","0.0027648855","0.0029609804","-0.0010443438","0.0017620911","-0.00088586373","-0.0009047997","-0.00079564453","2.4461137e-08","0.0010531262","0.028242592","0.03517258","-0.011418279","-0.023639556","-0.12819138","-0.003655476","0.0032118745","0.0018818054","0.00081408414","0.0","0.0","0.0","0.0","0.0","0.0","0.0","0.0","0.0","0.0","-0.0024369073","0.0","0.0","0.0","0.0","0.0"
"Neuro-Behcet's disease","-0.22007634","-0.012736084","-0.030332055","-0.0119885225","-0.017566964","-0.012050644","-0.0032349413","0.008790346","-0.005663294","0.003401166","-0.0016634933","0.0016024841","0.0030496456","-0.006093373","0.001336644","0.0013386973","0.0014833187","-0.0015655878","-0.0011191956","-0.0022812048","0.0032914274","-0.003769479","-0.0010876738","8.700956e-05","-0.00057010935","0.003326504","0.00012283615","0.0024395816","-0.002798829","-0.0001607432","0.0027648855","0.0029609804","-0.0010443438","0.0017620911","-0.00088586373","-0.0009047997","-0.00079564453","2.4461137e-08","0.0010531262","0.028242592","0.03517258","-0.011418279","-0.023639556","-0.12819138","-0.003655476","0.0032118745","0.0018818054","0.00081408414","0.0","0.0","0.0","0.0","0.0","0.0","0.0","0.0","0.0","0.0","-0.0024369073","0.0","0.0","0.0","0.0","0.0"
"Neuromyelitis optica","-0.22007634","-0.012736084","-0.030332055","-0.0119885225","-0.017566964","-0.012050644","-0.0032349413","0.008790346","-0.005663294","0.003401166","-0.0016634933","0.0016024841","0.0030496456","-0.006093373","0.001336644","0.0013386973","0.0014833187","-0.0015655878","-0.0011191956","-0.0022812048","0.0032914274","-0.003769479","-0.0010876738","8.700956e-05","-0.00057010935","0.003326504","0.00012283615","0.0024395816","-0.002798829","-0.0001607432","0.0027648855","0.0029609804","-0.0010443438","0.0017620911","-0.00088586373","-0.0009047997","-0.00079564453","2.4461137e-08","0.0010531262","0.028242592","0.03517258","-0.011418279","-0.023639556","-0.12819138","-0.003655476","0.0032118745","0.0018818054","0.00081408414","0.0","0.0","0.0","0.0","0.0","0.0","0.0","0.0","0.0","0.0","-0.0024369073","0.0","0.0","0.0","0.0","0.0"
"Neuropathic bladder","-0.22007634","-0.012736084","-0.030332055","-0.0119885225","-0.017566964","-0.012050644","-0.0032349413","0.008790346","-0.005663294","0.003401166","-0.0016634933","0.0016024841","0.0030496456","-0.006093373","0.001336644","0.0013386973","0.0014833187","-0.0015655878","-0.0011191956","-0.0022812048","0.0032914274","-0.003769479","-0.0010876738","8.700956e-05","-0.00057010935","0.003326504","0.00012283615","0.0024395816","-0.002798829","-0.0001607432","0.0027648855","0.0029609804","-0.0010443438","0.0017620911","-0.00088586373","-0.0009047997","-0.00079564453","2.4461137e-08","0.0010531262","0.028242592","0.03517258","-0.011418279","-0.023639556","-0.12819138","-0.003655476","0.0032118745","0.0018818054","0.00081408414","0.0","0.0","0.0","0.0","0.0","0.0","0.0","0.0","0.0","0.0","-0.0024369073","0.0","0.0","0.0","0.0","0.0"
"New-onset untreated rheumatoid arthrits","5.8185096","-1.3989488","-0.6202256","-1.3552725","-2.4417546","-2.3014321","-2.4752493","0.790363","-3.5301561","1.5827225","-0.6497161","1.4998212","4.1907597","-1.6526271","-4.4429693","-0.14395577","7.0932016","-4.7023087","-10.515919","3.6242576","1.6124356","3.7567708","-1.0253903","-4.2044177","-3.4038463","3.2976222","0.4230741","0.4638171","-2.4306853","-3.3158586","5.8247085","7.475312","-7.539867","-4.2297387","2.898046","2.1077788","-0.07575983","0.00029676518","15.720746","-0.4714145","2.607328","5.539639","-7.0374966","2.6718798","-7.484454","5.351064","-0.49640906","2.6252398","0.0","0.0","0.0","0.0","0.0","0.0","0.0","0.0","0.0","0.0","-0.769487","0.0","0.0","0.0","0.0","0.0"
"Non alcoholic steatohepatitis","-0.22007634","-0.012736084","-0.030332055","-0.0119885225","-0.017566964","-0.012050644","-0.0032349413","0.008790346","-0.005663294","0.003401166","-0.0016634933","0.0016024841","0.0030496456","-0.006093373","0.001336644","0.0013386973","0.0014833187","-0.0015655878","-0.0011191956","-0.0022812048","0.0032914274","-0.003769479","-0.0010876738","8.700956e-05","-0.00057010935","0.003326504","0.00012283615","0.0024395816","-0.002798829","-0.0001607432","0.0027648855","0.0029609804","-0.0010443438","0.0017620911","-0.00088586373","-0.0009047997","-0.00079564453","2.4461137e-08","0.0010531262","0.028242592","0.03517258","-0.011418279","-0.023639556","-0.12819138","-0.003655476","0.0032118745","0.0018818054","0.00081408414","0.0","0.0","0.0","0.0","0.0","0.0","0.0","0.0","0.0","0.0","-0.0024369073","0.0","0.0","0.0","0.0","0.0"
"Non-Oedematous Malnutrition","-0.22007634","-0.012736084","-0.030332055","-0.0119885225","-0.017566964","-0.012050644","-0.0032349413","0.008790346","-0.005663294","0.003401166","-0.0016634933","0.0016024841","0.0030496456","-0.006093373","0.001336644","0.0013386973","0.0014833187","-0.0015655878","-0.0011191956","-0.0022812048","0.0032914274","-0.003769479","-0.0010876738","8.700956e-05","-0.00057010935","0.003326504","0.00012283615","0.0024395816","-0.002798829","-0.0001607432","0.0027648855","0.0029609804","-0.0010443438","0.0017620911","-0.00088586373","-0.0009047997","-0.00079564453","2.4461137e-08","0.0010531262","0.028242592","0.03517258","-0.011418279","-0.023639556","-0.12819138","-0.003655476","0.0032118745","0.0018818054","0.00081408414","0.0","0.0","0.0","0.0","0.0","0.0","0.0","0.0","0.0","0.0","-0.0024369073","0.0","0.0","0.0","0.0","0.0"
"Non-alcoholic Fatty Liver Disease","-0.22007634","-0.012736084","-0.030332055","-0.0119885225","-0.017566964","-0.012050644","-0.0032349413","0.008790346","-0.005663294","0.003401166","-0.0016634933","0.0016024841","0.0030496456","-0.006093373","0.001336644","0.0013386973","0.0014833187","-0.0015655878","-0.0011191956","-0.0022812048","0.0032914274","-0.003769479","-0.0010876738","8.700956e-05","-0.00057010935","0.003326504","0.00012283615","0.0024395816","-0.002798829","-0.0001607432","0.0027648855","0.0029609804","-0.0010443438","0.0017620911","-0.00088586373","-0.0009047997","-0.00079564453","2.4461137e-08","0.0010531262","0.028242592","0.03517258","-0.011418279","-0.023639556","-0.12819138","-0.003655476","0.0032118745","0.0018818054","0.00081408414","0.0","0.0","0.0","0.0","0.0","0.0","0.0","0.0","0.0","0.0","-0.0024369073","0.0","0.0","0.0","0.0","0.0"
"Non-alcoholic fatty liver disease","-0.22007634","-0.012736084","-0.030332055","-0.0119885225","-0.017566964","-0.012050644","-0.0032349413","0.008790346","-0.005663294","0.003401166","-0.0016634933","0.0016024841","0.0030496456","-0.006093373","0.001336644","0.0013386973","0.0014833187","-0.0015655878","-0.0011191956","-0.0022812048","0.0032914274","-0.003769479","-0.0010876738","8.700956e-05","-0.00057010935","0.003326504","0.00012283615","0.0024395816","-0.002798829","-0.0001607432","0.0027648855","0.0029609804","-0.0010443438","0.0017620911","-0.00088586373","-0.0009047997","-0.00079564453","2.4461137e-08","0.0010531262","0.028242592","0.03517258","-0.011418279","-0.023639556","-0.12819138","-0.003655476","0.0032118745","0.0018818054","0.00081408414","0.0","0.0","0.0","0.0","0.0","0.0","0.0","0.0","0.0","0.0","-0.0024369073","0.0","0.0","0.0","0.0","0.0"
"Nonalcoholic fatty liver disease","-0.22007634","-0.012736084","-0.030332055","-0.0119885225","-0.017566964","-0.012050644","-0.0032349413","0.008790346","-0.005663294","0.003401166","-0.0016634933","0.0016024841","0.0030496456","-0.006093373","0.001336644","0.0013386973","0.0014833187","-0.0015655878","-0.0011191956","-0.0022812048","0.0032914274","-0.003769479","-0.0010876738","8.700956e-05","-0.00057010935","0.003326504","0.00012283615","0.0024395816","-0.002798829","-0.0001607432","0.0027648855","0.0029609804","-0.0010443438","0.0017620911","-0.00088586373","-0.0009047997","-0.00079564453","2.4461137e-08","0.0010531262","0.028242592","0.03517258","-0.011418279","-0.023639556","-0.12819138","-0.003655476","0.0032118745","0.0018818054","0.00081408414","0.0","0.0","0.0","0.0","0.0","0.0","0.0","0.0","0.0","0.0","-0.0024369073","0.0","0.0","0.0","0.0","0.0"
"Nonalcoholic steatohepatitis","-0.22007634","-0.012736084","-0.030332055","-0.0119885225","-0.017566964","-0.012050644","-0.0032349413","0.008790346","-0.005663294","0.003401166","-0.0016634933","0.0016024841","0.0030496456","-0.006093373","0.001336644","0.0013386973","0.0014833187","-0.0015655878","-0.0011191956","-0.0022812048","0.0032914274","-0.003769479","-0.0010876738","8.700956e-05","-0.00057010935","0.003326504","0.00012283615","0.0024395816","-0.002798829","-0.0001607432","0.0027648855","0.0029609804","-0.0010443438","0.0017620911","-0.00088586373","-0.0009047997","-0.00079564453","2.4461137e-08","0.0010531262","0.028242592","0.03517258","-0.011418279","-0.023639556","-0.12819138","-0.003655476","0.0032118745","0.0018818054","0.00081408414","0.0","0.0","0.0","0.0","0.0","0.0","0.0","0.0","0.0","0.0","-0.0024369073","0.0","0.0","0.0","0.0","0.0"
"Nongonococcal urethritis","-0.22007634","-0.012736084","-0.030332055","-0.0119885225","-0.017566964","-0.012050644","-0.0032349413","0.008790346","-0.005663294","0.003401166","-0.0016634933","0.0016024841","0.0030496456","-0.006093373","0.001336644","0.0013386973","0.0014833187","-0.0015655878","-0.0011191956","-0.0022812048","0.0032914274","-0.003769479","-0.0010876738","8.700956e-05","-0.00057010935","0.003326504","0.00012283615","0.0024395816","-0.002798829","-0.0001607432","0.0027648855","0.0029609804","-0.0010443438","0.0017620911","-0.00088586373","-0.0009047997","-0.00079564453","2.4461137e-08","0.0010531262","0.028242592","0.03517258","-0.011418279","-0.023639556","-0.12819138","-0.003655476","0.0032118745","0.0018818054","0.00081408414","0.0","0.0","0.0","0.0","0.0","0.0","0.0","0.0","0.0","0.0","-0.0024369073","0.0","0.0","0.0","0.0","0.0"
"Normal weight obesity","-0.22007634","-0.012736084","-0.030332055","-0.0119885225","-0.017566964","-0.012050644","-0.0032349413","0.008790346","-0.005663294","0.003401166","-0.0016634933","0.0016024841","0.0030496456","-0.006093373","0.001336644","0.0013386973","0.0014833187","-0.0015655878","-0.0011191956","-0.0022812048","0.0032914274","-0.003769479","-0.0010876738","8.700956e-05","-0.00057010935","0.003326504","0.00012283615","0.0024395816","-0.002798829","-0.0001607432","0.0027648855","0.0029609804","-0.0010443438","0.0017620911","-0.00088586373","-0.0009047997","-0.00079564453","2.4461137e-08","0.0010531262","0.028242592","0.03517258","-0.011418279","-0.023639556","-0.12819138","-0.003655476","0.0032118745","0.0018818054","0.00081408414","0.0","0.0","0.0","0.0","0.0","0.0","0.0","0.0","0.0","0.0","-0.0024369073","0.0","0.0","0.0","0.0","0.0"
"Norovirus infection","-0.22007634","-0.012736084","-0.030332055","-0.0119885225","-0.017566964","-0.012050644","-0.0032349413","0.008790346","-0.005663294","0.003401166","-0.0016634933","0.0016024841","0.0030496456","-0.006093373","0.001336644","0.0013386973","0.0014833187","-0.0015655878","-0.0011191956","-0.0022812048","0.0032914274","-0.003769479","-0.0010876738","8.700956e-05","-0.00057010935","0.003326504","0.00012283615","0.0024395816","-0.002798829","-0.0001607432","0.0027648855","0.0029609804","-0.0010443438","0.0017620911","-0.00088586373","-0.0009047997","-0.00079564453","2.4461137e-08","0.0010531262","0.028242592","0.03517258","-0.011418279","-0.023639556","-0.12819138","-0.003655476","0.0032118745","0.0018818054","0.00081408414","0.0","0.0","0.0","0.0","0.0","0.0","0.0","0.0","0.0","0.0","-0.0024369073","0.0","0.0","0.0","0.0","0.0"
"Obesity","4.3408294","-0.2905776","1.416472","1.2294767","-1.6938618","-1.6377597","-2.3503757","-1.1174145","-5.732976","-6.7146025","-6.7286882","-8.589825","6.167997","10.562988","-0.034999814","-4.0480046","3.7017376","-8.507083","3.127078","-6.4891996","-8.867364","-3.3507288","-10.785074","-1.1228551","2.7174535","0.5707171","0.19610128","1.3250573","4.359139","4.4440207","0.2691475","-2.7752197","-1.7314862","0.7363968","1.6882377","-1.4007138","1.093612","-2.8956601e-05","-0.4034402","5.35","2.684018","-5.182277","3.230668","0.81189054","-3.4197354","3.7753212","-3.2954755","0.9775972","0.0","0.0","0.0","0.0","0.0","0.0","0.0","0.0","0.0","0.0","2.2033741","0.0","0.0","0.0","0.0","0.0"
"Obstructive sleep apnea-hypopnea syndrome","-0.22007634","-0.012736084","-0.030332055","-0.0119885225","-0.017566964","-0.012050644","-0.0032349413","0.008790346","-0.005663294","0.003401166","-0.0016634933","0.0016024841","0.0030496456","-0.006093373","0.001336644","0.0013386973","0.0014833187","-0.0015655878","-0.0011191956","-0.0022812048","0.0032914274","-0.003769479","-0.0010876738","8.700956e-05","-0.00057010935","0.003326504","0.00012283615","0.0024395816","-0.002798829","-0.0001607432","0.0027648855","0.0029609804","-0.0010443438","0.0017620911","-0.00088586373","-0.0009047997","-0.00079564453","2.4461137e-08","0.0010531262","0.028242592","0.03517258","-0.011418279","-0.023639556","-0.12819138","-0.003655476","0.0032118745","0.0018818054","0.00081408414","0.0","0.0","0.0","0.0","0.0","0.0","0.0","0.0","0.0","0.0","-0.0024369073","0.0","0.0","0.0","0.0","0.0"
"Oedematous Malnutrition","-0.22007634","-0.012736084","-0.030332055","-0.0119885225","-0.017566964","-0.012050644","-0.0032349413","0.008790346","-0.005663294","0.003401166","-0.0016634933","0.0016024841","0.0030496456","-0.006093373","0.001336644","0.0013386973","0.0014833187","-0.0015655878","-0.0011191956","-0.0022812048","0.0032914274","-0.003769479","-0.0010876738","8.700956e-05","-0.00057010935","0.003326504","0.00012283615","0.0024395816","-0.002798829","-0.0001607432","0.0027648855","0.0029609804","-0.0010443438","0.0017620911","-0.00088586373","-0.0009047997","-0.00079564453","2.4461137e-08","0.0010531262","0.028242592","0.03517258","-0.011418279","-0.023639556","-0.12819138","-0.003655476","0.0032118745","0.0018818054","0.00081408414","0.0","0.0","0.0","0.0","0.0","0.0","0.0","0.0","0.0","0.0","-0.0024369073","0.0","0.0","0.0","0.0","0.0"
"Oligoasthenoteratozoospermia","-0.22007634","-0.012736084","-0.030332055","-0.0119885225","-0.017566964","-0.012050644","-0.0032349413","0.008790346","-0.005663294","0.003401166","-0.0016634933","0.0016024841","0.0030496456","-0.006093373","0.001336644","0.0013386973","0.0014833187","-0.0015655878","-0.0011191956","-0.0022812048","0.0032914274","-0.003769479","-0.0010876738","8.700956e-05","-0.00057010935","0.003326504","0.00012283615","0.0024395816","-0.002798829","-0.0001607432","0.0027648855","0.0029609804","-0.0010443438","0.0017620911","-0.00088586373","-0.0009047997","-0.00079564453","2.4461137e-08","0.0010531262","0.028242592","0.03517258","-0.011418279","-0.023639556","-0.12819138","-0.003655476","0.0032118745","0.0018818054","0.00081408414","0.0","0.0","0.0","0.0","0.0","0.0","0.0","0.0","0.0","0.0","-0.0024369073","0.0","0.0","0.0","0.0","0.0"
"Opisthorchis felineus infection","-0.22007634","-0.012736084","-0.030332055","-0.0119885225","-0.017566964","-0.012050644","-0.0032349413","0.008790346","-0.005663294","0.003401166","-0.0016634933","0.0016024841","0.0030496456","-0.006093373","0.001336644","0.0013386973","0.0014833187","-0.0015655878","-0.0011191956","-0.0022812048","0.0032914274","-0.003769479","-0.0010876738","8.700956e-05","-0.00057010935","0.003326504","0.00012283615","0.0024395816","-0.002798829","-0.0001607432","0.0027648855","0.0029609804","-0.0010443438","0.0017620911","-0.00088586373","-0.0009047997","-0.00079564453","2.4461137e-08","0.0010531262","0.028242592","0.03517258","-0.011418279","-0.023639556","-0.12819138","-0.003655476","0.0032118745","0.0018818054","0.00081408414","0.0","0.0","0.0","0.0","0.0","0.0","0.0","0.0","0.0","0.0","-0.0024369073","0.0","0.0","0.0","0.0","0.0"
"Oral cancer","-0.22007634","-0.012736084","-0.030332055","-0.0119885225","-0.017566964","-0.012050644","-0.0032349413","0.008790346","-0.005663294","0.003401166","-0.0016634933","0.0016024841","0.0030496456","-0.006093373","0.001336644","0.0013386973","0.0014833187","-0.0015655878","-0.0011191956","-0.0022812048","0.0032914274","-0.003769479","-0.0010876738","8.700956e-05","-0.00057010935","0.003326504","0.00012283615","0.0024395816","-0.002798829","-0.0001607432","0.0027648855","0.0029609804","-0.0010443438","0.0017620911","-0.00088586373","-0.0009047997","-0.00079564453","2.4461137e-08","0.0010531262","0.028242592","0.03517258","-0.011418279","-0.023639556","-0.12819138","-0.003655476","0.0032118745","0.0018818054","0.00081408414","0.0","0.0","0.0","0.0","0.0","0.0","0.0","0.0","0.0","0.0","-0.0024369073","0.0","0.0","0.0","0.0","0.0"
"Oral leukoplakia","-0.22007634","-0.012736084","-0.030332055","-0.0119885225","-0.017566964","-0.012050644","-0.0032349413","0.008790346","-0.005663294","0.003401166","-0.0016634933","0.0016024841","0.0030496456","-0.006093373","0.001336644","0.0013386973","0.0014833187","-0.0015655878","-0.0011191956","-0.0022812048","0.0032914274","-0.003769479","-0.0010876738","8.700956e-05","-0.00057010935","0.003326504","0.00012283615","0.0024395816","-0.002798829","-0.0001607432","0.0027648855","0.0029609804","-0.0010443438","0.0017620911","-0.00088586373","-0.0009047997","-0.00079564453","2.4461137e-08","0.0010531262","0.028242592","0.03517258","-0.011418279","-0.023639556","-0.12819138","-0.003655476","0.0032118745","0.0018818054","0.00081408414","0.0","0.0","0.0","0.0","0.0","0.0","0.0","0.0","0.0","0.0","-0.0024369073","0.0","0.0","0.0","0.0","0.0"
"Oral lichen planus","-0.22007634","-0.012736084","-0.030332055","-0.0119885225","-0.017566964","-0.012050644","-0.0032349413","0.008790346","-0.005663294","0.003401166","-0.0016634933","0.0016024841","0.0030496456","-0.006093373","0.001336644","0.0013386973","0.0014833187","-0.0015655878","-0.0011191956","-0.0022812048","0.0032914274","-0.003769479","-0.0010876738","8.700956e-05","-0.00057010935","0.003326504","0.00012283615","0.0024395816","-0.002798829","-0.0001607432","0.0027648855","0.0029609804","-0.0010443438","0.0017620911","-0.00088586373","-0.0009047997","-0.00079564453","2.4461137e-08","0.0010531262","0.028242592","0.03517258","-0.011418279","-0.023639556","-0.12819138","-0.003655476","0.0032118745","0.0018818054","0.00081408414","0.0","0.0","0.0","0.0","0.0","0.0","0.0","0.0","0.0","0.0","-0.0024369073","0.0","0.0","0.0","0.0","0.0"
"Oral potentially malignant disorder","-0.22007634","-0.012736084","-0.030332055","-0.0119885225","-0.017566964","-0.012050644","-0.0032349413","0.008790346","-0.005663294","0.003401166","-0.0016634933","0.0016024841","0.0030496456","-0.006093373","0.001336644","0.0013386973","0.0014833187","-0.0015655878","-0.0011191956","-0.0022812048","0.0032914274","-0.003769479","-0.0010876738","8.700956e-05","-0.00057010935","0.003326504","0.00012283615","0.0024395816","-0.002798829","-0.0001607432","0.0027648855","0.0029609804","-0.0010443438","0.0017620911","-0.00088586373","-0.0009047997","-0.00079564453","2.4461137e-08","0.0010531262","0.028242592","0.03517258","-0.011418279","-0.023639556","-0.12819138","-0.003655476","0.0032118745","0.0018818054","0.00081408414","0.0","0.0","0.0","0.0","0.0","0.0","0.0","0.0","0.0","0.0","-0.0024369073","0.0","0.0","0.0","0.0","0.0"
"Oral squamous cell carcinoma","-0.22007634","-0.012736084","-0.030332055","-0.0119885225","-0.017566964","-0.012050644","-0.0032349413","0.008790346","-0.005663294","0.003401166","-0.0016634933","0.0016024841","0.0030496456","-0.006093373","0.001336644","0.0013386973","0.0014833187","-0.0015655878","-0.0011191956","-0.0022812048","0.0032914274","-0.003769479","-0.0010876738","8.700956e-05","-0.00057010935","0.003326504","0.00012283615","0.0024395816","-0.002798829","-0.0001607432","0.0027648855","0.0029609804","-0.0010443438","0.0017620911","-0.00088586373","-0.0009047997","-0.00079564453","2.4461137e-08","0.0010531262","0.028242592","0.03517258","-0.011418279","-0.023639556","-0.12819138","-0.003655476","0.0032118745","0.0018818054","0.00081408414","0.0","0.0","0.0","0.0","0.0","0.0","0.0","0.0","0.0","0.0","-0.0024369073","0.0","0.0","0.0","0.0","0.0"
"Orofacial granulomatosis","-0.22007634","-0.012736084","-0.030332055","-0.0119885225","-0.017566964","-0.012050644","-0.0032349413","0.008790346","-0.005663294","0.003401166","-0.0016634933","0.0016024841","0.0030496456","-0.006093373","0.001336644","0.0013386973","0.0014833187","-0.0015655878","-0.0011191956","-0.0022812048","0.0032914274","-0.003769479","-0.0010876738","8.700956e-05","-0.00057010935","0.003326504","0.00012283615","0.0024395816","-0.002798829","-0.0001607432","0.0027648855","0.0029609804","-0.0010443438","0.0017620911","-0.00088586373","-0.0009047997","-0.00079564453","2.4461137e-08","0.0010531262","0.028242592","0.03517258","-0.011418279","-0.023639556","-0.12819138","-0.003655476","0.0032118745","0.0018818054","0.00081408414","0.0","0.0","0.0","0.0","0.0","0.0","0.0","0.0","0.0","0.0","-0.0024369073","0.0","0.0","0.0","0.0","0.0"
"Oropharyngeal cancer","-0.22007634","-0.012736084","-0.030332055","-0.0119885225","-0.017566964","-0.012050644","-0.0032349413","0.008790346","-0.005663294","0.003401166","-0.0016634933","0.0016024841","0.0030496456","-0.006093373","0.001336644","0.0013386973","0.0014833187","-0.0015655878","-0.0011191956","-0.0022812048","0.0032914274","-0.003769479","-0.0010876738","8.700956e-05","-0.00057010935","0.003326504","0.00012283615","0.0024395816","-0.002798829","-0.0001607432","0.0027648855","0.0029609804","-0.0010443438","0.0017620911","-0.00088586373","-0.0009047997","-0.00079564453","2.4461137e-08","0.0010531262","0.028242592","0.03517258","-0.011418279","-0.023639556","-0.12819138","-0.003655476","0.0032118745","0.0018818054","0.00081408414","0.0","0.0","0.0","0.0","0.0","0.0","0.0","0.0","0.0","0.0","-0.0024369073","0.0","0.0","0.0","0.0","0.0"
"Osmotic diarrhea","-0.22007634","-0.012736084","-0.030332055","-0.0119885225","-0.017566964","-0.012050644","-0.0032349413","0.008790346","-0.005663294","0.003401166","-0.0016634933","0.0016024841","0.0030496456","-0.006093373","0.001336644","0.0013386973","0.0014833187","-0.0015655878","-0.0011191956","-0.0022812048","0.0032914274","-0.003769479","-0.0010876738","8.700956e-05","-0.00057010935","0.003326504","0.00012283615","0.0024395816","-0.002798829","-0.0001607432","0.0027648855","0.0029609804","-0.0010443438","0.0017620911","-0.00088586373","-0.0009047997","-0.00079564453","2.4461137e-08","0.0010531262","0.028242592","0.03517258","-0.011418279","-0.023639556","-0.12819138","-0.003655476","0.0032118745","0.0018818054","0.00081408414","0.0","0.0","0.0","0.0","0.0","0.0","0.0","0.0","0.0","0.0","-0.0024369073","0.0","0.0","0.0","0.0","0.0"
"Osteoarthritis","-0.22007634","-0.012736084","-0.030332055","-0.0119885225","-0.017566964","-0.012050644","-0.0032349413","0.008790346","-0.005663294","0.003401166","-0.0016634933","0.0016024841","0.0030496456","-0.006093373","0.001336644","0.0013386973","0.0014833187","-0.0015655878","-0.0011191956","-0.0022812048","0.0032914274","-0.003769479","-0.0010876738","8.700956e-05","-0.00057010935","0.003326504","0.00012283615","0.0024395816","-0.002798829","-0.0001607432","0.0027648855","0.0029609804","-0.0010443438","0.0017620911","-0.00088586373","-0.0009047997","-0.00079564453","2.4461137e-08","0.0010531262","0.028242592","0.03517258","-0.011418279","-0.023639556","-0.12819138","-0.003655476","0.0032118745","0.0018818054","0.00081408414","0.0","0.0","0.0","0.0","0.0","0.0","0.0","0.0","0.0","0.0","-0.0024369073","0.0","0.0","0.0","0.0","0.0"
"Osteoporosis","-0.22007634","-0.012736084","-0.030332055","-0.0119885225","-0.017566964","-0.012050644","-0.0032349413","0.008790346","-0.005663294","0.003401166","-0.0016634933","0.0016024841","0.0030496456","-0.006093373","0.001336644","0.0013386973","0.0014833187","-0.0015655878","-0.0011191956","-0.0022812048","0.0032914274","-0.003769479","-0.0010876738","8.700956e-05","-0.00057010935","0.003326504","0.00012283615","0.0024395816","-0.002798829","-0.0001607432","0.0027648855","0.0029609804","-0.0010443438","0.0017620911","-0.00088586373","-0.0009047997","-0.00079564453","2.4461137e-08","0.0010531262","0.028242592","0.03517258","-0.011418279","-0.023639556","-0.12819138","-0.003655476","0.0032118745","0.0018818054","0.00081408414","0.0","0.0","0.0","0.0","0.0","0.0","0.0","0.0","0.0","0.0","-0.0024369073","0.0","0.0","0.0","0.0","0.0"
"Otitis Media","-0.22007634","-0.012736084","-0.030332055","-0.0119885225","-0.017566964","-0.012050644","-0.0032349413","0.008790346","-0.005663294","0.003401166","-0.0016634933","0.0016024841","0.0030496456","-0.006093373","0.001336644","0.0013386973","0.0014833187","-0.0015655878","-0.0011191956","-0.0022812048","0.0032914274","-0.003769479","-0.0010876738","8.700956e-05","-0.00057010935","0.003326504","0.00012283615","0.0024395816","-0.002798829","-0.0001607432","0.0027648855","0.0029609804","-0.0010443438","0.0017620911","-0.00088586373","-0.0009047997","-0.00079564453","2.4461137e-08","0.0010531262","0.028242592","0.03517258","-0.011418279","-0.023639556","-0.12819138","-0.003655476","0.0032118745","0.0018818054","0.00081408414","0.0","0.0","0.0","0.0","0.0","0.0","0.0","0.0","0.0","0.0","-0.0024369073","0.0","0.0","0.0","0.0","0.0"
"Overactive bladder","-0.22007634","-0.012736084","-0.030332055","-0.0119885225","-0.017566964","-0.012050644","-0.0032349413","0.008790346","-0.005663294","0.003401166","-0.0016634933","0.0016024841","0.0030496456","-0.006093373","0.001336644","0.0013386973","0.0014833187","-0.0015655878","-0.0011191956","-0.0022812048","0.0032914274","-0.003769479","-0.0010876738","8.700956e-05","-0.00057010935","0.003326504","0.00012283615","0.0024395816","-0.002798829","-0.0001607432","0.0027648855","0.0029609804","-0.0010443438","0.0017620911","-0.00088586373","-0.0009047997","-0.00079564453","2.4461137e-08","0.0010531262","0.028242592","0.03517258","-0.011418279","-0.023639556","-0.12819138","-0.003655476","0.0032118745","0.0018818054","0.00081408414","0.0","0.0","0.0","0.0","0.0","0.0","0.0","0.0","0.0","0.0","-0.0024369073","0.0","0.0","0.0","0.0","0.0"
"Palmoplantar pustulosis","-0.22007634","-0.012736084","-0.030332055","-0.0119885225","-0.017566964","-0.012050644","-0.0032349413","0.008790346","-0.005663294","0.003401166","-0.0016634933","0.0016024841","0.0030496456","-0.006093373","0.001336644","0.0013386973","0.0014833187","-0.0015655878","-0.0011191956","-0.0022812048","0.0032914274","-0.003769479","-0.0010876738","8.700956e-05","-0.00057010935","0.003326504","0.00012283615","0.0024395816","-0.002798829","-0.0001607432","0.0027648855","0.0029609804","-0.0010443438","0.0017620911","-0.00088586373","-0.0009047997","-0.00079564453","2.4461137e-08","0.0010531262","0.028242592","0.03517258","-0.011418279","-0.023639556","-0.12819138","-0.003655476","0.0032118745","0.0018818054","0.00081408414","0.0","0.0","0.0","0.0","0.0","0.0","0.0","0.0","0.0","0.0","-0.0024369073","0.0","0.0","0.0","0.0","0.0"
"Pancreatic cancer","-0.22007634","-0.012736084","-0.030332055","-0.0119885225","-0.017566964","-0.012050644","-0.0032349413","0.008790346","-0.005663294","0.003401166","-0.0016634933","0.0016024841","0.0030496456","-0.006093373","0.001336644","0.0013386973","0.0014833187","-0.0015655878","-0.0011191956","-0.0022812048","0.0032914274","-0.003769479","-0.0010876738","8.700956e-05","-0.00057010935","0.003326504","0.00012283615","0.0024395816","-0.002798829","-0.0001607432","0.0027648855","0.0029609804","-0.0010443438","0.0017620911","-0.00088586373","-0.0009047997","-0.00079564453","2.4461137e-08","0.0010531262","0.028242592","0.03517258","-0.011418279","-0.023639556","-0.12819138","-0.003655476","0.0032118745","0.0018818054","0.00081408414","0.0","0.0","0.0","0.0","0.0","0.0","0.0","0.0","0.0","0.0","-0.0024369073","0.0","0.0","0.0","0.0","0.0"
"Pancreatic ductal adenocarcinoma","-0.22007634","-0.012736084","-0.030332055","-0.0119885225","-0.017566964","-0.012050644","-0.0032349413","0.008790346","-0.005663294","0.003401166","-0.0016634933","0.0016024841","0.0030496456","-0.006093373","0.001336644","0.0013386973","0.0014833187","-0.0015655878","-0.0011191956","-0.0022812048","0.0032914274","-0.003769479","-0.0010876738","8.700956e-05","-0.00057010935","0.003326504","0.00012283615","0.0024395816","-0.002798829","-0.0001607432","0.0027648855","0.0029609804","-0.0010443438","0.0017620911","-0.00088586373","-0.0009047997","-0.00079564453","2.4461137e-08","0.0010531262","0.028242592","0.03517258","-0.011418279","-0.023639556","-0.12819138","-0.003655476","0.0032118745","0.0018818054","0.00081408414","0.0","0.0","0.0","0.0","0.0","0.0","0.0","0.0","0.0","0.0","-0.0024369073","0.0","0.0","0.0","0.0","0.0"
"Pancreatic head cancer","-0.22007634","-0.012736084","-0.030332055","-0.0119885225","-0.017566964","-0.012050644","-0.0032349413","0.008790346","-0.005663294","0.003401166","-0.0016634933","0.0016024841","0.0030496456","-0.006093373","0.001336644","0.0013386973","0.0014833187","-0.0015655878","-0.0011191956","-0.0022812048","0.0032914274","-0.003769479","-0.0010876738","8.700956e-05","-0.00057010935","0.003326504","0.00012283615","0.0024395816","-0.002798829","-0.0001607432","0.0027648855","0.0029609804","-0.0010443438","0.0017620911","-0.00088586373","-0.0009047997","-0.00079564453","2.4461137e-08","0.0010531262","0.028242592","0.03517258","-0.011418279","-0.023639556","-0.12819138","-0.003655476","0.0032118745","0.0018818054","0.00081408414","0.0","0.0","0.0","0.0","0.0","0.0","0.0","0.0","0.0","0.0","-0.0024369073","0.0","0.0","0.0","0.0","0.0"
"Pancreatitis","-0.22007634","-0.012736084","-0.030332055","-0.0119885225","-0.017566964","-0.012050644","-0.0032349413","0.008790346","-0.005663294","0.003401166","-0.0016634933","0.0016024841","0.0030496456","-0.006093373","0.001336644","0.0013386973","0.0014833187","-0.0015655878","-0.0011191956","-0.0022812048","0.0032914274","-0.003769479","-0.0010876738","8.700956e-05","-0.00057010935","0.003326504","0.00012283615","0.0024395816","-0.002798829","-0.0001607432","0.0027648855","0.0029609804","-0.0010443438","0.0017620911","-0.00088586373","-0.0009047997","-0.00079564453","2.4461137e-08","0.0010531262","0.028242592","0.03517258","-0.011418279","-0.023639556","-0.12819138","-0.003655476","0.0032118745","0.0018818054","0.00081408414","0.0","0.0","0.0","0.0","0.0","0.0","0.0","0.0","0.0","0.0","-0.0024369073","0.0","0.0","0.0","0.0","0.0"
"Parkinson disease","-0.22007634","-0.012736084","-0.030332055","-0.0119885225","-0.017566964","-0.012050644","-0.0032349413","0.008790346","-0.005663294","0.003401166","-0.0016634933","0.0016024841","0.0030496456","-0.006093373","0.001336644","0.0013386973","0.0014833187","-0.0015655878","-0.0011191956","-0.0022812048","0.0032914274","-0.003769479","-0.0010876738","8.700956e-05","-0.00057010935","0.003326504","0.00012283615","0.0024395816","-0.002798829","-0.0001607432","0.0027648855","0.0029609804","-0.0010443438","0.0017620911","-0.00088586373","-0.0009047997","-0.00079564453","2.4461137e-08","0.0010531262","0.028242592","0.03517258","-0.011418279","-0.023639556","-0.12819138","-0.003655476","0.0032118745","0.0018818054","0.00081408414","0.0","0.0","0.0","0.0","0.0","0.0","0.0","0.0","0.0","0.0","-0.0024369073","0.0","0.0","0.0","0.0","0.0"
"Parkinson's Disease","-0.22007634","-0.012736084","-0.030332055","-0.0119885225","-0.017566964","-0.012050644","-0.0032349413","0.008790346","-0.005663294","0.003401166","-0.0016634933","0.0016024841","0.0030496456","-0.006093373","0.001336644","0.0013386973","0.0014833187","-0.0015655878","-0.0011191956","-0.0022812048","0.0032914274","-0.003769479","-0.0010876738","8.700956e-05","-0.00057010935","0.003326504","0.00012283615","0.0024395816","-0.002798829","-0.0001607432","0.0027648855","0.0029609804","-0.0010443438","0.0017620911","-0.00088586373","-0.0009047997","-0.00079564453","2.4461137e-08","0.0010531262","0.028242592","0.03517258","-0.011418279","-0.023639556","-0.12819138","-0.003655476","0.0032118745","0.0018818054","0.00081408414","0.0","0.0","0.0","0.0","0.0","0.0","0.0","0.0","0.0","0.0","-0.0024369073","0.0","0.0","0.0","0.0","0.0"
"Parkinson's disease","-0.22007634","-0.012736084","-0.030332055","-0.0119885225","-0.017566964","-0.012050644","-0.0032349413","0.008790346","-0.005663294","0.003401166","-0.0016634933","0.0016024841","0.0030496456","-0.006093373","0.001336644","0.0013386973","0.0014833187","-0.0015655878","-0.0011191956","-0.0022812048","0.0032914274","-0.003769479","-0.0010876738","8.700956e-05","-0.00057010935","0.003326504","0.00012283615","0.0024395816","-0.002798829","-0.0001607432","0.0027648855","0.0029609804","-0.0010443438","0.0017620911","-0.00088586373","-0.0009047997","-0.00079564453","2.4461137e-08","0.0010531262","0.028242592","0.03517258","-0.011418279","-0.023639556","-0.12819138","-0.003655476","0.0032118745","0.0018818054","0.00081408414","0.0","0.0","0.0","0.0","0.0","0.0","0.0","0.0","0.0","0.0","-0.0024369073","0.0","0.0","0.0","0.0","0.0"
"Parkinson's disease with mild cognitive impairment","-0.22007634","-0.012736084","-0.030332055","-0.0119885225","-0.017566964","-0.012050644","-0.0032349413","0.008790346","-0.005663294","0.003401166","-0.0016634933","0.0016024841","0.0030496456","-0.006093373","0.001336644","0.0013386973","0.0014833187","-0.0015655878","-0.0011191956","-0.0022812048","0.0032914274","-0.003769479","-0.0010876738","8.700956e-05","-0.00057010935","0.003326504","0.00012283615","0.0024395816","-0.002798829","-0.0001607432","0.0027648855","0.0029609804","-0.0010443438","0.0017620911","-0.00088586373","-0.0009047997","-0.00079564453","2.4461137e-08","0.0010531262","0.028242592","0.03517258","-0.011418279","-0.023639556","-0.12819138","-0.003655476","0.0032118745","0.0018818054","0.00081408414","0.0","0.0","0.0","0.0","0.0","0.0","0.0","0.0","0.0","0.0","-0.0024369073","0.0","0.0","0.0","0.0","0.0"
"Parkinsons disease","-0.22007634","-0.012736084","-0.030332055","-0.0119885225","-0.017566964","-0.012050644","-0.0032349413","0.008790346","-0.005663294","0.003401166","-0.0016634933","0.0016024841","0.0030496456","-0.006093373","0.001336644","0.0013386973","0.0014833187","-0.0015655878","-0.0011191956","-0.0022812048","0.0032914274","-0.003769479","-0.0010876738","8.700956e-05","-0.00057010935","0.003326504","0.00012283615","0.0024395816","-0.002798829","-0.0001607432","0.0027648855","0.0029609804","-0.0010443438","0.0017620911","-0.00088586373","-0.0009047997","-0.00079564453","2.4461137e-08","0.0010531262","0.028242592","0.03517258","-0.011418279","-0.023639556","-0.12819138","-0.003655476","0.0032118745","0.0018818054","0.00081408414","0.0","0.0","0.0","0.0","0.0","0.0","0.0","0.0","0.0","0.0","-0.0024369073","0.0","0.0","0.0","0.0","0.0"
"Pediculosis","-0.22007634","-0.012736084","-0.030332055","-0.0119885225","-0.017566964","-0.012050644","-0.0032349413","0.008790346","-0.005663294","0.003401166","-0.0016634933","0.0016024841","0.0030496456","-0.006093373","0.001336644","0.0013386973","0.0014833187","-0.0015655878","-0.0011191956","-0.0022812048","0.0032914274","-0.003769479","-0.0010876738","8.700956e-05","-0.00057010935","0.003326504","0.00012283615","0.0024395816","-0.002798829","-0.0001607432","0.0027648855","0.0029609804","-0.0010443438","0.0017620911","-0.00088586373","-0.0009047997","-0.00079564453","2.4461137e-08","0.0010531262","0.028242592","0.03517258","-0.011418279","-0.023639556","-0.12819138","-0.003655476","0.0032118745","0.0018818054","0.00081408414","0.0","0.0","0.0","0.0","0.0","0.0","0.0","0.0","0.0","0.0","-0.0024369073","0.0","0.0","0.0","0.0","0.0"
"Pelvic inflammatory disease","-0.22007634","-0.012736084","-0.030332055","-0.0119885225","-0.017566964","-0.012050644","-0.0032349413","0.008790346","-0.005663294","0.003401166","-0.0016634933","0.0016024841","0.0030496456","-0.006093373","0.001336644","0.0013386973","0.0014833187","-0.0015655878","-0.0011191956","-0.0022812048","0.0032914274","-0.003769479","-0.0010876738","8.700956e-05","-0.00057010935","0.003326504","0.00012283615","0.0024395816","-0.002798829","-0.0001607432","0.0027648855","0.0029609804","-0.0010443438","0.0017620911","-0.00088586373","-0.0009047997","-0.00079564453","2.4461137e-08","0.0010531262","0.028242592","0.03517258","-0.011418279","-0.023639556","-0.12819138","-0.003655476","0.0032118745","0.0018818054","0.00081408414","0.0","0.0","0.0","0.0","0.0","0.0","0.0","0.0","0.0","0.0","-0.0024369073","0.0","0.0","0.0","0.0","0.0"
"Pemphigus vulgaris","-0.22007634","-0.012736084","-0.030332055","-0.0119885225","-0.017566964","-0.012050644","-0.0032349413","0.008790346","-0.005663294","0.003401166","-0.0016634933","0.0016024841","0.0030496456","-0.006093373","0.001336644","0.0013386973","0.0014833187","-0.0015655878","-0.0011191956","-0.0022812048","0.0032914274","-0.003769479","-0.0010876738","8.700956e-05","-0.00057010935","0.003326504","0.00012283615","0.0024395816","-0.002798829","-0.0001607432","0.0027648855","0.0029609804","-0.0010443438","0.0017620911","-0.00088586373","-0.0009047997","-0.00079564453","2.4461137e-08","0.0010531262","0.028242592","0.03517258","-0.011418279","-0.023639556","-0.12819138","-0.003655476","0.0032118745","0.0018818054","0.00081408414","0.0","0.0","0.0","0.0","0.0","0.0","0.0","0.0","0.0","0.0","-0.0024369073","0.0","0.0","0.0","0.0","0.0"
"Periodontal","4.5797606","-0.87211996","-0.61954194","-0.4540321","-1.1690315","0.11005432","-1.433435","3.2167583","-2.920334","3.9517348","-6.0019174","0.510967","-0.9968021","12.858992","-5.1483984","15.695199","-0.17419004","15.200451","-1.8023591","1.1830574","-5.610293","1.626199","0.8933478","0.3578435","-1.0940479","-0.16782406","-0.3422628","-0.10789721","-0.29427978","0.3711755","-0.6177812","0.18964578","0.14356709","0.08681486","-0.14299005","0.67518604","0.14567916","-1.5642852e-05","0.019548241","-3.5858407","-3.2942472","5.3930683","-4.215505","4.1290774","0.5670554","0.5323105","-3.1218162","3.5584598","0.0","0.0","0.0","0.0","0.0","0.0","0.0","0.0","0.0","0.0","2.679554","0.0","0.0","0.0","0.0","0.0"
"Periodontal abscess","-0.22007634","-0.012736084","-0.030332055","-0.0119885225","-0.017566964","-0.012050644","-0.0032349413","0.008790346","-0.005663294","0.003401166","-0.0016634933","0.0016024841","0.0030496456","-0.006093373","0.001336644","0.0013386973","0.0014833187","-0.0015655878","-0.0011191956","-0.0022812048","0.0032914274","-0.003769479","-0.0010876738","8.700956e-05","-0.00057010935","0.003326504","0.00012283615","0.0024395816","-0.002798829","-0.0001607432","0.0027648855","0.0029609804","-0.0010443438","0.0017620911","-0.00088586373","-0.0009047997","-0.00079564453","2.4461137e-08","0.0010531262","0.028242592","0.03517258","-0.011418279","-0.023639556","-0.12819138","-0.003655476","0.0032118745","0.0018818054","0.00081408414","0.0","0.0","0.0","0.0","0.0","0.0","0.0","0.0","0.0","0.0","-0.0024369073","0.0","0.0","0.0","0.0","0.0"
"Periodontal disease","-0.22007634","-0.012736084","-0.030332055","-0.0119885225","-0.017566964","-0.012050644","-0.0032349413","0.008790346","-0.005663294","0.003401166","-0.0016634933","0.0016024841","0.0030496456","-0.006093373","0.001336644","0.0013386973","0.0014833187","-0.0015655878","-0.0011191956","-0.0022812048","0.0032914274","-0.003769479","-0.0010876738","8.700956e-05","-0.00057010935","0.003326504","0.00012283615","0.0024395816","-0.002798829","-0.0001607432","0.0027648855","0.0029609804","-0.0010443438","0.0017620911","-0.00088586373","-0.0009047997","-0.00079564453","2.4461137e-08","0.0010531262","0.028242592","0.03517258","-0.011418279","-0.023639556","-0.12819138","-0.003655476","0.0032118745","0.0018818054","0.00081408414","0.0","0.0","0.0","0.0","0.0","0.0","0.0","0.0","0.0","0.0","-0.0024369073","0.0","0.0","0.0","0.0","0.0"
"Peripheral Arterial Disease","-0.22007634","-0.012736084","-0.030332055","-0.0119885225","-0.017566964","-0.012050644","-0.0032349413","0.008790346","-0.005663294","0.003401166","-0.0016634933","0.0016024841","0.0030496456","-0.006093373","0.001336644","0.0013386973","0.0014833187","-0.0015655878","-0.0011191956","-0.0022812048","0.0032914274","-0.003769479","-0.0010876738","8.700956e-05","-0.00057010935","0.003326504","0.00012283615","0.0024395816","-0.002798829","-0.0001607432","0.0027648855","0.0029609804","-0.0010443438","0.0017620911","-0.00088586373","-0.0009047997","-0.00079564453","2.4461137e-08","0.0010531262","0.028242592","0.03517258","-0.011418279","-0.023639556","-0.12819138","-0.003655476","0.0032118745","0.0018818054","0.00081408414","0.0","0.0","0.0","0.0","0.0","0.0","0.0","0.0","0.0","0.0","-0.0024369073","0.0","0.0","0.0","0.0","0.0"
"Pervasive developmental disorder NOS","-0.22007634","-0.012736084","-0.030332055","-0.0119885225","-0.017566964","-0.012050644","-0.0032349413","0.008790346","-0.005663294","0.003401166","-0.0016634933","0.0016024841","0.0030496456","-0.006093373","0.001336644","0.0013386973","0.0014833187","-0.0015655878","-0.0011191956","-0.0022812048","0.0032914274","-0.003769479","-0.0010876738","8.700956e-05","-0.00057010935","0.003326504","0.00012283615","0.0024395816","-0.002798829","-0.0001607432","0.0027648855","0.0029609804","-0.0010443438","0.0017620911","-0.00088586373","-0.0009047997","-0.00079564453","2.4461137e-08","0.0010531262","0.028242592","0.03517258","-0.011418279","-0.023639556","-0.12819138","-0.003655476","0.0032118745","0.0018818054","0.00081408414","0.0","0.0","0.0","0.0","0.0","0.0","0.0","0.0","0.0","0.0","-0.0024369073","0.0","0.0","0.0","0.0","0.0"
"Phenylketonuria","-0.22007634","-0.012736084","-0.030332055","-0.0119885225","-0.017566964","-0.012050644","-0.0032349413","0.008790346","-0.005663294","0.003401166","-0.0016634933","0.0016024841","0.0030496456","-0.006093373","0.001336644","0.0013386973","0.0014833187","-0.0015655878","-0.0011191956","-0.0022812048","0.0032914274","-0.003769479","-0.0010876738","8.700956e-05","-0.00057010935","0.003326504","0.00012283615","0.0024395816","-0.002798829","-0.0001607432","0.0027648855","0.0029609804","-0.0010443438","0.0017620911","-0.00088586373","-0.0009047997","-0.00079564453","2.4461137e-08","0.0010531262","0.028242592","0.03517258","-0.011418279","-0.023639556","-0.12819138","-0.003655476","0.0032118745","0.0018818054","0.00081408414","0.0","0.0","0.0","0.0","0.0","0.0","0.0","0.0","0.0","0.0","-0.0024369073","0.0","0.0","0.0","0.0","0.0"
"Pneumonia","-0.22007634","-0.012736084","-0.030332055","-0.0119885225","-0.017566964","-0.012050644","-0.0032349413","0.008790346","-0.005663294","0.003401166","-0.0016634933","0.0016024841","0.0030496456","-0.006093373","0.001336644","0.0013386973","0.0014833187","-0.0015655878","-0.0011191956","-0.0022812048","0.0032914274","-0.003769479","-0.0010876738","8.700956e-05","-0.00057010935","0.003326504","0.00012283615","0.0024395816","-0.002798829","-0.0001607432","0.0027648855","0.0029609804","-0.0010443438","0.0017620911","-0.00088586373","-0.0009047997","-0.00079564453","2.4461137e-08","0.0010531262","0.028242592","0.03517258","-0.011418279","-0.023639556","-0.12819138","-0.003655476","0.0032118745","0.0018818054","0.00081408414","0.0","0.0","0.0","0.0","0.0","0.0","0.0","0.0","0.0","0.0","-0.0024369073","0.0","0.0","0.0","0.0","0.0"
"Polycystic Ovary Syndrome","-0.22007634","-0.012736084","-0.030332055","-0.0119885225","-0.017566964","-0.012050644","-0.0032349413","0.008790346","-0.005663294","0.003401166","-0.0016634933","0.0016024841","0.0030496456","-0.006093373","0.001336644","0.0013386973","0.0014833187","-0.0015655878","-0.0011191956","-0.0022812048","0.0032914274","-0.003769479","-0.0010876738","8.700956e-05","-0.00057010935","0.003326504","0.00012283615","0.0024395816","-0.002798829","-0.0001607432","0.0027648855","0.0029609804","-0.0010443438","0.0017620911","-0.00088586373","-0.0009047997","-0.00079564453","2.4461137e-08","0.0010531262","0.028242592","0.03517258","-0.011418279","-0.023639556","-0.12819138","-0.003655476","0.0032118745","0.0018818054","0.00081408414","0.0","0.0","0.0","0.0","0.0","0.0","0.0","0.0","0.0","0.0","-0.0024369073","0.0","0.0","0.0","0.0","0.0"
"Polycystic ovary syndrome","-0.22007634","-0.012736084","-0.030332055","-0.0119885225","-0.017566964","-0.012050644","-0.0032349413","0.008790346","-0.005663294","0.003401166","-0.0016634933","0.0016024841","0.0030496456","-0.006093373","0.001336644","0.0013386973","0.0014833187","-0.0015655878","-0.0011191956","-0.0022812048","0.0032914274","-0.003769479","-0.0010876738","8.700956e-05","-0.00057010935","0.003326504","0.00012283615","0.0024395816","-0.002798829","-0.0001607432","0.0027648855","0.0029609804","-0.0010443438","0.0017620911","-0.00088586373","-0.0009047997","-0.00079564453","2.4461137e-08","0.0010531262","0.028242592","0.03517258","-0.011418279","-0.023639556","-0.12819138","-0.003655476","0.0032118745","0.0018818054","0.00081408414","0.0","0.0","0.0","0.0","0.0","0.0","0.0","0.0","0.0","0.0","-0.0024369073","0.0","0.0","0.0","0.0","0.0"
"Post-finasteride syndrome","-0.22007634","-0.012736084","-0.030332055","-0.0119885225","-0.017566964","-0.012050644","-0.0032349413","0.008790346","-0.005663294","0.003401166","-0.0016634933","0.0016024841","0.0030496456","-0.006093373","0.001336644","0.0013386973","0.0014833187","-0.0015655878","-0.0011191956","-0.0022812048","0.0032914274","-0.003769479","-0.0010876738","8.700956e-05","-0.00057010935","0.003326504","0.00012283615","0.0024395816","-0.002798829","-0.0001607432","0.0027648855","0.0029609804","-0.0010443438","0.0017620911","-0.00088586373","-0.0009047997","-0.00079564453","2.4461137e-08","0.0010531262","0.028242592","0.03517258","-0.011418279","-0.023639556","-0.12819138","-0.003655476","0.0032118745","0.0018818054","0.00081408414","0.0","0.0","0.0","0.0","0.0","0.0","0.0","0.0","0.0","0.0","-0.0024369073","0.0","0.0","0.0","0.0","0.0"
"Postmenopausal","-0.22007634","-0.012736084","-0.030332055","-0.0119885225","-0.017566964","-0.012050644","-0.0032349413","0.008790346","-0.005663294","0.003401166","-0.0016634933","0.0016024841","0.0030496456","-0.006093373","0.001336644","0.0013386973","0.0014833187","-0.0015655878","-0.0011191956","-0.0022812048","0.0032914274","-0.003769479","-0.0010876738","8.700956e-05","-0.00057010935","0.003326504","0.00012283615","0.0024395816","-0.002798829","-0.0001607432","0.0027648855","0.0029609804","-0.0010443438","0.0017620911","-0.00088586373","-0.0009047997","-0.00079564453","2.4461137e-08","0.0010531262","0.028242592","0.03517258","-0.011418279","-0.023639556","-0.12819138","-0.003655476","0.0032118745","0.0018818054","0.00081408414","0.0","0.0","0.0","0.0","0.0","0.0","0.0","0.0","0.0","0.0","-0.0024369073","0.0","0.0","0.0","0.0","0.0"
"Posttraumatic stress syndrome","-0.22007634","-0.012736084","-0.030332055","-0.0119885225","-0.017566964","-0.012050644","-0.0032349413","0.008790346","-0.005663294","0.003401166","-0.0016634933","0.0016024841","0.0030496456","-0.006093373","0.001336644","0.0013386973","0.0014833187","-0.0015655878","-0.0011191956","-0.0022812048","0.0032914274","-0.003769479","-0.0010876738","8.700956e-05","-0.00057010935","0.003326504","0.00012283615","0.0024395816","-0.002798829","-0.0001607432","0.0027648855","0.0029609804","-0.0010443438","0.0017620911","-0.00088586373","-0.0009047997","-0.00079564453","2.4461137e-08","0.0010531262","0.028242592","0.03517258","-0.011418279","-0.023639556","-0.12819138","-0.003655476","0.0032118745","0.0018818054","0.00081408414","0.0","0.0","0.0","0.0","0.0","0.0","0.0","0.0","0.0","0.0","-0.0024369073","0.0","0.0","0.0","0.0","0.0"
"Pouchitis","-0.22007634","-0.012736084","-0.030332055","-0.0119885225","-0.017566964","-0.012050644","-0.0032349413","0.008790346","-0.005663294","0.003401166","-0.0016634933","0.0016024841","0.0030496456","-0.006093373","0.001336644","0.0013386973","0.0014833187","-0.0015655878","-0.0011191956","-0.0022812048","0.0032914274","-0.003769479","-0.0010876738","8.700956e-05","-0.00057010935","0.003326504","0.00012283615","0.0024395816","-0.002798829","-0.0001607432","0.0027648855","0.0029609804","-0.0010443438","0.0017620911","-0.00088586373","-0.0009047997","-0.00079564453","2.4461137e-08","0.0010531262","0.028242592","0.03517258","-0.011418279","-0.023639556","-0.12819138","-0.003655476","0.0032118745","0.0018818054","0.00081408414","0.0","0.0","0.0","0.0","0.0","0.0","0.0","0.0","0.0","0.0","-0.0024369073","0.0","0.0","0.0","0.0","0.0"
"Prediabetes","-0.22007634","-0.012736084","-0.030332055","-0.0119885225","-0.017566964","-0.012050644","-0.0032349413","0.008790346","-0.005663294","0.003401166","-0.0016634933","0.0016024841","0.0030496456","-0.006093373","0.001336644","0.0013386973","0.0014833187","-0.0015655878","-0.0011191956","-0.0022812048","0.0032914274","-0.003769479","-0.0010876738","8.700956e-05","-0.00057010935","0.003326504","0.00012283615","0.0024395816","-0.002798829","-0.0001607432","0.0027648855","0.0029609804","-0.0010443438","0.0017620911","-0.00088586373","-0.0009047997","-0.00079564453","2.4461137e-08","0.0010531262","0.028242592","0.03517258","-0.011418279","-0.023639556","-0.12819138","-0.003655476","0.0032118745","0.0018818054","0.00081408414","0.0","0.0","0.0","0.0","0.0","0.0","0.0","0.0","0.0","0.0","-0.0024369073","0.0","0.0","0.0","0.0","0.0"
"Preeclampsia","-0.22007634","-0.012736084","-0.030332055","-0.0119885225","-0.017566964","-0.012050644","-0.0032349413","0.008790346","-0.005663294","0.003401166","-0.0016634933","0.0016024841","0.0030496456","-0.006093373","0.001336644","0.0013386973","0.0014833187","-0.0015655878","-0.0011191956","-0.0022812048","0.0032914274","-0.003769479","-0.0010876738","8.700956e-05","-0.00057010935","0.003326504","0.00012283615","0.0024395816","-0.002798829","-0.0001607432","0.0027648855","0.0029609804","-0.0010443438","0.0017620911","-0.00088586373","-0.0009047997","-0.00079564453","2.4461137e-08","0.0010531262","0.028242592","0.03517258","-0.011418279","-0.023639556","-0.12819138","-0.003655476","0.0032118745","0.0018818054","0.00081408414","0.0","0.0","0.0","0.0","0.0","0.0","0.0","0.0","0.0","0.0","-0.0024369073","0.0","0.0","0.0","0.0","0.0"
"Preeclamsia","-0.22007634","-0.012736084","-0.030332055","-0.0119885225","-0.017566964","-0.012050644","-0.0032349413","0.008790346","-0.005663294","0.003401166","-0.0016634933","0.0016024841","0.0030496456","-0.006093373","0.001336644","0.0013386973","0.0014833187","-0.0015655878","-0.0011191956","-0.0022812048","0.0032914274","-0.003769479","-0.0010876738","8.700956e-05","-0.00057010935","0.003326504","0.00012283615","0.0024395816","-0.002798829","-0.0001607432","0.0027648855","0.0029609804","-0.0010443438","0.0017620911","-0.00088586373","-0.0009047997","-0.00079564453","2.4461137e-08","0.0010531262","0.028242592","0.03517258","-0.011418279","-0.023639556","-0.12819138","-0.003655476","0.0032118745","0.0018818054","0.00081408414","0.0","0.0","0.0","0.0","0.0","0.0","0.0","0.0","0.0","0.0","-0.0024369073","0.0","0.0","0.0","0.0","0.0"
"Pregnancy","-0.22007634","-0.012736084","-0.030332055","-0.0119885225","-0.017566964","-0.012050644","-0.0032349413","0.008790346","-0.005663294","0.003401166","-0.0016634933","0.0016024841","0.0030496456","-0.006093373","0.001336644","0.0013386973","0.0014833187","-0.0015655878","-0.0011191956","-0.0022812048","0.0032914274","-0.003769479","-0.0010876738","8.700956e-05","-0.00057010935","0.003326504","0.00012283615","0.0024395816","-0.002798829","-0.0001607432","0.0027648855","0.0029609804","-0.0010443438","0.0017620911","-0.00088586373","-0.0009047997","-0.00079564453","2.4461137e-08","0.0010531262","0.028242592","0.03517258","-0.011418279","-0.023639556","-0.12819138","-0.003655476","0.0032118745","0.0018818054","0.00081408414","0.0","0.0","0.0","0.0","0.0","0.0","0.0","0.0","0.0","0.0","-0.0024369073","0.0","0.0","0.0","0.0","0.0"
"Pressure ulcers","-0.22007634","-0.012736084","-0.030332055","-0.0119885225","-0.017566964","-0.012050644","-0.0032349413","0.008790346","-0.005663294","0.003401166","-0.0016634933","0.0016024841","0.0030496456","-0.006093373","0.001336644","0.0013386973","0.0014833187","-0.0015655878","-0.0011191956","-0.0022812048","0.0032914274","-0.003769479","-0.0010876738","8.700956e-05","-0.00057010935","0.003326504","0.00012283615","0.0024395816","-0.002798829","-0.0001607432","0.0027648855","0.0029609804","-0.0010443438","0.0017620911","-0.00088586373","-0.0009047997","-0.00079564453","2.4461137e-08","0.0010531262","0.028242592","0.03517258","-0.011418279","-0.023639556","-0.12819138","-0.003655476","0.0032118745","0.0018818054","0.00081408414","0.0","0.0","0.0","0.0","0.0","0.0","0.0","0.0","0.0","0.0","-0.0024369073","0.0","0.0","0.0","0.0","0.0"
"Preterm birth","-0.22007634","-0.012736084","-0.030332055","-0.0119885225","-0.017566964","-0.012050644","-0.0032349413","0.008790346","-0.005663294","0.003401166","-0.0016634933","0.0016024841","0.0030496456","-0.006093373","0.001336644","0.0013386973","0.0014833187","-0.0015655878","-0.0011191956","-0.0022812048","0.0032914274","-0.003769479","-0.0010876738","8.700956e-05","-0.00057010935","0.003326504","0.00012283615","0.0024395816","-0.002798829","-0.0001607432","0.0027648855","0.0029609804","-0.0010443438","0.0017620911","-0.00088586373","-0.0009047997","-0.00079564453","2.4461137e-08","0.0010531262","0.028242592","0.03517258","-0.011418279","-0.023639556","-0.12819138","-0.003655476","0.0032118745","0.0018818054","0.00081408414","0.0","0.0","0.0","0.0","0.0","0.0","0.0","0.0","0.0","0.0","-0.0024369073","0.0","0.0","0.0","0.0","0.0"
"Primary Open-Angle Glaucoma","-0.22007634","-0.012736084","-0.030332055","-0.0119885225","-0.017566964","-0.012050644","-0.0032349413","0.008790346","-0.005663294","0.003401166","-0.0016634933","0.0016024841","0.0030496456","-0.006093373","0.001336644","0.0013386973","0.0014833187","-0.0015655878","-0.0011191956","-0.0022812048","0.0032914274","-0.003769479","-0.0010876738","8.700956e-05","-0.00057010935","0.003326504","0.00012283615","0.0024395816","-0.002798829","-0.0001607432","0.0027648855","0.0029609804","-0.0010443438","0.0017620911","-0.00088586373","-0.0009047997","-0.00079564453","2.4461137e-08","0.0010531262","0.028242592","0.03517258","-0.011418279","-0.023639556","-0.12819138","-0.003655476","0.0032118745","0.0018818054","0.00081408414","0.0","0.0","0.0","0.0","0.0","0.0","0.0","0.0","0.0","0.0","-0.0024369073","0.0","0.0","0.0","0.0","0.0"
"Primary biliary cholangitis","-0.22007634","-0.012736084","-0.030332055","-0.0119885225","-0.017566964","-0.012050644","-0.0032349413","0.008790346","-0.005663294","0.003401166","-0.0016634933","0.0016024841","0.0030496456","-0.006093373","0.001336644","0.0013386973","0.0014833187","-0.0015655878","-0.0011191956","-0.0022812048","0.0032914274","-0.003769479","-0.0010876738","8.700956e-05","-0.00057010935","0.003326504","0.00012283615","0.0024395816","-0.002798829","-0.0001607432","0.0027648855","0.0029609804","-0.0010443438","0.0017620911","-0.00088586373","-0.0009047997","-0.00079564453","2.4461137e-08","0.0010531262","0.028242592","0.03517258","-0.011418279","-0.023639556","-0.12819138","-0.003655476","0.0032118745","0.0018818054","0.00081408414","0.0","0.0","0.0","0.0","0.0","0.0","0.0","0.0","0.0","0.0","-0.0024369073","0.0","0.0","0.0","0.0","0.0"
"Primary biliary cirrhosis","-0.22007634","-0.012736084","-0.030332055","-0.0119885225","-0.017566964","-0.012050644","-0.0032349413","0.008790346","-0.005663294","0.003401166","-0.0016634933","0.0016024841","0.0030496456","-0.006093373","0.001336644","0.0013386973","0.0014833187","-0.0015655878","-0.0011191956","-0.0022812048","0.0032914274","-0.003769479","-0.0010876738","8.700956e-05","-0.00057010935","0.003326504","0.00012283615","0.0024395816","-0.002798829","-0.0001607432","0.0027648855","0.0029609804","-0.0010443438","0.0017620911","-0.00088586373","-0.0009047997","-0.00079564453","2.4461137e-08","0.0010531262","0.028242592","0.03517258","-0.011418279","-0.023639556","-0.12819138","-0.003655476","0.0032118745","0.0018818054","0.00081408414","0.0","0.0","0.0","0.0","0.0","0.0","0.0","0.0","0.0","0.0","-0.0024369073","0.0","0.0","0.0","0.0","0.0"
"Primary immune thrombocytopenia","-0.22007634","-0.012736084","-0.030332055","-0.0119885225","-0.017566964","-0.012050644","-0.0032349413","0.008790346","-0.005663294","0.003401166","-0.0016634933","0.0016024841","0.0030496456","-0.006093373","0.001336644","0.0013386973","0.0014833187","-0.0015655878","-0.0011191956","-0.0022812048","0.0032914274","-0.003769479","-0.0010876738","8.700956e-05","-0.00057010935","0.003326504","0.00012283615","0.0024395816","-0.002798829","-0.0001607432","0.0027648855","0.0029609804","-0.0010443438","0.0017620911","-0.00088586373","-0.0009047997","-0.00079564453","2.4461137e-08","0.0010531262","0.028242592","0.03517258","-0.011418279","-0.023639556","-0.12819138","-0.003655476","0.0032118745","0.0018818054","0.00081408414","0.0","0.0","0.0","0.0","0.0","0.0","0.0","0.0","0.0","0.0","-0.0024369073","0.0","0.0","0.0","0.0","0.0"
"Primary liver cancer","-0.22007634","-0.012736084","-0.030332055","-0.0119885225","-0.017566964","-0.012050644","-0.0032349413","0.008790346","-0.005663294","0.003401166","-0.0016634933","0.0016024841","0.0030496456","-0.006093373","0.001336644","0.0013386973","0.0014833187","-0.0015655878","-0.0011191956","-0.0022812048","0.0032914274","-0.003769479","-0.0010876738","8.700956e-05","-0.00057010935","0.003326504","0.00012283615","0.0024395816","-0.002798829","-0.0001607432","0.0027648855","0.0029609804","-0.0010443438","0.0017620911","-0.00088586373","-0.0009047997","-0.00079564453","2.4461137e-08","0.0010531262","0.028242592","0.03517258","-0.011418279","-0.023639556","-0.12819138","-0.003655476","0.0032118745","0.0018818054","0.00081408414","0.0","0.0","0.0","0.0","0.0","0.0","0.0","0.0","0.0","0.0","-0.0024369073","0.0","0.0","0.0","0.0","0.0"
"Primary sclerosing cholangitis","-0.22007634","-0.012736084","-0.030332055","-0.0119885225","-0.017566964","-0.012050644","-0.0032349413","0.008790346","-0.005663294","0.003401166","-0.0016634933","0.0016024841","0.0030496456","-0.006093373","0.001336644","0.0013386973","0.0014833187","-0.0015655878","-0.0011191956","-0.0022812048","0.0032914274","-0.003769479","-0.0010876738","8.700956e-05","-0.00057010935","0.003326504","0.00012283615","0.0024395816","-0.002798829","-0.0001607432","0.0027648855","0.0029609804","-0.0010443438","0.0017620911","-0.00088586373","-0.0009047997","-0.00079564453","2.4461137e-08","0.0010531262","0.028242592","0.03517258","-0.011418279","-0.023639556","-0.12819138","-0.003655476","0.0032118745","0.0018818054","0.00081408414","0.0","0.0","0.0","0.0","0.0","0.0","0.0","0.0","0.0","0.0","-0.0024369073","0.0","0.0","0.0","0.0","0.0"
"Primary sclerosing cholangitis-IBD","-0.22007634","-0.012736084","-0.030332055","-0.0119885225","-0.017566964","-0.012050644","-0.0032349413","0.008790346","-0.005663294","0.003401166","-0.0016634933","0.0016024841","0.0030496456","-0.006093373","0.001336644","0.0013386973","0.0014833187","-0.0015655878","-0.0011191956","-0.0022812048","0.0032914274","-0.003769479","-0.0010876738","8.700956e-05","-0.00057010935","0.003326504","0.00012283615","0.0024395816","-0.002798829","-0.0001607432","0.0027648855","0.0029609804","-0.0010443438","0.0017620911","-0.00088586373","-0.0009047997","-0.00079564453","2.4461137e-08","0.0010531262","0.028242592","0.03517258","-0.011418279","-0.023639556","-0.12819138","-0.003655476","0.0032118745","0.0018818054","0.00081408414","0.0","0.0","0.0","0.0","0.0","0.0","0.0","0.0","0.0","0.0","-0.0024369073","0.0","0.0","0.0","0.0","0.0"
"Progressive supranuclear palsy","-0.22007634","-0.012736084","-0.030332055","-0.0119885225","-0.017566964","-0.012050644","-0.0032349413","0.008790346","-0.005663294","0.003401166","-0.0016634933","0.0016024841","0.0030496456","-0.006093373","0.001336644","0.0013386973","0.0014833187","-0.0015655878","-0.0011191956","-0.0022812048","0.0032914274","-0.003769479","-0.0010876738","8.700956e-05","-0.00057010935","0.003326504","0.00012283615","0.0024395816","-0.002798829","-0.0001607432","0.0027648855","0.0029609804","-0.0010443438","0.0017620911","-0.00088586373","-0.0009047997","-0.00079564453","2.4461137e-08","0.0010531262","0.028242592","0.03517258","-0.011418279","-0.023639556","-0.12819138","-0.003655476","0.0032118745","0.0018818054","0.00081408414","0.0","0.0","0.0","0.0","0.0","0.0","0.0","0.0","0.0","0.0","-0.0024369073","0.0","0.0","0.0","0.0","0.0"
"Prostate cancer","-0.22007634","-0.012736084","-0.030332055","-0.0119885225","-0.017566964","-0.012050644","-0.0032349413","0.008790346","-0.005663294","0.003401166","-0.0016634933","0.0016024841","0.0030496456","-0.006093373","0.001336644","0.0013386973","0.0014833187","-0.0015655878","-0.0011191956","-0.0022812048","0.0032914274","-0.003769479","-0.0010876738","8.700956e-05","-0.00057010935","0.003326504","0.00012283615","0.0024395816","-0.002798829","-0.0001607432","0.0027648855","0.0029609804","-0.0010443438","0.0017620911","-0.00088586373","-0.0009047997","-0.00079564453","2.4461137e-08","0.0010531262","0.028242592","0.03517258","-0.011418279","-0.023639556","-0.12819138","-0.003655476","0.0032118745","0.0018818054","0.00081408414","0.0","0.0","0.0","0.0","0.0","0.0","0.0","0.0","0.0","0.0","-0.0024369073","0.0","0.0","0.0","0.0","0.0"
"Protracted bacterial bronchitis","-0.22007634","-0.012736084","-0.030332055","-0.0119885225","-0.017566964","-0.012050644","-0.0032349413","0.008790346","-0.005663294","0.003401166","-0.0016634933","0.0016024841","0.0030496456","-0.006093373","0.001336644","0.0013386973","0.0014833187","-0.0015655878","-0.0011191956","-0.0022812048","0.0032914274","-0.003769479","-0.0010876738","8.700956e-05","-0.00057010935","0.003326504","0.00012283615","0.0024395816","-0.002798829","-0.0001607432","0.0027648855","0.0029609804","-0.0010443438","0.0017620911","-0.00088586373","-0.0009047997","-0.00079564453","2.4461137e-08","0.0010531262","0.028242592","0.03517258","-0.011418279","-0.023639556","-0.12819138","-0.003655476","0.0032118745","0.0018818054","0.00081408414","0.0","0.0","0.0","0.0","0.0","0.0","0.0","0.0","0.0","0.0","-0.0024369073","0.0","0.0","0.0","0.0","0.0"
"Psoriasis","4.766118","-0.29325715","-1.2775108","-0.257835","-2.3220375","-2.2438624","-5.334589","-6.3832994","-9.7883","1.450555","8.210282","4.161721","-1.3208858","0.42326385","0.5790396","-2.575249","-9.192569","0.47433937","-0.43063137","0.43999323","-4.4592004","-4.8447704","2.825571","-0.70748395","-1.8803945","-5.042782","-12.082843","3.0216248","-0.5767696","-0.21030992","-2.3032823","-4.646059","1.2154615","-10.3747835","6.0016217","0.037170738","4.347743","-4.465322e-05","1.0487351","4.941296","5.552035","-11.545262","4.1475854","8.78641","6.567336","-4.3065205","2.8124492","-0.7484451","0.0","0.0","0.0","0.0","0.0","0.0","0.0","0.0","0.0","0.0","-1.917826","0.0","0.0","0.0","0.0","0.0"
"Psoriatic Arthritis","-0.22007634","-0.012736084","-0.030332055","-0.0119885225","-0.017566964","-0.012050644","-0.0032349413","0.008790346","-0.005663294","0.003401166","-0.0016634933","0.0016024841","0.0030496456","-0.006093373","0.001336644","0.0013386973","0.0014833187","-0.0015655878","-0.0011191956","-0.0022812048","0.0032914274","-0.003769479","-0.0010876738","8.700956e-05","-0.00057010935","0.003326504","0.00012283615","0.0024395816","-0.002798829","-0.0001607432","0.0027648855","0.0029609804","-0.0010443438","0.0017620911","-0.00088586373","-0.0009047997","-0.00079564453","2.4461137e-08","0.0010531262","0.028242592","0.03517258","-0.011418279","-0.023639556","-0.12819138","-0.003655476","0.0032118745","0.0018818054","0.00081408414","0.0","0.0","0.0","0.0","0.0","0.0","0.0","0.0","0.0","0.0","-0.0024369073","0.0","0.0","0.0","0.0","0.0"
"Pulmonary Arterial Hypertension","-0.22007634","-0.012736084","-0.030332055","-0.0119885225","-0.017566964","-0.012050644","-0.0032349413","0.008790346","-0.005663294","0.003401166","-0.0016634933","0.0016024841","0.0030496456","-0.006093373","0.001336644","0.0013386973","0.0014833187","-0.0015655878","-0.0011191956","-0.0022812048","0.0032914274","-0.003769479","-0.0010876738","8.700956e-05","-0.00057010935","0.003326504","0.00012283615","0.0024395816","-0.002798829","-0.0001607432","0.0027648855","0.0029609804","-0.0010443438","0.0017620911","-0.00088586373","-0.0009047997","-0.00079564453","2.4461137e-08","0.0010531262","0.028242592","0.03517258","-0.011418279","-0.023639556","-0.12819138","-0.003655476","0.0032118745","0.0018818054","0.00081408414","0.0","0.0","0.0","0.0","0.0","0.0","0.0","0.0","0.0","0.0","-0.0024369073","0.0","0.0","0.0","0.0","0.0"
"Pulmonary arterial hypertension","-0.22007634","-0.012736084","-0.030332055","-0.0119885225","-0.017566964","-0.012050644","-0.0032349413","0.008790346","-0.005663294","0.003401166","-0.0016634933","0.0016024841","0.0030496456","-0.006093373","0.001336644","0.0013386973","0.0014833187","-0.0015655878","-0.0011191956","-0.0022812048","0.0032914274","-0.003769479","-0.0010876738","8.700956e-05","-0.00057010935","0.003326504","0.00012283615","0.0024395816","-0.002798829","-0.0001607432","0.0027648855","0.0029609804","-0.0010443438","0.0017620911","-0.00088586373","-0.0009047997","-0.00079564453","2.4461137e-08","0.0010531262","0.028242592","0.03517258","-0.011418279","-0.023639556","-0.12819138","-0.003655476","0.0032118745","0.0018818054","0.00081408414","0.0","0.0","0.0","0.0","0.0","0.0","0.0","0.0","0.0","0.0","-0.0024369073","0.0","0.0","0.0","0.0","0.0"
"Pulmonary tubercolosis","-0.22007634","-0.012736084","-0.030332055","-0.0119885225","-0.017566964","-0.012050644","-0.0032349413","0.008790346","-0.005663294","0.003401166","-0.0016634933","0.0016024841","0.0030496456","-0.006093373","0.001336644","0.0013386973","0.0014833187","-0.0015655878","-0.0011191956","-0.0022812048","0.0032914274","-0.003769479","-0.0010876738","8.700956e-05","-0.00057010935","0.003326504","0.00012283615","0.0024395816","-0.002798829","-0.0001607432","0.0027648855","0.0029609804","-0.0010443438","0.0017620911","-0.00088586373","-0.0009047997","-0.00079564453","2.4461137e-08","0.0010531262","0.028242592","0.03517258","-0.011418279","-0.023639556","-0.12819138","-0.003655476","0.0032118745","0.0018818054","0.00081408414","0.0","0.0","0.0","0.0","0.0","0.0","0.0","0.0","0.0","0.0","-0.0024369073","0.0","0.0","0.0","0.0","0.0"
"Radiation enteritis","-0.22007634","-0.012736084","-0.030332055","-0.0119885225","-0.017566964","-0.012050644","-0.0032349413","0.008790346","-0.005663294","0.003401166","-0.0016634933","0.0016024841","0.0030496456","-0.006093373","0.001336644","0.0013386973","0.0014833187","-0.0015655878","-0.0011191956","-0.0022812048","0.0032914274","-0.003769479","-0.0010876738","8.700956e-05","-0.00057010935","0.003326504","0.00012283615","0.0024395816","-0.002798829","-0.0001607432","0.0027648855","0.0029609804","-0.0010443438","0.0017620911","-0.00088586373","-0.0009047997","-0.00079564453","2.4461137e-08","0.0010531262","0.028242592","0.03517258","-0.011418279","-0.023639556","-0.12819138","-0.003655476","0.0032118745","0.0018818054","0.00081408414","0.0","0.0","0.0","0.0","0.0","0.0","0.0","0.0","0.0","0.0","-0.0024369073","0.0","0.0","0.0","0.0","0.0"
"Reactive arthritis","-0.22007634","-0.012736084","-0.030332055","-0.0119885225","-0.017566964","-0.012050644","-0.0032349413","0.008790346","-0.005663294","0.003401166","-0.0016634933","0.0016024841","0.0030496456","-0.006093373","0.001336644","0.0013386973","0.0014833187","-0.0015655878","-0.0011191956","-0.0022812048","0.0032914274","-0.003769479","-0.0010876738","8.700956e-05","-0.00057010935","0.003326504","0.00012283615","0.0024395816","-0.002798829","-0.0001607432","0.0027648855","0.0029609804","-0.0010443438","0.0017620911","-0.00088586373","-0.0009047997","-0.00079564453","2.4461137e-08","0.0010531262","0.028242592","0.03517258","-0.011418279","-0.023639556","-0.12819138","-0.003655476","0.0032118745","0.0018818054","0.00081408414","0.0","0.0","0.0","0.0","0.0","0.0","0.0","0.0","0.0","0.0","-0.0024369073","0.0","0.0","0.0","0.0","0.0"
"Rectal Carcinoma","-0.22007634","-0.012736084","-0.030332055","-0.0119885225","-0.017566964","-0.012050644","-0.0032349413","0.008790346","-0.005663294","0.003401166","-0.0016634933","0.0016024841","0.0030496456","-0.006093373","0.001336644","0.0013386973","0.0014833187","-0.0015655878","-0.0011191956","-0.0022812048","0.0032914274","-0.003769479","-0.0010876738","8.700956e-05","-0.00057010935","0.003326504","0.00012283615","0.0024395816","-0.002798829","-0.0001607432","0.0027648855","0.0029609804","-0.0010443438","0.0017620911","-0.00088586373","-0.0009047997","-0.00079564453","2.4461137e-08","0.0010531262","0.028242592","0.03517258","-0.011418279","-0.023639556","-0.12819138","-0.003655476","0.0032118745","0.0018818054","0.00081408414","0.0","0.0","0.0","0.0","0.0","0.0","0.0","0.0","0.0","0.0","-0.0024369073","0.0","0.0","0.0","0.0","0.0"
"Rectal cancer","-0.22007634","-0.012736084","-0.030332055","-0.0119885225","-0.017566964","-0.012050644","-0.0032349413","0.008790346","-0.005663294","0.003401166","-0.0016634933","0.0016024841","0.0030496456","-0.006093373","0.001336644","0.0013386973","0.0014833187","-0.0015655878","-0.0011191956","-0.0022812048","0.0032914274","-0.003769479","-0.0010876738","8.700956e-05","-0.00057010935","0.003326504","0.00012283615","0.0024395816","-0.002798829","-0.0001607432","0.0027648855","0.0029609804","-0.0010443438","0.0017620911","-0.00088586373","-0.0009047997","-0.00079564453","2.4461137e-08","0.0010531262","0.028242592","0.03517258","-0.011418279","-0.023639556","-0.12819138","-0.003655476","0.0032118745","0.0018818054","0.00081408414","0.0","0.0","0.0","0.0","0.0","0.0","0.0","0.0","0.0","0.0","-0.0024369073","0.0","0.0","0.0","0.0","0.0"
"Recurrent Clostridium difficile infection","-0.22007634","-0.012736084","-0.030332055","-0.0119885225","-0.017566964","-0.012050644","-0.0032349413","0.008790346","-0.005663294","0.003401166","-0.0016634933","0.0016024841","0.0030496456","-0.006093373","0.001336644","0.0013386973","0.0014833187","-0.0015655878","-0.0011191956","-0.0022812048","0.0032914274","-0.003769479","-0.0010876738","8.700956e-05","-0.00057010935","0.003326504","0.00012283615","0.0024395816","-0.002798829","-0.0001607432","0.0027648855","0.0029609804","-0.0010443438","0.0017620911","-0.00088586373","-0.0009047997","-0.00079564453","2.4461137e-08","0.0010531262","0.028242592","0.03517258","-0.011418279","-0.023639556","-0.12819138","-0.003655476","0.0032118745","0.0018818054","0.00081408414","0.0","0.0","0.0","0.0","0.0","0.0","0.0","0.0","0.0","0.0","-0.0024369073","0.0","0.0","0.0","0.0","0.0"
"Recurrent aphthous stomatitis ","-0.22007634","-0.012736084","-0.030332055","-0.0119885225","-0.017566964","-0.012050644","-0.0032349413","0.008790346","-0.005663294","0.003401166","-0.0016634933","0.0016024841","0.0030496456","-0.006093373","0.001336644","0.0013386973","0.0014833187","-0.0015655878","-0.0011191956","-0.0022812048","0.0032914274","-0.003769479","-0.0010876738","8.700956e-05","-0.00057010935","0.003326504","0.00012283615","0.0024395816","-0.002798829","-0.0001607432","0.0027648855","0.0029609804","-0.0010443438","0.0017620911","-0.00088586373","-0.0009047997","-0.00079564453","2.4461137e-08","0.0010531262","0.028242592","0.03517258","-0.011418279","-0.023639556","-0.12819138","-0.003655476","0.0032118745","0.0018818054","0.00081408414","0.0","0.0","0.0","0.0","0.0","0.0","0.0","0.0","0.0","0.0","-0.0024369073","0.0","0.0","0.0","0.0","0.0"
"Recurrent miscarriage","-0.22007634","-0.012736084","-0.030332055","-0.0119885225","-0.017566964","-0.012050644","-0.0032349413","0.008790346","-0.005663294","0.003401166","-0.0016634933","0.0016024841","0.0030496456","-0.006093373","0.001336644","0.0013386973","0.0014833187","-0.0015655878","-0.0011191956","-0.0022812048","0.0032914274","-0.003769479","-0.0010876738","8.700956e-05","-0.00057010935","0.003326504","0.00012283615","0.0024395816","-0.002798829","-0.0001607432","0.0027648855","0.0029609804","-0.0010443438","0.0017620911","-0.00088586373","-0.0009047997","-0.00079564453","2.4461137e-08","0.0010531262","0.028242592","0.03517258","-0.011418279","-0.023639556","-0.12819138","-0.003655476","0.0032118745","0.0018818054","0.00081408414","0.0","0.0","0.0","0.0","0.0","0.0","0.0","0.0","0.0","0.0","-0.0024369073","0.0","0.0","0.0","0.0","0.0"
"Recurrent tonsillitis","-0.22007634","-0.012736084","-0.030332055","-0.0119885225","-0.017566964","-0.012050644","-0.0032349413","0.008790346","-0.005663294","0.003401166","-0.0016634933","0.0016024841","0.0030496456","-0.006093373","0.001336644","0.0013386973","0.0014833187","-0.0015655878","-0.0011191956","-0.0022812048","0.0032914274","-0.003769479","-0.0010876738","8.700956e-05","-0.00057010935","0.003326504","0.00012283615","0.0024395816","-0.002798829","-0.0001607432","0.0027648855","0.0029609804","-0.0010443438","0.0017620911","-0.00088586373","-0.0009047997","-0.00079564453","2.4461137e-08","0.0010531262","0.028242592","0.03517258","-0.011418279","-0.023639556","-0.12819138","-0.003655476","0.0032118745","0.0018818054","0.00081408414","0.0","0.0","0.0","0.0","0.0","0.0","0.0","0.0","0.0","0.0","-0.0024369073","0.0","0.0","0.0","0.0","0.0"
"Reflux esophagitis","-0.22007634","-0.012736084","-0.030332055","-0.0119885225","-0.017566964","-0.012050644","-0.0032349413","0.008790346","-0.005663294","0.003401166","-0.0016634933","0.0016024841","0.0030496456","-0.006093373","0.001336644","0.0013386973","0.0014833187","-0.0015655878","-0.0011191956","-0.0022812048","0.0032914274","-0.003769479","-0.0010876738","8.700956e-05","-0.00057010935","0.003326504","0.00012283615","0.0024395816","-0.002798829","-0.0001607432","0.0027648855","0.0029609804","-0.0010443438","0.0017620911","-0.00088586373","-0.0009047997","-0.00079564453","2.4461137e-08","0.0010531262","0.028242592","0.03517258","-0.011418279","-0.023639556","-0.12819138","-0.003655476","0.0032118745","0.0018818054","0.00081408414","0.0","0.0","0.0","0.0","0.0","0.0","0.0","0.0","0.0","0.0","-0.0024369073","0.0","0.0","0.0","0.0","0.0"
"Refractory celiac disease","-0.22007634","-0.012736084","-0.030332055","-0.0119885225","-0.017566964","-0.012050644","-0.0032349413","0.008790346","-0.005663294","0.003401166","-0.0016634933","0.0016024841","0.0030496456","-0.006093373","0.001336644","0.0013386973","0.0014833187","-0.0015655878","-0.0011191956","-0.0022812048","0.0032914274","-0.003769479","-0.0010876738","8.700956e-05","-0.00057010935","0.003326504","0.00012283615","0.0024395816","-0.002798829","-0.0001607432","0.0027648855","0.0029609804","-0.0010443438","0.0017620911","-0.00088586373","-0.0009047997","-0.00079564453","2.4461137e-08","0.0010531262","0.028242592","0.03517258","-0.011418279","-0.023639556","-0.12819138","-0.003655476","0.0032118745","0.0018818054","0.00081408414","0.0","0.0","0.0","0.0","0.0","0.0","0.0","0.0","0.0","0.0","-0.0024369073","0.0","0.0","0.0","0.0","0.0"
"Rett Syndrome","-0.22007634","-0.012736084","-0.030332055","-0.0119885225","-0.017566964","-0.012050644","-0.0032349413","0.008790346","-0.005663294","0.003401166","-0.0016634933","0.0016024841","0.0030496456","-0.006093373","0.001336644","0.0013386973","0.0014833187","-0.0015655878","-0.0011191956","-0.0022812048","0.0032914274","-0.003769479","-0.0010876738","8.700956e-05","-0.00057010935","0.003326504","0.00012283615","0.0024395816","-0.002798829","-0.0001607432","0.0027648855","0.0029609804","-0.0010443438","0.0017620911","-0.00088586373","-0.0009047997","-0.00079564453","2.4461137e-08","0.0010531262","0.028242592","0.03517258","-0.011418279","-0.023639556","-0.12819138","-0.003655476","0.0032118745","0.0018818054","0.00081408414","0.0","0.0","0.0","0.0","0.0","0.0","0.0","0.0","0.0","0.0","-0.0024369073","0.0","0.0","0.0","0.0","0.0"
"Rett syndrome","-0.22007634","-0.012736084","-0.030332055","-0.0119885225","-0.017566964","-0.012050644","-0.0032349413","0.008790346","-0.005663294","0.003401166","-0.0016634933","0.0016024841","0.0030496456","-0.006093373","0.001336644","0.0013386973","0.0014833187","-0.0015655878","-0.0011191956","-0.0022812048","0.0032914274","-0.003769479","-0.0010876738","8.700956e-05","-0.00057010935","0.003326504","0.00012283615","0.0024395816","-0.002798829","-0.0001607432","0.0027648855","0.0029609804","-0.0010443438","0.0017620911","-0.00088586373","-0.0009047997","-0.00079564453","2.4461137e-08","0.0010531262","0.028242592","0.03517258","-0.011418279","-0.023639556","-0.12819138","-0.003655476","0.0032118745","0.0018818054","0.00081408414","0.0","0.0","0.0","0.0","0.0","0.0","0.0","0.0","0.0","0.0","-0.0024369073","0.0","0.0","0.0","0.0","0.0"
"Rheumatoid Arthritis","-0.22007634","-0.012736084","-0.030332055","-0.0119885225","-0.017566964","-0.012050644","-0.0032349413","0.008790346","-0.005663294","0.003401166","-0.0016634933","0.0016024841","0.0030496456","-0.006093373","0.001336644","0.0013386973","0.0014833187","-0.0015655878","-0.0011191956","-0.0022812048","0.0032914274","-0.003769479","-0.0010876738","8.700956e-05","-0.00057010935","0.003326504","0.00012283615","0.0024395816","-0.002798829","-0.0001607432","0.0027648855","0.0029609804","-0.0010443438","0.0017620911","-0.00088586373","-0.0009047997","-0.00079564453","2.4461137e-08","0.0010531262","0.028242592","0.03517258","-0.011418279","-0.023639556","-0.12819138","-0.003655476","0.0032118745","0.0018818054","0.00081408414","0.0","0.0","0.0","0.0","0.0","0.0","0.0","0.0","0.0","0.0","-0.0024369073","0.0","0.0","0.0","0.0","0.0"
"Rheumatoid arthrits","4.9169335","-3.3846674","0.30978042","-1.5993315","-0.6390317","-1.7089263","0.09677845","-4.3421783","1.7984691","10.986961","-2.4975936","2.7431483","6.270467","-3.8107839","-5.018312","-1.5291653","6.164207","-4.345581","-10.928038","4.792647","-3.9924216","3.7852983","-2.009153","-0.6863096","-0.8747091","2.2479513","-1.2551625","0.5243627","-0.3734941","1.0234345","-2.5817473","-4.374402","3.7286112","-0.22554375","-1.5318967","-3.0490565","1.0542598","-0.00034162818","-15.303843","4.745502","-5.177328","0.2148114","3.3813736","5.1418066","2.207283","0.77370214","-0.52901864","3.2623909","0.0","0.0","0.0","0.0","0.0","0.0","0.0","0.0","0.0","0.0","0.4549878","0.0","0.0","0.0","0.0","0.0"
"Rhinovirus infection","-0.22007634","-0.012736084","-0.030332055","-0.0119885225","-0.017566964","-0.012050644","-0.0032349413","0.008790346","-0.005663294","0.003401166","-0.0016634933","0.0016024841","0.0030496456","-0.006093373","0.001336644","0.0013386973","0.0014833187","-0.0015655878","-0.0011191956","-0.0022812048","0.0032914274","-0.003769479","-0.0010876738","8.700956e-05","-0.00057010935","0.003326504","0.00012283615","0.0024395816","-0.002798829","-0.0001607432","0.0027648855","0.0029609804","-0.0010443438","0.0017620911","-0.00088586373","-0.0009047997","-0.00079564453","2.4461137e-08","0.0010531262","0.028242592","0.03517258","-0.011418279","-0.023639556","-0.12819138","-0.003655476","0.0032118745","0.0018818054","0.00081408414","0.0","0.0","0.0","0.0","0.0","0.0","0.0","0.0","0.0","0.0","-0.0024369073","0.0","0.0","0.0","0.0","0.0"
"Rosacea","-0.22007634","-0.012736084","-0.030332055","-0.0119885225","-0.017566964","-0.012050644","-0.0032349413","0.008790346","-0.005663294","0.003401166","-0.0016634933","0.0016024841","0.0030496456","-0.006093373","0.001336644","0.0013386973","0.0014833187","-0.0015655878","-0.0011191956","-0.0022812048","0.0032914274","-0.003769479","-0.0010876738","8.700956e-05","-0.00057010935","0.003326504","0.00012283615","0.0024395816","-0.002798829","-0.0001607432","0.0027648855","0.0029609804","-0.0010443438","0.0017620911","-0.00088586373","-0.0009047997","-0.00079564453","2.4461137e-08","0.0010531262","0.028242592","0.03517258","-0.011418279","-0.023639556","-0.12819138","-0.003655476","0.0032118745","0.0018818054","0.00081408414","0.0","0.0","0.0","0.0","0.0","0.0","0.0","0.0","0.0","0.0","-0.0024369073","0.0","0.0","0.0","0.0","0.0"
"Sarcopenia","-0.22007634","-0.012736084","-0.030332055","-0.0119885225","-0.017566964","-0.012050644","-0.0032349413","0.008790346","-0.005663294","0.003401166","-0.0016634933","0.0016024841","0.0030496456","-0.006093373","0.001336644","0.0013386973","0.0014833187","-0.0015655878","-0.0011191956","-0.0022812048","0.0032914274","-0.003769479","-0.0010876738","8.700956e-05","-0.00057010935","0.003326504","0.00012283615","0.0024395816","-0.002798829","-0.0001607432","0.0027648855","0.0029609804","-0.0010443438","0.0017620911","-0.00088586373","-0.0009047997","-0.00079564453","2.4461137e-08","0.0010531262","0.028242592","0.03517258","-0.011418279","-0.023639556","-0.12819138","-0.003655476","0.0032118745","0.0018818054","0.00081408414","0.0","0.0","0.0","0.0","0.0","0.0","0.0","0.0","0.0","0.0","-0.0024369073","0.0","0.0","0.0","0.0","0.0"
"Schizophrenia","-0.22007634","-0.012736084","-0.030332055","-0.0119885225","-0.017566964","-0.012050644","-0.0032349413","0.008790346","-0.005663294","0.003401166","-0.0016634933","0.0016024841","0.0030496456","-0.006093373","0.001336644","0.0013386973","0.0014833187","-0.0015655878","-0.0011191956","-0.0022812048","0.0032914274","-0.003769479","-0.0010876738","8.700956e-05","-0.00057010935","0.003326504","0.00012283615","0.0024395816","-0.002798829","-0.0001607432","0.0027648855","0.0029609804","-0.0010443438","0.0017620911","-0.00088586373","-0.0009047997","-0.00079564453","2.4461137e-08","0.0010531262","0.028242592","0.03517258","-0.011418279","-0.023639556","-0.12819138","-0.003655476","0.0032118745","0.0018818054","0.00081408414","0.0","0.0","0.0","0.0","0.0","0.0","0.0","0.0","0.0","0.0","-0.0024369073","0.0","0.0","0.0","0.0","0.0"
"Seborrheic dermatitis","-0.22007634","-0.012736084","-0.030332055","-0.0119885225","-0.017566964","-0.012050644","-0.0032349413","0.008790346","-0.005663294","0.003401166","-0.0016634933","0.0016024841","0.0030496456","-0.006093373","0.001336644","0.0013386973","0.0014833187","-0.0015655878","-0.0011191956","-0.0022812048","0.0032914274","-0.003769479","-0.0010876738","8.700956e-05","-0.00057010935","0.003326504","0.00012283615","0.0024395816","-0.002798829","-0.0001607432","0.0027648855","0.0029609804","-0.0010443438","0.0017620911","-0.00088586373","-0.0009047997","-0.00079564453","2.4461137e-08","0.0010531262","0.028242592","0.03517258","-0.011418279","-0.023639556","-0.12819138","-0.003655476","0.0032118745","0.0018818054","0.00081408414","0.0","0.0","0.0","0.0","0.0","0.0","0.0","0.0","0.0","0.0","-0.0024369073","0.0","0.0","0.0","0.0","0.0"
"Seminal hyperviscosity","-0.22007634","-0.012736084","-0.030332055","-0.0119885225","-0.017566964","-0.012050644","-0.0032349413","0.008790346","-0.005663294","0.003401166","-0.0016634933","0.0016024841","0.0030496456","-0.006093373","0.001336644","0.0013386973","0.0014833187","-0.0015655878","-0.0011191956","-0.0022812048","0.0032914274","-0.003769479","-0.0010876738","8.700956e-05","-0.00057010935","0.003326504","0.00012283615","0.0024395816","-0.002798829","-0.0001607432","0.0027648855","0.0029609804","-0.0010443438","0.0017620911","-0.00088586373","-0.0009047997","-0.00079564453","2.4461137e-08","0.0010531262","0.028242592","0.03517258","-0.011418279","-0.023639556","-0.12819138","-0.003655476","0.0032118745","0.0018818054","0.00081408414","0.0","0.0","0.0","0.0","0.0","0.0","0.0","0.0","0.0","0.0","-0.0024369073","0.0","0.0","0.0","0.0","0.0"
"Sensitive scalp","-0.22007634","-0.012736084","-0.030332055","-0.0119885225","-0.017566964","-0.012050644","-0.0032349413","0.008790346","-0.005663294","0.003401166","-0.0016634933","0.0016024841","0.0030496456","-0.006093373","0.001336644","0.0013386973","0.0014833187","-0.0015655878","-0.0011191956","-0.0022812048","0.0032914274","-0.003769479","-0.0010876738","8.700956e-05","-0.00057010935","0.003326504","0.00012283615","0.0024395816","-0.002798829","-0.0001607432","0.0027648855","0.0029609804","-0.0010443438","0.0017620911","-0.00088586373","-0.0009047997","-0.00079564453","2.4461137e-08","0.0010531262","0.028242592","0.03517258","-0.011418279","-0.023639556","-0.12819138","-0.003655476","0.0032118745","0.0018818054","0.00081408414","0.0","0.0","0.0","0.0","0.0","0.0","0.0","0.0","0.0","0.0","-0.0024369073","0.0","0.0","0.0","0.0","0.0"
"Sepsis","-0.22007634","-0.012736084","-0.030332055","-0.0119885225","-0.017566964","-0.012050644","-0.0032349413","0.008790346","-0.005663294","0.003401166","-0.0016634933","0.0016024841","0.0030496456","-0.006093373","0.001336644","0.0013386973","0.0014833187","-0.0015655878","-0.0011191956","-0.0022812048","0.0032914274","-0.003769479","-0.0010876738","8.700956e-05","-0.00057010935","0.003326504","0.00012283615","0.0024395816","-0.002798829","-0.0001607432","0.0027648855","0.0029609804","-0.0010443438","0.0017620911","-0.00088586373","-0.0009047997","-0.00079564453","2.4461137e-08","0.0010531262","0.028242592","0.03517258","-0.011418279","-0.023639556","-0.12819138","-0.003655476","0.0032118745","0.0018818054","0.00081408414","0.0","0.0","0.0","0.0","0.0","0.0","0.0","0.0","0.0","0.0","-0.0024369073","0.0","0.0","0.0","0.0","0.0"
"Severe Acute Malnutrition","-0.22007634","-0.012736084","-0.030332055","-0.0119885225","-0.017566964","-0.012050644","-0.0032349413","0.008790346","-0.005663294","0.003401166","-0.0016634933","0.0016024841","0.0030496456","-0.006093373","0.001336644","0.0013386973","0.0014833187","-0.0015655878","-0.0011191956","-0.0022812048","0.0032914274","-0.003769479","-0.0010876738","8.700956e-05","-0.00057010935","0.003326504","0.00012283615","0.0024395816","-0.002798829","-0.0001607432","0.0027648855","0.0029609804","-0.0010443438","0.0017620911","-0.00088586373","-0.0009047997","-0.00079564453","2.4461137e-08","0.0010531262","0.028242592","0.03517258","-0.011418279","-0.023639556","-0.12819138","-0.003655476","0.0032118745","0.0018818054","0.00081408414","0.0","0.0","0.0","0.0","0.0","0.0","0.0","0.0","0.0","0.0","-0.0024369073","0.0","0.0","0.0","0.0","0.0"
"Severe congenital neutropenia","-0.22007634","-0.012736084","-0.030332055","-0.0119885225","-0.017566964","-0.012050644","-0.0032349413","0.008790346","-0.005663294","0.003401166","-0.0016634933","0.0016024841","0.0030496456","-0.006093373","0.001336644","0.0013386973","0.0014833187","-0.0015655878","-0.0011191956","-0.0022812048","0.0032914274","-0.003769479","-0.0010876738","8.700956e-05","-0.00057010935","0.003326504","0.00012283615","0.0024395816","-0.002798829","-0.0001607432","0.0027648855","0.0029609804","-0.0010443438","0.0017620911","-0.00088586373","-0.0009047997","-0.00079564453","2.4461137e-08","0.0010531262","0.028242592","0.03517258","-0.011418279","-0.023639556","-0.12819138","-0.003655476","0.0032118745","0.0018818054","0.00081408414","0.0","0.0","0.0","0.0","0.0","0.0","0.0","0.0","0.0","0.0","-0.0024369073","0.0","0.0","0.0","0.0","0.0"
"Severe fever with thrombocytopenia syndrome","-0.22007634","-0.012736084","-0.030332055","-0.0119885225","-0.017566964","-0.012050644","-0.0032349413","0.008790346","-0.005663294","0.003401166","-0.0016634933","0.0016024841","0.0030496456","-0.006093373","0.001336644","0.0013386973","0.0014833187","-0.0015655878","-0.0011191956","-0.0022812048","0.0032914274","-0.003769479","-0.0010876738","8.700956e-05","-0.00057010935","0.003326504","0.00012283615","0.0024395816","-0.002798829","-0.0001607432","0.0027648855","0.0029609804","-0.0010443438","0.0017620911","-0.00088586373","-0.0009047997","-0.00079564453","2.4461137e-08","0.0010531262","0.028242592","0.03517258","-0.011418279","-0.023639556","-0.12819138","-0.003655476","0.0032118745","0.0018818054","0.00081408414","0.0","0.0","0.0","0.0","0.0","0.0","0.0","0.0","0.0","0.0","-0.0024369073","0.0","0.0","0.0","0.0","0.0"
"Shiga Toxin-producing E. coli infection","-0.22007634","-0.012736084","-0.030332055","-0.0119885225","-0.017566964","-0.012050644","-0.0032349413","0.008790346","-0.005663294","0.003401166","-0.0016634933","0.0016024841","0.0030496456","-0.006093373","0.001336644","0.0013386973","0.0014833187","-0.0015655878","-0.0011191956","-0.0022812048","0.0032914274","-0.003769479","-0.0010876738","8.700956e-05","-0.00057010935","0.003326504","0.00012283615","0.0024395816","-0.002798829","-0.0001607432","0.0027648855","0.0029609804","-0.0010443438","0.0017620911","-0.00088586373","-0.0009047997","-0.00079564453","2.4461137e-08","0.0010531262","0.028242592","0.03517258","-0.011418279","-0.023639556","-0.12819138","-0.003655476","0.0032118745","0.0018818054","0.00081408414","0.0","0.0","0.0","0.0","0.0","0.0","0.0","0.0","0.0","0.0","-0.0024369073","0.0","0.0","0.0","0.0","0.0"
"Short Bowel Syndrome","-0.22007634","-0.012736084","-0.030332055","-0.0119885225","-0.017566964","-0.012050644","-0.0032349413","0.008790346","-0.005663294","0.003401166","-0.0016634933","0.0016024841","0.0030496456","-0.006093373","0.001336644","0.0013386973","0.0014833187","-0.0015655878","-0.0011191956","-0.0022812048","0.0032914274","-0.003769479","-0.0010876738","8.700956e-05","-0.00057010935","0.003326504","0.00012283615","0.0024395816","-0.002798829","-0.0001607432","0.0027648855","0.0029609804","-0.0010443438","0.0017620911","-0.00088586373","-0.0009047997","-0.00079564453","2.4461137e-08","0.0010531262","0.028242592","0.03517258","-0.011418279","-0.023639556","-0.12819138","-0.003655476","0.0032118745","0.0018818054","0.00081408414","0.0","0.0","0.0","0.0","0.0","0.0","0.0","0.0","0.0","0.0","-0.0024369073","0.0","0.0","0.0","0.0","0.0"
"Short bowel syndrome","-0.22007634","-0.012736084","-0.030332055","-0.0119885225","-0.017566964","-0.012050644","-0.0032349413","0.008790346","-0.005663294","0.003401166","-0.0016634933","0.0016024841","0.0030496456","-0.006093373","0.001336644","0.0013386973","0.0014833187","-0.0015655878","-0.0011191956","-0.0022812048","0.0032914274","-0.003769479","-0.0010876738","8.700956e-05","-0.00057010935","0.003326504","0.00012283615","0.0024395816","-0.002798829","-0.0001607432","0.0027648855","0.0029609804","-0.0010443438","0.0017620911","-0.00088586373","-0.0009047997","-0.00079564453","2.4461137e-08","0.0010531262","0.028242592","0.03517258","-0.011418279","-0.023639556","-0.12819138","-0.003655476","0.0032118745","0.0018818054","0.00081408414","0.0","0.0","0.0","0.0","0.0","0.0","0.0","0.0","0.0","0.0","-0.0024369073","0.0","0.0","0.0","0.0","0.0"
"Sicca syndrome","-0.22007634","-0.012736084","-0.030332055","-0.0119885225","-0.017566964","-0.012050644","-0.0032349413","0.008790346","-0.005663294","0.003401166","-0.0016634933","0.0016024841","0.0030496456","-0.006093373","0.001336644","0.0013386973","0.0014833187","-0.0015655878","-0.0011191956","-0.0022812048","0.0032914274","-0.003769479","-0.0010876738","8.700956e-05","-0.00057010935","0.003326504","0.00012283615","0.0024395816","-0.002798829","-0.0001607432","0.0027648855","0.0029609804","-0.0010443438","0.0017620911","-0.00088586373","-0.0009047997","-0.00079564453","2.4461137e-08","0.0010531262","0.028242592","0.03517258","-0.011418279","-0.023639556","-0.12819138","-0.003655476","0.0032118745","0.0018818054","0.00081408414","0.0","0.0","0.0","0.0","0.0","0.0","0.0","0.0","0.0","0.0","-0.0024369073","0.0","0.0","0.0","0.0","0.0"
"Sickle cell disease","-0.22007634","-0.012736084","-0.030332055","-0.0119885225","-0.017566964","-0.012050644","-0.0032349413","0.008790346","-0.005663294","0.003401166","-0.0016634933","0.0016024841","0.0030496456","-0.006093373","0.001336644","0.0013386973","0.0014833187","-0.0015655878","-0.0011191956","-0.0022812048","0.0032914274","-0.003769479","-0.0010876738","8.700956e-05","-0.00057010935","0.003326504","0.00012283615","0.0024395816","-0.002798829","-0.0001607432","0.0027648855","0.0029609804","-0.0010443438","0.0017620911","-0.00088586373","-0.0009047997","-0.00079564453","2.4461137e-08","0.0010531262","0.028242592","0.03517258","-0.011418279","-0.023639556","-0.12819138","-0.003655476","0.0032118745","0.0018818054","0.00081408414","0.0","0.0","0.0","0.0","0.0","0.0","0.0","0.0","0.0","0.0","-0.0024369073","0.0","0.0","0.0","0.0","0.0"
"Silicosis","-0.22007634","-0.012736084","-0.030332055","-0.0119885225","-0.017566964","-0.012050644","-0.0032349413","0.008790346","-0.005663294","0.003401166","-0.0016634933","0.0016024841","0.0030496456","-0.006093373","0.001336644","0.0013386973","0.0014833187","-0.0015655878","-0.0011191956","-0.0022812048","0.0032914274","-0.003769479","-0.0010876738","8.700956e-05","-0.00057010935","0.003326504","0.00012283615","0.0024395816","-0.002798829","-0.0001607432","0.0027648855","0.0029609804","-0.0010443438","0.0017620911","-0.00088586373","-0.0009047997","-0.00079564453","2.4461137e-08","0.0010531262","0.028242592","0.03517258","-0.011418279","-0.023639556","-0.12819138","-0.003655476","0.0032118745","0.0018818054","0.00081408414","0.0","0.0","0.0","0.0","0.0","0.0","0.0","0.0","0.0","0.0","-0.0024369073","0.0","0.0","0.0","0.0","0.0"
"Sjögren Syndrome","-0.22007634","-0.012736084","-0.030332055","-0.0119885225","-0.017566964","-0.012050644","-0.0032349413","0.008790346","-0.005663294","0.003401166","-0.0016634933","0.0016024841","0.0030496456","-0.006093373","0.001336644","0.0013386973","0.0014833187","-0.0015655878","-0.0011191956","-0.0022812048","0.0032914274","-0.003769479","-0.0010876738","8.700956e-05","-0.00057010935","0.003326504","0.00012283615","0.0024395816","-0.002798829","-0.0001607432","0.0027648855","0.0029609804","-0.0010443438","0.0017620911","-0.00088586373","-0.0009047997","-0.00079564453","2.4461137e-08","0.0010531262","0.028242592","0.03517258","-0.011418279","-0.023639556","-0.12819138","-0.003655476","0.0032118745","0.0018818054","0.00081408414","0.0","0.0","0.0","0.0","0.0","0.0","0.0","0.0","0.0","0.0","-0.0024369073","0.0","0.0","0.0","0.0","0.0"
"Skin and mucosal infections","5.226053","0.0057162773","-1.6987419","-0.5250548","-1.7324717","2.4419997","-3.3828244","2.069118","-5.202787","5.4506173","1.8172214","1.9843769","-4.387647","2.2250156","5.540408","1.1616101","-4.531867","-3.8381598","0.38341916","2.4196873","3.2544353","-1.8235333","-2.660184","0.25987232","8.770699","9.153227","15.715175","4.426039","-6.4162107","-1.4527984","-7.9268537","-3.7064056","-0.01629711","-2.8708673","3.232028","2.3184302","0.5619434","1.3464371e-06","0.25537682","-1.710827","-2.611281","2.1414647","3.2654681","3.0994","-0.32462674","5.9702997","3.9289389","8.394005","0.0","0.0","0.0","0.0","0.0","0.0","0.0","0.0","0.0","0.0","-4.1869426","0.0","0.0","0.0","0.0","0.0"
"Small intestine neoplasm","-0.22007634","-0.012736084","-0.030332055","-0.0119885225","-0.017566964","-0.012050644","-0.0032349413","0.008790346","-0.005663294","0.003401166","-0.0016634933","0.0016024841","0.0030496456","-0.006093373","0.001336644","0.0013386973","0.0014833187","-0.0015655878","-0.0011191956","-0.0022812048","0.0032914274","-0.003769479","-0.0010876738","8.700956e-05","-0.00057010935","0.003326504","0.00012283615","0.0024395816","-0.002798829","-0.0001607432","0.0027648855","0.0029609804","-0.0010443438","0.0017620911","-0.00088586373","-0.0009047997","-0.00079564453","2.4461137e-08","0.0010531262","0.028242592","0.03517258","-0.011418279","-0.023639556","-0.12819138","-0.003655476","0.0032118745","0.0018818054","0.00081408414","0.0","0.0","0.0","0.0","0.0","0.0","0.0","0.0","0.0","0.0","-0.0024369073","0.0","0.0","0.0","0.0","0.0"
"Smoking","-0.22007634","-0.012736084","-0.030332055","-0.0119885225","-0.017566964","-0.012050644","-0.0032349413","0.008790346","-0.005663294","0.003401166","-0.0016634933","0.0016024841","0.0030496456","-0.006093373","0.001336644","0.0013386973","0.0014833187","-0.0015655878","-0.0011191956","-0.0022812048","0.0032914274","-0.003769479","-0.0010876738","8.700956e-05","-0.00057010935","0.003326504","0.00012283615","0.0024395816","-0.002798829","-0.0001607432","0.0027648855","0.0029609804","-0.0010443438","0.0017620911","-0.00088586373","-0.0009047997","-0.00079564453","2.4461137e-08","0.0010531262","0.028242592","0.03517258","-0.011418279","-0.023639556","-0.12819138","-0.003655476","0.0032118745","0.0018818054","0.00081408414","0.0","0.0","0.0","0.0","0.0","0.0","0.0","0.0","0.0","0.0","-0.0024369073","0.0","0.0","0.0","0.0","0.0"
"Spinal Cord Injury","-0.22007634","-0.012736084","-0.030332055","-0.0119885225","-0.017566964","-0.012050644","-0.0032349413","0.008790346","-0.005663294","0.003401166","-0.0016634933","0.0016024841","0.0030496456","-0.006093373","0.001336644","0.0013386973","0.0014833187","-0.0015655878","-0.0011191956","-0.0022812048","0.0032914274","-0.003769479","-0.0010876738","8.700956e-05","-0.00057010935","0.003326504","0.00012283615","0.0024395816","-0.002798829","-0.0001607432","0.0027648855","0.0029609804","-0.0010443438","0.0017620911","-0.00088586373","-0.0009047997","-0.00079564453","2.4461137e-08","0.0010531262","0.028242592","0.03517258","-0.011418279","-0.023639556","-0.12819138","-0.003655476","0.0032118745","0.0018818054","0.00081408414","0.0","0.0","0.0","0.0","0.0","0.0","0.0","0.0","0.0","0.0","-0.0024369073","0.0","0.0","0.0","0.0","0.0"
"Spinal cord injury","-0.22007634","-0.012736084","-0.030332055","-0.0119885225","-0.017566964","-0.012050644","-0.0032349413","0.008790346","-0.005663294","0.003401166","-0.0016634933","0.0016024841","0.0030496456","-0.006093373","0.001336644","0.0013386973","0.0014833187","-0.0015655878","-0.0011191956","-0.0022812048","0.0032914274","-0.003769479","-0.0010876738","8.700956e-05","-0.00057010935","0.003326504","0.00012283615","0.0024395816","-0.002798829","-0.0001607432","0.0027648855","0.0029609804","-0.0010443438","0.0017620911","-0.00088586373","-0.0009047997","-0.00079564453","2.4461137e-08","0.0010531262","0.028242592","0.03517258","-0.011418279","-0.023639556","-0.12819138","-0.003655476","0.0032118745","0.0018818054","0.00081408414","0.0","0.0","0.0","0.0","0.0","0.0","0.0","0.0","0.0","0.0","-0.0024369073","0.0","0.0","0.0","0.0","0.0"
"Spleen deficiency syndrome","-0.22007634","-0.012736084","-0.030332055","-0.0119885225","-0.017566964","-0.012050644","-0.0032349413","0.008790346","-0.005663294","0.003401166","-0.0016634933","0.0016024841","0.0030496456","-0.006093373","0.001336644","0.0013386973","0.0014833187","-0.0015655878","-0.0011191956","-0.0022812048","0.0032914274","-0.003769479","-0.0010876738","8.700956e-05","-0.00057010935","0.003326504","0.00012283615","0.0024395816","-0.002798829","-0.0001607432","0.0027648855","0.0029609804","-0.0010443438","0.0017620911","-0.00088586373","-0.0009047997","-0.00079564453","2.4461137e-08","0.0010531262","0.028242592","0.03517258","-0.011418279","-0.023639556","-0.12819138","-0.003655476","0.0032118745","0.0018818054","0.00081408414","0.0","0.0","0.0","0.0","0.0","0.0","0.0","0.0","0.0","0.0","-0.0024369073","0.0","0.0","0.0","0.0","0.0"
"Spondyloarthritis","-0.22007634","-0.012736084","-0.030332055","-0.0119885225","-0.017566964","-0.012050644","-0.0032349413","0.008790346","-0.005663294","0.003401166","-0.0016634933","0.0016024841","0.0030496456","-0.006093373","0.001336644","0.0013386973","0.0014833187","-0.0015655878","-0.0011191956","-0.0022812048","0.0032914274","-0.003769479","-0.0010876738","8.700956e-05","-0.00057010935","0.003326504","0.00012283615","0.0024395816","-0.002798829","-0.0001607432","0.0027648855","0.0029609804","-0.0010443438","0.0017620911","-0.00088586373","-0.0009047997","-0.00079564453","2.4461137e-08","0.0010531262","0.028242592","0.03517258","-0.011418279","-0.023639556","-0.12819138","-0.003655476","0.0032118745","0.0018818054","0.00081408414","0.0","0.0","0.0","0.0","0.0","0.0","0.0","0.0","0.0","0.0","-0.0024369073","0.0","0.0","0.0","0.0","0.0"
"Stevens-Johnson syndrome","-0.22007634","-0.012736084","-0.030332055","-0.0119885225","-0.017566964","-0.012050644","-0.0032349413","0.008790346","-0.005663294","0.003401166","-0.0016634933","0.0016024841","0.0030496456","-0.006093373","0.001336644","0.0013386973","0.0014833187","-0.0015655878","-0.0011191956","-0.0022812048","0.0032914274","-0.003769479","-0.0010876738","8.700956e-05","-0.00057010935","0.003326504","0.00012283615","0.0024395816","-0.002798829","-0.0001607432","0.0027648855","0.0029609804","-0.0010443438","0.0017620911","-0.00088586373","-0.0009047997","-0.00079564453","2.4461137e-08","0.0010531262","0.028242592","0.03517258","-0.011418279","-0.023639556","-0.12819138","-0.003655476","0.0032118745","0.0018818054","0.00081408414","0.0","0.0","0.0","0.0","0.0","0.0","0.0","0.0","0.0","0.0","-0.0024369073","0.0","0.0","0.0","0.0","0.0"
"Stomach cancer","-0.22007634","-0.012736084","-0.030332055","-0.0119885225","-0.017566964","-0.012050644","-0.0032349413","0.008790346","-0.005663294","0.003401166","-0.0016634933","0.0016024841","0.0030496456","-0.006093373","0.001336644","0.0013386973","0.0014833187","-0.0015655878","-0.0011191956","-0.0022812048","0.0032914274","-0.003769479","-0.0010876738","8.700956e-05","-0.00057010935","0.003326504","0.00012283615","0.0024395816","-0.002798829","-0.0001607432","0.0027648855","0.0029609804","-0.0010443438","0.0017620911","-0.00088586373","-0.0009047997","-0.00079564453","2.4461137e-08","0.0010531262","0.028242592","0.03517258","-0.011418279","-0.023639556","-0.12819138","-0.003655476","0.0032118745","0.0018818054","0.00081408414","0.0","0.0","0.0","0.0","0.0","0.0","0.0","0.0","0.0","0.0","-0.0024369073","0.0","0.0","0.0","0.0","0.0"
"Systemic Lupus Erythematosus","-0.22007634","-0.012736084","-0.030332055","-0.0119885225","-0.017566964","-0.012050644","-0.0032349413","0.008790346","-0.005663294","0.003401166","-0.0016634933","0.0016024841","0.0030496456","-0.006093373","0.001336644","0.0013386973","0.0014833187","-0.0015655878","-0.0011191956","-0.0022812048","0.0032914274","-0.003769479","-0.0010876738","8.700956e-05","-0.00057010935","0.003326504","0.00012283615","0.0024395816","-0.002798829","-0.0001607432","0.0027648855","0.0029609804","-0.0010443438","0.0017620911","-0.00088586373","-0.0009047997","-0.00079564453","2.4461137e-08","0.0010531262","0.028242592","0.03517258","-0.011418279","-0.023639556","-0.12819138","-0.003655476","0.0032118745","0.0018818054","0.00081408414","0.0","0.0","0.0","0.0","0.0","0.0","0.0","0.0","0.0","0.0","-0.0024369073","0.0","0.0","0.0","0.0","0.0"
"Systemic inflammatory response syndrome","4.7653728","-3.0451107","1.2215226","3.615341","-2.379308","-2.218591","-3.046898","-4.203873","-1.1243254","-4.5278583","-2.9992576","3.8418345","-0.43787175","1.4508035","1.8228915","-2.57916","6.2000327","0.12316334","-0.2891271","-6.6320434","-0.13138305","-5.263746","11.273361","14.190187","-8.411955","3.5620792","4.741303","-6.1455283","-8.0004835","2.3611343","1.1927954","-1.443416","-1.6748093","-0.13113047","-0.30624345","-2.3648558","1.2470258","-0.00010907373","-1.2982064","-6.574126","-2.2974741","-0.06964802","1.2491167","1.0195796","2.084397","3.427029","13.015087","7.253759","0.0","0.0","0.0","0.0","0.0","0.0","0.0","0.0","0.0","0.0","-12.350777","0.0","0.0","0.0","0.0","0.0"
"Systemic lupus erythematosus","-0.22007634","-0.012736084","-0.030332055","-0.0119885225","-0.017566964","-0.012050644","-0.0032349413","0.008790346","-0.005663294","0.003401166","-0.0016634933","0.0016024841","0.0030496456","-0.006093373","0.001336644","0.0013386973","0.0014833187","-0.0015655878","-0.0011191956","-0.0022812048","0.0032914274","-0.003769479","-0.0010876738","8.700956e-05","-0.00057010935","0.003326504","0.00012283615","0.0024395816","-0.002798829","-0.0001607432","0.0027648855","0.0029609804","-0.0010443438","0.0017620911","-0.00088586373","-0.0009047997","-0.00079564453","2.4461137e-08","0.0010531262","0.028242592","0.03517258","-0.011418279","-0.023639556","-0.12819138","-0.003655476","0.0032118745","0.0018818054","0.00081408414","0.0","0.0","0.0","0.0","0.0","0.0","0.0","0.0","0.0","0.0","-0.0024369073","0.0","0.0","0.0","0.0","0.0"
"Systemic sclerosis","-0.22007634","-0.012736084","-0.030332055","-0.0119885225","-0.017566964","-0.012050644","-0.0032349413","0.008790346","-0.005663294","0.003401166","-0.0016634933","0.0016024841","0.0030496456","-0.006093373","0.001336644","0.0013386973","0.0014833187","-0.0015655878","-0.0011191956","-0.0022812048","0.0032914274","-0.003769479","-0.0010876738","8.700956e-05","-0.00057010935","0.003326504","0.00012283615","0.0024395816","-0.002798829","-0.0001607432","0.0027648855","0.0029609804","-0.0010443438","0.0017620911","-0.00088586373","-0.0009047997","-0.00079564453","2.4461137e-08","0.0010531262","0.028242592","0.03517258","-0.011418279","-0.023639556","-0.12819138","-0.003655476","0.0032118745","0.0018818054","0.00081408414","0.0","0.0","0.0","0.0","0.0","0.0","0.0","0.0","0.0","0.0","-0.0024369073","0.0","0.0","0.0","0.0","0.0"
"T2D with hyperlipidemia","-0.22007634","-0.012736084","-0.030332055","-0.0119885225","-0.017566964","-0.012050644","-0.0032349413","0.008790346","-0.005663294","0.003401166","-0.0016634933","0.0016024841","0.0030496456","-0.006093373","0.001336644","0.0013386973","0.0014833187","-0.0015655878","-0.0011191956","-0.0022812048","0.0032914274","-0.003769479","-0.0010876738","8.700956e-05","-0.00057010935","0.003326504","0.00012283615","0.0024395816","-0.002798829","-0.0001607432","0.0027648855","0.0029609804","-0.0010443438","0.0017620911","-0.00088586373","-0.0009047997","-0.00079564453","2.4461137e-08","0.0010531262","0.028242592","0.03517258","-0.011418279","-0.023639556","-0.12819138","-0.003655476","0.0032118745","0.0018818054","0.00081408414","0.0","0.0","0.0","0.0","0.0","0.0","0.0","0.0","0.0","0.0","-0.0024369073","0.0","0.0","0.0","0.0","0.0"
"T2D with hypertension","-0.22007634","-0.012736084","-0.030332055","-0.0119885225","-0.017566964","-0.012050644","-0.0032349413","0.008790346","-0.005663294","0.003401166","-0.0016634933","0.0016024841","0.0030496456","-0.006093373","0.001336644","0.0013386973","0.0014833187","-0.0015655878","-0.0011191956","-0.0022812048","0.0032914274","-0.003769479","-0.0010876738","8.700956e-05","-0.00057010935","0.003326504","0.00012283615","0.0024395816","-0.002798829","-0.0001607432","0.0027648855","0.0029609804","-0.0010443438","0.0017620911","-0.00088586373","-0.0009047997","-0.00079564453","2.4461137e-08","0.0010531262","0.028242592","0.03517258","-0.011418279","-0.023639556","-0.12819138","-0.003655476","0.0032118745","0.0018818054","0.00081408414","0.0","0.0","0.0","0.0","0.0","0.0","0.0","0.0","0.0","0.0","-0.0024369073","0.0","0.0","0.0","0.0","0.0"
"T2D with hypertension and hyperlipidemia","-0.22007634","-0.012736084","-0.030332055","-0.0119885225","-0.017566964","-0.012050644","-0.0032349413","0.008790346","-0.005663294","0.003401166","-0.0016634933","0.0016024841","0.0030496456","-0.006093373","0.001336644","0.0013386973","0.0014833187","-0.0015655878","-0.0011191956","-0.0022812048","0.0032914274","-0.003769479","-0.0010876738","8.700956e-05","-0.00057010935","0.003326504","0.00012283615","0.0024395816","-0.002798829","-0.0001607432","0.0027648855","0.0029609804","-0.0010443438","0.0017620911","-0.00088586373","-0.0009047997","-0.00079564453","2.4461137e-08","0.0010531262","0.028242592","0.03517258","-0.011418279","-0.023639556","-0.12819138","-0.003655476","0.0032118745","0.0018818054","0.00081408414","0.0","0.0","0.0","0.0","0.0","0.0","0.0","0.0","0.0","0.0","-0.0024369073","0.0","0.0","0.0","0.0","0.0"
"Tetratricopeptide repeat domain 7A deficiency","-0.22007634","-0.012736084","-0.030332055","-0.0119885225","-0.017566964","-0.012050644","-0.0032349413","0.008790346","-0.005663294","0.003401166","-0.0016634933","0.0016024841","0.0030496456","-0.006093373","0.001336644","0.0013386973","0.0014833187","-0.0015655878","-0.0011191956","-0.0022812048","0.0032914274","-0.003769479","-0.0010876738","8.700956e-05","-0.00057010935","0.003326504","0.00012283615","0.0024395816","-0.002798829","-0.0001607432","0.0027648855","0.0029609804","-0.0010443438","0.0017620911","-0.00088586373","-0.0009047997","-0.00079564453","2.4461137e-08","0.0010531262","0.028242592","0.03517258","-0.011418279","-0.023639556","-0.12819138","-0.003655476","0.0032118745","0.0018818054","0.00081408414","0.0","0.0","0.0","0.0","0.0","0.0","0.0","0.0","0.0","0.0","-0.0024369073","0.0","0.0","0.0","0.0","0.0"
"Thyroid carcinoma","-0.22007634","-0.012736084","-0.030332055","-0.0119885225","-0.017566964","-0.012050644","-0.0032349413","0.008790346","-0.005663294","0.003401166","-0.0016634933","0.0016024841","0.0030496456","-0.006093373","0.001336644","0.0013386973","0.0014833187","-0.0015655878","-0.0011191956","-0.0022812048","0.0032914274","-0.003769479","-0.0010876738","8.700956e-05","-0.00057010935","0.003326504","0.00012283615","0.0024395816","-0.002798829","-0.0001607432","0.0027648855","0.0029609804","-0.0010443438","0.0017620911","-0.00088586373","-0.0009047997","-0.00079564453","2.4461137e-08","0.0010531262","0.028242592","0.03517258","-0.011418279","-0.023639556","-0.12819138","-0.003655476","0.0032118745","0.0018818054","0.00081408414","0.0","0.0","0.0","0.0","0.0","0.0","0.0","0.0","0.0","0.0","-0.0024369073","0.0","0.0","0.0","0.0","0.0"
"Tongue cancer","-0.22007634","-0.012736084","-0.030332055","-0.0119885225","-0.017566964","-0.012050644","-0.0032349413","0.008790346","-0.005663294","0.003401166","-0.0016634933","0.0016024841","0.0030496456","-0.006093373","0.001336644","0.0013386973","0.0014833187","-0.0015655878","-0.0011191956","-0.0022812048","0.0032914274","-0.003769479","-0.0010876738","8.700956e-05","-0.00057010935","0.003326504","0.00012283615","0.0024395816","-0.002798829","-0.0001607432","0.0027648855","0.0029609804","-0.0010443438","0.0017620911","-0.00088586373","-0.0009047997","-0.00079564453","2.4461137e-08","0.0010531262","0.028242592","0.03517258","-0.011418279","-0.023639556","-0.12819138","-0.003655476","0.0032118745","0.0018818054","0.00081408414","0.0","0.0","0.0","0.0","0.0","0.0","0.0","0.0","0.0","0.0","-0.0024369073","0.0","0.0","0.0","0.0","0.0"
"Trachoma","-0.22007634","-0.012736084","-0.030332055","-0.0119885225","-0.017566964","-0.012050644","-0.0032349413","0.008790346","-0.005663294","0.003401166","-0.0016634933","0.0016024841","0.0030496456","-0.006093373","0.001336644","0.0013386973","0.0014833187","-0.0015655878","-0.0011191956","-0.0022812048","0.0032914274","-0.003769479","-0.0010876738","8.700956e-05","-0.00057010935","0.003326504","0.00012283615","0.0024395816","-0.002798829","-0.0001607432","0.0027648855","0.0029609804","-0.0010443438","0.0017620911","-0.00088586373","-0.0009047997","-0.00079564453","2.4461137e-08","0.0010531262","0.028242592","0.03517258","-0.011418279","-0.023639556","-0.12819138","-0.003655476","0.0032118745","0.0018818054","0.00081408414","0.0","0.0","0.0","0.0","0.0","0.0","0.0","0.0","0.0","0.0","-0.0024369073","0.0","0.0","0.0","0.0","0.0"
"Transient Ischemic Attack","-0.22007634","-0.012736084","-0.030332055","-0.0119885225","-0.017566964","-0.012050644","-0.0032349413","0.008790346","-0.005663294","0.003401166","-0.0016634933","0.0016024841","0.0030496456","-0.006093373","0.001336644","0.0013386973","0.0014833187","-0.0015655878","-0.0011191956","-0.0022812048","0.0032914274","-0.003769479","-0.0010876738","8.700956e-05","-0.00057010935","0.003326504","0.00012283615","0.0024395816","-0.002798829","-0.0001607432","0.0027648855","0.0029609804","-0.0010443438","0.0017620911","-0.00088586373","-0.0009047997","-0.00079564453","2.4461137e-08","0.0010531262","0.028242592","0.03517258","-0.011418279","-0.023639556","-0.12819138","-0.003655476","0.0032118745","0.0018818054","0.00081408414","0.0","0.0","0.0","0.0","0.0","0.0","0.0","0.0","0.0","0.0","-0.0024369073","0.0","0.0","0.0","0.0","0.0"
"Traumatic Brain Injury","-0.22007634","-0.012736084","-0.030332055","-0.0119885225","-0.017566964","-0.012050644","-0.0032349413","0.008790346","-0.005663294","0.003401166","-0.0016634933","0.0016024841","0.0030496456","-0.006093373","0.001336644","0.0013386973","0.0014833187","-0.0015655878","-0.0011191956","-0.0022812048","0.0032914274","-0.003769479","-0.0010876738","8.700956e-05","-0.00057010935","0.003326504","0.00012283615","0.0024395816","-0.002798829","-0.0001607432","0.0027648855","0.0029609804","-0.0010443438","0.0017620911","-0.00088586373","-0.0009047997","-0.00079564453","2.4461137e-08","0.0010531262","0.028242592","0.03517258","-0.011418279","-0.023639556","-0.12819138","-0.003655476","0.0032118745","0.0018818054","0.00081408414","0.0","0.0","0.0","0.0","0.0","0.0","0.0","0.0","0.0","0.0","-0.0024369073","0.0","0.0","0.0","0.0","0.0"
"Traumatic brain injury","-0.22007634","-0.012736084","-0.030332055","-0.0119885225","-0.017566964","-0.012050644","-0.0032349413","0.008790346","-0.005663294","0.003401166","-0.0016634933","0.0016024841","0.0030496456","-0.006093373","0.001336644","0.0013386973","0.0014833187","-0.0015655878","-0.0011191956","-0.0022812048","0.0032914274","-0.003769479","-0.0010876738","8.700956e-05","-0.00057010935","0.003326504","0.00012283615","0.0024395816","-0.002798829","-0.0001607432","0.0027648855","0.0029609804","-0.0010443438","0.0017620911","-0.00088586373","-0.0009047997","-0.00079564453","2.4461137e-08","0.0010531262","0.028242592","0.03517258","-0.011418279","-0.023639556","-0.12819138","-0.003655476","0.0032118745","0.0018818054","0.00081408414","0.0","0.0","0.0","0.0","0.0","0.0","0.0","0.0","0.0","0.0","-0.0024369073","0.0","0.0","0.0","0.0","0.0"
"Trichomonas vaginalis infection","-0.22007634","-0.012736084","-0.030332055","-0.0119885225","-0.017566964","-0.012050644","-0.0032349413","0.008790346","-0.005663294","0.003401166","-0.0016634933","0.0016024841","0.0030496456","-0.006093373","0.001336644","0.0013386973","0.0014833187","-0.0015655878","-0.0011191956","-0.0022812048","0.0032914274","-0.003769479","-0.0010876738","8.700956e-05","-0.00057010935","0.003326504","0.00012283615","0.0024395816","-0.002798829","-0.0001607432","0.0027648855","0.0029609804","-0.0010443438","0.0017620911","-0.00088586373","-0.0009047997","-0.00079564453","2.4461137e-08","0.0010531262","0.028242592","0.03517258","-0.011418279","-0.023639556","-0.12819138","-0.003655476","0.0032118745","0.0018818054","0.00081408414","0.0","0.0","0.0","0.0","0.0","0.0","0.0","0.0","0.0","0.0","-0.0024369073","0.0","0.0","0.0","0.0","0.0"
"Tuberculosis","-0.22007634","-0.012736084","-0.030332055","-0.0119885225","-0.017566964","-0.012050644","-0.0032349413","0.008790346","-0.005663294","0.003401166","-0.0016634933","0.0016024841","0.0030496456","-0.006093373","0.001336644","0.0013386973","0.0014833187","-0.0015655878","-0.0011191956","-0.0022812048","0.0032914274","-0.003769479","-0.0010876738","8.700956e-05","-0.00057010935","0.003326504","0.00012283615","0.0024395816","-0.002798829","-0.0001607432","0.0027648855","0.0029609804","-0.0010443438","0.0017620911","-0.00088586373","-0.0009047997","-0.00079564453","2.4461137e-08","0.0010531262","0.028242592","0.03517258","-0.011418279","-0.023639556","-0.12819138","-0.003655476","0.0032118745","0.0018818054","0.00081408414","0.0","0.0","0.0","0.0","0.0","0.0","0.0","0.0","0.0","0.0","-0.0024369073","0.0","0.0","0.0","0.0","0.0"
"Type 1 Diabetes","2.3328693","-3.5685973","23.822115","-11.756519","-1.4810944","0.13442507","-0.6036201","3.688012","-0.38677627","-2.2293026","3.2014542","1.6450485","-3.581627","-3.6643262","-1.395177","2.4223826","0.3321333","0.13369614","-0.03650724","-1.6776481","-1.4365177","-1.661568","-1.5977552","0.77146375","0.9566656","0.31794372","-0.18891895","0.7869805","0.08644808","1.856876","-0.53204036","0.2658591","-0.23266108","0.34604737","-0.1677942","-0.16132726","-0.11016042","2.6729726e-06","0.010629468","-4.7262173","-1.5409671","1.6906883","-0.57222635","1.9344167","-0.787311","0.80273163","-0.7582334","0.58442897","0.0","0.0","0.0","0.0","0.0","0.0","0.0","0.0","0.0","0.0","0.5361053","0.0","0.0","0.0","0.0","0.0"
"Type 1 diabetes","-0.22007634","-0.012736084","-0.030332055","-0.0119885225","-0.017566964","-0.012050644","-0.0032349413","0.008790346","-0.005663294","0.003401166","-0.0016634933","0.0016024841","0.0030496456","-0.006093373","0.001336644","0.0013386973","0.0014833187","-0.0015655878","-0.0011191956","-0.0022812048","0.0032914274","-0.003769479","-0.0010876738","8.700956e-05","-0.00057010935","0.003326504","0.00012283615","0.0024395816","-0.002798829","-0.0001607432","0.0027648855","0.0029609804","-0.0010443438","0.0017620911","-0.00088586373","-0.0009047997","-0.00079564453","2.4461137e-08","0.0010531262","0.028242592","0.03517258","-0.011418279","-0.023639556","-0.12819138","-0.003655476","0.0032118745","0.0018818054","0.00081408414","0.0","0.0","0.0","0.0","0.0","0.0","0.0","0.0","0.0","0.0","-0.0024369073","0.0","0.0","0.0","0.0","0.0"
"Type 1 diabetes mellitus","-0.22007634","-0.012736084","-0.030332055","-0.0119885225","-0.017566964","-0.012050644","-0.0032349413","0.008790346","-0.005663294","0.003401166","-0.0016634933","0.0016024841","0.0030496456","-0.006093373","0.001336644","0.0013386973","0.0014833187","-0.0015655878","-0.0011191956","-0.0022812048","0.0032914274","-0.003769479","-0.0010876738","8.700956e-05","-0.00057010935","0.003326504","0.00012283615","0.0024395816","-0.002798829","-0.0001607432","0.0027648855","0.0029609804","-0.0010443438","0.0017620911","-0.00088586373","-0.0009047997","-0.00079564453","2.4461137e-08","0.0010531262","0.028242592","0.03517258","-0.011418279","-0.023639556","-0.12819138","-0.003655476","0.0032118745","0.0018818054","0.00081408414","0.0","0.0","0.0","0.0","0.0","0.0","0.0","0.0","0.0","0.0","-0.0024369073","0.0","0.0","0.0","0.0","0.0"
"Type 2 Diabetes","3.4750369","-3.5077689","6.7635956","-3.0611465","-0.72886604","-0.36275175","1.2622142","-5.3444495","0.994631","4.0533166","-6.5349298","-5.515192","8.225516","9.055823","7.494931","-8.073459","-5.815028","2.1608524","5.026447","5.73318","6.6540504","6.007688","6.952","-3.9207473","-2.521171","-1.116887","0.6221938","-2.4183567","-0.44198373","-8.383486","2.1364393","-0.4840291","2.3667915","-0.59442675","-0.061165564","0.93489444","-0.20091201","9.655165e-06","0.31829306","-8.569008","-6.464573","3.35593","2.7543466","1.6379578","3.0374038","-3.3711982","3.0252075","-2.8253407","0.0","0.0","0.0","0.0","0.0","0.0","0.0","0.0","0.0","0.0","-2.0954978","0.0","0.0","0.0","0.0","0.0"
"Type 2 diabetes","-0.22007634","-0.012736084","-0.030332055","-0.0119885225","-0.017566964","-0.012050644","-0.0032349413","0.008790346","-0.005663294","0.003401166","-0.0016634933","0.0016024841","0.0030496456","-0.006093373","0.001336644","0.0013386973","0.0014833187","-0.0015655878","-0.0011191956","-0.0022812048","0.0032914274","-0.003769479","-0.0010876738","8.700956e-05","-0.00057010935","0.003326504","0.00012283615","0.0024395816","-0.002798829","-0.0001607432","0.0027648855","0.0029609804","-0.0010443438","0.0017620911","-0.00088586373","-0.0009047997","-0.00079564453","2.4461137e-08","0.0010531262","0.028242592","0.03517258","-0.011418279","-0.023639556","-0.12819138","-0.003655476","0.0032118745","0.0018818054","0.00081408414","0.0","0.0","0.0","0.0","0.0","0.0","0.0","0.0","0.0","0.0","-0.0024369073","0.0","0.0","0.0","0.0","0.0"
"Type 2 diabetes mellitus","-0.22007634","-0.012736084","-0.030332055","-0.0119885225","-0.017566964","-0.012050644","-0.0032349413","0.008790346","-0.005663294","0.003401166","-0.0016634933","0.0016024841","0.0030496456","-0.006093373","0.001336644","0.0013386973","0.0014833187","-0.0015655878","-0.0011191956","-0.0022812048","0.0032914274","-0.003769479","-0.0010876738","8.700956e-05","-0.00057010935","0.003326504","0.00012283615","0.0024395816","-0.002798829","-0.0001607432","0.0027648855","0.0029609804","-0.0010443438","0.0017620911","-0.00088586373","-0.0009047997","-0.00079564453","2.4461137e-08","0.0010531262","0.028242592","0.03517258","-0.011418279","-0.023639556","-0.12819138","-0.003655476","0.0032118745","0.0018818054","0.00081408414","0.0","0.0","0.0","0.0","0.0","0.0","0.0","0.0","0.0","0.0","-0.0024369073","0.0","0.0","0.0","0.0","0.0"
"Type II Diabetes","-0.22007634","-0.012736084","-0.030332055","-0.0119885225","-0.017566964","-0.012050644","-0.0032349413","0.008790346","-0.005663294","0.003401166","-0.0016634933","0.0016024841","0.0030496456","-0.006093373","0.001336644","0.0013386973","0.0014833187","-0.0015655878","-0.0011191956","-0.0022812048","0.0032914274","-0.003769479","-0.0010876738","8.700956e-05","-0.00057010935","0.003326504","0.00012283615","0.0024395816","-0.002798829","-0.0001607432","0.0027648855","0.0029609804","-0.0010443438","0.0017620911","-0.00088586373","-0.0009047997","-0.00079564453","2.4461137e-08","0.0010531262","0.028242592","0.03517258","-0.011418279","-0.023639556","-0.12819138","-0.003655476","0.0032118745","0.0018818054","0.00081408414","0.0","0.0","0.0","0.0","0.0","0.0","0.0","0.0","0.0","0.0","-0.0024369073","0.0","0.0","0.0","0.0","0.0"
"Ulcerative Colitis","4.928434","-4.4881964","-1.3880006","-0.84993666","-0.06331513","0.970212","6.997023","-3.446611","3.18507","3.863195","1.1768122","-0.10129122","3.6060846","-0.7965234","3.5522184","-5.091608","-1.6818984","7.6775465","1.5076017","-3.471902","2.8015337","1.7846278","-1.4439573","-2.725083","0.6534921","-0.9683775","-1.0645494","5.0498314","-4.7237873","18.869938","-4.2642975","6.043234","-7.9169493","0.28165254","0.1518541","0.06994985","0.12893306","6.980998e-05","1.0624604","2.6107082","6.216499","4.531631","-6.2555127","-0.06928989","-0.7322647","-2.7248187","-3.64327","-2.3918316","0.0","0.0","0.0","0.0","0.0","0.0","0.0","0.0","0.0","0.0","3.583","0.0","0.0","0.0","0.0","0.0"
"Ulcerative colitis","-0.22007634","-0.012736084","-0.030332055","-0.0119885225","-0.017566964","-0.012050644","-0.0032349413","0.008790346","-0.005663294","0.003401166","-0.0016634933","0.0016024841","0.0030496456","-0.006093373","0.001336644","0.0013386973","0.0014833187","-0.0015655878","-0.0011191956","-0.0022812048","0.0032914274","-0.003769479","-0.0010876738","8.700956e-05","-0.00057010935","0.003326504","0.00012283615","0.0024395816","-0.002798829","-0.0001607432","0.0027648855","0.0029609804","-0.0010443438","0.0017620911","-0.00088586373","-0.0009047997","-0.00079564453","2.4461137e-08","0.0010531262","0.028242592","0.03517258","-0.011418279","-0.023639556","-0.12819138","-0.003655476","0.0032118745","0.0018818054","0.00081408414","0.0","0.0","0.0","0.0","0.0","0.0","0.0","0.0","0.0","0.0","-0.0024369073","0.0","0.0","0.0","0.0","0.0"
"Undernourishment","-0.22007634","-0.012736084","-0.030332055","-0.0119885225","-0.017566964","-0.012050644","-0.0032349413","0.008790346","-0.005663294","0.003401166","-0.0016634933","0.0016024841","0.0030496456","-0.006093373","0.001336644","0.0013386973","0.0014833187","-0.0015655878","-0.0011191956","-0.0022812048","0.0032914274","-0.003769479","-0.0010876738","8.700956e-05","-0.00057010935","0.003326504","0.00012283615","0.0024395816","-0.002798829","-0.0001607432","0.0027648855","0.0029609804","-0.0010443438","0.0017620911","-0.00088586373","-0.0009047997","-0.00079564453","2.4461137e-08","0.0010531262","0.028242592","0.03517258","-0.011418279","-0.023639556","-0.12819138","-0.003655476","0.0032118745","0.0018818054","0.00081408414","0.0","0.0","0.0","0.0","0.0","0.0","0.0","0.0","0.0","0.0","-0.0024369073","0.0","0.0","0.0","0.0","0.0"
"Urgency urinary incontinence","-0.22007634","-0.012736084","-0.030332055","-0.0119885225","-0.017566964","-0.012050644","-0.0032349413","0.008790346","-0.005663294","0.003401166","-0.0016634933","0.0016024841","0.0030496456","-0.006093373","0.001336644","0.0013386973","0.0014833187","-0.0015655878","-0.0011191956","-0.0022812048","0.0032914274","-0.003769479","-0.0010876738","8.700956e-05","-0.00057010935","0.003326504","0.00012283615","0.0024395816","-0.002798829","-0.0001607432","0.0027648855","0.0029609804","-0.0010443438","0.0017620911","-0.00088586373","-0.0009047997","-0.00079564453","2.4461137e-08","0.0010531262","0.028242592","0.03517258","-0.011418279","-0.023639556","-0.12819138","-0.003655476","0.0032118745","0.0018818054","0.00081408414","0.0","0.0","0.0","0.0","0.0","0.0","0.0","0.0","0.0","0.0","-0.0024369073","0.0","0.0","0.0","0.0","0.0"
"Urogenital Schistosomiasis","-0.22007634","-0.012736084","-0.030332055","-0.0119885225","-0.017566964","-0.012050644","-0.0032349413","0.008790346","-0.005663294","0.003401166","-0.0016634933","0.0016024841","0.0030496456","-0.006093373","0.001336644","0.0013386973","0.0014833187","-0.0015655878","-0.0011191956","-0.0022812048","0.0032914274","-0.003769479","-0.0010876738","8.700956e-05","-0.00057010935","0.003326504","0.00012283615","0.0024395816","-0.002798829","-0.0001607432","0.0027648855","0.0029609804","-0.0010443438","0.0017620911","-0.00088586373","-0.0009047997","-0.00079564453","2.4461137e-08","0.0010531262","0.028242592","0.03517258","-0.011418279","-0.023639556","-0.12819138","-0.003655476","0.0032118745","0.0018818054","0.00081408414","0.0","0.0","0.0","0.0","0.0","0.0","0.0","0.0","0.0","0.0","-0.0024369073","0.0","0.0","0.0","0.0","0.0"
"Urolithiasis","-0.22007634","-0.012736084","-0.030332055","-0.0119885225","-0.017566964","-0.012050644","-0.0032349413","0.008790346","-0.005663294","0.003401166","-0.0016634933","0.0016024841","0.0030496456","-0.006093373","0.001336644","0.0013386973","0.0014833187","-0.0015655878","-0.0011191956","-0.0022812048","0.0032914274","-0.003769479","-0.0010876738","8.700956e-05","-0.00057010935","0.003326504","0.00012283615","0.0024395816","-0.002798829","-0.0001607432","0.0027648855","0.0029609804","-0.0010443438","0.0017620911","-0.00088586373","-0.0009047997","-0.00079564453","2.4461137e-08","0.0010531262","0.028242592","0.03517258","-0.011418279","-0.023639556","-0.12819138","-0.003655476","0.0032118745","0.0018818054","0.00081408414","0.0","0.0","0.0","0.0","0.0","0.0","0.0","0.0","0.0","0.0","-0.0024369073","0.0","0.0","0.0","0.0","0.0"
"Uveitits","-0.22007634","-0.012736084","-0.030332055","-0.0119885225","-0.017566964","-0.012050644","-0.0032349413","0.008790346","-0.005663294","0.003401166","-0.0016634933","0.0016024841","0.0030496456","-0.006093373","0.001336644","0.0013386973","0.0014833187","-0.0015655878","-0.0011191956","-0.0022812048","0.0032914274","-0.003769479","-0.0010876738","8.700956e-05","-0.00057010935","0.003326504","0.00012283615","0.0024395816","-0.002798829","-0.0001607432","0.0027648855","0.0029609804","-0.0010443438","0.0017620911","-0.00088586373","-0.0009047997","-0.00079564453","2.4461137e-08","0.0010531262","0.028242592","0.03517258","-0.011418279","-0.023639556","-0.12819138","-0.003655476","0.0032118745","0.0018818054","0.00081408414","0.0","0.0","0.0","0.0","0.0","0.0","0.0","0.0","0.0","0.0","-0.0024369073","0.0","0.0","0.0","0.0","0.0"
"Vestibulodynia","-0.22007634","-0.012736084","-0.030332055","-0.0119885225","-0.017566964","-0.012050644","-0.0032349413","0.008790346","-0.005663294","0.003401166","-0.0016634933","0.0016024841","0.0030496456","-0.006093373","0.001336644","0.0013386973","0.0014833187","-0.0015655878","-0.0011191956","-0.0022812048","0.0032914274","-0.003769479","-0.0010876738","8.700956e-05","-0.00057010935","0.003326504","0.00012283615","0.0024395816","-0.002798829","-0.0001607432","0.0027648855","0.0029609804","-0.0010443438","0.0017620911","-0.00088586373","-0.0009047997","-0.00079564453","2.4461137e-08","0.0010531262","0.028242592","0.03517258","-0.011418279","-0.023639556","-0.12819138","-0.003655476","0.0032118745","0.0018818054","0.00081408414","0.0","0.0","0.0","0.0","0.0","0.0","0.0","0.0","0.0","0.0","-0.0024369073","0.0","0.0","0.0","0.0","0.0"
"Viral respiratory tract infection","-0.22007634","-0.012736084","-0.030332055","-0.0119885225","-0.017566964","-0.012050644","-0.0032349413","0.008790346","-0.005663294","0.003401166","-0.0016634933","0.0016024841","0.0030496456","-0.006093373","0.001336644","0.0013386973","0.0014833187","-0.0015655878","-0.0011191956","-0.0022812048","0.0032914274","-0.003769479","-0.0010876738","8.700956e-05","-0.00057010935","0.003326504","0.00012283615","0.0024395816","-0.002798829","-0.0001607432","0.0027648855","0.0029609804","-0.0010443438","0.0017620911","-0.00088586373","-0.0009047997","-0.00079564453","2.4461137e-08","0.0010531262","0.028242592","0.03517258","-0.011418279","-0.023639556","-0.12819138","-0.003655476","0.0032118745","0.0018818054","0.00081408414","0.0","0.0","0.0","0.0","0.0","0.0","0.0","0.0","0.0","0.0","-0.0024369073","0.0","0.0","0.0","0.0","0.0"
"Vitiligo","-0.22007634","-0.012736084","-0.030332055","-0.0119885225","-0.017566964","-0.012050644","-0.0032349413","0.008790346","-0.005663294","0.003401166","-0.0016634933","0.0016024841","0.0030496456","-0.006093373","0.001336644","0.0013386973","0.0014833187","-0.0015655878","-0.0011191956","-0.0022812048","0.0032914274","-0.003769479","-0.0010876738","8.700956e-05","-0.00057010935","0.003326504","0.00012283615","0.0024395816","-0.002798829","-0.0001607432","0.0027648855","0.0029609804","-0.0010443438","0.0017620911","-0.00088586373","-0.0009047997","-0.00079564453","2.4461137e-08","0.0010531262","0.028242592","0.03517258","-0.011418279","-0.023639556","-0.12819138","-0.003655476","0.0032118745","0.0018818054","0.00081408414","0.0","0.0","0.0","0.0","0.0","0.0","0.0","0.0","0.0","0.0","-0.0024369073","0.0","0.0","0.0","0.0","0.0"
"Vogt-Koyagani-Harada disease","-0.22007634","-0.012736084","-0.030332055","-0.0119885225","-0.017566964","-0.012050644","-0.0032349413","0.008790346","-0.005663294","0.003401166","-0.0016634933","0.0016024841","0.0030496456","-0.006093373","0.001336644","0.0013386973","0.0014833187","-0.0015655878","-0.0011191956","-0.0022812048","0.0032914274","-0.003769479","-0.0010876738","8.700956e-05","-0.00057010935","0.003326504","0.00012283615","0.0024395816","-0.002798829","-0.0001607432","0.0027648855","0.0029609804","-0.0010443438","0.0017620911","-0.00088586373","-0.0009047997","-0.00079564453","2.4461137e-08","0.0010531262","0.028242592","0.03517258","-0.011418279","-0.023639556","-0.12819138","-0.003655476","0.0032118745","0.0018818054","0.00081408414","0.0","0.0","0.0","0.0","0.0","0.0","0.0","0.0","0.0","0.0","-0.0024369073","0.0","0.0","0.0","0.0","0.0"
"Vulvar vestibulitis syndrome","-0.22007634","-0.012736084","-0.030332055","-0.0119885225","-0.017566964","-0.012050644","-0.0032349413","0.008790346","-0.005663294","0.003401166","-0.0016634933","0.0016024841","0.0030496456","-0.006093373","0.001336644","0.0013386973","0.0014833187","-0.0015655878","-0.0011191956","-0.0022812048","0.0032914274","-0.003769479","-0.0010876738","8.700956e-05","-0.00057010935","0.003326504","0.00012283615","0.0024395816","-0.002798829","-0.0001607432","0.0027648855","0.0029609804","-0.0010443438","0.0017620911","-0.00088586373","-0.0009047997","-0.00079564453","2.4461137e-08","0.0010531262","0.028242592","0.03517258","-0.011418279","-0.023639556","-0.12819138","-0.003655476","0.0032118745","0.0018818054","0.00081408414","0.0","0.0","0.0","0.0","0.0","0.0","0.0","0.0","0.0","0.0","-0.0024369073","0.0","0.0","0.0","0.0","0.0"
"Vulvodynia","-0.22007634","-0.012736084","-0.030332055","-0.0119885225","-0.017566964","-0.012050644","-0.0032349413","0.008790346","-0.005663294","0.003401166","-0.0016634933","0.0016024841","0.0030496456","-0.006093373","0.001336644","0.0013386973","0.0014833187","-0.0015655878","-0.0011191956","-0.0022812048","0.0032914274","-0.003769479","-0.0010876738","8.700956e-05","-0.00057010935","0.003326504","0.00012283615","0.0024395816","-0.002798829","-0.0001607432","0.0027648855","0.0029609804","-0.0010443438","0.0017620911","-0.00088586373","-0.0009047997","-0.00079564453","2.4461137e-08","0.0010531262","0.028242592","0.03517258","-0.011418279","-0.023639556","-0.12819138","-0.003655476","0.0032118745","0.0018818054","0.00081408414","0.0","0.0","0.0","0.0","0.0","0.0","0.0","0.0","0.0","0.0","-0.0024369073","0.0","0.0","0.0","0.0","0.0"
"Whipple's disease","5.3952184","-2.0714145","-2.1275625","-0.58912146","-0.8851976","1.9014163","2.6615791","4.6471777","-1.0722907","0.9443687","-1.4469227","-1.1860281","-3.3944352","-0.52208763","4.8857374","1.1130759","2.0380468","-0.3436249","0.8282279","-3.3274448","6.5872927","-0.88293004","0.33453056","-0.104879625","-0.17881848","18.105448","-14.076293","-5.1452746","7.6001606","-0.43325076","-4.1643","0.26462397","1.7138613","1.3684958","0.88638985","1.3367143","0.21736561","4.547867e-06","-0.19153816","-4.9269266","-2.259714","2.5812132","2.6868606","0.12093374","-5.0583825","5.6917467","0.98492026","2.7680187","0.0","0.0","0.0","0.0","0.0","0.0","0.0","0.0","0.0","0.0","-1.4257023","0.0","0.0","0.0","0.0","0.0"
"Wilson's disease","-0.22007634","-0.012736084","-0.030332055","-0.0119885225","-0.017566964","-0.012050644","-0.0032349413","0.008790346","-0.005663294","0.003401166","-0.0016634933","0.0016024841","0.0030496456","-0.006093373","0.001336644","0.0013386973","0.0014833187","-0.0015655878","-0.0011191956","-0.0022812048","0.0032914274","-0.003769479","-0.0010876738","8.700956e-05","-0.00057010935","0.003326504","0.00012283615","0.0024395816","-0.002798829","-0.0001607432","0.0027648855","0.0029609804","-0.0010443438","0.0017620911","-0.00088586373","-0.0009047997","-0.00079564453","2.4461137e-08","0.0010531262","0.028242592","0.03517258","-0.011418279","-0.023639556","-0.12819138","-0.003655476","0.0032118745","0.0018818054","0.00081408414","0.0","0.0","0.0","0.0","0.0","0.0","0.0","0.0","0.0","0.0","-0.0024369073","0.0","0.0","0.0","0.0","0.0"
"Wiskott-Aldrich syndrome","-0.22007634","-0.012736084","-0.030332055","-0.0119885225","-0.017566964","-0.012050644","-0.0032349413","0.008790346","-0.005663294","0.003401166","-0.0016634933","0.0016024841","0.0030496456","-0.006093373","0.001336644","0.0013386973","0.0014833187","-0.0015655878","-0.0011191956","-0.0022812048","0.0032914274","-0.003769479","-0.0010876738","8.700956e-05","-0.00057010935","0.003326504","0.00012283615","0.0024395816","-0.002798829","-0.0001607432","0.0027648855","0.0029609804","-0.0010443438","0.0017620911","-0.00088586373","-0.0009047997","-0.00079564453","2.4461137e-08","0.0010531262","0.028242592","0.03517258","-0.011418279","-0.023639556","-0.12819138","-0.003655476","0.0032118745","0.0018818054","0.00081408414","0.0","0.0","0.0","0.0","0.0","0.0","0.0","0.0","0.0","0.0","-0.0024369073","0.0","0.0","0.0","0.0","0.0"
"X-linked inhibitor of apoptosis deficiency","-0.22007634","-0.012736084","-0.030332055","-0.0119885225","-0.017566964","-0.012050644","-0.0032349413","0.008790346","-0.005663294","0.003401166","-0.0016634933","0.0016024841","0.0030496456","-0.006093373","0.001336644","0.0013386973","0.0014833187","-0.0015655878","-0.0011191956","-0.0022812048","0.0032914274","-0.003769479","-0.0010876738","8.700956e-05","-0.00057010935","0.003326504","0.00012283615","0.0024395816","-0.002798829","-0.0001607432","0.0027648855","0.0029609804","-0.0010443438","0.0017620911","-0.00088586373","-0.0009047997","-0.00079564453","2.4461137e-08","0.0010531262","0.028242592","0.03517258","-0.011418279","-0.023639556","-0.12819138","-0.003655476","0.0032118745","0.0018818054","0.00081408414","0.0","0.0","0.0","0.0","0.0","0.0","0.0","0.0","0.0","0.0","-0.0024369073","0.0","0.0","0.0","0.0","0.0"
"abdominal bloating","-0.22007634","-0.012736084","-0.030332055","-0.0119885225","-0.017566964","-0.012050644","-0.0032349413","0.008790346","-0.005663294","0.003401166","-0.0016634933","0.0016024841","0.0030496456","-0.006093373","0.001336644","0.0013386973","0.0014833187","-0.0015655878","-0.0011191956","-0.0022812048","0.0032914274","-0.003769479","-0.0010876738","8.700956e-05","-0.00057010935","0.003326504","0.00012283615","0.0024395816","-0.002798829","-0.0001607432","0.0027648855","0.0029609804","-0.0010443438","0.0017620911","-0.00088586373","-0.0009047997","-0.00079564453","2.4461137e-08","0.0010531262","0.028242592","0.03517258","-0.011418279","-0.023639556","-0.12819138","-0.003655476","0.0032118745","0.0018818054","0.00081408414","0.0","0.0","0.0","0.0","0.0","0.0","0.0","0.0","0.0","0.0","-0.0024369073","0.0","0.0","0.0","0.0","0.0"
"abdominal dysfunction","-0.22007634","-0.012736084","-0.030332055","-0.0119885225","-0.017566964","-0.012050644","-0.0032349413","0.008790346","-0.005663294","0.003401166","-0.0016634933","0.0016024841","0.0030496456","-0.006093373","0.001336644","0.0013386973","0.0014833187","-0.0015655878","-0.0011191956","-0.0022812048","0.0032914274","-0.003769479","-0.0010876738","8.700956e-05","-0.00057010935","0.003326504","0.00012283615","0.0024395816","-0.002798829","-0.0001607432","0.0027648855","0.0029609804","-0.0010443438","0.0017620911","-0.00088586373","-0.0009047997","-0.00079564453","2.4461137e-08","0.0010531262","0.028242592","0.03517258","-0.011418279","-0.023639556","-0.12819138","-0.003655476","0.0032118745","0.0018818054","0.00081408414","0.0","0.0","0.0","0.0","0.0","0.0","0.0","0.0","0.0","0.0","-0.0024369073","0.0","0.0","0.0","0.0","0.0"
"acne","-0.22007634","-0.012736084","-0.030332055","-0.0119885225","-0.017566964","-0.012050644","-0.0032349413","0.008790346","-0.005663294","0.003401166","-0.0016634933","0.0016024841","0.0030496456","-0.006093373","0.001336644","0.0013386973","0.0014833187","-0.0015655878","-0.0011191956","-0.0022812048","0.0032914274","-0.003769479","-0.0010876738","8.700956e-05","-0.00057010935","0.003326504","0.00012283615","0.0024395816","-0.002798829","-0.0001607432","0.0027648855","0.0029609804","-0.0010443438","0.0017620911","-0.00088586373","-0.0009047997","-0.00079564453","2.4461137e-08","0.0010531262","0.028242592","0.03517258","-0.011418279","-0.023639556","-0.12819138","-0.003655476","0.0032118745","0.0018818054","0.00081408414","0.0","0.0","0.0","0.0","0.0","0.0","0.0","0.0","0.0","0.0","-0.0024369073","0.0","0.0","0.0","0.0","0.0"
"acne vulgaris","-0.22007634","-0.012736084","-0.030332055","-0.0119885225","-0.017566964","-0.012050644","-0.0032349413","0.008790346","-0.005663294","0.003401166","-0.0016634933","0.0016024841","0.0030496456","-0.006093373","0.001336644","0.0013386973","0.0014833187","-0.0015655878","-0.0011191956","-0.0022812048","0.0032914274","-0.003769479","-0.0010876738","8.700956e-05","-0.00057010935","0.003326504","0.00012283615","0.0024395816","-0.002798829","-0.0001607432","0.0027648855","0.0029609804","-0.0010443438","0.0017620911","-0.00088586373","-0.0009047997","-0.00079564453","2.4461137e-08","0.0010531262","0.028242592","0.03517258","-0.011418279","-0.023639556","-0.12819138","-0.003655476","0.0032118745","0.0018818054","0.00081408414","0.0","0.0","0.0","0.0","0.0","0.0","0.0","0.0","0.0","0.0","-0.0024369073","0.0","0.0","0.0","0.0","0.0"
"acute anterior uveitis","-0.22007634","-0.012736084","-0.030332055","-0.0119885225","-0.017566964","-0.012050644","-0.0032349413","0.008790346","-0.005663294","0.003401166","-0.0016634933","0.0016024841","0.0030496456","-0.006093373","0.001336644","0.0013386973","0.0014833187","-0.0015655878","-0.0011191956","-0.0022812048","0.0032914274","-0.003769479","-0.0010876738","8.700956e-05","-0.00057010935","0.003326504","0.00012283615","0.0024395816","-0.002798829","-0.0001607432","0.0027648855","0.0029609804","-0.0010443438","0.0017620911","-0.00088586373","-0.0009047997","-0.00079564453","2.4461137e-08","0.0010531262","0.028242592","0.03517258","-0.011418279","-0.023639556","-0.12819138","-0.003655476","0.0032118745","0.0018818054","0.00081408414","0.0","0.0","0.0","0.0","0.0","0.0","0.0","0.0","0.0","0.0","-0.0024369073","0.0","0.0","0.0","0.0","0.0"
"acute diarrhea","-0.22007634","-0.012736084","-0.030332055","-0.0119885225","-0.017566964","-0.012050644","-0.0032349413","0.008790346","-0.005663294","0.003401166","-0.0016634933","0.0016024841","0.0030496456","-0.006093373","0.001336644","0.0013386973","0.0014833187","-0.0015655878","-0.0011191956","-0.0022812048","0.0032914274","-0.003769479","-0.0010876738","8.700956e-05","-0.00057010935","0.003326504","0.00012283615","0.0024395816","-0.002798829","-0.0001607432","0.0027648855","0.0029609804","-0.0010443438","0.0017620911","-0.00088586373","-0.0009047997","-0.00079564453","2.4461137e-08","0.0010531262","0.028242592","0.03517258","-0.011418279","-0.023639556","-0.12819138","-0.003655476","0.0032118745","0.0018818054","0.00081408414","0.0","0.0","0.0","0.0","0.0","0.0","0.0","0.0","0.0","0.0","-0.0024369073","0.0","0.0","0.0","0.0","0.0"
"acute febrile diarrhea","-0.22007634","-0.012736084","-0.030332055","-0.0119885225","-0.017566964","-0.012050644","-0.0032349413","0.008790346","-0.005663294","0.003401166","-0.0016634933","0.0016024841","0.0030496456","-0.006093373","0.001336644","0.0013386973","0.0014833187","-0.0015655878","-0.0011191956","-0.0022812048","0.0032914274","-0.003769479","-0.0010876738","8.700956e-05","-0.00057010935","0.003326504","0.00012283615","0.0024395816","-0.002798829","-0.0001607432","0.0027648855","0.0029609804","-0.0010443438","0.0017620911","-0.00088586373","-0.0009047997","-0.00079564453","2.4461137e-08","0.0010531262","0.028242592","0.03517258","-0.011418279","-0.023639556","-0.12819138","-0.003655476","0.0032118745","0.0018818054","0.00081408414","0.0","0.0","0.0","0.0","0.0","0.0","0.0","0.0","0.0","0.0","-0.0024369073","0.0","0.0","0.0","0.0","0.0"
"acute lymphocytic leukemia","-0.22007634","-0.012736084","-0.030332055","-0.0119885225","-0.017566964","-0.012050644","-0.0032349413","0.008790346","-0.005663294","0.003401166","-0.0016634933","0.0016024841","0.0030496456","-0.006093373","0.001336644","0.0013386973","0.0014833187","-0.0015655878","-0.0011191956","-0.0022812048","0.0032914274","-0.003769479","-0.0010876738","8.700956e-05","-0.00057010935","0.003326504","0.00012283615","0.0024395816","-0.002798829","-0.0001607432","0.0027648855","0.0029609804","-0.0010443438","0.0017620911","-0.00088586373","-0.0009047997","-0.00079564453","2.4461137e-08","0.0010531262","0.028242592","0.03517258","-0.011418279","-0.023639556","-0.12819138","-0.003655476","0.0032118745","0.0018818054","0.00081408414","0.0","0.0","0.0","0.0","0.0","0.0","0.0","0.0","0.0","0.0","-0.0024369073","0.0","0.0","0.0","0.0","0.0"
"acute myocardial infarction","-0.22007634","-0.012736084","-0.030332055","-0.0119885225","-0.017566964","-0.012050644","-0.0032349413","0.008790346","-0.005663294","0.003401166","-0.0016634933","0.0016024841","0.0030496456","-0.006093373","0.001336644","0.0013386973","0.0014833187","-0.0015655878","-0.0011191956","-0.0022812048","0.0032914274","-0.003769479","-0.0010876738","8.700956e-05","-0.00057010935","0.003326504","0.00012283615","0.0024395816","-0.002798829","-0.0001607432","0.0027648855","0.0029609804","-0.0010443438","0.0017620911","-0.00088586373","-0.0009047997","-0.00079564453","2.4461137e-08","0.0010531262","0.028242592","0.03517258","-0.011418279","-0.023639556","-0.12819138","-0.003655476","0.0032118745","0.0018818054","0.00081408414","0.0","0.0","0.0","0.0","0.0","0.0","0.0","0.0","0.0","0.0","-0.0024369073","0.0","0.0","0.0","0.0","0.0"
"acute pancreatitis","-0.22007634","-0.012736084","-0.030332055","-0.0119885225","-0.017566964","-0.012050644","-0.0032349413","0.008790346","-0.005663294","0.003401166","-0.0016634933","0.0016024841","0.0030496456","-0.006093373","0.001336644","0.0013386973","0.0014833187","-0.0015655878","-0.0011191956","-0.0022812048","0.0032914274","-0.003769479","-0.0010876738","8.700956e-05","-0.00057010935","0.003326504","0.00012283615","0.0024395816","-0.002798829","-0.0001607432","0.0027648855","0.0029609804","-0.0010443438","0.0017620911","-0.00088586373","-0.0009047997","-0.00079564453","2.4461137e-08","0.0010531262","0.028242592","0.03517258","-0.011418279","-0.023639556","-0.12819138","-0.003655476","0.0032118745","0.0018818054","0.00081408414","0.0","0.0","0.0","0.0","0.0","0.0","0.0","0.0","0.0","0.0","-0.0024369073","0.0","0.0","0.0","0.0","0.0"
"acute respiratory tract infection","-0.22007634","-0.012736084","-0.030332055","-0.0119885225","-0.017566964","-0.012050644","-0.0032349413","0.008790346","-0.005663294","0.003401166","-0.0016634933","0.0016024841","0.0030496456","-0.006093373","0.001336644","0.0013386973","0.0014833187","-0.0015655878","-0.0011191956","-0.0022812048","0.0032914274","-0.003769479","-0.0010876738","8.700956e-05","-0.00057010935","0.003326504","0.00012283615","0.0024395816","-0.002798829","-0.0001607432","0.0027648855","0.0029609804","-0.0010443438","0.0017620911","-0.00088586373","-0.0009047997","-0.00079564453","2.4461137e-08","0.0010531262","0.028242592","0.03517258","-0.011418279","-0.023639556","-0.12819138","-0.003655476","0.0032118745","0.0018818054","0.00081408414","0.0","0.0","0.0","0.0","0.0","0.0","0.0","0.0","0.0","0.0","-0.0024369073","0.0","0.0","0.0","0.0","0.0"
"adenoma","-0.22007634","-0.012736084","-0.030332055","-0.0119885225","-0.017566964","-0.012050644","-0.0032349413","0.008790346","-0.005663294","0.003401166","-0.0016634933","0.0016024841","0.0030496456","-0.006093373","0.001336644","0.0013386973","0.0014833187","-0.0015655878","-0.0011191956","-0.0022812048","0.0032914274","-0.003769479","-0.0010876738","8.700956e-05","-0.00057010935","0.003326504","0.00012283615","0.0024395816","-0.002798829","-0.0001607432","0.0027648855","0.0029609804","-0.0010443438","0.0017620911","-0.00088586373","-0.0009047997","-0.00079564453","2.4461137e-08","0.0010531262","0.028242592","0.03517258","-0.011418279","-0.023639556","-0.12819138","-0.003655476","0.0032118745","0.0018818054","0.00081408414","0.0","0.0","0.0","0.0","0.0","0.0","0.0","0.0","0.0","0.0","-0.0024369073","0.0","0.0","0.0","0.0","0.0"
"adenomatous polyps","-0.22007634","-0.012736084","-0.030332055","-0.0119885225","-0.017566964","-0.012050644","-0.0032349413","0.008790346","-0.005663294","0.003401166","-0.0016634933","0.0016024841","0.0030496456","-0.006093373","0.001336644","0.0013386973","0.0014833187","-0.0015655878","-0.0011191956","-0.0022812048","0.0032914274","-0.003769479","-0.0010876738","8.700956e-05","-0.00057010935","0.003326504","0.00012283615","0.0024395816","-0.002798829","-0.0001607432","0.0027648855","0.0029609804","-0.0010443438","0.0017620911","-0.00088586373","-0.0009047997","-0.00079564453","2.4461137e-08","0.0010531262","0.028242592","0.03517258","-0.011418279","-0.023639556","-0.12819138","-0.003655476","0.0032118745","0.0018818054","0.00081408414","0.0","0.0","0.0","0.0","0.0","0.0","0.0","0.0","0.0","0.0","-0.0024369073","0.0","0.0","0.0","0.0","0.0"
"adiposity","-0.22007634","-0.012736084","-0.030332055","-0.0119885225","-0.017566964","-0.012050644","-0.0032349413","0.008790346","-0.005663294","0.003401166","-0.0016634933","0.0016024841","0.0030496456","-0.006093373","0.001336644","0.0013386973","0.0014833187","-0.0015655878","-0.0011191956","-0.0022812048","0.0032914274","-0.003769479","-0.0010876738","8.700956e-05","-0.00057010935","0.003326504","0.00012283615","0.0024395816","-0.002798829","-0.0001607432","0.0027648855","0.0029609804","-0.0010443438","0.0017620911","-0.00088586373","-0.0009047997","-0.00079564453","2.4461137e-08","0.0010531262","0.028242592","0.03517258","-0.011418279","-0.023639556","-0.12819138","-0.003655476","0.0032118745","0.0018818054","0.00081408414","0.0","0.0","0.0","0.0","0.0","0.0","0.0","0.0","0.0","0.0","-0.0024369073","0.0","0.0","0.0","0.0","0.0"
"advanced adenomas","-0.22007634","-0.012736084","-0.030332055","-0.0119885225","-0.017566964","-0.012050644","-0.0032349413","0.008790346","-0.005663294","0.003401166","-0.0016634933","0.0016024841","0.0030496456","-0.006093373","0.001336644","0.0013386973","0.0014833187","-0.0015655878","-0.0011191956","-0.0022812048","0.0032914274","-0.003769479","-0.0010876738","8.700956e-05","-0.00057010935","0.003326504","0.00012283615","0.0024395816","-0.002798829","-0.0001607432","0.0027648855","0.0029609804","-0.0010443438","0.0017620911","-0.00088586373","-0.0009047997","-0.00079564453","2.4461137e-08","0.0010531262","0.028242592","0.03517258","-0.011418279","-0.023639556","-0.12819138","-0.003655476","0.0032118745","0.0018818054","0.00081408414","0.0","0.0","0.0","0.0","0.0","0.0","0.0","0.0","0.0","0.0","-0.0024369073","0.0","0.0","0.0","0.0","0.0"
"age-related dysbiosis","-0.22007634","-0.012736084","-0.030332055","-0.0119885225","-0.017566964","-0.012050644","-0.0032349413","0.008790346","-0.005663294","0.003401166","-0.0016634933","0.0016024841","0.0030496456","-0.006093373","0.001336644","0.0013386973","0.0014833187","-0.0015655878","-0.0011191956","-0.0022812048","0.0032914274","-0.003769479","-0.0010876738","8.700956e-05","-0.00057010935","0.003326504","0.00012283615","0.0024395816","-0.002798829","-0.0001607432","0.0027648855","0.0029609804","-0.0010443438","0.0017620911","-0.00088586373","-0.0009047997","-0.00079564453","2.4461137e-08","0.0010531262","0.028242592","0.03517258","-0.011418279","-0.023639556","-0.12819138","-0.003655476","0.0032118745","0.0018818054","0.00081408414","0.0","0.0","0.0","0.0","0.0","0.0","0.0","0.0","0.0","0.0","-0.0024369073","0.0","0.0","0.0","0.0","0.0"
"age-related microbiota changes","-0.22007634","-0.012736084","-0.030332055","-0.0119885225","-0.017566964","-0.012050644","-0.0032349413","0.008790346","-0.005663294","0.003401166","-0.0016634933","0.0016024841","0.0030496456","-0.006093373","0.001336644","0.0013386973","0.0014833187","-0.0015655878","-0.0011191956","-0.0022812048","0.0032914274","-0.003769479","-0.0010876738","8.700956e-05","-0.00057010935","0.003326504","0.00012283615","0.0024395816","-0.002798829","-0.0001607432","0.0027648855","0.0029609804","-0.0010443438","0.0017620911","-0.00088586373","-0.0009047997","-0.00079564453","2.4461137e-08","0.0010531262","0.028242592","0.03517258","-0.011418279","-0.023639556","-0.12819138","-0.003655476","0.0032118745","0.0018818054","0.00081408414","0.0","0.0","0.0","0.0","0.0","0.0","0.0","0.0","0.0","0.0","-0.0024369073","0.0","0.0","0.0","0.0","0.0"
"aging","-0.22007634","-0.012736084","-0.030332055","-0.0119885225","-0.017566964","-0.012050644","-0.0032349413","0.008790346","-0.005663294","0.003401166","-0.0016634933","0.0016024841","0.0030496456","-0.006093373","0.001336644","0.0013386973","0.0014833187","-0.0015655878","-0.0011191956","-0.0022812048","0.0032914274","-0.003769479","-0.0010876738","8.700956e-05","-0.00057010935","0.003326504","0.00012283615","0.0024395816","-0.002798829","-0.0001607432","0.0027648855","0.0029609804","-0.0010443438","0.0017620911","-0.00088586373","-0.0009047997","-0.00079564453","2.4461137e-08","0.0010531262","0.028242592","0.03517258","-0.011418279","-0.023639556","-0.12819138","-0.003655476","0.0032118745","0.0018818054","0.00081408414","0.0","0.0","0.0","0.0","0.0","0.0","0.0","0.0","0.0","0.0","-0.0024369073","0.0","0.0","0.0","0.0","0.0"
"aging-associated immune changes","-0.22007634","-0.012736084","-0.030332055","-0.0119885225","-0.017566964","-0.012050644","-0.0032349413","0.008790346","-0.005663294","0.003401166","-0.0016634933","0.0016024841","0.0030496456","-0.006093373","0.001336644","0.0013386973","0.0014833187","-0.0015655878","-0.0011191956","-0.0022812048","0.0032914274","-0.003769479","-0.0010876738","8.700956e-05","-0.00057010935","0.003326504","0.00012283615","0.0024395816","-0.002798829","-0.0001607432","0.0027648855","0.0029609804","-0.0010443438","0.0017620911","-0.00088586373","-0.0009047997","-0.00079564453","2.4461137e-08","0.0010531262","0.028242592","0.03517258","-0.011418279","-0.023639556","-0.12819138","-0.003655476","0.0032118745","0.0018818054","0.00081408414","0.0","0.0","0.0","0.0","0.0","0.0","0.0","0.0","0.0","0.0","-0.0024369073","0.0","0.0","0.0","0.0","0.0"
"alcohol addiction","-0.22007634","-0.012736084","-0.030332055","-0.0119885225","-0.017566964","-0.012050644","-0.0032349413","0.008790346","-0.005663294","0.003401166","-0.0016634933","0.0016024841","0.0030496456","-0.006093373","0.001336644","0.0013386973","0.0014833187","-0.0015655878","-0.0011191956","-0.0022812048","0.0032914274","-0.003769479","-0.0010876738","8.700956e-05","-0.00057010935","0.003326504","0.00012283615","0.0024395816","-0.002798829","-0.0001607432","0.0027648855","0.0029609804","-0.0010443438","0.0017620911","-0.00088586373","-0.0009047997","-0.00079564453","2.4461137e-08","0.0010531262","0.028242592","0.03517258","-0.011418279","-0.023639556","-0.12819138","-0.003655476","0.0032118745","0.0018818054","0.00081408414","0.0","0.0","0.0","0.0","0.0","0.0","0.0","0.0","0.0","0.0","-0.0024369073","0.0","0.0","0.0","0.0","0.0"
"alcohol use disorder","-0.22007634","-0.012736084","-0.030332055","-0.0119885225","-0.017566964","-0.012050644","-0.0032349413","0.008790346","-0.005663294","0.003401166","-0.0016634933","0.0016024841","0.0030496456","-0.006093373","0.001336644","0.0013386973","0.0014833187","-0.0015655878","-0.0011191956","-0.0022812048","0.0032914274","-0.003769479","-0.0010876738","8.700956e-05","-0.00057010935","0.003326504","0.00012283615","0.0024395816","-0.002798829","-0.0001607432","0.0027648855","0.0029609804","-0.0010443438","0.0017620911","-0.00088586373","-0.0009047997","-0.00079564453","2.4461137e-08","0.0010531262","0.028242592","0.03517258","-0.011418279","-0.023639556","-0.12819138","-0.003655476","0.0032118745","0.0018818054","0.00081408414","0.0","0.0","0.0","0.0","0.0","0.0","0.0","0.0","0.0","0.0","-0.0024369073","0.0","0.0","0.0","0.0","0.0"
"alcoholic liver disease","-0.22007634","-0.012736084","-0.030332055","-0.0119885225","-0.017566964","-0.012050644","-0.0032349413","0.008790346","-0.005663294","0.003401166","-0.0016634933","0.0016024841","0.0030496456","-0.006093373","0.001336644","0.0013386973","0.0014833187","-0.0015655878","-0.0011191956","-0.0022812048","0.0032914274","-0.003769479","-0.0010876738","8.700956e-05","-0.00057010935","0.003326504","0.00012283615","0.0024395816","-0.002798829","-0.0001607432","0.0027648855","0.0029609804","-0.0010443438","0.0017620911","-0.00088586373","-0.0009047997","-0.00079564453","2.4461137e-08","0.0010531262","0.028242592","0.03517258","-0.011418279","-0.023639556","-0.12819138","-0.003655476","0.0032118745","0.0018818054","0.00081408414","0.0","0.0","0.0","0.0","0.0","0.0","0.0","0.0","0.0","0.0","-0.0024369073","0.0","0.0","0.0","0.0","0.0"
"allergic asthma","-0.22007634","-0.012736084","-0.030332055","-0.0119885225","-0.017566964","-0.012050644","-0.0032349413","0.008790346","-0.005663294","0.003401166","-0.0016634933","0.0016024841","0.0030496456","-0.006093373","0.001336644","0.0013386973","0.0014833187","-0.0015655878","-0.0011191956","-0.0022812048","0.0032914274","-0.003769479","-0.0010876738","8.700956e-05","-0.00057010935","0.003326504","0.00012283615","0.0024395816","-0.002798829","-0.0001607432","0.0027648855","0.0029609804","-0.0010443438","0.0017620911","-0.00088586373","-0.0009047997","-0.00079564453","2.4461137e-08","0.0010531262","0.028242592","0.03517258","-0.011418279","-0.023639556","-0.12819138","-0.003655476","0.0032118745","0.0018818054","0.00081408414","0.0","0.0","0.0","0.0","0.0","0.0","0.0","0.0","0.0","0.0","-0.0024369073","0.0","0.0","0.0","0.0","0.0"
"allergic disease","-0.22007634","-0.012736084","-0.030332055","-0.0119885225","-0.017566964","-0.012050644","-0.0032349413","0.008790346","-0.005663294","0.003401166","-0.0016634933","0.0016024841","0.0030496456","-0.006093373","0.001336644","0.0013386973","0.0014833187","-0.0015655878","-0.0011191956","-0.0022812048","0.0032914274","-0.003769479","-0.0010876738","8.700956e-05","-0.00057010935","0.003326504","0.00012283615","0.0024395816","-0.002798829","-0.0001607432","0.0027648855","0.0029609804","-0.0010443438","0.0017620911","-0.00088586373","-0.0009047997","-0.00079564453","2.4461137e-08","0.0010531262","0.028242592","0.03517258","-0.011418279","-0.023639556","-0.12819138","-0.003655476","0.0032118745","0.0018818054","0.00081408414","0.0","0.0","0.0","0.0","0.0","0.0","0.0","0.0","0.0","0.0","-0.0024369073","0.0","0.0","0.0","0.0","0.0"
"allergic reactions","-0.22007634","-0.012736084","-0.030332055","-0.0119885225","-0.017566964","-0.012050644","-0.0032349413","0.008790346","-0.005663294","0.003401166","-0.0016634933","0.0016024841","0.0030496456","-0.006093373","0.001336644","0.0013386973","0.0014833187","-0.0015655878","-0.0011191956","-0.0022812048","0.0032914274","-0.003769479","-0.0010876738","8.700956e-05","-0.00057010935","0.003326504","0.00012283615","0.0024395816","-0.002798829","-0.0001607432","0.0027648855","0.0029609804","-0.0010443438","0.0017620911","-0.00088586373","-0.0009047997","-0.00079564453","2.4461137e-08","0.0010531262","0.028242592","0.03517258","-0.011418279","-0.023639556","-0.12819138","-0.003655476","0.0032118745","0.0018818054","0.00081408414","0.0","0.0","0.0","0.0","0.0","0.0","0.0","0.0","0.0","0.0","-0.0024369073","0.0","0.0","0.0","0.0","0.0"
"allergic rhinitis","-0.22007634","-0.012736084","-0.030332055","-0.0119885225","-0.017566964","-0.012050644","-0.0032349413","0.008790346","-0.005663294","0.003401166","-0.0016634933","0.0016024841","0.0030496456","-0.006093373","0.001336644","0.0013386973","0.0014833187","-0.0015655878","-0.0011191956","-0.0022812048","0.0032914274","-0.003769479","-0.0010876738","8.700956e-05","-0.00057010935","0.003326504","0.00012283615","0.0024395816","-0.002798829","-0.0001607432","0.0027648855","0.0029609804","-0.0010443438","0.0017620911","-0.00088586373","-0.0009047997","-0.00079564453","2.4461137e-08","0.0010531262","0.028242592","0.03517258","-0.011418279","-0.023639556","-0.12819138","-0.003655476","0.0032118745","0.0018818054","0.00081408414","0.0","0.0","0.0","0.0","0.0","0.0","0.0","0.0","0.0","0.0","-0.0024369073","0.0","0.0","0.0","0.0","0.0"
"allergic sensitisation","-0.22007634","-0.012736084","-0.030332055","-0.0119885225","-0.017566964","-0.012050644","-0.0032349413","0.008790346","-0.005663294","0.003401166","-0.0016634933","0.0016024841","0.0030496456","-0.006093373","0.001336644","0.0013386973","0.0014833187","-0.0015655878","-0.0011191956","-0.0022812048","0.0032914274","-0.003769479","-0.0010876738","8.700956e-05","-0.00057010935","0.003326504","0.00012283615","0.0024395816","-0.002798829","-0.0001607432","0.0027648855","0.0029609804","-0.0010443438","0.0017620911","-0.00088586373","-0.0009047997","-0.00079564453","2.4461137e-08","0.0010531262","0.028242592","0.03517258","-0.011418279","-0.023639556","-0.12819138","-0.003655476","0.0032118745","0.0018818054","0.00081408414","0.0","0.0","0.0","0.0","0.0","0.0","0.0","0.0","0.0","0.0","-0.0024369073","0.0","0.0","0.0","0.0","0.0"
"allergy","-0.22007634","-0.012736084","-0.030332055","-0.0119885225","-0.017566964","-0.012050644","-0.0032349413","0.008790346","-0.005663294","0.003401166","-0.0016634933","0.0016024841","0.0030496456","-0.006093373","0.001336644","0.0013386973","0.0014833187","-0.0015655878","-0.0011191956","-0.0022812048","0.0032914274","-0.003769479","-0.0010876738","8.700956e-05","-0.00057010935","0.003326504","0.00012283615","0.0024395816","-0.002798829","-0.0001607432","0.0027648855","0.0029609804","-0.0010443438","0.0017620911","-0.00088586373","-0.0009047997","-0.00079564453","2.4461137e-08","0.0010531262","0.028242592","0.03517258","-0.011418279","-0.023639556","-0.12819138","-0.003655476","0.0032118745","0.0018818054","0.00081408414","0.0","0.0","0.0","0.0","0.0","0.0","0.0","0.0","0.0","0.0","-0.0024369073","0.0","0.0","0.0","0.0","0.0"
"amyotrophic lateral sclerosis","-0.22007634","-0.012736084","-0.030332055","-0.0119885225","-0.017566964","-0.012050644","-0.0032349413","0.008790346","-0.005663294","0.003401166","-0.0016634933","0.0016024841","0.0030496456","-0.006093373","0.001336644","0.0013386973","0.0014833187","-0.0015655878","-0.0011191956","-0.0022812048","0.0032914274","-0.003769479","-0.0010876738","8.700956e-05","-0.00057010935","0.003326504","0.00012283615","0.0024395816","-0.002798829","-0.0001607432","0.0027648855","0.0029609804","-0.0010443438","0.0017620911","-0.00088586373","-0.0009047997","-0.00079564453","2.4461137e-08","0.0010531262","0.028242592","0.03517258","-0.011418279","-0.023639556","-0.12819138","-0.003655476","0.0032118745","0.0018818054","0.00081408414","0.0","0.0","0.0","0.0","0.0","0.0","0.0","0.0","0.0","0.0","-0.0024369073","0.0","0.0","0.0","0.0","0.0"
"anorexia nervosa","-0.22007634","-0.012736084","-0.030332055","-0.0119885225","-0.017566964","-0.012050644","-0.0032349413","0.008790346","-0.005663294","0.003401166","-0.0016634933","0.0016024841","0.0030496456","-0.006093373","0.001336644","0.0013386973","0.0014833187","-0.0015655878","-0.0011191956","-0.0022812048","0.0032914274","-0.003769479","-0.0010876738","8.700956e-05","-0.00057010935","0.003326504","0.00012283615","0.0024395816","-0.002798829","-0.0001607432","0.0027648855","0.0029609804","-0.0010443438","0.0017620911","-0.00088586373","-0.0009047997","-0.00079564453","2.4461137e-08","0.0010531262","0.028242592","0.03517258","-0.011418279","-0.023639556","-0.12819138","-0.003655476","0.0032118745","0.0018818054","0.00081408414","0.0","0.0","0.0","0.0","0.0","0.0","0.0","0.0","0.0","0.0","-0.0024369073","0.0","0.0","0.0","0.0","0.0"
"antibiotic associated diarrhea","-0.22007634","-0.012736084","-0.030332055","-0.0119885225","-0.017566964","-0.012050644","-0.0032349413","0.008790346","-0.005663294","0.003401166","-0.0016634933","0.0016024841","0.0030496456","-0.006093373","0.001336644","0.0013386973","0.0014833187","-0.0015655878","-0.0011191956","-0.0022812048","0.0032914274","-0.003769479","-0.0010876738","8.700956e-05","-0.00057010935","0.003326504","0.00012283615","0.0024395816","-0.002798829","-0.0001607432","0.0027648855","0.0029609804","-0.0010443438","0.0017620911","-0.00088586373","-0.0009047997","-0.00079564453","2.4461137e-08","0.0010531262","0.028242592","0.03517258","-0.011418279","-0.023639556","-0.12819138","-0.003655476","0.0032118745","0.0018818054","0.00081408414","0.0","0.0","0.0","0.0","0.0","0.0","0.0","0.0","0.0","0.0","-0.0024369073","0.0","0.0","0.0","0.0","0.0"
"antibiotic-associated diarrhea","-0.22007634","-0.012736084","-0.030332055","-0.0119885225","-0.017566964","-0.012050644","-0.0032349413","0.008790346","-0.005663294","0.003401166","-0.0016634933","0.0016024841","0.0030496456","-0.006093373","0.001336644","0.0013386973","0.0014833187","-0.0015655878","-0.0011191956","-0.0022812048","0.0032914274","-0.003769479","-0.0010876738","8.700956e-05","-0.00057010935","0.003326504","0.00012283615","0.0024395816","-0.002798829","-0.0001607432","0.0027648855","0.0029609804","-0.0010443438","0.0017620911","-0.00088586373","-0.0009047997","-0.00079564453","2.4461137e-08","0.0010531262","0.028242592","0.03517258","-0.011418279","-0.023639556","-0.12819138","-0.003655476","0.0032118745","0.0018818054","0.00081408414","0.0","0.0","0.0","0.0","0.0","0.0","0.0","0.0","0.0","0.0","-0.0024369073","0.0","0.0","0.0","0.0","0.0"
"antibiotic-induced pseudomembranous colitis","-0.22007634","-0.012736084","-0.030332055","-0.0119885225","-0.017566964","-0.012050644","-0.0032349413","0.008790346","-0.005663294","0.003401166","-0.0016634933","0.0016024841","0.0030496456","-0.006093373","0.001336644","0.0013386973","0.0014833187","-0.0015655878","-0.0011191956","-0.0022812048","0.0032914274","-0.003769479","-0.0010876738","8.700956e-05","-0.00057010935","0.003326504","0.00012283615","0.0024395816","-0.002798829","-0.0001607432","0.0027648855","0.0029609804","-0.0010443438","0.0017620911","-0.00088586373","-0.0009047997","-0.00079564453","2.4461137e-08","0.0010531262","0.028242592","0.03517258","-0.011418279","-0.023639556","-0.12819138","-0.003655476","0.0032118745","0.0018818054","0.00081408414","0.0","0.0","0.0","0.0","0.0","0.0","0.0","0.0","0.0","0.0","-0.0024369073","0.0","0.0","0.0","0.0","0.0"
"anxiety","-0.22007634","-0.012736084","-0.030332055","-0.0119885225","-0.017566964","-0.012050644","-0.0032349413","0.008790346","-0.005663294","0.003401166","-0.0016634933","0.0016024841","0.0030496456","-0.006093373","0.001336644","0.0013386973","0.0014833187","-0.0015655878","-0.0011191956","-0.0022812048","0.0032914274","-0.003769479","-0.0010876738","8.700956e-05","-0.00057010935","0.003326504","0.00012283615","0.0024395816","-0.002798829","-0.0001607432","0.0027648855","0.0029609804","-0.0010443438","0.0017620911","-0.00088586373","-0.0009047997","-0.00079564453","2.4461137e-08","0.0010531262","0.028242592","0.03517258","-0.011418279","-0.023639556","-0.12819138","-0.003655476","0.0032118745","0.0018818054","0.00081408414","0.0","0.0","0.0","0.0","0.0","0.0","0.0","0.0","0.0","0.0","-0.0024369073","0.0","0.0","0.0","0.0","0.0"
"anxiety and depressive like behavior","-0.22007634","-0.012736084","-0.030332055","-0.0119885225","-0.017566964","-0.012050644","-0.0032349413","0.008790346","-0.005663294","0.003401166","-0.0016634933","0.0016024841","0.0030496456","-0.006093373","0.001336644","0.0013386973","0.0014833187","-0.0015655878","-0.0011191956","-0.0022812048","0.0032914274","-0.003769479","-0.0010876738","8.700956e-05","-0.00057010935","0.003326504","0.00012283615","0.0024395816","-0.002798829","-0.0001607432","0.0027648855","0.0029609804","-0.0010443438","0.0017620911","-0.00088586373","-0.0009047997","-0.00079564453","2.4461137e-08","0.0010531262","0.028242592","0.03517258","-0.011418279","-0.023639556","-0.12819138","-0.003655476","0.0032118745","0.0018818054","0.00081408414","0.0","0.0","0.0","0.0","0.0","0.0","0.0","0.0","0.0","0.0","-0.0024369073","0.0","0.0","0.0","0.0","0.0"
"anxiety-like behavior","-0.22007634","-0.012736084","-0.030332055","-0.0119885225","-0.017566964","-0.012050644","-0.0032349413","0.008790346","-0.005663294","0.003401166","-0.0016634933","0.0016024841","0.0030496456","-0.006093373","0.001336644","0.0013386973","0.0014833187","-0.0015655878","-0.0011191956","-0.0022812048","0.0032914274","-0.003769479","-0.0010876738","8.700956e-05","-0.00057010935","0.003326504","0.00012283615","0.0024395816","-0.002798829","-0.0001607432","0.0027648855","0.0029609804","-0.0010443438","0.0017620911","-0.00088586373","-0.0009047997","-0.00079564453","2.4461137e-08","0.0010531262","0.028242592","0.03517258","-0.011418279","-0.023639556","-0.12819138","-0.003655476","0.0032118745","0.0018818054","0.00081408414","0.0","0.0","0.0","0.0","0.0","0.0","0.0","0.0","0.0","0.0","-0.0024369073","0.0","0.0","0.0","0.0","0.0"
"arsenic exposure related diseases","-0.22007634","-0.012736084","-0.030332055","-0.0119885225","-0.017566964","-0.012050644","-0.0032349413","0.008790346","-0.005663294","0.003401166","-0.0016634933","0.0016024841","0.0030496456","-0.006093373","0.001336644","0.0013386973","0.0014833187","-0.0015655878","-0.0011191956","-0.0022812048","0.0032914274","-0.003769479","-0.0010876738","8.700956e-05","-0.00057010935","0.003326504","0.00012283615","0.0024395816","-0.002798829","-0.0001607432","0.0027648855","0.0029609804","-0.0010443438","0.0017620911","-0.00088586373","-0.0009047997","-0.00079564453","2.4461137e-08","0.0010531262","0.028242592","0.03517258","-0.011418279","-0.023639556","-0.12819138","-0.003655476","0.0032118745","0.0018818054","0.00081408414","0.0","0.0","0.0","0.0","0.0","0.0","0.0","0.0","0.0","0.0","-0.0024369073","0.0","0.0","0.0","0.0","0.0"
"arterial stiffness","-0.22007634","-0.012736084","-0.030332055","-0.0119885225","-0.017566964","-0.012050644","-0.0032349413","0.008790346","-0.005663294","0.003401166","-0.0016634933","0.0016024841","0.0030496456","-0.006093373","0.001336644","0.0013386973","0.0014833187","-0.0015655878","-0.0011191956","-0.0022812048","0.0032914274","-0.003769479","-0.0010876738","8.700956e-05","-0.00057010935","0.003326504","0.00012283615","0.0024395816","-0.002798829","-0.0001607432","0.0027648855","0.0029609804","-0.0010443438","0.0017620911","-0.00088586373","-0.0009047997","-0.00079564453","2.4461137e-08","0.0010531262","0.028242592","0.03517258","-0.011418279","-0.023639556","-0.12819138","-0.003655476","0.0032118745","0.0018818054","0.00081408414","0.0","0.0","0.0","0.0","0.0","0.0","0.0","0.0","0.0","0.0","-0.0024369073","0.0","0.0","0.0","0.0","0.0"
"asthma","-0.22007634","-0.012736084","-0.030332055","-0.0119885225","-0.017566964","-0.012050644","-0.0032349413","0.008790346","-0.005663294","0.003401166","-0.0016634933","0.0016024841","0.0030496456","-0.006093373","0.001336644","0.0013386973","0.0014833187","-0.0015655878","-0.0011191956","-0.0022812048","0.0032914274","-0.003769479","-0.0010876738","8.700956e-05","-0.00057010935","0.003326504","0.00012283615","0.0024395816","-0.002798829","-0.0001607432","0.0027648855","0.0029609804","-0.0010443438","0.0017620911","-0.00088586373","-0.0009047997","-0.00079564453","2.4461137e-08","0.0010531262","0.028242592","0.03517258","-0.011418279","-0.023639556","-0.12819138","-0.003655476","0.0032118745","0.0018818054","0.00081408414","0.0","0.0","0.0","0.0","0.0","0.0","0.0","0.0","0.0","0.0","-0.0024369073","0.0","0.0","0.0","0.0","0.0"
"atherosclerosis","-0.22007634","-0.012736084","-0.030332055","-0.0119885225","-0.017566964","-0.012050644","-0.0032349413","0.008790346","-0.005663294","0.003401166","-0.0016634933","0.0016024841","0.0030496456","-0.006093373","0.001336644","0.0013386973","0.0014833187","-0.0015655878","-0.0011191956","-0.0022812048","0.0032914274","-0.003769479","-0.0010876738","8.700956e-05","-0.00057010935","0.003326504","0.00012283615","0.0024395816","-0.002798829","-0.0001607432","0.0027648855","0.0029609804","-0.0010443438","0.0017620911","-0.00088586373","-0.0009047997","-0.00079564453","2.4461137e-08","0.0010531262","0.028242592","0.03517258","-0.011418279","-0.023639556","-0.12819138","-0.003655476","0.0032118745","0.0018818054","0.00081408414","0.0","0.0","0.0","0.0","0.0","0.0","0.0","0.0","0.0","0.0","-0.0024369073","0.0","0.0","0.0","0.0","0.0"
"atherosclerotic cardiovascular disease","-0.22007634","-0.012736084","-0.030332055","-0.0119885225","-0.017566964","-0.012050644","-0.0032349413","0.008790346","-0.005663294","0.003401166","-0.0016634933","0.0016024841","0.0030496456","-0.006093373","0.001336644","0.0013386973","0.0014833187","-0.0015655878","-0.0011191956","-0.0022812048","0.0032914274","-0.003769479","-0.0010876738","8.700956e-05","-0.00057010935","0.003326504","0.00012283615","0.0024395816","-0.002798829","-0.0001607432","0.0027648855","0.0029609804","-0.0010443438","0.0017620911","-0.00088586373","-0.0009047997","-0.00079564453","2.4461137e-08","0.0010531262","0.028242592","0.03517258","-0.011418279","-0.023639556","-0.12819138","-0.003655476","0.0032118745","0.0018818054","0.00081408414","0.0","0.0","0.0","0.0","0.0","0.0","0.0","0.0","0.0","0.0","-0.0024369073","0.0","0.0","0.0","0.0","0.0"
"atopic dermatitis","-0.22007634","-0.012736084","-0.030332055","-0.0119885225","-0.017566964","-0.012050644","-0.0032349413","0.008790346","-0.005663294","0.003401166","-0.0016634933","0.0016024841","0.0030496456","-0.006093373","0.001336644","0.0013386973","0.0014833187","-0.0015655878","-0.0011191956","-0.0022812048","0.0032914274","-0.003769479","-0.0010876738","8.700956e-05","-0.00057010935","0.003326504","0.00012283615","0.0024395816","-0.002798829","-0.0001607432","0.0027648855","0.0029609804","-0.0010443438","0.0017620911","-0.00088586373","-0.0009047997","-0.00079564453","2.4461137e-08","0.0010531262","0.028242592","0.03517258","-0.011418279","-0.023639556","-0.12819138","-0.003655476","0.0032118745","0.0018818054","0.00081408414","0.0","0.0","0.0","0.0","0.0","0.0","0.0","0.0","0.0","0.0","-0.0024369073","0.0","0.0","0.0","0.0","0.0"
"atopic disease","-0.22007634","-0.012736084","-0.030332055","-0.0119885225","-0.017566964","-0.012050644","-0.0032349413","0.008790346","-0.005663294","0.003401166","-0.0016634933","0.0016024841","0.0030496456","-0.006093373","0.001336644","0.0013386973","0.0014833187","-0.0015655878","-0.0011191956","-0.0022812048","0.0032914274","-0.003769479","-0.0010876738","8.700956e-05","-0.00057010935","0.003326504","0.00012283615","0.0024395816","-0.002798829","-0.0001607432","0.0027648855","0.0029609804","-0.0010443438","0.0017620911","-0.00088586373","-0.0009047997","-0.00079564453","2.4461137e-08","0.0010531262","0.028242592","0.03517258","-0.011418279","-0.023639556","-0.12819138","-0.003655476","0.0032118745","0.0018818054","0.00081408414","0.0","0.0","0.0","0.0","0.0","0.0","0.0","0.0","0.0","0.0","-0.0024369073","0.0","0.0","0.0","0.0","0.0"
"atopic eczema","-0.22007634","-0.012736084","-0.030332055","-0.0119885225","-0.017566964","-0.012050644","-0.0032349413","0.008790346","-0.005663294","0.003401166","-0.0016634933","0.0016024841","0.0030496456","-0.006093373","0.001336644","0.0013386973","0.0014833187","-0.0015655878","-0.0011191956","-0.0022812048","0.0032914274","-0.003769479","-0.0010876738","8.700956e-05","-0.00057010935","0.003326504","0.00012283615","0.0024395816","-0.002798829","-0.0001607432","0.0027648855","0.0029609804","-0.0010443438","0.0017620911","-0.00088586373","-0.0009047997","-0.00079564453","2.4461137e-08","0.0010531262","0.028242592","0.03517258","-0.011418279","-0.023639556","-0.12819138","-0.003655476","0.0032118745","0.0018818054","0.00081408414","0.0","0.0","0.0","0.0","0.0","0.0","0.0","0.0","0.0","0.0","-0.0024369073","0.0","0.0","0.0","0.0","0.0"
"autism","-0.22007634","-0.012736084","-0.030332055","-0.0119885225","-0.017566964","-0.012050644","-0.0032349413","0.008790346","-0.005663294","0.003401166","-0.0016634933","0.0016024841","0.0030496456","-0.006093373","0.001336644","0.0013386973","0.0014833187","-0.0015655878","-0.0011191956","-0.0022812048","0.0032914274","-0.003769479","-0.0010876738","8.700956e-05","-0.00057010935","0.003326504","0.00012283615","0.0024395816","-0.002798829","-0.0001607432","0.0027648855","0.0029609804","-0.0010443438","0.0017620911","-0.00088586373","-0.0009047997","-0.00079564453","2.4461137e-08","0.0010531262","0.028242592","0.03517258","-0.011418279","-0.023639556","-0.12819138","-0.003655476","0.0032118745","0.0018818054","0.00081408414","0.0","0.0","0.0","0.0","0.0","0.0","0.0","0.0","0.0","0.0","-0.0024369073","0.0","0.0","0.0","0.0","0.0"
"autism spectrum disorder","-0.22007634","-0.012736084","-0.030332055","-0.0119885225","-0.017566964","-0.012050644","-0.0032349413","0.008790346","-0.005663294","0.003401166","-0.0016634933","0.0016024841","0.0030496456","-0.006093373","0.001336644","0.0013386973","0.0014833187","-0.0015655878","-0.0011191956","-0.0022812048","0.0032914274","-0.003769479","-0.0010876738","8.700956e-05","-0.00057010935","0.003326504","0.00012283615","0.0024395816","-0.002798829","-0.0001607432","0.0027648855","0.0029609804","-0.0010443438","0.0017620911","-0.00088586373","-0.0009047997","-0.00079564453","2.4461137e-08","0.0010531262","0.028242592","0.03517258","-0.011418279","-0.023639556","-0.12819138","-0.003655476","0.0032118745","0.0018818054","0.00081408414","0.0","0.0","0.0","0.0","0.0","0.0","0.0","0.0","0.0","0.0","-0.0024369073","0.0","0.0","0.0","0.0","0.0"
"autistic disorder","-0.22007634","-0.012736084","-0.030332055","-0.0119885225","-0.017566964","-0.012050644","-0.0032349413","0.008790346","-0.005663294","0.003401166","-0.0016634933","0.0016024841","0.0030496456","-0.006093373","0.001336644","0.0013386973","0.0014833187","-0.0015655878","-0.0011191956","-0.0022812048","0.0032914274","-0.003769479","-0.0010876738","8.700956e-05","-0.00057010935","0.003326504","0.00012283615","0.0024395816","-0.002798829","-0.0001607432","0.0027648855","0.0029609804","-0.0010443438","0.0017620911","-0.00088586373","-0.0009047997","-0.00079564453","2.4461137e-08","0.0010531262","0.028242592","0.03517258","-0.011418279","-0.023639556","-0.12819138","-0.003655476","0.0032118745","0.0018818054","0.00081408414","0.0","0.0","0.0","0.0","0.0","0.0","0.0","0.0","0.0","0.0","-0.0024369073","0.0","0.0","0.0","0.0","0.0"
"autoimmune hepatitis","-0.22007634","-0.012736084","-0.030332055","-0.0119885225","-0.017566964","-0.012050644","-0.0032349413","0.008790346","-0.005663294","0.003401166","-0.0016634933","0.0016024841","0.0030496456","-0.006093373","0.001336644","0.0013386973","0.0014833187","-0.0015655878","-0.0011191956","-0.0022812048","0.0032914274","-0.003769479","-0.0010876738","8.700956e-05","-0.00057010935","0.003326504","0.00012283615","0.0024395816","-0.002798829","-0.0001607432","0.0027648855","0.0029609804","-0.0010443438","0.0017620911","-0.00088586373","-0.0009047997","-0.00079564453","2.4461137e-08","0.0010531262","0.028242592","0.03517258","-0.011418279","-0.023639556","-0.12819138","-0.003655476","0.0032118745","0.0018818054","0.00081408414","0.0","0.0","0.0","0.0","0.0","0.0","0.0","0.0","0.0","0.0","-0.0024369073","0.0","0.0","0.0","0.0","0.0"
"autoimmunity","-0.22007634","-0.012736084","-0.030332055","-0.0119885225","-0.017566964","-0.012050644","-0.0032349413","0.008790346","-0.005663294","0.003401166","-0.0016634933","0.0016024841","0.0030496456","-0.006093373","0.001336644","0.0013386973","0.0014833187","-0.0015655878","-0.0011191956","-0.0022812048","0.0032914274","-0.003769479","-0.0010876738","8.700956e-05","-0.00057010935","0.003326504","0.00012283615","0.0024395816","-0.002798829","-0.0001607432","0.0027648855","0.0029609804","-0.0010443438","0.0017620911","-0.00088586373","-0.0009047997","-0.00079564453","2.4461137e-08","0.0010531262","0.028242592","0.03517258","-0.011418279","-0.023639556","-0.12819138","-0.003655476","0.0032118745","0.0018818054","0.00081408414","0.0","0.0","0.0","0.0","0.0","0.0","0.0","0.0","0.0","0.0","-0.0024369073","0.0","0.0","0.0","0.0","0.0"
"bacillary angiomatosis","-0.22007634","-0.012736084","-0.030332055","-0.0119885225","-0.017566964","-0.012050644","-0.0032349413","0.008790346","-0.005663294","0.003401166","-0.0016634933","0.0016024841","0.0030496456","-0.006093373","0.001336644","0.0013386973","0.0014833187","-0.0015655878","-0.0011191956","-0.0022812048","0.0032914274","-0.003769479","-0.0010876738","8.700956e-05","-0.00057010935","0.003326504","0.00012283615","0.0024395816","-0.002798829","-0.0001607432","0.0027648855","0.0029609804","-0.0010443438","0.0017620911","-0.00088586373","-0.0009047997","-0.00079564453","2.4461137e-08","0.0010531262","0.028242592","0.03517258","-0.011418279","-0.023639556","-0.12819138","-0.003655476","0.0032118745","0.0018818054","0.00081408414","0.0","0.0","0.0","0.0","0.0","0.0","0.0","0.0","0.0","0.0","-0.0024369073","0.0","0.0","0.0","0.0","0.0"
"bacterial pneumonia","-0.22007634","-0.012736084","-0.030332055","-0.0119885225","-0.017566964","-0.012050644","-0.0032349413","0.008790346","-0.005663294","0.003401166","-0.0016634933","0.0016024841","0.0030496456","-0.006093373","0.001336644","0.0013386973","0.0014833187","-0.0015655878","-0.0011191956","-0.0022812048","0.0032914274","-0.003769479","-0.0010876738","8.700956e-05","-0.00057010935","0.003326504","0.00012283615","0.0024395816","-0.002798829","-0.0001607432","0.0027648855","0.0029609804","-0.0010443438","0.0017620911","-0.00088586373","-0.0009047997","-0.00079564453","2.4461137e-08","0.0010531262","0.028242592","0.03517258","-0.011418279","-0.023639556","-0.12819138","-0.003655476","0.0032118745","0.0018818054","0.00081408414","0.0","0.0","0.0","0.0","0.0","0.0","0.0","0.0","0.0","0.0","-0.0024369073","0.0","0.0","0.0","0.0","0.0"
"biliary tract cancer","-0.22007634","-0.012736084","-0.030332055","-0.0119885225","-0.017566964","-0.012050644","-0.0032349413","0.008790346","-0.005663294","0.003401166","-0.0016634933","0.0016024841","0.0030496456","-0.006093373","0.001336644","0.0013386973","0.0014833187","-0.0015655878","-0.0011191956","-0.0022812048","0.0032914274","-0.003769479","-0.0010876738","8.700956e-05","-0.00057010935","0.003326504","0.00012283615","0.0024395816","-0.002798829","-0.0001607432","0.0027648855","0.0029609804","-0.0010443438","0.0017620911","-0.00088586373","-0.0009047997","-0.00079564453","2.4461137e-08","0.0010531262","0.028242592","0.03517258","-0.011418279","-0.023639556","-0.12819138","-0.003655476","0.0032118745","0.0018818054","0.00081408414","0.0","0.0","0.0","0.0","0.0","0.0","0.0","0.0","0.0","0.0","-0.0024369073","0.0","0.0","0.0","0.0","0.0"
"bladder cancer","-0.22007634","-0.012736084","-0.030332055","-0.0119885225","-0.017566964","-0.012050644","-0.0032349413","0.008790346","-0.005663294","0.003401166","-0.0016634933","0.0016024841","0.0030496456","-0.006093373","0.001336644","0.0013386973","0.0014833187","-0.0015655878","-0.0011191956","-0.0022812048","0.0032914274","-0.003769479","-0.0010876738","8.700956e-05","-0.00057010935","0.003326504","0.00012283615","0.0024395816","-0.002798829","-0.0001607432","0.0027648855","0.0029609804","-0.0010443438","0.0017620911","-0.00088586373","-0.0009047997","-0.00079564453","2.4461137e-08","0.0010531262","0.028242592","0.03517258","-0.011418279","-0.023639556","-0.12819138","-0.003655476","0.0032118745","0.0018818054","0.00081408414","0.0","0.0","0.0","0.0","0.0","0.0","0.0","0.0","0.0","0.0","-0.0024369073","0.0","0.0","0.0","0.0","0.0"
"bloodstream infection","-0.22007634","-0.012736084","-0.030332055","-0.0119885225","-0.017566964","-0.012050644","-0.0032349413","0.008790346","-0.005663294","0.003401166","-0.0016634933","0.0016024841","0.0030496456","-0.006093373","0.001336644","0.0013386973","0.0014833187","-0.0015655878","-0.0011191956","-0.0022812048","0.0032914274","-0.003769479","-0.0010876738","8.700956e-05","-0.00057010935","0.003326504","0.00012283615","0.0024395816","-0.002798829","-0.0001607432","0.0027648855","0.0029609804","-0.0010443438","0.0017620911","-0.00088586373","-0.0009047997","-0.00079564453","2.4461137e-08","0.0010531262","0.028242592","0.03517258","-0.011418279","-0.023639556","-0.12819138","-0.003655476","0.0032118745","0.0018818054","0.00081408414","0.0","0.0","0.0","0.0","0.0","0.0","0.0","0.0","0.0","0.0","-0.0024369073","0.0","0.0","0.0","0.0","0.0"
"bloodstream infections","-0.22007634","-0.012736084","-0.030332055","-0.0119885225","-0.017566964","-0.012050644","-0.0032349413","0.008790346","-0.005663294","0.003401166","-0.0016634933","0.0016024841","0.0030496456","-0.006093373","0.001336644","0.0013386973","0.0014833187","-0.0015655878","-0.0011191956","-0.0022812048","0.0032914274","-0.003769479","-0.0010876738","8.700956e-05","-0.00057010935","0.003326504","0.00012283615","0.0024395816","-0.002798829","-0.0001607432","0.0027648855","0.0029609804","-0.0010443438","0.0017620911","-0.00088586373","-0.0009047997","-0.00079564453","2.4461137e-08","0.0010531262","0.028242592","0.03517258","-0.011418279","-0.023639556","-0.12819138","-0.003655476","0.0032118745","0.0018818054","0.00081408414","0.0","0.0","0.0","0.0","0.0","0.0","0.0","0.0","0.0","0.0","-0.0024369073","0.0","0.0","0.0","0.0","0.0"
"brain disorders","-0.22007634","-0.012736084","-0.030332055","-0.0119885225","-0.017566964","-0.012050644","-0.0032349413","0.008790346","-0.005663294","0.003401166","-0.0016634933","0.0016024841","0.0030496456","-0.006093373","0.001336644","0.0013386973","0.0014833187","-0.0015655878","-0.0011191956","-0.0022812048","0.0032914274","-0.003769479","-0.0010876738","8.700956e-05","-0.00057010935","0.003326504","0.00012283615","0.0024395816","-0.002798829","-0.0001607432","0.0027648855","0.0029609804","-0.0010443438","0.0017620911","-0.00088586373","-0.0009047997","-0.00079564453","2.4461137e-08","0.0010531262","0.028242592","0.03517258","-0.011418279","-0.023639556","-0.12819138","-0.003655476","0.0032118745","0.0018818054","0.00081408414","0.0","0.0","0.0","0.0","0.0","0.0","0.0","0.0","0.0","0.0","-0.0024369073","0.0","0.0","0.0","0.0","0.0"
"breast cancer","-0.22007634","-0.012736084","-0.030332055","-0.0119885225","-0.017566964","-0.012050644","-0.0032349413","0.008790346","-0.005663294","0.003401166","-0.0016634933","0.0016024841","0.0030496456","-0.006093373","0.001336644","0.0013386973","0.0014833187","-0.0015655878","-0.0011191956","-0.0022812048","0.0032914274","-0.003769479","-0.0010876738","8.700956e-05","-0.00057010935","0.003326504","0.00012283615","0.0024395816","-0.002798829","-0.0001607432","0.0027648855","0.0029609804","-0.0010443438","0.0017620911","-0.00088586373","-0.0009047997","-0.00079564453","2.4461137e-08","0.0010531262","0.028242592","0.03517258","-0.011418279","-0.023639556","-0.12819138","-0.003655476","0.0032118745","0.0018818054","0.00081408414","0.0","0.0","0.0","0.0","0.0","0.0","0.0","0.0","0.0","0.0","-0.0024369073","0.0","0.0","0.0","0.0","0.0"
"calcium nephrolithiasis","-0.22007634","-0.012736084","-0.030332055","-0.0119885225","-0.017566964","-0.012050644","-0.0032349413","0.008790346","-0.005663294","0.003401166","-0.0016634933","0.0016024841","0.0030496456","-0.006093373","0.001336644","0.0013386973","0.0014833187","-0.0015655878","-0.0011191956","-0.0022812048","0.0032914274","-0.003769479","-0.0010876738","8.700956e-05","-0.00057010935","0.003326504","0.00012283615","0.0024395816","-0.002798829","-0.0001607432","0.0027648855","0.0029609804","-0.0010443438","0.0017620911","-0.00088586373","-0.0009047997","-0.00079564453","2.4461137e-08","0.0010531262","0.028242592","0.03517258","-0.011418279","-0.023639556","-0.12819138","-0.003655476","0.0032118745","0.0018818054","0.00081408414","0.0","0.0","0.0","0.0","0.0","0.0","0.0","0.0","0.0","0.0","-0.0024369073","0.0","0.0","0.0","0.0","0.0"
"cancer","-0.22007634","-0.012736084","-0.030332055","-0.0119885225","-0.017566964","-0.012050644","-0.0032349413","0.008790346","-0.005663294","0.003401166","-0.0016634933","0.0016024841","0.0030496456","-0.006093373","0.001336644","0.0013386973","0.0014833187","-0.0015655878","-0.0011191956","-0.0022812048","0.0032914274","-0.003769479","-0.0010876738","8.700956e-05","-0.00057010935","0.003326504","0.00012283615","0.0024395816","-0.002798829","-0.0001607432","0.0027648855","0.0029609804","-0.0010443438","0.0017620911","-0.00088586373","-0.0009047997","-0.00079564453","2.4461137e-08","0.0010531262","0.028242592","0.03517258","-0.011418279","-0.023639556","-0.12819138","-0.003655476","0.0032118745","0.0018818054","0.00081408414","0.0","0.0","0.0","0.0","0.0","0.0","0.0","0.0","0.0","0.0","-0.0024369073","0.0","0.0","0.0","0.0","0.0"
"cardiac disease","-0.22007634","-0.012736084","-0.030332055","-0.0119885225","-0.017566964","-0.012050644","-0.0032349413","0.008790346","-0.005663294","0.003401166","-0.0016634933","0.0016024841","0.0030496456","-0.006093373","0.001336644","0.0013386973","0.0014833187","-0.0015655878","-0.0011191956","-0.0022812048","0.0032914274","-0.003769479","-0.0010876738","8.700956e-05","-0.00057010935","0.003326504","0.00012283615","0.0024395816","-0.002798829","-0.0001607432","0.0027648855","0.0029609804","-0.0010443438","0.0017620911","-0.00088586373","-0.0009047997","-0.00079564453","2.4461137e-08","0.0010531262","0.028242592","0.03517258","-0.011418279","-0.023639556","-0.12819138","-0.003655476","0.0032118745","0.0018818054","0.00081408414","0.0","0.0","0.0","0.0","0.0","0.0","0.0","0.0","0.0","0.0","-0.0024369073","0.0","0.0","0.0","0.0","0.0"
"cardiometabolic disease complications","-0.22007634","-0.012736084","-0.030332055","-0.0119885225","-0.017566964","-0.012050644","-0.0032349413","0.008790346","-0.005663294","0.003401166","-0.0016634933","0.0016024841","0.0030496456","-0.006093373","0.001336644","0.0013386973","0.0014833187","-0.0015655878","-0.0011191956","-0.0022812048","0.0032914274","-0.003769479","-0.0010876738","8.700956e-05","-0.00057010935","0.003326504","0.00012283615","0.0024395816","-0.002798829","-0.0001607432","0.0027648855","0.0029609804","-0.0010443438","0.0017620911","-0.00088586373","-0.0009047997","-0.00079564453","2.4461137e-08","0.0010531262","0.028242592","0.03517258","-0.011418279","-0.023639556","-0.12819138","-0.003655476","0.0032118745","0.0018818054","0.00081408414","0.0","0.0","0.0","0.0","0.0","0.0","0.0","0.0","0.0","0.0","-0.0024369073","0.0","0.0","0.0","0.0","0.0"
"cardiometabolic diseases","-0.22007634","-0.012736084","-0.030332055","-0.0119885225","-0.017566964","-0.012050644","-0.0032349413","0.008790346","-0.005663294","0.003401166","-0.0016634933","0.0016024841","0.0030496456","-0.006093373","0.001336644","0.0013386973","0.0014833187","-0.0015655878","-0.0011191956","-0.0022812048","0.0032914274","-0.003769479","-0.0010876738","8.700956e-05","-0.00057010935","0.003326504","0.00012283615","0.0024395816","-0.002798829","-0.0001607432","0.0027648855","0.0029609804","-0.0010443438","0.0017620911","-0.00088586373","-0.0009047997","-0.00079564453","2.4461137e-08","0.0010531262","0.028242592","0.03517258","-0.011418279","-0.023639556","-0.12819138","-0.003655476","0.0032118745","0.0018818054","0.00081408414","0.0","0.0","0.0","0.0","0.0","0.0","0.0","0.0","0.0","0.0","-0.0024369073","0.0","0.0","0.0","0.0","0.0"
"cardiometabolic disorders","-0.22007634","-0.012736084","-0.030332055","-0.0119885225","-0.017566964","-0.012050644","-0.0032349413","0.008790346","-0.005663294","0.003401166","-0.0016634933","0.0016024841","0.0030496456","-0.006093373","0.001336644","0.0013386973","0.0014833187","-0.0015655878","-0.0011191956","-0.0022812048","0.0032914274","-0.003769479","-0.0010876738","8.700956e-05","-0.00057010935","0.003326504","0.00012283615","0.0024395816","-0.002798829","-0.0001607432","0.0027648855","0.0029609804","-0.0010443438","0.0017620911","-0.00088586373","-0.0009047997","-0.00079564453","2.4461137e-08","0.0010531262","0.028242592","0.03517258","-0.011418279","-0.023639556","-0.12819138","-0.003655476","0.0032118745","0.0018818054","0.00081408414","0.0","0.0","0.0","0.0","0.0","0.0","0.0","0.0","0.0","0.0","-0.0024369073","0.0","0.0","0.0","0.0","0.0"
"cardiovascular disease","-0.22007634","-0.012736084","-0.030332055","-0.0119885225","-0.017566964","-0.012050644","-0.0032349413","0.008790346","-0.005663294","0.003401166","-0.0016634933","0.0016024841","0.0030496456","-0.006093373","0.001336644","0.0013386973","0.0014833187","-0.0015655878","-0.0011191956","-0.0022812048","0.0032914274","-0.003769479","-0.0010876738","8.700956e-05","-0.00057010935","0.003326504","0.00012283615","0.0024395816","-0.002798829","-0.0001607432","0.0027648855","0.0029609804","-0.0010443438","0.0017620911","-0.00088586373","-0.0009047997","-0.00079564453","2.4461137e-08","0.0010531262","0.028242592","0.03517258","-0.011418279","-0.023639556","-0.12819138","-0.003655476","0.0032118745","0.0018818054","0.00081408414","0.0","0.0","0.0","0.0","0.0","0.0","0.0","0.0","0.0","0.0","-0.0024369073","0.0","0.0","0.0","0.0","0.0"
"cardiovascular diseases","-0.22007634","-0.012736084","-0.030332055","-0.0119885225","-0.017566964","-0.012050644","-0.0032349413","0.008790346","-0.005663294","0.003401166","-0.0016634933","0.0016024841","0.0030496456","-0.006093373","0.001336644","0.0013386973","0.0014833187","-0.0015655878","-0.0011191956","-0.0022812048","0.0032914274","-0.003769479","-0.0010876738","8.700956e-05","-0.00057010935","0.003326504","0.00012283615","0.0024395816","-0.002798829","-0.0001607432","0.0027648855","0.0029609804","-0.0010443438","0.0017620911","-0.00088586373","-0.0009047997","-0.00079564453","2.4461137e-08","0.0010531262","0.028242592","0.03517258","-0.011418279","-0.023639556","-0.12819138","-0.003655476","0.0032118745","0.0018818054","0.00081408414","0.0","0.0","0.0","0.0","0.0","0.0","0.0","0.0","0.0","0.0","-0.0024369073","0.0","0.0","0.0","0.0","0.0"
"celiac disease","-0.22007634","-0.012736084","-0.030332055","-0.0119885225","-0.017566964","-0.012050644","-0.0032349413","0.008790346","-0.005663294","0.003401166","-0.0016634933","0.0016024841","0.0030496456","-0.006093373","0.001336644","0.0013386973","0.0014833187","-0.0015655878","-0.0011191956","-0.0022812048","0.0032914274","-0.003769479","-0.0010876738","8.700956e-05","-0.00057010935","0.003326504","0.00012283615","0.0024395816","-0.002798829","-0.0001607432","0.0027648855","0.0029609804","-0.0010443438","0.0017620911","-0.00088586373","-0.0009047997","-0.00079564453","2.4461137e-08","0.0010531262","0.028242592","0.03517258","-0.011418279","-0.023639556","-0.12819138","-0.003655476","0.0032118745","0.0018818054","0.00081408414","0.0","0.0","0.0","0.0","0.0","0.0","0.0","0.0","0.0","0.0","-0.0024369073","0.0","0.0","0.0","0.0","0.0"
"cervical cancer","-0.22007634","-0.012736084","-0.030332055","-0.0119885225","-0.017566964","-0.012050644","-0.0032349413","0.008790346","-0.005663294","0.003401166","-0.0016634933","0.0016024841","0.0030496456","-0.006093373","0.001336644","0.0013386973","0.0014833187","-0.0015655878","-0.0011191956","-0.0022812048","0.0032914274","-0.003769479","-0.0010876738","8.700956e-05","-0.00057010935","0.003326504","0.00012283615","0.0024395816","-0.002798829","-0.0001607432","0.0027648855","0.0029609804","-0.0010443438","0.0017620911","-0.00088586373","-0.0009047997","-0.00079564453","2.4461137e-08","0.0010531262","0.028242592","0.03517258","-0.011418279","-0.023639556","-0.12819138","-0.003655476","0.0032118745","0.0018818054","0.00081408414","0.0","0.0","0.0","0.0","0.0","0.0","0.0","0.0","0.0","0.0","-0.0024369073","0.0","0.0","0.0","0.0","0.0"
"cervical intraepithelial neoplasia","-0.22007634","-0.012736084","-0.030332055","-0.0119885225","-0.017566964","-0.012050644","-0.0032349413","0.008790346","-0.005663294","0.003401166","-0.0016634933","0.0016024841","0.0030496456","-0.006093373","0.001336644","0.0013386973","0.0014833187","-0.0015655878","-0.0011191956","-0.0022812048","0.0032914274","-0.003769479","-0.0010876738","8.700956e-05","-0.00057010935","0.003326504","0.00012283615","0.0024395816","-0.002798829","-0.0001607432","0.0027648855","0.0029609804","-0.0010443438","0.0017620911","-0.00088586373","-0.0009047997","-0.00079564453","2.4461137e-08","0.0010531262","0.028242592","0.03517258","-0.011418279","-0.023639556","-0.12819138","-0.003655476","0.0032118745","0.0018818054","0.00081408414","0.0","0.0","0.0","0.0","0.0","0.0","0.0","0.0","0.0","0.0","-0.0024369073","0.0","0.0","0.0","0.0","0.0"
"childhood mortality","-0.22007634","-0.012736084","-0.030332055","-0.0119885225","-0.017566964","-0.012050644","-0.0032349413","0.008790346","-0.005663294","0.003401166","-0.0016634933","0.0016024841","0.0030496456","-0.006093373","0.001336644","0.0013386973","0.0014833187","-0.0015655878","-0.0011191956","-0.0022812048","0.0032914274","-0.003769479","-0.0010876738","8.700956e-05","-0.00057010935","0.003326504","0.00012283615","0.0024395816","-0.002798829","-0.0001607432","0.0027648855","0.0029609804","-0.0010443438","0.0017620911","-0.00088586373","-0.0009047997","-0.00079564453","2.4461137e-08","0.0010531262","0.028242592","0.03517258","-0.011418279","-0.023639556","-0.12819138","-0.003655476","0.0032118745","0.0018818054","0.00081408414","0.0","0.0","0.0","0.0","0.0","0.0","0.0","0.0","0.0","0.0","-0.0024369073","0.0","0.0","0.0","0.0","0.0"
"cholecystitis","-0.22007634","-0.012736084","-0.030332055","-0.0119885225","-0.017566964","-0.012050644","-0.0032349413","0.008790346","-0.005663294","0.003401166","-0.0016634933","0.0016024841","0.0030496456","-0.006093373","0.001336644","0.0013386973","0.0014833187","-0.0015655878","-0.0011191956","-0.0022812048","0.0032914274","-0.003769479","-0.0010876738","8.700956e-05","-0.00057010935","0.003326504","0.00012283615","0.0024395816","-0.002798829","-0.0001607432","0.0027648855","0.0029609804","-0.0010443438","0.0017620911","-0.00088586373","-0.0009047997","-0.00079564453","2.4461137e-08","0.0010531262","0.028242592","0.03517258","-0.011418279","-0.023639556","-0.12819138","-0.003655476","0.0032118745","0.0018818054","0.00081408414","0.0","0.0","0.0","0.0","0.0","0.0","0.0","0.0","0.0","0.0","-0.0024369073","0.0","0.0","0.0","0.0","0.0"
"cholera","-0.22007634","-0.012736084","-0.030332055","-0.0119885225","-0.017566964","-0.012050644","-0.0032349413","0.008790346","-0.005663294","0.003401166","-0.0016634933","0.0016024841","0.0030496456","-0.006093373","0.001336644","0.0013386973","0.0014833187","-0.0015655878","-0.0011191956","-0.0022812048","0.0032914274","-0.003769479","-0.0010876738","8.700956e-05","-0.00057010935","0.003326504","0.00012283615","0.0024395816","-0.002798829","-0.0001607432","0.0027648855","0.0029609804","-0.0010443438","0.0017620911","-0.00088586373","-0.0009047997","-0.00079564453","2.4461137e-08","0.0010531262","0.028242592","0.03517258","-0.011418279","-0.023639556","-0.12819138","-0.003655476","0.0032118745","0.0018818054","0.00081408414","0.0","0.0","0.0","0.0","0.0","0.0","0.0","0.0","0.0","0.0","-0.0024369073","0.0","0.0","0.0","0.0","0.0"
"cholesterol gallstones","-0.22007634","-0.012736084","-0.030332055","-0.0119885225","-0.017566964","-0.012050644","-0.0032349413","0.008790346","-0.005663294","0.003401166","-0.0016634933","0.0016024841","0.0030496456","-0.006093373","0.001336644","0.0013386973","0.0014833187","-0.0015655878","-0.0011191956","-0.0022812048","0.0032914274","-0.003769479","-0.0010876738","8.700956e-05","-0.00057010935","0.003326504","0.00012283615","0.0024395816","-0.002798829","-0.0001607432","0.0027648855","0.0029609804","-0.0010443438","0.0017620911","-0.00088586373","-0.0009047997","-0.00079564453","2.4461137e-08","0.0010531262","0.028242592","0.03517258","-0.011418279","-0.023639556","-0.12819138","-0.003655476","0.0032118745","0.0018818054","0.00081408414","0.0","0.0","0.0","0.0","0.0","0.0","0.0","0.0","0.0","0.0","-0.0024369073","0.0","0.0","0.0","0.0","0.0"
"chronic HIV infection","-0.22007634","-0.012736084","-0.030332055","-0.0119885225","-0.017566964","-0.012050644","-0.0032349413","0.008790346","-0.005663294","0.003401166","-0.0016634933","0.0016024841","0.0030496456","-0.006093373","0.001336644","0.0013386973","0.0014833187","-0.0015655878","-0.0011191956","-0.0022812048","0.0032914274","-0.003769479","-0.0010876738","8.700956e-05","-0.00057010935","0.003326504","0.00012283615","0.0024395816","-0.002798829","-0.0001607432","0.0027648855","0.0029609804","-0.0010443438","0.0017620911","-0.00088586373","-0.0009047997","-0.00079564453","2.4461137e-08","0.0010531262","0.028242592","0.03517258","-0.011418279","-0.023639556","-0.12819138","-0.003655476","0.0032118745","0.0018818054","0.00081408414","0.0","0.0","0.0","0.0","0.0","0.0","0.0","0.0","0.0","0.0","-0.0024369073","0.0","0.0","0.0","0.0","0.0"
"chronic bacteremia","-0.22007634","-0.012736084","-0.030332055","-0.0119885225","-0.017566964","-0.012050644","-0.0032349413","0.008790346","-0.005663294","0.003401166","-0.0016634933","0.0016024841","0.0030496456","-0.006093373","0.001336644","0.0013386973","0.0014833187","-0.0015655878","-0.0011191956","-0.0022812048","0.0032914274","-0.003769479","-0.0010876738","8.700956e-05","-0.00057010935","0.003326504","0.00012283615","0.0024395816","-0.002798829","-0.0001607432","0.0027648855","0.0029609804","-0.0010443438","0.0017620911","-0.00088586373","-0.0009047997","-0.00079564453","2.4461137e-08","0.0010531262","0.028242592","0.03517258","-0.011418279","-0.023639556","-0.12819138","-0.003655476","0.0032118745","0.0018818054","0.00081408414","0.0","0.0","0.0","0.0","0.0","0.0","0.0","0.0","0.0","0.0","-0.0024369073","0.0","0.0","0.0","0.0","0.0"
"chronic constipation","-0.22007634","-0.012736084","-0.030332055","-0.0119885225","-0.017566964","-0.012050644","-0.0032349413","0.008790346","-0.005663294","0.003401166","-0.0016634933","0.0016024841","0.0030496456","-0.006093373","0.001336644","0.0013386973","0.0014833187","-0.0015655878","-0.0011191956","-0.0022812048","0.0032914274","-0.003769479","-0.0010876738","8.700956e-05","-0.00057010935","0.003326504","0.00012283615","0.0024395816","-0.002798829","-0.0001607432","0.0027648855","0.0029609804","-0.0010443438","0.0017620911","-0.00088586373","-0.0009047997","-0.00079564453","2.4461137e-08","0.0010531262","0.028242592","0.03517258","-0.011418279","-0.023639556","-0.12819138","-0.003655476","0.0032118745","0.0018818054","0.00081408414","0.0","0.0","0.0","0.0","0.0","0.0","0.0","0.0","0.0","0.0","-0.0024369073","0.0","0.0","0.0","0.0","0.0"
"chronic gastritis","-0.22007634","-0.012736084","-0.030332055","-0.0119885225","-0.017566964","-0.012050644","-0.0032349413","0.008790346","-0.005663294","0.003401166","-0.0016634933","0.0016024841","0.0030496456","-0.006093373","0.001336644","0.0013386973","0.0014833187","-0.0015655878","-0.0011191956","-0.0022812048","0.0032914274","-0.003769479","-0.0010876738","8.700956e-05","-0.00057010935","0.003326504","0.00012283615","0.0024395816","-0.002798829","-0.0001607432","0.0027648855","0.0029609804","-0.0010443438","0.0017620911","-0.00088586373","-0.0009047997","-0.00079564453","2.4461137e-08","0.0010531262","0.028242592","0.03517258","-0.011418279","-0.023639556","-0.12819138","-0.003655476","0.0032118745","0.0018818054","0.00081408414","0.0","0.0","0.0","0.0","0.0","0.0","0.0","0.0","0.0","0.0","-0.0024369073","0.0","0.0","0.0","0.0","0.0"
"chronic gastrointestinal inflammation","-0.22007634","-0.012736084","-0.030332055","-0.0119885225","-0.017566964","-0.012050644","-0.0032349413","0.008790346","-0.005663294","0.003401166","-0.0016634933","0.0016024841","0.0030496456","-0.006093373","0.001336644","0.0013386973","0.0014833187","-0.0015655878","-0.0011191956","-0.0022812048","0.0032914274","-0.003769479","-0.0010876738","8.700956e-05","-0.00057010935","0.003326504","0.00012283615","0.0024395816","-0.002798829","-0.0001607432","0.0027648855","0.0029609804","-0.0010443438","0.0017620911","-0.00088586373","-0.0009047997","-0.00079564453","2.4461137e-08","0.0010531262","0.028242592","0.03517258","-0.011418279","-0.023639556","-0.12819138","-0.003655476","0.0032118745","0.0018818054","0.00081408414","0.0","0.0","0.0","0.0","0.0","0.0","0.0","0.0","0.0","0.0","-0.0024369073","0.0","0.0","0.0","0.0","0.0"
"chronic inflammation","-0.22007634","-0.012736084","-0.030332055","-0.0119885225","-0.017566964","-0.012050644","-0.0032349413","0.008790346","-0.005663294","0.003401166","-0.0016634933","0.0016024841","0.0030496456","-0.006093373","0.001336644","0.0013386973","0.0014833187","-0.0015655878","-0.0011191956","-0.0022812048","0.0032914274","-0.003769479","-0.0010876738","8.700956e-05","-0.00057010935","0.003326504","0.00012283615","0.0024395816","-0.002798829","-0.0001607432","0.0027648855","0.0029609804","-0.0010443438","0.0017620911","-0.00088586373","-0.0009047997","-0.00079564453","2.4461137e-08","0.0010531262","0.028242592","0.03517258","-0.011418279","-0.023639556","-0.12819138","-0.003655476","0.0032118745","0.0018818054","0.00081408414","0.0","0.0","0.0","0.0","0.0","0.0","0.0","0.0","0.0","0.0","-0.0024369073","0.0","0.0","0.0","0.0","0.0"
"chronic kidney disease","-0.22007634","-0.012736084","-0.030332055","-0.0119885225","-0.017566964","-0.012050644","-0.0032349413","0.008790346","-0.005663294","0.003401166","-0.0016634933","0.0016024841","0.0030496456","-0.006093373","0.001336644","0.0013386973","0.0014833187","-0.0015655878","-0.0011191956","-0.0022812048","0.0032914274","-0.003769479","-0.0010876738","8.700956e-05","-0.00057010935","0.003326504","0.00012283615","0.0024395816","-0.002798829","-0.0001607432","0.0027648855","0.0029609804","-0.0010443438","0.0017620911","-0.00088586373","-0.0009047997","-0.00079564453","2.4461137e-08","0.0010531262","0.028242592","0.03517258","-0.011418279","-0.023639556","-0.12819138","-0.003655476","0.0032118745","0.0018818054","0.00081408414","0.0","0.0","0.0","0.0","0.0","0.0","0.0","0.0","0.0","0.0","-0.0024369073","0.0","0.0","0.0","0.0","0.0"
"chronic nonbacterial prostate inflammation","-0.22007634","-0.012736084","-0.030332055","-0.0119885225","-0.017566964","-0.012050644","-0.0032349413","0.008790346","-0.005663294","0.003401166","-0.0016634933","0.0016024841","0.0030496456","-0.006093373","0.001336644","0.0013386973","0.0014833187","-0.0015655878","-0.0011191956","-0.0022812048","0.0032914274","-0.003769479","-0.0010876738","8.700956e-05","-0.00057010935","0.003326504","0.00012283615","0.0024395816","-0.002798829","-0.0001607432","0.0027648855","0.0029609804","-0.0010443438","0.0017620911","-0.00088586373","-0.0009047997","-0.00079564453","2.4461137e-08","0.0010531262","0.028242592","0.03517258","-0.011418279","-0.023639556","-0.12819138","-0.003655476","0.0032118745","0.0018818054","0.00081408414","0.0","0.0","0.0","0.0","0.0","0.0","0.0","0.0","0.0","0.0","-0.0024369073","0.0","0.0","0.0","0.0","0.0"
"chronic pancreatitis","-0.22007634","-0.012736084","-0.030332055","-0.0119885225","-0.017566964","-0.012050644","-0.0032349413","0.008790346","-0.005663294","0.003401166","-0.0016634933","0.0016024841","0.0030496456","-0.006093373","0.001336644","0.0013386973","0.0014833187","-0.0015655878","-0.0011191956","-0.0022812048","0.0032914274","-0.003769479","-0.0010876738","8.700956e-05","-0.00057010935","0.003326504","0.00012283615","0.0024395816","-0.002798829","-0.0001607432","0.0027648855","0.0029609804","-0.0010443438","0.0017620911","-0.00088586373","-0.0009047997","-0.00079564453","2.4461137e-08","0.0010531262","0.028242592","0.03517258","-0.011418279","-0.023639556","-0.12819138","-0.003655476","0.0032118745","0.0018818054","0.00081408414","0.0","0.0","0.0","0.0","0.0","0.0","0.0","0.0","0.0","0.0","-0.0024369073","0.0","0.0","0.0","0.0","0.0"
"cirrhosis","-0.22007634","-0.012736084","-0.030332055","-0.0119885225","-0.017566964","-0.012050644","-0.0032349413","0.008790346","-0.005663294","0.003401166","-0.0016634933","0.0016024841","0.0030496456","-0.006093373","0.001336644","0.0013386973","0.0014833187","-0.0015655878","-0.0011191956","-0.0022812048","0.0032914274","-0.003769479","-0.0010876738","8.700956e-05","-0.00057010935","0.003326504","0.00012283615","0.0024395816","-0.002798829","-0.0001607432","0.0027648855","0.0029609804","-0.0010443438","0.0017620911","-0.00088586373","-0.0009047997","-0.00079564453","2.4461137e-08","0.0010531262","0.028242592","0.03517258","-0.011418279","-0.023639556","-0.12819138","-0.003655476","0.0032118745","0.0018818054","0.00081408414","0.0","0.0","0.0","0.0","0.0","0.0","0.0","0.0","0.0","0.0","-0.0024369073","0.0","0.0","0.0","0.0","0.0"
"coeliac disease","-0.22007634","-0.012736084","-0.030332055","-0.0119885225","-0.017566964","-0.012050644","-0.0032349413","0.008790346","-0.005663294","0.003401166","-0.0016634933","0.0016024841","0.0030496456","-0.006093373","0.001336644","0.0013386973","0.0014833187","-0.0015655878","-0.0011191956","-0.0022812048","0.0032914274","-0.003769479","-0.0010876738","8.700956e-05","-0.00057010935","0.003326504","0.00012283615","0.0024395816","-0.002798829","-0.0001607432","0.0027648855","0.0029609804","-0.0010443438","0.0017620911","-0.00088586373","-0.0009047997","-0.00079564453","2.4461137e-08","0.0010531262","0.028242592","0.03517258","-0.011418279","-0.023639556","-0.12819138","-0.003655476","0.0032118745","0.0018818054","0.00081408414","0.0","0.0","0.0","0.0","0.0","0.0","0.0","0.0","0.0","0.0","-0.0024369073","0.0","0.0","0.0","0.0","0.0"
"cognitive decline","-0.22007634","-0.012736084","-0.030332055","-0.0119885225","-0.017566964","-0.012050644","-0.0032349413","0.008790346","-0.005663294","0.003401166","-0.0016634933","0.0016024841","0.0030496456","-0.006093373","0.001336644","0.0013386973","0.0014833187","-0.0015655878","-0.0011191956","-0.0022812048","0.0032914274","-0.003769479","-0.0010876738","8.700956e-05","-0.00057010935","0.003326504","0.00012283615","0.0024395816","-0.002798829","-0.0001607432","0.0027648855","0.0029609804","-0.0010443438","0.0017620911","-0.00088586373","-0.0009047997","-0.00079564453","2.4461137e-08","0.0010531262","0.028242592","0.03517258","-0.011418279","-0.023639556","-0.12819138","-0.003655476","0.0032118745","0.0018818054","0.00081408414","0.0","0.0","0.0","0.0","0.0","0.0","0.0","0.0","0.0","0.0","-0.0024369073","0.0","0.0","0.0","0.0","0.0"
"cognitive deficits","-0.22007634","-0.012736084","-0.030332055","-0.0119885225","-0.017566964","-0.012050644","-0.0032349413","0.008790346","-0.005663294","0.003401166","-0.0016634933","0.0016024841","0.0030496456","-0.006093373","0.001336644","0.0013386973","0.0014833187","-0.0015655878","-0.0011191956","-0.0022812048","0.0032914274","-0.003769479","-0.0010876738","8.700956e-05","-0.00057010935","0.003326504","0.00012283615","0.0024395816","-0.002798829","-0.0001607432","0.0027648855","0.0029609804","-0.0010443438","0.0017620911","-0.00088586373","-0.0009047997","-0.00079564453","2.4461137e-08","0.0010531262","0.028242592","0.03517258","-0.011418279","-0.023639556","-0.12819138","-0.003655476","0.0032118745","0.0018818054","0.00081408414","0.0","0.0","0.0","0.0","0.0","0.0","0.0","0.0","0.0","0.0","-0.0024369073","0.0","0.0","0.0","0.0","0.0"
"cognitive impairment","-0.22007634","-0.012736084","-0.030332055","-0.0119885225","-0.017566964","-0.012050644","-0.0032349413","0.008790346","-0.005663294","0.003401166","-0.0016634933","0.0016024841","0.0030496456","-0.006093373","0.001336644","0.0013386973","0.0014833187","-0.0015655878","-0.0011191956","-0.0022812048","0.0032914274","-0.003769479","-0.0010876738","8.700956e-05","-0.00057010935","0.003326504","0.00012283615","0.0024395816","-0.002798829","-0.0001607432","0.0027648855","0.0029609804","-0.0010443438","0.0017620911","-0.00088586373","-0.0009047997","-0.00079564453","2.4461137e-08","0.0010531262","0.028242592","0.03517258","-0.011418279","-0.023639556","-0.12819138","-0.003655476","0.0032118745","0.0018818054","0.00081408414","0.0","0.0","0.0","0.0","0.0","0.0","0.0","0.0","0.0","0.0","-0.0024369073","0.0","0.0","0.0","0.0","0.0"
"colitis","-0.22007634","-0.012736084","-0.030332055","-0.0119885225","-0.017566964","-0.012050644","-0.0032349413","0.008790346","-0.005663294","0.003401166","-0.0016634933","0.0016024841","0.0030496456","-0.006093373","0.001336644","0.0013386973","0.0014833187","-0.0015655878","-0.0011191956","-0.0022812048","0.0032914274","-0.003769479","-0.0010876738","8.700956e-05","-0.00057010935","0.003326504","0.00012283615","0.0024395816","-0.002798829","-0.0001607432","0.0027648855","0.0029609804","-0.0010443438","0.0017620911","-0.00088586373","-0.0009047997","-0.00079564453","2.4461137e-08","0.0010531262","0.028242592","0.03517258","-0.011418279","-0.023639556","-0.12819138","-0.003655476","0.0032118745","0.0018818054","0.00081408414","0.0","0.0","0.0","0.0","0.0","0.0","0.0","0.0","0.0","0.0","-0.0024369073","0.0","0.0","0.0","0.0","0.0"
"colitis associated colon cancer","-0.22007634","-0.012736084","-0.030332055","-0.0119885225","-0.017566964","-0.012050644","-0.0032349413","0.008790346","-0.005663294","0.003401166","-0.0016634933","0.0016024841","0.0030496456","-0.006093373","0.001336644","0.0013386973","0.0014833187","-0.0015655878","-0.0011191956","-0.0022812048","0.0032914274","-0.003769479","-0.0010876738","8.700956e-05","-0.00057010935","0.003326504","0.00012283615","0.0024395816","-0.002798829","-0.0001607432","0.0027648855","0.0029609804","-0.0010443438","0.0017620911","-0.00088586373","-0.0009047997","-0.00079564453","2.4461137e-08","0.0010531262","0.028242592","0.03517258","-0.011418279","-0.023639556","-0.12819138","-0.003655476","0.0032118745","0.0018818054","0.00081408414","0.0","0.0","0.0","0.0","0.0","0.0","0.0","0.0","0.0","0.0","-0.0024369073","0.0","0.0","0.0","0.0","0.0"
"colitis-associated cancer","-0.22007634","-0.012736084","-0.030332055","-0.0119885225","-0.017566964","-0.012050644","-0.0032349413","0.008790346","-0.005663294","0.003401166","-0.0016634933","0.0016024841","0.0030496456","-0.006093373","0.001336644","0.0013386973","0.0014833187","-0.0015655878","-0.0011191956","-0.0022812048","0.0032914274","-0.003769479","-0.0010876738","8.700956e-05","-0.00057010935","0.003326504","0.00012283615","0.0024395816","-0.002798829","-0.0001607432","0.0027648855","0.0029609804","-0.0010443438","0.0017620911","-0.00088586373","-0.0009047997","-0.00079564453","2.4461137e-08","0.0010531262","0.028242592","0.03517258","-0.011418279","-0.023639556","-0.12819138","-0.003655476","0.0032118745","0.0018818054","0.00081408414","0.0","0.0","0.0","0.0","0.0","0.0","0.0","0.0","0.0","0.0","-0.0024369073","0.0","0.0","0.0","0.0","0.0"
"colon adenocarcinoma","-0.22007634","-0.012736084","-0.030332055","-0.0119885225","-0.017566964","-0.012050644","-0.0032349413","0.008790346","-0.005663294","0.003401166","-0.0016634933","0.0016024841","0.0030496456","-0.006093373","0.001336644","0.0013386973","0.0014833187","-0.0015655878","-0.0011191956","-0.0022812048","0.0032914274","-0.003769479","-0.0010876738","8.700956e-05","-0.00057010935","0.003326504","0.00012283615","0.0024395816","-0.002798829","-0.0001607432","0.0027648855","0.0029609804","-0.0010443438","0.0017620911","-0.00088586373","-0.0009047997","-0.00079564453","2.4461137e-08","0.0010531262","0.028242592","0.03517258","-0.011418279","-0.023639556","-0.12819138","-0.003655476","0.0032118745","0.0018818054","0.00081408414","0.0","0.0","0.0","0.0","0.0","0.0","0.0","0.0","0.0","0.0","-0.0024369073","0.0","0.0","0.0","0.0","0.0"
"colon cancer","-0.22007634","-0.012736084","-0.030332055","-0.0119885225","-0.017566964","-0.012050644","-0.0032349413","0.008790346","-0.005663294","0.003401166","-0.0016634933","0.0016024841","0.0030496456","-0.006093373","0.001336644","0.0013386973","0.0014833187","-0.0015655878","-0.0011191956","-0.0022812048","0.0032914274","-0.003769479","-0.0010876738","8.700956e-05","-0.00057010935","0.003326504","0.00012283615","0.0024395816","-0.002798829","-0.0001607432","0.0027648855","0.0029609804","-0.0010443438","0.0017620911","-0.00088586373","-0.0009047997","-0.00079564453","2.4461137e-08","0.0010531262","0.028242592","0.03517258","-0.011418279","-0.023639556","-0.12819138","-0.003655476","0.0032118745","0.0018818054","0.00081408414","0.0","0.0","0.0","0.0","0.0","0.0","0.0","0.0","0.0","0.0","-0.0024369073","0.0","0.0","0.0","0.0","0.0"
"colon health","-0.22007634","-0.012736084","-0.030332055","-0.0119885225","-0.017566964","-0.012050644","-0.0032349413","0.008790346","-0.005663294","0.003401166","-0.0016634933","0.0016024841","0.0030496456","-0.006093373","0.001336644","0.0013386973","0.0014833187","-0.0015655878","-0.0011191956","-0.0022812048","0.0032914274","-0.003769479","-0.0010876738","8.700956e-05","-0.00057010935","0.003326504","0.00012283615","0.0024395816","-0.002798829","-0.0001607432","0.0027648855","0.0029609804","-0.0010443438","0.0017620911","-0.00088586373","-0.0009047997","-0.00079564453","2.4461137e-08","0.0010531262","0.028242592","0.03517258","-0.011418279","-0.023639556","-0.12819138","-0.003655476","0.0032118745","0.0018818054","0.00081408414","0.0","0.0","0.0","0.0","0.0","0.0","0.0","0.0","0.0","0.0","-0.0024369073","0.0","0.0","0.0","0.0","0.0"
"colon neoplasms","-0.22007634","-0.012736084","-0.030332055","-0.0119885225","-0.017566964","-0.012050644","-0.0032349413","0.008790346","-0.005663294","0.003401166","-0.0016634933","0.0016024841","0.0030496456","-0.006093373","0.001336644","0.0013386973","0.0014833187","-0.0015655878","-0.0011191956","-0.0022812048","0.0032914274","-0.003769479","-0.0010876738","8.700956e-05","-0.00057010935","0.003326504","0.00012283615","0.0024395816","-0.002798829","-0.0001607432","0.0027648855","0.0029609804","-0.0010443438","0.0017620911","-0.00088586373","-0.0009047997","-0.00079564453","2.4461137e-08","0.0010531262","0.028242592","0.03517258","-0.011418279","-0.023639556","-0.12819138","-0.003655476","0.0032118745","0.0018818054","0.00081408414","0.0","0.0","0.0","0.0","0.0","0.0","0.0","0.0","0.0","0.0","-0.0024369073","0.0","0.0","0.0","0.0","0.0"
"colonic inflammation","-0.22007634","-0.012736084","-0.030332055","-0.0119885225","-0.017566964","-0.012050644","-0.0032349413","0.008790346","-0.005663294","0.003401166","-0.0016634933","0.0016024841","0.0030496456","-0.006093373","0.001336644","0.0013386973","0.0014833187","-0.0015655878","-0.0011191956","-0.0022812048","0.0032914274","-0.003769479","-0.0010876738","8.700956e-05","-0.00057010935","0.003326504","0.00012283615","0.0024395816","-0.002798829","-0.0001607432","0.0027648855","0.0029609804","-0.0010443438","0.0017620911","-0.00088586373","-0.0009047997","-0.00079564453","2.4461137e-08","0.0010531262","0.028242592","0.03517258","-0.011418279","-0.023639556","-0.12819138","-0.003655476","0.0032118745","0.0018818054","0.00081408414","0.0","0.0","0.0","0.0","0.0","0.0","0.0","0.0","0.0","0.0","-0.0024369073","0.0","0.0","0.0","0.0","0.0"
"colorectal adenoma","-0.22007634","-0.012736084","-0.030332055","-0.0119885225","-0.017566964","-0.012050644","-0.0032349413","0.008790346","-0.005663294","0.003401166","-0.0016634933","0.0016024841","0.0030496456","-0.006093373","0.001336644","0.0013386973","0.0014833187","-0.0015655878","-0.0011191956","-0.0022812048","0.0032914274","-0.003769479","-0.0010876738","8.700956e-05","-0.00057010935","0.003326504","0.00012283615","0.0024395816","-0.002798829","-0.0001607432","0.0027648855","0.0029609804","-0.0010443438","0.0017620911","-0.00088586373","-0.0009047997","-0.00079564453","2.4461137e-08","0.0010531262","0.028242592","0.03517258","-0.011418279","-0.023639556","-0.12819138","-0.003655476","0.0032118745","0.0018818054","0.00081408414","0.0","0.0","0.0","0.0","0.0","0.0","0.0","0.0","0.0","0.0","-0.0024369073","0.0","0.0","0.0","0.0","0.0"
"colorectal adenomas","-0.22007634","-0.012736084","-0.030332055","-0.0119885225","-0.017566964","-0.012050644","-0.0032349413","0.008790346","-0.005663294","0.003401166","-0.0016634933","0.0016024841","0.0030496456","-0.006093373","0.001336644","0.0013386973","0.0014833187","-0.0015655878","-0.0011191956","-0.0022812048","0.0032914274","-0.003769479","-0.0010876738","8.700956e-05","-0.00057010935","0.003326504","0.00012283615","0.0024395816","-0.002798829","-0.0001607432","0.0027648855","0.0029609804","-0.0010443438","0.0017620911","-0.00088586373","-0.0009047997","-0.00079564453","2.4461137e-08","0.0010531262","0.028242592","0.03517258","-0.011418279","-0.023639556","-0.12819138","-0.003655476","0.0032118745","0.0018818054","0.00081408414","0.0","0.0","0.0","0.0","0.0","0.0","0.0","0.0","0.0","0.0","-0.0024369073","0.0","0.0","0.0","0.0","0.0"
"colorectal cancer","-0.22007634","-0.012736084","-0.030332055","-0.0119885225","-0.017566964","-0.012050644","-0.0032349413","0.008790346","-0.005663294","0.003401166","-0.0016634933","0.0016024841","0.0030496456","-0.006093373","0.001336644","0.0013386973","0.0014833187","-0.0015655878","-0.0011191956","-0.0022812048","0.0032914274","-0.003769479","-0.0010876738","8.700956e-05","-0.00057010935","0.003326504","0.00012283615","0.0024395816","-0.002798829","-0.0001607432","0.0027648855","0.0029609804","-0.0010443438","0.0017620911","-0.00088586373","-0.0009047997","-0.00079564453","2.4461137e-08","0.0010531262","0.028242592","0.03517258","-0.011418279","-0.023639556","-0.12819138","-0.003655476","0.0032118745","0.0018818054","0.00081408414","0.0","0.0","0.0","0.0","0.0","0.0","0.0","0.0","0.0","0.0","-0.0024369073","0.0","0.0","0.0","0.0","0.0"
"colorectal carcinoma","-0.22007634","-0.012736084","-0.030332055","-0.0119885225","-0.017566964","-0.012050644","-0.0032349413","0.008790346","-0.005663294","0.003401166","-0.0016634933","0.0016024841","0.0030496456","-0.006093373","0.001336644","0.0013386973","0.0014833187","-0.0015655878","-0.0011191956","-0.0022812048","0.0032914274","-0.003769479","-0.0010876738","8.700956e-05","-0.00057010935","0.003326504","0.00012283615","0.0024395816","-0.002798829","-0.0001607432","0.0027648855","0.0029609804","-0.0010443438","0.0017620911","-0.00088586373","-0.0009047997","-0.00079564453","2.4461137e-08","0.0010531262","0.028242592","0.03517258","-0.011418279","-0.023639556","-0.12819138","-0.003655476","0.0032118745","0.0018818054","0.00081408414","0.0","0.0","0.0","0.0","0.0","0.0","0.0","0.0","0.0","0.0","-0.0024369073","0.0","0.0","0.0","0.0","0.0"
"constipated-irritable bowel syndrome","-0.22007634","-0.012736084","-0.030332055","-0.0119885225","-0.017566964","-0.012050644","-0.0032349413","0.008790346","-0.005663294","0.003401166","-0.0016634933","0.0016024841","0.0030496456","-0.006093373","0.001336644","0.0013386973","0.0014833187","-0.0015655878","-0.0011191956","-0.0022812048","0.0032914274","-0.003769479","-0.0010876738","8.700956e-05","-0.00057010935","0.003326504","0.00012283615","0.0024395816","-0.002798829","-0.0001607432","0.0027648855","0.0029609804","-0.0010443438","0.0017620911","-0.00088586373","-0.0009047997","-0.00079564453","2.4461137e-08","0.0010531262","0.028242592","0.03517258","-0.011418279","-0.023639556","-0.12819138","-0.003655476","0.0032118745","0.0018818054","0.00081408414","0.0","0.0","0.0","0.0","0.0","0.0","0.0","0.0","0.0","0.0","-0.0024369073","0.0","0.0","0.0","0.0","0.0"
"constipation","-0.22007634","-0.012736084","-0.030332055","-0.0119885225","-0.017566964","-0.012050644","-0.0032349413","0.008790346","-0.005663294","0.003401166","-0.0016634933","0.0016024841","0.0030496456","-0.006093373","0.001336644","0.0013386973","0.0014833187","-0.0015655878","-0.0011191956","-0.0022812048","0.0032914274","-0.003769479","-0.0010876738","8.700956e-05","-0.00057010935","0.003326504","0.00012283615","0.0024395816","-0.002798829","-0.0001607432","0.0027648855","0.0029609804","-0.0010443438","0.0017620911","-0.00088586373","-0.0009047997","-0.00079564453","2.4461137e-08","0.0010531262","0.028242592","0.03517258","-0.011418279","-0.023639556","-0.12819138","-0.003655476","0.0032118745","0.0018818054","0.00081408414","0.0","0.0","0.0","0.0","0.0","0.0","0.0","0.0","0.0","0.0","-0.0024369073","0.0","0.0","0.0","0.0","0.0"
"coronary artery disease","-0.22007634","-0.012736084","-0.030332055","-0.0119885225","-0.017566964","-0.012050644","-0.0032349413","0.008790346","-0.005663294","0.003401166","-0.0016634933","0.0016024841","0.0030496456","-0.006093373","0.001336644","0.0013386973","0.0014833187","-0.0015655878","-0.0011191956","-0.0022812048","0.0032914274","-0.003769479","-0.0010876738","8.700956e-05","-0.00057010935","0.003326504","0.00012283615","0.0024395816","-0.002798829","-0.0001607432","0.0027648855","0.0029609804","-0.0010443438","0.0017620911","-0.00088586373","-0.0009047997","-0.00079564453","2.4461137e-08","0.0010531262","0.028242592","0.03517258","-0.011418279","-0.023639556","-0.12819138","-0.003655476","0.0032118745","0.0018818054","0.00081408414","0.0","0.0","0.0","0.0","0.0","0.0","0.0","0.0","0.0","0.0","-0.0024369073","0.0","0.0","0.0","0.0","0.0"
"coronary heart disease","-0.22007634","-0.012736084","-0.030332055","-0.0119885225","-0.017566964","-0.012050644","-0.0032349413","0.008790346","-0.005663294","0.003401166","-0.0016634933","0.0016024841","0.0030496456","-0.006093373","0.001336644","0.0013386973","0.0014833187","-0.0015655878","-0.0011191956","-0.0022812048","0.0032914274","-0.003769479","-0.0010876738","8.700956e-05","-0.00057010935","0.003326504","0.00012283615","0.0024395816","-0.002798829","-0.0001607432","0.0027648855","0.0029609804","-0.0010443438","0.0017620911","-0.00088586373","-0.0009047997","-0.00079564453","2.4461137e-08","0.0010531262","0.028242592","0.03517258","-0.011418279","-0.023639556","-0.12819138","-0.003655476","0.0032118745","0.0018818054","0.00081408414","0.0","0.0","0.0","0.0","0.0","0.0","0.0","0.0","0.0","0.0","-0.0024369073","0.0","0.0","0.0","0.0","0.0"
"coronary heart disease complicated with nonalcoholic fatty liver disease","-0.22007634","-0.012736084","-0.030332055","-0.0119885225","-0.017566964","-0.012050644","-0.0032349413","0.008790346","-0.005663294","0.003401166","-0.0016634933","0.0016024841","0.0030496456","-0.006093373","0.001336644","0.0013386973","0.0014833187","-0.0015655878","-0.0011191956","-0.0022812048","0.0032914274","-0.003769479","-0.0010876738","8.700956e-05","-0.00057010935","0.003326504","0.00012283615","0.0024395816","-0.002798829","-0.0001607432","0.0027648855","0.0029609804","-0.0010443438","0.0017620911","-0.00088586373","-0.0009047997","-0.00079564453","2.4461137e-08","0.0010531262","0.028242592","0.03517258","-0.011418279","-0.023639556","-0.12819138","-0.003655476","0.0032118745","0.0018818054","0.00081408414","0.0","0.0","0.0","0.0","0.0","0.0","0.0","0.0","0.0","0.0","-0.0024369073","0.0","0.0","0.0","0.0","0.0"
"cow milk protein allergy","-0.22007634","-0.012736084","-0.030332055","-0.0119885225","-0.017566964","-0.012050644","-0.0032349413","0.008790346","-0.005663294","0.003401166","-0.0016634933","0.0016024841","0.0030496456","-0.006093373","0.001336644","0.0013386973","0.0014833187","-0.0015655878","-0.0011191956","-0.0022812048","0.0032914274","-0.003769479","-0.0010876738","8.700956e-05","-0.00057010935","0.003326504","0.00012283615","0.0024395816","-0.002798829","-0.0001607432","0.0027648855","0.0029609804","-0.0010443438","0.0017620911","-0.00088586373","-0.0009047997","-0.00079564453","2.4461137e-08","0.0010531262","0.028242592","0.03517258","-0.011418279","-0.023639556","-0.12819138","-0.003655476","0.0032118745","0.0018818054","0.00081408414","0.0","0.0","0.0","0.0","0.0","0.0","0.0","0.0","0.0","0.0","-0.0024369073","0.0","0.0","0.0","0.0","0.0"
"cystic fibrosis","-0.22007634","-0.012736084","-0.030332055","-0.0119885225","-0.017566964","-0.012050644","-0.0032349413","0.008790346","-0.005663294","0.003401166","-0.0016634933","0.0016024841","0.0030496456","-0.006093373","0.001336644","0.0013386973","0.0014833187","-0.0015655878","-0.0011191956","-0.0022812048","0.0032914274","-0.003769479","-0.0010876738","8.700956e-05","-0.00057010935","0.003326504","0.00012283615","0.0024395816","-0.002798829","-0.0001607432","0.0027648855","0.0029609804","-0.0010443438","0.0017620911","-0.00088586373","-0.0009047997","-0.00079564453","2.4461137e-08","0.0010531262","0.028242592","0.03517258","-0.011418279","-0.023639556","-0.12819138","-0.003655476","0.0032118745","0.0018818054","0.00081408414","0.0","0.0","0.0","0.0","0.0","0.0","0.0","0.0","0.0","0.0","-0.0024369073","0.0","0.0","0.0","0.0","0.0"
"depression","-0.22007634","-0.012736084","-0.030332055","-0.0119885225","-0.017566964","-0.012050644","-0.0032349413","0.008790346","-0.005663294","0.003401166","-0.0016634933","0.0016024841","0.0030496456","-0.006093373","0.001336644","0.0013386973","0.0014833187","-0.0015655878","-0.0011191956","-0.0022812048","0.0032914274","-0.003769479","-0.0010876738","8.700956e-05","-0.00057010935","0.003326504","0.00012283615","0.0024395816","-0.002798829","-0.0001607432","0.0027648855","0.0029609804","-0.0010443438","0.0017620911","-0.00088586373","-0.0009047997","-0.00079564453","2.4461137e-08","0.0010531262","0.028242592","0.03517258","-0.011418279","-0.023639556","-0.12819138","-0.003655476","0.0032118745","0.0018818054","0.00081408414","0.0","0.0","0.0","0.0","0.0","0.0","0.0","0.0","0.0","0.0","-0.0024369073","0.0","0.0","0.0","0.0","0.0"
"dextran sulphate sodium-induced colitis","-0.22007634","-0.012736084","-0.030332055","-0.0119885225","-0.017566964","-0.012050644","-0.0032349413","0.008790346","-0.005663294","0.003401166","-0.0016634933","0.0016024841","0.0030496456","-0.006093373","0.001336644","0.0013386973","0.0014833187","-0.0015655878","-0.0011191956","-0.0022812048","0.0032914274","-0.003769479","-0.0010876738","8.700956e-05","-0.00057010935","0.003326504","0.00012283615","0.0024395816","-0.002798829","-0.0001607432","0.0027648855","0.0029609804","-0.0010443438","0.0017620911","-0.00088586373","-0.0009047997","-0.00079564453","2.4461137e-08","0.0010531262","0.028242592","0.03517258","-0.011418279","-0.023639556","-0.12819138","-0.003655476","0.0032118745","0.0018818054","0.00081408414","0.0","0.0","0.0","0.0","0.0","0.0","0.0","0.0","0.0","0.0","-0.0024369073","0.0","0.0","0.0","0.0","0.0"
"diabetes","-0.22007634","-0.012736084","-0.030332055","-0.0119885225","-0.017566964","-0.012050644","-0.0032349413","0.008790346","-0.005663294","0.003401166","-0.0016634933","0.0016024841","0.0030496456","-0.006093373","0.001336644","0.0013386973","0.0014833187","-0.0015655878","-0.0011191956","-0.0022812048","0.0032914274","-0.003769479","-0.0010876738","8.700956e-05","-0.00057010935","0.003326504","0.00012283615","0.0024395816","-0.002798829","-0.0001607432","0.0027648855","0.0029609804","-0.0010443438","0.0017620911","-0.00088586373","-0.0009047997","-0.00079564453","2.4461137e-08","0.0010531262","0.028242592","0.03517258","-0.011418279","-0.023639556","-0.12819138","-0.003655476","0.0032118745","0.0018818054","0.00081408414","0.0","0.0","0.0","0.0","0.0","0.0","0.0","0.0","0.0","0.0","-0.0024369073","0.0","0.0","0.0","0.0","0.0"
"diabetes mellitus","-0.22007634","-0.012736084","-0.030332055","-0.0119885225","-0.017566964","-0.012050644","-0.0032349413","0.008790346","-0.005663294","0.003401166","-0.0016634933","0.0016024841","0.0030496456","-0.006093373","0.001336644","0.0013386973","0.0014833187","-0.0015655878","-0.0011191956","-0.0022812048","0.0032914274","-0.003769479","-0.0010876738","8.700956e-05","-0.00057010935","0.003326504","0.00012283615","0.0024395816","-0.002798829","-0.0001607432","0.0027648855","0.0029609804","-0.0010443438","0.0017620911","-0.00088586373","-0.0009047997","-0.00079564453","2.4461137e-08","0.0010531262","0.028242592","0.03517258","-0.011418279","-0.023639556","-0.12819138","-0.003655476","0.0032118745","0.0018818054","0.00081408414","0.0","0.0","0.0","0.0","0.0","0.0","0.0","0.0","0.0","0.0","-0.0024369073","0.0","0.0","0.0","0.0","0.0"
"diarrhea","-0.22007634","-0.012736084","-0.030332055","-0.0119885225","-0.017566964","-0.012050644","-0.0032349413","0.008790346","-0.005663294","0.003401166","-0.0016634933","0.0016024841","0.0030496456","-0.006093373","0.001336644","0.0013386973","0.0014833187","-0.0015655878","-0.0011191956","-0.0022812048","0.0032914274","-0.003769479","-0.0010876738","8.700956e-05","-0.00057010935","0.003326504","0.00012283615","0.0024395816","-0.002798829","-0.0001607432","0.0027648855","0.0029609804","-0.0010443438","0.0017620911","-0.00088586373","-0.0009047997","-0.00079564453","2.4461137e-08","0.0010531262","0.028242592","0.03517258","-0.011418279","-0.023639556","-0.12819138","-0.003655476","0.0032118745","0.0018818054","0.00081408414","0.0","0.0","0.0","0.0","0.0","0.0","0.0","0.0","0.0","0.0","-0.0024369073","0.0","0.0","0.0","0.0","0.0"
"diarrhea-predominant irritable bowel syndrome","-0.22007634","-0.012736084","-0.030332055","-0.0119885225","-0.017566964","-0.012050644","-0.0032349413","0.008790346","-0.005663294","0.003401166","-0.0016634933","0.0016024841","0.0030496456","-0.006093373","0.001336644","0.0013386973","0.0014833187","-0.0015655878","-0.0011191956","-0.0022812048","0.0032914274","-0.003769479","-0.0010876738","8.700956e-05","-0.00057010935","0.003326504","0.00012283615","0.0024395816","-0.002798829","-0.0001607432","0.0027648855","0.0029609804","-0.0010443438","0.0017620911","-0.00088586373","-0.0009047997","-0.00079564453","2.4461137e-08","0.0010531262","0.028242592","0.03517258","-0.011418279","-0.023639556","-0.12819138","-0.003655476","0.0032118745","0.0018818054","0.00081408414","0.0","0.0","0.0","0.0","0.0","0.0","0.0","0.0","0.0","0.0","-0.0024369073","0.0","0.0","0.0","0.0","0.0"
"diarrheal diseases","-0.22007634","-0.012736084","-0.030332055","-0.0119885225","-0.017566964","-0.012050644","-0.0032349413","0.008790346","-0.005663294","0.003401166","-0.0016634933","0.0016024841","0.0030496456","-0.006093373","0.001336644","0.0013386973","0.0014833187","-0.0015655878","-0.0011191956","-0.0022812048","0.0032914274","-0.003769479","-0.0010876738","8.700956e-05","-0.00057010935","0.003326504","0.00012283615","0.0024395816","-0.002798829","-0.0001607432","0.0027648855","0.0029609804","-0.0010443438","0.0017620911","-0.00088586373","-0.0009047997","-0.00079564453","2.4461137e-08","0.0010531262","0.028242592","0.03517258","-0.011418279","-0.023639556","-0.12819138","-0.003655476","0.0032118745","0.0018818054","0.00081408414","0.0","0.0","0.0","0.0","0.0","0.0","0.0","0.0","0.0","0.0","-0.0024369073","0.0","0.0","0.0","0.0","0.0"
"diet-induced obesity","-0.22007634","-0.012736084","-0.030332055","-0.0119885225","-0.017566964","-0.012050644","-0.0032349413","0.008790346","-0.005663294","0.003401166","-0.0016634933","0.0016024841","0.0030496456","-0.006093373","0.001336644","0.0013386973","0.0014833187","-0.0015655878","-0.0011191956","-0.0022812048","0.0032914274","-0.003769479","-0.0010876738","8.700956e-05","-0.00057010935","0.003326504","0.00012283615","0.0024395816","-0.002798829","-0.0001607432","0.0027648855","0.0029609804","-0.0010443438","0.0017620911","-0.00088586373","-0.0009047997","-0.00079564453","2.4461137e-08","0.0010531262","0.028242592","0.03517258","-0.011418279","-0.023639556","-0.12819138","-0.003655476","0.0032118745","0.0018818054","0.00081408414","0.0","0.0","0.0","0.0","0.0","0.0","0.0","0.0","0.0","0.0","-0.0024369073","0.0","0.0","0.0","0.0","0.0"
"diverticular disease","-0.22007634","-0.012736084","-0.030332055","-0.0119885225","-0.017566964","-0.012050644","-0.0032349413","0.008790346","-0.005663294","0.003401166","-0.0016634933","0.0016024841","0.0030496456","-0.006093373","0.001336644","0.0013386973","0.0014833187","-0.0015655878","-0.0011191956","-0.0022812048","0.0032914274","-0.003769479","-0.0010876738","8.700956e-05","-0.00057010935","0.003326504","0.00012283615","0.0024395816","-0.002798829","-0.0001607432","0.0027648855","0.0029609804","-0.0010443438","0.0017620911","-0.00088586373","-0.0009047997","-0.00079564453","2.4461137e-08","0.0010531262","0.028242592","0.03517258","-0.011418279","-0.023639556","-0.12819138","-0.003655476","0.0032118745","0.0018818054","0.00081408414","0.0","0.0","0.0","0.0","0.0","0.0","0.0","0.0","0.0","0.0","-0.0024369073","0.0","0.0","0.0","0.0","0.0"
"dry skin","-0.22007634","-0.012736084","-0.030332055","-0.0119885225","-0.017566964","-0.012050644","-0.0032349413","0.008790346","-0.005663294","0.003401166","-0.0016634933","0.0016024841","0.0030496456","-0.006093373","0.001336644","0.0013386973","0.0014833187","-0.0015655878","-0.0011191956","-0.0022812048","0.0032914274","-0.003769479","-0.0010876738","8.700956e-05","-0.00057010935","0.003326504","0.00012283615","0.0024395816","-0.002798829","-0.0001607432","0.0027648855","0.0029609804","-0.0010443438","0.0017620911","-0.00088586373","-0.0009047997","-0.00079564453","2.4461137e-08","0.0010531262","0.028242592","0.03517258","-0.011418279","-0.023639556","-0.12819138","-0.003655476","0.0032118745","0.0018818054","0.00081408414","0.0","0.0","0.0","0.0","0.0","0.0","0.0","0.0","0.0","0.0","-0.0024369073","0.0","0.0","0.0","0.0","0.0"
"duodenal ulcer","-0.22007634","-0.012736084","-0.030332055","-0.0119885225","-0.017566964","-0.012050644","-0.0032349413","0.008790346","-0.005663294","0.003401166","-0.0016634933","0.0016024841","0.0030496456","-0.006093373","0.001336644","0.0013386973","0.0014833187","-0.0015655878","-0.0011191956","-0.0022812048","0.0032914274","-0.003769479","-0.0010876738","8.700956e-05","-0.00057010935","0.003326504","0.00012283615","0.0024395816","-0.002798829","-0.0001607432","0.0027648855","0.0029609804","-0.0010443438","0.0017620911","-0.00088586373","-0.0009047997","-0.00079564453","2.4461137e-08","0.0010531262","0.028242592","0.03517258","-0.011418279","-0.023639556","-0.12819138","-0.003655476","0.0032118745","0.0018818054","0.00081408414","0.0","0.0","0.0","0.0","0.0","0.0","0.0","0.0","0.0","0.0","-0.0024369073","0.0","0.0","0.0","0.0","0.0"
"dysbiosis","-0.22007634","-0.012736084","-0.030332055","-0.0119885225","-0.017566964","-0.012050644","-0.0032349413","0.008790346","-0.005663294","0.003401166","-0.0016634933","0.0016024841","0.0030496456","-0.006093373","0.001336644","0.0013386973","0.0014833187","-0.0015655878","-0.0011191956","-0.0022812048","0.0032914274","-0.003769479","-0.0010876738","8.700956e-05","-0.00057010935","0.003326504","0.00012283615","0.0024395816","-0.002798829","-0.0001607432","0.0027648855","0.0029609804","-0.0010443438","0.0017620911","-0.00088586373","-0.0009047997","-0.00079564453","2.4461137e-08","0.0010531262","0.028242592","0.03517258","-0.011418279","-0.023639556","-0.12819138","-0.003655476","0.0032118745","0.0018818054","0.00081408414","0.0","0.0","0.0","0.0","0.0","0.0","0.0","0.0","0.0","0.0","-0.0024369073","0.0","0.0","0.0","0.0","0.0"
"dysenteric diarrhea","-0.22007634","-0.012736084","-0.030332055","-0.0119885225","-0.017566964","-0.012050644","-0.0032349413","0.008790346","-0.005663294","0.003401166","-0.0016634933","0.0016024841","0.0030496456","-0.006093373","0.001336644","0.0013386973","0.0014833187","-0.0015655878","-0.0011191956","-0.0022812048","0.0032914274","-0.003769479","-0.0010876738","8.700956e-05","-0.00057010935","0.003326504","0.00012283615","0.0024395816","-0.002798829","-0.0001607432","0.0027648855","0.0029609804","-0.0010443438","0.0017620911","-0.00088586373","-0.0009047997","-0.00079564453","2.4461137e-08","0.0010531262","0.028242592","0.03517258","-0.011418279","-0.023639556","-0.12819138","-0.003655476","0.0032118745","0.0018818054","0.00081408414","0.0","0.0","0.0","0.0","0.0","0.0","0.0","0.0","0.0","0.0","-0.0024369073","0.0","0.0","0.0","0.0","0.0"
"dyslipidemia","-0.22007634","-0.012736084","-0.030332055","-0.0119885225","-0.017566964","-0.012050644","-0.0032349413","0.008790346","-0.005663294","0.003401166","-0.0016634933","0.0016024841","0.0030496456","-0.006093373","0.001336644","0.0013386973","0.0014833187","-0.0015655878","-0.0011191956","-0.0022812048","0.0032914274","-0.003769479","-0.0010876738","8.700956e-05","-0.00057010935","0.003326504","0.00012283615","0.0024395816","-0.002798829","-0.0001607432","0.0027648855","0.0029609804","-0.0010443438","0.0017620911","-0.00088586373","-0.0009047997","-0.00079564453","2.4461137e-08","0.0010531262","0.028242592","0.03517258","-0.011418279","-0.023639556","-0.12819138","-0.003655476","0.0032118745","0.0018818054","0.00081408414","0.0","0.0","0.0","0.0","0.0","0.0","0.0","0.0","0.0","0.0","-0.0024369073","0.0","0.0","0.0","0.0","0.0"
"early-stage lung cancer","-0.22007634","-0.012736084","-0.030332055","-0.0119885225","-0.017566964","-0.012050644","-0.0032349413","0.008790346","-0.005663294","0.003401166","-0.0016634933","0.0016024841","0.0030496456","-0.006093373","0.001336644","0.0013386973","0.0014833187","-0.0015655878","-0.0011191956","-0.0022812048","0.0032914274","-0.003769479","-0.0010876738","8.700956e-05","-0.00057010935","0.003326504","0.00012283615","0.0024395816","-0.002798829","-0.0001607432","0.0027648855","0.0029609804","-0.0010443438","0.0017620911","-0.00088586373","-0.0009047997","-0.00079564453","2.4461137e-08","0.0010531262","0.028242592","0.03517258","-0.011418279","-0.023639556","-0.12819138","-0.003655476","0.0032118745","0.0018818054","0.00081408414","0.0","0.0","0.0","0.0","0.0","0.0","0.0","0.0","0.0","0.0","-0.0024369073","0.0","0.0","0.0","0.0","0.0"
"eczema","3.3302553","10.233084","1.8135153","0.082248636","2.19535","3.3109152","2.2370875","-4.805963","-7.034304","4.168477","1.2968447","1.1122916","-3.6562028","0.83296853","-1.5279962","-0.2710358","-0.07060374","-1.0650294","1.474518","-1.8417597","2.9864864","4.2123194","-1.8159757","0.668984","-0.04876167","-0.43147796","0.44517872","-1.1370502","-0.07642913","-0.47502187","1.9993445","3.5559077","0.27980834","7.873432","-7.4018407","-7.209033","18.211906","-0.0004681473","1.7858077","5.077537","-2.7353091","3.3710368","0.9408716","3.0350723","-2.2398474","-1.2671152","-3.3112607","-3.3561716","0.0","0.0","0.0","0.0","0.0","0.0","0.0","0.0","0.0","0.0","3.4039536","0.0","0.0","0.0","0.0","0.0"
"end stage renal disease","-0.22007634","-0.012736084","-0.030332055","-0.0119885225","-0.017566964","-0.012050644","-0.0032349413","0.008790346","-0.005663294","0.003401166","-0.0016634933","0.0016024841","0.0030496456","-0.006093373","0.001336644","0.0013386973","0.0014833187","-0.0015655878","-0.0011191956","-0.0022812048","0.0032914274","-0.003769479","-0.0010876738","8.700956e-05","-0.00057010935","0.003326504","0.00012283615","0.0024395816","-0.002798829","-0.0001607432","0.0027648855","0.0029609804","-0.0010443438","0.0017620911","-0.00088586373","-0.0009047997","-0.00079564453","2.4461137e-08","0.0010531262","0.028242592","0.03517258","-0.011418279","-0.023639556","-0.12819138","-0.003655476","0.0032118745","0.0018818054","0.00081408414","0.0","0.0","0.0","0.0","0.0","0.0","0.0","0.0","0.0","0.0","-0.0024369073","0.0","0.0","0.0","0.0","0.0"
"endocarditis","-0.22007634","-0.012736084","-0.030332055","-0.0119885225","-0.017566964","-0.012050644","-0.0032349413","0.008790346","-0.005663294","0.003401166","-0.0016634933","0.0016024841","0.0030496456","-0.006093373","0.001336644","0.0013386973","0.0014833187","-0.0015655878","-0.0011191956","-0.0022812048","0.0032914274","-0.003769479","-0.0010876738","8.700956e-05","-0.00057010935","0.003326504","0.00012283615","0.0024395816","-0.002798829","-0.0001607432","0.0027648855","0.0029609804","-0.0010443438","0.0017620911","-0.00088586373","-0.0009047997","-0.00079564453","2.4461137e-08","0.0010531262","0.028242592","0.03517258","-0.011418279","-0.023639556","-0.12819138","-0.003655476","0.0032118745","0.0018818054","0.00081408414","0.0","0.0","0.0","0.0","0.0","0.0","0.0","0.0","0.0","0.0","-0.0024369073","0.0","0.0","0.0","0.0","0.0"
"endometrial cancer","-0.22007634","-0.012736084","-0.030332055","-0.0119885225","-0.017566964","-0.012050644","-0.0032349413","0.008790346","-0.005663294","0.003401166","-0.0016634933","0.0016024841","0.0030496456","-0.006093373","0.001336644","0.0013386973","0.0014833187","-0.0015655878","-0.0011191956","-0.0022812048","0.0032914274","-0.003769479","-0.0010876738","8.700956e-05","-0.00057010935","0.003326504","0.00012283615","0.0024395816","-0.002798829","-0.0001607432","0.0027648855","0.0029609804","-0.0010443438","0.0017620911","-0.00088586373","-0.0009047997","-0.00079564453","2.4461137e-08","0.0010531262","0.028242592","0.03517258","-0.011418279","-0.023639556","-0.12819138","-0.003655476","0.0032118745","0.0018818054","0.00081408414","0.0","0.0","0.0","0.0","0.0","0.0","0.0","0.0","0.0","0.0","-0.0024369073","0.0","0.0","0.0","0.0","0.0"
"endotoxemia","-0.22007634","-0.012736084","-0.030332055","-0.0119885225","-0.017566964","-0.012050644","-0.0032349413","0.008790346","-0.005663294","0.003401166","-0.0016634933","0.0016024841","0.0030496456","-0.006093373","0.001336644","0.0013386973","0.0014833187","-0.0015655878","-0.0011191956","-0.0022812048","0.0032914274","-0.003769479","-0.0010876738","8.700956e-05","-0.00057010935","0.003326504","0.00012283615","0.0024395816","-0.002798829","-0.0001607432","0.0027648855","0.0029609804","-0.0010443438","0.0017620911","-0.00088586373","-0.0009047997","-0.00079564453","2.4461137e-08","0.0010531262","0.028242592","0.03517258","-0.011418279","-0.023639556","-0.12819138","-0.003655476","0.0032118745","0.0018818054","0.00081408414","0.0","0.0","0.0","0.0","0.0","0.0","0.0","0.0","0.0","0.0","-0.0024369073","0.0","0.0","0.0","0.0","0.0"
"enteritis","-0.22007634","-0.012736084","-0.030332055","-0.0119885225","-0.017566964","-0.012050644","-0.0032349413","0.008790346","-0.005663294","0.003401166","-0.0016634933","0.0016024841","0.0030496456","-0.006093373","0.001336644","0.0013386973","0.0014833187","-0.0015655878","-0.0011191956","-0.0022812048","0.0032914274","-0.003769479","-0.0010876738","8.700956e-05","-0.00057010935","0.003326504","0.00012283615","0.0024395816","-0.002798829","-0.0001607432","0.0027648855","0.0029609804","-0.0010443438","0.0017620911","-0.00088586373","-0.0009047997","-0.00079564453","2.4461137e-08","0.0010531262","0.028242592","0.03517258","-0.011418279","-0.023639556","-0.12819138","-0.003655476","0.0032118745","0.0018818054","0.00081408414","0.0","0.0","0.0","0.0","0.0","0.0","0.0","0.0","0.0","0.0","-0.0024369073","0.0","0.0","0.0","0.0","0.0"
"esophageal squamous cell carcinoma","-0.22007634","-0.012736084","-0.030332055","-0.0119885225","-0.017566964","-0.012050644","-0.0032349413","0.008790346","-0.005663294","0.003401166","-0.0016634933","0.0016024841","0.0030496456","-0.006093373","0.001336644","0.0013386973","0.0014833187","-0.0015655878","-0.0011191956","-0.0022812048","0.0032914274","-0.003769479","-0.0010876738","8.700956e-05","-0.00057010935","0.003326504","0.00012283615","0.0024395816","-0.002798829","-0.0001607432","0.0027648855","0.0029609804","-0.0010443438","0.0017620911","-0.00088586373","-0.0009047997","-0.00079564453","2.4461137e-08","0.0010531262","0.028242592","0.03517258","-0.011418279","-0.023639556","-0.12819138","-0.003655476","0.0032118745","0.0018818054","0.00081408414","0.0","0.0","0.0","0.0","0.0","0.0","0.0","0.0","0.0","0.0","-0.0024369073","0.0","0.0","0.0","0.0","0.0"
"exercise economy impairment","-0.22007634","-0.012736084","-0.030332055","-0.0119885225","-0.017566964","-0.012050644","-0.0032349413","0.008790346","-0.005663294","0.003401166","-0.0016634933","0.0016024841","0.0030496456","-0.006093373","0.001336644","0.0013386973","0.0014833187","-0.0015655878","-0.0011191956","-0.0022812048","0.0032914274","-0.003769479","-0.0010876738","8.700956e-05","-0.00057010935","0.003326504","0.00012283615","0.0024395816","-0.002798829","-0.0001607432","0.0027648855","0.0029609804","-0.0010443438","0.0017620911","-0.00088586373","-0.0009047997","-0.00079564453","2.4461137e-08","0.0010531262","0.028242592","0.03517258","-0.011418279","-0.023639556","-0.12819138","-0.003655476","0.0032118745","0.0018818054","0.00081408414","0.0","0.0","0.0","0.0","0.0","0.0","0.0","0.0","0.0","0.0","-0.0024369073","0.0","0.0","0.0","0.0","0.0"
"exercise-induced fatigue","-0.22007634","-0.012736084","-0.030332055","-0.0119885225","-0.017566964","-0.012050644","-0.0032349413","0.008790346","-0.005663294","0.003401166","-0.0016634933","0.0016024841","0.0030496456","-0.006093373","0.001336644","0.0013386973","0.0014833187","-0.0015655878","-0.0011191956","-0.0022812048","0.0032914274","-0.003769479","-0.0010876738","8.700956e-05","-0.00057010935","0.003326504","0.00012283615","0.0024395816","-0.002798829","-0.0001607432","0.0027648855","0.0029609804","-0.0010443438","0.0017620911","-0.00088586373","-0.0009047997","-0.00079564453","2.4461137e-08","0.0010531262","0.028242592","0.03517258","-0.011418279","-0.023639556","-0.12819138","-0.003655476","0.0032118745","0.0018818054","0.00081408414","0.0","0.0","0.0","0.0","0.0","0.0","0.0","0.0","0.0","0.0","-0.0024369073","0.0","0.0","0.0","0.0","0.0"
"experimental autoimmune encephalomyelitis","-0.22007634","-0.012736084","-0.030332055","-0.0119885225","-0.017566964","-0.012050644","-0.0032349413","0.008790346","-0.005663294","0.003401166","-0.0016634933","0.0016024841","0.0030496456","-0.006093373","0.001336644","0.0013386973","0.0014833187","-0.0015655878","-0.0011191956","-0.0022812048","0.0032914274","-0.003769479","-0.0010876738","8.700956e-05","-0.00057010935","0.003326504","0.00012283615","0.0024395816","-0.002798829","-0.0001607432","0.0027648855","0.0029609804","-0.0010443438","0.0017620911","-0.00088586373","-0.0009047997","-0.00079564453","2.4461137e-08","0.0010531262","0.028242592","0.03517258","-0.011418279","-0.023639556","-0.12819138","-0.003655476","0.0032118745","0.0018818054","0.00081408414","0.0","0.0","0.0","0.0","0.0","0.0","0.0","0.0","0.0","0.0","-0.0024369073","0.0","0.0","0.0","0.0","0.0"
"familial Mediterranean fever","-0.22007634","-0.012736084","-0.030332055","-0.0119885225","-0.017566964","-0.012050644","-0.0032349413","0.008790346","-0.005663294","0.003401166","-0.0016634933","0.0016024841","0.0030496456","-0.006093373","0.001336644","0.0013386973","0.0014833187","-0.0015655878","-0.0011191956","-0.0022812048","0.0032914274","-0.003769479","-0.0010876738","8.700956e-05","-0.00057010935","0.003326504","0.00012283615","0.0024395816","-0.002798829","-0.0001607432","0.0027648855","0.0029609804","-0.0010443438","0.0017620911","-0.00088586373","-0.0009047997","-0.00079564453","2.4461137e-08","0.0010531262","0.028242592","0.03517258","-0.011418279","-0.023639556","-0.12819138","-0.003655476","0.0032118745","0.0018818054","0.00081408414","0.0","0.0","0.0","0.0","0.0","0.0","0.0","0.0","0.0","0.0","-0.0024369073","0.0","0.0","0.0","0.0","0.0"
"febrile episodes","-0.22007634","-0.012736084","-0.030332055","-0.0119885225","-0.017566964","-0.012050644","-0.0032349413","0.008790346","-0.005663294","0.003401166","-0.0016634933","0.0016024841","0.0030496456","-0.006093373","0.001336644","0.0013386973","0.0014833187","-0.0015655878","-0.0011191956","-0.0022812048","0.0032914274","-0.003769479","-0.0010876738","8.700956e-05","-0.00057010935","0.003326504","0.00012283615","0.0024395816","-0.002798829","-0.0001607432","0.0027648855","0.0029609804","-0.0010443438","0.0017620911","-0.00088586373","-0.0009047997","-0.00079564453","2.4461137e-08","0.0010531262","0.028242592","0.03517258","-0.011418279","-0.023639556","-0.12819138","-0.003655476","0.0032118745","0.0018818054","0.00081408414","0.0","0.0","0.0","0.0","0.0","0.0","0.0","0.0","0.0","0.0","-0.0024369073","0.0","0.0","0.0","0.0","0.0"
"fibrosis","-0.22007634","-0.012736084","-0.030332055","-0.0119885225","-0.017566964","-0.012050644","-0.0032349413","0.008790346","-0.005663294","0.003401166","-0.0016634933","0.0016024841","0.0030496456","-0.006093373","0.001336644","0.0013386973","0.0014833187","-0.0015655878","-0.0011191956","-0.0022812048","0.0032914274","-0.003769479","-0.0010876738","8.700956e-05","-0.00057010935","0.003326504","0.00012283615","0.0024395816","-0.002798829","-0.0001607432","0.0027648855","0.0029609804","-0.0010443438","0.0017620911","-0.00088586373","-0.0009047997","-0.00079564453","2.4461137e-08","0.0010531262","0.028242592","0.03517258","-0.011418279","-0.023639556","-0.12819138","-0.003655476","0.0032118745","0.0018818054","0.00081408414","0.0","0.0","0.0","0.0","0.0","0.0","0.0","0.0","0.0","0.0","-0.0024369073","0.0","0.0","0.0","0.0","0.0"
"food allergy","-0.22007634","-0.012736084","-0.030332055","-0.0119885225","-0.017566964","-0.012050644","-0.0032349413","0.008790346","-0.005663294","0.003401166","-0.0016634933","0.0016024841","0.0030496456","-0.006093373","0.001336644","0.0013386973","0.0014833187","-0.0015655878","-0.0011191956","-0.0022812048","0.0032914274","-0.003769479","-0.0010876738","8.700956e-05","-0.00057010935","0.003326504","0.00012283615","0.0024395816","-0.002798829","-0.0001607432","0.0027648855","0.0029609804","-0.0010443438","0.0017620911","-0.00088586373","-0.0009047997","-0.00079564453","2.4461137e-08","0.0010531262","0.028242592","0.03517258","-0.011418279","-0.023639556","-0.12819138","-0.003655476","0.0032118745","0.0018818054","0.00081408414","0.0","0.0","0.0","0.0","0.0","0.0","0.0","0.0","0.0","0.0","-0.0024369073","0.0","0.0","0.0","0.0","0.0"
"functional constipation","-0.22007634","-0.012736084","-0.030332055","-0.0119885225","-0.017566964","-0.012050644","-0.0032349413","0.008790346","-0.005663294","0.003401166","-0.0016634933","0.0016024841","0.0030496456","-0.006093373","0.001336644","0.0013386973","0.0014833187","-0.0015655878","-0.0011191956","-0.0022812048","0.0032914274","-0.003769479","-0.0010876738","8.700956e-05","-0.00057010935","0.003326504","0.00012283615","0.0024395816","-0.002798829","-0.0001607432","0.0027648855","0.0029609804","-0.0010443438","0.0017620911","-0.00088586373","-0.0009047997","-0.00079564453","2.4461137e-08","0.0010531262","0.028242592","0.03517258","-0.011418279","-0.023639556","-0.12819138","-0.003655476","0.0032118745","0.0018818054","0.00081408414","0.0","0.0","0.0","0.0","0.0","0.0","0.0","0.0","0.0","0.0","-0.0024369073","0.0","0.0","0.0","0.0","0.0"
"fungal Keratitis","-0.22007634","-0.012736084","-0.030332055","-0.0119885225","-0.017566964","-0.012050644","-0.0032349413","0.008790346","-0.005663294","0.003401166","-0.0016634933","0.0016024841","0.0030496456","-0.006093373","0.001336644","0.0013386973","0.0014833187","-0.0015655878","-0.0011191956","-0.0022812048","0.0032914274","-0.003769479","-0.0010876738","8.700956e-05","-0.00057010935","0.003326504","0.00012283615","0.0024395816","-0.002798829","-0.0001607432","0.0027648855","0.0029609804","-0.0010443438","0.0017620911","-0.00088586373","-0.0009047997","-0.00079564453","2.4461137e-08","0.0010531262","0.028242592","0.03517258","-0.011418279","-0.023639556","-0.12819138","-0.003655476","0.0032118745","0.0018818054","0.00081408414","0.0","0.0","0.0","0.0","0.0","0.0","0.0","0.0","0.0","0.0","-0.0024369073","0.0","0.0","0.0","0.0","0.0"
"gallbladder cancer","-0.22007634","-0.012736084","-0.030332055","-0.0119885225","-0.017566964","-0.012050644","-0.0032349413","0.008790346","-0.005663294","0.003401166","-0.0016634933","0.0016024841","0.0030496456","-0.006093373","0.001336644","0.0013386973","0.0014833187","-0.0015655878","-0.0011191956","-0.0022812048","0.0032914274","-0.003769479","-0.0010876738","8.700956e-05","-0.00057010935","0.003326504","0.00012283615","0.0024395816","-0.002798829","-0.0001607432","0.0027648855","0.0029609804","-0.0010443438","0.0017620911","-0.00088586373","-0.0009047997","-0.00079564453","2.4461137e-08","0.0010531262","0.028242592","0.03517258","-0.011418279","-0.023639556","-0.12819138","-0.003655476","0.0032118745","0.0018818054","0.00081408414","0.0","0.0","0.0","0.0","0.0","0.0","0.0","0.0","0.0","0.0","-0.0024369073","0.0","0.0","0.0","0.0","0.0"
"gastric adenocarcinoma","-0.22007634","-0.012736084","-0.030332055","-0.0119885225","-0.017566964","-0.012050644","-0.0032349413","0.008790346","-0.005663294","0.003401166","-0.0016634933","0.0016024841","0.0030496456","-0.006093373","0.001336644","0.0013386973","0.0014833187","-0.0015655878","-0.0011191956","-0.0022812048","0.0032914274","-0.003769479","-0.0010876738","8.700956e-05","-0.00057010935","0.003326504","0.00012283615","0.0024395816","-0.002798829","-0.0001607432","0.0027648855","0.0029609804","-0.0010443438","0.0017620911","-0.00088586373","-0.0009047997","-0.00079564453","2.4461137e-08","0.0010531262","0.028242592","0.03517258","-0.011418279","-0.023639556","-0.12819138","-0.003655476","0.0032118745","0.0018818054","0.00081408414","0.0","0.0","0.0","0.0","0.0","0.0","0.0","0.0","0.0","0.0","-0.0024369073","0.0","0.0","0.0","0.0","0.0"
"gastric cancer","-0.22007634","-0.012736084","-0.030332055","-0.0119885225","-0.017566964","-0.012050644","-0.0032349413","0.008790346","-0.005663294","0.003401166","-0.0016634933","0.0016024841","0.0030496456","-0.006093373","0.001336644","0.0013386973","0.0014833187","-0.0015655878","-0.0011191956","-0.0022812048","0.0032914274","-0.003769479","-0.0010876738","8.700956e-05","-0.00057010935","0.003326504","0.00012283615","0.0024395816","-0.002798829","-0.0001607432","0.0027648855","0.0029609804","-0.0010443438","0.0017620911","-0.00088586373","-0.0009047997","-0.00079564453","2.4461137e-08","0.0010531262","0.028242592","0.03517258","-0.011418279","-0.023639556","-0.12819138","-0.003655476","0.0032118745","0.0018818054","0.00081408414","0.0","0.0","0.0","0.0","0.0","0.0","0.0","0.0","0.0","0.0","-0.0024369073","0.0","0.0","0.0","0.0","0.0"
"gastric carcinoma","-0.22007634","-0.012736084","-0.030332055","-0.0119885225","-0.017566964","-0.012050644","-0.0032349413","0.008790346","-0.005663294","0.003401166","-0.0016634933","0.0016024841","0.0030496456","-0.006093373","0.001336644","0.0013386973","0.0014833187","-0.0015655878","-0.0011191956","-0.0022812048","0.0032914274","-0.003769479","-0.0010876738","8.700956e-05","-0.00057010935","0.003326504","0.00012283615","0.0024395816","-0.002798829","-0.0001607432","0.0027648855","0.0029609804","-0.0010443438","0.0017620911","-0.00088586373","-0.0009047997","-0.00079564453","2.4461137e-08","0.0010531262","0.028242592","0.03517258","-0.011418279","-0.023639556","-0.12819138","-0.003655476","0.0032118745","0.0018818054","0.00081408414","0.0","0.0","0.0","0.0","0.0","0.0","0.0","0.0","0.0","0.0","-0.0024369073","0.0","0.0","0.0","0.0","0.0"
"gastric mucosa-associated lymphoid tissue lymphoma","-0.22007634","-0.012736084","-0.030332055","-0.0119885225","-0.017566964","-0.012050644","-0.0032349413","0.008790346","-0.005663294","0.003401166","-0.0016634933","0.0016024841","0.0030496456","-0.006093373","0.001336644","0.0013386973","0.0014833187","-0.0015655878","-0.0011191956","-0.0022812048","0.0032914274","-0.003769479","-0.0010876738","8.700956e-05","-0.00057010935","0.003326504","0.00012283615","0.0024395816","-0.002798829","-0.0001607432","0.0027648855","0.0029609804","-0.0010443438","0.0017620911","-0.00088586373","-0.0009047997","-0.00079564453","2.4461137e-08","0.0010531262","0.028242592","0.03517258","-0.011418279","-0.023639556","-0.12819138","-0.003655476","0.0032118745","0.0018818054","0.00081408414","0.0","0.0","0.0","0.0","0.0","0.0","0.0","0.0","0.0","0.0","-0.0024369073","0.0","0.0","0.0","0.0","0.0"
"gastric ulcer","-0.22007634","-0.012736084","-0.030332055","-0.0119885225","-0.017566964","-0.012050644","-0.0032349413","0.008790346","-0.005663294","0.003401166","-0.0016634933","0.0016024841","0.0030496456","-0.006093373","0.001336644","0.0013386973","0.0014833187","-0.0015655878","-0.0011191956","-0.0022812048","0.0032914274","-0.003769479","-0.0010876738","8.700956e-05","-0.00057010935","0.003326504","0.00012283615","0.0024395816","-0.002798829","-0.0001607432","0.0027648855","0.0029609804","-0.0010443438","0.0017620911","-0.00088586373","-0.0009047997","-0.00079564453","2.4461137e-08","0.0010531262","0.028242592","0.03517258","-0.011418279","-0.023639556","-0.12819138","-0.003655476","0.0032118745","0.0018818054","0.00081408414","0.0","0.0","0.0","0.0","0.0","0.0","0.0","0.0","0.0","0.0","-0.0024369073","0.0","0.0","0.0","0.0","0.0"
"gastro-oesophageal reflux disease","-0.22007634","-0.012736084","-0.030332055","-0.0119885225","-0.017566964","-0.012050644","-0.0032349413","0.008790346","-0.005663294","0.003401166","-0.0016634933","0.0016024841","0.0030496456","-0.006093373","0.001336644","0.0013386973","0.0014833187","-0.0015655878","-0.0011191956","-0.0022812048","0.0032914274","-0.003769479","-0.0010876738","8.700956e-05","-0.00057010935","0.003326504","0.00012283615","0.0024395816","-0.002798829","-0.0001607432","0.0027648855","0.0029609804","-0.0010443438","0.0017620911","-0.00088586373","-0.0009047997","-0.00079564453","2.4461137e-08","0.0010531262","0.028242592","0.03517258","-0.011418279","-0.023639556","-0.12819138","-0.003655476","0.0032118745","0.0018818054","0.00081408414","0.0","0.0","0.0","0.0","0.0","0.0","0.0","0.0","0.0","0.0","-0.0024369073","0.0","0.0","0.0","0.0","0.0"
"gastroduodenal ulcers","-0.22007634","-0.012736084","-0.030332055","-0.0119885225","-0.017566964","-0.012050644","-0.0032349413","0.008790346","-0.005663294","0.003401166","-0.0016634933","0.0016024841","0.0030496456","-0.006093373","0.001336644","0.0013386973","0.0014833187","-0.0015655878","-0.0011191956","-0.0022812048","0.0032914274","-0.003769479","-0.0010876738","8.700956e-05","-0.00057010935","0.003326504","0.00012283615","0.0024395816","-0.002798829","-0.0001607432","0.0027648855","0.0029609804","-0.0010443438","0.0017620911","-0.00088586373","-0.0009047997","-0.00079564453","2.4461137e-08","0.0010531262","0.028242592","0.03517258","-0.011418279","-0.023639556","-0.12819138","-0.003655476","0.0032118745","0.0018818054","0.00081408414","0.0","0.0","0.0","0.0","0.0","0.0","0.0","0.0","0.0","0.0","-0.0024369073","0.0","0.0","0.0","0.0","0.0"
"gastrointestinal discomfort","-0.22007634","-0.012736084","-0.030332055","-0.0119885225","-0.017566964","-0.012050644","-0.0032349413","0.008790346","-0.005663294","0.003401166","-0.0016634933","0.0016024841","0.0030496456","-0.006093373","0.001336644","0.0013386973","0.0014833187","-0.0015655878","-0.0011191956","-0.0022812048","0.0032914274","-0.003769479","-0.0010876738","8.700956e-05","-0.00057010935","0.003326504","0.00012283615","0.0024395816","-0.002798829","-0.0001607432","0.0027648855","0.0029609804","-0.0010443438","0.0017620911","-0.00088586373","-0.0009047997","-0.00079564453","2.4461137e-08","0.0010531262","0.028242592","0.03517258","-0.011418279","-0.023639556","-0.12819138","-0.003655476","0.0032118745","0.0018818054","0.00081408414","0.0","0.0","0.0","0.0","0.0","0.0","0.0","0.0","0.0","0.0","-0.0024369073","0.0","0.0","0.0","0.0","0.0"
"gastrointestinal diseases","-0.22007634","-0.012736084","-0.030332055","-0.0119885225","-0.017566964","-0.012050644","-0.0032349413","0.008790346","-0.005663294","0.003401166","-0.0016634933","0.0016024841","0.0030496456","-0.006093373","0.001336644","0.0013386973","0.0014833187","-0.0015655878","-0.0011191956","-0.0022812048","0.0032914274","-0.003769479","-0.0010876738","8.700956e-05","-0.00057010935","0.003326504","0.00012283615","0.0024395816","-0.002798829","-0.0001607432","0.0027648855","0.0029609804","-0.0010443438","0.0017620911","-0.00088586373","-0.0009047997","-0.00079564453","2.4461137e-08","0.0010531262","0.028242592","0.03517258","-0.011418279","-0.023639556","-0.12819138","-0.003655476","0.0032118745","0.0018818054","0.00081408414","0.0","0.0","0.0","0.0","0.0","0.0","0.0","0.0","0.0","0.0","-0.0024369073","0.0","0.0","0.0","0.0","0.0"
"gastrointestinal disorders","-0.22007634","-0.012736084","-0.030332055","-0.0119885225","-0.017566964","-0.012050644","-0.0032349413","0.008790346","-0.005663294","0.003401166","-0.0016634933","0.0016024841","0.0030496456","-0.006093373","0.001336644","0.0013386973","0.0014833187","-0.0015655878","-0.0011191956","-0.0022812048","0.0032914274","-0.003769479","-0.0010876738","8.700956e-05","-0.00057010935","0.003326504","0.00012283615","0.0024395816","-0.002798829","-0.0001607432","0.0027648855","0.0029609804","-0.0010443438","0.0017620911","-0.00088586373","-0.0009047997","-0.00079564453","2.4461137e-08","0.0010531262","0.028242592","0.03517258","-0.011418279","-0.023639556","-0.12819138","-0.003655476","0.0032118745","0.0018818054","0.00081408414","0.0","0.0","0.0","0.0","0.0","0.0","0.0","0.0","0.0","0.0","-0.0024369073","0.0","0.0","0.0","0.0","0.0"
"gastrointestinal distress","-0.22007634","-0.012736084","-0.030332055","-0.0119885225","-0.017566964","-0.012050644","-0.0032349413","0.008790346","-0.005663294","0.003401166","-0.0016634933","0.0016024841","0.0030496456","-0.006093373","0.001336644","0.0013386973","0.0014833187","-0.0015655878","-0.0011191956","-0.0022812048","0.0032914274","-0.003769479","-0.0010876738","8.700956e-05","-0.00057010935","0.003326504","0.00012283615","0.0024395816","-0.002798829","-0.0001607432","0.0027648855","0.0029609804","-0.0010443438","0.0017620911","-0.00088586373","-0.0009047997","-0.00079564453","2.4461137e-08","0.0010531262","0.028242592","0.03517258","-0.011418279","-0.023639556","-0.12819138","-0.003655476","0.0032118745","0.0018818054","0.00081408414","0.0","0.0","0.0","0.0","0.0","0.0","0.0","0.0","0.0","0.0","-0.0024369073","0.0","0.0","0.0","0.0","0.0"
"gastrointestinal dysfunction","-0.22007634","-0.012736084","-0.030332055","-0.0119885225","-0.017566964","-0.012050644","-0.0032349413","0.008790346","-0.005663294","0.003401166","-0.0016634933","0.0016024841","0.0030496456","-0.006093373","0.001336644","0.0013386973","0.0014833187","-0.0015655878","-0.0011191956","-0.0022812048","0.0032914274","-0.003769479","-0.0010876738","8.700956e-05","-0.00057010935","0.003326504","0.00012283615","0.0024395816","-0.002798829","-0.0001607432","0.0027648855","0.0029609804","-0.0010443438","0.0017620911","-0.00088586373","-0.0009047997","-0.00079564453","2.4461137e-08","0.0010531262","0.028242592","0.03517258","-0.011418279","-0.023639556","-0.12819138","-0.003655476","0.0032118745","0.0018818054","0.00081408414","0.0","0.0","0.0","0.0","0.0","0.0","0.0","0.0","0.0","0.0","-0.0024369073","0.0","0.0","0.0","0.0","0.0"
"gastrointestinal helminth infections","-0.22007634","-0.012736084","-0.030332055","-0.0119885225","-0.017566964","-0.012050644","-0.0032349413","0.008790346","-0.005663294","0.003401166","-0.0016634933","0.0016024841","0.0030496456","-0.006093373","0.001336644","0.0013386973","0.0014833187","-0.0015655878","-0.0011191956","-0.0022812048","0.0032914274","-0.003769479","-0.0010876738","8.700956e-05","-0.00057010935","0.003326504","0.00012283615","0.0024395816","-0.002798829","-0.0001607432","0.0027648855","0.0029609804","-0.0010443438","0.0017620911","-0.00088586373","-0.0009047997","-0.00079564453","2.4461137e-08","0.0010531262","0.028242592","0.03517258","-0.011418279","-0.023639556","-0.12819138","-0.003655476","0.0032118745","0.0018818054","0.00081408414","0.0","0.0","0.0","0.0","0.0","0.0","0.0","0.0","0.0","0.0","-0.0024369073","0.0","0.0","0.0","0.0","0.0"
"gastrointestinal infections","-0.22007634","-0.012736084","-0.030332055","-0.0119885225","-0.017566964","-0.012050644","-0.0032349413","0.008790346","-0.005663294","0.003401166","-0.0016634933","0.0016024841","0.0030496456","-0.006093373","0.001336644","0.0013386973","0.0014833187","-0.0015655878","-0.0011191956","-0.0022812048","0.0032914274","-0.003769479","-0.0010876738","8.700956e-05","-0.00057010935","0.003326504","0.00012283615","0.0024395816","-0.002798829","-0.0001607432","0.0027648855","0.0029609804","-0.0010443438","0.0017620911","-0.00088586373","-0.0009047997","-0.00079564453","2.4461137e-08","0.0010531262","0.028242592","0.03517258","-0.011418279","-0.023639556","-0.12819138","-0.003655476","0.0032118745","0.0018818054","0.00081408414","0.0","0.0","0.0","0.0","0.0","0.0","0.0","0.0","0.0","0.0","-0.0024369073","0.0","0.0","0.0","0.0","0.0"
"gastrointestinal symptoms","-0.22007634","-0.012736084","-0.030332055","-0.0119885225","-0.017566964","-0.012050644","-0.0032349413","0.008790346","-0.005663294","0.003401166","-0.0016634933","0.0016024841","0.0030496456","-0.006093373","0.001336644","0.0013386973","0.0014833187","-0.0015655878","-0.0011191956","-0.0022812048","0.0032914274","-0.003769479","-0.0010876738","8.700956e-05","-0.00057010935","0.003326504","0.00012283615","0.0024395816","-0.002798829","-0.0001607432","0.0027648855","0.0029609804","-0.0010443438","0.0017620911","-0.00088586373","-0.0009047997","-0.00079564453","2.4461137e-08","0.0010531262","0.028242592","0.03517258","-0.011418279","-0.023639556","-0.12819138","-0.003655476","0.0032118745","0.0018818054","0.00081408414","0.0","0.0","0.0","0.0","0.0","0.0","0.0","0.0","0.0","0.0","-0.0024369073","0.0","0.0","0.0","0.0","0.0"
"gastrointestinal tract infections","-0.22007634","-0.012736084","-0.030332055","-0.0119885225","-0.017566964","-0.012050644","-0.0032349413","0.008790346","-0.005663294","0.003401166","-0.0016634933","0.0016024841","0.0030496456","-0.006093373","0.001336644","0.0013386973","0.0014833187","-0.0015655878","-0.0011191956","-0.0022812048","0.0032914274","-0.003769479","-0.0010876738","8.700956e-05","-0.00057010935","0.003326504","0.00012283615","0.0024395816","-0.002798829","-0.0001607432","0.0027648855","0.0029609804","-0.0010443438","0.0017620911","-0.00088586373","-0.0009047997","-0.00079564453","2.4461137e-08","0.0010531262","0.028242592","0.03517258","-0.011418279","-0.023639556","-0.12819138","-0.003655476","0.0032118745","0.0018818054","0.00081408414","0.0","0.0","0.0","0.0","0.0","0.0","0.0","0.0","0.0","0.0","-0.0024369073","0.0","0.0","0.0","0.0","0.0"
"gestational diabetes mellitus","-0.22007634","-0.012736084","-0.030332055","-0.0119885225","-0.017566964","-0.012050644","-0.0032349413","0.008790346","-0.005663294","0.003401166","-0.0016634933","0.0016024841","0.0030496456","-0.006093373","0.001336644","0.0013386973","0.0014833187","-0.0015655878","-0.0011191956","-0.0022812048","0.0032914274","-0.003769479","-0.0010876738","8.700956e-05","-0.00057010935","0.003326504","0.00012283615","0.0024395816","-0.002798829","-0.0001607432","0.0027648855","0.0029609804","-0.0010443438","0.0017620911","-0.00088586373","-0.0009047997","-0.00079564453","2.4461137e-08","0.0010531262","0.028242592","0.03517258","-0.011418279","-0.023639556","-0.12819138","-0.003655476","0.0032118745","0.0018818054","0.00081408414","0.0","0.0","0.0","0.0","0.0","0.0","0.0","0.0","0.0","0.0","-0.0024369073","0.0","0.0","0.0","0.0","0.0"
"gingival squamous cell carcinoma","-0.22007634","-0.012736084","-0.030332055","-0.0119885225","-0.017566964","-0.012050644","-0.0032349413","0.008790346","-0.005663294","0.003401166","-0.0016634933","0.0016024841","0.0030496456","-0.006093373","0.001336644","0.0013386973","0.0014833187","-0.0015655878","-0.0011191956","-0.0022812048","0.0032914274","-0.003769479","-0.0010876738","8.700956e-05","-0.00057010935","0.003326504","0.00012283615","0.0024395816","-0.002798829","-0.0001607432","0.0027648855","0.0029609804","-0.0010443438","0.0017620911","-0.00088586373","-0.0009047997","-0.00079564453","2.4461137e-08","0.0010531262","0.028242592","0.03517258","-0.011418279","-0.023639556","-0.12819138","-0.003655476","0.0032118745","0.0018818054","0.00081408414","0.0","0.0","0.0","0.0","0.0","0.0","0.0","0.0","0.0","0.0","-0.0024369073","0.0","0.0","0.0","0.0","0.0"
"glucose metabolism disorder","-0.22007634","-0.012736084","-0.030332055","-0.0119885225","-0.017566964","-0.012050644","-0.0032349413","0.008790346","-0.005663294","0.003401166","-0.0016634933","0.0016024841","0.0030496456","-0.006093373","0.001336644","0.0013386973","0.0014833187","-0.0015655878","-0.0011191956","-0.0022812048","0.0032914274","-0.003769479","-0.0010876738","8.700956e-05","-0.00057010935","0.003326504","0.00012283615","0.0024395816","-0.002798829","-0.0001607432","0.0027648855","0.0029609804","-0.0010443438","0.0017620911","-0.00088586373","-0.0009047997","-0.00079564453","2.4461137e-08","0.0010531262","0.028242592","0.03517258","-0.011418279","-0.023639556","-0.12819138","-0.003655476","0.0032118745","0.0018818054","0.00081408414","0.0","0.0","0.0","0.0","0.0","0.0","0.0","0.0","0.0","0.0","-0.0024369073","0.0","0.0","0.0","0.0","0.0"
"gut dysbiosis","-0.22007634","-0.012736084","-0.030332055","-0.0119885225","-0.017566964","-0.012050644","-0.0032349413","0.008790346","-0.005663294","0.003401166","-0.0016634933","0.0016024841","0.0030496456","-0.006093373","0.001336644","0.0013386973","0.0014833187","-0.0015655878","-0.0011191956","-0.0022812048","0.0032914274","-0.003769479","-0.0010876738","8.700956e-05","-0.00057010935","0.003326504","0.00012283615","0.0024395816","-0.002798829","-0.0001607432","0.0027648855","0.0029609804","-0.0010443438","0.0017620911","-0.00088586373","-0.0009047997","-0.00079564453","2.4461137e-08","0.0010531262","0.028242592","0.03517258","-0.011418279","-0.023639556","-0.12819138","-0.003655476","0.0032118745","0.0018818054","0.00081408414","0.0","0.0","0.0","0.0","0.0","0.0","0.0","0.0","0.0","0.0","-0.0024369073","0.0","0.0","0.0","0.0","0.0"
"gut microbiota dysbiosis","-0.22007634","-0.012736084","-0.030332055","-0.0119885225","-0.017566964","-0.012050644","-0.0032349413","0.008790346","-0.005663294","0.003401166","-0.0016634933","0.0016024841","0.0030496456","-0.006093373","0.001336644","0.0013386973","0.0014833187","-0.0015655878","-0.0011191956","-0.0022812048","0.0032914274","-0.003769479","-0.0010876738","8.700956e-05","-0.00057010935","0.003326504","0.00012283615","0.0024395816","-0.002798829","-0.0001607432","0.0027648855","0.0029609804","-0.0010443438","0.0017620911","-0.00088586373","-0.0009047997","-0.00079564453","2.4461137e-08","0.0010531262","0.028242592","0.03517258","-0.011418279","-0.023639556","-0.12819138","-0.003655476","0.0032118745","0.0018818054","0.00081408414","0.0","0.0","0.0","0.0","0.0","0.0","0.0","0.0","0.0","0.0","-0.0024369073","0.0","0.0","0.0","0.0","0.0"
"gut-related conditions","-0.22007634","-0.012736084","-0.030332055","-0.0119885225","-0.017566964","-0.012050644","-0.0032349413","0.008790346","-0.005663294","0.003401166","-0.0016634933","0.0016024841","0.0030496456","-0.006093373","0.001336644","0.0013386973","0.0014833187","-0.0015655878","-0.0011191956","-0.0022812048","0.0032914274","-0.003769479","-0.0010876738","8.700956e-05","-0.00057010935","0.003326504","0.00012283615","0.0024395816","-0.002798829","-0.0001607432","0.0027648855","0.0029609804","-0.0010443438","0.0017620911","-0.00088586373","-0.0009047997","-0.00079564453","2.4461137e-08","0.0010531262","0.028242592","0.03517258","-0.011418279","-0.023639556","-0.12819138","-0.003655476","0.0032118745","0.0018818054","0.00081408414","0.0","0.0","0.0","0.0","0.0","0.0","0.0","0.0","0.0","0.0","-0.0024369073","0.0","0.0","0.0","0.0","0.0"
"harmful enzyme production","-0.22007634","-0.012736084","-0.030332055","-0.0119885225","-0.017566964","-0.012050644","-0.0032349413","0.008790346","-0.005663294","0.003401166","-0.0016634933","0.0016024841","0.0030496456","-0.006093373","0.001336644","0.0013386973","0.0014833187","-0.0015655878","-0.0011191956","-0.0022812048","0.0032914274","-0.003769479","-0.0010876738","8.700956e-05","-0.00057010935","0.003326504","0.00012283615","0.0024395816","-0.002798829","-0.0001607432","0.0027648855","0.0029609804","-0.0010443438","0.0017620911","-0.00088586373","-0.0009047997","-0.00079564453","2.4461137e-08","0.0010531262","0.028242592","0.03517258","-0.011418279","-0.023639556","-0.12819138","-0.003655476","0.0032118745","0.0018818054","0.00081408414","0.0","0.0","0.0","0.0","0.0","0.0","0.0","0.0","0.0","0.0","-0.0024369073","0.0","0.0","0.0","0.0","0.0"
"head and neck squamous cell carcinoma","-0.22007634","-0.012736084","-0.030332055","-0.0119885225","-0.017566964","-0.012050644","-0.0032349413","0.008790346","-0.005663294","0.003401166","-0.0016634933","0.0016024841","0.0030496456","-0.006093373","0.001336644","0.0013386973","0.0014833187","-0.0015655878","-0.0011191956","-0.0022812048","0.0032914274","-0.003769479","-0.0010876738","8.700956e-05","-0.00057010935","0.003326504","0.00012283615","0.0024395816","-0.002798829","-0.0001607432","0.0027648855","0.0029609804","-0.0010443438","0.0017620911","-0.00088586373","-0.0009047997","-0.00079564453","2.4461137e-08","0.0010531262","0.028242592","0.03517258","-0.011418279","-0.023639556","-0.12819138","-0.003655476","0.0032118745","0.0018818054","0.00081408414","0.0","0.0","0.0","0.0","0.0","0.0","0.0","0.0","0.0","0.0","-0.0024369073","0.0","0.0","0.0","0.0","0.0"
"head and neck squamous cell carcinomas","-0.22007634","-0.012736084","-0.030332055","-0.0119885225","-0.017566964","-0.012050644","-0.0032349413","0.008790346","-0.005663294","0.003401166","-0.0016634933","0.0016024841","0.0030496456","-0.006093373","0.001336644","0.0013386973","0.0014833187","-0.0015655878","-0.0011191956","-0.0022812048","0.0032914274","-0.003769479","-0.0010876738","8.700956e-05","-0.00057010935","0.003326504","0.00012283615","0.0024395816","-0.002798829","-0.0001607432","0.0027648855","0.0029609804","-0.0010443438","0.0017620911","-0.00088586373","-0.0009047997","-0.00079564453","2.4461137e-08","0.0010531262","0.028242592","0.03517258","-0.011418279","-0.023639556","-0.12819138","-0.003655476","0.0032118745","0.0018818054","0.00081408414","0.0","0.0","0.0","0.0","0.0","0.0","0.0","0.0","0.0","0.0","-0.0024369073","0.0","0.0","0.0","0.0","0.0"
"heavy metal exposure","-0.22007634","-0.012736084","-0.030332055","-0.0119885225","-0.017566964","-0.012050644","-0.0032349413","0.008790346","-0.005663294","0.003401166","-0.0016634933","0.0016024841","0.0030496456","-0.006093373","0.001336644","0.0013386973","0.0014833187","-0.0015655878","-0.0011191956","-0.0022812048","0.0032914274","-0.003769479","-0.0010876738","8.700956e-05","-0.00057010935","0.003326504","0.00012283615","0.0024395816","-0.002798829","-0.0001607432","0.0027648855","0.0029609804","-0.0010443438","0.0017620911","-0.00088586373","-0.0009047997","-0.00079564453","2.4461137e-08","0.0010531262","0.028242592","0.03517258","-0.011418279","-0.023639556","-0.12819138","-0.003655476","0.0032118745","0.0018818054","0.00081408414","0.0","0.0","0.0","0.0","0.0","0.0","0.0","0.0","0.0","0.0","-0.0024369073","0.0","0.0","0.0","0.0","0.0"
"hepatic diseases","-0.22007634","-0.012736084","-0.030332055","-0.0119885225","-0.017566964","-0.012050644","-0.0032349413","0.008790346","-0.005663294","0.003401166","-0.0016634933","0.0016024841","0.0030496456","-0.006093373","0.001336644","0.0013386973","0.0014833187","-0.0015655878","-0.0011191956","-0.0022812048","0.0032914274","-0.003769479","-0.0010876738","8.700956e-05","-0.00057010935","0.003326504","0.00012283615","0.0024395816","-0.002798829","-0.0001607432","0.0027648855","0.0029609804","-0.0010443438","0.0017620911","-0.00088586373","-0.0009047997","-0.00079564453","2.4461137e-08","0.0010531262","0.028242592","0.03517258","-0.011418279","-0.023639556","-0.12819138","-0.003655476","0.0032118745","0.0018818054","0.00081408414","0.0","0.0","0.0","0.0","0.0","0.0","0.0","0.0","0.0","0.0","-0.0024369073","0.0","0.0","0.0","0.0","0.0"
"hepatic lipid metabolism disorder","-0.22007634","-0.012736084","-0.030332055","-0.0119885225","-0.017566964","-0.012050644","-0.0032349413","0.008790346","-0.005663294","0.003401166","-0.0016634933","0.0016024841","0.0030496456","-0.006093373","0.001336644","0.0013386973","0.0014833187","-0.0015655878","-0.0011191956","-0.0022812048","0.0032914274","-0.003769479","-0.0010876738","8.700956e-05","-0.00057010935","0.003326504","0.00012283615","0.0024395816","-0.002798829","-0.0001607432","0.0027648855","0.0029609804","-0.0010443438","0.0017620911","-0.00088586373","-0.0009047997","-0.00079564453","2.4461137e-08","0.0010531262","0.028242592","0.03517258","-0.011418279","-0.023639556","-0.12819138","-0.003655476","0.0032118745","0.0018818054","0.00081408414","0.0","0.0","0.0","0.0","0.0","0.0","0.0","0.0","0.0","0.0","-0.0024369073","0.0","0.0","0.0","0.0","0.0"
"hepatic steatosis","-0.22007634","-0.012736084","-0.030332055","-0.0119885225","-0.017566964","-0.012050644","-0.0032349413","0.008790346","-0.005663294","0.003401166","-0.0016634933","0.0016024841","0.0030496456","-0.006093373","0.001336644","0.0013386973","0.0014833187","-0.0015655878","-0.0011191956","-0.0022812048","0.0032914274","-0.003769479","-0.0010876738","8.700956e-05","-0.00057010935","0.003326504","0.00012283615","0.0024395816","-0.002798829","-0.0001607432","0.0027648855","0.0029609804","-0.0010443438","0.0017620911","-0.00088586373","-0.0009047997","-0.00079564453","2.4461137e-08","0.0010531262","0.028242592","0.03517258","-0.011418279","-0.023639556","-0.12819138","-0.003655476","0.0032118745","0.0018818054","0.00081408414","0.0","0.0","0.0","0.0","0.0","0.0","0.0","0.0","0.0","0.0","-0.0024369073","0.0","0.0","0.0","0.0","0.0"
"hepatic toxicity","-0.22007634","-0.012736084","-0.030332055","-0.0119885225","-0.017566964","-0.012050644","-0.0032349413","0.008790346","-0.005663294","0.003401166","-0.0016634933","0.0016024841","0.0030496456","-0.006093373","0.001336644","0.0013386973","0.0014833187","-0.0015655878","-0.0011191956","-0.0022812048","0.0032914274","-0.003769479","-0.0010876738","8.700956e-05","-0.00057010935","0.003326504","0.00012283615","0.0024395816","-0.002798829","-0.0001607432","0.0027648855","0.0029609804","-0.0010443438","0.0017620911","-0.00088586373","-0.0009047997","-0.00079564453","2.4461137e-08","0.0010531262","0.028242592","0.03517258","-0.011418279","-0.023639556","-0.12819138","-0.003655476","0.0032118745","0.0018818054","0.00081408414","0.0","0.0","0.0","0.0","0.0","0.0","0.0","0.0","0.0","0.0","-0.0024369073","0.0","0.0","0.0","0.0","0.0"
"hepatitis B cirrhosis treated with liver transplant","-0.22007634","-0.012736084","-0.030332055","-0.0119885225","-0.017566964","-0.012050644","-0.0032349413","0.008790346","-0.005663294","0.003401166","-0.0016634933","0.0016024841","0.0030496456","-0.006093373","0.001336644","0.0013386973","0.0014833187","-0.0015655878","-0.0011191956","-0.0022812048","0.0032914274","-0.003769479","-0.0010876738","8.700956e-05","-0.00057010935","0.003326504","0.00012283615","0.0024395816","-0.002798829","-0.0001607432","0.0027648855","0.0029609804","-0.0010443438","0.0017620911","-0.00088586373","-0.0009047997","-0.00079564453","2.4461137e-08","0.0010531262","0.028242592","0.03517258","-0.011418279","-0.023639556","-0.12819138","-0.003655476","0.0032118745","0.0018818054","0.00081408414","0.0","0.0","0.0","0.0","0.0","0.0","0.0","0.0","0.0","0.0","-0.0024369073","0.0","0.0","0.0","0.0","0.0"
"hepatitis B virus-related decompensated cirrhosis","-0.22007634","-0.012736084","-0.030332055","-0.0119885225","-0.017566964","-0.012050644","-0.0032349413","0.008790346","-0.005663294","0.003401166","-0.0016634933","0.0016024841","0.0030496456","-0.006093373","0.001336644","0.0013386973","0.0014833187","-0.0015655878","-0.0011191956","-0.0022812048","0.0032914274","-0.003769479","-0.0010876738","8.700956e-05","-0.00057010935","0.003326504","0.00012283615","0.0024395816","-0.002798829","-0.0001607432","0.0027648855","0.0029609804","-0.0010443438","0.0017620911","-0.00088586373","-0.0009047997","-0.00079564453","2.4461137e-08","0.0010531262","0.028242592","0.03517258","-0.011418279","-0.023639556","-0.12819138","-0.003655476","0.0032118745","0.0018818054","0.00081408414","0.0","0.0","0.0","0.0","0.0","0.0","0.0","0.0","0.0","0.0","-0.0024369073","0.0","0.0","0.0","0.0","0.0"
"hepatocellular carcinoma","-0.22007634","-0.012736084","-0.030332055","-0.0119885225","-0.017566964","-0.012050644","-0.0032349413","0.008790346","-0.005663294","0.003401166","-0.0016634933","0.0016024841","0.0030496456","-0.006093373","0.001336644","0.0013386973","0.0014833187","-0.0015655878","-0.0011191956","-0.0022812048","0.0032914274","-0.003769479","-0.0010876738","8.700956e-05","-0.00057010935","0.003326504","0.00012283615","0.0024395816","-0.002798829","-0.0001607432","0.0027648855","0.0029609804","-0.0010443438","0.0017620911","-0.00088586373","-0.0009047997","-0.00079564453","2.4461137e-08","0.0010531262","0.028242592","0.03517258","-0.011418279","-0.023639556","-0.12819138","-0.003655476","0.0032118745","0.0018818054","0.00081408414","0.0","0.0","0.0","0.0","0.0","0.0","0.0","0.0","0.0","0.0","-0.0024369073","0.0","0.0","0.0","0.0","0.0"
"high-grade squamous intraepithelial lesion","-0.22007634","-0.012736084","-0.030332055","-0.0119885225","-0.017566964","-0.012050644","-0.0032349413","0.008790346","-0.005663294","0.003401166","-0.0016634933","0.0016024841","0.0030496456","-0.006093373","0.001336644","0.0013386973","0.0014833187","-0.0015655878","-0.0011191956","-0.0022812048","0.0032914274","-0.003769479","-0.0010876738","8.700956e-05","-0.00057010935","0.003326504","0.00012283615","0.0024395816","-0.002798829","-0.0001607432","0.0027648855","0.0029609804","-0.0010443438","0.0017620911","-0.00088586373","-0.0009047997","-0.00079564453","2.4461137e-08","0.0010531262","0.028242592","0.03517258","-0.011418279","-0.023639556","-0.12819138","-0.003655476","0.0032118745","0.0018818054","0.00081408414","0.0","0.0","0.0","0.0","0.0","0.0","0.0","0.0","0.0","0.0","-0.0024369073","0.0","0.0","0.0","0.0","0.0"
"human papilloma virus infection","-0.22007634","-0.012736084","-0.030332055","-0.0119885225","-0.017566964","-0.012050644","-0.0032349413","0.008790346","-0.005663294","0.003401166","-0.0016634933","0.0016024841","0.0030496456","-0.006093373","0.001336644","0.0013386973","0.0014833187","-0.0015655878","-0.0011191956","-0.0022812048","0.0032914274","-0.003769479","-0.0010876738","8.700956e-05","-0.00057010935","0.003326504","0.00012283615","0.0024395816","-0.002798829","-0.0001607432","0.0027648855","0.0029609804","-0.0010443438","0.0017620911","-0.00088586373","-0.0009047997","-0.00079564453","2.4461137e-08","0.0010531262","0.028242592","0.03517258","-0.011418279","-0.023639556","-0.12819138","-0.003655476","0.0032118745","0.0018818054","0.00081408414","0.0","0.0","0.0","0.0","0.0","0.0","0.0","0.0","0.0","0.0","-0.0024369073","0.0","0.0","0.0","0.0","0.0"
"hyperemesis, dyspepsia, gastric discomfort","-0.22007634","-0.012736084","-0.030332055","-0.0119885225","-0.017566964","-0.012050644","-0.0032349413","0.008790346","-0.005663294","0.003401166","-0.0016634933","0.0016024841","0.0030496456","-0.006093373","0.001336644","0.0013386973","0.0014833187","-0.0015655878","-0.0011191956","-0.0022812048","0.0032914274","-0.003769479","-0.0010876738","8.700956e-05","-0.00057010935","0.003326504","0.00012283615","0.0024395816","-0.002798829","-0.0001607432","0.0027648855","0.0029609804","-0.0010443438","0.0017620911","-0.00088586373","-0.0009047997","-0.00079564453","2.4461137e-08","0.0010531262","0.028242592","0.03517258","-0.011418279","-0.023639556","-0.12819138","-0.003655476","0.0032118745","0.0018818054","0.00081408414","0.0","0.0","0.0","0.0","0.0","0.0","0.0","0.0","0.0","0.0","-0.0024369073","0.0","0.0","0.0","0.0","0.0"
"hyperglycemia","-0.22007634","-0.012736084","-0.030332055","-0.0119885225","-0.017566964","-0.012050644","-0.0032349413","0.008790346","-0.005663294","0.003401166","-0.0016634933","0.0016024841","0.0030496456","-0.006093373","0.001336644","0.0013386973","0.0014833187","-0.0015655878","-0.0011191956","-0.0022812048","0.0032914274","-0.003769479","-0.0010876738","8.700956e-05","-0.00057010935","0.003326504","0.00012283615","0.0024395816","-0.002798829","-0.0001607432","0.0027648855","0.0029609804","-0.0010443438","0.0017620911","-0.00088586373","-0.0009047997","-0.00079564453","2.4461137e-08","0.0010531262","0.028242592","0.03517258","-0.011418279","-0.023639556","-0.12819138","-0.003655476","0.0032118745","0.0018818054","0.00081408414","0.0","0.0","0.0","0.0","0.0","0.0","0.0","0.0","0.0","0.0","-0.0024369073","0.0","0.0","0.0","0.0","0.0"
"hypertension","-0.22007634","-0.012736084","-0.030332055","-0.0119885225","-0.017566964","-0.012050644","-0.0032349413","0.008790346","-0.005663294","0.003401166","-0.0016634933","0.0016024841","0.0030496456","-0.006093373","0.001336644","0.0013386973","0.0014833187","-0.0015655878","-0.0011191956","-0.0022812048","0.0032914274","-0.003769479","-0.0010876738","8.700956e-05","-0.00057010935","0.003326504","0.00012283615","0.0024395816","-0.002798829","-0.0001607432","0.0027648855","0.0029609804","-0.0010443438","0.0017620911","-0.00088586373","-0.0009047997","-0.00079564453","2.4461137e-08","0.0010531262","0.028242592","0.03517258","-0.011418279","-0.023639556","-0.12819138","-0.003655476","0.0032118745","0.0018818054","0.00081408414","0.0","0.0","0.0","0.0","0.0","0.0","0.0","0.0","0.0","0.0","-0.0024369073","0.0","0.0","0.0","0.0","0.0"
"hyperthyroidism","-0.22007634","-0.012736084","-0.030332055","-0.0119885225","-0.017566964","-0.012050644","-0.0032349413","0.008790346","-0.005663294","0.003401166","-0.0016634933","0.0016024841","0.0030496456","-0.006093373","0.001336644","0.0013386973","0.0014833187","-0.0015655878","-0.0011191956","-0.0022812048","0.0032914274","-0.003769479","-0.0010876738","8.700956e-05","-0.00057010935","0.003326504","0.00012283615","0.0024395816","-0.002798829","-0.0001607432","0.0027648855","0.0029609804","-0.0010443438","0.0017620911","-0.00088586373","-0.0009047997","-0.00079564453","2.4461137e-08","0.0010531262","0.028242592","0.03517258","-0.011418279","-0.023639556","-0.12819138","-0.003655476","0.0032118745","0.0018818054","0.00081408414","0.0","0.0","0.0","0.0","0.0","0.0","0.0","0.0","0.0","0.0","-0.0024369073","0.0","0.0","0.0","0.0","0.0"
"immune suppression","-0.22007634","-0.012736084","-0.030332055","-0.0119885225","-0.017566964","-0.012050644","-0.0032349413","0.008790346","-0.005663294","0.003401166","-0.0016634933","0.0016024841","0.0030496456","-0.006093373","0.001336644","0.0013386973","0.0014833187","-0.0015655878","-0.0011191956","-0.0022812048","0.0032914274","-0.003769479","-0.0010876738","8.700956e-05","-0.00057010935","0.003326504","0.00012283615","0.0024395816","-0.002798829","-0.0001607432","0.0027648855","0.0029609804","-0.0010443438","0.0017620911","-0.00088586373","-0.0009047997","-0.00079564453","2.4461137e-08","0.0010531262","0.028242592","0.03517258","-0.011418279","-0.023639556","-0.12819138","-0.003655476","0.0032118745","0.0018818054","0.00081408414","0.0","0.0","0.0","0.0","0.0","0.0","0.0","0.0","0.0","0.0","-0.0024369073","0.0","0.0","0.0","0.0","0.0"
"immune system diseases","-0.22007634","-0.012736084","-0.030332055","-0.0119885225","-0.017566964","-0.012050644","-0.0032349413","0.008790346","-0.005663294","0.003401166","-0.0016634933","0.0016024841","0.0030496456","-0.006093373","0.001336644","0.0013386973","0.0014833187","-0.0015655878","-0.0011191956","-0.0022812048","0.0032914274","-0.003769479","-0.0010876738","8.700956e-05","-0.00057010935","0.003326504","0.00012283615","0.0024395816","-0.002798829","-0.0001607432","0.0027648855","0.0029609804","-0.0010443438","0.0017620911","-0.00088586373","-0.0009047997","-0.00079564453","2.4461137e-08","0.0010531262","0.028242592","0.03517258","-0.011418279","-0.023639556","-0.12819138","-0.003655476","0.0032118745","0.0018818054","0.00081408414","0.0","0.0","0.0","0.0","0.0","0.0","0.0","0.0","0.0","0.0","-0.0024369073","0.0","0.0","0.0","0.0","0.0"
"immunological diseases","-0.22007634","-0.012736084","-0.030332055","-0.0119885225","-0.017566964","-0.012050644","-0.0032349413","0.008790346","-0.005663294","0.003401166","-0.0016634933","0.0016024841","0.0030496456","-0.006093373","0.001336644","0.0013386973","0.0014833187","-0.0015655878","-0.0011191956","-0.0022812048","0.0032914274","-0.003769479","-0.0010876738","8.700956e-05","-0.00057010935","0.003326504","0.00012283615","0.0024395816","-0.002798829","-0.0001607432","0.0027648855","0.0029609804","-0.0010443438","0.0017620911","-0.00088586373","-0.0009047997","-0.00079564453","2.4461137e-08","0.0010531262","0.028242592","0.03517258","-0.011418279","-0.023639556","-0.12819138","-0.003655476","0.0032118745","0.0018818054","0.00081408414","0.0","0.0","0.0","0.0","0.0","0.0","0.0","0.0","0.0","0.0","-0.0024369073","0.0","0.0","0.0","0.0","0.0"
"immunosenescence","-0.22007634","-0.012736084","-0.030332055","-0.0119885225","-0.017566964","-0.012050644","-0.0032349413","0.008790346","-0.005663294","0.003401166","-0.0016634933","0.0016024841","0.0030496456","-0.006093373","0.001336644","0.0013386973","0.0014833187","-0.0015655878","-0.0011191956","-0.0022812048","0.0032914274","-0.003769479","-0.0010876738","8.700956e-05","-0.00057010935","0.003326504","0.00012283615","0.0024395816","-0.002798829","-0.0001607432","0.0027648855","0.0029609804","-0.0010443438","0.0017620911","-0.00088586373","-0.0009047997","-0.00079564453","2.4461137e-08","0.0010531262","0.028242592","0.03517258","-0.011418279","-0.023639556","-0.12819138","-0.003655476","0.0032118745","0.0018818054","0.00081408414","0.0","0.0","0.0","0.0","0.0","0.0","0.0","0.0","0.0","0.0","-0.0024369073","0.0","0.0","0.0","0.0","0.0"
"impaired lipid and glucose metabolism","-0.22007634","-0.012736084","-0.030332055","-0.0119885225","-0.017566964","-0.012050644","-0.0032349413","0.008790346","-0.005663294","0.003401166","-0.0016634933","0.0016024841","0.0030496456","-0.006093373","0.001336644","0.0013386973","0.0014833187","-0.0015655878","-0.0011191956","-0.0022812048","0.0032914274","-0.003769479","-0.0010876738","8.700956e-05","-0.00057010935","0.003326504","0.00012283615","0.0024395816","-0.002798829","-0.0001607432","0.0027648855","0.0029609804","-0.0010443438","0.0017620911","-0.00088586373","-0.0009047997","-0.00079564453","2.4461137e-08","0.0010531262","0.028242592","0.03517258","-0.011418279","-0.023639556","-0.12819138","-0.003655476","0.0032118745","0.0018818054","0.00081408414","0.0","0.0","0.0","0.0","0.0","0.0","0.0","0.0","0.0","0.0","-0.0024369073","0.0","0.0","0.0","0.0","0.0"
"infant botulism","-0.22007634","-0.012736084","-0.030332055","-0.0119885225","-0.017566964","-0.012050644","-0.0032349413","0.008790346","-0.005663294","0.003401166","-0.0016634933","0.0016024841","0.0030496456","-0.006093373","0.001336644","0.0013386973","0.0014833187","-0.0015655878","-0.0011191956","-0.0022812048","0.0032914274","-0.003769479","-0.0010876738","8.700956e-05","-0.00057010935","0.003326504","0.00012283615","0.0024395816","-0.002798829","-0.0001607432","0.0027648855","0.0029609804","-0.0010443438","0.0017620911","-0.00088586373","-0.0009047997","-0.00079564453","2.4461137e-08","0.0010531262","0.028242592","0.03517258","-0.011418279","-0.023639556","-0.12819138","-0.003655476","0.0032118745","0.0018818054","0.00081408414","0.0","0.0","0.0","0.0","0.0","0.0","0.0","0.0","0.0","0.0","-0.0024369073","0.0","0.0","0.0","0.0","0.0"
"infant colic","-0.22007634","-0.012736084","-0.030332055","-0.0119885225","-0.017566964","-0.012050644","-0.0032349413","0.008790346","-0.005663294","0.003401166","-0.0016634933","0.0016024841","0.0030496456","-0.006093373","0.001336644","0.0013386973","0.0014833187","-0.0015655878","-0.0011191956","-0.0022812048","0.0032914274","-0.003769479","-0.0010876738","8.700956e-05","-0.00057010935","0.003326504","0.00012283615","0.0024395816","-0.002798829","-0.0001607432","0.0027648855","0.0029609804","-0.0010443438","0.0017620911","-0.00088586373","-0.0009047997","-0.00079564453","2.4461137e-08","0.0010531262","0.028242592","0.03517258","-0.011418279","-0.023639556","-0.12819138","-0.003655476","0.0032118745","0.0018818054","0.00081408414","0.0","0.0","0.0","0.0","0.0","0.0","0.0","0.0","0.0","0.0","-0.0024369073","0.0","0.0","0.0","0.0","0.0"
"infection","-0.22007634","-0.012736084","-0.030332055","-0.0119885225","-0.017566964","-0.012050644","-0.0032349413","0.008790346","-0.005663294","0.003401166","-0.0016634933","0.0016024841","0.0030496456","-0.006093373","0.001336644","0.0013386973","0.0014833187","-0.0015655878","-0.0011191956","-0.0022812048","0.0032914274","-0.003769479","-0.0010876738","8.700956e-05","-0.00057010935","0.003326504","0.00012283615","0.0024395816","-0.002798829","-0.0001607432","0.0027648855","0.0029609804","-0.0010443438","0.0017620911","-0.00088586373","-0.0009047997","-0.00079564453","2.4461137e-08","0.0010531262","0.028242592","0.03517258","-0.011418279","-0.023639556","-0.12819138","-0.003655476","0.0032118745","0.0018818054","0.00081408414","0.0","0.0","0.0","0.0","0.0","0.0","0.0","0.0","0.0","0.0","-0.0024369073","0.0","0.0","0.0","0.0","0.0"
"infectious colitis","-0.22007634","-0.012736084","-0.030332055","-0.0119885225","-0.017566964","-0.012050644","-0.0032349413","0.008790346","-0.005663294","0.003401166","-0.0016634933","0.0016024841","0.0030496456","-0.006093373","0.001336644","0.0013386973","0.0014833187","-0.0015655878","-0.0011191956","-0.0022812048","0.0032914274","-0.003769479","-0.0010876738","8.700956e-05","-0.00057010935","0.003326504","0.00012283615","0.0024395816","-0.002798829","-0.0001607432","0.0027648855","0.0029609804","-0.0010443438","0.0017620911","-0.00088586373","-0.0009047997","-0.00079564453","2.4461137e-08","0.0010531262","0.028242592","0.03517258","-0.011418279","-0.023639556","-0.12819138","-0.003655476","0.0032118745","0.0018818054","0.00081408414","0.0","0.0","0.0","0.0","0.0","0.0","0.0","0.0","0.0","0.0","-0.0024369073","0.0","0.0","0.0","0.0","0.0"
"infectious diarrhea","-0.22007634","-0.012736084","-0.030332055","-0.0119885225","-0.017566964","-0.012050644","-0.0032349413","0.008790346","-0.005663294","0.003401166","-0.0016634933","0.0016024841","0.0030496456","-0.006093373","0.001336644","0.0013386973","0.0014833187","-0.0015655878","-0.0011191956","-0.0022812048","0.0032914274","-0.003769479","-0.0010876738","8.700956e-05","-0.00057010935","0.003326504","0.00012283615","0.0024395816","-0.002798829","-0.0001607432","0.0027648855","0.0029609804","-0.0010443438","0.0017620911","-0.00088586373","-0.0009047997","-0.00079564453","2.4461137e-08","0.0010531262","0.028242592","0.03517258","-0.011418279","-0.023639556","-0.12819138","-0.003655476","0.0032118745","0.0018818054","0.00081408414","0.0","0.0","0.0","0.0","0.0","0.0","0.0","0.0","0.0","0.0","-0.0024369073","0.0","0.0","0.0","0.0","0.0"
"infectious diseases","-0.22007634","-0.012736084","-0.030332055","-0.0119885225","-0.017566964","-0.012050644","-0.0032349413","0.008790346","-0.005663294","0.003401166","-0.0016634933","0.0016024841","0.0030496456","-0.006093373","0.001336644","0.0013386973","0.0014833187","-0.0015655878","-0.0011191956","-0.0022812048","0.0032914274","-0.003769479","-0.0010876738","8.700956e-05","-0.00057010935","0.003326504","0.00012283615","0.0024395816","-0.002798829","-0.0001607432","0.0027648855","0.0029609804","-0.0010443438","0.0017620911","-0.00088586373","-0.0009047997","-0.00079564453","2.4461137e-08","0.0010531262","0.028242592","0.03517258","-0.011418279","-0.023639556","-0.12819138","-0.003655476","0.0032118745","0.0018818054","0.00081408414","0.0","0.0","0.0","0.0","0.0","0.0","0.0","0.0","0.0","0.0","-0.0024369073","0.0","0.0","0.0","0.0","0.0"
"inflammation","-0.22007634","-0.012736084","-0.030332055","-0.0119885225","-0.017566964","-0.012050644","-0.0032349413","0.008790346","-0.005663294","0.003401166","-0.0016634933","0.0016024841","0.0030496456","-0.006093373","0.001336644","0.0013386973","0.0014833187","-0.0015655878","-0.0011191956","-0.0022812048","0.0032914274","-0.003769479","-0.0010876738","8.700956e-05","-0.00057010935","0.003326504","0.00012283615","0.0024395816","-0.002798829","-0.0001607432","0.0027648855","0.0029609804","-0.0010443438","0.0017620911","-0.00088586373","-0.0009047997","-0.00079564453","2.4461137e-08","0.0010531262","0.028242592","0.03517258","-0.011418279","-0.023639556","-0.12819138","-0.003655476","0.0032118745","0.0018818054","0.00081408414","0.0","0.0","0.0","0.0","0.0","0.0","0.0","0.0","0.0","0.0","-0.0024369073","0.0","0.0","0.0","0.0","0.0"
"inflammatory bowel disease","-0.22007634","-0.012736084","-0.030332055","-0.0119885225","-0.017566964","-0.012050644","-0.0032349413","0.008790346","-0.005663294","0.003401166","-0.0016634933","0.0016024841","0.0030496456","-0.006093373","0.001336644","0.0013386973","0.0014833187","-0.0015655878","-0.0011191956","-0.0022812048","0.0032914274","-0.003769479","-0.0010876738","8.700956e-05","-0.00057010935","0.003326504","0.00012283615","0.0024395816","-0.002798829","-0.0001607432","0.0027648855","0.0029609804","-0.0010443438","0.0017620911","-0.00088586373","-0.0009047997","-0.00079564453","2.4461137e-08","0.0010531262","0.028242592","0.03517258","-0.011418279","-0.023639556","-0.12819138","-0.003655476","0.0032118745","0.0018818054","0.00081408414","0.0","0.0","0.0","0.0","0.0","0.0","0.0","0.0","0.0","0.0","-0.0024369073","0.0","0.0","0.0","0.0","0.0"
"inflammatory bowel diseases","-0.22007634","-0.012736084","-0.030332055","-0.0119885225","-0.017566964","-0.012050644","-0.0032349413","0.008790346","-0.005663294","0.003401166","-0.0016634933","0.0016024841","0.0030496456","-0.006093373","0.001336644","0.0013386973","0.0014833187","-0.0015655878","-0.0011191956","-0.0022812048","0.0032914274","-0.003769479","-0.0010876738","8.700956e-05","-0.00057010935","0.003326504","0.00012283615","0.0024395816","-0.002798829","-0.0001607432","0.0027648855","0.0029609804","-0.0010443438","0.0017620911","-0.00088586373","-0.0009047997","-0.00079564453","2.4461137e-08","0.0010531262","0.028242592","0.03517258","-0.011418279","-0.023639556","-0.12819138","-0.003655476","0.0032118745","0.0018818054","0.00081408414","0.0","0.0","0.0","0.0","0.0","0.0","0.0","0.0","0.0","0.0","-0.0024369073","0.0","0.0","0.0","0.0","0.0"
"inflammatory diseases","-0.22007634","-0.012736084","-0.030332055","-0.0119885225","-0.017566964","-0.012050644","-0.0032349413","0.008790346","-0.005663294","0.003401166","-0.0016634933","0.0016024841","0.0030496456","-0.006093373","0.001336644","0.0013386973","0.0014833187","-0.0015655878","-0.0011191956","-0.0022812048","0.0032914274","-0.003769479","-0.0010876738","8.700956e-05","-0.00057010935","0.003326504","0.00012283615","0.0024395816","-0.002798829","-0.0001607432","0.0027648855","0.0029609804","-0.0010443438","0.0017620911","-0.00088586373","-0.0009047997","-0.00079564453","2.4461137e-08","0.0010531262","0.028242592","0.03517258","-0.011418279","-0.023639556","-0.12819138","-0.003655476","0.0032118745","0.0018818054","0.00081408414","0.0","0.0","0.0","0.0","0.0","0.0","0.0","0.0","0.0","0.0","-0.0024369073","0.0","0.0","0.0","0.0","0.0"
"insulin resistance","-0.22007634","-0.012736084","-0.030332055","-0.0119885225","-0.017566964","-0.012050644","-0.0032349413","0.008790346","-0.005663294","0.003401166","-0.0016634933","0.0016024841","0.0030496456","-0.006093373","0.001336644","0.0013386973","0.0014833187","-0.0015655878","-0.0011191956","-0.0022812048","0.0032914274","-0.003769479","-0.0010876738","8.700956e-05","-0.00057010935","0.003326504","0.00012283615","0.0024395816","-0.002798829","-0.0001607432","0.0027648855","0.0029609804","-0.0010443438","0.0017620911","-0.00088586373","-0.0009047997","-0.00079564453","2.4461137e-08","0.0010531262","0.028242592","0.03517258","-0.011418279","-0.023639556","-0.12819138","-0.003655476","0.0032118745","0.0018818054","0.00081408414","0.0","0.0","0.0","0.0","0.0","0.0","0.0","0.0","0.0","0.0","-0.0024369073","0.0","0.0","0.0","0.0","0.0"
"intestinal atrophy","-0.22007634","-0.012736084","-0.030332055","-0.0119885225","-0.017566964","-0.012050644","-0.0032349413","0.008790346","-0.005663294","0.003401166","-0.0016634933","0.0016024841","0.0030496456","-0.006093373","0.001336644","0.0013386973","0.0014833187","-0.0015655878","-0.0011191956","-0.0022812048","0.0032914274","-0.003769479","-0.0010876738","8.700956e-05","-0.00057010935","0.003326504","0.00012283615","0.0024395816","-0.002798829","-0.0001607432","0.0027648855","0.0029609804","-0.0010443438","0.0017620911","-0.00088586373","-0.0009047997","-0.00079564453","2.4461137e-08","0.0010531262","0.028242592","0.03517258","-0.011418279","-0.023639556","-0.12819138","-0.003655476","0.0032118745","0.0018818054","0.00081408414","0.0","0.0","0.0","0.0","0.0","0.0","0.0","0.0","0.0","0.0","-0.0024369073","0.0","0.0","0.0","0.0","0.0"
"intestinal bowel diseases","-0.22007634","-0.012736084","-0.030332055","-0.0119885225","-0.017566964","-0.012050644","-0.0032349413","0.008790346","-0.005663294","0.003401166","-0.0016634933","0.0016024841","0.0030496456","-0.006093373","0.001336644","0.0013386973","0.0014833187","-0.0015655878","-0.0011191956","-0.0022812048","0.0032914274","-0.003769479","-0.0010876738","8.700956e-05","-0.00057010935","0.003326504","0.00012283615","0.0024395816","-0.002798829","-0.0001607432","0.0027648855","0.0029609804","-0.0010443438","0.0017620911","-0.00088586373","-0.0009047997","-0.00079564453","2.4461137e-08","0.0010531262","0.028242592","0.03517258","-0.011418279","-0.023639556","-0.12819138","-0.003655476","0.0032118745","0.0018818054","0.00081408414","0.0","0.0","0.0","0.0","0.0","0.0","0.0","0.0","0.0","0.0","-0.0024369073","0.0","0.0","0.0","0.0","0.0"
"intestinal discomfort","-0.22007634","-0.012736084","-0.030332055","-0.0119885225","-0.017566964","-0.012050644","-0.0032349413","0.008790346","-0.005663294","0.003401166","-0.0016634933","0.0016024841","0.0030496456","-0.006093373","0.001336644","0.0013386973","0.0014833187","-0.0015655878","-0.0011191956","-0.0022812048","0.0032914274","-0.003769479","-0.0010876738","8.700956e-05","-0.00057010935","0.003326504","0.00012283615","0.0024395816","-0.002798829","-0.0001607432","0.0027648855","0.0029609804","-0.0010443438","0.0017620911","-0.00088586373","-0.0009047997","-0.00079564453","2.4461137e-08","0.0010531262","0.028242592","0.03517258","-0.011418279","-0.023639556","-0.12819138","-0.003655476","0.0032118745","0.0018818054","0.00081408414","0.0","0.0","0.0","0.0","0.0","0.0","0.0","0.0","0.0","0.0","-0.0024369073","0.0","0.0","0.0","0.0","0.0"
"intestinal health","-0.22007634","-0.012736084","-0.030332055","-0.0119885225","-0.017566964","-0.012050644","-0.0032349413","0.008790346","-0.005663294","0.003401166","-0.0016634933","0.0016024841","0.0030496456","-0.006093373","0.001336644","0.0013386973","0.0014833187","-0.0015655878","-0.0011191956","-0.0022812048","0.0032914274","-0.003769479","-0.0010876738","8.700956e-05","-0.00057010935","0.003326504","0.00012283615","0.0024395816","-0.002798829","-0.0001607432","0.0027648855","0.0029609804","-0.0010443438","0.0017620911","-0.00088586373","-0.0009047997","-0.00079564453","2.4461137e-08","0.0010531262","0.028242592","0.03517258","-0.011418279","-0.023639556","-0.12819138","-0.003655476","0.0032118745","0.0018818054","0.00081408414","0.0","0.0","0.0","0.0","0.0","0.0","0.0","0.0","0.0","0.0","-0.0024369073","0.0","0.0","0.0","0.0","0.0"
"intestinal immune dysfunction","-0.22007634","-0.012736084","-0.030332055","-0.0119885225","-0.017566964","-0.012050644","-0.0032349413","0.008790346","-0.005663294","0.003401166","-0.0016634933","0.0016024841","0.0030496456","-0.006093373","0.001336644","0.0013386973","0.0014833187","-0.0015655878","-0.0011191956","-0.0022812048","0.0032914274","-0.003769479","-0.0010876738","8.700956e-05","-0.00057010935","0.003326504","0.00012283615","0.0024395816","-0.002798829","-0.0001607432","0.0027648855","0.0029609804","-0.0010443438","0.0017620911","-0.00088586373","-0.0009047997","-0.00079564453","2.4461137e-08","0.0010531262","0.028242592","0.03517258","-0.011418279","-0.023639556","-0.12819138","-0.003655476","0.0032118745","0.0018818054","0.00081408414","0.0","0.0","0.0","0.0","0.0","0.0","0.0","0.0","0.0","0.0","-0.0024369073","0.0","0.0","0.0","0.0","0.0"
"intestinal infection","-0.22007634","-0.012736084","-0.030332055","-0.0119885225","-0.017566964","-0.012050644","-0.0032349413","0.008790346","-0.005663294","0.003401166","-0.0016634933","0.0016024841","0.0030496456","-0.006093373","0.001336644","0.0013386973","0.0014833187","-0.0015655878","-0.0011191956","-0.0022812048","0.0032914274","-0.003769479","-0.0010876738","8.700956e-05","-0.00057010935","0.003326504","0.00012283615","0.0024395816","-0.002798829","-0.0001607432","0.0027648855","0.0029609804","-0.0010443438","0.0017620911","-0.00088586373","-0.0009047997","-0.00079564453","2.4461137e-08","0.0010531262","0.028242592","0.03517258","-0.011418279","-0.023639556","-0.12819138","-0.003655476","0.0032118745","0.0018818054","0.00081408414","0.0","0.0","0.0","0.0","0.0","0.0","0.0","0.0","0.0","0.0","-0.0024369073","0.0","0.0","0.0","0.0","0.0"
"intestinal inflammation","-0.22007634","-0.012736084","-0.030332055","-0.0119885225","-0.017566964","-0.012050644","-0.0032349413","0.008790346","-0.005663294","0.003401166","-0.0016634933","0.0016024841","0.0030496456","-0.006093373","0.001336644","0.0013386973","0.0014833187","-0.0015655878","-0.0011191956","-0.0022812048","0.0032914274","-0.003769479","-0.0010876738","8.700956e-05","-0.00057010935","0.003326504","0.00012283615","0.0024395816","-0.002798829","-0.0001607432","0.0027648855","0.0029609804","-0.0010443438","0.0017620911","-0.00088586373","-0.0009047997","-0.00079564453","2.4461137e-08","0.0010531262","0.028242592","0.03517258","-0.011418279","-0.023639556","-0.12819138","-0.003655476","0.0032118745","0.0018818054","0.00081408414","0.0","0.0","0.0","0.0","0.0","0.0","0.0","0.0","0.0","0.0","-0.0024369073","0.0","0.0","0.0","0.0","0.0"
"intestinal metabolic perturbation","-0.22007634","-0.012736084","-0.030332055","-0.0119885225","-0.017566964","-0.012050644","-0.0032349413","0.008790346","-0.005663294","0.003401166","-0.0016634933","0.0016024841","0.0030496456","-0.006093373","0.001336644","0.0013386973","0.0014833187","-0.0015655878","-0.0011191956","-0.0022812048","0.0032914274","-0.003769479","-0.0010876738","8.700956e-05","-0.00057010935","0.003326504","0.00012283615","0.0024395816","-0.002798829","-0.0001607432","0.0027648855","0.0029609804","-0.0010443438","0.0017620911","-0.00088586373","-0.0009047997","-0.00079564453","2.4461137e-08","0.0010531262","0.028242592","0.03517258","-0.011418279","-0.023639556","-0.12819138","-0.003655476","0.0032118745","0.0018818054","0.00081408414","0.0","0.0","0.0","0.0","0.0","0.0","0.0","0.0","0.0","0.0","-0.0024369073","0.0","0.0","0.0","0.0","0.0"
"intestinal microbiota dysbiosis","-0.22007634","-0.012736084","-0.030332055","-0.0119885225","-0.017566964","-0.012050644","-0.0032349413","0.008790346","-0.005663294","0.003401166","-0.0016634933","0.0016024841","0.0030496456","-0.006093373","0.001336644","0.0013386973","0.0014833187","-0.0015655878","-0.0011191956","-0.0022812048","0.0032914274","-0.003769479","-0.0010876738","8.700956e-05","-0.00057010935","0.003326504","0.00012283615","0.0024395816","-0.002798829","-0.0001607432","0.0027648855","0.0029609804","-0.0010443438","0.0017620911","-0.00088586373","-0.0009047997","-0.00079564453","2.4461137e-08","0.0010531262","0.028242592","0.03517258","-0.011418279","-0.023639556","-0.12819138","-0.003655476","0.0032118745","0.0018818054","0.00081408414","0.0","0.0","0.0","0.0","0.0","0.0","0.0","0.0","0.0","0.0","-0.0024369073","0.0","0.0","0.0","0.0","0.0"
"intestinal microbiota imbalance","-0.22007634","-0.012736084","-0.030332055","-0.0119885225","-0.017566964","-0.012050644","-0.0032349413","0.008790346","-0.005663294","0.003401166","-0.0016634933","0.0016024841","0.0030496456","-0.006093373","0.001336644","0.0013386973","0.0014833187","-0.0015655878","-0.0011191956","-0.0022812048","0.0032914274","-0.003769479","-0.0010876738","8.700956e-05","-0.00057010935","0.003326504","0.00012283615","0.0024395816","-0.002798829","-0.0001607432","0.0027648855","0.0029609804","-0.0010443438","0.0017620911","-0.00088586373","-0.0009047997","-0.00079564453","2.4461137e-08","0.0010531262","0.028242592","0.03517258","-0.011418279","-0.023639556","-0.12819138","-0.003655476","0.0032118745","0.0018818054","0.00081408414","0.0","0.0","0.0","0.0","0.0","0.0","0.0","0.0","0.0","0.0","-0.0024369073","0.0","0.0","0.0","0.0","0.0"
"intestinal microflora dysfunction","-0.22007634","-0.012736084","-0.030332055","-0.0119885225","-0.017566964","-0.012050644","-0.0032349413","0.008790346","-0.005663294","0.003401166","-0.0016634933","0.0016024841","0.0030496456","-0.006093373","0.001336644","0.0013386973","0.0014833187","-0.0015655878","-0.0011191956","-0.0022812048","0.0032914274","-0.003769479","-0.0010876738","8.700956e-05","-0.00057010935","0.003326504","0.00012283615","0.0024395816","-0.002798829","-0.0001607432","0.0027648855","0.0029609804","-0.0010443438","0.0017620911","-0.00088586373","-0.0009047997","-0.00079564453","2.4461137e-08","0.0010531262","0.028242592","0.03517258","-0.011418279","-0.023639556","-0.12819138","-0.003655476","0.0032118745","0.0018818054","0.00081408414","0.0","0.0","0.0","0.0","0.0","0.0","0.0","0.0","0.0","0.0","-0.0024369073","0.0","0.0","0.0","0.0","0.0"
"intestinal permeability","-0.22007634","-0.012736084","-0.030332055","-0.0119885225","-0.017566964","-0.012050644","-0.0032349413","0.008790346","-0.005663294","0.003401166","-0.0016634933","0.0016024841","0.0030496456","-0.006093373","0.001336644","0.0013386973","0.0014833187","-0.0015655878","-0.0011191956","-0.0022812048","0.0032914274","-0.003769479","-0.0010876738","8.700956e-05","-0.00057010935","0.003326504","0.00012283615","0.0024395816","-0.002798829","-0.0001607432","0.0027648855","0.0029609804","-0.0010443438","0.0017620911","-0.00088586373","-0.0009047997","-0.00079564453","2.4461137e-08","0.0010531262","0.028242592","0.03517258","-0.011418279","-0.023639556","-0.12819138","-0.003655476","0.0032118745","0.0018818054","0.00081408414","0.0","0.0","0.0","0.0","0.0","0.0","0.0","0.0","0.0","0.0","-0.0024369073","0.0","0.0","0.0","0.0","0.0"
"intestinal polyps","-0.22007634","-0.012736084","-0.030332055","-0.0119885225","-0.017566964","-0.012050644","-0.0032349413","0.008790346","-0.005663294","0.003401166","-0.0016634933","0.0016024841","0.0030496456","-0.006093373","0.001336644","0.0013386973","0.0014833187","-0.0015655878","-0.0011191956","-0.0022812048","0.0032914274","-0.003769479","-0.0010876738","8.700956e-05","-0.00057010935","0.003326504","0.00012283615","0.0024395816","-0.002798829","-0.0001607432","0.0027648855","0.0029609804","-0.0010443438","0.0017620911","-0.00088586373","-0.0009047997","-0.00079564453","2.4461137e-08","0.0010531262","0.028242592","0.03517258","-0.011418279","-0.023639556","-0.12819138","-0.003655476","0.0032118745","0.0018818054","0.00081408414","0.0","0.0","0.0","0.0","0.0","0.0","0.0","0.0","0.0","0.0","-0.0024369073","0.0","0.0","0.0","0.0","0.0"
"iron-deficiency anaemia","-0.22007634","-0.012736084","-0.030332055","-0.0119885225","-0.017566964","-0.012050644","-0.0032349413","0.008790346","-0.005663294","0.003401166","-0.0016634933","0.0016024841","0.0030496456","-0.006093373","0.001336644","0.0013386973","0.0014833187","-0.0015655878","-0.0011191956","-0.0022812048","0.0032914274","-0.003769479","-0.0010876738","8.700956e-05","-0.00057010935","0.003326504","0.00012283615","0.0024395816","-0.002798829","-0.0001607432","0.0027648855","0.0029609804","-0.0010443438","0.0017620911","-0.00088586373","-0.0009047997","-0.00079564453","2.4461137e-08","0.0010531262","0.028242592","0.03517258","-0.011418279","-0.023639556","-0.12819138","-0.003655476","0.0032118745","0.0018818054","0.00081408414","0.0","0.0","0.0","0.0","0.0","0.0","0.0","0.0","0.0","0.0","-0.0024369073","0.0","0.0","0.0","0.0","0.0"
"irritable bowel syndrome","-0.22007634","-0.012736084","-0.030332055","-0.0119885225","-0.017566964","-0.012050644","-0.0032349413","0.008790346","-0.005663294","0.003401166","-0.0016634933","0.0016024841","0.0030496456","-0.006093373","0.001336644","0.0013386973","0.0014833187","-0.0015655878","-0.0011191956","-0.0022812048","0.0032914274","-0.003769479","-0.0010876738","8.700956e-05","-0.00057010935","0.003326504","0.00012283615","0.0024395816","-0.002798829","-0.0001607432","0.0027648855","0.0029609804","-0.0010443438","0.0017620911","-0.00088586373","-0.0009047997","-0.00079564453","2.4461137e-08","0.0010531262","0.028242592","0.03517258","-0.011418279","-0.023639556","-0.12819138","-0.003655476","0.0032118745","0.0018818054","0.00081408414","0.0","0.0","0.0","0.0","0.0","0.0","0.0","0.0","0.0","0.0","-0.0024369073","0.0","0.0","0.0","0.0","0.0"
"ischemic heart disease","-0.22007634","-0.012736084","-0.030332055","-0.0119885225","-0.017566964","-0.012050644","-0.0032349413","0.008790346","-0.005663294","0.003401166","-0.0016634933","0.0016024841","0.0030496456","-0.006093373","0.001336644","0.0013386973","0.0014833187","-0.0015655878","-0.0011191956","-0.0022812048","0.0032914274","-0.003769479","-0.0010876738","8.700956e-05","-0.00057010935","0.003326504","0.00012283615","0.0024395816","-0.002798829","-0.0001607432","0.0027648855","0.0029609804","-0.0010443438","0.0017620911","-0.00088586373","-0.0009047997","-0.00079564453","2.4461137e-08","0.0010531262","0.028242592","0.03517258","-0.011418279","-0.023639556","-0.12819138","-0.003655476","0.0032118745","0.0018818054","0.00081408414","0.0","0.0","0.0","0.0","0.0","0.0","0.0","0.0","0.0","0.0","-0.0024369073","0.0","0.0","0.0","0.0","0.0"
"lactose intolerance","-0.22007634","-0.012736084","-0.030332055","-0.0119885225","-0.017566964","-0.012050644","-0.0032349413","0.008790346","-0.005663294","0.003401166","-0.0016634933","0.0016024841","0.0030496456","-0.006093373","0.001336644","0.0013386973","0.0014833187","-0.0015655878","-0.0011191956","-0.0022812048","0.0032914274","-0.003769479","-0.0010876738","8.700956e-05","-0.00057010935","0.003326504","0.00012283615","0.0024395816","-0.002798829","-0.0001607432","0.0027648855","0.0029609804","-0.0010443438","0.0017620911","-0.00088586373","-0.0009047997","-0.00079564453","2.4461137e-08","0.0010531262","0.028242592","0.03517258","-0.011418279","-0.023639556","-0.12819138","-0.003655476","0.0032118745","0.0018818054","0.00081408414","0.0","0.0","0.0","0.0","0.0","0.0","0.0","0.0","0.0","0.0","-0.0024369073","0.0","0.0","0.0","0.0","0.0"
"laryngeal cancer","-0.22007634","-0.012736084","-0.030332055","-0.0119885225","-0.017566964","-0.012050644","-0.0032349413","0.008790346","-0.005663294","0.003401166","-0.0016634933","0.0016024841","0.0030496456","-0.006093373","0.001336644","0.0013386973","0.0014833187","-0.0015655878","-0.0011191956","-0.0022812048","0.0032914274","-0.003769479","-0.0010876738","8.700956e-05","-0.00057010935","0.003326504","0.00012283615","0.0024395816","-0.002798829","-0.0001607432","0.0027648855","0.0029609804","-0.0010443438","0.0017620911","-0.00088586373","-0.0009047997","-0.00079564453","2.4461137e-08","0.0010531262","0.028242592","0.03517258","-0.011418279","-0.023639556","-0.12819138","-0.003655476","0.0032118745","0.0018818054","0.00081408414","0.0","0.0","0.0","0.0","0.0","0.0","0.0","0.0","0.0","0.0","-0.0024369073","0.0","0.0","0.0","0.0","0.0"
"laryngeal carcinoma","-0.22007634","-0.012736084","-0.030332055","-0.0119885225","-0.017566964","-0.012050644","-0.0032349413","0.008790346","-0.005663294","0.003401166","-0.0016634933","0.0016024841","0.0030496456","-0.006093373","0.001336644","0.0013386973","0.0014833187","-0.0015655878","-0.0011191956","-0.0022812048","0.0032914274","-0.003769479","-0.0010876738","8.700956e-05","-0.00057010935","0.003326504","0.00012283615","0.0024395816","-0.002798829","-0.0001607432","0.0027648855","0.0029609804","-0.0010443438","0.0017620911","-0.00088586373","-0.0009047997","-0.00079564453","2.4461137e-08","0.0010531262","0.028242592","0.03517258","-0.011418279","-0.023639556","-0.12819138","-0.003655476","0.0032118745","0.0018818054","0.00081408414","0.0","0.0","0.0","0.0","0.0","0.0","0.0","0.0","0.0","0.0","-0.0024369073","0.0","0.0","0.0","0.0","0.0"
"leukemia","-0.22007634","-0.012736084","-0.030332055","-0.0119885225","-0.017566964","-0.012050644","-0.0032349413","0.008790346","-0.005663294","0.003401166","-0.0016634933","0.0016024841","0.0030496456","-0.006093373","0.001336644","0.0013386973","0.0014833187","-0.0015655878","-0.0011191956","-0.0022812048","0.0032914274","-0.003769479","-0.0010876738","8.700956e-05","-0.00057010935","0.003326504","0.00012283615","0.0024395816","-0.002798829","-0.0001607432","0.0027648855","0.0029609804","-0.0010443438","0.0017620911","-0.00088586373","-0.0009047997","-0.00079564453","2.4461137e-08","0.0010531262","0.028242592","0.03517258","-0.011418279","-0.023639556","-0.12819138","-0.003655476","0.0032118745","0.0018818054","0.00081408414","0.0","0.0","0.0","0.0","0.0","0.0","0.0","0.0","0.0","0.0","-0.0024369073","0.0","0.0","0.0","0.0","0.0"
"lipid metabolism disorder","-0.22007634","-0.012736084","-0.030332055","-0.0119885225","-0.017566964","-0.012050644","-0.0032349413","0.008790346","-0.005663294","0.003401166","-0.0016634933","0.0016024841","0.0030496456","-0.006093373","0.001336644","0.0013386973","0.0014833187","-0.0015655878","-0.0011191956","-0.0022812048","0.0032914274","-0.003769479","-0.0010876738","8.700956e-05","-0.00057010935","0.003326504","0.00012283615","0.0024395816","-0.002798829","-0.0001607432","0.0027648855","0.0029609804","-0.0010443438","0.0017620911","-0.00088586373","-0.0009047997","-0.00079564453","2.4461137e-08","0.0010531262","0.028242592","0.03517258","-0.011418279","-0.023639556","-0.12819138","-0.003655476","0.0032118745","0.0018818054","0.00081408414","0.0","0.0","0.0","0.0","0.0","0.0","0.0","0.0","0.0","0.0","-0.0024369073","0.0","0.0","0.0","0.0","0.0"
"lipid metabolism dysfunction","-0.22007634","-0.012736084","-0.030332055","-0.0119885225","-0.017566964","-0.012050644","-0.0032349413","0.008790346","-0.005663294","0.003401166","-0.0016634933","0.0016024841","0.0030496456","-0.006093373","0.001336644","0.0013386973","0.0014833187","-0.0015655878","-0.0011191956","-0.0022812048","0.0032914274","-0.003769479","-0.0010876738","8.700956e-05","-0.00057010935","0.003326504","0.00012283615","0.0024395816","-0.002798829","-0.0001607432","0.0027648855","0.0029609804","-0.0010443438","0.0017620911","-0.00088586373","-0.0009047997","-0.00079564453","2.4461137e-08","0.0010531262","0.028242592","0.03517258","-0.011418279","-0.023639556","-0.12819138","-0.003655476","0.0032118745","0.0018818054","0.00081408414","0.0","0.0","0.0","0.0","0.0","0.0","0.0","0.0","0.0","0.0","-0.0024369073","0.0","0.0","0.0","0.0","0.0"
"liver cancer","-0.22007634","-0.012736084","-0.030332055","-0.0119885225","-0.017566964","-0.012050644","-0.0032349413","0.008790346","-0.005663294","0.003401166","-0.0016634933","0.0016024841","0.0030496456","-0.006093373","0.001336644","0.0013386973","0.0014833187","-0.0015655878","-0.0011191956","-0.0022812048","0.0032914274","-0.003769479","-0.0010876738","8.700956e-05","-0.00057010935","0.003326504","0.00012283615","0.0024395816","-0.002798829","-0.0001607432","0.0027648855","0.0029609804","-0.0010443438","0.0017620911","-0.00088586373","-0.0009047997","-0.00079564453","2.4461137e-08","0.0010531262","0.028242592","0.03517258","-0.011418279","-0.023639556","-0.12819138","-0.003655476","0.0032118745","0.0018818054","0.00081408414","0.0","0.0","0.0","0.0","0.0","0.0","0.0","0.0","0.0","0.0","-0.0024369073","0.0","0.0","0.0","0.0","0.0"
"liver carcinoma","-0.22007634","-0.012736084","-0.030332055","-0.0119885225","-0.017566964","-0.012050644","-0.0032349413","0.008790346","-0.005663294","0.003401166","-0.0016634933","0.0016024841","0.0030496456","-0.006093373","0.001336644","0.0013386973","0.0014833187","-0.0015655878","-0.0011191956","-0.0022812048","0.0032914274","-0.003769479","-0.0010876738","8.700956e-05","-0.00057010935","0.003326504","0.00012283615","0.0024395816","-0.002798829","-0.0001607432","0.0027648855","0.0029609804","-0.0010443438","0.0017620911","-0.00088586373","-0.0009047997","-0.00079564453","2.4461137e-08","0.0010531262","0.028242592","0.03517258","-0.011418279","-0.023639556","-0.12819138","-0.003655476","0.0032118745","0.0018818054","0.00081408414","0.0","0.0","0.0","0.0","0.0","0.0","0.0","0.0","0.0","0.0","-0.0024369073","0.0","0.0","0.0","0.0","0.0"
"liver cirrhosis","-0.22007634","-0.012736084","-0.030332055","-0.0119885225","-0.017566964","-0.012050644","-0.0032349413","0.008790346","-0.005663294","0.003401166","-0.0016634933","0.0016024841","0.0030496456","-0.006093373","0.001336644","0.0013386973","0.0014833187","-0.0015655878","-0.0011191956","-0.0022812048","0.0032914274","-0.003769479","-0.0010876738","8.700956e-05","-0.00057010935","0.003326504","0.00012283615","0.0024395816","-0.002798829","-0.0001607432","0.0027648855","0.0029609804","-0.0010443438","0.0017620911","-0.00088586373","-0.0009047997","-0.00079564453","2.4461137e-08","0.0010531262","0.028242592","0.03517258","-0.011418279","-0.023639556","-0.12819138","-0.003655476","0.0032118745","0.0018818054","0.00081408414","0.0","0.0","0.0","0.0","0.0","0.0","0.0","0.0","0.0","0.0","-0.0024369073","0.0","0.0","0.0","0.0","0.0"
"liver disease","-0.22007634","-0.012736084","-0.030332055","-0.0119885225","-0.017566964","-0.012050644","-0.0032349413","0.008790346","-0.005663294","0.003401166","-0.0016634933","0.0016024841","0.0030496456","-0.006093373","0.001336644","0.0013386973","0.0014833187","-0.0015655878","-0.0011191956","-0.0022812048","0.0032914274","-0.003769479","-0.0010876738","8.700956e-05","-0.00057010935","0.003326504","0.00012283615","0.0024395816","-0.002798829","-0.0001607432","0.0027648855","0.0029609804","-0.0010443438","0.0017620911","-0.00088586373","-0.0009047997","-0.00079564453","2.4461137e-08","0.0010531262","0.028242592","0.03517258","-0.011418279","-0.023639556","-0.12819138","-0.003655476","0.0032118745","0.0018818054","0.00081408414","0.0","0.0","0.0","0.0","0.0","0.0","0.0","0.0","0.0","0.0","-0.0024369073","0.0","0.0","0.0","0.0","0.0"
"liver inflammation","-0.22007634","-0.012736084","-0.030332055","-0.0119885225","-0.017566964","-0.012050644","-0.0032349413","0.008790346","-0.005663294","0.003401166","-0.0016634933","0.0016024841","0.0030496456","-0.006093373","0.001336644","0.0013386973","0.0014833187","-0.0015655878","-0.0011191956","-0.0022812048","0.0032914274","-0.003769479","-0.0010876738","8.700956e-05","-0.00057010935","0.003326504","0.00012283615","0.0024395816","-0.002798829","-0.0001607432","0.0027648855","0.0029609804","-0.0010443438","0.0017620911","-0.00088586373","-0.0009047997","-0.00079564453","2.4461137e-08","0.0010531262","0.028242592","0.03517258","-0.011418279","-0.023639556","-0.12819138","-0.003655476","0.0032118745","0.0018818054","0.00081408414","0.0","0.0","0.0","0.0","0.0","0.0","0.0","0.0","0.0","0.0","-0.0024369073","0.0","0.0","0.0","0.0","0.0"
"low-grade inflammation","-0.22007634","-0.012736084","-0.030332055","-0.0119885225","-0.017566964","-0.012050644","-0.0032349413","0.008790346","-0.005663294","0.003401166","-0.0016634933","0.0016024841","0.0030496456","-0.006093373","0.001336644","0.0013386973","0.0014833187","-0.0015655878","-0.0011191956","-0.0022812048","0.0032914274","-0.003769479","-0.0010876738","8.700956e-05","-0.00057010935","0.003326504","0.00012283615","0.0024395816","-0.002798829","-0.0001607432","0.0027648855","0.0029609804","-0.0010443438","0.0017620911","-0.00088586373","-0.0009047997","-0.00079564453","2.4461137e-08","0.0010531262","0.028242592","0.03517258","-0.011418279","-0.023639556","-0.12819138","-0.003655476","0.0032118745","0.0018818054","0.00081408414","0.0","0.0","0.0","0.0","0.0","0.0","0.0","0.0","0.0","0.0","-0.0024369073","0.0","0.0","0.0","0.0","0.0"
"lung cancer","-0.22007634","-0.012736084","-0.030332055","-0.0119885225","-0.017566964","-0.012050644","-0.0032349413","0.008790346","-0.005663294","0.003401166","-0.0016634933","0.0016024841","0.0030496456","-0.006093373","0.001336644","0.0013386973","0.0014833187","-0.0015655878","-0.0011191956","-0.0022812048","0.0032914274","-0.003769479","-0.0010876738","8.700956e-05","-0.00057010935","0.003326504","0.00012283615","0.0024395816","-0.002798829","-0.0001607432","0.0027648855","0.0029609804","-0.0010443438","0.0017620911","-0.00088586373","-0.0009047997","-0.00079564453","2.4461137e-08","0.0010531262","0.028242592","0.03517258","-0.011418279","-0.023639556","-0.12819138","-0.003655476","0.0032118745","0.0018818054","0.00081408414","0.0","0.0","0.0","0.0","0.0","0.0","0.0","0.0","0.0","0.0","-0.0024369073","0.0","0.0","0.0","0.0","0.0"
"major depressive disorder","-0.22007634","-0.012736084","-0.030332055","-0.0119885225","-0.017566964","-0.012050644","-0.0032349413","0.008790346","-0.005663294","0.003401166","-0.0016634933","0.0016024841","0.0030496456","-0.006093373","0.001336644","0.0013386973","0.0014833187","-0.0015655878","-0.0011191956","-0.0022812048","0.0032914274","-0.003769479","-0.0010876738","8.700956e-05","-0.00057010935","0.003326504","0.00012283615","0.0024395816","-0.002798829","-0.0001607432","0.0027648855","0.0029609804","-0.0010443438","0.0017620911","-0.00088586373","-0.0009047997","-0.00079564453","2.4461137e-08","0.0010531262","0.028242592","0.03517258","-0.011418279","-0.023639556","-0.12819138","-0.003655476","0.0032118745","0.0018818054","0.00081408414","0.0","0.0","0.0","0.0","0.0","0.0","0.0","0.0","0.0","0.0","-0.0024369073","0.0","0.0","0.0","0.0","0.0"
"meningitis","-0.22007634","-0.012736084","-0.030332055","-0.0119885225","-0.017566964","-0.012050644","-0.0032349413","0.008790346","-0.005663294","0.003401166","-0.0016634933","0.0016024841","0.0030496456","-0.006093373","0.001336644","0.0013386973","0.0014833187","-0.0015655878","-0.0011191956","-0.0022812048","0.0032914274","-0.003769479","-0.0010876738","8.700956e-05","-0.00057010935","0.003326504","0.00012283615","0.0024395816","-0.002798829","-0.0001607432","0.0027648855","0.0029609804","-0.0010443438","0.0017620911","-0.00088586373","-0.0009047997","-0.00079564453","2.4461137e-08","0.0010531262","0.028242592","0.03517258","-0.011418279","-0.023639556","-0.12819138","-0.003655476","0.0032118745","0.0018818054","0.00081408414","0.0","0.0","0.0","0.0","0.0","0.0","0.0","0.0","0.0","0.0","-0.0024369073","0.0","0.0","0.0","0.0","0.0"
"metabolic diseases","-0.22007634","-0.012736084","-0.030332055","-0.0119885225","-0.017566964","-0.012050644","-0.0032349413","0.008790346","-0.005663294","0.003401166","-0.0016634933","0.0016024841","0.0030496456","-0.006093373","0.001336644","0.0013386973","0.0014833187","-0.0015655878","-0.0011191956","-0.0022812048","0.0032914274","-0.003769479","-0.0010876738","8.700956e-05","-0.00057010935","0.003326504","0.00012283615","0.0024395816","-0.002798829","-0.0001607432","0.0027648855","0.0029609804","-0.0010443438","0.0017620911","-0.00088586373","-0.0009047997","-0.00079564453","2.4461137e-08","0.0010531262","0.028242592","0.03517258","-0.011418279","-0.023639556","-0.12819138","-0.003655476","0.0032118745","0.0018818054","0.00081408414","0.0","0.0","0.0","0.0","0.0","0.0","0.0","0.0","0.0","0.0","-0.0024369073","0.0","0.0","0.0","0.0","0.0"
"metabolic disorder","-0.22007634","-0.012736084","-0.030332055","-0.0119885225","-0.017566964","-0.012050644","-0.0032349413","0.008790346","-0.005663294","0.003401166","-0.0016634933","0.0016024841","0.0030496456","-0.006093373","0.001336644","0.0013386973","0.0014833187","-0.0015655878","-0.0011191956","-0.0022812048","0.0032914274","-0.003769479","-0.0010876738","8.700956e-05","-0.00057010935","0.003326504","0.00012283615","0.0024395816","-0.002798829","-0.0001607432","0.0027648855","0.0029609804","-0.0010443438","0.0017620911","-0.00088586373","-0.0009047997","-0.00079564453","2.4461137e-08","0.0010531262","0.028242592","0.03517258","-0.011418279","-0.023639556","-0.12819138","-0.003655476","0.0032118745","0.0018818054","0.00081408414","0.0","0.0","0.0","0.0","0.0","0.0","0.0","0.0","0.0","0.0","-0.0024369073","0.0","0.0","0.0","0.0","0.0"
"metabolic disorders","-0.22007634","-0.012736084","-0.030332055","-0.0119885225","-0.017566964","-0.012050644","-0.0032349413","0.008790346","-0.005663294","0.003401166","-0.0016634933","0.0016024841","0.0030496456","-0.006093373","0.001336644","0.0013386973","0.0014833187","-0.0015655878","-0.0011191956","-0.0022812048","0.0032914274","-0.003769479","-0.0010876738","8.700956e-05","-0.00057010935","0.003326504","0.00012283615","0.0024395816","-0.002798829","-0.0001607432","0.0027648855","0.0029609804","-0.0010443438","0.0017620911","-0.00088586373","-0.0009047997","-0.00079564453","2.4461137e-08","0.0010531262","0.028242592","0.03517258","-0.011418279","-0.023639556","-0.12819138","-0.003655476","0.0032118745","0.0018818054","0.00081408414","0.0","0.0","0.0","0.0","0.0","0.0","0.0","0.0","0.0","0.0","-0.0024369073","0.0","0.0","0.0","0.0","0.0"
"metabolic syndrome","-0.22007634","-0.012736084","-0.030332055","-0.0119885225","-0.017566964","-0.012050644","-0.0032349413","0.008790346","-0.005663294","0.003401166","-0.0016634933","0.0016024841","0.0030496456","-0.006093373","0.001336644","0.0013386973","0.0014833187","-0.0015655878","-0.0011191956","-0.0022812048","0.0032914274","-0.003769479","-0.0010876738","8.700956e-05","-0.00057010935","0.003326504","0.00012283615","0.0024395816","-0.002798829","-0.0001607432","0.0027648855","0.0029609804","-0.0010443438","0.0017620911","-0.00088586373","-0.0009047997","-0.00079564453","2.4461137e-08","0.0010531262","0.028242592","0.03517258","-0.011418279","-0.023639556","-0.12819138","-0.003655476","0.0032118745","0.0018818054","0.00081408414","0.0","0.0","0.0","0.0","0.0","0.0","0.0","0.0","0.0","0.0","-0.0024369073","0.0","0.0","0.0","0.0","0.0"
"microbiota imbalance","-0.22007634","-0.012736084","-0.030332055","-0.0119885225","-0.017566964","-0.012050644","-0.0032349413","0.008790346","-0.005663294","0.003401166","-0.0016634933","0.0016024841","0.0030496456","-0.006093373","0.001336644","0.0013386973","0.0014833187","-0.0015655878","-0.0011191956","-0.0022812048","0.0032914274","-0.003769479","-0.0010876738","8.700956e-05","-0.00057010935","0.003326504","0.00012283615","0.0024395816","-0.002798829","-0.0001607432","0.0027648855","0.0029609804","-0.0010443438","0.0017620911","-0.00088586373","-0.0009047997","-0.00079564453","2.4461137e-08","0.0010531262","0.028242592","0.03517258","-0.011418279","-0.023639556","-0.12819138","-0.003655476","0.0032118745","0.0018818054","0.00081408414","0.0","0.0","0.0","0.0","0.0","0.0","0.0","0.0","0.0","0.0","-0.0024369073","0.0","0.0","0.0","0.0","0.0"
"milk allergy","-0.22007634","-0.012736084","-0.030332055","-0.0119885225","-0.017566964","-0.012050644","-0.0032349413","0.008790346","-0.005663294","0.003401166","-0.0016634933","0.0016024841","0.0030496456","-0.006093373","0.001336644","0.0013386973","0.0014833187","-0.0015655878","-0.0011191956","-0.0022812048","0.0032914274","-0.003769479","-0.0010876738","8.700956e-05","-0.00057010935","0.003326504","0.00012283615","0.0024395816","-0.002798829","-0.0001607432","0.0027648855","0.0029609804","-0.0010443438","0.0017620911","-0.00088586373","-0.0009047997","-0.00079564453","2.4461137e-08","0.0010531262","0.028242592","0.03517258","-0.011418279","-0.023639556","-0.12819138","-0.003655476","0.0032118745","0.0018818054","0.00081408414","0.0","0.0","0.0","0.0","0.0","0.0","0.0","0.0","0.0","0.0","-0.0024369073","0.0","0.0","0.0","0.0","0.0"
"multiple sclerosis","-0.22007634","-0.012736084","-0.030332055","-0.0119885225","-0.017566964","-0.012050644","-0.0032349413","0.008790346","-0.005663294","0.003401166","-0.0016634933","0.0016024841","0.0030496456","-0.006093373","0.001336644","0.0013386973","0.0014833187","-0.0015655878","-0.0011191956","-0.0022812048","0.0032914274","-0.003769479","-0.0010876738","8.700956e-05","-0.00057010935","0.003326504","0.00012283615","0.0024395816","-0.002798829","-0.0001607432","0.0027648855","0.0029609804","-0.0010443438","0.0017620911","-0.00088586373","-0.0009047997","-0.00079564453","2.4461137e-08","0.0010531262","0.028242592","0.03517258","-0.011418279","-0.023639556","-0.12819138","-0.003655476","0.0032118745","0.0018818054","0.00081408414","0.0","0.0","0.0","0.0","0.0","0.0","0.0","0.0","0.0","0.0","-0.0024369073","0.0","0.0","0.0","0.0","0.0"
"myalgic encephalomyelitis/chronic fatigue syndrome","-0.22007634","-0.012736084","-0.030332055","-0.0119885225","-0.017566964","-0.012050644","-0.0032349413","0.008790346","-0.005663294","0.003401166","-0.0016634933","0.0016024841","0.0030496456","-0.006093373","0.001336644","0.0013386973","0.0014833187","-0.0015655878","-0.0011191956","-0.0022812048","0.0032914274","-0.003769479","-0.0010876738","8.700956e-05","-0.00057010935","0.003326504","0.00012283615","0.0024395816","-0.002798829","-0.0001607432","0.0027648855","0.0029609804","-0.0010443438","0.0017620911","-0.00088586373","-0.0009047997","-0.00079564453","2.4461137e-08","0.0010531262","0.028242592","0.03517258","-0.011418279","-0.023639556","-0.12819138","-0.003655476","0.0032118745","0.0018818054","0.00081408414","0.0","0.0","0.0","0.0","0.0","0.0","0.0","0.0","0.0","0.0","-0.0024369073","0.0","0.0","0.0","0.0","0.0"
"myelination impairments","-0.22007634","-0.012736084","-0.030332055","-0.0119885225","-0.017566964","-0.012050644","-0.0032349413","0.008790346","-0.005663294","0.003401166","-0.0016634933","0.0016024841","0.0030496456","-0.006093373","0.001336644","0.0013386973","0.0014833187","-0.0015655878","-0.0011191956","-0.0022812048","0.0032914274","-0.003769479","-0.0010876738","8.700956e-05","-0.00057010935","0.003326504","0.00012283615","0.0024395816","-0.002798829","-0.0001607432","0.0027648855","0.0029609804","-0.0010443438","0.0017620911","-0.00088586373","-0.0009047997","-0.00079564453","2.4461137e-08","0.0010531262","0.028242592","0.03517258","-0.011418279","-0.023639556","-0.12819138","-0.003655476","0.0032118745","0.0018818054","0.00081408414","0.0","0.0","0.0","0.0","0.0","0.0","0.0","0.0","0.0","0.0","-0.0024369073","0.0","0.0","0.0","0.0","0.0"
"necrotising enterocolitis","-0.22007634","-0.012736084","-0.030332055","-0.0119885225","-0.017566964","-0.012050644","-0.0032349413","0.008790346","-0.005663294","0.003401166","-0.0016634933","0.0016024841","0.0030496456","-0.006093373","0.001336644","0.0013386973","0.0014833187","-0.0015655878","-0.0011191956","-0.0022812048","0.0032914274","-0.003769479","-0.0010876738","8.700956e-05","-0.00057010935","0.003326504","0.00012283615","0.0024395816","-0.002798829","-0.0001607432","0.0027648855","0.0029609804","-0.0010443438","0.0017620911","-0.00088586373","-0.0009047997","-0.00079564453","2.4461137e-08","0.0010531262","0.028242592","0.03517258","-0.011418279","-0.023639556","-0.12819138","-0.003655476","0.0032118745","0.0018818054","0.00081408414","0.0","0.0","0.0","0.0","0.0","0.0","0.0","0.0","0.0","0.0","-0.0024369073","0.0","0.0","0.0","0.0","0.0"
"necrotizing enterocolitis","-0.22007634","-0.012736084","-0.030332055","-0.0119885225","-0.017566964","-0.012050644","-0.0032349413","0.008790346","-0.005663294","0.003401166","-0.0016634933","0.0016024841","0.0030496456","-0.006093373","0.001336644","0.0013386973","0.0014833187","-0.0015655878","-0.0011191956","-0.0022812048","0.0032914274","-0.003769479","-0.0010876738","8.700956e-05","-0.00057010935","0.003326504","0.00012283615","0.0024395816","-0.002798829","-0.0001607432","0.0027648855","0.0029609804","-0.0010443438","0.0017620911","-0.00088586373","-0.0009047997","-0.00079564453","2.4461137e-08","0.0010531262","0.028242592","0.03517258","-0.011418279","-0.023639556","-0.12819138","-0.003655476","0.0032118745","0.0018818054","0.00081408414","0.0","0.0","0.0","0.0","0.0","0.0","0.0","0.0","0.0","0.0","-0.0024369073","0.0","0.0","0.0","0.0","0.0"
"necrotizing fasciitis","-0.22007634","-0.012736084","-0.030332055","-0.0119885225","-0.017566964","-0.012050644","-0.0032349413","0.008790346","-0.005663294","0.003401166","-0.0016634933","0.0016024841","0.0030496456","-0.006093373","0.001336644","0.0013386973","0.0014833187","-0.0015655878","-0.0011191956","-0.0022812048","0.0032914274","-0.003769479","-0.0010876738","8.700956e-05","-0.00057010935","0.003326504","0.00012283615","0.0024395816","-0.002798829","-0.0001607432","0.0027648855","0.0029609804","-0.0010443438","0.0017620911","-0.00088586373","-0.0009047997","-0.00079564453","2.4461137e-08","0.0010531262","0.028242592","0.03517258","-0.011418279","-0.023639556","-0.12819138","-0.003655476","0.0032118745","0.0018818054","0.00081408414","0.0","0.0","0.0","0.0","0.0","0.0","0.0","0.0","0.0","0.0","-0.0024369073","0.0","0.0","0.0","0.0","0.0"
"neonatal infection","-0.22007634","-0.012736084","-0.030332055","-0.0119885225","-0.017566964","-0.012050644","-0.0032349413","0.008790346","-0.005663294","0.003401166","-0.0016634933","0.0016024841","0.0030496456","-0.006093373","0.001336644","0.0013386973","0.0014833187","-0.0015655878","-0.0011191956","-0.0022812048","0.0032914274","-0.003769479","-0.0010876738","8.700956e-05","-0.00057010935","0.003326504","0.00012283615","0.0024395816","-0.002798829","-0.0001607432","0.0027648855","0.0029609804","-0.0010443438","0.0017620911","-0.00088586373","-0.0009047997","-0.00079564453","2.4461137e-08","0.0010531262","0.028242592","0.03517258","-0.011418279","-0.023639556","-0.12819138","-0.003655476","0.0032118745","0.0018818054","0.00081408414","0.0","0.0","0.0","0.0","0.0","0.0","0.0","0.0","0.0","0.0","-0.0024369073","0.0","0.0","0.0","0.0","0.0"
"neuroblastoma","-0.22007634","-0.012736084","-0.030332055","-0.0119885225","-0.017566964","-0.012050644","-0.0032349413","0.008790346","-0.005663294","0.003401166","-0.0016634933","0.0016024841","0.0030496456","-0.006093373","0.001336644","0.0013386973","0.0014833187","-0.0015655878","-0.0011191956","-0.0022812048","0.0032914274","-0.003769479","-0.0010876738","8.700956e-05","-0.00057010935","0.003326504","0.00012283615","0.0024395816","-0.002798829","-0.0001607432","0.0027648855","0.0029609804","-0.0010443438","0.0017620911","-0.00088586373","-0.0009047997","-0.00079564453","2.4461137e-08","0.0010531262","0.028242592","0.03517258","-0.011418279","-0.023639556","-0.12819138","-0.003655476","0.0032118745","0.0018818054","0.00081408414","0.0","0.0","0.0","0.0","0.0","0.0","0.0","0.0","0.0","0.0","-0.0024369073","0.0","0.0","0.0","0.0","0.0"
"neuromyelitis optica","-0.22007634","-0.012736084","-0.030332055","-0.0119885225","-0.017566964","-0.012050644","-0.0032349413","0.008790346","-0.005663294","0.003401166","-0.0016634933","0.0016024841","0.0030496456","-0.006093373","0.001336644","0.0013386973","0.0014833187","-0.0015655878","-0.0011191956","-0.0022812048","0.0032914274","-0.003769479","-0.0010876738","8.700956e-05","-0.00057010935","0.003326504","0.00012283615","0.0024395816","-0.002798829","-0.0001607432","0.0027648855","0.0029609804","-0.0010443438","0.0017620911","-0.00088586373","-0.0009047997","-0.00079564453","2.4461137e-08","0.0010531262","0.028242592","0.03517258","-0.011418279","-0.023639556","-0.12819138","-0.003655476","0.0032118745","0.0018818054","0.00081408414","0.0","0.0","0.0","0.0","0.0","0.0","0.0","0.0","0.0","0.0","-0.0024369073","0.0","0.0","0.0","0.0","0.0"
"neuropathology","-0.22007634","-0.012736084","-0.030332055","-0.0119885225","-0.017566964","-0.012050644","-0.0032349413","0.008790346","-0.005663294","0.003401166","-0.0016634933","0.0016024841","0.0030496456","-0.006093373","0.001336644","0.0013386973","0.0014833187","-0.0015655878","-0.0011191956","-0.0022812048","0.0032914274","-0.003769479","-0.0010876738","8.700956e-05","-0.00057010935","0.003326504","0.00012283615","0.0024395816","-0.002798829","-0.0001607432","0.0027648855","0.0029609804","-0.0010443438","0.0017620911","-0.00088586373","-0.0009047997","-0.00079564453","2.4461137e-08","0.0010531262","0.028242592","0.03517258","-0.011418279","-0.023639556","-0.12819138","-0.003655476","0.0032118745","0.0018818054","0.00081408414","0.0","0.0","0.0","0.0","0.0","0.0","0.0","0.0","0.0","0.0","-0.0024369073","0.0","0.0","0.0","0.0","0.0"
"non-HBV non-HCV related hepatocellular carcinoma","-0.22007634","-0.012736084","-0.030332055","-0.0119885225","-0.017566964","-0.012050644","-0.0032349413","0.008790346","-0.005663294","0.003401166","-0.0016634933","0.0016024841","0.0030496456","-0.006093373","0.001336644","0.0013386973","0.0014833187","-0.0015655878","-0.0011191956","-0.0022812048","0.0032914274","-0.003769479","-0.0010876738","8.700956e-05","-0.00057010935","0.003326504","0.00012283615","0.0024395816","-0.002798829","-0.0001607432","0.0027648855","0.0029609804","-0.0010443438","0.0017620911","-0.00088586373","-0.0009047997","-0.00079564453","2.4461137e-08","0.0010531262","0.028242592","0.03517258","-0.011418279","-0.023639556","-0.12819138","-0.003655476","0.0032118745","0.0018818054","0.00081408414","0.0","0.0","0.0","0.0","0.0","0.0","0.0","0.0","0.0","0.0","-0.0024369073","0.0","0.0","0.0","0.0","0.0"
"non-alcoholic fatty liver disease","-0.22007634","-0.012736084","-0.030332055","-0.0119885225","-0.017566964","-0.012050644","-0.0032349413","0.008790346","-0.005663294","0.003401166","-0.0016634933","0.0016024841","0.0030496456","-0.006093373","0.001336644","0.0013386973","0.0014833187","-0.0015655878","-0.0011191956","-0.0022812048","0.0032914274","-0.003769479","-0.0010876738","8.700956e-05","-0.00057010935","0.003326504","0.00012283615","0.0024395816","-0.002798829","-0.0001607432","0.0027648855","0.0029609804","-0.0010443438","0.0017620911","-0.00088586373","-0.0009047997","-0.00079564453","2.4461137e-08","0.0010531262","0.028242592","0.03517258","-0.011418279","-0.023639556","-0.12819138","-0.003655476","0.0032118745","0.0018818054","0.00081408414","0.0","0.0","0.0","0.0","0.0","0.0","0.0","0.0","0.0","0.0","-0.0024369073","0.0","0.0","0.0","0.0","0.0"
"non-alcoholic steatohepatitis","-0.22007634","-0.012736084","-0.030332055","-0.0119885225","-0.017566964","-0.012050644","-0.0032349413","0.008790346","-0.005663294","0.003401166","-0.0016634933","0.0016024841","0.0030496456","-0.006093373","0.001336644","0.0013386973","0.0014833187","-0.0015655878","-0.0011191956","-0.0022812048","0.0032914274","-0.003769479","-0.0010876738","8.700956e-05","-0.00057010935","0.003326504","0.00012283615","0.0024395816","-0.002798829","-0.0001607432","0.0027648855","0.0029609804","-0.0010443438","0.0017620911","-0.00088586373","-0.0009047997","-0.00079564453","2.4461137e-08","0.0010531262","0.028242592","0.03517258","-0.011418279","-0.023639556","-0.12819138","-0.003655476","0.0032118745","0.0018818054","0.00081408414","0.0","0.0","0.0","0.0","0.0","0.0","0.0","0.0","0.0","0.0","-0.0024369073","0.0","0.0","0.0","0.0","0.0"
"non-celiac gluten sensitivity","-0.22007634","-0.012736084","-0.030332055","-0.0119885225","-0.017566964","-0.012050644","-0.0032349413","0.008790346","-0.005663294","0.003401166","-0.0016634933","0.0016024841","0.0030496456","-0.006093373","0.001336644","0.0013386973","0.0014833187","-0.0015655878","-0.0011191956","-0.0022812048","0.0032914274","-0.003769479","-0.0010876738","8.700956e-05","-0.00057010935","0.003326504","0.00012283615","0.0024395816","-0.002798829","-0.0001607432","0.0027648855","0.0029609804","-0.0010443438","0.0017620911","-0.00088586373","-0.0009047997","-0.00079564453","2.4461137e-08","0.0010531262","0.028242592","0.03517258","-0.011418279","-0.023639556","-0.12819138","-0.003655476","0.0032118745","0.0018818054","0.00081408414","0.0","0.0","0.0","0.0","0.0","0.0","0.0","0.0","0.0","0.0","-0.0024369073","0.0","0.0","0.0","0.0","0.0"
"nonalcoholic steatohepatitis","-0.22007634","-0.012736084","-0.030332055","-0.0119885225","-0.017566964","-0.012050644","-0.0032349413","0.008790346","-0.005663294","0.003401166","-0.0016634933","0.0016024841","0.0030496456","-0.006093373","0.001336644","0.0013386973","0.0014833187","-0.0015655878","-0.0011191956","-0.0022812048","0.0032914274","-0.003769479","-0.0010876738","8.700956e-05","-0.00057010935","0.003326504","0.00012283615","0.0024395816","-0.002798829","-0.0001607432","0.0027648855","0.0029609804","-0.0010443438","0.0017620911","-0.00088586373","-0.0009047997","-0.00079564453","2.4461137e-08","0.0010531262","0.028242592","0.03517258","-0.011418279","-0.023639556","-0.12819138","-0.003655476","0.0032118745","0.0018818054","0.00081408414","0.0","0.0","0.0","0.0","0.0","0.0","0.0","0.0","0.0","0.0","-0.0024369073","0.0","0.0","0.0","0.0","0.0"
"nosocomial diarrhea","-0.22007634","-0.012736084","-0.030332055","-0.0119885225","-0.017566964","-0.012050644","-0.0032349413","0.008790346","-0.005663294","0.003401166","-0.0016634933","0.0016024841","0.0030496456","-0.006093373","0.001336644","0.0013386973","0.0014833187","-0.0015655878","-0.0011191956","-0.0022812048","0.0032914274","-0.003769479","-0.0010876738","8.700956e-05","-0.00057010935","0.003326504","0.00012283615","0.0024395816","-0.002798829","-0.0001607432","0.0027648855","0.0029609804","-0.0010443438","0.0017620911","-0.00088586373","-0.0009047997","-0.00079564453","2.4461137e-08","0.0010531262","0.028242592","0.03517258","-0.011418279","-0.023639556","-0.12819138","-0.003655476","0.0032118745","0.0018818054","0.00081408414","0.0","0.0","0.0","0.0","0.0","0.0","0.0","0.0","0.0","0.0","-0.0024369073","0.0","0.0","0.0","0.0","0.0"
"nosocomial infections","-0.22007634","-0.012736084","-0.030332055","-0.0119885225","-0.017566964","-0.012050644","-0.0032349413","0.008790346","-0.005663294","0.003401166","-0.0016634933","0.0016024841","0.0030496456","-0.006093373","0.001336644","0.0013386973","0.0014833187","-0.0015655878","-0.0011191956","-0.0022812048","0.0032914274","-0.003769479","-0.0010876738","8.700956e-05","-0.00057010935","0.003326504","0.00012283615","0.0024395816","-0.002798829","-0.0001607432","0.0027648855","0.0029609804","-0.0010443438","0.0017620911","-0.00088586373","-0.0009047997","-0.00079564453","2.4461137e-08","0.0010531262","0.028242592","0.03517258","-0.011418279","-0.023639556","-0.12819138","-0.003655476","0.0032118745","0.0018818054","0.00081408414","0.0","0.0","0.0","0.0","0.0","0.0","0.0","0.0","0.0","0.0","-0.0024369073","0.0","0.0","0.0","0.0","0.0"
"obesity","-0.22007634","-0.012736084","-0.030332055","-0.0119885225","-0.017566964","-0.012050644","-0.0032349413","0.008790346","-0.005663294","0.003401166","-0.0016634933","0.0016024841","0.0030496456","-0.006093373","0.001336644","0.0013386973","0.0014833187","-0.0015655878","-0.0011191956","-0.0022812048","0.0032914274","-0.003769479","-0.0010876738","8.700956e-05","-0.00057010935","0.003326504","0.00012283615","0.0024395816","-0.002798829","-0.0001607432","0.0027648855","0.0029609804","-0.0010443438","0.0017620911","-0.00088586373","-0.0009047997","-0.00079564453","2.4461137e-08","0.0010531262","0.028242592","0.03517258","-0.011418279","-0.023639556","-0.12819138","-0.003655476","0.0032118745","0.0018818054","0.00081408414","0.0","0.0","0.0","0.0","0.0","0.0","0.0","0.0","0.0","0.0","-0.0024369073","0.0","0.0","0.0","0.0","0.0"
"oesophageal adenocarcinoma","-0.22007634","-0.012736084","-0.030332055","-0.0119885225","-0.017566964","-0.012050644","-0.0032349413","0.008790346","-0.005663294","0.003401166","-0.0016634933","0.0016024841","0.0030496456","-0.006093373","0.001336644","0.0013386973","0.0014833187","-0.0015655878","-0.0011191956","-0.0022812048","0.0032914274","-0.003769479","-0.0010876738","8.700956e-05","-0.00057010935","0.003326504","0.00012283615","0.0024395816","-0.002798829","-0.0001607432","0.0027648855","0.0029609804","-0.0010443438","0.0017620911","-0.00088586373","-0.0009047997","-0.00079564453","2.4461137e-08","0.0010531262","0.028242592","0.03517258","-0.011418279","-0.023639556","-0.12819138","-0.003655476","0.0032118745","0.0018818054","0.00081408414","0.0","0.0","0.0","0.0","0.0","0.0","0.0","0.0","0.0","0.0","-0.0024369073","0.0","0.0","0.0","0.0","0.0"
"oesophageal squamous cell carcinoma","-0.22007634","-0.012736084","-0.030332055","-0.0119885225","-0.017566964","-0.012050644","-0.0032349413","0.008790346","-0.005663294","0.003401166","-0.0016634933","0.0016024841","0.0030496456","-0.006093373","0.001336644","0.0013386973","0.0014833187","-0.0015655878","-0.0011191956","-0.0022812048","0.0032914274","-0.003769479","-0.0010876738","8.700956e-05","-0.00057010935","0.003326504","0.00012283615","0.0024395816","-0.002798829","-0.0001607432","0.0027648855","0.0029609804","-0.0010443438","0.0017620911","-0.00088586373","-0.0009047997","-0.00079564453","2.4461137e-08","0.0010531262","0.028242592","0.03517258","-0.011418279","-0.023639556","-0.12819138","-0.003655476","0.0032118745","0.0018818054","0.00081408414","0.0","0.0","0.0","0.0","0.0","0.0","0.0","0.0","0.0","0.0","-0.0024369073","0.0","0.0","0.0","0.0","0.0"
"opportunistic pathogen infection","-0.22007634","-0.012736084","-0.030332055","-0.0119885225","-0.017566964","-0.012050644","-0.0032349413","0.008790346","-0.005663294","0.003401166","-0.0016634933","0.0016024841","0.0030496456","-0.006093373","0.001336644","0.0013386973","0.0014833187","-0.0015655878","-0.0011191956","-0.0022812048","0.0032914274","-0.003769479","-0.0010876738","8.700956e-05","-0.00057010935","0.003326504","0.00012283615","0.0024395816","-0.002798829","-0.0001607432","0.0027648855","0.0029609804","-0.0010443438","0.0017620911","-0.00088586373","-0.0009047997","-0.00079564453","2.4461137e-08","0.0010531262","0.028242592","0.03517258","-0.011418279","-0.023639556","-0.12819138","-0.003655476","0.0032118745","0.0018818054","0.00081408414","0.0","0.0","0.0","0.0","0.0","0.0","0.0","0.0","0.0","0.0","-0.0024369073","0.0","0.0","0.0","0.0","0.0"
"opportunistic pulmonary infections","-0.22007634","-0.012736084","-0.030332055","-0.0119885225","-0.017566964","-0.012050644","-0.0032349413","0.008790346","-0.005663294","0.003401166","-0.0016634933","0.0016024841","0.0030496456","-0.006093373","0.001336644","0.0013386973","0.0014833187","-0.0015655878","-0.0011191956","-0.0022812048","0.0032914274","-0.003769479","-0.0010876738","8.700956e-05","-0.00057010935","0.003326504","0.00012283615","0.0024395816","-0.002798829","-0.0001607432","0.0027648855","0.0029609804","-0.0010443438","0.0017620911","-0.00088586373","-0.0009047997","-0.00079564453","2.4461137e-08","0.0010531262","0.028242592","0.03517258","-0.011418279","-0.023639556","-0.12819138","-0.003655476","0.0032118745","0.0018818054","0.00081408414","0.0","0.0","0.0","0.0","0.0","0.0","0.0","0.0","0.0","0.0","-0.0024369073","0.0","0.0","0.0","0.0","0.0"
"oral cancer","-0.22007634","-0.012736084","-0.030332055","-0.0119885225","-0.017566964","-0.012050644","-0.0032349413","0.008790346","-0.005663294","0.003401166","-0.0016634933","0.0016024841","0.0030496456","-0.006093373","0.001336644","0.0013386973","0.0014833187","-0.0015655878","-0.0011191956","-0.0022812048","0.0032914274","-0.003769479","-0.0010876738","8.700956e-05","-0.00057010935","0.003326504","0.00012283615","0.0024395816","-0.002798829","-0.0001607432","0.0027648855","0.0029609804","-0.0010443438","0.0017620911","-0.00088586373","-0.0009047997","-0.00079564453","2.4461137e-08","0.0010531262","0.028242592","0.03517258","-0.011418279","-0.023639556","-0.12819138","-0.003655476","0.0032118745","0.0018818054","0.00081408414","0.0","0.0","0.0","0.0","0.0","0.0","0.0","0.0","0.0","0.0","-0.0024369073","0.0","0.0","0.0","0.0","0.0"
"oral squamous cell carcinoma","-0.22007634","-0.012736084","-0.030332055","-0.0119885225","-0.017566964","-0.012050644","-0.0032349413","0.008790346","-0.005663294","0.003401166","-0.0016634933","0.0016024841","0.0030496456","-0.006093373","0.001336644","0.0013386973","0.0014833187","-0.0015655878","-0.0011191956","-0.0022812048","0.0032914274","-0.003769479","-0.0010876738","8.700956e-05","-0.00057010935","0.003326504","0.00012283615","0.0024395816","-0.002798829","-0.0001607432","0.0027648855","0.0029609804","-0.0010443438","0.0017620911","-0.00088586373","-0.0009047997","-0.00079564453","2.4461137e-08","0.0010531262","0.028242592","0.03517258","-0.011418279","-0.023639556","-0.12819138","-0.003655476","0.0032118745","0.0018818054","0.00081408414","0.0","0.0","0.0","0.0","0.0","0.0","0.0","0.0","0.0","0.0","-0.0024369073","0.0","0.0","0.0","0.0","0.0"
"oral tongue cancer","-0.22007634","-0.012736084","-0.030332055","-0.0119885225","-0.017566964","-0.012050644","-0.0032349413","0.008790346","-0.005663294","0.003401166","-0.0016634933","0.0016024841","0.0030496456","-0.006093373","0.001336644","0.0013386973","0.0014833187","-0.0015655878","-0.0011191956","-0.0022812048","0.0032914274","-0.003769479","-0.0010876738","8.700956e-05","-0.00057010935","0.003326504","0.00012283615","0.0024395816","-0.002798829","-0.0001607432","0.0027648855","0.0029609804","-0.0010443438","0.0017620911","-0.00088586373","-0.0009047997","-0.00079564453","2.4461137e-08","0.0010531262","0.028242592","0.03517258","-0.011418279","-0.023639556","-0.12819138","-0.003655476","0.0032118745","0.0018818054","0.00081408414","0.0","0.0","0.0","0.0","0.0","0.0","0.0","0.0","0.0","0.0","-0.0024369073","0.0","0.0","0.0","0.0","0.0"
"oropharyngeal cancer","-0.22007634","-0.012736084","-0.030332055","-0.0119885225","-0.017566964","-0.012050644","-0.0032349413","0.008790346","-0.005663294","0.003401166","-0.0016634933","0.0016024841","0.0030496456","-0.006093373","0.001336644","0.0013386973","0.0014833187","-0.0015655878","-0.0011191956","-0.0022812048","0.0032914274","-0.003769479","-0.0010876738","8.700956e-05","-0.00057010935","0.003326504","0.00012283615","0.0024395816","-0.002798829","-0.0001607432","0.0027648855","0.0029609804","-0.0010443438","0.0017620911","-0.00088586373","-0.0009047997","-0.00079564453","2.4461137e-08","0.0010531262","0.028242592","0.03517258","-0.011418279","-0.023639556","-0.12819138","-0.003655476","0.0032118745","0.0018818054","0.00081408414","0.0","0.0","0.0","0.0","0.0","0.0","0.0","0.0","0.0","0.0","-0.0024369073","0.0","0.0","0.0","0.0","0.0"
"osmotic diarrhea","-0.22007634","-0.012736084","-0.030332055","-0.0119885225","-0.017566964","-0.012050644","-0.0032349413","0.008790346","-0.005663294","0.003401166","-0.0016634933","0.0016024841","0.0030496456","-0.006093373","0.001336644","0.0013386973","0.0014833187","-0.0015655878","-0.0011191956","-0.0022812048","0.0032914274","-0.003769479","-0.0010876738","8.700956e-05","-0.00057010935","0.003326504","0.00012283615","0.0024395816","-0.002798829","-0.0001607432","0.0027648855","0.0029609804","-0.0010443438","0.0017620911","-0.00088586373","-0.0009047997","-0.00079564453","2.4461137e-08","0.0010531262","0.028242592","0.03517258","-0.011418279","-0.023639556","-0.12819138","-0.003655476","0.0032118745","0.0018818054","0.00081408414","0.0","0.0","0.0","0.0","0.0","0.0","0.0","0.0","0.0","0.0","-0.0024369073","0.0","0.0","0.0","0.0","0.0"
"osteoarthritis","-0.22007634","-0.012736084","-0.030332055","-0.0119885225","-0.017566964","-0.012050644","-0.0032349413","0.008790346","-0.005663294","0.003401166","-0.0016634933","0.0016024841","0.0030496456","-0.006093373","0.001336644","0.0013386973","0.0014833187","-0.0015655878","-0.0011191956","-0.0022812048","0.0032914274","-0.003769479","-0.0010876738","8.700956e-05","-0.00057010935","0.003326504","0.00012283615","0.0024395816","-0.002798829","-0.0001607432","0.0027648855","0.0029609804","-0.0010443438","0.0017620911","-0.00088586373","-0.0009047997","-0.00079564453","2.4461137e-08","0.0010531262","0.028242592","0.03517258","-0.011418279","-0.023639556","-0.12819138","-0.003655476","0.0032118745","0.0018818054","0.00081408414","0.0","0.0","0.0","0.0","0.0","0.0","0.0","0.0","0.0","0.0","-0.0024369073","0.0","0.0","0.0","0.0","0.0"
"osteoporosis","-0.22007634","-0.012736084","-0.030332055","-0.0119885225","-0.017566964","-0.012050644","-0.0032349413","0.008790346","-0.005663294","0.003401166","-0.0016634933","0.0016024841","0.0030496456","-0.006093373","0.001336644","0.0013386973","0.0014833187","-0.0015655878","-0.0011191956","-0.0022812048","0.0032914274","-0.003769479","-0.0010876738","8.700956e-05","-0.00057010935","0.003326504","0.00012283615","0.0024395816","-0.002798829","-0.0001607432","0.0027648855","0.0029609804","-0.0010443438","0.0017620911","-0.00088586373","-0.0009047997","-0.00079564453","2.4461137e-08","0.0010531262","0.028242592","0.03517258","-0.011418279","-0.023639556","-0.12819138","-0.003655476","0.0032118745","0.0018818054","0.00081408414","0.0","0.0","0.0","0.0","0.0","0.0","0.0","0.0","0.0","0.0","-0.0024369073","0.0","0.0","0.0","0.0","0.0"
"ovarian cancer","-0.22007634","-0.012736084","-0.030332055","-0.0119885225","-0.017566964","-0.012050644","-0.0032349413","0.008790346","-0.005663294","0.003401166","-0.0016634933","0.0016024841","0.0030496456","-0.006093373","0.001336644","0.0013386973","0.0014833187","-0.0015655878","-0.0011191956","-0.0022812048","0.0032914274","-0.003769479","-0.0010876738","8.700956e-05","-0.00057010935","0.003326504","0.00012283615","0.0024395816","-0.002798829","-0.0001607432","0.0027648855","0.0029609804","-0.0010443438","0.0017620911","-0.00088586373","-0.0009047997","-0.00079564453","2.4461137e-08","0.0010531262","0.028242592","0.03517258","-0.011418279","-0.023639556","-0.12819138","-0.003655476","0.0032118745","0.0018818054","0.00081408414","0.0","0.0","0.0","0.0","0.0","0.0","0.0","0.0","0.0","0.0","-0.0024369073","0.0","0.0","0.0","0.0","0.0"
"ovarian carcinoma","-0.22007634","-0.012736084","-0.030332055","-0.0119885225","-0.017566964","-0.012050644","-0.0032349413","0.008790346","-0.005663294","0.003401166","-0.0016634933","0.0016024841","0.0030496456","-0.006093373","0.001336644","0.0013386973","0.0014833187","-0.0015655878","-0.0011191956","-0.0022812048","0.0032914274","-0.003769479","-0.0010876738","8.700956e-05","-0.00057010935","0.003326504","0.00012283615","0.0024395816","-0.002798829","-0.0001607432","0.0027648855","0.0029609804","-0.0010443438","0.0017620911","-0.00088586373","-0.0009047997","-0.00079564453","2.4461137e-08","0.0010531262","0.028242592","0.03517258","-0.011418279","-0.023639556","-0.12819138","-0.003655476","0.0032118745","0.0018818054","0.00081408414","0.0","0.0","0.0","0.0","0.0","0.0","0.0","0.0","0.0","0.0","-0.0024369073","0.0","0.0","0.0","0.0","0.0"
"overweight","-0.22007634","-0.012736084","-0.030332055","-0.0119885225","-0.017566964","-0.012050644","-0.0032349413","0.008790346","-0.005663294","0.003401166","-0.0016634933","0.0016024841","0.0030496456","-0.006093373","0.001336644","0.0013386973","0.0014833187","-0.0015655878","-0.0011191956","-0.0022812048","0.0032914274","-0.003769479","-0.0010876738","8.700956e-05","-0.00057010935","0.003326504","0.00012283615","0.0024395816","-0.002798829","-0.0001607432","0.0027648855","0.0029609804","-0.0010443438","0.0017620911","-0.00088586373","-0.0009047997","-0.00079564453","2.4461137e-08","0.0010531262","0.028242592","0.03517258","-0.011418279","-0.023639556","-0.12819138","-0.003655476","0.0032118745","0.0018818054","0.00081408414","0.0","0.0","0.0","0.0","0.0","0.0","0.0","0.0","0.0","0.0","-0.0024369073","0.0","0.0","0.0","0.0","0.0"
"oxidative stress-related ailments","-0.22007634","-0.012736084","-0.030332055","-0.0119885225","-0.017566964","-0.012050644","-0.0032349413","0.008790346","-0.005663294","0.003401166","-0.0016634933","0.0016024841","0.0030496456","-0.006093373","0.001336644","0.0013386973","0.0014833187","-0.0015655878","-0.0011191956","-0.0022812048","0.0032914274","-0.003769479","-0.0010876738","8.700956e-05","-0.00057010935","0.003326504","0.00012283615","0.0024395816","-0.002798829","-0.0001607432","0.0027648855","0.0029609804","-0.0010443438","0.0017620911","-0.00088586373","-0.0009047997","-0.00079564453","2.4461137e-08","0.0010531262","0.028242592","0.03517258","-0.011418279","-0.023639556","-0.12819138","-0.003655476","0.0032118745","0.0018818054","0.00081408414","0.0","0.0","0.0","0.0","0.0","0.0","0.0","0.0","0.0","0.0","-0.0024369073","0.0","0.0","0.0","0.0","0.0"
"pancreatic cancer","-0.22007634","-0.012736084","-0.030332055","-0.0119885225","-0.017566964","-0.012050644","-0.0032349413","0.008790346","-0.005663294","0.003401166","-0.0016634933","0.0016024841","0.0030496456","-0.006093373","0.001336644","0.0013386973","0.0014833187","-0.0015655878","-0.0011191956","-0.0022812048","0.0032914274","-0.003769479","-0.0010876738","8.700956e-05","-0.00057010935","0.003326504","0.00012283615","0.0024395816","-0.002798829","-0.0001607432","0.0027648855","0.0029609804","-0.0010443438","0.0017620911","-0.00088586373","-0.0009047997","-0.00079564453","2.4461137e-08","0.0010531262","0.028242592","0.03517258","-0.011418279","-0.023639556","-0.12819138","-0.003655476","0.0032118745","0.0018818054","0.00081408414","0.0","0.0","0.0","0.0","0.0","0.0","0.0","0.0","0.0","0.0","-0.0024369073","0.0","0.0","0.0","0.0","0.0"
"pancreatic head cancer","-0.22007634","-0.012736084","-0.030332055","-0.0119885225","-0.017566964","-0.012050644","-0.0032349413","0.008790346","-0.005663294","0.003401166","-0.0016634933","0.0016024841","0.0030496456","-0.006093373","0.001336644","0.0013386973","0.0014833187","-0.0015655878","-0.0011191956","-0.0022812048","0.0032914274","-0.003769479","-0.0010876738","8.700956e-05","-0.00057010935","0.003326504","0.00012283615","0.0024395816","-0.002798829","-0.0001607432","0.0027648855","0.0029609804","-0.0010443438","0.0017620911","-0.00088586373","-0.0009047997","-0.00079564453","2.4461137e-08","0.0010531262","0.028242592","0.03517258","-0.011418279","-0.023639556","-0.12819138","-0.003655476","0.0032118745","0.0018818054","0.00081408414","0.0","0.0","0.0","0.0","0.0","0.0","0.0","0.0","0.0","0.0","-0.0024369073","0.0","0.0","0.0","0.0","0.0"
"pediatric multiple sclerosis","-0.22007634","-0.012736084","-0.030332055","-0.0119885225","-0.017566964","-0.012050644","-0.0032349413","0.008790346","-0.005663294","0.003401166","-0.0016634933","0.0016024841","0.0030496456","-0.006093373","0.001336644","0.0013386973","0.0014833187","-0.0015655878","-0.0011191956","-0.0022812048","0.0032914274","-0.003769479","-0.0010876738","8.700956e-05","-0.00057010935","0.003326504","0.00012283615","0.0024395816","-0.002798829","-0.0001607432","0.0027648855","0.0029609804","-0.0010443438","0.0017620911","-0.00088586373","-0.0009047997","-0.00079564453","2.4461137e-08","0.0010531262","0.028242592","0.03517258","-0.011418279","-0.023639556","-0.12819138","-0.003655476","0.0032118745","0.0018818054","0.00081408414","0.0","0.0","0.0","0.0","0.0","0.0","0.0","0.0","0.0","0.0","-0.0024369073","0.0","0.0","0.0","0.0","0.0"
"pediatric obesity","-0.22007634","-0.012736084","-0.030332055","-0.0119885225","-0.017566964","-0.012050644","-0.0032349413","0.008790346","-0.005663294","0.003401166","-0.0016634933","0.0016024841","0.0030496456","-0.006093373","0.001336644","0.0013386973","0.0014833187","-0.0015655878","-0.0011191956","-0.0022812048","0.0032914274","-0.003769479","-0.0010876738","8.700956e-05","-0.00057010935","0.003326504","0.00012283615","0.0024395816","-0.002798829","-0.0001607432","0.0027648855","0.0029609804","-0.0010443438","0.0017620911","-0.00088586373","-0.0009047997","-0.00079564453","2.4461137e-08","0.0010531262","0.028242592","0.03517258","-0.011418279","-0.023639556","-0.12819138","-0.003655476","0.0032118745","0.0018818054","0.00081408414","0.0","0.0","0.0","0.0","0.0","0.0","0.0","0.0","0.0","0.0","-0.0024369073","0.0","0.0","0.0","0.0","0.0"
"peptic ulcer","-0.22007634","-0.012736084","-0.030332055","-0.0119885225","-0.017566964","-0.012050644","-0.0032349413","0.008790346","-0.005663294","0.003401166","-0.0016634933","0.0016024841","0.0030496456","-0.006093373","0.001336644","0.0013386973","0.0014833187","-0.0015655878","-0.0011191956","-0.0022812048","0.0032914274","-0.003769479","-0.0010876738","8.700956e-05","-0.00057010935","0.003326504","0.00012283615","0.0024395816","-0.002798829","-0.0001607432","0.0027648855","0.0029609804","-0.0010443438","0.0017620911","-0.00088586373","-0.0009047997","-0.00079564453","2.4461137e-08","0.0010531262","0.028242592","0.03517258","-0.011418279","-0.023639556","-0.12819138","-0.003655476","0.0032118745","0.0018818054","0.00081408414","0.0","0.0","0.0","0.0","0.0","0.0","0.0","0.0","0.0","0.0","-0.0024369073","0.0","0.0","0.0","0.0","0.0"
"peptic ulcer disease","-0.22007634","-0.012736084","-0.030332055","-0.0119885225","-0.017566964","-0.012050644","-0.0032349413","0.008790346","-0.005663294","0.003401166","-0.0016634933","0.0016024841","0.0030496456","-0.006093373","0.001336644","0.0013386973","0.0014833187","-0.0015655878","-0.0011191956","-0.0022812048","0.0032914274","-0.003769479","-0.0010876738","8.700956e-05","-0.00057010935","0.003326504","0.00012283615","0.0024395816","-0.002798829","-0.0001607432","0.0027648855","0.0029609804","-0.0010443438","0.0017620911","-0.00088586373","-0.0009047997","-0.00079564453","2.4461137e-08","0.0010531262","0.028242592","0.03517258","-0.011418279","-0.023639556","-0.12819138","-0.003655476","0.0032118745","0.0018818054","0.00081408414","0.0","0.0","0.0","0.0","0.0","0.0","0.0","0.0","0.0","0.0","-0.0024369073","0.0","0.0","0.0","0.0","0.0"
"perceived stress","-0.22007634","-0.012736084","-0.030332055","-0.0119885225","-0.017566964","-0.012050644","-0.0032349413","0.008790346","-0.005663294","0.003401166","-0.0016634933","0.0016024841","0.0030496456","-0.006093373","0.001336644","0.0013386973","0.0014833187","-0.0015655878","-0.0011191956","-0.0022812048","0.0032914274","-0.003769479","-0.0010876738","8.700956e-05","-0.00057010935","0.003326504","0.00012283615","0.0024395816","-0.002798829","-0.0001607432","0.0027648855","0.0029609804","-0.0010443438","0.0017620911","-0.00088586373","-0.0009047997","-0.00079564453","2.4461137e-08","0.0010531262","0.028242592","0.03517258","-0.011418279","-0.023639556","-0.12819138","-0.003655476","0.0032118745","0.0018818054","0.00081408414","0.0","0.0","0.0","0.0","0.0","0.0","0.0","0.0","0.0","0.0","-0.0024369073","0.0","0.0","0.0","0.0","0.0"
"periodontitis","-0.22007634","-0.012736084","-0.030332055","-0.0119885225","-0.017566964","-0.012050644","-0.0032349413","0.008790346","-0.005663294","0.003401166","-0.0016634933","0.0016024841","0.0030496456","-0.006093373","0.001336644","0.0013386973","0.0014833187","-0.0015655878","-0.0011191956","-0.0022812048","0.0032914274","-0.003769479","-0.0010876738","8.700956e-05","-0.00057010935","0.003326504","0.00012283615","0.0024395816","-0.002798829","-0.0001607432","0.0027648855","0.0029609804","-0.0010443438","0.0017620911","-0.00088586373","-0.0009047997","-0.00079564453","2.4461137e-08","0.0010531262","0.028242592","0.03517258","-0.011418279","-0.023639556","-0.12819138","-0.003655476","0.0032118745","0.0018818054","0.00081408414","0.0","0.0","0.0","0.0","0.0","0.0","0.0","0.0","0.0","0.0","-0.0024369073","0.0","0.0","0.0","0.0","0.0"
"photo-ageing","-0.22007634","-0.012736084","-0.030332055","-0.0119885225","-0.017566964","-0.012050644","-0.0032349413","0.008790346","-0.005663294","0.003401166","-0.0016634933","0.0016024841","0.0030496456","-0.006093373","0.001336644","0.0013386973","0.0014833187","-0.0015655878","-0.0011191956","-0.0022812048","0.0032914274","-0.003769479","-0.0010876738","8.700956e-05","-0.00057010935","0.003326504","0.00012283615","0.0024395816","-0.002798829","-0.0001607432","0.0027648855","0.0029609804","-0.0010443438","0.0017620911","-0.00088586373","-0.0009047997","-0.00079564453","2.4461137e-08","0.0010531262","0.028242592","0.03517258","-0.011418279","-0.023639556","-0.12819138","-0.003655476","0.0032118745","0.0018818054","0.00081408414","0.0","0.0","0.0","0.0","0.0","0.0","0.0","0.0","0.0","0.0","-0.0024369073","0.0","0.0","0.0","0.0","0.0"
"plaque psoriasis","-0.22007634","-0.012736084","-0.030332055","-0.0119885225","-0.017566964","-0.012050644","-0.0032349413","0.008790346","-0.005663294","0.003401166","-0.0016634933","0.0016024841","0.0030496456","-0.006093373","0.001336644","0.0013386973","0.0014833187","-0.0015655878","-0.0011191956","-0.0022812048","0.0032914274","-0.003769479","-0.0010876738","8.700956e-05","-0.00057010935","0.003326504","0.00012283615","0.0024395816","-0.002798829","-0.0001607432","0.0027648855","0.0029609804","-0.0010443438","0.0017620911","-0.00088586373","-0.0009047997","-0.00079564453","2.4461137e-08","0.0010531262","0.028242592","0.03517258","-0.011418279","-0.023639556","-0.12819138","-0.003655476","0.0032118745","0.0018818054","0.00081408414","0.0","0.0","0.0","0.0","0.0","0.0","0.0","0.0","0.0","0.0","-0.0024369073","0.0","0.0","0.0","0.0","0.0"
"pneumonia","-0.22007634","-0.012736084","-0.030332055","-0.0119885225","-0.017566964","-0.012050644","-0.0032349413","0.008790346","-0.005663294","0.003401166","-0.0016634933","0.0016024841","0.0030496456","-0.006093373","0.001336644","0.0013386973","0.0014833187","-0.0015655878","-0.0011191956","-0.0022812048","0.0032914274","-0.003769479","-0.0010876738","8.700956e-05","-0.00057010935","0.003326504","0.00012283615","0.0024395816","-0.002798829","-0.0001607432","0.0027648855","0.0029609804","-0.0010443438","0.0017620911","-0.00088586373","-0.0009047997","-0.00079564453","2.4461137e-08","0.0010531262","0.028242592","0.03517258","-0.011418279","-0.023639556","-0.12819138","-0.003655476","0.0032118745","0.0018818054","0.00081408414","0.0","0.0","0.0","0.0","0.0","0.0","0.0","0.0","0.0","0.0","-0.0024369073","0.0","0.0","0.0","0.0","0.0"
"postoperative delirium","-0.22007634","-0.012736084","-0.030332055","-0.0119885225","-0.017566964","-0.012050644","-0.0032349413","0.008790346","-0.005663294","0.003401166","-0.0016634933","0.0016024841","0.0030496456","-0.006093373","0.001336644","0.0013386973","0.0014833187","-0.0015655878","-0.0011191956","-0.0022812048","0.0032914274","-0.003769479","-0.0010876738","8.700956e-05","-0.00057010935","0.003326504","0.00012283615","0.0024395816","-0.002798829","-0.0001607432","0.0027648855","0.0029609804","-0.0010443438","0.0017620911","-0.00088586373","-0.0009047997","-0.00079564453","2.4461137e-08","0.0010531262","0.028242592","0.03517258","-0.011418279","-0.023639556","-0.12819138","-0.003655476","0.0032118745","0.0018818054","0.00081408414","0.0","0.0","0.0","0.0","0.0","0.0","0.0","0.0","0.0","0.0","-0.0024369073","0.0","0.0","0.0","0.0","0.0"
"posttransplant complications","-0.22007634","-0.012736084","-0.030332055","-0.0119885225","-0.017566964","-0.012050644","-0.0032349413","0.008790346","-0.005663294","0.003401166","-0.0016634933","0.0016024841","0.0030496456","-0.006093373","0.001336644","0.0013386973","0.0014833187","-0.0015655878","-0.0011191956","-0.0022812048","0.0032914274","-0.003769479","-0.0010876738","8.700956e-05","-0.00057010935","0.003326504","0.00012283615","0.0024395816","-0.002798829","-0.0001607432","0.0027648855","0.0029609804","-0.0010443438","0.0017620911","-0.00088586373","-0.0009047997","-0.00079564453","2.4461137e-08","0.0010531262","0.028242592","0.03517258","-0.011418279","-0.023639556","-0.12819138","-0.003655476","0.0032118745","0.0018818054","0.00081408414","0.0","0.0","0.0","0.0","0.0","0.0","0.0","0.0","0.0","0.0","-0.0024369073","0.0","0.0","0.0","0.0","0.0"
"posttransplant diarrhea","-0.22007634","-0.012736084","-0.030332055","-0.0119885225","-0.017566964","-0.012050644","-0.0032349413","0.008790346","-0.005663294","0.003401166","-0.0016634933","0.0016024841","0.0030496456","-0.006093373","0.001336644","0.0013386973","0.0014833187","-0.0015655878","-0.0011191956","-0.0022812048","0.0032914274","-0.003769479","-0.0010876738","8.700956e-05","-0.00057010935","0.003326504","0.00012283615","0.0024395816","-0.002798829","-0.0001607432","0.0027648855","0.0029609804","-0.0010443438","0.0017620911","-0.00088586373","-0.0009047997","-0.00079564453","2.4461137e-08","0.0010531262","0.028242592","0.03517258","-0.011418279","-0.023639556","-0.12819138","-0.003655476","0.0032118745","0.0018818054","0.00081408414","0.0","0.0","0.0","0.0","0.0","0.0","0.0","0.0","0.0","0.0","-0.0024369073","0.0","0.0","0.0","0.0","0.0"
"pouchitis","-0.22007634","-0.012736084","-0.030332055","-0.0119885225","-0.017566964","-0.012050644","-0.0032349413","0.008790346","-0.005663294","0.003401166","-0.0016634933","0.0016024841","0.0030496456","-0.006093373","0.001336644","0.0013386973","0.0014833187","-0.0015655878","-0.0011191956","-0.0022812048","0.0032914274","-0.003769479","-0.0010876738","8.700956e-05","-0.00057010935","0.003326504","0.00012283615","0.0024395816","-0.002798829","-0.0001607432","0.0027648855","0.0029609804","-0.0010443438","0.0017620911","-0.00088586373","-0.0009047997","-0.00079564453","2.4461137e-08","0.0010531262","0.028242592","0.03517258","-0.011418279","-0.023639556","-0.12819138","-0.003655476","0.0032118745","0.0018818054","0.00081408414","0.0","0.0","0.0","0.0","0.0","0.0","0.0","0.0","0.0","0.0","-0.0024369073","0.0","0.0","0.0","0.0","0.0"
"pre-cancerous pancreatic lesions","-0.22007634","-0.012736084","-0.030332055","-0.0119885225","-0.017566964","-0.012050644","-0.0032349413","0.008790346","-0.005663294","0.003401166","-0.0016634933","0.0016024841","0.0030496456","-0.006093373","0.001336644","0.0013386973","0.0014833187","-0.0015655878","-0.0011191956","-0.0022812048","0.0032914274","-0.003769479","-0.0010876738","8.700956e-05","-0.00057010935","0.003326504","0.00012283615","0.0024395816","-0.002798829","-0.0001607432","0.0027648855","0.0029609804","-0.0010443438","0.0017620911","-0.00088586373","-0.0009047997","-0.00079564453","2.4461137e-08","0.0010531262","0.028242592","0.03517258","-0.011418279","-0.023639556","-0.12819138","-0.003655476","0.0032118745","0.0018818054","0.00081408414","0.0","0.0","0.0","0.0","0.0","0.0","0.0","0.0","0.0","0.0","-0.0024369073","0.0","0.0","0.0","0.0","0.0"
"preeclampsia","-0.22007634","-0.012736084","-0.030332055","-0.0119885225","-0.017566964","-0.012050644","-0.0032349413","0.008790346","-0.005663294","0.003401166","-0.0016634933","0.0016024841","0.0030496456","-0.006093373","0.001336644","0.0013386973","0.0014833187","-0.0015655878","-0.0011191956","-0.0022812048","0.0032914274","-0.003769479","-0.0010876738","8.700956e-05","-0.00057010935","0.003326504","0.00012283615","0.0024395816","-0.002798829","-0.0001607432","0.0027648855","0.0029609804","-0.0010443438","0.0017620911","-0.00088586373","-0.0009047997","-0.00079564453","2.4461137e-08","0.0010531262","0.028242592","0.03517258","-0.011418279","-0.023639556","-0.12819138","-0.003655476","0.0032118745","0.0018818054","0.00081408414","0.0","0.0","0.0","0.0","0.0","0.0","0.0","0.0","0.0","0.0","-0.0024369073","0.0","0.0","0.0","0.0","0.0"
"pregnancy-related gastrointestinal issues","-0.22007634","-0.012736084","-0.030332055","-0.0119885225","-0.017566964","-0.012050644","-0.0032349413","0.008790346","-0.005663294","0.003401166","-0.0016634933","0.0016024841","0.0030496456","-0.006093373","0.001336644","0.0013386973","0.0014833187","-0.0015655878","-0.0011191956","-0.0022812048","0.0032914274","-0.003769479","-0.0010876738","8.700956e-05","-0.00057010935","0.003326504","0.00012283615","0.0024395816","-0.002798829","-0.0001607432","0.0027648855","0.0029609804","-0.0010443438","0.0017620911","-0.00088586373","-0.0009047997","-0.00079564453","2.4461137e-08","0.0010531262","0.028242592","0.03517258","-0.011418279","-0.023639556","-0.12819138","-0.003655476","0.0032118745","0.0018818054","0.00081408414","0.0","0.0","0.0","0.0","0.0","0.0","0.0","0.0","0.0","0.0","-0.0024369073","0.0","0.0","0.0","0.0","0.0"
"preterm infant gut dysbiosis","-0.22007634","-0.012736084","-0.030332055","-0.0119885225","-0.017566964","-0.012050644","-0.0032349413","0.008790346","-0.005663294","0.003401166","-0.0016634933","0.0016024841","0.0030496456","-0.006093373","0.001336644","0.0013386973","0.0014833187","-0.0015655878","-0.0011191956","-0.0022812048","0.0032914274","-0.003769479","-0.0010876738","8.700956e-05","-0.00057010935","0.003326504","0.00012283615","0.0024395816","-0.002798829","-0.0001607432","0.0027648855","0.0029609804","-0.0010443438","0.0017620911","-0.00088586373","-0.0009047997","-0.00079564453","2.4461137e-08","0.0010531262","0.028242592","0.03517258","-0.011418279","-0.023639556","-0.12819138","-0.003655476","0.0032118745","0.0018818054","0.00081408414","0.0","0.0","0.0","0.0","0.0","0.0","0.0","0.0","0.0","0.0","-0.0024369073","0.0","0.0","0.0","0.0","0.0"
"primary Sjogrens syndrome","-0.22007634","-0.012736084","-0.030332055","-0.0119885225","-0.017566964","-0.012050644","-0.0032349413","0.008790346","-0.005663294","0.003401166","-0.0016634933","0.0016024841","0.0030496456","-0.006093373","0.001336644","0.0013386973","0.0014833187","-0.0015655878","-0.0011191956","-0.0022812048","0.0032914274","-0.003769479","-0.0010876738","8.700956e-05","-0.00057010935","0.003326504","0.00012283615","0.0024395816","-0.002798829","-0.0001607432","0.0027648855","0.0029609804","-0.0010443438","0.0017620911","-0.00088586373","-0.0009047997","-0.00079564453","2.4461137e-08","0.0010531262","0.028242592","0.03517258","-0.011418279","-0.023639556","-0.12819138","-0.003655476","0.0032118745","0.0018818054","0.00081408414","0.0","0.0","0.0","0.0","0.0","0.0","0.0","0.0","0.0","0.0","-0.0024369073","0.0","0.0","0.0","0.0","0.0"
"primary biliary cholangitis","-0.22007634","-0.012736084","-0.030332055","-0.0119885225","-0.017566964","-0.012050644","-0.0032349413","0.008790346","-0.005663294","0.003401166","-0.0016634933","0.0016024841","0.0030496456","-0.006093373","0.001336644","0.0013386973","0.0014833187","-0.0015655878","-0.0011191956","-0.0022812048","0.0032914274","-0.003769479","-0.0010876738","8.700956e-05","-0.00057010935","0.003326504","0.00012283615","0.0024395816","-0.002798829","-0.0001607432","0.0027648855","0.0029609804","-0.0010443438","0.0017620911","-0.00088586373","-0.0009047997","-0.00079564453","2.4461137e-08","0.0010531262","0.028242592","0.03517258","-0.011418279","-0.023639556","-0.12819138","-0.003655476","0.0032118745","0.0018818054","0.00081408414","0.0","0.0","0.0","0.0","0.0","0.0","0.0","0.0","0.0","0.0","-0.0024369073","0.0","0.0","0.0","0.0","0.0"
"primary liver cancer","-0.22007634","-0.012736084","-0.030332055","-0.0119885225","-0.017566964","-0.012050644","-0.0032349413","0.008790346","-0.005663294","0.003401166","-0.0016634933","0.0016024841","0.0030496456","-0.006093373","0.001336644","0.0013386973","0.0014833187","-0.0015655878","-0.0011191956","-0.0022812048","0.0032914274","-0.003769479","-0.0010876738","8.700956e-05","-0.00057010935","0.003326504","0.00012283615","0.0024395816","-0.002798829","-0.0001607432","0.0027648855","0.0029609804","-0.0010443438","0.0017620911","-0.00088586373","-0.0009047997","-0.00079564453","2.4461137e-08","0.0010531262","0.028242592","0.03517258","-0.011418279","-0.023639556","-0.12819138","-0.003655476","0.0032118745","0.0018818054","0.00081408414","0.0","0.0","0.0","0.0","0.0","0.0","0.0","0.0","0.0","0.0","-0.0024369073","0.0","0.0","0.0","0.0","0.0"
"primary sclerosing cholangitis","-0.22007634","-0.012736084","-0.030332055","-0.0119885225","-0.017566964","-0.012050644","-0.0032349413","0.008790346","-0.005663294","0.003401166","-0.0016634933","0.0016024841","0.0030496456","-0.006093373","0.001336644","0.0013386973","0.0014833187","-0.0015655878","-0.0011191956","-0.0022812048","0.0032914274","-0.003769479","-0.0010876738","8.700956e-05","-0.00057010935","0.003326504","0.00012283615","0.0024395816","-0.002798829","-0.0001607432","0.0027648855","0.0029609804","-0.0010443438","0.0017620911","-0.00088586373","-0.0009047997","-0.00079564453","2.4461137e-08","0.0010531262","0.028242592","0.03517258","-0.011418279","-0.023639556","-0.12819138","-0.003655476","0.0032118745","0.0018818054","0.00081408414","0.0","0.0","0.0","0.0","0.0","0.0","0.0","0.0","0.0","0.0","-0.0024369073","0.0","0.0","0.0","0.0","0.0"
"prostate cancer","-0.22007634","-0.012736084","-0.030332055","-0.0119885225","-0.017566964","-0.012050644","-0.0032349413","0.008790346","-0.005663294","0.003401166","-0.0016634933","0.0016024841","0.0030496456","-0.006093373","0.001336644","0.0013386973","0.0014833187","-0.0015655878","-0.0011191956","-0.0022812048","0.0032914274","-0.003769479","-0.0010876738","8.700956e-05","-0.00057010935","0.003326504","0.00012283615","0.0024395816","-0.002798829","-0.0001607432","0.0027648855","0.0029609804","-0.0010443438","0.0017620911","-0.00088586373","-0.0009047997","-0.00079564453","2.4461137e-08","0.0010531262","0.028242592","0.03517258","-0.011418279","-0.023639556","-0.12819138","-0.003655476","0.0032118745","0.0018818054","0.00081408414","0.0","0.0","0.0","0.0","0.0","0.0","0.0","0.0","0.0","0.0","-0.0024369073","0.0","0.0","0.0","0.0","0.0"
"protein-energy undernutrition","-0.22007634","-0.012736084","-0.030332055","-0.0119885225","-0.017566964","-0.012050644","-0.0032349413","0.008790346","-0.005663294","0.003401166","-0.0016634933","0.0016024841","0.0030496456","-0.006093373","0.001336644","0.0013386973","0.0014833187","-0.0015655878","-0.0011191956","-0.0022812048","0.0032914274","-0.003769479","-0.0010876738","8.700956e-05","-0.00057010935","0.003326504","0.00012283615","0.0024395816","-0.002798829","-0.0001607432","0.0027648855","0.0029609804","-0.0010443438","0.0017620911","-0.00088586373","-0.0009047997","-0.00079564453","2.4461137e-08","0.0010531262","0.028242592","0.03517258","-0.011418279","-0.023639556","-0.12819138","-0.003655476","0.0032118745","0.0018818054","0.00081408414","0.0","0.0","0.0","0.0","0.0","0.0","0.0","0.0","0.0","0.0","-0.0024369073","0.0","0.0","0.0","0.0","0.0"
"pseudomembraneous colitis","-0.22007634","-0.012736084","-0.030332055","-0.0119885225","-0.017566964","-0.012050644","-0.0032349413","0.008790346","-0.005663294","0.003401166","-0.0016634933","0.0016024841","0.0030496456","-0.006093373","0.001336644","0.0013386973","0.0014833187","-0.0015655878","-0.0011191956","-0.0022812048","0.0032914274","-0.003769479","-0.0010876738","8.700956e-05","-0.00057010935","0.003326504","0.00012283615","0.0024395816","-0.002798829","-0.0001607432","0.0027648855","0.0029609804","-0.0010443438","0.0017620911","-0.00088586373","-0.0009047997","-0.00079564453","2.4461137e-08","0.0010531262","0.028242592","0.03517258","-0.011418279","-0.023639556","-0.12819138","-0.003655476","0.0032118745","0.0018818054","0.00081408414","0.0","0.0","0.0","0.0","0.0","0.0","0.0","0.0","0.0","0.0","-0.0024369073","0.0","0.0","0.0","0.0","0.0"
"psoriasis","-0.22007634","-0.012736084","-0.030332055","-0.0119885225","-0.017566964","-0.012050644","-0.0032349413","0.008790346","-0.005663294","0.003401166","-0.0016634933","0.0016024841","0.0030496456","-0.006093373","0.001336644","0.0013386973","0.0014833187","-0.0015655878","-0.0011191956","-0.0022812048","0.0032914274","-0.003769479","-0.0010876738","8.700956e-05","-0.00057010935","0.003326504","0.00012283615","0.0024395816","-0.002798829","-0.0001607432","0.0027648855","0.0029609804","-0.0010443438","0.0017620911","-0.00088586373","-0.0009047997","-0.00079564453","2.4461137e-08","0.0010531262","0.028242592","0.03517258","-0.011418279","-0.023639556","-0.12819138","-0.003655476","0.0032118745","0.0018818054","0.00081408414","0.0","0.0","0.0","0.0","0.0","0.0","0.0","0.0","0.0","0.0","-0.0024369073","0.0","0.0","0.0","0.0","0.0"
"pyogenic liver abscess","-0.22007634","-0.012736084","-0.030332055","-0.0119885225","-0.017566964","-0.012050644","-0.0032349413","0.008790346","-0.005663294","0.003401166","-0.0016634933","0.0016024841","0.0030496456","-0.006093373","0.001336644","0.0013386973","0.0014833187","-0.0015655878","-0.0011191956","-0.0022812048","0.0032914274","-0.003769479","-0.0010876738","8.700956e-05","-0.00057010935","0.003326504","0.00012283615","0.0024395816","-0.002798829","-0.0001607432","0.0027648855","0.0029609804","-0.0010443438","0.0017620911","-0.00088586373","-0.0009047997","-0.00079564453","2.4461137e-08","0.0010531262","0.028242592","0.03517258","-0.011418279","-0.023639556","-0.12819138","-0.003655476","0.0032118745","0.0018818054","0.00081408414","0.0","0.0","0.0","0.0","0.0","0.0","0.0","0.0","0.0","0.0","-0.0024369073","0.0","0.0","0.0","0.0","0.0"
"reactive hypoglycemia","-0.22007634","-0.012736084","-0.030332055","-0.0119885225","-0.017566964","-0.012050644","-0.0032349413","0.008790346","-0.005663294","0.003401166","-0.0016634933","0.0016024841","0.0030496456","-0.006093373","0.001336644","0.0013386973","0.0014833187","-0.0015655878","-0.0011191956","-0.0022812048","0.0032914274","-0.003769479","-0.0010876738","8.700956e-05","-0.00057010935","0.003326504","0.00012283615","0.0024395816","-0.002798829","-0.0001607432","0.0027648855","0.0029609804","-0.0010443438","0.0017620911","-0.00088586373","-0.0009047997","-0.00079564453","2.4461137e-08","0.0010531262","0.028242592","0.03517258","-0.011418279","-0.023639556","-0.12819138","-0.003655476","0.0032118745","0.0018818054","0.00081408414","0.0","0.0","0.0","0.0","0.0","0.0","0.0","0.0","0.0","0.0","-0.0024369073","0.0","0.0","0.0","0.0","0.0"
"rectal cancer","-0.22007634","-0.012736084","-0.030332055","-0.0119885225","-0.017566964","-0.012050644","-0.0032349413","0.008790346","-0.005663294","0.003401166","-0.0016634933","0.0016024841","0.0030496456","-0.006093373","0.001336644","0.0013386973","0.0014833187","-0.0015655878","-0.0011191956","-0.0022812048","0.0032914274","-0.003769479","-0.0010876738","8.700956e-05","-0.00057010935","0.003326504","0.00012283615","0.0024395816","-0.002798829","-0.0001607432","0.0027648855","0.0029609804","-0.0010443438","0.0017620911","-0.00088586373","-0.0009047997","-0.00079564453","2.4461137e-08","0.0010531262","0.028242592","0.03517258","-0.011418279","-0.023639556","-0.12819138","-0.003655476","0.0032118745","0.0018818054","0.00081408414","0.0","0.0","0.0","0.0","0.0","0.0","0.0","0.0","0.0","0.0","-0.0024369073","0.0","0.0","0.0","0.0","0.0"
"rectal neoplasms","-0.22007634","-0.012736084","-0.030332055","-0.0119885225","-0.017566964","-0.012050644","-0.0032349413","0.008790346","-0.005663294","0.003401166","-0.0016634933","0.0016024841","0.0030496456","-0.006093373","0.001336644","0.0013386973","0.0014833187","-0.0015655878","-0.0011191956","-0.0022812048","0.0032914274","-0.003769479","-0.0010876738","8.700956e-05","-0.00057010935","0.003326504","0.00012283615","0.0024395816","-0.002798829","-0.0001607432","0.0027648855","0.0029609804","-0.0010443438","0.0017620911","-0.00088586373","-0.0009047997","-0.00079564453","2.4461137e-08","0.0010531262","0.028242592","0.03517258","-0.011418279","-0.023639556","-0.12819138","-0.003655476","0.0032118745","0.0018818054","0.00081408414","0.0","0.0","0.0","0.0","0.0","0.0","0.0","0.0","0.0","0.0","-0.0024369073","0.0","0.0","0.0","0.0","0.0"
"recurrent wheeze","3.3066146","10.661662","2.059951","0.5752314","2.1413949","0.9905447","2.6136293","-1.4108691","1.8286403","-0.10808567","-2.7789006","-3.489097","-1.5824733","1.4411697","-1.1818893","-0.0879241","4.901513","-1.954781","0.82670754","-4.8889856","0.3749037","-0.6429202","-0.6646583","-0.63468593","0.14399074","-1.0851454","-4.2498636","3.8377705","-10.33334","-2.0448923","-5.537742","8.5050955","10.768665","-10.418319","-7.239806","5.4670906","-5.1976724","0.000108463675","-0.411405","6.0642366","0.7710048","1.9831718","-1.3246187","-0.03372795","1.5964708","-1.7579035","3.8171768","2.1484792","0.0","0.0","0.0","0.0","0.0","0.0","0.0","0.0","0.0","0.0","-2.6930351","0.0","0.0","0.0","0.0","0.0"
"refractory epilepsy","-0.22007634","-0.012736084","-0.030332055","-0.0119885225","-0.017566964","-0.012050644","-0.0032349413","0.008790346","-0.005663294","0.003401166","-0.0016634933","0.0016024841","0.0030496456","-0.006093373","0.001336644","0.0013386973","0.0014833187","-0.0015655878","-0.0011191956","-0.0022812048","0.0032914274","-0.003769479","-0.0010876738","8.700956e-05","-0.00057010935","0.003326504","0.00012283615","0.0024395816","-0.002798829","-0.0001607432","0.0027648855","0.0029609804","-0.0010443438","0.0017620911","-0.00088586373","-0.0009047997","-0.00079564453","2.4461137e-08","0.0010531262","0.028242592","0.03517258","-0.011418279","-0.023639556","-0.12819138","-0.003655476","0.0032118745","0.0018818054","0.00081408414","0.0","0.0","0.0","0.0","0.0","0.0","0.0","0.0","0.0","0.0","-0.0024369073","0.0","0.0","0.0","0.0","0.0"
"relapsing-remitting multiple sclerosis","-0.22007634","-0.012736084","-0.030332055","-0.0119885225","-0.017566964","-0.012050644","-0.0032349413","0.008790346","-0.005663294","0.003401166","-0.0016634933","0.0016024841","0.0030496456","-0.006093373","0.001336644","0.0013386973","0.0014833187","-0.0015655878","-0.0011191956","-0.0022812048","0.0032914274","-0.003769479","-0.0010876738","8.700956e-05","-0.00057010935","0.003326504","0.00012283615","0.0024395816","-0.002798829","-0.0001607432","0.0027648855","0.0029609804","-0.0010443438","0.0017620911","-0.00088586373","-0.0009047997","-0.00079564453","2.4461137e-08","0.0010531262","0.028242592","0.03517258","-0.011418279","-0.023639556","-0.12819138","-0.003655476","0.0032118745","0.0018818054","0.00081408414","0.0","0.0","0.0","0.0","0.0","0.0","0.0","0.0","0.0","0.0","-0.0024369073","0.0","0.0","0.0","0.0","0.0"
"respiratory infections","-0.22007634","-0.012736084","-0.030332055","-0.0119885225","-0.017566964","-0.012050644","-0.0032349413","0.008790346","-0.005663294","0.003401166","-0.0016634933","0.0016024841","0.0030496456","-0.006093373","0.001336644","0.0013386973","0.0014833187","-0.0015655878","-0.0011191956","-0.0022812048","0.0032914274","-0.003769479","-0.0010876738","8.700956e-05","-0.00057010935","0.003326504","0.00012283615","0.0024395816","-0.002798829","-0.0001607432","0.0027648855","0.0029609804","-0.0010443438","0.0017620911","-0.00088586373","-0.0009047997","-0.00079564453","2.4461137e-08","0.0010531262","0.028242592","0.03517258","-0.011418279","-0.023639556","-0.12819138","-0.003655476","0.0032118745","0.0018818054","0.00081408414","0.0","0.0","0.0","0.0","0.0","0.0","0.0","0.0","0.0","0.0","-0.0024369073","0.0","0.0","0.0","0.0","0.0"
"respiratory tract infections","-0.22007634","-0.012736084","-0.030332055","-0.0119885225","-0.017566964","-0.012050644","-0.0032349413","0.008790346","-0.005663294","0.003401166","-0.0016634933","0.0016024841","0.0030496456","-0.006093373","0.001336644","0.0013386973","0.0014833187","-0.0015655878","-0.0011191956","-0.0022812048","0.0032914274","-0.003769479","-0.0010876738","8.700956e-05","-0.00057010935","0.003326504","0.00012283615","0.0024395816","-0.002798829","-0.0001607432","0.0027648855","0.0029609804","-0.0010443438","0.0017620911","-0.00088586373","-0.0009047997","-0.00079564453","2.4461137e-08","0.0010531262","0.028242592","0.03517258","-0.011418279","-0.023639556","-0.12819138","-0.003655476","0.0032118745","0.0018818054","0.00081408414","0.0","0.0","0.0","0.0","0.0","0.0","0.0","0.0","0.0","0.0","-0.0024369073","0.0","0.0","0.0","0.0","0.0"
"rheumatoid arthritis","-0.22007634","-0.012736084","-0.030332055","-0.0119885225","-0.017566964","-0.012050644","-0.0032349413","0.008790346","-0.005663294","0.003401166","-0.0016634933","0.0016024841","0.0030496456","-0.006093373","0.001336644","0.0013386973","0.0014833187","-0.0015655878","-0.0011191956","-0.0022812048","0.0032914274","-0.003769479","-0.0010876738","8.700956e-05","-0.00057010935","0.003326504","0.00012283615","0.0024395816","-0.002798829","-0.0001607432","0.0027648855","0.0029609804","-0.0010443438","0.0017620911","-0.00088586373","-0.0009047997","-0.00079564453","2.4461137e-08","0.0010531262","0.028242592","0.03517258","-0.011418279","-0.023639556","-0.12819138","-0.003655476","0.0032118745","0.0018818054","0.00081408414","0.0","0.0","0.0","0.0","0.0","0.0","0.0","0.0","0.0","0.0","-0.0024369073","0.0","0.0","0.0","0.0","0.0"
"sarcopenia","-0.22007634","-0.012736084","-0.030332055","-0.0119885225","-0.017566964","-0.012050644","-0.0032349413","0.008790346","-0.005663294","0.003401166","-0.0016634933","0.0016024841","0.0030496456","-0.006093373","0.001336644","0.0013386973","0.0014833187","-0.0015655878","-0.0011191956","-0.0022812048","0.0032914274","-0.003769479","-0.0010876738","8.700956e-05","-0.00057010935","0.003326504","0.00012283615","0.0024395816","-0.002798829","-0.0001607432","0.0027648855","0.0029609804","-0.0010443438","0.0017620911","-0.00088586373","-0.0009047997","-0.00079564453","2.4461137e-08","0.0010531262","0.028242592","0.03517258","-0.011418279","-0.023639556","-0.12819138","-0.003655476","0.0032118745","0.0018818054","0.00081408414","0.0","0.0","0.0","0.0","0.0","0.0","0.0","0.0","0.0","0.0","-0.0024369073","0.0","0.0","0.0","0.0","0.0"
"sepsis","-0.22007634","-0.012736084","-0.030332055","-0.0119885225","-0.017566964","-0.012050644","-0.0032349413","0.008790346","-0.005663294","0.003401166","-0.0016634933","0.0016024841","0.0030496456","-0.006093373","0.001336644","0.0013386973","0.0014833187","-0.0015655878","-0.0011191956","-0.0022812048","0.0032914274","-0.003769479","-0.0010876738","8.700956e-05","-0.00057010935","0.003326504","0.00012283615","0.0024395816","-0.002798829","-0.0001607432","0.0027648855","0.0029609804","-0.0010443438","0.0017620911","-0.00088586373","-0.0009047997","-0.00079564453","2.4461137e-08","0.0010531262","0.028242592","0.03517258","-0.011418279","-0.023639556","-0.12819138","-0.003655476","0.0032118745","0.0018818054","0.00081408414","0.0","0.0","0.0","0.0","0.0","0.0","0.0","0.0","0.0","0.0","-0.0024369073","0.0","0.0","0.0","0.0","0.0"
"septicemia","-0.22007634","-0.012736084","-0.030332055","-0.0119885225","-0.017566964","-0.012050644","-0.0032349413","0.008790346","-0.005663294","0.003401166","-0.0016634933","0.0016024841","0.0030496456","-0.006093373","0.001336644","0.0013386973","0.0014833187","-0.0015655878","-0.0011191956","-0.0022812048","0.0032914274","-0.003769479","-0.0010876738","8.700956e-05","-0.00057010935","0.003326504","0.00012283615","0.0024395816","-0.002798829","-0.0001607432","0.0027648855","0.0029609804","-0.0010443438","0.0017620911","-0.00088586373","-0.0009047997","-0.00079564453","2.4461137e-08","0.0010531262","0.028242592","0.03517258","-0.011418279","-0.023639556","-0.12819138","-0.003655476","0.0032118745","0.0018818054","0.00081408414","0.0","0.0","0.0","0.0","0.0","0.0","0.0","0.0","0.0","0.0","-0.0024369073","0.0","0.0","0.0","0.0","0.0"
"severe acute malnutrition","-0.22007634","-0.012736084","-0.030332055","-0.0119885225","-0.017566964","-0.012050644","-0.0032349413","0.008790346","-0.005663294","0.003401166","-0.0016634933","0.0016024841","0.0030496456","-0.006093373","0.001336644","0.0013386973","0.0014833187","-0.0015655878","-0.0011191956","-0.0022812048","0.0032914274","-0.003769479","-0.0010876738","8.700956e-05","-0.00057010935","0.003326504","0.00012283615","0.0024395816","-0.002798829","-0.0001607432","0.0027648855","0.0029609804","-0.0010443438","0.0017620911","-0.00088586373","-0.0009047997","-0.00079564453","2.4461137e-08","0.0010531262","0.028242592","0.03517258","-0.011418279","-0.023639556","-0.12819138","-0.003655476","0.0032118745","0.0018818054","0.00081408414","0.0","0.0","0.0","0.0","0.0","0.0","0.0","0.0","0.0","0.0","-0.0024369073","0.0","0.0","0.0","0.0","0.0"
"severe skin and soft tissue infection","-0.22007634","-0.012736084","-0.030332055","-0.0119885225","-0.017566964","-0.012050644","-0.0032349413","0.008790346","-0.005663294","0.003401166","-0.0016634933","0.0016024841","0.0030496456","-0.006093373","0.001336644","0.0013386973","0.0014833187","-0.0015655878","-0.0011191956","-0.0022812048","0.0032914274","-0.003769479","-0.0010876738","8.700956e-05","-0.00057010935","0.003326504","0.00012283615","0.0024395816","-0.002798829","-0.0001607432","0.0027648855","0.0029609804","-0.0010443438","0.0017620911","-0.00088586373","-0.0009047997","-0.00079564453","2.4461137e-08","0.0010531262","0.028242592","0.03517258","-0.011418279","-0.023639556","-0.12819138","-0.003655476","0.0032118745","0.0018818054","0.00081408414","0.0","0.0","0.0","0.0","0.0","0.0","0.0","0.0","0.0","0.0","-0.0024369073","0.0","0.0","0.0","0.0","0.0"
"sinusitis","-0.22007634","-0.012736084","-0.030332055","-0.0119885225","-0.017566964","-0.012050644","-0.0032349413","0.008790346","-0.005663294","0.003401166","-0.0016634933","0.0016024841","0.0030496456","-0.006093373","0.001336644","0.0013386973","0.0014833187","-0.0015655878","-0.0011191956","-0.0022812048","0.0032914274","-0.003769479","-0.0010876738","8.700956e-05","-0.00057010935","0.003326504","0.00012283615","0.0024395816","-0.002798829","-0.0001607432","0.0027648855","0.0029609804","-0.0010443438","0.0017620911","-0.00088586373","-0.0009047997","-0.00079564453","2.4461137e-08","0.0010531262","0.028242592","0.03517258","-0.011418279","-0.023639556","-0.12819138","-0.003655476","0.0032118745","0.0018818054","0.00081408414","0.0","0.0","0.0","0.0","0.0","0.0","0.0","0.0","0.0","0.0","-0.0024369073","0.0","0.0","0.0","0.0","0.0"
"skin diseases","-0.22007634","-0.012736084","-0.030332055","-0.0119885225","-0.017566964","-0.012050644","-0.0032349413","0.008790346","-0.005663294","0.003401166","-0.0016634933","0.0016024841","0.0030496456","-0.006093373","0.001336644","0.0013386973","0.0014833187","-0.0015655878","-0.0011191956","-0.0022812048","0.0032914274","-0.003769479","-0.0010876738","8.700956e-05","-0.00057010935","0.003326504","0.00012283615","0.0024395816","-0.002798829","-0.0001607432","0.0027648855","0.0029609804","-0.0010443438","0.0017620911","-0.00088586373","-0.0009047997","-0.00079564453","2.4461137e-08","0.0010531262","0.028242592","0.03517258","-0.011418279","-0.023639556","-0.12819138","-0.003655476","0.0032118745","0.0018818054","0.00081408414","0.0","0.0","0.0","0.0","0.0","0.0","0.0","0.0","0.0","0.0","-0.0024369073","0.0","0.0","0.0","0.0","0.0"
"slow gastrointestinal transit","-0.22007634","-0.012736084","-0.030332055","-0.0119885225","-0.017566964","-0.012050644","-0.0032349413","0.008790346","-0.005663294","0.003401166","-0.0016634933","0.0016024841","0.0030496456","-0.006093373","0.001336644","0.0013386973","0.0014833187","-0.0015655878","-0.0011191956","-0.0022812048","0.0032914274","-0.003769479","-0.0010876738","8.700956e-05","-0.00057010935","0.003326504","0.00012283615","0.0024395816","-0.002798829","-0.0001607432","0.0027648855","0.0029609804","-0.0010443438","0.0017620911","-0.00088586373","-0.0009047997","-0.00079564453","2.4461137e-08","0.0010531262","0.028242592","0.03517258","-0.011418279","-0.023639556","-0.12819138","-0.003655476","0.0032118745","0.0018818054","0.00081408414","0.0","0.0","0.0","0.0","0.0","0.0","0.0","0.0","0.0","0.0","-0.0024369073","0.0","0.0","0.0","0.0","0.0"
"small intestinal mucositis","-0.22007634","-0.012736084","-0.030332055","-0.0119885225","-0.017566964","-0.012050644","-0.0032349413","0.008790346","-0.005663294","0.003401166","-0.0016634933","0.0016024841","0.0030496456","-0.006093373","0.001336644","0.0013386973","0.0014833187","-0.0015655878","-0.0011191956","-0.0022812048","0.0032914274","-0.003769479","-0.0010876738","8.700956e-05","-0.00057010935","0.003326504","0.00012283615","0.0024395816","-0.002798829","-0.0001607432","0.0027648855","0.0029609804","-0.0010443438","0.0017620911","-0.00088586373","-0.0009047997","-0.00079564453","2.4461137e-08","0.0010531262","0.028242592","0.03517258","-0.011418279","-0.023639556","-0.12819138","-0.003655476","0.0032118745","0.0018818054","0.00081408414","0.0","0.0","0.0","0.0","0.0","0.0","0.0","0.0","0.0","0.0","-0.0024369073","0.0","0.0","0.0","0.0","0.0"
"spondyloarthropathies","-0.22007634","-0.012736084","-0.030332055","-0.0119885225","-0.017566964","-0.012050644","-0.0032349413","0.008790346","-0.005663294","0.003401166","-0.0016634933","0.0016024841","0.0030496456","-0.006093373","0.001336644","0.0013386973","0.0014833187","-0.0015655878","-0.0011191956","-0.0022812048","0.0032914274","-0.003769479","-0.0010876738","8.700956e-05","-0.00057010935","0.003326504","0.00012283615","0.0024395816","-0.002798829","-0.0001607432","0.0027648855","0.0029609804","-0.0010443438","0.0017620911","-0.00088586373","-0.0009047997","-0.00079564453","2.4461137e-08","0.0010531262","0.028242592","0.03517258","-0.011418279","-0.023639556","-0.12819138","-0.003655476","0.0032118745","0.0018818054","0.00081408414","0.0","0.0","0.0","0.0","0.0","0.0","0.0","0.0","0.0","0.0","-0.0024369073","0.0","0.0","0.0","0.0","0.0"
"spontaneous bacterial peritonitis","-0.22007634","-0.012736084","-0.030332055","-0.0119885225","-0.017566964","-0.012050644","-0.0032349413","0.008790346","-0.005663294","0.003401166","-0.0016634933","0.0016024841","0.0030496456","-0.006093373","0.001336644","0.0013386973","0.0014833187","-0.0015655878","-0.0011191956","-0.0022812048","0.0032914274","-0.003769479","-0.0010876738","8.700956e-05","-0.00057010935","0.003326504","0.00012283615","0.0024395816","-0.002798829","-0.0001607432","0.0027648855","0.0029609804","-0.0010443438","0.0017620911","-0.00088586373","-0.0009047997","-0.00079564453","2.4461137e-08","0.0010531262","0.028242592","0.03517258","-0.011418279","-0.023639556","-0.12819138","-0.003655476","0.0032118745","0.0018818054","0.00081408414","0.0","0.0","0.0","0.0","0.0","0.0","0.0","0.0","0.0","0.0","-0.0024369073","0.0","0.0","0.0","0.0","0.0"
"squamous cell carcinoma","-0.22007634","-0.012736084","-0.030332055","-0.0119885225","-0.017566964","-0.012050644","-0.0032349413","0.008790346","-0.005663294","0.003401166","-0.0016634933","0.0016024841","0.0030496456","-0.006093373","0.001336644","0.0013386973","0.0014833187","-0.0015655878","-0.0011191956","-0.0022812048","0.0032914274","-0.003769479","-0.0010876738","8.700956e-05","-0.00057010935","0.003326504","0.00012283615","0.0024395816","-0.002798829","-0.0001607432","0.0027648855","0.0029609804","-0.0010443438","0.0017620911","-0.00088586373","-0.0009047997","-0.00079564453","2.4461137e-08","0.0010531262","0.028242592","0.03517258","-0.011418279","-0.023639556","-0.12819138","-0.003655476","0.0032118745","0.0018818054","0.00081408414","0.0","0.0","0.0","0.0","0.0","0.0","0.0","0.0","0.0","0.0","-0.0024369073","0.0","0.0","0.0","0.0","0.0"
"stomach adenocarcinoma","-0.22007634","-0.012736084","-0.030332055","-0.0119885225","-0.017566964","-0.012050644","-0.0032349413","0.008790346","-0.005663294","0.003401166","-0.0016634933","0.0016024841","0.0030496456","-0.006093373","0.001336644","0.0013386973","0.0014833187","-0.0015655878","-0.0011191956","-0.0022812048","0.0032914274","-0.003769479","-0.0010876738","8.700956e-05","-0.00057010935","0.003326504","0.00012283615","0.0024395816","-0.002798829","-0.0001607432","0.0027648855","0.0029609804","-0.0010443438","0.0017620911","-0.00088586373","-0.0009047997","-0.00079564453","2.4461137e-08","0.0010531262","0.028242592","0.03517258","-0.011418279","-0.023639556","-0.12819138","-0.003655476","0.0032118745","0.0018818054","0.00081408414","0.0","0.0","0.0","0.0","0.0","0.0","0.0","0.0","0.0","0.0","-0.0024369073","0.0","0.0","0.0","0.0","0.0"
"stomach cancer","-0.22007634","-0.012736084","-0.030332055","-0.0119885225","-0.017566964","-0.012050644","-0.0032349413","0.008790346","-0.005663294","0.003401166","-0.0016634933","0.0016024841","0.0030496456","-0.006093373","0.001336644","0.0013386973","0.0014833187","-0.0015655878","-0.0011191956","-0.0022812048","0.0032914274","-0.003769479","-0.0010876738","8.700956e-05","-0.00057010935","0.003326504","0.00012283615","0.0024395816","-0.002798829","-0.0001607432","0.0027648855","0.0029609804","-0.0010443438","0.0017620911","-0.00088586373","-0.0009047997","-0.00079564453","2.4461137e-08","0.0010531262","0.028242592","0.03517258","-0.011418279","-0.023639556","-0.12819138","-0.003655476","0.0032118745","0.0018818054","0.00081408414","0.0","0.0","0.0","0.0","0.0","0.0","0.0","0.0","0.0","0.0","-0.0024369073","0.0","0.0","0.0","0.0","0.0"
"stomach neoplasms","-0.22007634","-0.012736084","-0.030332055","-0.0119885225","-0.017566964","-0.012050644","-0.0032349413","0.008790346","-0.005663294","0.003401166","-0.0016634933","0.0016024841","0.0030496456","-0.006093373","0.001336644","0.0013386973","0.0014833187","-0.0015655878","-0.0011191956","-0.0022812048","0.0032914274","-0.003769479","-0.0010876738","8.700956e-05","-0.00057010935","0.003326504","0.00012283615","0.0024395816","-0.002798829","-0.0001607432","0.0027648855","0.0029609804","-0.0010443438","0.0017620911","-0.00088586373","-0.0009047997","-0.00079564453","2.4461137e-08","0.0010531262","0.028242592","0.03517258","-0.011418279","-0.023639556","-0.12819138","-0.003655476","0.0032118745","0.0018818054","0.00081408414","0.0","0.0","0.0","0.0","0.0","0.0","0.0","0.0","0.0","0.0","-0.0024369073","0.0","0.0","0.0","0.0","0.0"
"stress and depression","-0.22007634","-0.012736084","-0.030332055","-0.0119885225","-0.017566964","-0.012050644","-0.0032349413","0.008790346","-0.005663294","0.003401166","-0.0016634933","0.0016024841","0.0030496456","-0.006093373","0.001336644","0.0013386973","0.0014833187","-0.0015655878","-0.0011191956","-0.0022812048","0.0032914274","-0.003769479","-0.0010876738","8.700956e-05","-0.00057010935","0.003326504","0.00012283615","0.0024395816","-0.002798829","-0.0001607432","0.0027648855","0.0029609804","-0.0010443438","0.0017620911","-0.00088586373","-0.0009047997","-0.00079564453","2.4461137e-08","0.0010531262","0.028242592","0.03517258","-0.011418279","-0.023639556","-0.12819138","-0.003655476","0.0032118745","0.0018818054","0.00081408414","0.0","0.0","0.0","0.0","0.0","0.0","0.0","0.0","0.0","0.0","-0.0024369073","0.0","0.0","0.0","0.0","0.0"
"stress-induced responses","-0.22007634","-0.012736084","-0.030332055","-0.0119885225","-0.017566964","-0.012050644","-0.0032349413","0.008790346","-0.005663294","0.003401166","-0.0016634933","0.0016024841","0.0030496456","-0.006093373","0.001336644","0.0013386973","0.0014833187","-0.0015655878","-0.0011191956","-0.0022812048","0.0032914274","-0.003769479","-0.0010876738","8.700956e-05","-0.00057010935","0.003326504","0.00012283615","0.0024395816","-0.002798829","-0.0001607432","0.0027648855","0.0029609804","-0.0010443438","0.0017620911","-0.00088586373","-0.0009047997","-0.00079564453","2.4461137e-08","0.0010531262","0.028242592","0.03517258","-0.011418279","-0.023639556","-0.12819138","-0.003655476","0.0032118745","0.0018818054","0.00081408414","0.0","0.0","0.0","0.0","0.0","0.0","0.0","0.0","0.0","0.0","-0.0024369073","0.0","0.0","0.0","0.0","0.0"
"surgical site infections","-0.22007634","-0.012736084","-0.030332055","-0.0119885225","-0.017566964","-0.012050644","-0.0032349413","0.008790346","-0.005663294","0.003401166","-0.0016634933","0.0016024841","0.0030496456","-0.006093373","0.001336644","0.0013386973","0.0014833187","-0.0015655878","-0.0011191956","-0.0022812048","0.0032914274","-0.003769479","-0.0010876738","8.700956e-05","-0.00057010935","0.003326504","0.00012283615","0.0024395816","-0.002798829","-0.0001607432","0.0027648855","0.0029609804","-0.0010443438","0.0017620911","-0.00088586373","-0.0009047997","-0.00079564453","2.4461137e-08","0.0010531262","0.028242592","0.03517258","-0.011418279","-0.023639556","-0.12819138","-0.003655476","0.0032118745","0.0018818054","0.00081408414","0.0","0.0","0.0","0.0","0.0","0.0","0.0","0.0","0.0","0.0","-0.0024369073","0.0","0.0","0.0","0.0","0.0"
"surgical-wound contamination","-0.22007634","-0.012736084","-0.030332055","-0.0119885225","-0.017566964","-0.012050644","-0.0032349413","0.008790346","-0.005663294","0.003401166","-0.0016634933","0.0016024841","0.0030496456","-0.006093373","0.001336644","0.0013386973","0.0014833187","-0.0015655878","-0.0011191956","-0.0022812048","0.0032914274","-0.003769479","-0.0010876738","8.700956e-05","-0.00057010935","0.003326504","0.00012283615","0.0024395816","-0.002798829","-0.0001607432","0.0027648855","0.0029609804","-0.0010443438","0.0017620911","-0.00088586373","-0.0009047997","-0.00079564453","2.4461137e-08","0.0010531262","0.028242592","0.03517258","-0.011418279","-0.023639556","-0.12819138","-0.003655476","0.0032118745","0.0018818054","0.00081408414","0.0","0.0","0.0","0.0","0.0","0.0","0.0","0.0","0.0","0.0","-0.0024369073","0.0","0.0","0.0","0.0","0.0"
"systemic inflammation","-0.22007634","-0.012736084","-0.030332055","-0.0119885225","-0.017566964","-0.012050644","-0.0032349413","0.008790346","-0.005663294","0.003401166","-0.0016634933","0.0016024841","0.0030496456","-0.006093373","0.001336644","0.0013386973","0.0014833187","-0.0015655878","-0.0011191956","-0.0022812048","0.0032914274","-0.003769479","-0.0010876738","8.700956e-05","-0.00057010935","0.003326504","0.00012283615","0.0024395816","-0.002798829","-0.0001607432","0.0027648855","0.0029609804","-0.0010443438","0.0017620911","-0.00088586373","-0.0009047997","-0.00079564453","2.4461137e-08","0.0010531262","0.028242592","0.03517258","-0.011418279","-0.023639556","-0.12819138","-0.003655476","0.0032118745","0.0018818054","0.00081408414","0.0","0.0","0.0","0.0","0.0","0.0","0.0","0.0","0.0","0.0","-0.0024369073","0.0","0.0","0.0","0.0","0.0"
"systemic lupus erythematosus","-0.22007634","-0.012736084","-0.030332055","-0.0119885225","-0.017566964","-0.012050644","-0.0032349413","0.008790346","-0.005663294","0.003401166","-0.0016634933","0.0016024841","0.0030496456","-0.006093373","0.001336644","0.0013386973","0.0014833187","-0.0015655878","-0.0011191956","-0.0022812048","0.0032914274","-0.003769479","-0.0010876738","8.700956e-05","-0.00057010935","0.003326504","0.00012283615","0.0024395816","-0.002798829","-0.0001607432","0.0027648855","0.0029609804","-0.0010443438","0.0017620911","-0.00088586373","-0.0009047997","-0.00079564453","2.4461137e-08","0.0010531262","0.028242592","0.03517258","-0.011418279","-0.023639556","-0.12819138","-0.003655476","0.0032118745","0.0018818054","0.00081408414","0.0","0.0","0.0","0.0","0.0","0.0","0.0","0.0","0.0","0.0","-0.0024369073","0.0","0.0","0.0","0.0","0.0"
"throat cancer","-0.22007634","-0.012736084","-0.030332055","-0.0119885225","-0.017566964","-0.012050644","-0.0032349413","0.008790346","-0.005663294","0.003401166","-0.0016634933","0.0016024841","0.0030496456","-0.006093373","0.001336644","0.0013386973","0.0014833187","-0.0015655878","-0.0011191956","-0.0022812048","0.0032914274","-0.003769479","-0.0010876738","8.700956e-05","-0.00057010935","0.003326504","0.00012283615","0.0024395816","-0.002798829","-0.0001607432","0.0027648855","0.0029609804","-0.0010443438","0.0017620911","-0.00088586373","-0.0009047997","-0.00079564453","2.4461137e-08","0.0010531262","0.028242592","0.03517258","-0.011418279","-0.023639556","-0.12819138","-0.003655476","0.0032118745","0.0018818054","0.00081408414","0.0","0.0","0.0","0.0","0.0","0.0","0.0","0.0","0.0","0.0","-0.0024369073","0.0","0.0","0.0","0.0","0.0"
"thrombosis","-0.22007634","-0.012736084","-0.030332055","-0.0119885225","-0.017566964","-0.012050644","-0.0032349413","0.008790346","-0.005663294","0.003401166","-0.0016634933","0.0016024841","0.0030496456","-0.006093373","0.001336644","0.0013386973","0.0014833187","-0.0015655878","-0.0011191956","-0.0022812048","0.0032914274","-0.003769479","-0.0010876738","8.700956e-05","-0.00057010935","0.003326504","0.00012283615","0.0024395816","-0.002798829","-0.0001607432","0.0027648855","0.0029609804","-0.0010443438","0.0017620911","-0.00088586373","-0.0009047997","-0.00079564453","2.4461137e-08","0.0010531262","0.028242592","0.03517258","-0.011418279","-0.023639556","-0.12819138","-0.003655476","0.0032118745","0.0018818054","0.00081408414","0.0","0.0","0.0","0.0","0.0","0.0","0.0","0.0","0.0","0.0","-0.0024369073","0.0","0.0","0.0","0.0","0.0"
"thyroid cancer","-0.22007634","-0.012736084","-0.030332055","-0.0119885225","-0.017566964","-0.012050644","-0.0032349413","0.008790346","-0.005663294","0.003401166","-0.0016634933","0.0016024841","0.0030496456","-0.006093373","0.001336644","0.0013386973","0.0014833187","-0.0015655878","-0.0011191956","-0.0022812048","0.0032914274","-0.003769479","-0.0010876738","8.700956e-05","-0.00057010935","0.003326504","0.00012283615","0.0024395816","-0.002798829","-0.0001607432","0.0027648855","0.0029609804","-0.0010443438","0.0017620911","-0.00088586373","-0.0009047997","-0.00079564453","2.4461137e-08","0.0010531262","0.028242592","0.03517258","-0.011418279","-0.023639556","-0.12819138","-0.003655476","0.0032118745","0.0018818054","0.00081408414","0.0","0.0","0.0","0.0","0.0","0.0","0.0","0.0","0.0","0.0","-0.0024369073","0.0","0.0","0.0","0.0","0.0"
"thyroid carcinoma","-0.22007634","-0.012736084","-0.030332055","-0.0119885225","-0.017566964","-0.012050644","-0.0032349413","0.008790346","-0.005663294","0.003401166","-0.0016634933","0.0016024841","0.0030496456","-0.006093373","0.001336644","0.0013386973","0.0014833187","-0.0015655878","-0.0011191956","-0.0022812048","0.0032914274","-0.003769479","-0.0010876738","8.700956e-05","-0.00057010935","0.003326504","0.00012283615","0.0024395816","-0.002798829","-0.0001607432","0.0027648855","0.0029609804","-0.0010443438","0.0017620911","-0.00088586373","-0.0009047997","-0.00079564453","2.4461137e-08","0.0010531262","0.028242592","0.03517258","-0.011418279","-0.023639556","-0.12819138","-0.003655476","0.0032118745","0.0018818054","0.00081408414","0.0","0.0","0.0","0.0","0.0","0.0","0.0","0.0","0.0","0.0","-0.0024369073","0.0","0.0","0.0","0.0","0.0"
"thyroid nodules","-0.22007634","-0.012736084","-0.030332055","-0.0119885225","-0.017566964","-0.012050644","-0.0032349413","0.008790346","-0.005663294","0.003401166","-0.0016634933","0.0016024841","0.0030496456","-0.006093373","0.001336644","0.0013386973","0.0014833187","-0.0015655878","-0.0011191956","-0.0022812048","0.0032914274","-0.003769479","-0.0010876738","8.700956e-05","-0.00057010935","0.003326504","0.00012283615","0.0024395816","-0.002798829","-0.0001607432","0.0027648855","0.0029609804","-0.0010443438","0.0017620911","-0.00088586373","-0.0009047997","-0.00079564453","2.4461137e-08","0.0010531262","0.028242592","0.03517258","-0.011418279","-0.023639556","-0.12819138","-0.003655476","0.0032118745","0.0018818054","0.00081408414","0.0","0.0","0.0","0.0","0.0","0.0","0.0","0.0","0.0","0.0","-0.0024369073","0.0","0.0","0.0","0.0","0.0"
"trench fever","-0.22007634","-0.012736084","-0.030332055","-0.0119885225","-0.017566964","-0.012050644","-0.0032349413","0.008790346","-0.005663294","0.003401166","-0.0016634933","0.0016024841","0.0030496456","-0.006093373","0.001336644","0.0013386973","0.0014833187","-0.0015655878","-0.0011191956","-0.0022812048","0.0032914274","-0.003769479","-0.0010876738","8.700956e-05","-0.00057010935","0.003326504","0.00012283615","0.0024395816","-0.002798829","-0.0001607432","0.0027648855","0.0029609804","-0.0010443438","0.0017620911","-0.00088586373","-0.0009047997","-0.00079564453","2.4461137e-08","0.0010531262","0.028242592","0.03517258","-0.011418279","-0.023639556","-0.12819138","-0.003655476","0.0032118745","0.0018818054","0.00081408414","0.0","0.0","0.0","0.0","0.0","0.0","0.0","0.0","0.0","0.0","-0.0024369073","0.0","0.0","0.0","0.0","0.0"
"triple negative breast cancer (TNBC)","-0.22007634","-0.012736084","-0.030332055","-0.0119885225","-0.017566964","-0.012050644","-0.0032349413","0.008790346","-0.005663294","0.003401166","-0.0016634933","0.0016024841","0.0030496456","-0.006093373","0.001336644","0.0013386973","0.0014833187","-0.0015655878","-0.0011191956","-0.0022812048","0.0032914274","-0.003769479","-0.0010876738","8.700956e-05","-0.00057010935","0.003326504","0.00012283615","0.0024395816","-0.002798829","-0.0001607432","0.0027648855","0.0029609804","-0.0010443438","0.0017620911","-0.00088586373","-0.0009047997","-0.00079564453","2.4461137e-08","0.0010531262","0.028242592","0.03517258","-0.011418279","-0.023639556","-0.12819138","-0.003655476","0.0032118745","0.0018818054","0.00081408414","0.0","0.0","0.0","0.0","0.0","0.0","0.0","0.0","0.0","0.0","-0.0024369073","0.0","0.0","0.0","0.0","0.0"
"type 1 diabetes","-0.22007634","-0.012736084","-0.030332055","-0.0119885225","-0.017566964","-0.012050644","-0.0032349413","0.008790346","-0.005663294","0.003401166","-0.0016634933","0.0016024841","0.0030496456","-0.006093373","0.001336644","0.0013386973","0.0014833187","-0.0015655878","-0.0011191956","-0.0022812048","0.0032914274","-0.003769479","-0.0010876738","8.700956e-05","-0.00057010935","0.003326504","0.00012283615","0.0024395816","-0.002798829","-0.0001607432","0.0027648855","0.0029609804","-0.0010443438","0.0017620911","-0.00088586373","-0.0009047997","-0.00079564453","2.4461137e-08","0.0010531262","0.028242592","0.03517258","-0.011418279","-0.023639556","-0.12819138","-0.003655476","0.0032118745","0.0018818054","0.00081408414","0.0","0.0","0.0","0.0","0.0","0.0","0.0","0.0","0.0","0.0","-0.0024369073","0.0","0.0","0.0","0.0","0.0"
"type 1 diabetes mellitus","-0.22007634","-0.012736084","-0.030332055","-0.0119885225","-0.017566964","-0.012050644","-0.0032349413","0.008790346","-0.005663294","0.003401166","-0.0016634933","0.0016024841","0.0030496456","-0.006093373","0.001336644","0.0013386973","0.0014833187","-0.0015655878","-0.0011191956","-0.0022812048","0.0032914274","-0.003769479","-0.0010876738","8.700956e-05","-0.00057010935","0.003326504","0.00012283615","0.0024395816","-0.002798829","-0.0001607432","0.0027648855","0.0029609804","-0.0010443438","0.0017620911","-0.00088586373","-0.0009047997","-0.00079564453","2.4461137e-08","0.0010531262","0.028242592","0.03517258","-0.011418279","-0.023639556","-0.12819138","-0.003655476","0.0032118745","0.0018818054","0.00081408414","0.0","0.0","0.0","0.0","0.0","0.0","0.0","0.0","0.0","0.0","-0.0024369073","0.0","0.0","0.0","0.0","0.0"
"type 2 diabetes","-0.22007634","-0.012736084","-0.030332055","-0.0119885225","-0.017566964","-0.012050644","-0.0032349413","0.008790346","-0.005663294","0.003401166","-0.0016634933","0.0016024841","0.0030496456","-0.006093373","0.001336644","0.0013386973","0.0014833187","-0.0015655878","-0.0011191956","-0.0022812048","0.0032914274","-0.003769479","-0.0010876738","8.700956e-05","-0.00057010935","0.003326504","0.00012283615","0.0024395816","-0.002798829","-0.0001607432","0.0027648855","0.0029609804","-0.0010443438","0.0017620911","-0.00088586373","-0.0009047997","-0.00079564453","2.4461137e-08","0.0010531262","0.028242592","0.03517258","-0.011418279","-0.023639556","-0.12819138","-0.003655476","0.0032118745","0.0018818054","0.00081408414","0.0","0.0","0.0","0.0","0.0","0.0","0.0","0.0","0.0","0.0","-0.0024369073","0.0","0.0","0.0","0.0","0.0"
"type 2 diabetes mellitus","-0.22007634","-0.012736084","-0.030332055","-0.0119885225","-0.017566964","-0.012050644","-0.0032349413","0.008790346","-0.005663294","0.003401166","-0.0016634933","0.0016024841","0.0030496456","-0.006093373","0.001336644","0.0013386973","0.0014833187","-0.0015655878","-0.0011191956","-0.0022812048","0.0032914274","-0.003769479","-0.0010876738","8.700956e-05","-0.00057010935","0.003326504","0.00012283615","0.0024395816","-0.002798829","-0.0001607432","0.0027648855","0.0029609804","-0.0010443438","0.0017620911","-0.00088586373","-0.0009047997","-0.00079564453","2.4461137e-08","0.0010531262","0.028242592","0.03517258","-0.011418279","-0.023639556","-0.12819138","-0.003655476","0.0032118745","0.0018818054","0.00081408414","0.0","0.0","0.0","0.0","0.0","0.0","0.0","0.0","0.0","0.0","-0.0024369073","0.0","0.0","0.0","0.0","0.0"
"type II diabetes","-0.22007634","-0.012736084","-0.030332055","-0.0119885225","-0.017566964","-0.012050644","-0.0032349413","0.008790346","-0.005663294","0.003401166","-0.0016634933","0.0016024841","0.0030496456","-0.006093373","0.001336644","0.0013386973","0.0014833187","-0.0015655878","-0.0011191956","-0.0022812048","0.0032914274","-0.003769479","-0.0010876738","8.700956e-05","-0.00057010935","0.003326504","0.00012283615","0.0024395816","-0.002798829","-0.0001607432","0.0027648855","0.0029609804","-0.0010443438","0.0017620911","-0.00088586373","-0.0009047997","-0.00079564453","2.4461137e-08","0.0010531262","0.028242592","0.03517258","-0.011418279","-0.023639556","-0.12819138","-0.003655476","0.0032118745","0.0018818054","0.00081408414","0.0","0.0","0.0","0.0","0.0","0.0","0.0","0.0","0.0","0.0","-0.0024369073","0.0","0.0","0.0","0.0","0.0"
"type-2 diabetes mellitus (T2DM)","-0.22007634","-0.012736084","-0.030332055","-0.0119885225","-0.017566964","-0.012050644","-0.0032349413","0.008790346","-0.005663294","0.003401166","-0.0016634933","0.0016024841","0.0030496456","-0.006093373","0.001336644","0.0013386973","0.0014833187","-0.0015655878","-0.0011191956","-0.0022812048","0.0032914274","-0.003769479","-0.0010876738","8.700956e-05","-0.00057010935","0.003326504","0.00012283615","0.0024395816","-0.002798829","-0.0001607432","0.0027648855","0.0029609804","-0.0010443438","0.0017620911","-0.00088586373","-0.0009047997","-0.00079564453","2.4461137e-08","0.0010531262","0.028242592","0.03517258","-0.011418279","-0.023639556","-0.12819138","-0.003655476","0.0032118745","0.0018818054","0.00081408414","0.0","0.0","0.0","0.0","0.0","0.0","0.0","0.0","0.0","0.0","-0.0024369073","0.0","0.0","0.0","0.0","0.0"
"typhoid fever","-0.22007634","-0.012736084","-0.030332055","-0.0119885225","-0.017566964","-0.012050644","-0.0032349413","0.008790346","-0.005663294","0.003401166","-0.0016634933","0.0016024841","0.0030496456","-0.006093373","0.001336644","0.0013386973","0.0014833187","-0.0015655878","-0.0011191956","-0.0022812048","0.0032914274","-0.003769479","-0.0010876738","8.700956e-05","-0.00057010935","0.003326504","0.00012283615","0.0024395816","-0.002798829","-0.0001607432","0.0027648855","0.0029609804","-0.0010443438","0.0017620911","-0.00088586373","-0.0009047997","-0.00079564453","2.4461137e-08","0.0010531262","0.028242592","0.03517258","-0.011418279","-0.023639556","-0.12819138","-0.003655476","0.0032118745","0.0018818054","0.00081408414","0.0","0.0","0.0","0.0","0.0","0.0","0.0","0.0","0.0","0.0","-0.0024369073","0.0","0.0","0.0","0.0","0.0"
"ulcerative colitis","-0.22007634","-0.012736084","-0.030332055","-0.0119885225","-0.017566964","-0.012050644","-0.0032349413","0.008790346","-0.005663294","0.003401166","-0.0016634933","0.0016024841","0.0030496456","-0.006093373","0.001336644","0.0013386973","0.0014833187","-0.0015655878","-0.0011191956","-0.0022812048","0.0032914274","-0.003769479","-0.0010876738","8.700956e-05","-0.00057010935","0.003326504","0.00012283615","0.0024395816","-0.002798829","-0.0001607432","0.0027648855","0.0029609804","-0.0010443438","0.0017620911","-0.00088586373","-0.0009047997","-0.00079564453","2.4461137e-08","0.0010531262","0.028242592","0.03517258","-0.011418279","-0.023639556","-0.12819138","-0.003655476","0.0032118745","0.0018818054","0.00081408414","0.0","0.0","0.0","0.0","0.0","0.0","0.0","0.0","0.0","0.0","-0.0024369073","0.0","0.0","0.0","0.0","0.0"
"urinary incontinence","-0.22007634","-0.012736084","-0.030332055","-0.0119885225","-0.017566964","-0.012050644","-0.0032349413","0.008790346","-0.005663294","0.003401166","-0.0016634933","0.0016024841","0.0030496456","-0.006093373","0.001336644","0.0013386973","0.0014833187","-0.0015655878","-0.0011191956","-0.0022812048","0.0032914274","-0.003769479","-0.0010876738","8.700956e-05","-0.00057010935","0.003326504","0.00012283615","0.0024395816","-0.002798829","-0.0001607432","0.0027648855","0.0029609804","-0.0010443438","0.0017620911","-0.00088586373","-0.0009047997","-0.00079564453","2.4461137e-08","0.0010531262","0.028242592","0.03517258","-0.011418279","-0.023639556","-0.12819138","-0.003655476","0.0032118745","0.0018818054","0.00081408414","0.0","0.0","0.0","0.0","0.0","0.0","0.0","0.0","0.0","0.0","-0.0024369073","0.0","0.0","0.0","0.0","0.0"
"urinary tract infection","-0.22007634","-0.012736084","-0.030332055","-0.0119885225","-0.017566964","-0.012050644","-0.0032349413","0.008790346","-0.005663294","0.003401166","-0.0016634933","0.0016024841","0.0030496456","-0.006093373","0.001336644","0.0013386973","0.0014833187","-0.0015655878","-0.0011191956","-0.0022812048","0.0032914274","-0.003769479","-0.0010876738","8.700956e-05","-0.00057010935","0.003326504","0.00012283615","0.0024395816","-0.002798829","-0.0001607432","0.0027648855","0.0029609804","-0.0010443438","0.0017620911","-0.00088586373","-0.0009047997","-0.00079564453","2.4461137e-08","0.0010531262","0.028242592","0.03517258","-0.011418279","-0.023639556","-0.12819138","-0.003655476","0.0032118745","0.0018818054","0.00081408414","0.0","0.0","0.0","0.0","0.0","0.0","0.0","0.0","0.0","0.0","-0.0024369073","0.0","0.0","0.0","0.0","0.0"
"ventilator-associated pneumonia","-0.22007634","-0.012736084","-0.030332055","-0.0119885225","-0.017566964","-0.012050644","-0.0032349413","0.008790346","-0.005663294","0.003401166","-0.0016634933","0.0016024841","0.0030496456","-0.006093373","0.001336644","0.0013386973","0.0014833187","-0.0015655878","-0.0011191956","-0.0022812048","0.0032914274","-0.003769479","-0.0010876738","8.700956e-05","-0.00057010935","0.003326504","0.00012283615","0.0024395816","-0.002798829","-0.0001607432","0.0027648855","0.0029609804","-0.0010443438","0.0017620911","-0.00088586373","-0.0009047997","-0.00079564453","2.4461137e-08","0.0010531262","0.028242592","0.03517258","-0.011418279","-0.023639556","-0.12819138","-0.003655476","0.0032118745","0.0018818054","0.00081408414","0.0","0.0","0.0","0.0","0.0","0.0","0.0","0.0","0.0","0.0","-0.0024369073","0.0","0.0","0.0","0.0","0.0"
"viral diarrhea","-0.22007634","-0.012736084","-0.030332055","-0.0119885225","-0.017566964","-0.012050644","-0.0032349413","0.008790346","-0.005663294","0.003401166","-0.0016634933","0.0016024841","0.0030496456","-0.006093373","0.001336644","0.0013386973","0.0014833187","-0.0015655878","-0.0011191956","-0.0022812048","0.0032914274","-0.003769479","-0.0010876738","8.700956e-05","-0.00057010935","0.003326504","0.00012283615","0.0024395816","-0.002798829","-0.0001607432","0.0027648855","0.0029609804","-0.0010443438","0.0017620911","-0.00088586373","-0.0009047997","-0.00079564453","2.4461137e-08","0.0010531262","0.028242592","0.03517258","-0.011418279","-0.023639556","-0.12819138","-0.003655476","0.0032118745","0.0018818054","0.00081408414","0.0","0.0","0.0","0.0","0.0","0.0","0.0","0.0","0.0","0.0","-0.0024369073","0.0","0.0","0.0","0.0","0.0"
"wound infection","-0.22007634","-0.012736084","-0.030332055","-0.0119885225","-0.017566964","-0.012050644","-0.0032349413","0.008790346","-0.005663294","0.003401166","-0.0016634933","0.0016024841","0.0030496456","-0.006093373","0.001336644","0.0013386973","0.0014833187","-0.0015655878","-0.0011191956","-0.0022812048","0.0032914274","-0.003769479","-0.0010876738","8.700956e-05","-0.00057010935","0.003326504","0.00012283615","0.0024395816","-0.002798829","-0.0001607432","0.0027648855","0.0029609804","-0.0010443438","0.0017620911","-0.00088586373","-0.0009047997","-0.00079564453","2.4461137e-08","0.0010531262","0.028242592","0.03517258","-0.011418279","-0.023639556","-0.12819138","-0.003655476","0.0032118745","0.0018818054","0.00081408414","0.0","0.0","0.0","0.0","0.0","0.0","0.0","0.0","0.0","0.0","-0.0024369073","0.0","0.0","0.0","0.0","0.0"
