"microbe","microbe_external_has_ncbi_tax_id","microbe_external_has_silva_accession","microbe_external_has_tax_rank","microbe_external_has_experimental_method","microbe_external_has_sample_origin","microbe_external_peryton_row_count","microbe_external_peryton_disease_count","microbe_external_peryton_pmid_count","microbe_external_peryton_method_count","microbe_external_peryton_origin_count","microbe_external_peryton_16s_rows","microbe_external_tax_rank_Class","microbe_external_tax_rank_Family","microbe_external_tax_rank_Genus","microbe_external_tax_rank_Order","microbe_external_tax_rank_Phylum","microbe_external_tax_rank_Species","microbe_external_tax_rank_nan"
"ACK M1","-1.7251766","-1.3700308","-0.8079205","-0.8079205","-0.8079205","-0.64594126","-0.67825854","-0.64059675","-0.7282978","-0.6700486","-0.5664857","-0.093875535","-0.21134944","-0.45643547","-0.08875621","-0.083333336","-0.42969814","0.80714345"
"Abiotrophia","0.57965076","0.7299107","1.2377455","1.2377455","1.2377455","0.74477047","1.1074097","0.89417744","0.6365949","1.2709413","0.90663654","-0.093875535","-0.21134944","2.19089","-0.08875621","-0.083333336","-0.42969814","-1.2389371"
"Absiella innocuum","-1.7251766","-1.3700308","-0.8079205","-0.8079205","-0.8079205","-0.64594126","-0.67825854","-0.64059675","-0.7282978","-0.6700486","-0.5664857","-0.093875535","-0.21134944","-0.45643547","-0.08875621","-0.083333336","-0.42969814","0.80714345"
"Acetanaerobacterium elongatum","0.57965076","0.7299107","-0.8079205","-0.8079205","-0.8079205","-0.64594126","-0.67825854","-0.64059675","-0.7282978","-0.6700486","-0.5664857","-0.093875535","-0.21134944","-0.45643547","-0.08875621","-0.083333336","-0.42969814","0.80714345"
"Acetivibrio","0.57965076","0.7299107","1.2377455","1.2377455","1.2377455","0.049414594","0.21457562","0.12679036","0.6365949","0.30044636","-0.5664857","-0.093875535","-0.21134944","2.19089","-0.08875621","-0.083333336","-0.42969814","-1.2389371"
"Acetonema","-1.7251766","-1.3700308","-0.8079205","-0.8079205","-0.8079205","-0.64594126","-0.67825854","-0.64059675","-0.7282978","-0.6700486","-0.5664857","-0.093875535","-0.21134944","-0.45643547","-0.08875621","-0.083333336","-0.42969814","0.80714345"
"Acholeplasma","0.57965076","0.7299107","1.2377455","1.2377455","1.2377455","0.96862507","1.1074097","0.89417744","0.6365949","1.5833708","1.1437563","-0.093875535","-0.21134944","2.19089","-0.08875621","-0.083333336","-0.42969814","-1.2389371"
"Achromobacter","0.57965076","0.7299107","1.2377455","1.2377455","1.2377455","1.1515275","1.3948382","1.1412209","1.435006","1.2709413","1.1437563","-0.093875535","-0.21134944","2.19089","-0.08875621","-0.083333336","-0.42969814","-1.2389371"
"Achromobacter xylosoxidans","-1.7251766","-1.3700308","-0.8079205","-0.8079205","-0.8079205","-0.64594126","-0.67825854","-0.64059675","-0.7282978","-0.6700486","-0.5664857","-0.093875535","-0.21134944","-0.45643547","-0.08875621","-0.083333336","-0.42969814","0.80714345"
"Acidaminobacter","0.57965076","0.7299107","-0.8079205","-0.8079205","-0.8079205","-0.64594126","-0.67825854","-0.64059675","-0.7282978","-0.6700486","-0.5664857","-0.093875535","-0.21134944","-0.45643547","-0.08875621","-0.083333336","-0.42969814","0.80714345"
"Acidaminococcaceae","0.57965076","-1.3700308","1.2377455","1.2377455","1.2377455","1.4401263","1.8282436","1.5137312","0.6365949","0.8681495","1.6431977","-0.093875535","4.7315","-0.45643547","-0.08875621","-0.083333336","-0.42969814","-1.2389371"
"Acidaminococcus","0.57965076","0.7299107","1.2377455","1.2377455","1.2377455","1.9271811","2.151959","1.908608","1.435006","1.2709413","2.0740583","-0.093875535","-0.21134944","2.19089","-0.08875621","-0.083333336","-0.42969814","-1.2389371"
"Acidaminococcus fermentans","0.57965076","0.7299107","-0.8079205","-0.8079205","-0.8079205","-0.64594126","-0.67825854","-0.64059675","-0.7282978","-0.6700486","-0.5664857","-0.093875535","-0.21134944","-0.45643547","-0.08875621","-0.083333336","-0.42969814","0.80714345"
"Acidimicrobiales","0.57965076","0.7299107","-0.8079205","-0.8079205","-0.8079205","-0.64594126","-0.67825854","-0.64059675","-0.7282978","-0.6700486","-0.5664857","-0.093875535","-0.21134944","-0.45643547","-0.08875621","-0.083333336","-0.42969814","0.80714345"
"Acidiphilium","0.57965076","0.7299107","1.2377455","1.2377455","1.2377455","0.049414594","0.21457562","0.12679036","0.6365949","0.30044636","-0.5664857","-0.093875535","-0.21134944","2.19089","-0.08875621","-0.083333336","-0.42969814","-1.2389371"
"Aciditerrimonas","0.57965076","0.7299107","-0.8079205","-0.8079205","-0.8079205","-0.64594126","-0.67825854","-0.64059675","-0.7282978","-0.6700486","-0.5664857","-0.093875535","-0.21134944","-0.45643547","-0.08875621","-0.083333336","-0.42969814","0.80714345"
"Acidobacteria","0.57965076","0.7299107","1.2377455","1.2377455","1.2377455","1.4401263","1.6296843","1.34307","0.6365949","1.8386444","1.6431977","-0.093875535","-0.21134944","-0.45643547","-0.08875621","12.0","-0.42969814","-1.2389371"
"Acidobacteriaceae","0.57965076","0.7299107","-0.8079205","-0.8079205","-0.8079205","-0.64594126","-0.67825854","-0.64059675","-0.7282978","-0.6700486","-0.5664857","-0.093875535","-0.21134944","-0.45643547","-0.08875621","-0.083333336","-0.42969814","0.80714345"
"Acidocella","0.57965076","0.7299107","-0.8079205","-0.8079205","-0.8079205","-0.64594126","-0.67825854","-0.64059675","-0.7282978","-0.6700486","-0.5664857","-0.093875535","-0.21134944","-0.45643547","-0.08875621","-0.083333336","-0.42969814","0.80714345"
"Acidovorax","0.57965076","0.7299107","1.2377455","1.2377455","1.2377455","1.663981","1.6296843","1.6615645","0.6365949","2.2414362","1.8803174","-0.093875535","-0.21134944","2.19089","-0.08875621","-0.083333336","-0.42969814","-1.2389371"
"Acinetobacter","0.57965076","0.7299107","1.2377455","1.2377455","1.2377455","3.0546927","2.809947","3.0485053","3.1034403","3.3768425","3.211545","-0.093875535","-0.21134944","2.19089","-0.08875621","-0.083333336","-0.42969814","-1.2389371"
"Acinetobacter antiviralis","0.57965076","0.7299107","-0.8079205","-0.8079205","-0.8079205","-0.64594126","-0.67825854","-0.64059675","-0.7282978","-0.6700486","-0.5664857","-0.093875535","-0.21134944","-0.45643547","-0.08875621","-0.083333336","-0.42969814","0.80714345"
"Acinetobacter baumannii","0.57965076","0.7299107","1.2377455","1.2377455","1.2377455","0.74477047","1.1074097","0.89417744","1.435006","1.2709413","0.60093606","-0.093875535","-0.21134944","-0.45643547","-0.08875621","-0.083333336","2.3272147","-1.2389371"
"Acinetobacter calcoaceticus","0.57965076","0.7299107","-0.8079205","-0.8079205","-0.8079205","-0.64594126","-0.67825854","-0.64059675","-0.7282978","-0.6700486","-0.5664857","-0.093875535","-0.21134944","-0.45643547","-0.08875621","-0.083333336","-0.42969814","0.80714345"
"Acinetobacter gerneri","0.57965076","0.7299107","-0.8079205","-0.8079205","-0.8079205","-0.64594126","-0.67825854","-0.64059675","-0.7282978","-0.6700486","-0.5664857","-0.093875535","-0.21134944","-0.45643547","-0.08875621","-0.083333336","-0.42969814","0.80714345"
"Acinetobacter guillouiae","0.57965076","0.7299107","-0.8079205","-0.8079205","-0.8079205","-0.64594126","-0.67825854","-0.64059675","-0.7282978","-0.6700486","-0.5664857","-0.093875535","-0.21134944","-0.45643547","-0.08875621","-0.083333336","-0.42969814","0.80714345"
"Acinetobacter johnsonii","0.57965076","0.7299107","1.2377455","1.2377455","1.2377455","0.049414594","0.21457562","0.12679036","0.6365949","0.30044636","0.17007542","-0.093875535","-0.21134944","-0.45643547","-0.08875621","-0.083333336","2.3272147","-1.2389371"
"Acinetobacter junii","0.57965076","0.7299107","-0.8079205","-0.8079205","-0.8079205","-0.64594126","-0.67825854","-0.64059675","-0.7282978","-0.6700486","-0.5664857","-0.093875535","-0.21134944","-0.45643547","-0.08875621","-0.083333336","-0.42969814","0.80714345"
"Acinetobacter lwoffii","0.57965076","0.7299107","1.2377455","1.2377455","1.2377455","0.96862507","1.1074097","0.89417744","1.435006","1.2709413","0.90663654","-0.093875535","-0.21134944","-0.45643547","-0.08875621","-0.083333336","2.3272147","-1.2389371"
"Acinetobacter radioresistens","0.57965076","0.7299107","-0.8079205","-0.8079205","-0.8079205","-0.64594126","-0.67825854","-0.64059675","-0.7282978","-0.6700486","-0.5664857","-0.093875535","-0.21134944","-0.45643547","-0.08875621","-0.083333336","-0.42969814","0.80714345"
"Acinetobacter rhizosphaerae","0.57965076","-1.3700308","-0.8079205","-0.8079205","-0.8079205","-0.64594126","-0.67825854","-0.64059675","-0.7282978","-0.6700486","-0.5664857","-0.093875535","-0.21134944","-0.45643547","-0.08875621","-0.083333336","-0.42969814","0.80714345"
"Acremonium","0.57965076","-1.3700308","1.2377455","1.2377455","1.2377455","0.45617172","0.73685014","0.57568306","1.435006","0.8681495","-0.5664857","-0.093875535","-0.21134944","2.19089","-0.08875621","-0.083333336","-0.42969814","-1.2389371"
"Acroconidiella","0.57965076","-1.3700308","-0.8079205","-0.8079205","-0.8079205","-0.64594126","-0.67825854","-0.64059675","-0.7282978","-0.6700486","-0.5664857","-0.093875535","-0.21134944","-0.45643547","-0.08875621","-0.083333336","-0.42969814","0.80714345"
"Actinobacillus","0.57965076","0.7299107","1.2377455","1.2377455","1.2377455","1.9271811","2.000244","2.0141265","2.0014877","2.6873124","1.9815972","-0.093875535","-0.21134944","2.19089","-0.08875621","-0.083333336","-0.42969814","-1.2389371"
"Actinobacillus actinomycetemcomitans serotype a","-1.7251766","-1.3700308","-0.8079205","-0.8079205","-0.8079205","-0.64594126","-0.67825854","-0.64059675","-0.7282978","-0.6700486","-0.5664857","-0.093875535","-0.21134944","-0.45643547","-0.08875621","-0.083333336","-0.42969814","0.80714345"
"Actinobacillus pleuropneumoniae","0.57965076","0.7299107","-0.8079205","-0.8079205","-0.8079205","-0.64594126","-0.67825854","-0.64059675","-0.7282978","-0.6700486","-0.5664857","-0.093875535","-0.21134944","-0.45643547","-0.08875621","-0.083333336","-0.42969814","0.80714345"
"Actinobacteria","0.57965076","0.7299107","1.2377455","1.2377455","1.2377455","3.7246504","3.360532","3.7549353","2.440885","3.7796342","3.9926987","10.652403","-0.21134944","-0.45643547","-0.08875621","-0.083333336","-0.42969814","-1.2389371"
"Actinobaculum","0.57965076","0.7299107","1.2377455","1.2377455","1.2377455","0.049414594","0.21457562","0.12679036","0.6365949","0.30044636","0.17007542","-0.093875535","-0.21134944","2.19089","-0.08875621","-0.083333336","-0.42969814","-1.2389371"
"Actinobaculum massiliense","0.57965076","0.7299107","1.2377455","1.2377455","1.2377455","0.049414594","0.21457562","0.12679036","0.6365949","0.30044636","0.17007542","-0.093875535","-0.21134944","-0.45643547","-0.08875621","-0.083333336","2.3272147","-1.2389371"
"Actinobaculum schaalii","0.57965076","-1.3700308","-0.8079205","-0.8079205","-0.8079205","-0.64594126","-0.67825854","-0.64059675","-0.7282978","-0.6700486","-0.5664857","-0.093875535","-0.21134944","-0.45643547","-0.08875621","-0.083333336","-0.42969814","0.80714345"
"Actinomyces","0.57965076","0.7299107","1.2377455","1.2377455","1.2377455","3.0546927","2.893078","3.2304063","2.7998989","3.4525435","3.149019","-0.093875535","-0.21134944","2.19089","-0.08875621","-0.083333336","-0.42969814","-1.2389371"
"Actinomyces dentalis","0.57965076","0.7299107","-0.8079205","-0.8079205","-0.8079205","-0.64594126","-0.67825854","-0.64059675","-0.7282978","-0.6700486","-0.5664857","-0.093875535","-0.21134944","-0.45643547","-0.08875621","-0.083333336","-0.42969814","0.80714345"
"Actinomyces europaeus","0.57965076","0.7299107","-0.8079205","-0.8079205","-0.8079205","-0.64594126","-0.67825854","-0.64059675","-0.7282978","-0.6700486","-0.5664857","-0.093875535","-0.21134944","-0.45643547","-0.08875621","-0.083333336","-0.42969814","0.80714345"
"Actinomyces georgiae","0.57965076","0.7299107","-0.8079205","-0.8079205","-0.8079205","-0.64594126","-0.67825854","-0.64059675","-0.7282978","-0.6700486","-0.5664857","-0.093875535","-0.21134944","-0.45643547","-0.08875621","-0.083333336","-0.42969814","0.80714345"
"Actinomyces gerencseriae","0.57965076","0.7299107","-0.8079205","-0.8079205","-0.8079205","-0.64594126","-0.67825854","-0.64059675","-0.7282978","-0.6700486","-0.5664857","-0.093875535","-0.21134944","-0.45643547","-0.08875621","-0.083333336","-0.42969814","0.80714345"
"Actinomyces graevenitzii","0.57965076","0.7299107","1.2377455","1.2377455","1.2377455","0.45617172","0.73685014","0.57568306","0.6365949","0.8681495","-0.5664857","-0.093875535","-0.21134944","-0.45643547","-0.08875621","-0.083333336","2.3272147","-1.2389371"
"Actinomyces israelii","0.57965076","0.7299107","-0.8079205","-0.8079205","-0.8079205","-0.64594126","-0.67825854","-0.64059675","-0.7282978","-0.6700486","-0.5664857","-0.093875535","-0.21134944","-0.45643547","-0.08875621","-0.083333336","-0.42969814","0.80714345"
"Actinomyces lingnae","0.57965076","0.7299107","-0.8079205","-0.8079205","-0.8079205","-0.64594126","-0.67825854","-0.64059675","-0.7282978","-0.6700486","-0.5664857","-0.093875535","-0.21134944","-0.45643547","-0.08875621","-0.083333336","-0.42969814","0.80714345"
"Actinomyces massiliensis","0.57965076","0.7299107","-0.8079205","-0.8079205","-0.8079205","-0.64594126","-0.67825854","-0.64059675","-0.7282978","-0.6700486","-0.5664857","-0.093875535","-0.21134944","-0.45643547","-0.08875621","-0.083333336","-0.42969814","0.80714345"
"Actinomyces meyeri","0.57965076","0.7299107","-0.8079205","-0.8079205","-0.8079205","-0.64594126","-0.67825854","-0.64059675","-0.7282978","-0.6700486","-0.5664857","-0.093875535","-0.21134944","-0.45643547","-0.08875621","-0.083333336","-0.42969814","0.80714345"
"Actinomyces naeslundii","0.57965076","0.7299107","-0.8079205","-0.8079205","-0.8079205","-0.64594126","-0.67825854","-0.64059675","-0.7282978","-0.6700486","-0.5664857","-0.093875535","-0.21134944","-0.45643547","-0.08875621","-0.083333336","-0.42969814","0.80714345"
"Actinomyces neuii","0.57965076","0.7299107","-0.8079205","-0.8079205","-0.8079205","-0.64594126","-0.67825854","-0.64059675","-0.7282978","-0.6700486","-0.5664857","-0.093875535","-0.21134944","-0.45643547","-0.08875621","-0.083333336","-0.42969814","0.80714345"
"Actinomyces odontolyticus","0.57965076","0.7299107","-0.8079205","-0.8079205","-0.8079205","-0.64594126","-0.67825854","-0.64059675","-0.7282978","-0.6700486","-0.5664857","-0.093875535","-0.21134944","-0.45643547","-0.08875621","-0.083333336","-0.42969814","0.80714345"
"Actinomyces oris","0.57965076","0.7299107","1.2377455","1.2377455","1.2377455","0.45617172","0.73685014","0.57568306","1.435006","0.8681495","0.17007542","-0.093875535","-0.21134944","-0.45643547","-0.08875621","-0.083333336","2.3272147","-1.2389371"
"Actinomyces sp.","-1.7251766","-1.3700308","-0.8079205","-0.8079205","-0.8079205","-0.64594126","-0.67825854","-0.64059675","-0.7282978","-0.6700486","-0.5664857","-0.093875535","-0.21134944","-0.45643547","-0.08875621","-0.083333336","-0.42969814","0.80714345"
"Actinomyces urogenitalis","0.57965076","0.7299107","-0.8079205","-0.8079205","-0.8079205","-0.64594126","-0.67825854","-0.64059675","-0.7282978","-0.6700486","-0.5664857","-0.093875535","-0.21134944","-0.45643547","-0.08875621","-0.083333336","-0.42969814","0.80714345"
"Actinomyces viscosus","0.57965076","0.7299107","1.2377455","1.2377455","1.2377455","0.45617172","0.73685014","0.57568306","0.6365949","0.30044636","-0.5664857","-0.093875535","-0.21134944","-0.45643547","-0.08875621","-0.083333336","2.3272147","-1.2389371"
"Actinomycetaceae","0.57965076","0.7299107","1.2377455","1.2377455","1.2377455","2.3078802","2.6256204","2.4960694","1.435006","2.553866","2.237864","-0.093875535","4.7315","-0.45643547","-0.08875621","-0.083333336","-0.42969814","-1.2389371"
"Actinomycetales","0.57965076","0.7299107","1.2377455","1.2377455","1.2377455","2.3593369","2.4104402","2.5593498","1.435006","2.4063475","2.4441805","-0.093875535","-0.21134944","-0.45643547","11.266818","-0.083333336","-0.42969814","-1.2389371"
"Actinomycetales	","-1.7251766","-1.3700308","-0.8079205","-0.8079205","-0.8079205","-0.64594126","-0.67825854","-0.64059675","-0.7282978","-0.6700486","-0.5664857","-0.093875535","-0.21134944","-0.45643547","-0.08875621","-0.083333336","-0.42969814","0.80714345"
"Actinotalea","0.57965076","0.7299107","1.2377455","1.2377455","1.2377455","0.74477047","0.21457562","0.12679036","0.6365949","0.30044636","0.90663654","-0.093875535","-0.21134944","2.19089","-0.08875621","-0.083333336","-0.42969814","-1.2389371"
"Adlercreutzia","0.57965076","0.7299107","1.2377455","1.2377455","1.2377455","1.4401263","1.8282436","1.5137312","1.435006","0.30044636","1.3374971","-0.093875535","-0.21134944","2.19089","-0.08875621","-0.083333336","-0.42969814","-1.2389371"
"Adlercreutzia equolifaciens","0.57965076","0.7299107","1.2377455","1.2377455","1.2377455","0.45617172","0.73685014","0.12679036","0.6365949","0.30044636","-0.5664857","-0.093875535","-0.21134944","-0.45643547","-0.08875621","-0.083333336","2.3272147","-1.2389371"
"Adlercreutzia spp","-1.7251766","-1.3700308","-0.8079205","-0.8079205","-0.8079205","-0.64594126","-0.67825854","-0.64059675","-0.7282978","-0.6700486","-0.5664857","-0.093875535","-0.21134944","-0.45643547","-0.08875621","-0.083333336","-0.42969814","0.80714345"
"Aeribacillus","0.57965076","0.7299107","-0.8079205","-0.8079205","-0.8079205","-0.64594126","-0.67825854","-0.64059675","-0.7282978","-0.6700486","-0.5664857","-0.093875535","-0.21134944","-0.45643547","-0.08875621","-0.083333336","-0.42969814","0.80714345"
"Aerococcaceae","0.57965076","0.7299107","1.2377455","1.2377455","1.2377455","1.3061694","1.6296843","1.34307","0.6365949","1.5833708","1.5013028","-0.093875535","4.7315","-0.45643547","-0.08875621","-0.083333336","-0.42969814","-1.2389371"
"Aerococcus","0.57965076","0.7299107","1.2377455","1.2377455","1.2377455","0.74477047","1.1074097","0.89417744","1.435006","1.2709413","0.60093606","-0.093875535","-0.21134944","2.19089","-0.08875621","-0.083333336","-0.42969814","-1.2389371"
"Aerococcus christensenii","0.57965076","0.7299107","-0.8079205","-0.8079205","-0.8079205","-0.64594126","-0.67825854","-0.64059675","-0.7282978","-0.6700486","-0.5664857","-0.093875535","-0.21134944","-0.45643547","-0.08875621","-0.083333336","-0.42969814","0.80714345"
"Aerococcus urinae","0.57965076","0.7299107","-0.8079205","-0.8079205","-0.8079205","-0.64594126","-0.67825854","-0.64059675","-0.7282978","-0.6700486","-0.5664857","-0.093875535","-0.21134944","-0.45643547","-0.08875621","-0.083333336","-0.42969814","0.80714345"
"Aeromicrobium","0.57965076","0.7299107","-0.8079205","-0.8079205","-0.8079205","-0.64594126","-0.67825854","-0.64059675","-0.7282978","-0.6700486","-0.5664857","-0.093875535","-0.21134944","-0.45643547","-0.08875621","-0.083333336","-0.42969814","0.80714345"
"Aeromonadaceae","0.57965076","-1.3700308","1.2377455","1.2377455","1.2377455","1.3061694","1.3948382","1.34307","0.6365949","1.8386444","1.5013028","-0.093875535","4.7315","-0.45643547","-0.08875621","-0.083333336","-0.42969814","-1.2389371"
"Aeromonas","0.57965076","0.7299107","1.2377455","1.2377455","1.2377455","0.96862507","1.3948382","1.1412209","1.435006","1.2709413","0.90663654","-0.093875535","-0.21134944","2.19089","-0.08875621","-0.083333336","-0.42969814","-1.2389371"
"Aestuariimicrobium","0.57965076","0.7299107","-0.8079205","-0.8079205","-0.8079205","-0.64594126","-0.67825854","-0.64059675","-0.7282978","-0.6700486","-0.5664857","-0.093875535","-0.21134944","-0.45643547","-0.08875621","-0.083333336","-0.42969814","0.80714345"
"Afipia","0.57965076","0.7299107","-0.8079205","-0.8079205","-0.8079205","-0.64594126","-0.67825854","-0.64059675","-0.7282978","-0.6700486","-0.5664857","-0.093875535","-0.21134944","-0.45643547","-0.08875621","-0.083333336","-0.42969814","0.80714345"
"Agarivorans gilvus","-1.7251766","-1.3700308","-0.8079205","-0.8079205","-0.8079205","-0.64594126","-0.67825854","-0.64059675","-0.7282978","-0.6700486","-0.5664857","-0.093875535","-0.21134944","-0.45643547","-0.08875621","-0.083333336","-0.42969814","0.80714345"
"Agathobacter","0.57965076","0.7299107","-0.8079205","-0.8079205","-0.8079205","-0.64594126","-0.67825854","-0.64059675","-0.7282978","-0.6700486","-0.5664857","-0.093875535","-0.21134944","-0.45643547","-0.08875621","-0.083333336","-0.42969814","0.80714345"
"Agathobacter_uc","-1.7251766","-1.3700308","-0.8079205","-0.8079205","-0.8079205","-0.64594126","-0.67825854","-0.64059675","-0.7282978","-0.6700486","-0.5664857","-0.093875535","-0.21134944","-0.45643547","-0.08875621","-0.083333336","-0.42969814","0.80714345"
"Agathobaculum desmolans","0.57965076","-1.3700308","1.2377455","1.2377455","1.2377455","0.74477047","0.73685014","0.89417744","1.435006","0.30044636","0.60093606","-0.093875535","-0.21134944","-0.45643547","-0.08875621","-0.083333336","2.3272147","-1.2389371"
"Aggregatibacter","0.57965076","0.7299107","1.2377455","1.2377455","1.2377455","2.7320843","2.809947","2.6192079","2.440885","2.9212093","2.8539982","-0.093875535","-0.21134944","2.19089","-0.08875621","-0.083333336","-0.42969814","-1.2389371"
"Aggregatibacter actinomycetemcomitans","0.57965076","0.7299107","1.2377455","1.2377455","1.2377455","0.74477047","0.73685014","0.57568306","1.435006","0.8681495","0.60093606","-0.093875535","-0.21134944","-0.45643547","-0.08875621","-0.083333336","2.3272147","-1.2389371"
"Aggregatibacter aphrophilus","0.57965076","0.7299107","1.2377455","1.2377455","1.2377455","0.049414594","0.21457562","0.12679036","0.6365949","0.30044636","0.17007542","-0.093875535","-0.21134944","-0.45643547","-0.08875621","-0.083333336","2.3272147","-1.2389371"
"Aggregatibacter segnis","0.57965076","0.7299107","1.2377455","1.2377455","1.2377455","1.4401263","1.3948382","1.34307","0.6365949","1.5833708","1.6431977","-0.093875535","-0.21134944","-0.45643547","-0.08875621","-0.083333336","2.3272147","-1.2389371"
"Agrobacterium","0.57965076","0.7299107","-0.8079205","-0.8079205","-0.8079205","-0.64594126","-0.67825854","-0.64059675","-0.7282978","-0.6700486","-0.5664857","-0.093875535","-0.21134944","-0.45643547","-0.08875621","-0.083333336","-0.42969814","0.80714345"
"Agrococcus","0.57965076","-1.3700308","1.2377455","1.2377455","1.2377455","0.45617172","0.21457562","0.12679036","0.6365949","0.30044636","0.60093606","-0.093875535","-0.21134944","2.19089","-0.08875621","-0.083333336","-0.42969814","-1.2389371"
"Akkermansia","0.57965076","0.7299107","1.2377455","1.2377455","1.2377455","3.2582798","2.7210782","3.2634566","1.435006","2.2414362","3.5019553","-0.093875535","-0.21134944","2.19089","-0.08875621","-0.083333336","-0.42969814","-1.2389371"
"Akkermansia muciniphila","0.57965076","0.7299107","1.2377455","1.2377455","1.2377455","2.1354823","1.8282436","2.1990728","2.440885","2.0544753","1.8803174","-0.093875535","-0.21134944","-0.45643547","-0.08875621","-0.083333336","2.3272147","-1.2389371"
"Akkermansia muciniphilia","-1.7251766","-1.3700308","-0.8079205","-0.8079205","-0.8079205","-0.64594126","-0.67825854","-0.64059675","-0.7282978","-0.6700486","-0.5664857","-0.093875535","-0.21134944","-0.45643547","-0.08875621","-0.083333336","-0.42969814","0.80714345"
"Akkermansia muciniphyla","-1.7251766","-1.3700308","-0.8079205","-0.8079205","-0.8079205","-0.64594126","-0.67825854","-0.64059675","-0.7282978","-0.6700486","-0.5664857","-0.093875535","-0.21134944","-0.45643547","-0.08875621","-0.083333336","-0.42969814","0.80714345"
"Akkermansia mucinphila","-1.7251766","-1.3700308","-0.8079205","-0.8079205","-0.8079205","-0.64594126","-0.67825854","-0.64059675","-0.7282978","-0.6700486","-0.5664857","-0.093875535","-0.21134944","-0.45643547","-0.08875621","-0.083333336","-0.42969814","0.80714345"
"Akkermansia municiphila","-1.7251766","-1.3700308","-0.8079205","-0.8079205","-0.8079205","-0.64594126","-0.67825854","-0.64059675","-0.7282978","-0.6700486","-0.5664857","-0.093875535","-0.21134944","-0.45643547","-0.08875621","-0.083333336","-0.42969814","0.80714345"
"Akkermansia sp","-1.7251766","-1.3700308","-0.8079205","-0.8079205","-0.8079205","-0.64594126","-0.67825854","-0.64059675","-0.7282978","-0.6700486","-0.5664857","-0.093875535","-0.21134944","-0.45643547","-0.08875621","-0.083333336","-0.42969814","0.80714345"
"Akkermansia spp","-1.7251766","-1.3700308","-0.8079205","-0.8079205","-0.8079205","-0.64594126","-0.67825854","-0.64059675","-0.7282978","-0.6700486","-0.5664857","-0.093875535","-0.21134944","-0.45643547","-0.08875621","-0.083333336","-0.42969814","0.80714345"
"Akkermansia spp.","-1.7251766","-1.3700308","-0.8079205","-0.8079205","-0.8079205","-0.64594126","-0.67825854","-0.64059675","-0.7282978","-0.6700486","-0.5664857","-0.093875535","-0.21134944","-0.45643547","-0.08875621","-0.083333336","-0.42969814","0.80714345"
"Akkermansiaceae","0.57965076","-1.3700308","1.2377455","1.2377455","1.2377455","0.049414594","0.21457562","0.12679036","0.6365949","0.30044636","0.17007542","-0.093875535","4.7315","-0.45643547","-0.08875621","-0.083333336","-0.42969814","-1.2389371"
"Alcaligenaceae","0.57965076","0.7299107","1.2377455","1.2377455","1.2377455","2.1963","2.151959","2.3575008","0.6365949","2.0544753","2.4441805","-0.093875535","4.7315","-0.45643547","-0.08875621","-0.083333336","-0.42969814","-1.2389371"
"Alcaligeneaceae","-1.7251766","-1.3700308","-0.8079205","-0.8079205","-0.8079205","-0.64594126","-0.67825854","-0.64059675","-0.7282978","-0.6700486","-0.5664857","-0.093875535","-0.21134944","-0.45643547","-0.08875621","-0.083333336","-0.42969814","0.80714345"
"Alicycliphilus","0.57965076","0.7299107","-0.8079205","-0.8079205","-0.8079205","-0.64594126","-0.67825854","-0.64059675","-0.7282978","-0.6700486","-0.5664857","-0.093875535","-0.21134944","-0.45643547","-0.08875621","-0.083333336","-0.42969814","0.80714345"
"Alicyclobacillus","0.57965076","0.7299107","1.2377455","1.2377455","1.2377455","0.45617172","0.21457562","0.12679036","0.6365949","0.30044636","0.60093606","-0.093875535","-0.21134944","2.19089","-0.08875621","-0.083333336","-0.42969814","-1.2389371"
"Aliihoeflea","0.57965076","0.7299107","1.2377455","1.2377455","1.2377455","0.049414594","0.21457562","0.12679036","0.6365949","0.30044636","0.17007542","-0.093875535","-0.21134944","2.19089","-0.08875621","-0.083333336","-0.42969814","-1.2389371"
"Alishewanella","0.57965076","0.7299107","-0.8079205","-0.8079205","-0.8079205","-0.64594126","-0.67825854","-0.64059675","-0.7282978","-0.6700486","-0.5664857","-0.093875535","-0.21134944","-0.45643547","-0.08875621","-0.083333336","-0.42969814","0.80714345"
"Alistipes","0.57965076","0.7299107","1.2377455","1.2377455","1.2377455","3.029294","2.7210782","3.0873551","2.0014877","2.2414362","3.1807415","-0.093875535","-0.21134944","2.19089","-0.08875621","-0.083333336","-0.42969814","-1.2389371"
"Alistipes finegoldii","0.57965076","0.7299107","1.2377455","1.2377455","1.2377455","0.049414594","0.21457562","0.12679036","0.6365949","0.30044636","-0.5664857","-0.093875535","-0.21134944","-0.45643547","-0.08875621","-0.083333336","2.3272147","-1.2389371"
"Alistipes ihumii","0.57965076","0.7299107","-0.8079205","-0.8079205","-0.8079205","-0.64594126","-0.67825854","-0.64059675","-0.7282978","-0.6700486","-0.5664857","-0.093875535","-0.21134944","-0.45643547","-0.08875621","-0.083333336","-0.42969814","0.80714345"
"Alistipes indistinctus","0.57965076","0.7299107","1.2377455","1.2377455","1.2377455","0.74477047","0.73685014","0.57568306","1.435006","0.30044636","0.17007542","-0.093875535","-0.21134944","-0.45643547","-0.08875621","-0.083333336","2.3272147","-1.2389371"
"Alistipes obesi","0.57965076","0.7299107","1.2377455","1.2377455","1.2377455","0.45617172","0.73685014","0.12679036","0.6365949","0.30044636","-0.5664857","-0.093875535","-0.21134944","-0.45643547","-0.08875621","-0.083333336","2.3272147","-1.2389371"
"Alistipes onderdonkii","0.57965076","0.7299107","1.2377455","1.2377455","1.2377455","0.049414594","0.21457562","0.12679036","0.6365949","0.30044636","-0.5664857","-0.093875535","-0.21134944","-0.45643547","-0.08875621","-0.083333336","2.3272147","-1.2389371"
"Alistipes putredinis","0.57965076","0.7299107","1.2377455","1.2377455","1.2377455","1.1515275","1.1074097","1.34307","2.0014877","0.8681495","0.60093606","-0.093875535","-0.21134944","-0.45643547","-0.08875621","-0.083333336","2.3272147","-1.2389371"
"Alistipes shahii","0.57965076","0.7299107","1.2377455","1.2377455","1.2377455","1.1515275","1.1074097","1.34307","1.435006","0.30044636","0.17007542","-0.093875535","-0.21134944","-0.45643547","-0.08875621","-0.083333336","2.3272147","-1.2389371"
"Alistipes spp","-1.7251766","-1.3700308","-0.8079205","-0.8079205","-0.8079205","-0.64594126","-0.67825854","-0.64059675","-0.7282978","-0.6700486","-0.5664857","-0.093875535","-0.21134944","-0.45643547","-0.08875621","-0.083333336","-0.42969814","0.80714345"
"Alkaliphilus","0.57965076","0.7299107","1.2377455","1.2377455","1.2377455","0.45617172","0.21457562","0.12679036","0.6365949","0.30044636","-0.5664857","-0.093875535","-0.21134944","2.19089","-0.08875621","-0.083333336","-0.42969814","-1.2389371"
"Alkaliphilus oremlandii","0.57965076","0.7299107","-0.8079205","-0.8079205","-0.8079205","-0.64594126","-0.67825854","-0.64059675","-0.7282978","-0.6700486","-0.5664857","-0.093875535","-0.21134944","-0.45643547","-0.08875621","-0.083333336","-0.42969814","0.80714345"
"Alkanindiges","-1.7251766","-1.3700308","-0.8079205","-0.8079205","-0.8079205","-0.64594126","-0.67825854","-0.64059675","-0.7282978","-0.6700486","-0.5664857","-0.093875535","-0.21134944","-0.45643547","-0.08875621","-0.083333336","-0.42969814","0.80714345"
"Allisonella","0.57965076","0.7299107","1.2377455","1.2377455","1.2377455","0.74477047","1.1074097","0.89417744","0.6365949","0.30044636","0.90663654","-0.093875535","-0.21134944","2.19089","-0.08875621","-0.083333336","-0.42969814","-1.2389371"
"Allisonella histaminiformans","0.57965076","0.7299107","-0.8079205","-0.8079205","-0.8079205","-0.64594126","-0.67825854","-0.64059675","-0.7282978","-0.6700486","-0.5664857","-0.093875535","-0.21134944","-0.45643547","-0.08875621","-0.083333336","-0.42969814","0.80714345"
"Allobaculum","0.57965076","0.7299107","1.2377455","1.2377455","1.2377455","0.74477047","1.1074097","0.89417744","0.6365949","0.8681495","0.90663654","-0.093875535","-0.21134944","2.19089","-0.08875621","-0.083333336","-0.42969814","-1.2389371"
"Allobaculum spp","-1.7251766","-1.3700308","-0.8079205","-0.8079205","-0.8079205","-0.64594126","-0.67825854","-0.64059675","-0.7282978","-0.6700486","-0.5664857","-0.093875535","-0.21134944","-0.45643547","-0.08875621","-0.083333336","-0.42969814","0.80714345"
"Allobaculum spp.","-1.7251766","-1.3700308","-0.8079205","-0.8079205","-0.8079205","-0.64594126","-0.67825854","-0.64059675","-0.7282978","-0.6700486","-0.5664857","-0.093875535","-0.21134944","-0.45643547","-0.08875621","-0.083333336","-0.42969814","0.80714345"
"Allobaculum-like bacteria","-1.7251766","-1.3700308","-0.8079205","-0.8079205","-0.8079205","-0.64594126","-0.67825854","-0.64059675","-0.7282978","-0.6700486","-0.5664857","-0.093875535","-0.21134944","-0.45643547","-0.08875621","-0.083333336","-0.42969814","0.80714345"
"Alloiococcus","0.57965076","0.7299107","1.2377455","1.2377455","1.2377455","0.049414594","0.21457562","0.12679036","0.6365949","0.30044636","0.17007542","-0.093875535","-0.21134944","2.19089","-0.08875621","-0.083333336","-0.42969814","-1.2389371"
"Alloprevotella","0.57965076","0.7299107","1.2377455","1.2377455","1.2377455","1.9271811","1.8282436","2.0141265","1.435006","2.4063475","2.0740583","-0.093875535","-0.21134944","2.19089","-0.08875621","-0.083333336","-0.42969814","-1.2389371"
"Alloprevotella rava","0.57965076","0.7299107","-0.8079205","-0.8079205","-0.8079205","-0.64594126","-0.67825854","-0.64059675","-0.7282978","-0.6700486","-0.5664857","-0.093875535","-0.21134944","-0.45643547","-0.08875621","-0.083333336","-0.42969814","0.80714345"
"Alloprevotella tannerae","0.57965076","0.7299107","1.2377455","1.2377455","1.2377455","1.1515275","1.1074097","0.89417744","1.435006","1.2709413","1.1437563","-0.093875535","-0.21134944","-0.45643547","-0.08875621","-0.083333336","2.3272147","-1.2389371"
"Alloscardovia","0.57965076","0.7299107","-0.8079205","-0.8079205","-0.8079205","-0.64594126","-0.67825854","-0.64059675","-0.7282978","-0.6700486","-0.5664857","-0.093875535","-0.21134944","-0.45643547","-0.08875621","-0.083333336","-0.42969814","0.80714345"
"Alloscardovia omnicolens","0.57965076","0.7299107","1.2377455","1.2377455","1.2377455","0.74477047","0.73685014","0.57568306","0.6365949","0.8681495","0.90663654","-0.093875535","-0.21134944","-0.45643547","-0.08875621","-0.083333336","2.3272147","-1.2389371"
"Alphaproteobacteria","0.57965076","0.7299107","1.2377455","1.2377455","1.2377455","2.3078802","2.6256204","2.4289515","2.0014877","2.6873124","2.4441805","10.652403","-0.21134944","-0.45643547","-0.08875621","-0.083333336","-0.42969814","-1.2389371"
"Alpinimonas","-1.7251766","-1.3700308","-0.8079205","-0.8079205","-0.8079205","-0.64594126","-0.67825854","-0.64059675","-0.7282978","-0.6700486","-0.5664857","-0.093875535","-0.21134944","-0.45643547","-0.08875621","-0.083333336","-0.42969814","0.80714345"
"Altered bacterial composition","-1.7251766","-1.3700308","-0.8079205","-0.8079205","-0.8079205","-0.64594126","-0.67825854","-0.64059675","-0.7282978","-0.6700486","-0.5664857","-0.093875535","-0.21134944","-0.45643547","-0.08875621","-0.083333336","-0.42969814","0.80714345"
"Alternaria","0.57965076","0.7299107","-0.8079205","-0.8079205","-0.8079205","-0.64594126","-0.67825854","-0.64059675","-0.7282978","-0.6700486","-0.5664857","-0.093875535","-0.21134944","-0.45643547","-0.08875621","-0.083333336","-0.42969814","0.80714345"
"Alternaria alternata","0.57965076","0.7299107","-0.8079205","-0.8079205","-0.8079205","-0.64594126","-0.67825854","-0.64059675","-0.7282978","-0.6700486","-0.5664857","-0.093875535","-0.21134944","-0.45643547","-0.08875621","-0.083333336","-0.42969814","0.80714345"
"Alternaria brassicicola","0.57965076","0.7299107","-0.8079205","-0.8079205","-0.8079205","-0.64594126","-0.67825854","-0.64059675","-0.7282978","-0.6700486","-0.5664857","-0.093875535","-0.21134944","-0.45643547","-0.08875621","-0.083333336","-0.42969814","0.80714345"
"Alternaria tamaricis","0.57965076","-1.3700308","-0.8079205","-0.8079205","-0.8079205","-0.64594126","-0.67825854","-0.64059675","-0.7282978","-0.6700486","-0.5664857","-0.093875535","-0.21134944","-0.45643547","-0.08875621","-0.083333336","-0.42969814","0.80714345"
"Alteromonadaceae","0.57965076","-1.3700308","1.2377455","1.2377455","1.2377455","0.45617172","0.73685014","0.57568306","1.435006","0.30044636","0.17007542","-0.093875535","4.7315","-0.45643547","-0.08875621","-0.083333336","-0.42969814","-1.2389371"
"Alteromonas","0.57965076","-1.3700308","1.2377455","1.2377455","1.2377455","0.049414594","0.21457562","0.12679036","0.6365949","0.30044636","0.17007542","-0.093875535","-0.21134944","2.19089","-0.08875621","-0.083333336","-0.42969814","-1.2389371"
"Alysiella","0.57965076","0.7299107","-0.8079205","-0.8079205","-0.8079205","-0.64594126","-0.67825854","-0.64059675","-0.7282978","-0.6700486","-0.5664857","-0.093875535","-0.21134944","-0.45643547","-0.08875621","-0.083333336","-0.42969814","0.80714345"
"Amaricoccus","0.57965076","0.7299107","-0.8079205","-0.8079205","-0.8079205","-0.64594126","-0.67825854","-0.64059675","-0.7282978","-0.6700486","-0.5664857","-0.093875535","-0.21134944","-0.45643547","-0.08875621","-0.083333336","-0.42969814","0.80714345"
"Aminobacterium","0.57965076","0.7299107","-0.8079205","-0.8079205","-0.8079205","-0.64594126","-0.67825854","-0.64059675","-0.7282978","-0.6700486","-0.5664857","-0.093875535","-0.21134944","-0.45643547","-0.08875621","-0.083333336","-0.42969814","0.80714345"
"Ammoniphilus","0.57965076","0.7299107","-0.8079205","-0.8079205","-0.8079205","-0.64594126","-0.67825854","-0.64059675","-0.7282978","-0.6700486","-0.5664857","-0.093875535","-0.21134944","-0.45643547","-0.08875621","-0.083333336","-0.42969814","0.80714345"
"Ammoniphilus spp.","-1.7251766","-1.3700308","-0.8079205","-0.8079205","-0.8079205","-0.64594126","-0.67825854","-0.64059675","-0.7282978","-0.6700486","-0.5664857","-0.093875535","-0.21134944","-0.45643547","-0.08875621","-0.083333336","-0.42969814","0.80714345"
"Amoxicillin-Clavulanate","-1.7251766","-1.3700308","-0.8079205","-0.8079205","-0.8079205","-0.64594126","-0.67825854","-0.64059675","-0.7282978","-0.6700486","-0.5664857","-0.093875535","-0.21134944","-0.45643547","-0.08875621","-0.083333336","-0.42969814","0.80714345"
"Amphritea","0.57965076","0.7299107","-0.8079205","-0.8079205","-0.8079205","-0.64594126","-0.67825854","-0.64059675","-0.7282978","-0.6700486","-0.5664857","-0.093875535","-0.21134944","-0.45643547","-0.08875621","-0.083333336","-0.42969814","0.80714345"
"Anabaena","0.57965076","0.7299107","-0.8079205","-0.8079205","-0.8079205","-0.64594126","-0.67825854","-0.64059675","-0.7282978","-0.6700486","-0.5664857","-0.093875535","-0.21134944","-0.45643547","-0.08875621","-0.083333336","-0.42969814","0.80714345"
"Anaerococcus","0.57965076","0.7299107","1.2377455","1.2377455","1.2377455","1.663981","1.1074097","1.6615645","1.435006","1.2709413","1.6431977","-0.093875535","-0.21134944","2.19089","-0.08875621","-0.083333336","-0.42969814","-1.2389371"
"Anaerococcus degenerii","0.57965076","0.7299107","-0.8079205","-0.8079205","-0.8079205","-0.64594126","-0.67825854","-0.64059675","-0.7282978","-0.6700486","-0.5664857","-0.093875535","-0.21134944","-0.45643547","-0.08875621","-0.083333336","-0.42969814","0.80714345"
"Anaerococcus hydrogenalis","0.57965076","0.7299107","-0.8079205","-0.8079205","-0.8079205","-0.64594126","-0.67825854","-0.64059675","-0.7282978","-0.6700486","-0.5664857","-0.093875535","-0.21134944","-0.45643547","-0.08875621","-0.083333336","-0.42969814","0.80714345"
"Anaerococcus lactolyticus","0.57965076","0.7299107","-0.8079205","-0.8079205","-0.8079205","-0.64594126","-0.67825854","-0.64059675","-0.7282978","-0.6700486","-0.5664857","-0.093875535","-0.21134944","-0.45643547","-0.08875621","-0.083333336","-0.42969814","0.80714345"
"Anaerococcus prevotii","0.57965076","0.7299107","-0.8079205","-0.8079205","-0.8079205","-0.64594126","-0.67825854","-0.64059675","-0.7282978","-0.6700486","-0.5664857","-0.093875535","-0.21134944","-0.45643547","-0.08875621","-0.083333336","-0.42969814","0.80714345"
"Anaerococcus tetradius","0.57965076","0.7299107","1.2377455","1.2377455","1.2377455","0.049414594","0.21457562","0.12679036","0.6365949","0.30044636","0.17007542","-0.093875535","-0.21134944","-0.45643547","-0.08875621","-0.083333336","2.3272147","-1.2389371"
"Anaerococcus vaginalis","0.57965076","0.7299107","-0.8079205","-0.8079205","-0.8079205","-0.64594126","-0.67825854","-0.64059675","-0.7282978","-0.6700486","-0.5664857","-0.093875535","-0.21134944","-0.45643547","-0.08875621","-0.083333336","-0.42969814","0.80714345"
"Anaerofilum","0.57965076","0.7299107","-0.8079205","-0.8079205","-0.8079205","-0.64594126","-0.67825854","-0.64059675","-0.7282978","-0.6700486","-0.5664857","-0.093875535","-0.21134944","-0.45643547","-0.08875621","-0.083333336","-0.42969814","0.80714345"
"Anaerofustis","0.57965076","0.7299107","1.2377455","1.2377455","1.2377455","1.7595948","1.3948382","1.1412209","0.6365949","0.30044636","1.9815972","-0.093875535","-0.21134944","2.19089","-0.08875621","-0.083333336","-0.42969814","-1.2389371"
"Anaerofustis stercorihominis","0.57965076","0.7299107","-0.8079205","-0.8079205","-0.8079205","-0.64594126","-0.67825854","-0.64059675","-0.7282978","-0.6700486","-0.5664857","-0.093875535","-0.21134944","-0.45643547","-0.08875621","-0.083333336","-0.42969814","0.80714345"
"Anaeroglobus","0.57965076","0.7299107","1.2377455","1.2377455","1.2377455","0.74477047","0.73685014","0.57568306","0.6365949","0.8681495","0.90663654","-0.093875535","-0.21134944","2.19089","-0.08875621","-0.083333336","-0.42969814","-1.2389371"
"Anaeroglobus geminatus","0.57965076","0.7299107","-0.8079205","-0.8079205","-0.8079205","-0.64594126","-0.67825854","-0.64059675","-0.7282978","-0.6700486","-0.5664857","-0.093875535","-0.21134944","-0.45643547","-0.08875621","-0.083333336","-0.42969814","0.80714345"
"Anaerolineaceae","0.57965076","-1.3700308","-0.8079205","-0.8079205","-0.8079205","-0.64594126","-0.67825854","-0.64059675","-0.7282978","-0.6700486","-0.5664857","-0.093875535","-0.21134944","-0.45643547","-0.08875621","-0.083333336","-0.42969814","0.80714345"
"Anaeromyxobacter","0.57965076","0.7299107","-0.8079205","-0.8079205","-0.8079205","-0.64594126","-0.67825854","-0.64059675","-0.7282978","-0.6700486","-0.5664857","-0.093875535","-0.21134944","-0.45643547","-0.08875621","-0.083333336","-0.42969814","0.80714345"
"Anaerorhabdus","0.57965076","0.7299107","1.2377455","1.2377455","1.2377455","0.74477047","0.73685014","0.57568306","0.6365949","0.8681495","0.90663654","-0.093875535","-0.21134944","2.19089","-0.08875621","-0.083333336","-0.42969814","-1.2389371"
"Anaerosporobacter","0.57965076","0.7299107","1.2377455","1.2377455","1.2377455","0.049414594","0.21457562","0.12679036","0.6365949","0.30044636","0.17007542","-0.093875535","-0.21134944","2.19089","-0.08875621","-0.083333336","-0.42969814","-1.2389371"
"Anaerostipes","0.57965076","0.7299107","1.2377455","1.2377455","1.2377455","2.7989883","2.7210782","2.9230385","0.6365949","2.4063475","3.0825827","-0.093875535","-0.21134944","2.19089","-0.08875621","-0.083333336","-0.42969814","-1.2389371"
"Anaerostipes hadrus","0.57965076","0.7299107","-0.8079205","-0.8079205","-0.8079205","-0.64594126","-0.67825854","-0.64059675","-0.7282978","-0.6700486","-0.5664857","-0.093875535","-0.21134944","-0.45643547","-0.08875621","-0.083333336","-0.42969814","0.80714345"
"Anaerotruncus","0.57965076","0.7299107","1.2377455","1.2377455","1.2377455","2.4995441","2.151959","2.5593498","2.0014877","1.2709413","2.6687245","-0.093875535","-0.21134944","2.19089","-0.08875621","-0.083333336","-0.42969814","-1.2389371"
"Anaerotruncus colihominis","0.57965076","0.7299107","1.2377455","1.2377455","1.2377455","0.96862507","1.1074097","0.89417744","1.435006","0.30044636","0.17007542","-0.093875535","-0.21134944","-0.45643547","-0.08875621","-0.083333336","2.3272147","-1.2389371"
"Anaerovibrio","0.57965076","0.7299107","-0.8079205","-0.8079205","-0.8079205","-0.64594126","-0.67825854","-0.64059675","-0.7282978","-0.6700486","-0.5664857","-0.093875535","-0.21134944","-0.45643547","-0.08875621","-0.083333336","-0.42969814","0.80714345"
"Anaerovorax","0.57965076","0.7299107","1.2377455","1.2377455","1.2377455","1.3061694","1.3948382","1.34307","1.435006","0.8681495","1.3374971","-0.093875535","-0.21134944","2.19089","-0.08875621","-0.083333336","-0.42969814","-1.2389371"
"Anelloviridae","0.57965076","-1.3700308","1.2377455","1.2377455","1.2377455","0.049414594","0.21457562","0.12679036","0.6365949","0.30044636","-0.5664857","-0.093875535","4.7315","-0.45643547","-0.08875621","-0.083333336","-0.42969814","-1.2389371"
"Aneurinibacillus","0.57965076","0.7299107","1.2377455","1.2377455","1.2377455","0.45617172","0.73685014","0.57568306","1.435006","0.8681495","0.17007542","-0.093875535","-0.21134944","2.19089","-0.08875621","-0.083333336","-0.42969814","-1.2389371"
"Anoxybacillus","0.57965076","0.7299107","1.2377455","1.2377455","1.2377455","0.74477047","0.21457562","0.89417744","0.6365949","1.2709413","0.90663654","-0.093875535","-0.21134944","2.19089","-0.08875621","-0.083333336","-0.42969814","-1.2389371"
"Anoxybacillus kestanbolensis","0.57965076","0.7299107","1.2377455","1.2377455","1.2377455","0.049414594","0.21457562","0.12679036","0.6365949","0.30044636","0.17007542","-0.093875535","-0.21134944","-0.45643547","-0.08875621","-0.083333336","2.3272147","-1.2389371"
"Antrodiella","0.57965076","0.7299107","1.2377455","1.2377455","1.2377455","0.049414594","0.21457562","0.12679036","0.6365949","0.30044636","0.17007542","-0.093875535","-0.21134944","2.19089","-0.08875621","-0.083333336","-0.42969814","-1.2389371"
"Aquabacterium","0.57965076","0.7299107","1.2377455","1.2377455","1.2377455","0.45617172","0.73685014","0.57568306","0.6365949","0.8681495","0.60093606","-0.093875535","-0.21134944","2.19089","-0.08875621","-0.083333336","-0.42969814","-1.2389371"
"Aquabacterium parvum","0.57965076","0.7299107","-0.8079205","-0.8079205","-0.8079205","-0.64594126","-0.67825854","-0.64059675","-0.7282978","-0.6700486","-0.5664857","-0.093875535","-0.21134944","-0.45643547","-0.08875621","-0.083333336","-0.42969814","0.80714345"
"Aquicella","0.57965076","0.7299107","-0.8079205","-0.8079205","-0.8079205","-0.64594126","-0.67825854","-0.64059675","-0.7282978","-0.6700486","-0.5664857","-0.093875535","-0.21134944","-0.45643547","-0.08875621","-0.083333336","-0.42969814","0.80714345"
"Arcanobacterium","0.57965076","0.7299107","1.2377455","1.2377455","1.2377455","0.049414594","0.21457562","0.12679036","0.6365949","0.30044636","-0.5664857","-0.093875535","-0.21134944","2.19089","-0.08875621","-0.083333336","-0.42969814","-1.2389371"
"Arcobacter","0.57965076","0.7299107","1.2377455","1.2377455","1.2377455","0.049414594","0.21457562","0.12679036","0.6365949","0.30044636","0.17007542","-0.093875535","-0.21134944","2.19089","-0.08875621","-0.083333336","-0.42969814","-1.2389371"
"Arhtrobacter cumminsii","0.57965076","0.7299107","-0.8079205","-0.8079205","-0.8079205","-0.64594126","-0.67825854","-0.64059675","-0.7282978","-0.6700486","-0.5664857","-0.093875535","-0.21134944","-0.45643547","-0.08875621","-0.083333336","-0.42969814","0.80714345"
"Armatimonadetes","0.57965076","0.7299107","-0.8079205","-0.8079205","-0.8079205","-0.64594126","-0.67825854","-0.64059675","-0.7282978","-0.6700486","-0.5664857","-0.093875535","-0.21134944","-0.45643547","-0.08875621","-0.083333336","-0.42969814","0.80714345"
"Arsenicicoccus","0.57965076","0.7299107","-0.8079205","-0.8079205","-0.8079205","-0.64594126","-0.67825854","-0.64059675","-0.7282978","-0.6700486","-0.5664857","-0.093875535","-0.21134944","-0.45643547","-0.08875621","-0.083333336","-0.42969814","0.80714345"
"Arthrobacter","0.57965076","0.7299107","1.2377455","1.2377455","1.2377455","0.049414594","0.21457562","0.12679036","0.6365949","0.30044636","0.17007542","-0.093875535","-0.21134944","2.19089","-0.08875621","-0.083333336","-0.42969814","-1.2389371"
"Arthrospira","0.57965076","0.7299107","1.2377455","1.2377455","1.2377455","0.049414594","0.21457562","0.12679036","0.6365949","0.30044636","0.17007542","-0.093875535","-0.21134944","2.19089","-0.08875621","-0.083333336","-0.42969814","-1.2389371"
"Asaccharobacter","0.57965076","0.7299107","1.2377455","1.2377455","1.2377455","0.96862507","0.21457562","0.12679036","0.6365949","0.30044636","1.1437563","-0.093875535","-0.21134944","2.19089","-0.08875621","-0.083333336","-0.42969814","-1.2389371"
"Ascomycota","0.57965076","0.7299107","1.2377455","1.2377455","1.2377455","0.049414594","0.21457562","0.12679036","0.6365949","0.30044636","-0.5664857","-0.093875535","-0.21134944","-0.45643547","-0.08875621","12.0","-0.42969814","-1.2389371"
"Aspergillaceae","0.57965076","-1.3700308","-0.8079205","-0.8079205","-0.8079205","-0.64594126","-0.67825854","-0.64059675","-0.7282978","-0.6700486","-0.5664857","-0.093875535","-0.21134944","-0.45643547","-0.08875621","-0.083333336","-0.42969814","0.80714345"
"Aspergillus","0.57965076","-1.3700308","-0.8079205","-0.8079205","-0.8079205","-0.64594126","-0.67825854","-0.64059675","-0.7282978","-0.6700486","-0.5664857","-0.093875535","-0.21134944","-0.45643547","-0.08875621","-0.083333336","-0.42969814","0.80714345"
"Aspergillus austroafricanus","0.57965076","-1.3700308","-0.8079205","-0.8079205","-0.8079205","-0.64594126","-0.67825854","-0.64059675","-0.7282978","-0.6700486","-0.5664857","-0.093875535","-0.21134944","-0.45643547","-0.08875621","-0.083333336","-0.42969814","0.80714345"
"Aspergillus clavatus","0.57965076","0.7299107","-0.8079205","-0.8079205","-0.8079205","-0.64594126","-0.67825854","-0.64059675","-0.7282978","-0.6700486","-0.5664857","-0.093875535","-0.21134944","-0.45643547","-0.08875621","-0.083333336","-0.42969814","0.80714345"
"Aspergillus flavus","0.57965076","-1.3700308","1.2377455","1.2377455","1.2377455","0.049414594","0.21457562","0.12679036","0.6365949","0.30044636","-0.5664857","-0.093875535","-0.21134944","-0.45643547","-0.08875621","-0.083333336","2.3272147","-1.2389371"
"Aspergillus fumigatus","0.57965076","0.7299107","-0.8079205","-0.8079205","-0.8079205","-0.64594126","-0.67825854","-0.64059675","-0.7282978","-0.6700486","-0.5664857","-0.093875535","-0.21134944","-0.45643547","-0.08875621","-0.083333336","-0.42969814","0.80714345"
"Aspergillus gracilis","0.57965076","-1.3700308","-0.8079205","-0.8079205","-0.8079205","-0.64594126","-0.67825854","-0.64059675","-0.7282978","-0.6700486","-0.5664857","-0.093875535","-0.21134944","-0.45643547","-0.08875621","-0.083333336","-0.42969814","0.80714345"
"Aspergillus niger","0.57965076","-1.3700308","-0.8079205","-0.8079205","-0.8079205","-0.64594126","-0.67825854","-0.64059675","-0.7282978","-0.6700486","-0.5664857","-0.093875535","-0.21134944","-0.45643547","-0.08875621","-0.083333336","-0.42969814","0.80714345"
"Aspergillus penicillioides","0.57965076","0.7299107","-0.8079205","-0.8079205","-0.8079205","-0.64594126","-0.67825854","-0.64059675","-0.7282978","-0.6700486","-0.5664857","-0.093875535","-0.21134944","-0.45643547","-0.08875621","-0.083333336","-0.42969814","0.80714345"
"Aspergillus sydowii","0.57965076","0.7299107","1.2377455","1.2377455","1.2377455","0.049414594","0.21457562","0.12679036","0.6365949","0.30044636","-0.5664857","-0.093875535","-0.21134944","-0.45643547","-0.08875621","-0.083333336","2.3272147","-1.2389371"
"Asteroleplasma","0.57965076","0.7299107","1.2377455","1.2377455","1.2377455","1.663981","1.6296843","1.5137312","0.6365949","1.2709413","1.8803174","-0.093875535","-0.21134944","2.19089","-0.08875621","-0.083333336","-0.42969814","-1.2389371"
"Atopobium","0.57965076","0.7299107","1.2377455","1.2377455","1.2377455","2.4549508","2.4104402","2.3575008","3.1034403","2.6873124","2.1591141","-0.093875535","-0.21134944","2.19089","-0.08875621","-0.083333336","-0.42969814","-1.2389371"
"Atopobium parvulum","0.57965076","0.7299107","-0.8079205","-0.8079205","-0.8079205","-0.64594126","-0.67825854","-0.64059675","-0.7282978","-0.6700486","-0.5664857","-0.093875535","-0.21134944","-0.45643547","-0.08875621","-0.083333336","-0.42969814","0.80714345"
"Atopobium rimae","0.57965076","0.7299107","-0.8079205","-0.8079205","-0.8079205","-0.64594126","-0.67825854","-0.64059675","-0.7282978","-0.6700486","-0.5664857","-0.093875535","-0.21134944","-0.45643547","-0.08875621","-0.083333336","-0.42969814","0.80714345"
"Atopobium sp.","0.57965076","-1.3700308","1.2377455","1.2377455","1.2377455","0.049414594","0.21457562","0.12679036","0.6365949","0.30044636","0.17007542","-0.093875535","-0.21134944","-0.45643547","-0.08875621","-0.083333336","2.3272147","-1.2389371"
"Atopobium spp.","-1.7251766","-1.3700308","-0.8079205","-0.8079205","-0.8079205","-0.64594126","-0.67825854","-0.64059675","-0.7282978","-0.6700486","-0.5664857","-0.093875535","-0.21134944","-0.45643547","-0.08875621","-0.083333336","-0.42969814","0.80714345"
"Atopobium vaginae","0.57965076","0.7299107","-0.8079205","-0.8079205","-0.8079205","-0.64594126","-0.67825854","-0.64059675","-0.7282978","-0.6700486","-0.5664857","-0.093875535","-0.21134944","-0.45643547","-0.08875621","-0.083333336","-0.42969814","0.80714345"
"Atopostipes","0.57965076","0.7299107","-0.8079205","-0.8079205","-0.8079205","-0.64594126","-0.67825854","-0.64059675","-0.7282978","-0.6700486","-0.5664857","-0.093875535","-0.21134944","-0.45643547","-0.08875621","-0.083333336","-0.42969814","0.80714345"
"Aureobasidium pullulans","0.57965076","0.7299107","-0.8079205","-0.8079205","-0.8079205","-0.64594126","-0.67825854","-0.64059675","-0.7282978","-0.6700486","-0.5664857","-0.093875535","-0.21134944","-0.45643547","-0.08875621","-0.083333336","-0.42969814","0.80714345"
"Azospirillum","0.57965076","0.7299107","-0.8079205","-0.8079205","-0.8079205","-0.64594126","-0.67825854","-0.64059675","-0.7282978","-0.6700486","-0.5664857","-0.093875535","-0.21134944","-0.45643547","-0.08875621","-0.083333336","-0.42969814","0.80714345"
"Bacillaceae","0.57965076","0.7299107","1.2377455","1.2377455","1.2377455","1.5582846","1.6296843","1.6615645","0.6365949","2.2414362","1.7683579","-0.093875535","4.7315","-0.45643547","-0.08875621","-0.083333336","-0.42969814","-1.2389371"
"Bacilli","0.57965076","-1.3700308","1.2377455","1.2377455","1.2377455","2.4995441","2.4104402","2.6192079","1.435006","2.2414362","2.7181582","10.652403","-0.21134944","-0.45643547","-0.08875621","-0.083333336","-0.42969814","-1.2389371"
"Bacillus","0.57965076","0.7299107","1.2377455","1.2377455","1.2377455","2.2536407","2.2876725","2.2811184","1.435006","2.8091393","2.3797588","-0.093875535","-0.21134944","2.19089","-0.08875621","-0.083333336","-0.42969814","-1.2389371"
"Bacillus alcalophilus","0.57965076","0.7299107","-0.8079205","-0.8079205","-0.8079205","-0.64594126","-0.67825854","-0.64059675","-0.7282978","-0.6700486","-0.5664857","-0.093875535","-0.21134944","-0.45643547","-0.08875621","-0.083333336","-0.42969814","0.80714345"
"Bacillus clausii","-1.7251766","-1.3700308","-0.8079205","-0.8079205","-0.8079205","-0.64594126","-0.67825854","-0.64059675","-0.7282978","-0.6700486","-0.5664857","-0.093875535","-0.21134944","-0.45643547","-0.08875621","-0.083333336","-0.42969814","0.80714345"
"Bacillus coagulans","0.57965076","0.7299107","1.2377455","1.2377455","1.2377455","0.45617172","0.21457562","0.12679036","0.6365949","0.8681495","0.60093606","-0.093875535","-0.21134944","-0.45643547","-0.08875621","-0.083333336","2.3272147","-1.2389371"
"Bacillus flexus","0.57965076","0.7299107","-0.8079205","-0.8079205","-0.8079205","-0.64594126","-0.67825854","-0.64059675","-0.7282978","-0.6700486","-0.5664857","-0.093875535","-0.21134944","-0.45643547","-0.08875621","-0.083333336","-0.42969814","0.80714345"
"Bacillus fumarioli","0.57965076","0.7299107","-0.8079205","-0.8079205","-0.8079205","-0.64594126","-0.67825854","-0.64059675","-0.7282978","-0.6700486","-0.5664857","-0.093875535","-0.21134944","-0.45643547","-0.08875621","-0.083333336","-0.42969814","0.80714345"
"Bacillus licheniformis","0.57965076","0.7299107","-0.8079205","-0.8079205","-0.8079205","-0.64594126","-0.67825854","-0.64059675","-0.7282978","-0.6700486","-0.5664857","-0.093875535","-0.21134944","-0.45643547","-0.08875621","-0.083333336","-0.42969814","0.80714345"
"Bacillus megaterium","0.57965076","0.7299107","1.2377455","1.2377455","1.2377455","0.45617172","0.73685014","0.57568306","1.435006","0.8681495","-0.5664857","-0.093875535","-0.21134944","-0.45643547","-0.08875621","-0.083333336","2.3272147","-1.2389371"
"Bacillus spp","-1.7251766","-1.3700308","-0.8079205","-0.8079205","-0.8079205","-0.64594126","-0.67825854","-0.64059675","-0.7282978","-0.6700486","-0.5664857","-0.093875535","-0.21134944","-0.45643547","-0.08875621","-0.083333336","-0.42969814","0.80714345"
"Bacillus spp.","-1.7251766","-1.3700308","-0.8079205","-0.8079205","-0.8079205","-0.64594126","-0.67825854","-0.64059675","-0.7282978","-0.6700486","-0.5664857","-0.093875535","-0.21134944","-0.45643547","-0.08875621","-0.083333336","-0.42969814","0.80714345"
"Bacillus subtilis","-1.7251766","-1.3700308","-0.8079205","-0.8079205","-0.8079205","-0.64594126","-0.67825854","-0.64059675","-0.7282978","-0.6700486","-0.5664857","-0.093875535","-0.21134944","-0.45643547","-0.08875621","-0.083333336","-0.42969814","0.80714345"
"Bacteria typically residing in the lumen of healthy individuals","-1.7251766","-1.3700308","-0.8079205","-0.8079205","-0.8079205","-0.64594126","-0.67825854","-0.64059675","-0.7282978","-0.6700486","-0.5664857","-0.093875535","-0.21134944","-0.45643547","-0.08875621","-0.083333336","-0.42969814","0.80714345"
"Bacteria typically residing on the mucosa of healthy individuals","-1.7251766","-1.3700308","-0.8079205","-0.8079205","-0.8079205","-0.64594126","-0.67825854","-0.64059675","-0.7282978","-0.6700486","-0.5664857","-0.093875535","-0.21134944","-0.45643547","-0.08875621","-0.083333336","-0.42969814","0.80714345"
"Bacteriodes massiliensis","-1.7251766","-1.3700308","-0.8079205","-0.8079205","-0.8079205","-0.64594126","-0.67825854","-0.64059675","-0.7282978","-0.6700486","-0.5664857","-0.093875535","-0.21134944","-0.45643547","-0.08875621","-0.083333336","-0.42969814","0.80714345"
"Bacteriodes uniformis","0.57965076","0.7299107","-0.8079205","-0.8079205","-0.8079205","-0.64594126","-0.67825854","-0.64059675","-0.7282978","-0.6700486","-0.5664857","-0.093875535","-0.21134944","-0.45643547","-0.08875621","-0.083333336","-0.42969814","0.80714345"
"Bacteriodes-Prevotella","-1.7251766","-1.3700308","-0.8079205","-0.8079205","-0.8079205","-0.64594126","-0.67825854","-0.64059675","-0.7282978","-0.6700486","-0.5664857","-0.093875535","-0.21134944","-0.45643547","-0.08875621","-0.083333336","-0.42969814","0.80714345"
"Bacteriodetes","-1.7251766","-1.3700308","-0.8079205","-0.8079205","-0.8079205","-0.64594126","-0.67825854","-0.64059675","-0.7282978","-0.6700486","-0.5664857","-0.093875535","-0.21134944","-0.45643547","-0.08875621","-0.083333336","-0.42969814","0.80714345"
"Bacterioides","-1.7251766","-1.3700308","-0.8079205","-0.8079205","-0.8079205","-0.64594126","-0.67825854","-0.64059675","-0.7282978","-0.6700486","-0.5664857","-0.093875535","-0.21134944","-0.45643547","-0.08875621","-0.083333336","-0.42969814","0.80714345"
"Bacterium 'New Zealand B'","-1.7251766","-1.3700308","-0.8079205","-0.8079205","-0.8079205","-0.64594126","-0.67825854","-0.64059675","-0.7282978","-0.6700486","-0.5664857","-0.093875535","-0.21134944","-0.45643547","-0.08875621","-0.083333336","-0.42969814","0.80714345"
"Bacterium 08.96.4","-1.7251766","-1.3700308","-0.8079205","-0.8079205","-0.8079205","-0.64594126","-0.67825854","-0.64059675","-0.7282978","-0.6700486","-0.5664857","-0.093875535","-0.21134944","-0.45643547","-0.08875621","-0.083333336","-0.42969814","0.80714345"
"Bacterium ASF500","-1.7251766","-1.3700308","-0.8079205","-0.8079205","-0.8079205","-0.64594126","-0.67825854","-0.64059675","-0.7282978","-0.6700486","-0.5664857","-0.093875535","-0.21134944","-0.45643547","-0.08875621","-0.083333336","-0.42969814","0.80714345"
"Bacterium B4C2-5","-1.7251766","-1.3700308","-0.8079205","-0.8079205","-0.8079205","-0.64594126","-0.67825854","-0.64059675","-0.7282978","-0.6700486","-0.5664857","-0.093875535","-0.21134944","-0.45643547","-0.08875621","-0.083333336","-0.42969814","0.80714345"
"Bacterium Ba2","-1.7251766","-1.3700308","-0.8079205","-0.8079205","-0.8079205","-0.64594126","-0.67825854","-0.64059675","-0.7282978","-0.6700486","-0.5664857","-0.093875535","-0.21134944","-0.45643547","-0.08875621","-0.083333336","-0.42969814","0.80714345"
"Bacterium C15","-1.7251766","-1.3700308","-0.8079205","-0.8079205","-0.8079205","-0.64594126","-0.67825854","-0.64059675","-0.7282978","-0.6700486","-0.5664857","-0.093875535","-0.21134944","-0.45643547","-0.08875621","-0.083333336","-0.42969814","0.80714345"
"Bacterium G100VIII","-1.7251766","-1.3700308","-0.8079205","-0.8079205","-0.8079205","-0.64594126","-0.67825854","-0.64059675","-0.7282978","-0.6700486","-0.5664857","-0.093875535","-0.21134944","-0.45643547","-0.08875621","-0.083333336","-0.42969814","0.80714345"
"Bacterium MB7-1","-1.7251766","-1.3700308","-0.8079205","-0.8079205","-0.8079205","-0.64594126","-0.67825854","-0.64059675","-0.7282978","-0.6700486","-0.5664857","-0.093875535","-0.21134944","-0.45643547","-0.08875621","-0.083333336","-0.42969814","0.80714345"
"Bacterium YE62","-1.7251766","-1.3700308","-0.8079205","-0.8079205","-0.8079205","-0.64594126","-0.67825854","-0.64059675","-0.7282978","-0.6700486","-0.5664857","-0.093875535","-0.21134944","-0.45643547","-0.08875621","-0.083333336","-0.42969814","0.80714345"
"Bacterium YE64","-1.7251766","-1.3700308","-0.8079205","-0.8079205","-0.8079205","-0.64594126","-0.67825854","-0.64059675","-0.7282978","-0.6700486","-0.5664857","-0.093875535","-0.21134944","-0.45643547","-0.08875621","-0.083333336","-0.42969814","0.80714345"
"Bacterium ic1214","-1.7251766","-1.3700308","-0.8079205","-0.8079205","-0.8079205","-0.64594126","-0.67825854","-0.64059675","-0.7282978","-0.6700486","-0.5664857","-0.093875535","-0.21134944","-0.45643547","-0.08875621","-0.083333336","-0.42969814","0.80714345"
"Bacterium ic1258","-1.7251766","-1.3700308","-0.8079205","-0.8079205","-0.8079205","-0.64594126","-0.67825854","-0.64059675","-0.7282978","-0.6700486","-0.5664857","-0.093875535","-0.21134944","-0.45643547","-0.08875621","-0.083333336","-0.42969814","0.80714345"
"Bacterium ic1292","-1.7251766","-1.3700308","-0.8079205","-0.8079205","-0.8079205","-0.64594126","-0.67825854","-0.64059675","-0.7282978","-0.6700486","-0.5664857","-0.093875535","-0.21134944","-0.45643547","-0.08875621","-0.083333336","-0.42969814","0.80714345"
"Bacterium ic1296","-1.7251766","-1.3700308","-0.8079205","-0.8079205","-0.8079205","-0.64594126","-0.67825854","-0.64059675","-0.7282978","-0.6700486","-0.5664857","-0.093875535","-0.21134944","-0.45643547","-0.08875621","-0.083333336","-0.42969814","0.80714345"
"Bacterium ic1311","-1.7251766","-1.3700308","-0.8079205","-0.8079205","-0.8079205","-0.64594126","-0.67825854","-0.64059675","-0.7282978","-0.6700486","-0.5664857","-0.093875535","-0.21134944","-0.45643547","-0.08875621","-0.083333336","-0.42969814","0.80714345"
"Bacterium ic1379","-1.7251766","-1.3700308","-0.8079205","-0.8079205","-0.8079205","-0.64594126","-0.67825854","-0.64059675","-0.7282978","-0.6700486","-0.5664857","-0.093875535","-0.21134944","-0.45643547","-0.08875621","-0.083333336","-0.42969814","0.80714345"
"Bacterium ic1391","-1.7251766","-1.3700308","-0.8079205","-0.8079205","-0.8079205","-0.64594126","-0.67825854","-0.64059675","-0.7282978","-0.6700486","-0.5664857","-0.093875535","-0.21134944","-0.45643547","-0.08875621","-0.083333336","-0.42969814","0.80714345"
"Bacterium mpn-isolate group 19","-1.7251766","-1.3700308","-0.8079205","-0.8079205","-0.8079205","-0.64594126","-0.67825854","-0.64059675","-0.7282978","-0.6700486","-0.5664857","-0.093875535","-0.21134944","-0.45643547","-0.08875621","-0.083333336","-0.42969814","0.80714345"
"Bacterium mpn-isolate group 22","-1.7251766","-1.3700308","-0.8079205","-0.8079205","-0.8079205","-0.64594126","-0.67825854","-0.64059675","-0.7282978","-0.6700486","-0.5664857","-0.093875535","-0.21134944","-0.45643547","-0.08875621","-0.083333336","-0.42969814","0.80714345"
"Bacterium mpn-isolate group 24","-1.7251766","-1.3700308","-0.8079205","-0.8079205","-0.8079205","-0.64594126","-0.67825854","-0.64059675","-0.7282978","-0.6700486","-0.5664857","-0.093875535","-0.21134944","-0.45643547","-0.08875621","-0.083333336","-0.42969814","0.80714345"
"Bacterium mpn-isolate group 27","-1.7251766","-1.3700308","-0.8079205","-0.8079205","-0.8079205","-0.64594126","-0.67825854","-0.64059675","-0.7282978","-0.6700486","-0.5664857","-0.093875535","-0.21134944","-0.45643547","-0.08875621","-0.083333336","-0.42969814","0.80714345"
"Bacterium mpn-isolate group 5","-1.7251766","-1.3700308","-0.8079205","-0.8079205","-0.8079205","-0.64594126","-0.67825854","-0.64059675","-0.7282978","-0.6700486","-0.5664857","-0.093875535","-0.21134944","-0.45643547","-0.08875621","-0.083333336","-0.42969814","0.80714345"
"Bacterium str. 31285","-1.7251766","-1.3700308","-0.8079205","-0.8079205","-0.8079205","-0.64594126","-0.67825854","-0.64059675","-0.7282978","-0.6700486","-0.5664857","-0.093875535","-0.21134944","-0.45643547","-0.08875621","-0.083333336","-0.42969814","0.80714345"
"Bacteroidaceae","0.57965076","0.7299107","1.2377455","1.2377455","1.2377455","2.6603978","2.6256204","2.8307264","2.0014877","1.8386444","2.7181582","-0.093875535","4.7315","-0.45643547","-0.08875621","-0.083333336","-0.42969814","-1.2389371"
"Bacteroidaceae bacterium Smarlab 3301643","-1.7251766","-1.3700308","-0.8079205","-0.8079205","-0.8079205","-0.64594126","-0.67825854","-0.64059675","-0.7282978","-0.6700486","-0.5664857","-0.093875535","-0.21134944","-0.45643547","-0.08875621","-0.083333336","-0.42969814","0.80714345"
"Bacteroidales","0.57965076","0.7299107","1.2377455","1.2377455","1.2377455","2.9489965","2.809947","3.0873551","1.435006","2.8091393","3.149019","-0.093875535","-0.21134944","-0.45643547","11.266818","-0.083333336","-0.42969814","-1.2389371"
"Bacteroidales Incertae Sedis","-1.7251766","-1.3700308","-0.8079205","-0.8079205","-0.8079205","-0.64594126","-0.67825854","-0.64059675","-0.7282978","-0.6700486","-0.5664857","-0.093875535","-0.21134944","-0.45643547","-0.08875621","-0.083333336","-0.42969814","0.80714345"
"Bacteroidales S24-7","-1.7251766","-1.3700308","-0.8079205","-0.8079205","-0.8079205","-0.64594126","-0.67825854","-0.64059675","-0.7282978","-0.6700486","-0.5664857","-0.093875535","-0.21134944","-0.45643547","-0.08875621","-0.083333336","-0.42969814","0.80714345"
"Bacteroidales_S24-7_group","-1.7251766","-1.3700308","-0.8079205","-0.8079205","-0.8079205","-0.64594126","-0.67825854","-0.64059675","-0.7282978","-0.6700486","-0.5664857","-0.093875535","-0.21134944","-0.45643547","-0.08875621","-0.083333336","-0.42969814","0.80714345"
"Bacteroides","0.57965076","0.7299107","1.2377455","1.2377455","1.2377455","3.6985917","3.1144361","3.8922749","3.1034403","3.2119312","3.7664406","-0.093875535","-0.21134944","2.19089","-0.08875621","-0.083333336","-0.42969814","-1.2389371"
"Bacteroides acidifaciens","0.57965076","-1.3700308","1.2377455","1.2377455","1.2377455","0.74477047","0.73685014","0.89417744","0.6365949","0.8681495","0.90663654","-0.093875535","-0.21134944","-0.45643547","-0.08875621","-0.083333336","2.3272147","-1.2389371"
"Bacteroides barnesiae","0.57965076","0.7299107","-0.8079205","-0.8079205","-0.8079205","-0.64594126","-0.67825854","-0.64059675","-0.7282978","-0.6700486","-0.5664857","-0.093875535","-0.21134944","-0.45643547","-0.08875621","-0.083333336","-0.42969814","0.80714345"
"Bacteroides caccae","0.57965076","0.7299107","1.2377455","1.2377455","1.2377455","1.7595948","1.8282436","1.7919627","0.6365949","1.5833708","1.9815972","-0.093875535","-0.21134944","-0.45643547","-0.08875621","-0.083333336","2.3272147","-1.2389371"
"Bacteroides capillosus","0.57965076","0.7299107","-0.8079205","-0.8079205","-0.8079205","-0.64594126","-0.67825854","-0.64059675","-0.7282978","-0.6700486","-0.5664857","-0.093875535","-0.21134944","-0.45643547","-0.08875621","-0.083333336","-0.42969814","0.80714345"
"Bacteroides cellulosilyticus","0.57965076","0.7299107","1.2377455","1.2377455","1.2377455","0.049414594","0.21457562","0.12679036","0.6365949","0.30044636","0.17007542","-0.093875535","-0.21134944","-0.45643547","-0.08875621","-0.083333336","2.3272147","-1.2389371"
"Bacteroides clarus","0.57965076","0.7299107","1.2377455","1.2377455","1.2377455","0.049414594","0.21457562","0.12679036","0.6365949","0.30044636","0.17007542","-0.093875535","-0.21134944","-0.45643547","-0.08875621","-0.083333336","2.3272147","-1.2389371"
"Bacteroides coprocola","0.57965076","0.7299107","-0.8079205","-0.8079205","-0.8079205","-0.64594126","-0.67825854","-0.64059675","-0.7282978","-0.6700486","-0.5664857","-0.093875535","-0.21134944","-0.45643547","-0.08875621","-0.083333336","-0.42969814","0.80714345"
"Bacteroides coprophilus","0.57965076","0.7299107","-0.8079205","-0.8079205","-0.8079205","-0.64594126","-0.67825854","-0.64059675","-0.7282978","-0.6700486","-0.5664857","-0.093875535","-0.21134944","-0.45643547","-0.08875621","-0.083333336","-0.42969814","0.80714345"
"Bacteroides dorei","0.57965076","0.7299107","-0.8079205","-0.8079205","-0.8079205","-0.64594126","-0.67825854","-0.64059675","-0.7282978","-0.6700486","-0.5664857","-0.093875535","-0.21134944","-0.45643547","-0.08875621","-0.083333336","-0.42969814","0.80714345"
"Bacteroides eggerthii","0.57965076","0.7299107","1.2377455","1.2377455","1.2377455","0.74477047","1.1074097","0.89417744","1.435006","0.8681495","0.60093606","-0.093875535","-0.21134944","-0.45643547","-0.08875621","-0.083333336","2.3272147","-1.2389371"
"Bacteroides faecis","0.57965076","0.7299107","-0.8079205","-0.8079205","-0.8079205","-0.64594126","-0.67825854","-0.64059675","-0.7282978","-0.6700486","-0.5664857","-0.093875535","-0.21134944","-0.45643547","-0.08875621","-0.083333336","-0.42969814","0.80714345"
"Bacteroides finegoldii","0.57965076","0.7299107","1.2377455","1.2377455","1.2377455","0.45617172","0.73685014","0.57568306","0.6365949","0.8681495","0.60093606","-0.093875535","-0.21134944","-0.45643547","-0.08875621","-0.083333336","2.3272147","-1.2389371"
"Bacteroides fluxus","-1.7251766","-1.3700308","-0.8079205","-0.8079205","-0.8079205","-0.64594126","-0.67825854","-0.64059675","-0.7282978","-0.6700486","-0.5664857","-0.093875535","-0.21134944","-0.45643547","-0.08875621","-0.083333336","-0.42969814","0.80714345"
"Bacteroides forsythus","-1.7251766","-1.3700308","-0.8079205","-0.8079205","-0.8079205","-0.64594126","-0.67825854","-0.64059675","-0.7282978","-0.6700486","-0.5664857","-0.093875535","-0.21134944","-0.45643547","-0.08875621","-0.083333336","-0.42969814","0.80714345"
"Bacteroides fragilis","0.57965076","0.7299107","1.2377455","1.2377455","1.2377455","2.622537","2.000244","2.4289515","3.9934554","1.5833708","1.7683579","-0.093875535","-0.21134944","-0.45643547","-0.08875621","-0.083333336","2.3272147","-1.2389371"
"Bacteroides fragilis group","-1.7251766","0.7299107","-0.8079205","-0.8079205","-0.8079205","-0.64594126","-0.67825854","-0.64059675","-0.7282978","-0.6700486","-0.5664857","-0.093875535","-0.21134944","-0.45643547","-0.08875621","-0.083333336","-0.42969814","0.80714345"
"Bacteroides intestinalis","0.57965076","0.7299107","1.2377455","1.2377455","1.2377455","0.45617172","0.73685014","0.57568306","1.435006","0.30044636","0.17007542","-0.093875535","-0.21134944","-0.45643547","-0.08875621","-0.083333336","2.3272147","-1.2389371"
"Bacteroides massiliensis","0.57965076","0.7299107","-0.8079205","-0.8079205","-0.8079205","-0.64594126","-0.67825854","-0.64059675","-0.7282978","-0.6700486","-0.5664857","-0.093875535","-0.21134944","-0.45643547","-0.08875621","-0.083333336","-0.42969814","0.80714345"
"Bacteroides nordii","0.57965076","0.7299107","1.2377455","1.2377455","1.2377455","0.049414594","0.21457562","0.12679036","0.6365949","0.30044636","0.17007542","-0.093875535","-0.21134944","-0.45643547","-0.08875621","-0.083333336","2.3272147","-1.2389371"
"Bacteroides ovatus","0.57965076","0.7299107","1.2377455","1.2377455","1.2377455","1.3061694","1.3948382","1.1412209","2.440885","0.30044636","0.17007542","-0.093875535","-0.21134944","-0.45643547","-0.08875621","-0.083333336","2.3272147","-1.2389371"
"Bacteroides pectinophilus","0.57965076","0.7299107","1.2377455","1.2377455","1.2377455","0.74477047","0.73685014","0.57568306","1.435006","0.30044636","0.17007542","-0.093875535","-0.21134944","-0.45643547","-0.08875621","-0.083333336","2.3272147","-1.2389371"
"Bacteroides plebeius","0.57965076","0.7299107","-0.8079205","-0.8079205","-0.8079205","-0.64594126","-0.67825854","-0.64059675","-0.7282978","-0.6700486","-0.5664857","-0.093875535","-0.21134944","-0.45643547","-0.08875621","-0.083333336","-0.42969814","0.80714345"
"Bacteroides plebeus","-1.7251766","-1.3700308","-0.8079205","-0.8079205","-0.8079205","-0.64594126","-0.67825854","-0.64059675","-0.7282978","-0.6700486","-0.5664857","-0.093875535","-0.21134944","-0.45643547","-0.08875621","-0.083333336","-0.42969814","0.80714345"
"Bacteroides salyersiae","0.57965076","0.7299107","1.2377455","1.2377455","1.2377455","0.049414594","0.21457562","0.12679036","0.6365949","0.30044636","-0.5664857","-0.093875535","-0.21134944","-0.45643547","-0.08875621","-0.083333336","2.3272147","-1.2389371"
"Bacteroides sartorii","0.57965076","0.7299107","-0.8079205","-0.8079205","-0.8079205","-0.64594126","-0.67825854","-0.64059675","-0.7282978","-0.6700486","-0.5664857","-0.093875535","-0.21134944","-0.45643547","-0.08875621","-0.083333336","-0.42969814","0.80714345"
"Bacteroides sp","-1.7251766","-1.3700308","-0.8079205","-0.8079205","-0.8079205","-0.64594126","-0.67825854","-0.64059675","-0.7282978","-0.6700486","-0.5664857","-0.093875535","-0.21134944","-0.45643547","-0.08875621","-0.083333336","-0.42969814","0.80714345"
"Bacteroides sp.","0.57965076","-1.3700308","1.2377455","1.2377455","1.2377455","1.4401263","1.6296843","1.5137312","2.440885","1.2709413","0.90663654","-0.093875535","-0.21134944","-0.45643547","-0.08875621","-0.083333336","2.3272147","-1.2389371"
"Bacteroides sp. CAG: 927","-1.7251766","-1.3700308","-0.8079205","-0.8079205","-0.8079205","-0.64594126","-0.67825854","-0.64059675","-0.7282978","-0.6700486","-0.5664857","-0.093875535","-0.21134944","-0.45643547","-0.08875621","-0.083333336","-0.42969814","0.80714345"
"Bacteroides sp. CJ78","-1.7251766","-1.3700308","-0.8079205","-0.8079205","-0.8079205","-0.64594126","-0.67825854","-0.64059675","-0.7282978","-0.6700486","-0.5664857","-0.093875535","-0.21134944","-0.45643547","-0.08875621","-0.083333336","-0.42969814","0.80714345"
"Bacteroides sp. D20","-1.7251766","-1.3700308","-0.8079205","-0.8079205","-0.8079205","-0.64594126","-0.67825854","-0.64059675","-0.7282978","-0.6700486","-0.5664857","-0.093875535","-0.21134944","-0.45643547","-0.08875621","-0.083333336","-0.42969814","0.80714345"
"Bacteroides species","-1.7251766","-1.3700308","-0.8079205","-0.8079205","-0.8079205","-0.64594126","-0.67825854","-0.64059675","-0.7282978","-0.6700486","-0.5664857","-0.093875535","-0.21134944","-0.45643547","-0.08875621","-0.083333336","-0.42969814","0.80714345"
"Bacteroides spp","-1.7251766","-1.3700308","-0.8079205","-0.8079205","-0.8079205","-0.64594126","-0.67825854","-0.64059675","-0.7282978","-0.6700486","-0.5664857","-0.093875535","-0.21134944","-0.45643547","-0.08875621","-0.083333336","-0.42969814","0.80714345"
"Bacteroides spp.","-1.7251766","-1.3700308","-0.8079205","-0.8079205","-0.8079205","-0.64594126","-0.67825854","-0.64059675","-0.7282978","-0.6700486","-0.5664857","-0.093875535","-0.21134944","-0.45643547","-0.08875621","-0.083333336","-0.42969814","0.80714345"
"Bacteroides stercoris","0.57965076","0.7299107","1.2377455","1.2377455","1.2377455","0.74477047","0.73685014","0.89417744","1.435006","0.30044636","0.60093606","-0.093875535","-0.21134944","-0.45643547","-0.08875621","-0.083333336","2.3272147","-1.2389371"
"Bacteroides thetaiotamicron","-1.7251766","-1.3700308","-0.8079205","-0.8079205","-0.8079205","-0.64594126","-0.67825854","-0.64059675","-0.7282978","-0.6700486","-0.5664857","-0.093875535","-0.21134944","-0.45643547","-0.08875621","-0.083333336","-0.42969814","0.80714345"
"Bacteroides thetaiotaomicron","0.57965076","0.7299107","1.2377455","1.2377455","1.2377455","0.049414594","0.21457562","0.12679036","0.6365949","0.30044636","0.17007542","-0.093875535","-0.21134944","-0.45643547","-0.08875621","-0.083333336","2.3272147","-1.2389371"
"Bacteroides uniformis","0.57965076","0.7299107","1.2377455","1.2377455","1.2377455","2.3078802","2.151959","2.4289515","2.0014877","1.8386444","2.3797588","-0.093875535","-0.21134944","-0.45643547","-0.08875621","-0.083333336","2.3272147","-1.2389371"
"Bacteroides ureolyticus","0.57965076","0.7299107","-0.8079205","-0.8079205","-0.8079205","-0.64594126","-0.67825854","-0.64059675","-0.7282978","-0.6700486","-0.5664857","-0.093875535","-0.21134944","-0.45643547","-0.08875621","-0.083333336","-0.42969814","0.80714345"
"Bacteroides vulgatus","0.57965076","0.7299107","-0.8079205","-0.8079205","-0.8079205","-0.64594126","-0.67825854","-0.64059675","-0.7282978","-0.6700486","-0.5664857","-0.093875535","-0.21134944","-0.45643547","-0.08875621","-0.083333336","-0.42969814","0.80714345"
"Bacteroides xylanisolvens","0.57965076","0.7299107","-0.8079205","-0.8079205","-0.8079205","-0.64594126","-0.67825854","-0.64059675","-0.7282978","-0.6700486","-0.5664857","-0.093875535","-0.21134944","-0.45643547","-0.08875621","-0.083333336","-0.42969814","0.80714345"
"Bacteroides xylanolyticus","0.57965076","0.7299107","-0.8079205","-0.8079205","-0.8079205","-0.64594126","-0.67825854","-0.64059675","-0.7282978","-0.6700486","-0.5664857","-0.093875535","-0.21134944","-0.45643547","-0.08875621","-0.083333336","-0.42969814","0.80714345"
"Bacteroides-Prevotella","-1.7251766","-1.3700308","-0.8079205","-0.8079205","-0.8079205","-0.64594126","-0.67825854","-0.64059675","-0.7282978","-0.6700486","-0.5664857","-0.093875535","-0.21134944","-0.45643547","-0.08875621","-0.083333336","-0.42969814","0.80714345"
"Bacteroides-Prevotella group","-1.7251766","-1.3700308","-0.8079205","-0.8079205","-0.8079205","-0.64594126","-0.67825854","-0.64059675","-0.7282978","-0.6700486","-0.5664857","-0.093875535","-0.21134944","-0.45643547","-0.08875621","-0.083333336","-0.42969814","0.80714345"
"Bacteroides/Prevotella","-1.7251766","-1.3700308","-0.8079205","-0.8079205","-0.8079205","-0.64594126","-0.67825854","-0.64059675","-0.7282978","-0.6700486","-0.5664857","-0.093875535","-0.21134944","-0.45643547","-0.08875621","-0.083333336","-0.42969814","0.80714345"
"Bacteroidetes","0.57965076","0.7299107","1.2377455","1.2377455","1.2377455","3.7869797","3.360532","3.9285765","3.1034403","3.5926733","4.0630975","-0.093875535","-0.21134944","-0.45643547","-0.08875621","12.0","-0.42969814","-1.2389371"
"Bacteroidetes Cluster 1","-1.7251766","-1.3700308","-0.8079205","-0.8079205","-0.8079205","-0.64594126","-0.67825854","-0.64059675","-0.7282978","-0.6700486","-0.5664857","-0.093875535","-0.21134944","-0.45643547","-0.08875621","-0.083333336","-0.42969814","0.80714345"
"Bacteroidetes Cluster 2","-1.7251766","-1.3700308","-0.8079205","-0.8079205","-0.8079205","-0.64594126","-0.67825854","-0.64059675","-0.7282978","-0.6700486","-0.5664857","-0.093875535","-0.21134944","-0.45643547","-0.08875621","-0.083333336","-0.42969814","0.80714345"
"Bacteroidetes RC9 gut group","-1.7251766","-1.3700308","-0.8079205","-0.8079205","-0.8079205","-0.64594126","-0.67825854","-0.64059675","-0.7282978","-0.6700486","-0.5664857","-0.093875535","-0.21134944","-0.45643547","-0.08875621","-0.083333336","-0.42969814","0.80714345"
"Bacteroidetes fragilis","-1.7251766","-1.3700308","-0.8079205","-0.8079205","-0.8079205","-0.64594126","-0.67825854","-0.64059675","-0.7282978","-0.6700486","-0.5664857","-0.093875535","-0.21134944","-0.45643547","-0.08875621","-0.083333336","-0.42969814","0.80714345"
"Bacteroidia","0.57965076","-1.3700308","1.2377455","1.2377455","1.2377455","2.7320843","2.7210782","2.9230385","1.435006","2.6873124","2.974425","10.652403","-0.21134944","-0.45643547","-0.08875621","-0.083333336","-0.42969814","-1.2389371"
"Balneimonas","0.57965076","0.7299107","1.2377455","1.2377455","1.2377455","0.049414594","0.21457562","0.12679036","0.6365949","0.30044636","0.17007542","-0.093875535","-0.21134944","2.19089","-0.08875621","-0.083333336","-0.42969814","-1.2389371"
"Barnesiella","0.57965076","0.7299107","1.2377455","1.2377455","1.2377455","1.663981","1.8282436","1.5137312","0.6365949","1.2709413","1.8803174","-0.093875535","-0.21134944","2.19089","-0.08875621","-0.083333336","-0.42969814","-1.2389371"
"Barnesiella intestinihominis","0.57965076","0.7299107","1.2377455","1.2377455","1.2377455","0.45617172","0.73685014","0.57568306","0.6365949","0.8681495","0.60093606","-0.093875535","-0.21134944","-0.45643547","-0.08875621","-0.083333336","2.3272147","-1.2389371"
"Barnesiella spp","-1.7251766","-1.3700308","-0.8079205","-0.8079205","-0.8079205","-0.64594126","-0.67825854","-0.64059675","-0.7282978","-0.6700486","-0.5664857","-0.093875535","-0.21134944","-0.45643547","-0.08875621","-0.083333336","-0.42969814","0.80714345"
"Barnesiellaceae","0.57965076","-1.3700308","1.2377455","1.2377455","1.2377455","1.4401263","1.6296843","1.34307","0.6365949","0.8681495","1.6431977","-0.093875535","4.7315","-0.45643547","-0.08875621","-0.083333336","-0.42969814","-1.2389371"
"Bartonella quintana","-1.7251766","-1.3700308","-0.8079205","-0.8079205","-0.8079205","-0.64594126","-0.67825854","-0.64059675","-0.7282978","-0.6700486","-0.5664857","-0.093875535","-0.21134944","-0.45643547","-0.08875621","-0.083333336","-0.42969814","0.80714345"
"Bartonellaceae","0.57965076","-1.3700308","-0.8079205","-0.8079205","-0.8079205","-0.64594126","-0.67825854","-0.64059675","-0.7282978","-0.6700486","-0.5664857","-0.093875535","-0.21134944","-0.45643547","-0.08875621","-0.083333336","-0.42969814","0.80714345"
"Basidiomycota","0.57965076","-1.3700308","1.2377455","1.2377455","1.2377455","0.45617172","0.73685014","0.57568306","1.435006","0.30044636","-0.5664857","-0.093875535","-0.21134944","-0.45643547","-0.08875621","12.0","-0.42969814","-1.2389371"
"Bdellovibrio","0.57965076","0.7299107","-0.8079205","-0.8079205","-0.8079205","-0.64594126","-0.67825854","-0.64059675","-0.7282978","-0.6700486","-0.5664857","-0.093875535","-0.21134944","-0.45643547","-0.08875621","-0.083333336","-0.42969814","0.80714345"
"Beijerinckiaceae","0.57965076","0.7299107","-0.8079205","-0.8079205","-0.8079205","-0.64594126","-0.67825854","-0.64059675","-0.7282978","-0.6700486","-0.5664857","-0.093875535","-0.21134944","-0.45643547","-0.08875621","-0.083333336","-0.42969814","0.80714345"
"Bergeriella","0.57965076","0.7299107","1.2377455","1.2377455","1.2377455","0.049414594","0.21457562","0.12679036","0.6365949","0.30044636","0.17007542","-0.093875535","-0.21134944","2.19089","-0.08875621","-0.083333336","-0.42969814","-1.2389371"
"Bergeyella","0.57965076","0.7299107","1.2377455","1.2377455","1.2377455","0.74477047","1.1074097","0.89417744","0.6365949","1.2709413","0.90663654","-0.093875535","-0.21134944","2.19089","-0.08875621","-0.083333336","-0.42969814","-1.2389371"
"Betabaculovirus","0.57965076","-1.3700308","-0.8079205","-0.8079205","-0.8079205","-0.64594126","-0.67825854","-0.64059675","-0.7282978","-0.6700486","-0.5664857","-0.093875535","-0.21134944","-0.45643547","-0.08875621","-0.083333336","-0.42969814","0.80714345"
"Betaproteobacteria","0.57965076","-1.3700308","1.2377455","1.2377455","1.2377455","2.622537","2.6256204","2.6192079","2.0014877","2.8091393","2.8106194","10.652403","-0.21134944","-0.45643547","-0.08875621","-0.083333336","-0.42969814","-1.2389371"
"Bifico","-1.7251766","-1.3700308","-0.8079205","-0.8079205","-0.8079205","-0.64594126","-0.67825854","-0.64059675","-0.7282978","-0.6700486","-0.5664857","-0.093875535","-0.21134944","-0.45643547","-0.08875621","-0.083333336","-0.42969814","0.80714345"
"Bifidobacter","-1.7251766","-1.3700308","-0.8079205","-0.8079205","-0.8079205","-0.64594126","-0.67825854","-0.64059675","-0.7282978","-0.6700486","-0.5664857","-0.093875535","-0.21134944","-0.45643547","-0.08875621","-0.083333336","-0.42969814","0.80714345"
"Bifidobacteraceae","-1.7251766","-1.3700308","-0.8079205","-0.8079205","-0.8079205","-0.64594126","-0.67825854","-0.64059675","-0.7282978","-0.6700486","-0.5664857","-0.093875535","-0.21134944","-0.45643547","-0.08875621","-0.083333336","-0.42969814","0.80714345"
"Bifidobacteria","-1.7251766","-1.3700308","-0.8079205","-0.8079205","-0.8079205","-0.64594126","-0.67825854","-0.64059675","-0.7282978","-0.6700486","-0.5664857","-0.093875535","-0.21134944","-0.45643547","-0.08875621","-0.083333336","-0.42969814","0.80714345"
"Bifidobacteria bifidum","-1.7251766","-1.3700308","-0.8079205","-0.8079205","-0.8079205","-0.64594126","-0.67825854","-0.64059675","-0.7282978","-0.6700486","-0.5664857","-0.093875535","-0.21134944","-0.45643547","-0.08875621","-0.083333336","-0.42969814","0.80714345"
"Bifidobacteria infantum","-1.7251766","-1.3700308","-0.8079205","-0.8079205","-0.8079205","-0.64594126","-0.67825854","-0.64059675","-0.7282978","-0.6700486","-0.5664857","-0.093875535","-0.21134944","-0.45643547","-0.08875621","-0.083333336","-0.42969814","0.80714345"
"Bifidobacteriaceae","0.57965076","0.7299107","1.2377455","1.2377455","1.2377455","2.8308382","2.809947","2.96646","1.435006","2.553866","3.0477393","-0.093875535","4.7315","-0.45643547","-0.08875621","-0.083333336","-0.42969814","-1.2389371"
"Bifidobacteriales","0.57965076","-1.3700308","1.2377455","1.2377455","1.2377455","2.3078802","2.2876725","2.4289515","1.435006","2.0544753","2.504919","-0.093875535","-0.21134944","-0.45643547","11.266818","-0.083333336","-0.42969814","-1.2389371"
"Bifidobacterium","0.57965076","0.7299107","1.2377455","1.2377455","1.2377455","3.7374296","2.971168","3.7756298","4.1647916","2.9212093","3.569091","-0.093875535","-0.21134944","2.19089","-0.08875621","-0.083333336","-0.42969814","-1.2389371"
"Bifidobacterium adolescentis","0.57965076","0.7299107","1.2377455","1.2377455","1.2377455","1.9271811","2.000244","1.908608","2.440885","0.8681495","1.7683579","-0.093875535","-0.21134944","-0.45643547","-0.08875621","-0.083333336","2.3272147","-1.2389371"
"Bifidobacterium adolescentis CCFM 667","-1.7251766","-1.3700308","-0.8079205","-0.8079205","-0.8079205","-0.64594126","-0.67825854","-0.64059675","-0.7282978","-0.6700486","-0.5664857","-0.093875535","-0.21134944","-0.45643547","-0.08875621","-0.083333336","-0.42969814","0.80714345"
"Bifidobacterium adolescentis CCFM 669","-1.7251766","-1.3700308","-0.8079205","-0.8079205","-0.8079205","-0.64594126","-0.67825854","-0.64059675","-0.7282978","-0.6700486","-0.5664857","-0.093875535","-0.21134944","-0.45643547","-0.08875621","-0.083333336","-0.42969814","0.80714345"
"Bifidobacterium angulatum","0.57965076","0.7299107","1.2377455","1.2377455","1.2377455","0.049414594","0.21457562","0.12679036","0.6365949","0.30044636","-0.5664857","-0.093875535","-0.21134944","-0.45643547","-0.08875621","-0.083333336","2.3272147","-1.2389371"
"Bifidobacterium animalis","0.57965076","0.7299107","1.2377455","1.2377455","1.2377455","0.45617172","0.73685014","0.57568306","1.435006","0.8681495","0.17007542","-0.093875535","-0.21134944","-0.45643547","-0.08875621","-0.083333336","2.3272147","-1.2389371"
"Bifidobacterium animalis subsp lactis 420","-1.7251766","-1.3700308","-0.8079205","-0.8079205","-0.8079205","-0.64594126","-0.67825854","-0.64059675","-0.7282978","-0.6700486","-0.5664857","-0.093875535","-0.21134944","-0.45643547","-0.08875621","-0.083333336","-0.42969814","0.80714345"
"Bifidobacterium animalis subsp lactis BB12","-1.7251766","-1.3700308","-0.8079205","-0.8079205","-0.8079205","-0.64594126","-0.67825854","-0.64059675","-0.7282978","-0.6700486","-0.5664857","-0.093875535","-0.21134944","-0.45643547","-0.08875621","-0.083333336","-0.42969814","0.80714345"
"Bifidobacterium animalis subsp. lactis","-1.7251766","-1.3700308","-0.8079205","-0.8079205","-0.8079205","-0.64594126","-0.67825854","-0.64059675","-0.7282978","-0.6700486","-0.5664857","-0.093875535","-0.21134944","-0.45643547","-0.08875621","-0.083333336","-0.42969814","0.80714345"
"Bifidobacterium bifidum","0.57965076","0.7299107","1.2377455","1.2377455","1.2377455","0.74477047","1.1074097","0.89417744","2.0014877","0.30044636","0.17007542","-0.093875535","-0.21134944","-0.45643547","-0.08875621","-0.083333336","2.3272147","-1.2389371"
"Bifidobacterium bifidum BB-06","-1.7251766","-1.3700308","-0.8079205","-0.8079205","-0.8079205","-0.64594126","-0.67825854","-0.64059675","-0.7282978","-0.6700486","-0.5664857","-0.093875535","-0.21134944","-0.45643547","-0.08875621","-0.083333336","-0.42969814","0.80714345"
"Bifidobacterium bifidum BGN4","-1.7251766","-1.3700308","-0.8079205","-0.8079205","-0.8079205","-0.64594126","-0.67825854","-0.64059675","-0.7282978","-0.6700486","-0.5664857","-0.093875535","-0.21134944","-0.45643547","-0.08875621","-0.083333336","-0.42969814","0.80714345"
"Bifidobacterium bifidum CCFM16","-1.7251766","-1.3700308","-0.8079205","-0.8079205","-0.8079205","-0.64594126","-0.67825854","-0.64059675","-0.7282978","-0.6700486","-0.5664857","-0.093875535","-0.21134944","-0.45643547","-0.08875621","-0.083333336","-0.42969814","0.80714345"
"Bifidobacterium bifidum HA-132","-1.7251766","-1.3700308","-0.8079205","-0.8079205","-0.8079205","-0.64594126","-0.67825854","-0.64059675","-0.7282978","-0.6700486","-0.5664857","-0.093875535","-0.21134944","-0.45643547","-0.08875621","-0.083333336","-0.42969814","0.80714345"
"Bifidobacterium bifidum TMC3115","-1.7251766","-1.3700308","-0.8079205","-0.8079205","-0.8079205","-0.64594126","-0.67825854","-0.64059675","-0.7282978","-0.6700486","-0.5664857","-0.093875535","-0.21134944","-0.45643547","-0.08875621","-0.083333336","-0.42969814","0.80714345"
"Bifidobacterium bifidum W23","-1.7251766","-1.3700308","-0.8079205","-0.8079205","-0.8079205","-0.64594126","-0.67825854","-0.64059675","-0.7282978","-0.6700486","-0.5664857","-0.093875535","-0.21134944","-0.45643547","-0.08875621","-0.083333336","-0.42969814","0.80714345"
"Bifidobacterium breve","0.57965076","0.7299107","1.2377455","1.2377455","1.2377455","0.96862507","1.3948382","0.57568306","1.435006","0.30044636","0.90663654","-0.093875535","-0.21134944","-0.45643547","-0.08875621","-0.083333336","2.3272147","-1.2389371"
"Bifidobacterium breve Bb99","-1.7251766","-1.3700308","-0.8079205","-0.8079205","-0.8079205","-0.64594126","-0.67825854","-0.64059675","-0.7282978","-0.6700486","-0.5664857","-0.093875535","-0.21134944","-0.45643547","-0.08875621","-0.083333336","-0.42969814","0.80714345"
"Bifidobacterium breve HA-129","-1.7251766","-1.3700308","-0.8079205","-0.8079205","-0.8079205","-0.64594126","-0.67825854","-0.64059675","-0.7282978","-0.6700486","-0.5664857","-0.093875535","-0.21134944","-0.45643547","-0.08875621","-0.083333336","-0.42969814","0.80714345"
"Bifidobacterium breve K-110","-1.7251766","-1.3700308","-0.8079205","-0.8079205","-0.8079205","-0.64594126","-0.67825854","-0.64059675","-0.7282978","-0.6700486","-0.5664857","-0.093875535","-0.21134944","-0.45643547","-0.08875621","-0.083333336","-0.42969814","0.80714345"
"Bifidobacterium breve strain Yakult","-1.7251766","-1.3700308","-0.8079205","-0.8079205","-0.8079205","-0.64594126","-0.67825854","-0.64059675","-0.7282978","-0.6700486","-0.5664857","-0.093875535","-0.21134944","-0.45643547","-0.08875621","-0.083333336","-0.42969814","0.80714345"
"Bifidobacterium catenulatum","0.57965076","0.7299107","1.2377455","1.2377455","1.2377455","1.8468834","1.1074097","1.1412209","2.440885","1.2709413","0.17007542","-0.093875535","-0.21134944","-0.45643547","-0.08875621","-0.083333336","2.3272147","-1.2389371"
"Bifidobacterium catenulatum group","-1.7251766","-1.3700308","-0.8079205","-0.8079205","-0.8079205","-0.64594126","-0.67825854","-0.64059675","-0.7282978","-0.6700486","-0.5664857","-0.093875535","-0.21134944","-0.45643547","-0.08875621","-0.083333336","-0.42969814","0.80714345"
"Bifidobacterium dentium","0.57965076","0.7299107","1.2377455","1.2377455","1.2377455","1.1515275","1.1074097","0.89417744","2.0014877","1.2709413","0.90663654","-0.093875535","-0.21134944","-0.45643547","-0.08875621","-0.083333336","2.3272147","-1.2389371"
"Bifidobacterium genus","-1.7251766","-1.3700308","-0.8079205","-0.8079205","-0.8079205","-0.64594126","-0.67825854","-0.64059675","-0.7282978","-0.6700486","-0.5664857","-0.093875535","-0.21134944","-0.45643547","-0.08875621","-0.083333336","-0.42969814","0.80714345"
"Bifidobacterium infantis","0.57965076","0.7299107","-0.8079205","-0.8079205","-0.8079205","-0.64594126","-0.67825854","-0.64059675","-0.7282978","-0.6700486","-0.5664857","-0.093875535","-0.21134944","-0.45643547","-0.08875621","-0.083333336","-0.42969814","0.80714345"
"Bifidobacterium lactis","-1.7251766","-1.3700308","-0.8079205","-0.8079205","-0.8079205","-0.64594126","-0.67825854","-0.64059675","-0.7282978","-0.6700486","-0.5664857","-0.093875535","-0.21134944","-0.45643547","-0.08875621","-0.083333336","-0.42969814","0.80714345"
"Bifidobacterium lactis BL-4","-1.7251766","-1.3700308","-0.8079205","-0.8079205","-0.8079205","-0.64594126","-0.67825854","-0.64059675","-0.7282978","-0.6700486","-0.5664857","-0.093875535","-0.21134944","-0.45643547","-0.08875621","-0.083333336","-0.42969814","0.80714345"
"Bifidobacterium lactis W52","-1.7251766","-1.3700308","-0.8079205","-0.8079205","-0.8079205","-0.64594126","-0.67825854","-0.64059675","-0.7282978","-0.6700486","-0.5664857","-0.093875535","-0.21134944","-0.45643547","-0.08875621","-0.083333336","-0.42969814","0.80714345"
"Bifidobacterium longum","0.57965076","0.7299107","1.2377455","1.2377455","1.2377455","1.3061694","1.6296843","1.34307","2.0014877","0.8681495","0.90663654","-0.093875535","-0.21134944","-0.45643547","-0.08875621","-0.083333336","2.3272147","-1.2389371"
"Bifidobacterium longum BB536","-1.7251766","-1.3700308","-0.8079205","-0.8079205","-0.8079205","-0.64594126","-0.67825854","-0.64059675","-0.7282978","-0.6700486","-0.5664857","-0.093875535","-0.21134944","-0.45643547","-0.08875621","-0.083333336","-0.42969814","0.80714345"
"Bifidobacterium longum BORI","-1.7251766","-1.3700308","-0.8079205","-0.8079205","-0.8079205","-0.64594126","-0.67825854","-0.64059675","-0.7282978","-0.6700486","-0.5664857","-0.093875535","-0.21134944","-0.45643547","-0.08875621","-0.083333336","-0.42969814","0.80714345"
"Bifidobacterium longum H-1","-1.7251766","-1.3700308","-0.8079205","-0.8079205","-0.8079205","-0.64594126","-0.67825854","-0.64059675","-0.7282978","-0.6700486","-0.5664857","-0.093875535","-0.21134944","-0.45643547","-0.08875621","-0.083333336","-0.42969814","0.80714345"
"Bifidobacterium longum HA-135","-1.7251766","-1.3700308","-0.8079205","-0.8079205","-0.8079205","-0.64594126","-0.67825854","-0.64059675","-0.7282978","-0.6700486","-0.5664857","-0.093875535","-0.21134944","-0.45643547","-0.08875621","-0.083333336","-0.42969814","0.80714345"
"Bifidobacterium longum subsp infantis","-1.7251766","-1.3700308","-0.8079205","-0.8079205","-0.8079205","-0.64594126","-0.67825854","-0.64059675","-0.7282978","-0.6700486","-0.5664857","-0.093875535","-0.21134944","-0.45643547","-0.08875621","-0.083333336","-0.42969814","0.80714345"
"Bifidobacterium pseudocatenulatum","0.57965076","0.7299107","1.2377455","1.2377455","1.2377455","0.049414594","0.21457562","0.12679036","0.6365949","0.30044636","-0.5664857","-0.093875535","-0.21134944","-0.45643547","-0.08875621","-0.083333336","2.3272147","-1.2389371"
"Bifidobacterium pseudolongum","-1.7251766","-1.3700308","-0.8079205","-0.8079205","-0.8079205","-0.64594126","-0.67825854","-0.64059675","-0.7282978","-0.6700486","-0.5664857","-0.093875535","-0.21134944","-0.45643547","-0.08875621","-0.083333336","-0.42969814","0.80714345"
"Bifidobacterium pseudolongum strain Patronus","-1.7251766","-1.3700308","-0.8079205","-0.8079205","-0.8079205","-0.64594126","-0.67825854","-0.64059675","-0.7282978","-0.6700486","-0.5664857","-0.093875535","-0.21134944","-0.45643547","-0.08875621","-0.083333336","-0.42969814","0.80714345"
"Bifidobacterium species","-1.7251766","-1.3700308","-0.8079205","-0.8079205","-0.8079205","-0.64594126","-0.67825854","-0.64059675","-0.7282978","-0.6700486","-0.5664857","-0.093875535","-0.21134944","-0.45643547","-0.08875621","-0.083333336","-0.42969814","0.80714345"
"Bifidobacterium spp","-1.7251766","-1.3700308","-0.8079205","-0.8079205","-0.8079205","-0.64594126","-0.67825854","-0.64059675","-0.7282978","-0.6700486","-0.5664857","-0.093875535","-0.21134944","-0.45643547","-0.08875621","-0.083333336","-0.42969814","0.80714345"
"Bifidobacterium spp.","-1.7251766","-1.3700308","-0.8079205","-0.8079205","-0.8079205","-0.64594126","-0.67825854","-0.64059675","-0.7282978","-0.6700486","-0.5664857","-0.093875535","-0.21134944","-0.45643547","-0.08875621","-0.083333336","-0.42969814","0.80714345"
"Bifidobacterium thermacidophilum porcinum","0.57965076","0.7299107","-0.8079205","-0.8079205","-0.8079205","-0.64594126","-0.67825854","-0.64059675","-0.7282978","-0.6700486","-0.5664857","-0.093875535","-0.21134944","-0.45643547","-0.08875621","-0.083333336","-0.42969814","0.80714345"
"Bilophila","0.57965076","0.7299107","1.2377455","1.2377455","1.2377455","2.4549508","2.2876725","2.6192079","1.435006","1.5833708","2.504919","-0.093875535","-0.21134944","2.19089","-0.08875621","-0.083333336","-0.42969814","-1.2389371"
"Bilophila wadsworthia","0.57965076","0.7299107","1.2377455","1.2377455","1.2377455","1.1515275","1.3948382","1.34307","1.435006","0.30044636","0.17007542","-0.093875535","-0.21134944","-0.45643547","-0.08875621","-0.083333336","2.3272147","-1.2389371"
"Bionectriaceae","0.57965076","-1.3700308","-0.8079205","-0.8079205","-0.8079205","-0.64594126","-0.67825854","-0.64059675","-0.7282978","-0.6700486","-0.5664857","-0.093875535","-0.21134944","-0.45643547","-0.08875621","-0.083333336","-0.42969814","0.80714345"
"Bipolaris","0.57965076","0.7299107","-0.8079205","-0.8079205","-0.8079205","-0.64594126","-0.67825854","-0.64059675","-0.7282978","-0.6700486","-0.5664857","-0.093875535","-0.21134944","-0.45643547","-0.08875621","-0.083333336","-0.42969814","0.80714345"
"Blastocystis","0.57965076","0.7299107","-0.8079205","-0.8079205","-0.8079205","-0.64594126","-0.67825854","-0.64059675","-0.7282978","-0.6700486","-0.5664857","-0.093875535","-0.21134944","-0.45643547","-0.08875621","-0.083333336","-0.42969814","0.80714345"
"Blastomonas","0.57965076","0.7299107","1.2377455","1.2377455","1.2377455","0.74477047","0.73685014","0.57568306","1.435006","0.8681495","0.60093606","-0.093875535","-0.21134944","2.19089","-0.08875621","-0.083333336","-0.42969814","-1.2389371"
"Blautia","0.57965076","0.7299107","1.2377455","1.2377455","1.2377455","3.5870118","2.893078","3.5737805","2.440885","2.6873124","3.8191438","-0.093875535","-0.21134944","2.19089","-0.08875621","-0.083333336","-0.42969814","-1.2389371"
"Blautia caecimuris","0.57965076","0.7299107","-0.8079205","-0.8079205","-0.8079205","-0.64594126","-0.67825854","-0.64059675","-0.7282978","-0.6700486","-0.5664857","-0.093875535","-0.21134944","-0.45643547","-0.08875621","-0.083333336","-0.42969814","0.80714345"
"Blautia coccoides","0.57965076","0.7299107","1.2377455","1.2377455","1.2377455","1.5582846","1.6296843","1.1412209","1.435006","0.8681495","-0.5664857","-0.093875535","-0.21134944","-0.45643547","-0.08875621","-0.083333336","2.3272147","-1.2389371"
"Blautia faecis","0.57965076","0.7299107","1.2377455","1.2377455","1.2377455","0.049414594","0.21457562","0.12679036","0.6365949","0.30044636","-0.5664857","-0.093875535","-0.21134944","-0.45643547","-0.08875621","-0.083333336","2.3272147","-1.2389371"
"Blautia glucerasea","0.57965076","0.7299107","1.2377455","1.2377455","1.2377455","0.049414594","0.21457562","0.12679036","0.6365949","0.30044636","0.17007542","-0.093875535","-0.21134944","-0.45643547","-0.08875621","-0.083333336","2.3272147","-1.2389371"
"Blautia hansenii","0.57965076","0.7299107","1.2377455","1.2377455","1.2377455","0.049414594","0.21457562","0.12679036","0.6365949","0.30044636","0.17007542","-0.093875535","-0.21134944","-0.45643547","-0.08875621","-0.083333336","2.3272147","-1.2389371"
"Blautia hydrogenotrophica","0.57965076","0.7299107","-0.8079205","-0.8079205","-0.8079205","-0.64594126","-0.67825854","-0.64059675","-0.7282978","-0.6700486","-0.5664857","-0.093875535","-0.21134944","-0.45643547","-0.08875621","-0.083333336","-0.42969814","0.80714345"
"Blautia luti","0.57965076","0.7299107","1.2377455","1.2377455","1.2377455","0.049414594","0.21457562","0.12679036","0.6365949","0.30044636","0.17007542","-0.093875535","-0.21134944","-0.45643547","-0.08875621","-0.083333336","2.3272147","-1.2389371"
"Blautia massiliensis","0.57965076","0.7299107","-0.8079205","-0.8079205","-0.8079205","-0.64594126","-0.67825854","-0.64059675","-0.7282978","-0.6700486","-0.5664857","-0.093875535","-0.21134944","-0.45643547","-0.08875621","-0.083333336","-0.42969814","0.80714345"
"Blautia obeum","0.57965076","0.7299107","1.2377455","1.2377455","1.2377455","1.4401263","1.1074097","1.5137312","1.435006","1.2709413","1.3374971","-0.093875535","-0.21134944","-0.45643547","-0.08875621","-0.083333336","2.3272147","-1.2389371"
"Blautia producta","0.57965076","0.7299107","1.2377455","1.2377455","1.2377455","1.5582846","1.6296843","1.34307","1.435006","0.8681495","1.6431977","-0.093875535","-0.21134944","-0.45643547","-0.08875621","-0.083333336","2.3272147","-1.2389371"
"Blautia spp","-1.7251766","-1.3700308","-0.8079205","-0.8079205","-0.8079205","-0.64594126","-0.67825854","-0.64059675","-0.7282978","-0.6700486","-0.5664857","-0.093875535","-0.21134944","-0.45643547","-0.08875621","-0.083333336","-0.42969814","0.80714345"
"Blautia wexlerae","0.57965076","0.7299107","1.2377455","1.2377455","1.2377455","0.049414594","0.21457562","0.12679036","0.6365949","0.30044636","-0.5664857","-0.093875535","-0.21134944","-0.45643547","-0.08875621","-0.083333336","2.3272147","-1.2389371"
"Boletus","0.57965076","0.7299107","1.2377455","1.2377455","1.2377455","0.049414594","0.21457562","0.12679036","0.6365949","0.30044636","0.17007542","-0.093875535","-0.21134944","2.19089","-0.08875621","-0.083333336","-0.42969814","-1.2389371"
"Bordetella pertussis","-1.7251766","-1.3700308","-0.8079205","-0.8079205","-0.8079205","-0.64594126","-0.67825854","-0.64059675","-0.7282978","-0.6700486","-0.5664857","-0.093875535","-0.21134944","-0.45643547","-0.08875621","-0.083333336","-0.42969814","0.80714345"
"Bosea","0.57965076","0.7299107","1.2377455","1.2377455","1.2377455","0.45617172","0.21457562","0.12679036","0.6365949","0.30044636","0.60093606","-0.093875535","-0.21134944","2.19089","-0.08875621","-0.083333336","-0.42969814","-1.2389371"
"Bovine rumen bacterium JPR13","-1.7251766","-1.3700308","-0.8079205","-0.8079205","-0.8079205","-0.64594126","-0.67825854","-0.64059675","-0.7282978","-0.6700486","-0.5664857","-0.093875535","-0.21134944","-0.45643547","-0.08875621","-0.083333336","-0.42969814","0.80714345"
"Brachybacterium","0.57965076","0.7299107","-0.8079205","-0.8079205","-0.8079205","-0.64594126","-0.67825854","-0.64059675","-0.7282978","-0.6700486","-0.5664857","-0.093875535","-0.21134944","-0.45643547","-0.08875621","-0.083333336","-0.42969814","0.80714345"
"Brachybacterium muris","0.57965076","0.7299107","-0.8079205","-0.8079205","-0.8079205","-0.64594126","-0.67825854","-0.64059675","-0.7282978","-0.6700486","-0.5664857","-0.093875535","-0.21134944","-0.45643547","-0.08875621","-0.083333336","-0.42969814","0.80714345"
"Brachyspira","0.57965076","0.7299107","1.2377455","1.2377455","1.2377455","0.45617172","0.73685014","0.12679036","0.6365949","0.30044636","0.60093606","-0.093875535","-0.21134944","2.19089","-0.08875621","-0.083333336","-0.42969814","-1.2389371"
"Bradyrhizobiaceae","0.57965076","0.7299107","1.2377455","1.2377455","1.2377455","1.1515275","1.3948382","1.1412209","0.6365949","1.2709413","1.3374971","-0.093875535","4.7315","-0.45643547","-0.08875621","-0.083333336","-0.42969814","-1.2389371"
"Bradyrhizobium","0.57965076","0.7299107","1.2377455","1.2377455","1.2377455","1.1515275","1.1074097","1.1412209","0.6365949","1.2709413","1.3374971","-0.093875535","-0.21134944","2.19089","-0.08875621","-0.083333336","-0.42969814","-1.2389371"
"Brenneria","-1.7251766","-1.3700308","-0.8079205","-0.8079205","-0.8079205","-0.64594126","-0.67825854","-0.64059675","-0.7282978","-0.6700486","-0.5664857","-0.093875535","-0.21134944","-0.45643547","-0.08875621","-0.083333336","-0.42969814","0.80714345"
"Brevibacillus","0.57965076","0.7299107","1.2377455","1.2377455","1.2377455","0.45617172","0.73685014","0.57568306","0.6365949","0.8681495","0.60093606","-0.093875535","-0.21134944","2.19089","-0.08875621","-0.083333336","-0.42969814","-1.2389371"
"Brevibacterium","0.57965076","0.7299107","1.2377455","1.2377455","1.2377455","0.45617172","0.73685014","0.57568306","1.435006","0.8681495","0.17007542","-0.093875535","-0.21134944","2.19089","-0.08875621","-0.083333336","-0.42969814","-1.2389371"
"Brevundimonas","0.57965076","0.7299107","1.2377455","1.2377455","1.2377455","2.1354823","2.2876725","2.1990728","2.0014877","2.6873124","2.237864","-0.093875535","-0.21134944","2.19089","-0.08875621","-0.083333336","-0.42969814","-1.2389371"
"Brevundimonas diminuta","0.57965076","0.7299107","-0.8079205","-0.8079205","-0.8079205","-0.64594126","-0.67825854","-0.64059675","-0.7282978","-0.6700486","-0.5664857","-0.093875535","-0.21134944","-0.45643547","-0.08875621","-0.083333336","-0.42969814","0.80714345"
"Brucella","0.57965076","0.7299107","1.2377455","1.2377455","1.2377455","0.049414594","0.21457562","0.12679036","0.6365949","0.30044636","-0.5664857","-0.093875535","-0.21134944","2.19089","-0.08875621","-0.083333336","-0.42969814","-1.2389371"
"Brucellaceae","0.57965076","0.7299107","1.2377455","1.2377455","1.2377455","0.74477047","1.1074097","0.89417744","0.6365949","1.2709413","0.90663654","-0.093875535","4.7315","-0.45643547","-0.08875621","-0.083333336","-0.42969814","-1.2389371"
"Buchnera","0.57965076","0.7299107","1.2377455","1.2377455","1.2377455","0.74477047","1.1074097","0.89417744","1.435006","1.2709413","0.60093606","-0.093875535","-0.21134944","2.19089","-0.08875621","-0.083333336","-0.42969814","-1.2389371"
"Buchnera aphidicola","0.57965076","0.7299107","1.2377455","1.2377455","1.2377455","0.049414594","0.21457562","0.12679036","0.6365949","0.30044636","-0.5664857","-0.093875535","-0.21134944","-0.45643547","-0.08875621","-0.083333336","2.3272147","-1.2389371"
"Bulleida","-1.7251766","-1.3700308","-0.8079205","-0.8079205","-0.8079205","-0.64594126","-0.67825854","-0.64059675","-0.7282978","-0.6700486","-0.5664857","-0.093875535","-0.21134944","-0.45643547","-0.08875621","-0.083333336","-0.42969814","0.80714345"
"Bulleidia","0.57965076","0.7299107","1.2377455","1.2377455","1.2377455","0.74477047","0.73685014","0.89417744","0.6365949","0.8681495","0.90663654","-0.093875535","-0.21134944","2.19089","-0.08875621","-0.083333336","-0.42969814","-1.2389371"
"Bulleidia moorei","0.57965076","0.7299107","-0.8079205","-0.8079205","-0.8079205","-0.64594126","-0.67825854","-0.64059675","-0.7282978","-0.6700486","-0.5664857","-0.093875535","-0.21134944","-0.45643547","-0.08875621","-0.083333336","-0.42969814","0.80714345"
"Burkholderia","0.57965076","0.7299107","1.2377455","1.2377455","1.2377455","1.663981","2.000244","1.6615645","2.440885","2.2414362","1.5013028","-0.093875535","-0.21134944","2.19089","-0.08875621","-0.083333336","-0.42969814","-1.2389371"
"Burkholderia cepacia","0.57965076","0.7299107","-0.8079205","-0.8079205","-0.8079205","-0.64594126","-0.67825854","-0.64059675","-0.7282978","-0.6700486","-0.5664857","-0.093875535","-0.21134944","-0.45643547","-0.08875621","-0.083333336","-0.42969814","0.80714345"
"Burkholderia cepacia complex","-1.7251766","-1.3700308","-0.8079205","-0.8079205","-0.8079205","-0.64594126","-0.67825854","-0.64059675","-0.7282978","-0.6700486","-0.5664857","-0.093875535","-0.21134944","-0.45643547","-0.08875621","-0.083333336","-0.42969814","0.80714345"
"Burkholderia fungorum","0.57965076","0.7299107","-0.8079205","-0.8079205","-0.8079205","-0.64594126","-0.67825854","-0.64059675","-0.7282978","-0.6700486","-0.5664857","-0.093875535","-0.21134944","-0.45643547","-0.08875621","-0.083333336","-0.42969814","0.80714345"
"Burkholderiaceae","0.57965076","0.7299107","1.2377455","1.2377455","1.2377455","1.8468834","1.6296843","1.7919627","1.435006","2.4063475","1.9815972","-0.093875535","4.7315","-0.45643547","-0.08875621","-0.083333336","-0.42969814","-1.2389371"
"Burkholderiales bacterium","0.57965076","0.7299107","-0.8079205","-0.8079205","-0.8079205","-0.64594126","-0.67825854","-0.64059675","-0.7282978","-0.6700486","-0.5664857","-0.093875535","-0.21134944","-0.45643547","-0.08875621","-0.083333336","-0.42969814","0.80714345"
"Burkholderiales bacterium Smarlab 3302047","-1.7251766","-1.3700308","-0.8079205","-0.8079205","-0.8079205","-0.64594126","-0.67825854","-0.64059675","-0.7282978","-0.6700486","-0.5664857","-0.093875535","-0.21134944","-0.45643547","-0.08875621","-0.083333336","-0.42969814","0.80714345"
"Butiricimonas","0.57965076","-1.3700308","-0.8079205","-0.8079205","-0.8079205","-0.64594126","-0.67825854","-0.64059675","-0.7282978","-0.6700486","-0.5664857","-0.093875535","-0.21134944","-0.45643547","-0.08875621","-0.083333336","-0.42969814","0.80714345"
"Buttiauxella","0.57965076","0.7299107","1.2377455","1.2377455","1.2377455","0.96862507","0.21457562","0.57568306","0.6365949","0.8681495","1.1437563","-0.093875535","-0.21134944","2.19089","-0.08875621","-0.083333336","-0.42969814","-1.2389371"
"Butyrate-producing bacterium ART55/1","-1.7251766","-1.3700308","-0.8079205","-0.8079205","-0.8079205","-0.64594126","-0.67825854","-0.64059675","-0.7282978","-0.6700486","-0.5664857","-0.093875535","-0.21134944","-0.45643547","-0.08875621","-0.083333336","-0.42969814","0.80714345"
"Butyrate-producing bacterium L1-810","-1.7251766","-1.3700308","-0.8079205","-0.8079205","-0.8079205","-0.64594126","-0.67825854","-0.64059675","-0.7282978","-0.6700486","-0.5664857","-0.093875535","-0.21134944","-0.45643547","-0.08875621","-0.083333336","-0.42969814","0.80714345"
"Butyrate-producing bacterium L1-952","-1.7251766","-1.3700308","-0.8079205","-0.8079205","-0.8079205","-0.64594126","-0.67825854","-0.64059675","-0.7282978","-0.6700486","-0.5664857","-0.093875535","-0.21134944","-0.45643547","-0.08875621","-0.083333336","-0.42969814","0.80714345"
"Butyrate-producing bacterium L2-50","-1.7251766","-1.3700308","-0.8079205","-0.8079205","-0.8079205","-0.64594126","-0.67825854","-0.64059675","-0.7282978","-0.6700486","-0.5664857","-0.093875535","-0.21134944","-0.45643547","-0.08875621","-0.083333336","-0.42969814","0.80714345"
"Butyrate-producing bacterium M104/1","-1.7251766","-1.3700308","-0.8079205","-0.8079205","-0.8079205","-0.64594126","-0.67825854","-0.64059675","-0.7282978","-0.6700486","-0.5664857","-0.093875535","-0.21134944","-0.45643547","-0.08875621","-0.083333336","-0.42969814","0.80714345"
"Butyrate-producing bacterium M21/2","-1.7251766","-1.3700308","-0.8079205","-0.8079205","-0.8079205","-0.64594126","-0.67825854","-0.64059675","-0.7282978","-0.6700486","-0.5664857","-0.093875535","-0.21134944","-0.45643547","-0.08875621","-0.083333336","-0.42969814","0.80714345"
"Butyrate-producing bacterium M50/1","-1.7251766","-1.3700308","-0.8079205","-0.8079205","-0.8079205","-0.64594126","-0.67825854","-0.64059675","-0.7282978","-0.6700486","-0.5664857","-0.093875535","-0.21134944","-0.45643547","-0.08875621","-0.083333336","-0.42969814","0.80714345"
"Butyrate-producing bacterium P607","-1.7251766","-1.3700308","-0.8079205","-0.8079205","-0.8079205","-0.64594126","-0.67825854","-0.64059675","-0.7282978","-0.6700486","-0.5664857","-0.093875535","-0.21134944","-0.45643547","-0.08875621","-0.083333336","-0.42969814","0.80714345"
"Butyrate-producing bacterium PH05YB02","-1.7251766","-1.3700308","-0.8079205","-0.8079205","-0.8079205","-0.64594126","-0.67825854","-0.64059675","-0.7282978","-0.6700486","-0.5664857","-0.093875535","-0.21134944","-0.45643547","-0.08875621","-0.083333336","-0.42969814","0.80714345"
"Butyrate-producing bacterium PH07AY3","-1.7251766","-1.3700308","-0.8079205","-0.8079205","-0.8079205","-0.64594126","-0.67825854","-0.64059675","-0.7282978","-0.6700486","-0.5664857","-0.093875535","-0.21134944","-0.45643547","-0.08875621","-0.083333336","-0.42969814","0.80714345"
"Butyrate-producing bacterium PH07AY5","-1.7251766","-1.3700308","-0.8079205","-0.8079205","-0.8079205","-0.64594126","-0.67825854","-0.64059675","-0.7282978","-0.6700486","-0.5664857","-0.093875535","-0.21134944","-0.45643547","-0.08875621","-0.083333336","-0.42969814","0.80714345"
"Butyrate-producing bacterium PH07BY04","-1.7251766","-1.3700308","-0.8079205","-0.8079205","-0.8079205","-0.64594126","-0.67825854","-0.64059675","-0.7282978","-0.6700486","-0.5664857","-0.093875535","-0.21134944","-0.45643547","-0.08875621","-0.083333336","-0.42969814","0.80714345"
"Butyrate-producing bacterium Ph07AY02","-1.7251766","-1.3700308","-0.8079205","-0.8079205","-0.8079205","-0.64594126","-0.67825854","-0.64059675","-0.7282978","-0.6700486","-0.5664857","-0.093875535","-0.21134944","-0.45643547","-0.08875621","-0.083333336","-0.42969814","0.80714345"
"Butyrate-producing bacterium SL6/1/1","-1.7251766","-1.3700308","-0.8079205","-0.8079205","-0.8079205","-0.64594126","-0.67825854","-0.64059675","-0.7282978","-0.6700486","-0.5664857","-0.093875535","-0.21134944","-0.45643547","-0.08875621","-0.083333336","-0.42969814","0.80714345"
"Butyrate-producing bacterium SM4/1","-1.7251766","-1.3700308","-0.8079205","-0.8079205","-0.8079205","-0.64594126","-0.67825854","-0.64059675","-0.7282978","-0.6700486","-0.5664857","-0.093875535","-0.21134944","-0.45643547","-0.08875621","-0.083333336","-0.42969814","0.80714345"
"Butyrate-producing bacterium SR1/1","-1.7251766","-1.3700308","-0.8079205","-0.8079205","-0.8079205","-0.64594126","-0.67825854","-0.64059675","-0.7282978","-0.6700486","-0.5664857","-0.093875535","-0.21134944","-0.45643547","-0.08875621","-0.083333336","-0.42969814","0.80714345"
"Butyrate-producing bacterium SR1/5","-1.7251766","-1.3700308","-0.8079205","-0.8079205","-0.8079205","-0.64594126","-0.67825854","-0.64059675","-0.7282978","-0.6700486","-0.5664857","-0.093875535","-0.21134944","-0.45643547","-0.08875621","-0.083333336","-0.42969814","0.80714345"
"Butyrate-producing bacterium SS2/1","-1.7251766","-1.3700308","-0.8079205","-0.8079205","-0.8079205","-0.64594126","-0.67825854","-0.64059675","-0.7282978","-0.6700486","-0.5664857","-0.093875535","-0.21134944","-0.45643547","-0.08875621","-0.083333336","-0.42969814","0.80714345"
"Butyrate-producing bacterium SSC/2","-1.7251766","-1.3700308","-0.8079205","-0.8079205","-0.8079205","-0.64594126","-0.67825854","-0.64059675","-0.7282978","-0.6700486","-0.5664857","-0.093875535","-0.21134944","-0.45643547","-0.08875621","-0.083333336","-0.42969814","0.80714345"
"Butyrate-producing bacterium T2-132","-1.7251766","-1.3700308","-0.8079205","-0.8079205","-0.8079205","-0.64594126","-0.67825854","-0.64059675","-0.7282978","-0.6700486","-0.5664857","-0.093875535","-0.21134944","-0.45643547","-0.08875621","-0.083333336","-0.42969814","0.80714345"
"Butyricicoccus","0.57965076","0.7299107","1.2377455","1.2377455","1.2377455","2.4995441","2.2876725","2.3575008","2.0014877","1.5833708","2.6687245","-0.093875535","-0.21134944","2.19089","-0.08875621","-0.083333336","-0.42969814","-1.2389371"
"Butyricicoccus pullicaecorum","0.57965076","0.7299107","1.2377455","1.2377455","1.2377455","0.45617172","0.73685014","0.57568306","1.435006","0.30044636","0.17007542","-0.093875535","-0.21134944","-0.45643547","-0.08875621","-0.083333336","2.3272147","-1.2389371"
"Butyricimonas","0.57965076","0.7299107","1.2377455","1.2377455","1.2377455","2.6603978","2.2876725","2.730011","1.435006","2.0544753","2.8956754","-0.093875535","-0.21134944","2.19089","-0.08875621","-0.083333336","-0.42969814","-1.2389371"
"Butyrivibrio","0.57965076","0.7299107","1.2377455","1.2377455","1.2377455","1.3061694","1.6296843","1.1412209","2.440885","0.8681495","0.60093606","-0.093875535","-0.21134944","2.19089","-0.08875621","-0.083333336","-0.42969814","-1.2389371"
"Butyrivibrio crossotus","0.57965076","0.7299107","1.2377455","1.2377455","1.2377455","0.45617172","0.73685014","0.12679036","0.6365949","0.30044636","-0.5664857","-0.093875535","-0.21134944","-0.45643547","-0.08875621","-0.083333336","2.3272147","-1.2389371"
"Byssochlamys","0.57965076","0.7299107","-0.8079205","-0.8079205","-0.8079205","-0.64594126","-0.67825854","-0.64059675","-0.7282978","-0.6700486","-0.5664857","-0.093875535","-0.21134944","-0.45643547","-0.08875621","-0.083333336","-0.42969814","0.80714345"
"C. coccoides","-1.7251766","-1.3700308","-0.8079205","-0.8079205","-0.8079205","-0.64594126","-0.67825854","-0.64059675","-0.7282978","-0.6700486","-0.5664857","-0.093875535","-0.21134944","-0.45643547","-0.08875621","-0.083333336","-0.42969814","0.80714345"
"CMV","0.57965076","-1.3700308","-0.8079205","-0.8079205","-0.8079205","-0.64594126","-0.67825854","-0.64059675","-0.7282978","-0.6700486","-0.5664857","-0.093875535","-0.21134944","-0.45643547","-0.08875621","-0.083333336","-0.42969814","0.80714345"
"Caldalkalibacillus","0.57965076","0.7299107","-0.8079205","-0.8079205","-0.8079205","-0.64594126","-0.67825854","-0.64059675","-0.7282978","-0.6700486","-0.5664857","-0.093875535","-0.21134944","-0.45643547","-0.08875621","-0.083333336","-0.42969814","0.80714345"
"Caldithrix","0.57965076","0.7299107","-0.8079205","-0.8079205","-0.8079205","-0.64594126","-0.67825854","-0.64059675","-0.7282978","-0.6700486","-0.5664857","-0.093875535","-0.21134944","-0.45643547","-0.08875621","-0.083333336","-0.42969814","0.80714345"
"Caloramator","0.57965076","0.7299107","-0.8079205","-0.8079205","-0.8079205","-0.64594126","-0.67825854","-0.64059675","-0.7282978","-0.6700486","-0.5664857","-0.093875535","-0.21134944","-0.45643547","-0.08875621","-0.083333336","-0.42969814","0.80714345"
"Calyptella capula","0.57965076","-1.3700308","-0.8079205","-0.8079205","-0.8079205","-0.64594126","-0.67825854","-0.64059675","-0.7282978","-0.6700486","-0.5664857","-0.093875535","-0.21134944","-0.45643547","-0.08875621","-0.083333336","-0.42969814","0.80714345"
"Calyptogena magnifica","0.57965076","0.7299107","-0.8079205","-0.8079205","-0.8079205","-0.64594126","-0.67825854","-0.64059675","-0.7282978","-0.6700486","-0.5664857","-0.093875535","-0.21134944","-0.45643547","-0.08875621","-0.083333336","-0.42969814","0.80714345"
"Campylobacter","0.57965076","0.7299107","1.2377455","1.2377455","1.2377455","2.7989883","2.7210782","2.9230385","3.59831","3.2119312","2.7181582","-0.093875535","-0.21134944","2.19089","-0.08875621","-0.083333336","-0.42969814","-1.2389371"
"Campylobacter concisus","0.57965076","0.7299107","1.2377455","1.2377455","1.2377455","0.45617172","0.73685014","0.57568306","0.6365949","0.8681495","0.60093606","-0.093875535","-0.21134944","-0.45643547","-0.08875621","-0.083333336","2.3272147","-1.2389371"
"Campylobacter gracilis","0.57965076","0.7299107","1.2377455","1.2377455","1.2377455","1.1515275","1.1074097","0.57568306","1.435006","0.8681495","0.60093606","-0.093875535","-0.21134944","-0.45643547","-0.08875621","-0.083333336","2.3272147","-1.2389371"
"Campylobacter jejuni","0.57965076","0.7299107","-0.8079205","-0.8079205","-0.8079205","-0.64594126","-0.67825854","-0.64059675","-0.7282978","-0.6700486","-0.5664857","-0.093875535","-0.21134944","-0.45643547","-0.08875621","-0.083333336","-0.42969814","0.80714345"
"Campylobacter rectus","0.57965076","0.7299107","1.2377455","1.2377455","1.2377455","0.74477047","1.1074097","0.89417744","1.435006","1.2709413","0.60093606","-0.093875535","-0.21134944","-0.45643547","-0.08875621","-0.083333336","2.3272147","-1.2389371"
"Campylobacter showae","0.57965076","0.7299107","1.2377455","1.2377455","1.2377455","0.45617172","0.21457562","0.12679036","0.6365949","0.30044636","0.60093606","-0.093875535","-0.21134944","-0.45643547","-0.08875621","-0.083333336","2.3272147","-1.2389371"
"Campylobacter sp.","-1.7251766","-1.3700308","-0.8079205","-0.8079205","-0.8079205","-0.64594126","-0.67825854","-0.64059675","-0.7282978","-0.6700486","-0.5664857","-0.093875535","-0.21134944","-0.45643547","-0.08875621","-0.083333336","-0.42969814","0.80714345"
"Campylobacter spp","-1.7251766","-1.3700308","-0.8079205","-0.8079205","-0.8079205","-0.64594126","-0.67825854","-0.64059675","-0.7282978","-0.6700486","-0.5664857","-0.093875535","-0.21134944","-0.45643547","-0.08875621","-0.083333336","-0.42969814","0.80714345"
"Campylobacter upsaliensis","-1.7251766","-1.3700308","-0.8079205","-0.8079205","-0.8079205","-0.64594126","-0.67825854","-0.64059675","-0.7282978","-0.6700486","-0.5664857","-0.093875535","-0.21134944","-0.45643547","-0.08875621","-0.083333336","-0.42969814","0.80714345"
"Campylobacter ureolyticus","0.57965076","0.7299107","1.2377455","1.2377455","1.2377455","1.5582846","1.3948382","1.1412209","2.0014877","1.2709413","1.1437563","-0.093875535","-0.21134944","-0.45643547","-0.08875621","-0.083333336","2.3272147","-1.2389371"
"Candida","0.57965076","0.7299107","1.2377455","1.2377455","1.2377455","0.96862507","1.1074097","0.57568306","1.435006","0.8681495","-0.5664857","-0.093875535","-0.21134944","2.19089","-0.08875621","-0.083333336","-0.42969814","-1.2389371"
"Candida albicans","0.57965076","0.7299107","1.2377455","1.2377455","1.2377455","0.74477047","0.73685014","0.57568306","1.435006","1.2709413","-0.5664857","-0.093875535","-0.21134944","-0.45643547","-0.08875621","-0.083333336","2.3272147","-1.2389371"
"Candida auris","0.57965076","-1.3700308","-0.8079205","-0.8079205","-0.8079205","-0.64594126","-0.67825854","-0.64059675","-0.7282978","-0.6700486","-0.5664857","-0.093875535","-0.21134944","-0.45643547","-0.08875621","-0.083333336","-0.42969814","0.80714345"
"Candida dubliniensis","0.57965076","0.7299107","1.2377455","1.2377455","1.2377455","0.049414594","0.21457562","0.12679036","0.6365949","0.30044636","-0.5664857","-0.093875535","-0.21134944","-0.45643547","-0.08875621","-0.083333336","2.3272147","-1.2389371"
"Candida glabrata","0.57965076","-1.3700308","1.2377455","1.2377455","1.2377455","0.049414594","0.21457562","0.12679036","0.6365949","0.30044636","-0.5664857","-0.093875535","-0.21134944","-0.45643547","-0.08875621","-0.083333336","2.3272147","-1.2389371"
"Candida railensis","0.57965076","-1.3700308","-0.8079205","-0.8079205","-0.8079205","-0.64594126","-0.67825854","-0.64059675","-0.7282978","-0.6700486","-0.5664857","-0.093875535","-0.21134944","-0.45643547","-0.08875621","-0.083333336","-0.42969814","0.80714345"
"Candida sake","0.57965076","0.7299107","-0.8079205","-0.8079205","-0.8079205","-0.64594126","-0.67825854","-0.64059675","-0.7282978","-0.6700486","-0.5664857","-0.093875535","-0.21134944","-0.45643547","-0.08875621","-0.083333336","-0.42969814","0.80714345"
"Candida solani","0.57965076","0.7299107","-0.8079205","-0.8079205","-0.8079205","-0.64594126","-0.67825854","-0.64059675","-0.7282978","-0.6700486","-0.5664857","-0.093875535","-0.21134944","-0.45643547","-0.08875621","-0.083333336","-0.42969814","0.80714345"
"Candida spp.","-1.7251766","-1.3700308","-0.8079205","-0.8079205","-0.8079205","-0.64594126","-0.67825854","-0.64059675","-0.7282978","-0.6700486","-0.5664857","-0.093875535","-0.21134944","-0.45643547","-0.08875621","-0.083333336","-0.42969814","0.80714345"
"Candida tropicalis","0.57965076","0.7299107","1.2377455","1.2377455","1.2377455","0.049414594","0.21457562","0.12679036","0.6365949","0.30044636","-0.5664857","-0.093875535","-0.21134944","-0.45643547","-0.08875621","-0.083333336","2.3272147","-1.2389371"
"Candidate division TM7","-1.7251766","-1.3700308","-0.8079205","-0.8079205","-0.8079205","-0.64594126","-0.67825854","-0.64059675","-0.7282978","-0.6700486","-0.5664857","-0.093875535","-0.21134944","-0.45643547","-0.08875621","-0.083333336","-0.42969814","0.80714345"
"Candidate-division TM7","-1.7251766","-1.3700308","-0.8079205","-0.8079205","-0.8079205","-0.64594126","-0.67825854","-0.64059675","-0.7282978","-0.6700486","-0.5664857","-0.093875535","-0.21134944","-0.45643547","-0.08875621","-0.083333336","-0.42969814","0.80714345"
"Candidatus","-1.7251766","0.7299107","-0.8079205","-0.8079205","-0.8079205","-0.64594126","-0.67825854","-0.64059675","-0.7282978","-0.6700486","-0.5664857","-0.093875535","-0.21134944","-0.45643547","-0.08875621","-0.083333336","-0.42969814","0.80714345"
"Candidatus Azobacteroides","0.57965076","0.7299107","1.2377455","1.2377455","1.2377455","0.049414594","0.21457562","0.12679036","0.6365949","0.30044636","-0.5664857","-0.093875535","-0.21134944","2.19089","-0.08875621","-0.083333336","-0.42969814","-1.2389371"
"Candidatus Azobacteroides pseudotrichonymphae","0.57965076","0.7299107","1.2377455","1.2377455","1.2377455","0.049414594","0.21457562","0.12679036","0.6365949","0.30044636","-0.5664857","-0.093875535","-0.21134944","-0.45643547","-0.08875621","-0.083333336","2.3272147","-1.2389371"
"Candidatus Endolissoclinum","0.57965076","0.7299107","1.2377455","1.2377455","1.2377455","0.049414594","0.21457562","0.12679036","0.6365949","0.30044636","-0.5664857","-0.093875535","-0.21134944","2.19089","-0.08875621","-0.083333336","-0.42969814","-1.2389371"
"Candidatus Methanomethylophilus alvus","0.57965076","0.7299107","-0.8079205","-0.8079205","-0.8079205","-0.64594126","-0.67825854","-0.64059675","-0.7282978","-0.6700486","-0.5664857","-0.093875535","-0.21134944","-0.45643547","-0.08875621","-0.083333336","-0.42969814","0.80714345"
"Candidatus arthromitus","0.57965076","0.7299107","1.2377455","1.2377455","1.2377455","0.049414594","0.21457562","0.12679036","0.6365949","0.30044636","0.17007542","-0.093875535","-0.21134944","2.19089","-0.08875621","-0.083333336","-0.42969814","-1.2389371"
"Candidatus brocadia","0.57965076","0.7299107","-0.8079205","-0.8079205","-0.8079205","-0.64594126","-0.67825854","-0.64059675","-0.7282978","-0.6700486","-0.5664857","-0.093875535","-0.21134944","-0.45643547","-0.08875621","-0.083333336","-0.42969814","0.80714345"
"Candidatus phytoplasma","0.57965076","0.7299107","-0.8079205","-0.8079205","-0.8079205","-0.64594126","-0.67825854","-0.64059675","-0.7282978","-0.6700486","-0.5664857","-0.093875535","-0.21134944","-0.45643547","-0.08875621","-0.083333336","-0.42969814","0.80714345"
"Candidatus portiera","0.57965076","0.7299107","1.2377455","1.2377455","1.2377455","0.74477047","0.73685014","0.89417744","0.6365949","1.2709413","0.90663654","-0.093875535","-0.21134944","2.19089","-0.08875621","-0.083333336","-0.42969814","-1.2389371"
"Candidatus saccharibacteria bacterium","0.57965076","0.7299107","-0.8079205","-0.8079205","-0.8079205","-0.64594126","-0.67825854","-0.64059675","-0.7282978","-0.6700486","-0.5664857","-0.093875535","-0.21134944","-0.45643547","-0.08875621","-0.083333336","-0.42969814","0.80714345"
"Candidatus soleaferrea","0.57965076","-1.3700308","1.2377455","1.2377455","1.2377455","1.1515275","0.73685014","0.57568306","0.6365949","0.8681495","1.3374971","-0.093875535","-0.21134944","2.19089","-0.08875621","-0.083333336","-0.42969814","-1.2389371"
"Candidatus tammella","0.57965076","0.7299107","-0.8079205","-0.8079205","-0.8079205","-0.64594126","-0.67825854","-0.64059675","-0.7282978","-0.6700486","-0.5664857","-0.093875535","-0.21134944","-0.45643547","-0.08875621","-0.083333336","-0.42969814","0.80714345"
"Capnocytophaga","0.57965076","0.7299107","1.2377455","1.2377455","1.2377455","2.3078802","2.000244","2.1104572","1.435006","2.8091393","2.504919","-0.093875535","-0.21134944","2.19089","-0.08875621","-0.083333336","-0.42969814","-1.2389371"
"Capnocytophaga canimorsus","0.57965076","0.7299107","1.2377455","1.2377455","1.2377455","0.049414594","0.21457562","0.12679036","0.6365949","0.30044636","-0.5664857","-0.093875535","-0.21134944","-0.45643547","-0.08875621","-0.083333336","2.3272147","-1.2389371"
"Capnocytophaga gingivalis","0.57965076","0.7299107","1.2377455","1.2377455","1.2377455","0.45617172","0.21457562","0.12679036","0.6365949","0.30044636","-0.5664857","-0.093875535","-0.21134944","-0.45643547","-0.08875621","-0.083333336","2.3272147","-1.2389371"
"Capnocytophaga leadbetteri","0.57965076","0.7299107","1.2377455","1.2377455","1.2377455","0.45617172","0.73685014","0.57568306","0.6365949","0.8681495","0.60093606","-0.093875535","-0.21134944","-0.45643547","-0.08875621","-0.083333336","2.3272147","-1.2389371"
"Capnocytophaga ochracea","0.57965076","0.7299107","1.2377455","1.2377455","1.2377455","0.74477047","0.73685014","0.57568306","1.435006","0.8681495","0.17007542","-0.093875535","-0.21134944","-0.45643547","-0.08875621","-0.083333336","2.3272147","-1.2389371"
"Capnocytophaga sputigena","0.57965076","0.7299107","1.2377455","1.2377455","1.2377455","0.049414594","0.21457562","0.12679036","0.6365949","0.30044636","0.17007542","-0.093875535","-0.21134944","-0.45643547","-0.08875621","-0.083333336","2.3272147","-1.2389371"
"Capnodiales","0.57965076","0.7299107","-0.8079205","-0.8079205","-0.8079205","-0.64594126","-0.67825854","-0.64059675","-0.7282978","-0.6700486","-0.5664857","-0.093875535","-0.21134944","-0.45643547","-0.08875621","-0.083333336","-0.42969814","0.80714345"
"Carboxydothermus","0.57965076","0.7299107","-0.8079205","-0.8079205","-0.8079205","-0.64594126","-0.67825854","-0.64059675","-0.7282978","-0.6700486","-0.5664857","-0.093875535","-0.21134944","-0.45643547","-0.08875621","-0.083333336","-0.42969814","0.80714345"
"Cardiobacterium","0.57965076","0.7299107","1.2377455","1.2377455","1.2377455","0.96862507","1.3948382","0.89417744","1.435006","0.8681495","0.90663654","-0.093875535","-0.21134944","2.19089","-0.08875621","-0.083333336","-0.42969814","-1.2389371"
"Cardiobacterium hominis","0.57965076","0.7299107","-0.8079205","-0.8079205","-0.8079205","-0.64594126","-0.67825854","-0.64059675","-0.7282978","-0.6700486","-0.5664857","-0.093875535","-0.21134944","-0.45643547","-0.08875621","-0.083333336","-0.42969814","0.80714345"
"Cardiobacterium valvarum","0.57965076","0.7299107","-0.8079205","-0.8079205","-0.8079205","-0.64594126","-0.67825854","-0.64059675","-0.7282978","-0.6700486","-0.5664857","-0.093875535","-0.21134944","-0.45643547","-0.08875621","-0.083333336","-0.42969814","0.80714345"
"Carnobacteriaceae","0.57965076","0.7299107","1.2377455","1.2377455","1.2377455","2.070738","2.151959","1.908608","1.435006","2.4063475","2.237864","-0.093875535","4.7315","-0.45643547","-0.08875621","-0.083333336","-0.42969814","-1.2389371"
"Carnobacterium","0.57965076","0.7299107","1.2377455","1.2377455","1.2377455","0.74477047","0.21457562","0.89417744","0.6365949","0.8681495","0.90663654","-0.093875535","-0.21134944","2.19089","-0.08875621","-0.083333336","-0.42969814","-1.2389371"
"Carnobacterium alterfunditum","0.57965076","0.7299107","-0.8079205","-0.8079205","-0.8079205","-0.64594126","-0.67825854","-0.64059675","-0.7282978","-0.6700486","-0.5664857","-0.093875535","-0.21134944","-0.45643547","-0.08875621","-0.083333336","-0.42969814","0.80714345"
"Catabacter","0.57965076","0.7299107","1.2377455","1.2377455","1.2377455","0.45617172","0.73685014","0.57568306","0.6365949","0.30044636","0.60093606","-0.093875535","-0.21134944","2.19089","-0.08875621","-0.083333336","-0.42969814","-1.2389371"
"Catabacter hongkongensis","0.57965076","0.7299107","1.2377455","1.2377455","1.2377455","0.049414594","0.21457562","0.12679036","0.6365949","0.30044636","0.17007542","-0.093875535","-0.21134944","-0.45643547","-0.08875621","-0.083333336","2.3272147","-1.2389371"
"Catenibacterium","0.57965076","0.7299107","1.2377455","1.2377455","1.2377455","1.8468834","2.151959","1.908608","0.6365949","1.8386444","2.0740583","-0.093875535","-0.21134944","2.19089","-0.08875621","-0.083333336","-0.42969814","-1.2389371"
"Catenibacterium mitsuokai","0.57965076","0.7299107","1.2377455","1.2377455","1.2377455","0.049414594","0.21457562","0.12679036","0.6365949","0.30044636","0.17007542","-0.093875535","-0.21134944","-0.45643547","-0.08875621","-0.083333336","2.3272147","-1.2389371"
"Catonella","0.57965076","0.7299107","1.2377455","1.2377455","1.2377455","1.5582846","1.3948382","1.6615645","0.6365949","2.2414362","1.7683579","-0.093875535","-0.21134944","2.19089","-0.08875621","-0.083333336","-0.42969814","-1.2389371"
"Catonella morbi","0.57965076","0.7299107","1.2377455","1.2377455","1.2377455","0.96862507","0.73685014","0.57568306","0.6365949","0.8681495","1.1437563","-0.093875535","-0.21134944","-0.45643547","-0.08875621","-0.083333336","2.3272147","-1.2389371"
"Caudovirales","0.57965076","-1.3700308","1.2377455","1.2377455","1.2377455","0.45617172","0.21457562","0.12679036","0.6365949","0.30044636","-0.5664857","-0.093875535","-0.21134944","-0.45643547","11.266818","-0.083333336","-0.42969814","-1.2389371"
"Caudovirales bacteriophages","-1.7251766","-1.3700308","-0.8079205","-0.8079205","-0.8079205","-0.64594126","-0.67825854","-0.64059675","-0.7282978","-0.6700486","-0.5664857","-0.093875535","-0.21134944","-0.45643547","-0.08875621","-0.083333336","-0.42969814","0.80714345"
"Caulobacter","0.57965076","0.7299107","1.2377455","1.2377455","1.2377455","1.3061694","1.1074097","1.1412209","1.435006","1.5833708","1.3374971","-0.093875535","-0.21134944","2.19089","-0.08875621","-0.083333336","-0.42969814","-1.2389371"
"Caulobacteraceae","0.57965076","-1.3700308","1.2377455","1.2377455","1.2377455","1.663981","1.8282436","1.7919627","0.6365949","2.0544753","1.8803174","-0.093875535","4.7315","-0.45643547","-0.08875621","-0.083333336","-0.42969814","-1.2389371"
"Caulobacteriaceae","0.57965076","0.7299107","-0.8079205","-0.8079205","-0.8079205","-0.64594126","-0.67825854","-0.64059675","-0.7282978","-0.6700486","-0.5664857","-0.093875535","-0.21134944","-0.45643547","-0.08875621","-0.083333336","-0.42969814","0.80714345"
"Ceduovirus","0.57965076","-1.3700308","-0.8079205","-0.8079205","-0.8079205","-0.64594126","-0.67825854","-0.64059675","-0.7282978","-0.6700486","-0.5664857","-0.093875535","-0.21134944","-0.45643547","-0.08875621","-0.083333336","-0.42969814","0.80714345"
"Cellulomonadaceae","0.57965076","-1.3700308","1.2377455","1.2377455","1.2377455","0.74477047","0.21457562","0.12679036","0.6365949","0.30044636","0.90663654","-0.093875535","4.7315","-0.45643547","-0.08875621","-0.083333336","-0.42969814","-1.2389371"
"Cellulomonas","0.57965076","0.7299107","-0.8079205","-0.8079205","-0.8079205","-0.64594126","-0.67825854","-0.64059675","-0.7282978","-0.6700486","-0.5664857","-0.093875535","-0.21134944","-0.45643547","-0.08875621","-0.083333336","-0.42969814","0.80714345"
"Cellulosilyticum","0.57965076","0.7299107","-0.8079205","-0.8079205","-0.8079205","-0.64594126","-0.67825854","-0.64059675","-0.7282978","-0.6700486","-0.5664857","-0.093875535","-0.21134944","-0.45643547","-0.08875621","-0.083333336","-0.42969814","0.80714345"
"Cellulosilyticum ruminicola","0.57965076","0.7299107","-0.8079205","-0.8079205","-0.8079205","-0.64594126","-0.67825854","-0.64059675","-0.7282978","-0.6700486","-0.5664857","-0.093875535","-0.21134944","-0.45643547","-0.08875621","-0.083333336","-0.42969814","0.80714345"
"Cellulosimicrobium","0.57965076","0.7299107","1.2377455","1.2377455","1.2377455","0.049414594","0.21457562","0.12679036","0.6365949","0.30044636","-0.5664857","-0.093875535","-0.21134944","2.19089","-0.08875621","-0.083333336","-0.42969814","-1.2389371"
"Cellvibrio","0.57965076","0.7299107","-0.8079205","-0.8079205","-0.8079205","-0.64594126","-0.67825854","-0.64059675","-0.7282978","-0.6700486","-0.5664857","-0.093875535","-0.21134944","-0.45643547","-0.08875621","-0.083333336","-0.42969814","0.80714345"
"Centipeda","0.57965076","0.7299107","1.2377455","1.2377455","1.2377455","0.74477047","0.73685014","0.57568306","0.6365949","0.8681495","0.90663654","-0.093875535","-0.21134944","2.19089","-0.08875621","-0.083333336","-0.42969814","-1.2389371"
"Centipeda periodontii","0.57965076","0.7299107","1.2377455","1.2377455","1.2377455","0.049414594","0.21457562","0.12679036","0.6365949","0.30044636","0.17007542","-0.093875535","-0.21134944","-0.45643547","-0.08875621","-0.083333336","2.3272147","-1.2389371"
"Cephalotrichum","0.57965076","0.7299107","-0.8079205","-0.8079205","-0.8079205","-0.64594126","-0.67825854","-0.64059675","-0.7282978","-0.6700486","-0.5664857","-0.093875535","-0.21134944","-0.45643547","-0.08875621","-0.083333336","-0.42969814","0.80714345"
"Cetobacterium","0.57965076","0.7299107","1.2377455","1.2377455","1.2377455","1.1515275","1.1074097","0.89417744","0.6365949","1.2709413","1.3374971","-0.093875535","-0.21134944","2.19089","-0.08875621","-0.083333336","-0.42969814","-1.2389371"
"Chaetomiaceae","0.57965076","-1.3700308","1.2377455","1.2377455","1.2377455","0.049414594","0.21457562","0.12679036","0.6365949","0.30044636","-0.5664857","-0.093875535","4.7315","-0.45643547","-0.08875621","-0.083333336","-0.42969814","-1.2389371"
"Chaetomium","0.57965076","0.7299107","-0.8079205","-0.8079205","-0.8079205","-0.64594126","-0.67825854","-0.64059675","-0.7282978","-0.6700486","-0.5664857","-0.093875535","-0.21134944","-0.45643547","-0.08875621","-0.083333336","-0.42969814","0.80714345"
"Chitinimonas","0.57965076","0.7299107","-0.8079205","-0.8079205","-0.8079205","-0.64594126","-0.67825854","-0.64059675","-0.7282978","-0.6700486","-0.5664857","-0.093875535","-0.21134944","-0.45643547","-0.08875621","-0.083333336","-0.42969814","0.80714345"
"Chitinophagaceae","0.57965076","0.7299107","1.2377455","1.2377455","1.2377455","0.74477047","1.1074097","0.89417744","0.6365949","1.2709413","0.90663654","-0.093875535","4.7315","-0.45643547","-0.08875621","-0.083333336","-0.42969814","-1.2389371"
"Chlamydia","0.57965076","0.7299107","1.2377455","1.2377455","1.2377455","0.049414594","0.21457562","0.12679036","0.6365949","0.30044636","-0.5664857","-0.093875535","-0.21134944","2.19089","-0.08875621","-0.083333336","-0.42969814","-1.2389371"
"Chlamydia pneumoniae","0.57965076","-1.3700308","1.2377455","1.2377455","1.2377455","0.96862507","1.1074097","0.89417744","2.0014877","0.30044636","-0.5664857","-0.093875535","-0.21134944","-0.45643547","-0.08875621","-0.083333336","2.3272147","-1.2389371"
"Chlamydia trachomatis","-1.7251766","-1.3700308","-0.8079205","-0.8079205","-0.8079205","-0.64594126","-0.67825854","-0.64059675","-0.7282978","-0.6700486","-0.5664857","-0.093875535","-0.21134944","-0.45643547","-0.08875621","-0.083333336","-0.42969814","0.80714345"
"Chlamydophila pneumoniae","-1.7251766","-1.3700308","-0.8079205","-0.8079205","-0.8079205","-0.64594126","-0.67825854","-0.64059675","-0.7282978","-0.6700486","-0.5664857","-0.093875535","-0.21134944","-0.45643547","-0.08875621","-0.083333336","-0.42969814","0.80714345"
"Chloracidobacterium thermophilum B","0.57965076","0.7299107","-0.8079205","-0.8079205","-0.8079205","-0.64594126","-0.67825854","-0.64059675","-0.7282978","-0.6700486","-0.5664857","-0.093875535","-0.21134944","-0.45643547","-0.08875621","-0.083333336","-0.42969814","0.80714345"
"Chlorobaculum","0.57965076","0.7299107","-0.8079205","-0.8079205","-0.8079205","-0.64594126","-0.67825854","-0.64059675","-0.7282978","-0.6700486","-0.5664857","-0.093875535","-0.21134944","-0.45643547","-0.08875621","-0.083333336","-0.42969814","0.80714345"
"Chloroflexi","0.57965076","0.7299107","1.2377455","1.2377455","1.2377455","0.74477047","1.1074097","0.57568306","0.6365949","0.8681495","0.90663654","-0.093875535","-0.21134944","-0.45643547","-0.08875621","12.0","-0.42969814","-1.2389371"
"Cholera vibrio","-1.7251766","-1.3700308","-0.8079205","-0.8079205","-0.8079205","-0.64594126","-0.67825854","-0.64059675","-0.7282978","-0.6700486","-0.5664857","-0.093875535","-0.21134944","-0.45643547","-0.08875621","-0.083333336","-0.42969814","0.80714345"
"Christensenella","0.57965076","0.7299107","1.2377455","1.2377455","1.2377455","1.663981","1.6296843","1.7919627","0.6365949","1.5833708","1.8803174","-0.093875535","-0.21134944","2.19089","-0.08875621","-0.083333336","-0.42969814","-1.2389371"
"Christensenella minuta","0.57965076","0.7299107","1.2377455","1.2377455","1.2377455","0.74477047","0.73685014","0.89417744","0.6365949","0.30044636","0.90663654","-0.093875535","-0.21134944","-0.45643547","-0.08875621","-0.083333336","2.3272147","-1.2389371"
"Christensenellaceae","0.57965076","0.7299107","1.2377455","1.2377455","1.2377455","2.3593369","2.5225184","2.1990728","0.6365949","1.2709413","2.6168785","-0.093875535","4.7315","-0.45643547","-0.08875621","-0.083333336","-0.42969814","-1.2389371"
"Chromobacterium haemolyticum","-1.7251766","-1.3700308","-0.8079205","-0.8079205","-0.8079205","-0.64594126","-0.67825854","-0.64059675","-0.7282978","-0.6700486","-0.5664857","-0.093875535","-0.21134944","-0.45643547","-0.08875621","-0.083333336","-0.42969814","0.80714345"
"Chromobacterium violaceum","-1.7251766","-1.3700308","-0.8079205","-0.8079205","-0.8079205","-0.64594126","-0.67825854","-0.64059675","-0.7282978","-0.6700486","-0.5664857","-0.093875535","-0.21134944","-0.45643547","-0.08875621","-0.083333336","-0.42969814","0.80714345"
"Chryseobacterium","0.57965076","0.7299107","1.2377455","1.2377455","1.2377455","1.8468834","2.000244","1.7919627","1.435006","2.2414362","1.9815972","-0.093875535","-0.21134944","2.19089","-0.08875621","-0.083333336","-0.42969814","-1.2389371"
"Chryseomonas","-1.7251766","-1.3700308","-0.8079205","-0.8079205","-0.8079205","-0.64594126","-0.67825854","-0.64059675","-0.7282978","-0.6700486","-0.5664857","-0.093875535","-0.21134944","-0.45643547","-0.08875621","-0.083333336","-0.42969814","0.80714345"
"Circoviridae","0.57965076","-1.3700308","-0.8079205","-0.8079205","-0.8079205","-0.64594126","-0.67825854","-0.64059675","-0.7282978","-0.6700486","-0.5664857","-0.093875535","-0.21134944","-0.45643547","-0.08875621","-0.083333336","-0.42969814","0.80714345"
"Circovirus","0.57965076","-1.3700308","-0.8079205","-0.8079205","-0.8079205","-0.64594126","-0.67825854","-0.64059675","-0.7282978","-0.6700486","-0.5664857","-0.093875535","-0.21134944","-0.45643547","-0.08875621","-0.083333336","-0.42969814","0.80714345"
"Circulating microbiome","-1.7251766","-1.3700308","-0.8079205","-0.8079205","-0.8079205","-0.64594126","-0.67825854","-0.64059675","-0.7282978","-0.6700486","-0.5664857","-0.093875535","-0.21134944","-0.45643547","-0.08875621","-0.083333336","-0.42969814","0.80714345"
"Citricoccus","0.57965076","0.7299107","-0.8079205","-0.8079205","-0.8079205","-0.64594126","-0.67825854","-0.64059675","-0.7282978","-0.6700486","-0.5664857","-0.093875535","-0.21134944","-0.45643547","-0.08875621","-0.083333336","-0.42969814","0.80714345"
"Citrobacter","0.57965076","0.7299107","1.2377455","1.2377455","1.2377455","2.0015254","1.8282436","2.1104572","2.0014877","2.0544753","2.0740583","-0.093875535","-0.21134944","2.19089","-0.08875621","-0.083333336","-0.42969814","-1.2389371"
"Citrobacter farmeri","0.57965076","0.7299107","1.2377455","1.2377455","1.2377455","0.049414594","0.21457562","0.12679036","0.6365949","0.30044636","0.17007542","-0.093875535","-0.21134944","-0.45643547","-0.08875621","-0.083333336","2.3272147","-1.2389371"
"Citrobacter freundii","-1.7251766","-1.3700308","-0.8079205","-0.8079205","-0.8079205","-0.64594126","-0.67825854","-0.64059675","-0.7282978","-0.6700486","-0.5664857","-0.093875535","-0.21134944","-0.45643547","-0.08875621","-0.083333336","-0.42969814","0.80714345"
"Citrobacter koseri","0.57965076","0.7299107","-0.8079205","-0.8079205","-0.8079205","-0.64594126","-0.67825854","-0.64059675","-0.7282978","-0.6700486","-0.5664857","-0.093875535","-0.21134944","-0.45643547","-0.08875621","-0.083333336","-0.42969814","0.80714345"
"Cladosporium halotolerans","0.57965076","0.7299107","-0.8079205","-0.8079205","-0.8079205","-0.64594126","-0.67825854","-0.64059675","-0.7282978","-0.6700486","-0.5664857","-0.093875535","-0.21134944","-0.45643547","-0.08875621","-0.083333336","-0.42969814","0.80714345"
"Clavibacter michiganensis","0.57965076","0.7299107","1.2377455","1.2377455","1.2377455","0.049414594","0.21457562","0.12679036","0.6365949","0.30044636","-0.5664857","-0.093875535","-0.21134944","-0.45643547","-0.08875621","-0.083333336","2.3272147","-1.2389371"
"Cloacibacillus","0.57965076","0.7299107","1.2377455","1.2377455","1.2377455","0.96862507","1.3948382","0.89417744","0.6365949","1.2709413","1.1437563","-0.093875535","-0.21134944","2.19089","-0.08875621","-0.083333336","-0.42969814","-1.2389371"
"Cloacibacterium","0.57965076","0.7299107","1.2377455","1.2377455","1.2377455","0.74477047","0.73685014","0.57568306","1.435006","0.8681495","0.60093606","-0.093875535","-0.21134944","2.19089","-0.08875621","-0.083333336","-0.42969814","-1.2389371"
"Clostidium leptum","-1.7251766","-1.3700308","-0.8079205","-0.8079205","-0.8079205","-0.64594126","-0.67825854","-0.64059675","-0.7282978","-0.6700486","-0.5664857","-0.093875535","-0.21134944","-0.45643547","-0.08875621","-0.083333336","-0.42969814","0.80714345"
"Clostridia","0.57965076","-1.3700308","1.2377455","1.2377455","1.2377455","3.0546927","3.1805065","3.0873551","2.440885","2.553866","3.270595","10.652403","-0.21134944","-0.45643547","-0.08875621","-0.083333336","-0.42969814","-1.2389371"
"Clostridia bacterium TSW07CA7","-1.7251766","-1.3700308","-0.8079205","-0.8079205","-0.8079205","-0.64594126","-0.67825854","-0.64059675","-0.7282978","-0.6700486","-0.5664857","-0.093875535","-0.21134944","-0.45643547","-0.08875621","-0.083333336","-0.42969814","0.80714345"
"Clostridia cluster I","-1.7251766","-1.3700308","-0.8079205","-0.8079205","-0.8079205","-0.64594126","-0.67825854","-0.64059675","-0.7282978","-0.6700486","-0.5664857","-0.093875535","-0.21134944","-0.45643547","-0.08875621","-0.083333336","-0.42969814","0.80714345"
"Clostridia cluster IV","-1.7251766","-1.3700308","-0.8079205","-0.8079205","-0.8079205","-0.64594126","-0.67825854","-0.64059675","-0.7282978","-0.6700486","-0.5664857","-0.093875535","-0.21134944","-0.45643547","-0.08875621","-0.083333336","-0.42969814","0.80714345"
"Clostridia spp","-1.7251766","-1.3700308","-0.8079205","-0.8079205","-0.8079205","-0.64594126","-0.67825854","-0.64059675","-0.7282978","-0.6700486","-0.5664857","-0.093875535","-0.21134944","-0.45643547","-0.08875621","-0.083333336","-0.42969814","0.80714345"
"Clostridiaceae","0.57965076","0.7299107","1.2377455","1.2377455","1.2377455","2.8308382","2.6256204","3.0485053","2.0014877","2.4063475","2.974425","-0.093875535","4.7315","-0.45643547","-0.08875621","-0.083333336","-0.42969814","-1.2389371"
"Clostridiaceae 02d06","-1.7251766","-1.3700308","-0.8079205","-0.8079205","-0.8079205","-0.64594126","-0.67825854","-0.64059675","-0.7282978","-0.6700486","-0.5664857","-0.093875535","-0.21134944","-0.45643547","-0.08875621","-0.083333336","-0.42969814","0.80714345"
"Clostridiaceae bacterium LEMV63","-1.7251766","-1.3700308","-0.8079205","-0.8079205","-0.8079205","-0.64594126","-0.67825854","-0.64059675","-0.7282978","-0.6700486","-0.5664857","-0.093875535","-0.21134944","-0.45643547","-0.08875621","-0.083333336","-0.42969814","0.80714345"
"Clostridiaceae bacterium SH032","-1.7251766","-1.3700308","-0.8079205","-0.8079205","-0.8079205","-0.64594126","-0.67825854","-0.64059675","-0.7282978","-0.6700486","-0.5664857","-0.093875535","-0.21134944","-0.45643547","-0.08875621","-0.083333336","-0.42969814","0.80714345"
"Clostridiaceae bacterium SK061","-1.7251766","-1.3700308","-0.8079205","-0.8079205","-0.8079205","-0.64594126","-0.67825854","-0.64059675","-0.7282978","-0.6700486","-0.5664857","-0.093875535","-0.21134944","-0.45643547","-0.08875621","-0.083333336","-0.42969814","0.80714345"
"Clostridiaceae bacterium bSSV31","-1.7251766","-1.3700308","-0.8079205","-0.8079205","-0.8079205","-0.64594126","-0.67825854","-0.64059675","-0.7282978","-0.6700486","-0.5664857","-0.093875535","-0.21134944","-0.45643547","-0.08875621","-0.083333336","-0.42969814","0.80714345"
"Clostridiaceae family","-1.7251766","-1.3700308","-0.8079205","-0.8079205","-0.8079205","-0.64594126","-0.67825854","-0.64059675","-0.7282978","-0.6700486","-0.5664857","-0.093875535","-0.21134944","-0.45643547","-0.08875621","-0.083333336","-0.42969814","0.80714345"
"Clostridiaceae spp","-1.7251766","-1.3700308","-0.8079205","-0.8079205","-0.8079205","-0.64594126","-0.67825854","-0.64059675","-0.7282978","-0.6700486","-0.5664857","-0.093875535","-0.21134944","-0.45643547","-0.08875621","-0.083333336","-0.42969814","0.80714345"
"Clostridiales","0.57965076","0.7299107","1.2377455","1.2377455","1.2377455","3.1272438","2.809947","3.2304063","1.435006","2.8091393","3.3534396","-0.093875535","-0.21134944","-0.45643547","11.266818","-0.083333336","-0.42969814","-1.2389371"
"Clostridiales XIV","-1.7251766","0.7299107","-0.8079205","-0.8079205","-0.8079205","-0.64594126","-0.67825854","-0.64059675","-0.7282978","-0.6700486","-0.5664857","-0.093875535","-0.21134944","-0.45643547","-0.08875621","-0.083333336","-0.42969814","0.80714345"
"Clostridiales bacterium 80/3","-1.7251766","-1.3700308","-0.8079205","-0.8079205","-0.8079205","-0.64594126","-0.67825854","-0.64059675","-0.7282978","-0.6700486","-0.5664857","-0.093875535","-0.21134944","-0.45643547","-0.08875621","-0.083333336","-0.42969814","0.80714345"
"Clostridiales bacterium A2-162","-1.7251766","-1.3700308","-0.8079205","-0.8079205","-0.8079205","-0.64594126","-0.67825854","-0.64059675","-0.7282978","-0.6700486","-0.5664857","-0.093875535","-0.21134944","-0.45643547","-0.08875621","-0.083333336","-0.42969814","0.80714345"
"Clostridiales bacterium AHT16","-1.7251766","-1.3700308","-0.8079205","-0.8079205","-0.8079205","-0.64594126","-0.67825854","-0.64059675","-0.7282978","-0.6700486","-0.5664857","-0.093875535","-0.21134944","-0.45643547","-0.08875621","-0.083333336","-0.42969814","0.80714345"
"Clostridiales bacterium L2-14","-1.7251766","-1.3700308","-0.8079205","-0.8079205","-0.8079205","-0.64594126","-0.67825854","-0.64059675","-0.7282978","-0.6700486","-0.5664857","-0.093875535","-0.21134944","-0.45643547","-0.08875621","-0.083333336","-0.42969814","0.80714345"
"Clostridioides difficile","0.57965076","0.7299107","1.2377455","1.2377455","1.2377455","1.1515275","1.1074097","1.34307","2.7998989","0.8681495","0.17007542","-0.093875535","-0.21134944","-0.45643547","-0.08875621","-0.083333336","2.3272147","-1.2389371"
"Clostridium","0.57965076","0.7299107","1.2377455","1.2377455","1.2377455","3.172851","2.893078","3.295549","3.59831","2.9212093","3.211545","-0.093875535","-0.21134944","2.19089","-0.08875621","-0.083333336","-0.42969814","-1.2389371"
"Clostridium III","-1.7251766","-1.3700308","-0.8079205","-0.8079205","-0.8079205","-0.64594126","-0.67825854","-0.64059675","-0.7282978","-0.6700486","-0.5664857","-0.093875535","-0.21134944","-0.45643547","-0.08875621","-0.083333336","-0.42969814","0.80714345"
"Clostridium IV","-1.7251766","-1.3700308","-0.8079205","-0.8079205","-0.8079205","-0.64594126","-0.67825854","-0.64059675","-0.7282978","-0.6700486","-0.5664857","-0.093875535","-0.21134944","-0.45643547","-0.08875621","-0.083333336","-0.42969814","0.80714345"
"Clostridium XI","-1.7251766","-1.3700308","-0.8079205","-0.8079205","-0.8079205","-0.64594126","-0.67825854","-0.64059675","-0.7282978","-0.6700486","-0.5664857","-0.093875535","-0.21134944","-0.45643547","-0.08875621","-0.083333336","-0.42969814","0.80714345"
"Clostridium XIVa","-1.7251766","-1.3700308","-0.8079205","-0.8079205","-0.8079205","-0.64594126","-0.67825854","-0.64059675","-0.7282978","-0.6700486","-0.5664857","-0.093875535","-0.21134944","-0.45643547","-0.08875621","-0.083333336","-0.42969814","0.80714345"
"Clostridium XIVb","0.57965076","0.7299107","-0.8079205","-0.8079205","-0.8079205","-0.64594126","-0.67825854","-0.64059675","-0.7282978","-0.6700486","-0.5664857","-0.093875535","-0.21134944","-0.45643547","-0.08875621","-0.083333336","-0.42969814","0.80714345"
"Clostridium XVIII","-1.7251766","-1.3700308","-0.8079205","-0.8079205","-0.8079205","-0.64594126","-0.67825854","-0.64059675","-0.7282978","-0.6700486","-0.5664857","-0.093875535","-0.21134944","-0.45643547","-0.08875621","-0.083333336","-0.42969814","0.80714345"
"Clostridium XlVa","-1.7251766","-1.3700308","-0.8079205","-0.8079205","-0.8079205","-0.64594126","-0.67825854","-0.64059675","-0.7282978","-0.6700486","-0.5664857","-0.093875535","-0.21134944","-0.45643547","-0.08875621","-0.083333336","-0.42969814","0.80714345"
"Clostridium XlVb","-1.7251766","-1.3700308","-0.8079205","-0.8079205","-0.8079205","-0.64594126","-0.67825854","-0.64059675","-0.7282978","-0.6700486","-0.5664857","-0.093875535","-0.21134944","-0.45643547","-0.08875621","-0.083333336","-0.42969814","0.80714345"
"Clostridium acetobutylicum","0.57965076","0.7299107","-0.8079205","-0.8079205","-0.8079205","-0.64594126","-0.67825854","-0.64059675","-0.7282978","-0.6700486","-0.5664857","-0.093875535","-0.21134944","-0.45643547","-0.08875621","-0.083333336","-0.42969814","0.80714345"
"Clostridium aminobutyricum","0.57965076","0.7299107","-0.8079205","-0.8079205","-0.8079205","-0.64594126","-0.67825854","-0.64059675","-0.7282978","-0.6700486","-0.5664857","-0.093875535","-0.21134944","-0.45643547","-0.08875621","-0.083333336","-0.42969814","0.80714345"
"Clostridium aminophilum","0.57965076","0.7299107","1.2377455","1.2377455","1.2377455","0.45617172","0.73685014","0.12679036","0.6365949","0.30044636","-0.5664857","-0.093875535","-0.21134944","-0.45643547","-0.08875621","-0.083333336","2.3272147","-1.2389371"
"Clostridium asparagiform","0.57965076","0.7299107","-0.8079205","-0.8079205","-0.8079205","-0.64594126","-0.67825854","-0.64059675","-0.7282978","-0.6700486","-0.5664857","-0.093875535","-0.21134944","-0.45643547","-0.08875621","-0.083333336","-0.42969814","0.80714345"
"Clostridium baratii","0.57965076","-1.3700308","1.2377455","1.2377455","1.2377455","0.45617172","0.73685014","0.12679036","0.6365949","0.30044636","-0.5664857","-0.093875535","-0.21134944","-0.45643547","-0.08875621","-0.083333336","2.3272147","-1.2389371"
"Clostridium bartletti","0.57965076","0.7299107","-0.8079205","-0.8079205","-0.8079205","-0.64594126","-0.67825854","-0.64059675","-0.7282978","-0.6700486","-0.5664857","-0.093875535","-0.21134944","-0.45643547","-0.08875621","-0.083333336","-0.42969814","0.80714345"
"Clostridium beijerinckii","0.57965076","0.7299107","-0.8079205","-0.8079205","-0.8079205","-0.64594126","-0.67825854","-0.64059675","-0.7282978","-0.6700486","-0.5664857","-0.093875535","-0.21134944","-0.45643547","-0.08875621","-0.083333336","-0.42969814","0.80714345"
"Clostridium boltae","0.57965076","0.7299107","-0.8079205","-0.8079205","-0.8079205","-0.64594126","-0.67825854","-0.64059675","-0.7282978","-0.6700486","-0.5664857","-0.093875535","-0.21134944","-0.45643547","-0.08875621","-0.083333336","-0.42969814","0.80714345"
"Clostridium botulinum","0.57965076","0.7299107","-0.8079205","-0.8079205","-0.8079205","-0.64594126","-0.67825854","-0.64059675","-0.7282978","-0.6700486","-0.5664857","-0.093875535","-0.21134944","-0.45643547","-0.08875621","-0.083333336","-0.42969814","0.80714345"
"Clostridium butyricum","0.57965076","0.7299107","1.2377455","1.2377455","1.2377455","0.049414594","0.21457562","0.12679036","0.6365949","0.30044636","0.17007542","-0.093875535","-0.21134944","-0.45643547","-0.08875621","-0.083333336","2.3272147","-1.2389371"
"Clostridium celatum","0.57965076","-1.3700308","1.2377455","1.2377455","1.2377455","0.45617172","0.73685014","0.12679036","0.6365949","0.30044636","-0.5664857","-0.093875535","-0.21134944","-0.45643547","-0.08875621","-0.083333336","2.3272147","-1.2389371"
"Clostridium cellulosi","0.57965076","0.7299107","-0.8079205","-0.8079205","-0.8079205","-0.64594126","-0.67825854","-0.64059675","-0.7282978","-0.6700486","-0.5664857","-0.093875535","-0.21134944","-0.45643547","-0.08875621","-0.083333336","-0.42969814","0.80714345"
"Clostridium cellulovorans","0.57965076","0.7299107","-0.8079205","-0.8079205","-0.8079205","-0.64594126","-0.67825854","-0.64059675","-0.7282978","-0.6700486","-0.5664857","-0.093875535","-0.21134944","-0.45643547","-0.08875621","-0.083333336","-0.42969814","0.80714345"
"Clostridium citroniae","0.57965076","-1.3700308","-0.8079205","-0.8079205","-0.8079205","-0.64594126","-0.67825854","-0.64059675","-0.7282978","-0.6700486","-0.5664857","-0.093875535","-0.21134944","-0.45643547","-0.08875621","-0.083333336","-0.42969814","0.80714345"
"Clostridium clostridioforme","0.57965076","0.7299107","1.2377455","1.2377455","1.2377455","0.45617172","0.73685014","0.12679036","0.6365949","0.30044636","0.60093606","-0.093875535","-0.21134944","-0.45643547","-0.08875621","-0.083333336","2.3272147","-1.2389371"
"Clostridium cluster IV","-1.7251766","0.7299107","-0.8079205","-0.8079205","-0.8079205","-0.64594126","-0.67825854","-0.64059675","-0.7282978","-0.6700486","-0.5664857","-0.093875535","-0.21134944","-0.45643547","-0.08875621","-0.083333336","-0.42969814","0.80714345"
"Clostridium cluster XIVa","-1.7251766","-1.3700308","-0.8079205","-0.8079205","-0.8079205","-0.64594126","-0.67825854","-0.64059675","-0.7282978","-0.6700486","-0.5664857","-0.093875535","-0.21134944","-0.45643547","-0.08875621","-0.083333336","-0.42969814","0.80714345"
"Clostridium cluster XIVb","-1.7251766","-1.3700308","-0.8079205","-0.8079205","-0.8079205","-0.64594126","-0.67825854","-0.64059675","-0.7282978","-0.6700486","-0.5664857","-0.093875535","-0.21134944","-0.45643547","-0.08875621","-0.083333336","-0.42969814","0.80714345"
"Clostridium cluster XVIII","-1.7251766","0.7299107","-0.8079205","-0.8079205","-0.8079205","-0.64594126","-0.67825854","-0.64059675","-0.7282978","-0.6700486","-0.5664857","-0.093875535","-0.21134944","-0.45643547","-0.08875621","-0.083333336","-0.42969814","0.80714345"
"Clostridium clusters IV and XIVa","-1.7251766","-1.3700308","-0.8079205","-0.8079205","-0.8079205","-0.64594126","-0.67825854","-0.64059675","-0.7282978","-0.6700486","-0.5664857","-0.093875535","-0.21134944","-0.45643547","-0.08875621","-0.083333336","-0.42969814","0.80714345"
"Clostridium clusters IV or XIVa","-1.7251766","-1.3700308","-0.8079205","-0.8079205","-0.8079205","-0.64594126","-0.67825854","-0.64059675","-0.7282978","-0.6700486","-0.5664857","-0.093875535","-0.21134944","-0.45643547","-0.08875621","-0.083333336","-0.42969814","0.80714345"
"Clostridium coccoides","-1.7251766","-1.3700308","-0.8079205","-0.8079205","-0.8079205","-0.64594126","-0.67825854","-0.64059675","-0.7282978","-0.6700486","-0.5664857","-0.093875535","-0.21134944","-0.45643547","-0.08875621","-0.083333336","-0.42969814","0.80714345"
"Clostridium coccoides group","-1.7251766","0.7299107","-0.8079205","-0.8079205","-0.8079205","-0.64594126","-0.67825854","-0.64059675","-0.7282978","-0.6700486","-0.5664857","-0.093875535","-0.21134944","-0.45643547","-0.08875621","-0.083333336","-0.42969814","0.80714345"
"Clostridium coccoides subgroup","-1.7251766","-1.3700308","-0.8079205","-0.8079205","-0.8079205","-0.64594126","-0.67825854","-0.64059675","-0.7282978","-0.6700486","-0.5664857","-0.093875535","-0.21134944","-0.45643547","-0.08875621","-0.083333336","-0.42969814","0.80714345"
"Clostridium cocleatum","0.57965076","0.7299107","-0.8079205","-0.8079205","-0.8079205","-0.64594126","-0.67825854","-0.64059675","-0.7282978","-0.6700486","-0.5664857","-0.093875535","-0.21134944","-0.45643547","-0.08875621","-0.083333336","-0.42969814","0.80714345"
"Clostridium colinum","0.57965076","-1.3700308","1.2377455","1.2377455","1.2377455","0.45617172","0.21457562","0.12679036","0.6365949","0.30044636","0.60093606","-0.093875535","-0.21134944","-0.45643547","-0.08875621","-0.083333336","2.3272147","-1.2389371"
"Clostridium difficile","-1.7251766","-1.3700308","-0.8079205","-0.8079205","-0.8079205","-0.64594126","-0.67825854","-0.64059675","-0.7282978","-0.6700486","-0.5664857","-0.093875535","-0.21134944","-0.45643547","-0.08875621","-0.083333336","-0.42969814","0.80714345"
"Clostridium disporicum","0.57965076","0.7299107","1.2377455","1.2377455","1.2377455","0.74477047","0.21457562","0.89417744","0.6365949","0.8681495","0.90663654","-0.093875535","-0.21134944","-0.45643547","-0.08875621","-0.083333336","2.3272147","-1.2389371"
"Clostridium group XI","0.57965076","0.7299107","-0.8079205","-0.8079205","-0.8079205","-0.64594126","-0.67825854","-0.64059675","-0.7282978","-0.6700486","-0.5664857","-0.093875535","-0.21134944","-0.45643547","-0.08875621","-0.083333336","-0.42969814","0.80714345"
"Clostridium groups","-1.7251766","-1.3700308","-0.8079205","-0.8079205","-0.8079205","-0.64594126","-0.67825854","-0.64059675","-0.7282978","-0.6700486","-0.5664857","-0.093875535","-0.21134944","-0.45643547","-0.08875621","-0.083333336","-0.42969814","0.80714345"
"Clostridium hathewayi","0.57965076","0.7299107","-0.8079205","-0.8079205","-0.8079205","-0.64594126","-0.67825854","-0.64059675","-0.7282978","-0.6700486","-0.5664857","-0.093875535","-0.21134944","-0.45643547","-0.08875621","-0.083333336","-0.42969814","0.80714345"
"Clostridium histolyticum","-1.7251766","-1.3700308","-0.8079205","-0.8079205","-0.8079205","-0.64594126","-0.67825854","-0.64059675","-0.7282978","-0.6700486","-0.5664857","-0.093875535","-0.21134944","-0.45643547","-0.08875621","-0.083333336","-0.42969814","0.80714345"
"Clostridium hylemonae","0.57965076","-1.3700308","1.2377455","1.2377455","1.2377455","0.049414594","0.21457562","0.12679036","0.6365949","0.30044636","-0.5664857","-0.093875535","-0.21134944","-0.45643547","-0.08875621","-0.083333336","2.3272147","-1.2389371"
"Clostridium innocuum","0.57965076","0.7299107","1.2377455","1.2377455","1.2377455","0.45617172","0.73685014","0.57568306","1.435006","0.30044636","0.17007542","-0.093875535","-0.21134944","-0.45643547","-0.08875621","-0.083333336","2.3272147","-1.2389371"
"Clostridium lactatifermentans","0.57965076","0.7299107","-0.8079205","-0.8079205","-0.8079205","-0.64594126","-0.67825854","-0.64059675","-0.7282978","-0.6700486","-0.5664857","-0.093875535","-0.21134944","-0.45643547","-0.08875621","-0.083333336","-0.42969814","0.80714345"
"Clostridium lavalense","0.57965076","0.7299107","-0.8079205","-0.8079205","-0.8079205","-0.64594126","-0.67825854","-0.64059675","-0.7282978","-0.6700486","-0.5664857","-0.093875535","-0.21134944","-0.45643547","-0.08875621","-0.083333336","-0.42969814","0.80714345"
"Clostridium leptum","0.57965076","0.7299107","1.2377455","1.2377455","1.2377455","1.5582846","1.6296843","1.5137312","2.7998989","0.8681495","0.60093606","-0.093875535","-0.21134944","-0.45643547","-0.08875621","-0.083333336","2.3272147","-1.2389371"
"Clostridium leptum group","-1.7251766","-1.3700308","-0.8079205","-0.8079205","-0.8079205","-0.64594126","-0.67825854","-0.64059675","-0.7282978","-0.6700486","-0.5664857","-0.093875535","-0.21134944","-0.45643547","-0.08875621","-0.083333336","-0.42969814","0.80714345"
"Clostridium leptum subgroup","-1.7251766","-1.3700308","-0.8079205","-0.8079205","-0.8079205","-0.64594126","-0.67825854","-0.64059675","-0.7282978","-0.6700486","-0.5664857","-0.093875535","-0.21134944","-0.45643547","-0.08875621","-0.083333336","-0.42969814","0.80714345"
"Clostridium lituseburense","0.57965076","0.7299107","-0.8079205","-0.8079205","-0.8079205","-0.64594126","-0.67825854","-0.64059675","-0.7282978","-0.6700486","-0.5664857","-0.093875535","-0.21134944","-0.45643547","-0.08875621","-0.083333336","-0.42969814","0.80714345"
"Clostridium methylpentosum","0.57965076","0.7299107","1.2377455","1.2377455","1.2377455","0.049414594","0.21457562","0.12679036","0.6365949","0.30044636","-0.5664857","-0.093875535","-0.21134944","-0.45643547","-0.08875621","-0.083333336","2.3272147","-1.2389371"
"Clostridium neonatale","0.57965076","0.7299107","-0.8079205","-0.8079205","-0.8079205","-0.64594126","-0.67825854","-0.64059675","-0.7282978","-0.6700486","-0.5664857","-0.093875535","-0.21134944","-0.45643547","-0.08875621","-0.083333336","-0.42969814","0.80714345"
"Clostridium oroticum","0.57965076","0.7299107","-0.8079205","-0.8079205","-0.8079205","-0.64594126","-0.67825854","-0.64059675","-0.7282978","-0.6700486","-0.5664857","-0.093875535","-0.21134944","-0.45643547","-0.08875621","-0.083333336","-0.42969814","0.80714345"
"Clostridium paraputrificum","0.57965076","0.7299107","-0.8079205","-0.8079205","-0.8079205","-0.64594126","-0.67825854","-0.64059675","-0.7282978","-0.6700486","-0.5664857","-0.093875535","-0.21134944","-0.45643547","-0.08875621","-0.083333336","-0.42969814","0.80714345"
"Clostridium perfringens","0.57965076","0.7299107","1.2377455","1.2377455","1.2377455","0.96862507","0.73685014","0.89417744","1.435006","1.2709413","0.60093606","-0.093875535","-0.21134944","-0.45643547","-0.08875621","-0.083333336","2.3272147","-1.2389371"
"Clostridium perfringens butyricum","-1.7251766","-1.3700308","-0.8079205","-0.8079205","-0.8079205","-0.64594126","-0.67825854","-0.64059675","-0.7282978","-0.6700486","-0.5664857","-0.093875535","-0.21134944","-0.45643547","-0.08875621","-0.083333336","-0.42969814","0.80714345"
"Clostridium ramosum","0.57965076","0.7299107","-0.8079205","-0.8079205","-0.8079205","-0.64594126","-0.67825854","-0.64059675","-0.7282978","-0.6700486","-0.5664857","-0.093875535","-0.21134944","-0.45643547","-0.08875621","-0.083333336","-0.42969814","0.80714345"
"Clostridium saccharolyticum","0.57965076","0.7299107","-0.8079205","-0.8079205","-0.8079205","-0.64594126","-0.67825854","-0.64059675","-0.7282978","-0.6700486","-0.5664857","-0.093875535","-0.21134944","-0.45643547","-0.08875621","-0.083333336","-0.42969814","0.80714345"
"Clostridium sartagoforme","0.57965076","0.7299107","-0.8079205","-0.8079205","-0.8079205","-0.64594126","-0.67825854","-0.64059675","-0.7282978","-0.6700486","-0.5664857","-0.093875535","-0.21134944","-0.45643547","-0.08875621","-0.083333336","-0.42969814","0.80714345"
"Clostridium scindens","0.57965076","0.7299107","-0.8079205","-0.8079205","-0.8079205","-0.64594126","-0.67825854","-0.64059675","-0.7282978","-0.6700486","-0.5664857","-0.093875535","-0.21134944","-0.45643547","-0.08875621","-0.083333336","-0.42969814","0.80714345"
"Clostridium sensu stricto","-1.7251766","-1.3700308","-0.8079205","-0.8079205","-0.8079205","-0.64594126","-0.67825854","-0.64059675","-0.7282978","-0.6700486","-0.5664857","-0.093875535","-0.21134944","-0.45643547","-0.08875621","-0.083333336","-0.42969814","0.80714345"
"Clostridium septicum","-1.7251766","-1.3700308","-0.8079205","-0.8079205","-0.8079205","-0.64594126","-0.67825854","-0.64059675","-0.7282978","-0.6700486","-0.5664857","-0.093875535","-0.21134944","-0.45643547","-0.08875621","-0.083333336","-0.42969814","0.80714345"
"Clostridium sp.","0.57965076","-1.3700308","1.2377455","1.2377455","1.2377455","1.3061694","1.1074097","0.89417744","1.435006","1.2709413","1.3374971","-0.093875535","-0.21134944","-0.45643547","-0.08875621","-0.083333336","2.3272147","-1.2389371"
"Clostridium species","-1.7251766","-1.3700308","-0.8079205","-0.8079205","-0.8079205","-0.64594126","-0.67825854","-0.64059675","-0.7282978","-0.6700486","-0.5664857","-0.093875535","-0.21134944","-0.45643547","-0.08875621","-0.083333336","-0.42969814","0.80714345"
"Clostridium spiroforme","0.57965076","0.7299107","-0.8079205","-0.8079205","-0.8079205","-0.64594126","-0.67825854","-0.64059675","-0.7282978","-0.6700486","-0.5664857","-0.093875535","-0.21134944","-0.45643547","-0.08875621","-0.083333336","-0.42969814","0.80714345"
"Clostridium spp","-1.7251766","-1.3700308","-0.8079205","-0.8079205","-0.8079205","-0.64594126","-0.67825854","-0.64059675","-0.7282978","-0.6700486","-0.5664857","-0.093875535","-0.21134944","-0.45643547","-0.08875621","-0.083333336","-0.42969814","0.80714345"
"Clostridium spp.","-1.7251766","-1.3700308","-0.8079205","-0.8079205","-0.8079205","-0.64594126","-0.67825854","-0.64059675","-0.7282978","-0.6700486","-0.5664857","-0.093875535","-0.21134944","-0.45643547","-0.08875621","-0.083333336","-0.42969814","0.80714345"
"Clostridium subterminale","0.57965076","0.7299107","-0.8079205","-0.8079205","-0.8079205","-0.64594126","-0.67825854","-0.64059675","-0.7282978","-0.6700486","-0.5664857","-0.093875535","-0.21134944","-0.45643547","-0.08875621","-0.083333336","-0.42969814","0.80714345"
"Clostridium symbiosum","0.57965076","0.7299107","1.2377455","1.2377455","1.2377455","0.96862507","0.73685014","0.57568306","2.0014877","0.30044636","0.17007542","-0.093875535","-0.21134944","-0.45643547","-0.08875621","-0.083333336","2.3272147","-1.2389371"
"Clostridium tertium","0.57965076","0.7299107","-0.8079205","-0.8079205","-0.8079205","-0.64594126","-0.67825854","-0.64059675","-0.7282978","-0.6700486","-0.5664857","-0.093875535","-0.21134944","-0.45643547","-0.08875621","-0.083333336","-0.42969814","0.80714345"
"Clostridium tetani","-1.7251766","-1.3700308","-0.8079205","-0.8079205","-0.8079205","-0.64594126","-0.67825854","-0.64059675","-0.7282978","-0.6700486","-0.5664857","-0.093875535","-0.21134944","-0.45643547","-0.08875621","-0.083333336","-0.42969814","0.80714345"
"Clostridium thermocellum","0.57965076","0.7299107","-0.8079205","-0.8079205","-0.8079205","-0.64594126","-0.67825854","-0.64059675","-0.7282978","-0.6700486","-0.5664857","-0.093875535","-0.21134944","-0.45643547","-0.08875621","-0.083333336","-0.42969814","0.80714345"
"Clostridium xylanolyticum","-1.7251766","-1.3700308","-0.8079205","-0.8079205","-0.8079205","-0.64594126","-0.67825854","-0.64059675","-0.7282978","-0.6700486","-0.5664857","-0.093875535","-0.21134944","-0.45643547","-0.08875621","-0.083333336","-0.42969814","0.80714345"
"Clostridium xylanovorans","0.57965076","0.7299107","-0.8079205","-0.8079205","-0.8079205","-0.64594126","-0.67825854","-0.64059675","-0.7282978","-0.6700486","-0.5664857","-0.093875535","-0.21134944","-0.45643547","-0.08875621","-0.083333336","-0.42969814","0.80714345"
"Coccolithovirus","0.57965076","-1.3700308","1.2377455","1.2377455","1.2377455","0.049414594","0.21457562","0.12679036","0.6365949","0.30044636","-0.5664857","-0.093875535","-0.21134944","2.19089","-0.08875621","-0.083333336","-0.42969814","-1.2389371"
"Cohaesibacter","0.57965076","0.7299107","-0.8079205","-0.8079205","-0.8079205","-0.64594126","-0.67825854","-0.64059675","-0.7282978","-0.6700486","-0.5664857","-0.093875535","-0.21134944","-0.45643547","-0.08875621","-0.083333336","-0.42969814","0.80714345"
"Collimonas","0.57965076","0.7299107","-0.8079205","-0.8079205","-0.8079205","-0.64594126","-0.67825854","-0.64059675","-0.7282978","-0.6700486","-0.5664857","-0.093875535","-0.21134944","-0.45643547","-0.08875621","-0.083333336","-0.42969814","0.80714345"
"Collinsella","0.57965076","0.7299107","1.2377455","1.2377455","1.2377455","2.4082823","2.6256204","2.5593498","2.0014877","1.8386444","2.4441805","-0.093875535","-0.21134944","2.19089","-0.08875621","-0.083333336","-0.42969814","-1.2389371"
"Collinsella aerofaciens","0.57965076","0.7299107","1.2377455","1.2377455","1.2377455","1.4401263","1.6296843","1.6615645","2.0014877","0.8681495","1.3374971","-0.093875535","-0.21134944","-0.45643547","-0.08875621","-0.083333336","2.3272147","-1.2389371"
"Collinsella intestinalis","0.57965076","0.7299107","1.2377455","1.2377455","1.2377455","0.45617172","0.73685014","0.57568306","1.435006","0.30044636","0.17007542","-0.093875535","-0.21134944","-0.45643547","-0.08875621","-0.083333336","2.3272147","-1.2389371"
"Collinsella spp","-1.7251766","-1.3700308","-0.8079205","-0.8079205","-0.8079205","-0.64594126","-0.67825854","-0.64059675","-0.7282978","-0.6700486","-0.5664857","-0.093875535","-0.21134944","-0.45643547","-0.08875621","-0.083333336","-0.42969814","0.80714345"
"Collinsella spp.","-1.7251766","-1.3700308","-0.8079205","-0.8079205","-0.8079205","-0.64594126","-0.67825854","-0.64059675","-0.7282978","-0.6700486","-0.5664857","-0.093875535","-0.21134944","-0.45643547","-0.08875621","-0.083333336","-0.42969814","0.80714345"
"Comamonadaceae","0.57965076","0.7299107","1.2377455","1.2377455","1.2377455","2.070738","2.2876725","2.1990728","0.6365949","2.4063475","2.311178","-0.093875535","4.7315","-0.45643547","-0.08875621","-0.083333336","-0.42969814","-1.2389371"
"Comamonas","0.57965076","0.7299107","1.2377455","1.2377455","1.2377455","1.663981","2.000244","1.7919627","1.435006","2.4063475","1.7683579","-0.093875535","-0.21134944","2.19089","-0.08875621","-0.083333336","-0.42969814","-1.2389371"
"Comamonas testosteroni","0.57965076","0.7299107","-0.8079205","-0.8079205","-0.8079205","-0.64594126","-0.67825854","-0.64059675","-0.7282978","-0.6700486","-0.5664857","-0.093875535","-0.21134944","-0.45643547","-0.08875621","-0.083333336","-0.42969814","0.80714345"
"Conexibacteraceae","0.57965076","-1.3700308","1.2377455","1.2377455","1.2377455","0.45617172","0.21457562","0.12679036","0.6365949","0.30044636","0.60093606","-0.093875535","4.7315","-0.45643547","-0.08875621","-0.083333336","-0.42969814","-1.2389371"
"Coniochaeta velutina","0.57965076","0.7299107","-0.8079205","-0.8079205","-0.8079205","-0.64594126","-0.67825854","-0.64059675","-0.7282978","-0.6700486","-0.5664857","-0.093875535","-0.21134944","-0.45643547","-0.08875621","-0.083333336","-0.42969814","0.80714345"
"Constrictibacter","0.57965076","0.7299107","-0.8079205","-0.8079205","-0.8079205","-0.64594126","-0.67825854","-0.64059675","-0.7282978","-0.6700486","-0.5664857","-0.093875535","-0.21134944","-0.45643547","-0.08875621","-0.083333336","-0.42969814","0.80714345"
"Copococcus","-1.7251766","-1.3700308","-0.8079205","-0.8079205","-0.8079205","-0.64594126","-0.67825854","-0.64059675","-0.7282978","-0.6700486","-0.5664857","-0.093875535","-0.21134944","-0.45643547","-0.08875621","-0.083333336","-0.42969814","0.80714345"
"Coprobacillus","0.57965076","0.7299107","1.2377455","1.2377455","1.2377455","1.7595948","2.000244","1.6615645","1.435006","1.2709413","1.8803174","-0.093875535","-0.21134944","2.19089","-0.08875621","-0.083333336","-0.42969814","-1.2389371"
"Coprobacter","0.57965076","-1.3700308","1.2377455","1.2377455","1.2377455","0.049414594","0.21457562","0.12679036","0.6365949","0.30044636","0.17007542","-0.093875535","-0.21134944","2.19089","-0.08875621","-0.083333336","-0.42969814","-1.2389371"
"Coprobacter fastidiosus","0.57965076","0.7299107","1.2377455","1.2377455","1.2377455","0.049414594","0.21457562","0.12679036","0.6365949","0.30044636","-0.5664857","-0.093875535","-0.21134944","-0.45643547","-0.08875621","-0.083333336","2.3272147","-1.2389371"
"Coprobacter secundus","-1.7251766","-1.3700308","-0.8079205","-0.8079205","-0.8079205","-0.64594126","-0.67825854","-0.64059675","-0.7282978","-0.6700486","-0.5664857","-0.093875535","-0.21134944","-0.45643547","-0.08875621","-0.083333336","-0.42969814","0.80714345"
"Coprococcus","0.57965076","0.7299107","1.2377455","1.2377455","1.2377455","3.392237","2.6256204","3.3570704","1.435006","2.9212093","3.6918392","-0.093875535","-0.21134944","2.19089","-0.08875621","-0.083333336","-0.42969814","-1.2389371"
"Coprococcus 3","-1.7251766","-1.3700308","-0.8079205","-0.8079205","-0.8079205","-0.64594126","-0.67825854","-0.64059675","-0.7282978","-0.6700486","-0.5664857","-0.093875535","-0.21134944","-0.45643547","-0.08875621","-0.083333336","-0.42969814","0.80714345"
"Coprococcus catus","0.57965076","0.7299107","1.2377455","1.2377455","1.2377455","0.049414594","0.21457562","0.12679036","0.6365949","0.30044636","0.17007542","-0.093875535","-0.21134944","-0.45643547","-0.08875621","-0.083333336","2.3272147","-1.2389371"
"Coprococcus comes","0.57965076","0.7299107","1.2377455","1.2377455","1.2377455","0.74477047","1.1074097","0.57568306","1.435006","0.30044636","0.17007542","-0.093875535","-0.21134944","-0.45643547","-0.08875621","-0.083333336","2.3272147","-1.2389371"
"Coprococcus eutactus","0.57965076","0.7299107","1.2377455","1.2377455","1.2377455","1.4401263","1.6296843","1.5137312","2.0014877","0.30044636","1.1437563","-0.093875535","-0.21134944","-0.45643547","-0.08875621","-0.083333336","2.3272147","-1.2389371"
"Coprococcus3","-1.7251766","-1.3700308","-0.8079205","-0.8079205","-0.8079205","-0.64594126","-0.67825854","-0.64059675","-0.7282978","-0.6700486","-0.5664857","-0.093875535","-0.21134944","-0.45643547","-0.08875621","-0.083333336","-0.42969814","0.80714345"
"Coprococcus_g2_uc","-1.7251766","-1.3700308","-0.8079205","-0.8079205","-0.8079205","-0.64594126","-0.67825854","-0.64059675","-0.7282978","-0.6700486","-0.5664857","-0.093875535","-0.21134944","-0.45643547","-0.08875621","-0.083333336","-0.42969814","0.80714345"
"Coraliomargarita akajimensis","0.57965076","0.7299107","-0.8079205","-0.8079205","-0.8079205","-0.64594126","-0.67825854","-0.64059675","-0.7282978","-0.6700486","-0.5664857","-0.093875535","-0.21134944","-0.45643547","-0.08875621","-0.083333336","-0.42969814","0.80714345"
"Coriobacteriaceae","0.57965076","0.7299107","1.2377455","1.2377455","1.2377455","2.696881","2.971168","2.7815135","2.440885","2.0544753","2.7653942","-0.093875535","4.7315","-0.45643547","-0.08875621","-0.083333336","-0.42969814","-1.2389371"
"Coriobacteriia","0.57965076","-1.3700308","1.2377455","1.2377455","1.2377455","1.9271811","2.2876725","1.7919627","2.0014877","1.2709413","1.8803174","10.652403","-0.21134944","-0.45643547","-0.08875621","-0.083333336","-0.42969814","-1.2389371"
"Cortinariaceae","0.57965076","-1.3700308","1.2377455","1.2377455","1.2377455","0.45617172","0.21457562","0.12679036","0.6365949","0.8681495","-0.5664857","-0.093875535","4.7315","-0.45643547","-0.08875621","-0.083333336","-0.42969814","-1.2389371"
"Corynebacteriaceae","0.57965076","0.7299107","1.2377455","1.2377455","1.2377455","1.7595948","2.2876725","2.0141265","1.435006","2.4063475","1.8803174","-0.093875535","4.7315","-0.45643547","-0.08875621","-0.083333336","-0.42969814","-1.2389371"
"Corynebacterium","0.57965076","0.7299107","1.2377455","1.2377455","1.2377455","2.4995441","2.7210782","2.5593498","1.435006","3.121569","2.6687245","-0.093875535","-0.21134944","2.19089","-0.08875621","-0.083333336","-0.42969814","-1.2389371"
"Corynebacterium accolens","0.57965076","0.7299107","-0.8079205","-0.8079205","-0.8079205","-0.64594126","-0.67825854","-0.64059675","-0.7282978","-0.6700486","-0.5664857","-0.093875535","-0.21134944","-0.45643547","-0.08875621","-0.083333336","-0.42969814","0.80714345"
"Corynebacterium appendicis","0.57965076","0.7299107","1.2377455","1.2377455","1.2377455","0.049414594","0.21457562","0.12679036","0.6365949","0.30044636","0.17007542","-0.093875535","-0.21134944","-0.45643547","-0.08875621","-0.083333336","2.3272147","-1.2389371"
"Corynebacterium coyleae","0.57965076","0.7299107","-0.8079205","-0.8079205","-0.8079205","-0.64594126","-0.67825854","-0.64059675","-0.7282978","-0.6700486","-0.5664857","-0.093875535","-0.21134944","-0.45643547","-0.08875621","-0.083333336","-0.42969814","0.80714345"
"Corynebacterium durum","0.57965076","0.7299107","1.2377455","1.2377455","1.2377455","0.45617172","0.73685014","0.57568306","0.6365949","0.8681495","0.60093606","-0.093875535","-0.21134944","-0.45643547","-0.08875621","-0.083333336","2.3272147","-1.2389371"
"Corynebacterium efficiens","0.57965076","0.7299107","-0.8079205","-0.8079205","-0.8079205","-0.64594126","-0.67825854","-0.64059675","-0.7282978","-0.6700486","-0.5664857","-0.093875535","-0.21134944","-0.45643547","-0.08875621","-0.083333336","-0.42969814","0.80714345"
"Corynebacterium jeikeium","0.57965076","0.7299107","-0.8079205","-0.8079205","-0.8079205","-0.64594126","-0.67825854","-0.64059675","-0.7282978","-0.6700486","-0.5664857","-0.093875535","-0.21134944","-0.45643547","-0.08875621","-0.083333336","-0.42969814","0.80714345"
"Corynebacterium kroppenstedtii","0.57965076","0.7299107","-0.8079205","-0.8079205","-0.8079205","-0.64594126","-0.67825854","-0.64059675","-0.7282978","-0.6700486","-0.5664857","-0.093875535","-0.21134944","-0.45643547","-0.08875621","-0.083333336","-0.42969814","0.80714345"
"Corynebacterium matruchotii","0.57965076","0.7299107","1.2377455","1.2377455","1.2377455","0.049414594","0.21457562","0.12679036","0.6365949","0.30044636","0.17007542","-0.093875535","-0.21134944","-0.45643547","-0.08875621","-0.083333336","2.3272147","-1.2389371"
"Corynebacterium propinquum","0.57965076","0.7299107","-0.8079205","-0.8079205","-0.8079205","-0.64594126","-0.67825854","-0.64059675","-0.7282978","-0.6700486","-0.5664857","-0.093875535","-0.21134944","-0.45643547","-0.08875621","-0.083333336","-0.42969814","0.80714345"
"Corynebacterium pseudodiphtheriticum","0.57965076","0.7299107","-0.8079205","-0.8079205","-0.8079205","-0.64594126","-0.67825854","-0.64059675","-0.7282978","-0.6700486","-0.5664857","-0.093875535","-0.21134944","-0.45643547","-0.08875621","-0.083333336","-0.42969814","0.80714345"
"Corynebacterium riegelii","0.57965076","0.7299107","-0.8079205","-0.8079205","-0.8079205","-0.64594126","-0.67825854","-0.64059675","-0.7282978","-0.6700486","-0.5664857","-0.093875535","-0.21134944","-0.45643547","-0.08875621","-0.083333336","-0.42969814","0.80714345"
"Corynebacterium simulans","0.57965076","0.7299107","-0.8079205","-0.8079205","-0.8079205","-0.64594126","-0.67825854","-0.64059675","-0.7282978","-0.6700486","-0.5664857","-0.093875535","-0.21134944","-0.45643547","-0.08875621","-0.083333336","-0.42969814","0.80714345"
"Corynebacterium spp.","-1.7251766","-1.3700308","-0.8079205","-0.8079205","-0.8079205","-0.64594126","-0.67825854","-0.64059675","-0.7282978","-0.6700486","-0.5664857","-0.093875535","-0.21134944","-0.45643547","-0.08875621","-0.083333336","-0.42969814","0.80714345"
"Corynebacterium striatum","0.57965076","0.7299107","1.2377455","1.2377455","1.2377455","0.049414594","0.21457562","0.12679036","0.6365949","0.30044636","0.17007542","-0.093875535","-0.21134944","-0.45643547","-0.08875621","-0.083333336","2.3272147","-1.2389371"
"Corynebacterium tuberculostearicum","0.57965076","0.7299107","-0.8079205","-0.8079205","-0.8079205","-0.64594126","-0.67825854","-0.64059675","-0.7282978","-0.6700486","-0.5664857","-0.093875535","-0.21134944","-0.45643547","-0.08875621","-0.083333336","-0.42969814","0.80714345"
"Coxiellaceae","-1.7251766","-1.3700308","-0.8079205","-0.8079205","-0.8079205","-0.64594126","-0.67825854","-0.64059675","-0.7282978","-0.6700486","-0.5664857","-0.093875535","-0.21134944","-0.45643547","-0.08875621","-0.083333336","-0.42969814","0.80714345"
"Cronobacter","0.57965076","0.7299107","1.2377455","1.2377455","1.2377455","0.74477047","0.73685014","0.57568306","0.6365949","0.30044636","0.90663654","-0.093875535","-0.21134944","2.19089","-0.08875621","-0.083333336","-0.42969814","-1.2389371"
"Cronobacter muytjensii","0.57965076","0.7299107","-0.8079205","-0.8079205","-0.8079205","-0.64594126","-0.67825854","-0.64059675","-0.7282978","-0.6700486","-0.5664857","-0.093875535","-0.21134944","-0.45643547","-0.08875621","-0.083333336","-0.42969814","0.80714345"
"Cronobacter sakazaki","0.57965076","0.7299107","-0.8079205","-0.8079205","-0.8079205","-0.64594126","-0.67825854","-0.64059675","-0.7282978","-0.6700486","-0.5664857","-0.093875535","-0.21134944","-0.45643547","-0.08875621","-0.083333336","-0.42969814","0.80714345"
"Cryptobacterium","0.57965076","0.7299107","-0.8079205","-0.8079205","-0.8079205","-0.64594126","-0.67825854","-0.64059675","-0.7282978","-0.6700486","-0.5664857","-0.093875535","-0.21134944","-0.45643547","-0.08875621","-0.083333336","-0.42969814","0.80714345"
"Cryptobacterium curtum","0.57965076","0.7299107","-0.8079205","-0.8079205","-0.8079205","-0.64594126","-0.67825854","-0.64059675","-0.7282978","-0.6700486","-0.5664857","-0.093875535","-0.21134944","-0.45643547","-0.08875621","-0.083333336","-0.42969814","0.80714345"
"Cryptococcus","0.57965076","0.7299107","-0.8079205","-0.8079205","-0.8079205","-0.64594126","-0.67825854","-0.64059675","-0.7282978","-0.6700486","-0.5664857","-0.093875535","-0.21134944","-0.45643547","-0.08875621","-0.083333336","-0.42969814","0.80714345"
"Cryptococcus neoformans","0.57965076","0.7299107","-0.8079205","-0.8079205","-0.8079205","-0.64594126","-0.67825854","-0.64059675","-0.7282978","-0.6700486","-0.5664857","-0.093875535","-0.21134944","-0.45643547","-0.08875621","-0.083333336","-0.42969814","0.80714345"
"Cupriavidus","0.57965076","0.7299107","1.2377455","1.2377455","1.2377455","0.45617172","0.73685014","0.57568306","0.6365949","0.8681495","0.60093606","-0.093875535","-0.21134944","2.19089","-0.08875621","-0.083333336","-0.42969814","-1.2389371"
"Curtobacterium","0.57965076","0.7299107","-0.8079205","-0.8079205","-0.8079205","-0.64594126","-0.67825854","-0.64059675","-0.7282978","-0.6700486","-0.5664857","-0.093875535","-0.21134944","-0.45643547","-0.08875621","-0.083333336","-0.42969814","0.80714345"
"Curvibacter","0.57965076","0.7299107","-0.8079205","-0.8079205","-0.8079205","-0.64594126","-0.67825854","-0.64059675","-0.7282978","-0.6700486","-0.5664857","-0.093875535","-0.21134944","-0.45643547","-0.08875621","-0.083333336","-0.42969814","0.80714345"
"Cutibacterium","0.57965076","0.7299107","1.2377455","1.2377455","1.2377455","0.45617172","0.73685014","0.57568306","0.6365949","0.8681495","0.60093606","-0.093875535","-0.21134944","2.19089","-0.08875621","-0.083333336","-0.42969814","-1.2389371"
"Cutibacterium acnes","0.57965076","0.7299107","1.2377455","1.2377455","1.2377455","1.3061694","1.3948382","1.5137312","1.435006","1.5833708","1.3374971","-0.093875535","-0.21134944","-0.45643547","-0.08875621","-0.083333336","2.3272147","-1.2389371"
"Cyanobacteria","0.57965076","-1.3700308","1.2377455","1.2377455","1.2377455","1.1515275","1.1074097","1.1412209","0.6365949","1.5833708","1.3374971","-0.093875535","-0.21134944","-0.45643547","-0.08875621","12.0","-0.42969814","-1.2389371"
"Cyanothece","0.57965076","0.7299107","-0.8079205","-0.8079205","-0.8079205","-0.64594126","-0.67825854","-0.64059675","-0.7282978","-0.6700486","-0.5664857","-0.093875535","-0.21134944","-0.45643547","-0.08875621","-0.083333336","-0.42969814","0.80714345"
"Cyprinivirus","0.57965076","-1.3700308","-0.8079205","-0.8079205","-0.8079205","-0.64594126","-0.67825854","-0.64059675","-0.7282978","-0.6700486","-0.5664857","-0.093875535","-0.21134944","-0.45643547","-0.08875621","-0.083333336","-0.42969814","0.80714345"
"Cystofilobasidiaceae","0.57965076","-1.3700308","1.2377455","1.2377455","1.2377455","0.45617172","0.21457562","0.12679036","0.6365949","0.30044636","-0.5664857","-0.093875535","4.7315","-0.45643547","-0.08875621","-0.083333336","-0.42969814","-1.2389371"
"Cystofilobasidium macerans","0.57965076","0.7299107","-0.8079205","-0.8079205","-0.8079205","-0.64594126","-0.67825854","-0.64059675","-0.7282978","-0.6700486","-0.5664857","-0.093875535","-0.21134944","-0.45643547","-0.08875621","-0.083333336","-0.42969814","0.80714345"
"Cytomegalovirus","0.57965076","-1.3700308","-0.8079205","-0.8079205","-0.8079205","-0.64594126","-0.67825854","-0.64059675","-0.7282978","-0.6700486","-0.5664857","-0.093875535","-0.21134944","-0.45643547","-0.08875621","-0.083333336","-0.42969814","0.80714345"
"Davidiella","0.57965076","0.7299107","-0.8079205","-0.8079205","-0.8079205","-0.64594126","-0.67825854","-0.64059675","-0.7282978","-0.6700486","-0.5664857","-0.093875535","-0.21134944","-0.45643547","-0.08875621","-0.083333336","-0.42969814","0.80714345"
"Davidiella tassiana","0.57965076","-1.3700308","-0.8079205","-0.8079205","-0.8079205","-0.64594126","-0.67825854","-0.64059675","-0.7282978","-0.6700486","-0.5664857","-0.093875535","-0.21134944","-0.45643547","-0.08875621","-0.083333336","-0.42969814","0.80714345"
"Debaryomyces","0.57965076","0.7299107","-0.8079205","-0.8079205","-0.8079205","-0.64594126","-0.67825854","-0.64059675","-0.7282978","-0.6700486","-0.5664857","-0.093875535","-0.21134944","-0.45643547","-0.08875621","-0.083333336","-0.42969814","0.80714345"
"Debaryomyces hansenii","0.57965076","0.7299107","-0.8079205","-0.8079205","-0.8079205","-0.64594126","-0.67825854","-0.64059675","-0.7282978","-0.6700486","-0.5664857","-0.093875535","-0.21134944","-0.45643547","-0.08875621","-0.083333336","-0.42969814","0.80714345"
"Dechloromonas","0.57965076","0.7299107","-0.8079205","-0.8079205","-0.8079205","-0.64594126","-0.67825854","-0.64059675","-0.7282978","-0.6700486","-0.5664857","-0.093875535","-0.21134944","-0.45643547","-0.08875621","-0.083333336","-0.42969814","0.80714345"
"Deferribacter","0.57965076","0.7299107","-0.8079205","-0.8079205","-0.8079205","-0.64594126","-0.67825854","-0.64059675","-0.7282978","-0.6700486","-0.5664857","-0.093875535","-0.21134944","-0.45643547","-0.08875621","-0.083333336","-0.42969814","0.80714345"
"Deferribacteraceae","0.57965076","-1.3700308","1.2377455","1.2377455","1.2377455","0.74477047","0.73685014","0.89417744","1.435006","0.30044636","0.60093606","-0.093875535","4.7315","-0.45643547","-0.08875621","-0.083333336","-0.42969814","-1.2389371"
"Deferribacteriales incertae cedis","0.57965076","0.7299107","-0.8079205","-0.8079205","-0.8079205","-0.64594126","-0.67825854","-0.64059675","-0.7282978","-0.6700486","-0.5664857","-0.093875535","-0.21134944","-0.45643547","-0.08875621","-0.083333336","-0.42969814","0.80714345"
"Defluviitalea","0.57965076","0.7299107","1.2377455","1.2377455","1.2377455","0.45617172","0.73685014","0.12679036","0.6365949","0.30044636","0.60093606","-0.093875535","-0.21134944","2.19089","-0.08875621","-0.083333336","-0.42969814","-1.2389371"
"Dehalobacter","0.57965076","0.7299107","1.2377455","1.2377455","1.2377455","0.049414594","0.21457562","0.12679036","0.6365949","0.30044636","-0.5664857","-0.093875535","-0.21134944","2.19089","-0.08875621","-0.083333336","-0.42969814","-1.2389371"
"Dehalobacterium","0.57965076","0.7299107","1.2377455","1.2377455","1.2377455","0.96862507","0.73685014","0.89417744","0.6365949","0.30044636","1.1437563","-0.093875535","-0.21134944","2.19089","-0.08875621","-0.083333336","-0.42969814","-1.2389371"
"Deinococcaceae","0.57965076","0.7299107","1.2377455","1.2377455","1.2377455","0.45617172","0.73685014","0.57568306","0.6365949","0.30044636","0.60093606","-0.093875535","4.7315","-0.45643547","-0.08875621","-0.083333336","-0.42969814","-1.2389371"
"Deinococcus","0.57965076","0.7299107","1.2377455","1.2377455","1.2377455","0.049414594","0.21457562","0.12679036","0.6365949","0.30044636","0.17007542","-0.093875535","-0.21134944","2.19089","-0.08875621","-0.083333336","-0.42969814","-1.2389371"
"Delftia","0.57965076","0.7299107","1.2377455","1.2377455","1.2377455","1.3061694","1.6296843","1.34307","1.435006","1.5833708","1.3374971","-0.093875535","-0.21134944","2.19089","-0.08875621","-0.083333336","-0.42969814","-1.2389371"
"Delftia acidovorans","0.57965076","0.7299107","-0.8079205","-0.8079205","-0.8079205","-0.64594126","-0.67825854","-0.64059675","-0.7282978","-0.6700486","-0.5664857","-0.093875535","-0.21134944","-0.45643547","-0.08875621","-0.083333336","-0.42969814","0.80714345"
"Delftia tsuruhatensis","0.57965076","0.7299107","-0.8079205","-0.8079205","-0.8079205","-0.64594126","-0.67825854","-0.64059675","-0.7282978","-0.6700486","-0.5664857","-0.093875535","-0.21134944","-0.45643547","-0.08875621","-0.083333336","-0.42969814","0.80714345"
"Deltaproteobacteria","0.57965076","0.7299107","1.2377455","1.2377455","1.2377455","1.9271811","2.000244","1.908608","1.435006","2.2414362","2.0740583","10.652403","-0.21134944","-0.45643547","-0.08875621","-0.083333336","-0.42969814","-1.2389371"
"Dermabacter","0.57965076","0.7299107","-0.8079205","-0.8079205","-0.8079205","-0.64594126","-0.67825854","-0.64059675","-0.7282978","-0.6700486","-0.5664857","-0.093875535","-0.21134944","-0.45643547","-0.08875621","-0.083333336","-0.42969814","0.80714345"
"Dermabacteraceae","0.57965076","0.7299107","-0.8079205","-0.8079205","-0.8079205","-0.64594126","-0.67825854","-0.64059675","-0.7282978","-0.6700486","-0.5664857","-0.093875535","-0.21134944","-0.45643547","-0.08875621","-0.083333336","-0.42969814","0.80714345"
"Dermacoccus","0.57965076","0.7299107","-0.8079205","-0.8079205","-0.8079205","-0.64594126","-0.67825854","-0.64059675","-0.7282978","-0.6700486","-0.5664857","-0.093875535","-0.21134944","-0.45643547","-0.08875621","-0.083333336","-0.42969814","0.80714345"
"Desemzia","0.57965076","0.7299107","-0.8079205","-0.8079205","-0.8079205","-0.64594126","-0.67825854","-0.64059675","-0.7282978","-0.6700486","-0.5664857","-0.093875535","-0.21134944","-0.45643547","-0.08875621","-0.083333336","-0.42969814","0.80714345"
"Desulfobacteraceae","0.57965076","0.7299107","-0.8079205","-0.8079205","-0.8079205","-0.64594126","-0.67825854","-0.64059675","-0.7282978","-0.6700486","-0.5664857","-0.093875535","-0.21134944","-0.45643547","-0.08875621","-0.083333336","-0.42969814","0.80714345"
"Desulfobulbus","0.57965076","0.7299107","1.2377455","1.2377455","1.2377455","0.049414594","0.21457562","0.12679036","0.6365949","0.30044636","0.17007542","-0.093875535","-0.21134944","2.19089","-0.08875621","-0.083333336","-0.42969814","-1.2389371"
"Desulfohalobium","0.57965076","0.7299107","-0.8079205","-0.8079205","-0.8079205","-0.64594126","-0.67825854","-0.64059675","-0.7282978","-0.6700486","-0.5664857","-0.093875535","-0.21134944","-0.45643547","-0.08875621","-0.083333336","-0.42969814","0.80714345"
"Desulfomicrobium","0.57965076","0.7299107","-0.8079205","-0.8079205","-0.8079205","-0.64594126","-0.67825854","-0.64059675","-0.7282978","-0.6700486","-0.5664857","-0.093875535","-0.21134944","-0.45643547","-0.08875621","-0.083333336","-0.42969814","0.80714345"
"Desulfosporosinus","0.57965076","0.7299107","-0.8079205","-0.8079205","-0.8079205","-0.64594126","-0.67825854","-0.64059675","-0.7282978","-0.6700486","-0.5664857","-0.093875535","-0.21134944","-0.45643547","-0.08875621","-0.083333336","-0.42969814","0.80714345"
"Desulfotomaculum","0.57965076","0.7299107","-0.8079205","-0.8079205","-0.8079205","-0.64594126","-0.67825854","-0.64059675","-0.7282978","-0.6700486","-0.5664857","-0.093875535","-0.21134944","-0.45643547","-0.08875621","-0.083333336","-0.42969814","0.80714345"
"Desulfovibrio","0.57965076","0.7299107","1.2377455","1.2377455","1.2377455","2.766094","2.2876725","2.730011","2.0014877","2.4063475","2.8106194","-0.093875535","-0.21134944","2.19089","-0.08875621","-0.083333336","-0.42969814","-1.2389371"
"Desulfovibrio desulfuricans","0.57965076","0.7299107","-0.8079205","-0.8079205","-0.8079205","-0.64594126","-0.67825854","-0.64059675","-0.7282978","-0.6700486","-0.5664857","-0.093875535","-0.21134944","-0.45643547","-0.08875621","-0.083333336","-0.42969814","0.80714345"
"Desulfovibrio intestinalis","0.57965076","0.7299107","-0.8079205","-0.8079205","-0.8079205","-0.64594126","-0.67825854","-0.64059675","-0.7282978","-0.6700486","-0.5664857","-0.093875535","-0.21134944","-0.45643547","-0.08875621","-0.083333336","-0.42969814","0.80714345"
"Desulfovibrio longreachensis","0.57965076","0.7299107","1.2377455","1.2377455","1.2377455","0.049414594","0.21457562","0.12679036","0.6365949","0.30044636","-0.5664857","-0.093875535","-0.21134944","-0.45643547","-0.08875621","-0.083333336","2.3272147","-1.2389371"
"Desulfovibrio piger","0.57965076","0.7299107","1.2377455","1.2377455","1.2377455","0.45617172","0.73685014","0.12679036","0.6365949","0.30044636","-0.5664857","-0.093875535","-0.21134944","-0.45643547","-0.08875621","-0.083333336","2.3272147","-1.2389371"
"Desulfovibrio species","-1.7251766","-1.3700308","-0.8079205","-0.8079205","-0.8079205","-0.64594126","-0.67825854","-0.64059675","-0.7282978","-0.6700486","-0.5664857","-0.093875535","-0.21134944","-0.45643547","-0.08875621","-0.083333336","-0.42969814","0.80714345"
"Desulfovibrio spp","-1.7251766","-1.3700308","-0.8079205","-0.8079205","-0.8079205","-0.64594126","-0.67825854","-0.64059675","-0.7282978","-0.6700486","-0.5664857","-0.093875535","-0.21134944","-0.45643547","-0.08875621","-0.083333336","-0.42969814","0.80714345"
"Desulfovibrio spp.","-1.7251766","-1.3700308","-0.8079205","-0.8079205","-0.8079205","-0.64594126","-0.67825854","-0.64059675","-0.7282978","-0.6700486","-0.5664857","-0.093875535","-0.21134944","-0.45643547","-0.08875621","-0.083333336","-0.42969814","0.80714345"
"Desulfovibrio vietnamensis","0.57965076","0.7299107","1.2377455","1.2377455","1.2377455","0.049414594","0.21457562","0.12679036","0.6365949","0.30044636","-0.5664857","-0.093875535","-0.21134944","-0.45643547","-0.08875621","-0.083333336","2.3272147","-1.2389371"
"Desulfovibrionaceae","0.57965076","0.7299107","1.2377455","1.2377455","1.2377455","2.0015254","2.000244","2.1990728","1.435006","1.8386444","2.0740583","-0.093875535","4.7315","-0.45643547","-0.08875621","-0.083333336","-0.42969814","-1.2389371"
"Desulfovibrionales","0.57965076","-1.3700308","1.2377455","1.2377455","1.2377455","1.663981","1.3948382","1.7919627","0.6365949","2.0544753","1.8803174","-0.093875535","-0.21134944","-0.45643547","11.266818","-0.083333336","-0.42969814","-1.2389371"
"Desulfurispirillum indicum","0.57965076","0.7299107","-0.8079205","-0.8079205","-0.8079205","-0.64594126","-0.67825854","-0.64059675","-0.7282978","-0.6700486","-0.5664857","-0.093875535","-0.21134944","-0.45643547","-0.08875621","-0.083333336","-0.42969814","0.80714345"
"Devosia","0.57965076","0.7299107","1.2377455","1.2377455","1.2377455","0.96862507","1.1074097","0.89417744","0.6365949","1.2709413","1.1437563","-0.093875535","-0.21134944","2.19089","-0.08875621","-0.083333336","-0.42969814","-1.2389371"
"Dialister","0.57965076","0.7299107","1.2377455","1.2377455","1.2377455","2.696881","2.7210782","2.8778443","1.435006","2.9212093","2.9357796","-0.093875535","-0.21134944","2.19089","-0.08875621","-0.083333336","-0.42969814","-1.2389371"
"Dialister invisus","0.57965076","0.7299107","1.2377455","1.2377455","1.2377455","0.45617172","0.73685014","0.57568306","1.435006","0.30044636","0.17007542","-0.093875535","-0.21134944","-0.45643547","-0.08875621","-0.083333336","2.3272147","-1.2389371"
"Dialister micraerophilus","0.57965076","0.7299107","-0.8079205","-0.8079205","-0.8079205","-0.64594126","-0.67825854","-0.64059675","-0.7282978","-0.6700486","-0.5664857","-0.093875535","-0.21134944","-0.45643547","-0.08875621","-0.083333336","-0.42969814","0.80714345"
"Dialister pneumosintes","0.57965076","0.7299107","1.2377455","1.2377455","1.2377455","1.1515275","0.73685014","0.89417744","0.6365949","1.2709413","1.3374971","-0.093875535","-0.21134944","-0.45643547","-0.08875621","-0.083333336","2.3272147","-1.2389371"
"Dialister propionicifaciens","0.57965076","0.7299107","-0.8079205","-0.8079205","-0.8079205","-0.64594126","-0.67825854","-0.64059675","-0.7282978","-0.6700486","-0.5664857","-0.093875535","-0.21134944","-0.45643547","-0.08875621","-0.083333336","-0.42969814","0.80714345"
"Dialister succinatiphilus","0.57965076","0.7299107","-0.8079205","-0.8079205","-0.8079205","-0.64594126","-0.67825854","-0.64059675","-0.7282978","-0.6700486","-0.5664857","-0.093875535","-0.21134944","-0.45643547","-0.08875621","-0.083333336","-0.42969814","0.80714345"
"Diaphorobacter","0.57965076","0.7299107","1.2377455","1.2377455","1.2377455","0.45617172","0.73685014","0.57568306","0.6365949","0.8681495","0.60093606","-0.093875535","-0.21134944","2.19089","-0.08875621","-0.083333336","-0.42969814","-1.2389371"
"Dichelobacter","0.57965076","0.7299107","-0.8079205","-0.8079205","-0.8079205","-0.64594126","-0.67825854","-0.64059675","-0.7282978","-0.6700486","-0.5664857","-0.093875535","-0.21134944","-0.45643547","-0.08875621","-0.083333336","-0.42969814","0.80714345"
"Dickeya","0.57965076","0.7299107","-0.8079205","-0.8079205","-0.8079205","-0.64594126","-0.67825854","-0.64059675","-0.7282978","-0.6700486","-0.5664857","-0.093875535","-0.21134944","-0.45643547","-0.08875621","-0.083333336","-0.42969814","0.80714345"
"Didymella","0.57965076","0.7299107","-0.8079205","-0.8079205","-0.8079205","-0.64594126","-0.67825854","-0.64059675","-0.7282978","-0.6700486","-0.5664857","-0.093875535","-0.21134944","-0.45643547","-0.08875621","-0.083333336","-0.42969814","0.80714345"
"Dietzia","0.57965076","0.7299107","1.2377455","1.2377455","1.2377455","0.45617172","0.73685014","0.57568306","0.6365949","0.8681495","0.60093606","-0.093875535","-0.21134944","2.19089","-0.08875621","-0.083333336","-0.42969814","-1.2389371"
"Dietzia maris","0.57965076","0.7299107","-0.8079205","-0.8079205","-0.8079205","-0.64594126","-0.67825854","-0.64059675","-0.7282978","-0.6700486","-0.5664857","-0.093875535","-0.21134944","-0.45643547","-0.08875621","-0.083333336","-0.42969814","0.80714345"
"Dioszegia","0.57965076","0.7299107","1.2377455","1.2377455","1.2377455","0.049414594","0.21457562","0.12679036","0.6365949","0.30044636","-0.5664857","-0.093875535","-0.21134944","2.19089","-0.08875621","-0.083333336","-0.42969814","-1.2389371"
"Dipodascus","0.57965076","0.7299107","-0.8079205","-0.8079205","-0.8079205","-0.64594126","-0.67825854","-0.64059675","-0.7282978","-0.6700486","-0.5664857","-0.093875535","-0.21134944","-0.45643547","-0.08875621","-0.083333336","-0.42969814","0.80714345"
"Dokdonella","0.57965076","0.7299107","-0.8079205","-0.8079205","-0.8079205","-0.64594126","-0.67825854","-0.64059675","-0.7282978","-0.6700486","-0.5664857","-0.093875535","-0.21134944","-0.45643547","-0.08875621","-0.083333336","-0.42969814","0.80714345"
"Dolosigranulum","0.57965076","0.7299107","-0.8079205","-0.8079205","-0.8079205","-0.64594126","-0.67825854","-0.64059675","-0.7282978","-0.6700486","-0.5664857","-0.093875535","-0.21134944","-0.45643547","-0.08875621","-0.083333336","-0.42969814","0.80714345"
"Dolosigranulum pigrum","0.57965076","0.7299107","-0.8079205","-0.8079205","-0.8079205","-0.64594126","-0.67825854","-0.64059675","-0.7282978","-0.6700486","-0.5664857","-0.093875535","-0.21134944","-0.45643547","-0.08875621","-0.083333336","-0.42969814","0.80714345"
"Dorea","0.57965076","0.7299107","1.2377455","1.2377455","1.2377455","3.298413","3.0447931","3.4707193","2.440885","2.6873124","3.5019553","-0.093875535","-0.21134944","2.19089","-0.08875621","-0.083333336","-0.42969814","-1.2389371"
"Dorea formicigenerans","0.57965076","0.7299107","1.2377455","1.2377455","1.2377455","1.1515275","0.73685014","1.34307","1.435006","0.30044636","0.90663654","-0.093875535","-0.21134944","-0.45643547","-0.08875621","-0.083333336","2.3272147","-1.2389371"
"Dorea longicatena","0.57965076","0.7299107","1.2377455","1.2377455","1.2377455","1.3061694","1.3948382","1.1412209","1.435006","0.30044636","0.60093606","-0.093875535","-0.21134944","-0.45643547","-0.08875621","-0.083333336","2.3272147","-1.2389371"
"Duodenibacillus massiliensis","-1.7251766","-1.3700308","-0.8079205","-0.8079205","-0.8079205","-0.64594126","-0.67825854","-0.64059675","-0.7282978","-0.6700486","-0.5664857","-0.093875535","-0.21134944","-0.45643547","-0.08875621","-0.083333336","-0.42969814","0.80714345"
"Dyadobacter","0.57965076","0.7299107","-0.8079205","-0.8079205","-0.8079205","-0.64594126","-0.67825854","-0.64059675","-0.7282978","-0.6700486","-0.5664857","-0.093875535","-0.21134944","-0.45643547","-0.08875621","-0.083333336","-0.42969814","0.80714345"
"Dyella","0.57965076","0.7299107","-0.8079205","-0.8079205","-0.8079205","-0.64594126","-0.67825854","-0.64059675","-0.7282978","-0.6700486","-0.5664857","-0.093875535","-0.21134944","-0.45643547","-0.08875621","-0.083333336","-0.42969814","0.80714345"
"Dysgonomonas","0.57965076","0.7299107","-0.8079205","-0.8079205","-0.8079205","-0.64594126","-0.67825854","-0.64059675","-0.7282978","-0.6700486","-0.5664857","-0.093875535","-0.21134944","-0.45643547","-0.08875621","-0.083333336","-0.42969814","0.80714345"
"Dysgonomonas wimpennyi","0.57965076","0.7299107","-0.8079205","-0.8079205","-0.8079205","-0.64594126","-0.67825854","-0.64059675","-0.7282978","-0.6700486","-0.5664857","-0.093875535","-0.21134944","-0.45643547","-0.08875621","-0.083333336","-0.42969814","0.80714345"
"E. coli","-1.7251766","-1.3700308","-0.8079205","-0.8079205","-0.8079205","-0.64594126","-0.67825854","-0.64059675","-0.7282978","-0.6700486","-0.5664857","-0.093875535","-0.21134944","-0.45643547","-0.08875621","-0.083333336","-0.42969814","0.80714345"
"EBV","0.57965076","-1.3700308","-0.8079205","-0.8079205","-0.8079205","-0.64594126","-0.67825854","-0.64059675","-0.7282978","-0.6700486","-0.5664857","-0.093875535","-0.21134944","-0.45643547","-0.08875621","-0.083333336","-0.42969814","0.80714345"
"Edaphobacter aggregans","0.57965076","0.7299107","-0.8079205","-0.8079205","-0.8079205","-0.64594126","-0.67825854","-0.64059675","-0.7282978","-0.6700486","-0.5664857","-0.093875535","-0.21134944","-0.45643547","-0.08875621","-0.083333336","-0.42969814","0.80714345"
"Edwardsiella","0.57965076","0.7299107","1.2377455","1.2377455","1.2377455","0.049414594","0.21457562","0.12679036","0.6365949","0.30044636","-0.5664857","-0.093875535","-0.21134944","2.19089","-0.08875621","-0.083333336","-0.42969814","-1.2389371"
"Eggerthella","0.57965076","0.7299107","1.2377455","1.2377455","1.2377455","2.1354823","2.000244","2.0141265","1.435006","1.2709413","2.1591141","-0.093875535","-0.21134944","2.19089","-0.08875621","-0.083333336","-0.42969814","-1.2389371"
"Eggerthella lenta","0.57965076","0.7299107","1.2377455","1.2377455","1.2377455","1.663981","1.8282436","1.1412209","2.0014877","0.8681495","0.60093606","-0.093875535","-0.21134944","-0.45643547","-0.08875621","-0.083333336","2.3272147","-1.2389371"
"Eggerthella sinensis","0.57965076","0.7299107","-0.8079205","-0.8079205","-0.8079205","-0.64594126","-0.67825854","-0.64059675","-0.7282978","-0.6700486","-0.5664857","-0.093875535","-0.21134944","-0.45643547","-0.08875621","-0.083333336","-0.42969814","0.80714345"
"Eggerthellaceae","0.57965076","0.7299107","1.2377455","1.2377455","1.2377455","0.049414594","0.21457562","0.12679036","0.6365949","0.30044636","-0.5664857","-0.093875535","4.7315","-0.45643547","-0.08875621","-0.083333336","-0.42969814","-1.2389371"
"Eggerthellales","-1.7251766","-1.3700308","-0.8079205","-0.8079205","-0.8079205","-0.64594126","-0.67825854","-0.64059675","-0.7282978","-0.6700486","-0.5664857","-0.093875535","-0.21134944","-0.45643547","-0.08875621","-0.083333336","-0.42969814","0.80714345"
"Eikenella","0.57965076","0.7299107","1.2377455","1.2377455","1.2377455","1.8468834","2.000244","1.908608","0.6365949","2.4063475","2.0740583","-0.093875535","-0.21134944","2.19089","-0.08875621","-0.083333336","-0.42969814","-1.2389371"
"Eikenella corrodens","0.57965076","0.7299107","-0.8079205","-0.8079205","-0.8079205","-0.64594126","-0.67825854","-0.64059675","-0.7282978","-0.6700486","-0.5664857","-0.093875535","-0.21134944","-0.45643547","-0.08875621","-0.083333336","-0.42969814","0.80714345"
"Eisenbergiella","0.57965076","0.7299107","1.2377455","1.2377455","1.2377455","0.049414594","0.21457562","0.12679036","0.6365949","0.30044636","0.17007542","-0.093875535","-0.21134944","2.19089","-0.08875621","-0.083333336","-0.42969814","-1.2389371"
"Eisenbergiella massiliensis","0.57965076","0.7299107","-0.8079205","-0.8079205","-0.8079205","-0.64594126","-0.67825854","-0.64059675","-0.7282978","-0.6700486","-0.5664857","-0.093875535","-0.21134944","-0.45643547","-0.08875621","-0.083333336","-0.42969814","0.80714345"
"Eisenbergiella tayi","0.57965076","0.7299107","-0.8079205","-0.8079205","-0.8079205","-0.64594126","-0.67825854","-0.64059675","-0.7282978","-0.6700486","-0.5664857","-0.093875535","-0.21134944","-0.45643547","-0.08875621","-0.083333336","-0.42969814","0.80714345"
"Elizabethkingia","-1.7251766","-1.3700308","-0.8079205","-0.8079205","-0.8079205","-0.64594126","-0.67825854","-0.64059675","-0.7282978","-0.6700486","-0.5664857","-0.093875535","-0.21134944","-0.45643547","-0.08875621","-0.083333336","-0.42969814","0.80714345"
"Elusimicrobia","-1.7251766","-1.3700308","-0.8079205","-0.8079205","-0.8079205","-0.64594126","-0.67825854","-0.64059675","-0.7282978","-0.6700486","-0.5664857","-0.093875535","-0.21134944","-0.45643547","-0.08875621","-0.083333336","-0.42969814","0.80714345"
"Elusimicrobiaceae","0.57965076","-1.3700308","-0.8079205","-0.8079205","-0.8079205","-0.64594126","-0.67825854","-0.64059675","-0.7282978","-0.6700486","-0.5664857","-0.093875535","-0.21134944","-0.45643547","-0.08875621","-0.083333336","-0.42969814","0.80714345"
"Embellisia","0.57965076","0.7299107","-0.8079205","-0.8079205","-0.8079205","-0.64594126","-0.67825854","-0.64059675","-0.7282978","-0.6700486","-0.5664857","-0.093875535","-0.21134944","-0.45643547","-0.08875621","-0.083333336","-0.42969814","0.80714345"
"Engyodontium","0.57965076","0.7299107","-0.8079205","-0.8079205","-0.8079205","-0.64594126","-0.67825854","-0.64059675","-0.7282978","-0.6700486","-0.5664857","-0.093875535","-0.21134944","-0.45643547","-0.08875621","-0.083333336","-0.42969814","0.80714345"
"Enhydrobacter","0.57965076","0.7299107","1.2377455","1.2377455","1.2377455","1.7595948","1.8282436","1.6615645","1.435006","2.2414362","1.8803174","-0.093875535","-0.21134944","2.19089","-0.08875621","-0.083333336","-0.42969814","-1.2389371"
"Enhydrobacter aerosaccus","0.57965076","0.7299107","1.2377455","1.2377455","1.2377455","0.049414594","0.21457562","0.12679036","0.6365949","0.30044636","0.17007542","-0.093875535","-0.21134944","-0.45643547","-0.08875621","-0.083333336","2.3272147","-1.2389371"
"Enterobacter","0.57965076","0.7299107","1.2377455","1.2377455","1.2377455","1.663981","2.2876725","1.908608","2.0014877","1.8386444","1.6431977","-0.093875535","-0.21134944","2.19089","-0.08875621","-0.083333336","-0.42969814","-1.2389371"
"Enterobacter aerogenes","0.57965076","0.7299107","-0.8079205","-0.8079205","-0.8079205","-0.64594126","-0.67825854","-0.64059675","-0.7282978","-0.6700486","-0.5664857","-0.093875535","-0.21134944","-0.45643547","-0.08875621","-0.083333336","-0.42969814","0.80714345"
"Enterobacter asburiae","0.57965076","0.7299107","-0.8079205","-0.8079205","-0.8079205","-0.64594126","-0.67825854","-0.64059675","-0.7282978","-0.6700486","-0.5664857","-0.093875535","-0.21134944","-0.45643547","-0.08875621","-0.083333336","-0.42969814","0.80714345"
"Enterobacter cloacae","0.57965076","0.7299107","-0.8079205","-0.8079205","-0.8079205","-0.64594126","-0.67825854","-0.64059675","-0.7282978","-0.6700486","-0.5664857","-0.093875535","-0.21134944","-0.45643547","-0.08875621","-0.083333336","-0.42969814","0.80714345"
"Enterobacter cloacae B29","-1.7251766","-1.3700308","-0.8079205","-0.8079205","-0.8079205","-0.64594126","-0.67825854","-0.64059675","-0.7282978","-0.6700486","-0.5664857","-0.093875535","-0.21134944","-0.45643547","-0.08875621","-0.083333336","-0.42969814","0.80714345"
"Enterobacter hormaechei","0.57965076","0.7299107","-0.8079205","-0.8079205","-0.8079205","-0.64594126","-0.67825854","-0.64059675","-0.7282978","-0.6700486","-0.5664857","-0.093875535","-0.21134944","-0.45643547","-0.08875621","-0.083333336","-0.42969814","0.80714345"
"Enterobacter ludwigii","0.57965076","0.7299107","-0.8079205","-0.8079205","-0.8079205","-0.64594126","-0.67825854","-0.64059675","-0.7282978","-0.6700486","-0.5664857","-0.093875535","-0.21134944","-0.45643547","-0.08875621","-0.083333336","-0.42969814","0.80714345"
"Enterobacter spp.","-1.7251766","-1.3700308","-0.8079205","-0.8079205","-0.8079205","-0.64594126","-0.67825854","-0.64059675","-0.7282978","-0.6700486","-0.5664857","-0.093875535","-0.21134944","-0.45643547","-0.08875621","-0.083333336","-0.42969814","0.80714345"
"Enterobacteria","-1.7251766","-1.3700308","-0.8079205","-0.8079205","-0.8079205","-0.64594126","-0.67825854","-0.64059675","-0.7282978","-0.6700486","-0.5664857","-0.093875535","-0.21134944","-0.45643547","-0.08875621","-0.083333336","-0.42969814","0.80714345"
"Enterobacteria phage","-1.7251766","-1.3700308","-0.8079205","-0.8079205","-0.8079205","-0.64594126","-0.67825854","-0.64059675","-0.7282978","-0.6700486","-0.5664857","-0.093875535","-0.21134944","-0.45643547","-0.08875621","-0.083333336","-0.42969814","0.80714345"
"Enterobacteriaceae","0.57965076","0.7299107","1.2377455","1.2377455","1.2377455","3.6581898","3.360532","3.7549353","3.3663805","2.9212093","3.7843003","-0.093875535","4.7315","-0.45643547","-0.08875621","-0.083333336","-0.42969814","-1.2389371"
"Enterobacteriaceae Incertae Sedis","-1.7251766","-1.3700308","-0.8079205","-0.8079205","-0.8079205","-0.64594126","-0.67825854","-0.64059675","-0.7282978","-0.6700486","-0.5664857","-0.093875535","-0.21134944","-0.45643547","-0.08875621","-0.083333336","-0.42969814","0.80714345"
"Enterobacteriaceae bacterium","0.57965076","0.7299107","1.2377455","1.2377455","1.2377455","0.049414594","0.21457562","0.12679036","0.6365949","0.30044636","0.17007542","-0.093875535","-0.21134944","-0.45643547","-0.08875621","-0.083333336","2.3272147","-1.2389371"
"Enterobacteriaceae spp","-1.7251766","-1.3700308","-0.8079205","-0.8079205","-0.8079205","-0.64594126","-0.67825854","-0.64059675","-0.7282978","-0.6700486","-0.5664857","-0.093875535","-0.21134944","-0.45643547","-0.08875621","-0.083333336","-0.42969814","0.80714345"
"Enterobacteriales","-1.7251766","-1.3700308","-0.8079205","-0.8079205","-0.8079205","-0.64594126","-0.67825854","-0.64059675","-0.7282978","-0.6700486","-0.5664857","-0.093875535","-0.21134944","-0.45643547","-0.08875621","-0.083333336","-0.42969814","0.80714345"
"Enterococcaceae","0.57965076","0.7299107","1.2377455","1.2377455","1.2377455","2.4082823","1.8282436","2.4960694","2.0014877","1.5833708","2.5623724","-0.093875535","4.7315","-0.45643547","-0.08875621","-0.083333336","-0.42969814","-1.2389371"
"Enterococcus","0.57965076","0.7299107","1.2377455","1.2377455","1.2377455","3.172851","2.893078","3.2634566","2.7998989","2.6873124","3.2989337","-0.093875535","-0.21134944","2.19089","-0.08875621","-0.083333336","-0.42969814","-1.2389371"
"Enterococcus casseliflavus","0.57965076","0.7299107","-0.8079205","-0.8079205","-0.8079205","-0.64594126","-0.67825854","-0.64059675","-0.7282978","-0.6700486","-0.5664857","-0.093875535","-0.21134944","-0.45643547","-0.08875621","-0.083333336","-0.42969814","0.80714345"
"Enterococcus durans","0.57965076","0.7299107","1.2377455","1.2377455","1.2377455","0.74477047","0.73685014","0.57568306","1.435006","0.30044636","0.60093606","-0.093875535","-0.21134944","-0.45643547","-0.08875621","-0.083333336","2.3272147","-1.2389371"
"Enterococcus faecalis","0.57965076","0.7299107","1.2377455","1.2377455","1.2377455","1.5582846","1.1074097","1.34307","2.0014877","0.30044636","0.17007542","-0.093875535","-0.21134944","-0.45643547","-0.08875621","-0.083333336","2.3272147","-1.2389371"
"Enterococcus faecium","0.57965076","0.7299107","1.2377455","1.2377455","1.2377455","0.96862507","0.73685014","0.89417744","2.0014877","0.30044636","0.60093606","-0.093875535","-0.21134944","-0.45643547","-0.08875621","-0.083333336","2.3272147","-1.2389371"
"Enterococcus hirae","0.57965076","0.7299107","-0.8079205","-0.8079205","-0.8079205","-0.64594126","-0.67825854","-0.64059675","-0.7282978","-0.6700486","-0.5664857","-0.093875535","-0.21134944","-0.45643547","-0.08875621","-0.083333336","-0.42969814","0.80714345"
"Enterococcus mundtii","0.57965076","0.7299107","-0.8079205","-0.8079205","-0.8079205","-0.64594126","-0.67825854","-0.64059675","-0.7282978","-0.6700486","-0.5664857","-0.093875535","-0.21134944","-0.45643547","-0.08875621","-0.083333336","-0.42969814","0.80714345"
"Enterococcus sp.","-1.7251766","-1.3700308","-0.8079205","-0.8079205","-0.8079205","-0.64594126","-0.67825854","-0.64059675","-0.7282978","-0.6700486","-0.5664857","-0.093875535","-0.21134944","-0.45643547","-0.08875621","-0.083333336","-0.42969814","0.80714345"
"Enterococcus sp. NBRC 107345","0.57965076","0.7299107","-0.8079205","-0.8079205","-0.8079205","-0.64594126","-0.67825854","-0.64059675","-0.7282978","-0.6700486","-0.5664857","-0.093875535","-0.21134944","-0.45643547","-0.08875621","-0.083333336","-0.42969814","0.80714345"
"Enterococcus spp","-1.7251766","-1.3700308","-0.8079205","-0.8079205","-0.8079205","-0.64594126","-0.67825854","-0.64059675","-0.7282978","-0.6700486","-0.5664857","-0.093875535","-0.21134944","-0.45643547","-0.08875621","-0.083333336","-0.42969814","0.80714345"
"Enterococcuss","-1.7251766","-1.3700308","-0.8079205","-0.8079205","-0.8079205","-0.64594126","-0.67825854","-0.64059675","-0.7282978","-0.6700486","-0.5664857","-0.093875535","-0.21134944","-0.45643547","-0.08875621","-0.083333336","-0.42969814","0.80714345"
"Enterorhabdus","0.57965076","0.7299107","1.2377455","1.2377455","1.2377455","0.74477047","0.73685014","0.57568306","1.435006","0.30044636","-0.5664857","-0.093875535","-0.21134944","2.19089","-0.08875621","-0.083333336","-0.42969814","-1.2389371"
"Entyloma","0.57965076","0.7299107","1.2377455","1.2377455","1.2377455","0.049414594","0.21457562","0.12679036","0.6365949","0.30044636","-0.5664857","-0.093875535","-0.21134944","2.19089","-0.08875621","-0.083333336","-0.42969814","-1.2389371"
"Epicoccum","0.57965076","0.7299107","-0.8079205","-0.8079205","-0.8079205","-0.64594126","-0.67825854","-0.64059675","-0.7282978","-0.6700486","-0.5664857","-0.093875535","-0.21134944","-0.45643547","-0.08875621","-0.083333336","-0.42969814","0.80714345"
"Epilithonimonas","0.57965076","0.7299107","-0.8079205","-0.8079205","-0.8079205","-0.64594126","-0.67825854","-0.64059675","-0.7282978","-0.6700486","-0.5664857","-0.093875535","-0.21134944","-0.45643547","-0.08875621","-0.083333336","-0.42969814","0.80714345"
"Epsilonproteobacteria","0.57965076","-1.3700308","1.2377455","1.2377455","1.2377455","1.9271811","2.000244","1.908608","1.435006","2.0544753","2.0740583","10.652403","-0.21134944","-0.45643547","-0.08875621","-0.083333336","-0.42969814","-1.2389371"
"Epstein-Barr virus","0.57965076","-1.3700308","-0.8079205","-0.8079205","-0.8079205","-0.64594126","-0.67825854","-0.64059675","-0.7282978","-0.6700486","-0.5664857","-0.093875535","-0.21134944","-0.45643547","-0.08875621","-0.083333336","-0.42969814","0.80714345"
"Epulopiscium","0.57965076","0.7299107","1.2377455","1.2377455","1.2377455","0.96862507","1.1074097","0.89417744","0.6365949","0.8681495","1.1437563","-0.093875535","-0.21134944","2.19089","-0.08875621","-0.083333336","-0.42969814","-1.2389371"
"Eremothecium sinecaudum","0.57965076","0.7299107","-0.8079205","-0.8079205","-0.8079205","-0.64594126","-0.67825854","-0.64059675","-0.7282978","-0.6700486","-0.5664857","-0.093875535","-0.21134944","-0.45643547","-0.08875621","-0.083333336","-0.42969814","0.80714345"
"Erwinia","0.57965076","0.7299107","1.2377455","1.2377455","1.2377455","1.1515275","1.3948382","1.1412209","0.6365949","1.5833708","1.3374971","-0.093875535","-0.21134944","2.19089","-0.08875621","-0.083333336","-0.42969814","-1.2389371"
"Erwinia mallotivora","0.57965076","0.7299107","-0.8079205","-0.8079205","-0.8079205","-0.64594126","-0.67825854","-0.64059675","-0.7282978","-0.6700486","-0.5664857","-0.093875535","-0.21134944","-0.45643547","-0.08875621","-0.083333336","-0.42969814","0.80714345"
"Erysipelatoclostridium","0.57965076","0.7299107","1.2377455","1.2377455","1.2377455","1.5582846","2.000244","1.5137312","1.435006","0.30044636","1.5013028","-0.093875535","-0.21134944","2.19089","-0.08875621","-0.083333336","-0.42969814","-1.2389371"
"Erysipelatoclostridium ramosum","0.57965076","0.7299107","1.2377455","1.2377455","1.2377455","0.74477047","1.1074097","0.89417744","1.435006","0.30044636","0.17007542","-0.093875535","-0.21134944","-0.45643547","-0.08875621","-0.083333336","2.3272147","-1.2389371"
"Erysipelothrix","0.57965076","0.7299107","-0.8079205","-0.8079205","-0.8079205","-0.64594126","-0.67825854","-0.64059675","-0.7282978","-0.6700486","-0.5664857","-0.093875535","-0.21134944","-0.45643547","-0.08875621","-0.083333336","-0.42969814","0.80714345"
"Erysipelotrichaceae","0.57965076","0.7299107","1.2377455","1.2377455","1.2377455","2.861708","2.5225184","2.8307264","2.0014877","2.6873124","3.0477393","-0.093875535","4.7315","-0.45643547","-0.08875621","-0.083333336","-0.42969814","-1.2389371"
"Erysipelotrichaceae Allobaculum spp.","-1.7251766","-1.3700308","-0.8079205","-0.8079205","-0.8079205","-0.64594126","-0.67825854","-0.64059675","-0.7282978","-0.6700486","-0.5664857","-0.093875535","-0.21134944","-0.45643547","-0.08875621","-0.083333336","-0.42969814","0.80714345"
"Erysipelotrichaceae incertae sedis","0.57965076","0.7299107","-0.8079205","-0.8079205","-0.8079205","-0.64594126","-0.67825854","-0.64059675","-0.7282978","-0.6700486","-0.5664857","-0.093875535","-0.21134944","-0.45643547","-0.08875621","-0.083333336","-0.42969814","0.80714345"
"Erysipelotrichales","0.57965076","0.7299107","1.2377455","1.2377455","1.2377455","1.7595948","1.8282436","2.0141265","0.6365949","2.0544753","1.9815972","-0.093875535","-0.21134944","-0.45643547","11.266818","-0.083333336","-0.42969814","-1.2389371"
"Erysipelotrichi","-1.7251766","-1.3700308","-0.8079205","-0.8079205","-0.8079205","-0.64594126","-0.67825854","-0.64059675","-0.7282978","-0.6700486","-0.5664857","-0.093875535","-0.21134944","-0.45643547","-0.08875621","-0.083333336","-0.42969814","0.80714345"
"Erysipelotrichia","0.57965076","-1.3700308","1.2377455","1.2377455","1.2377455","1.7595948","2.000244","1.908608","1.435006","1.5833708","1.8803174","10.652403","-0.21134944","-0.45643547","-0.08875621","-0.083333336","-0.42969814","-1.2389371"
"Erysiphaceae","0.57965076","-1.3700308","1.2377455","1.2377455","1.2377455","0.049414594","0.21457562","0.12679036","0.6365949","0.30044636","-0.5664857","-0.093875535","4.7315","-0.45643547","-0.08875621","-0.083333336","-0.42969814","-1.2389371"
"Escherichia","0.57965076","0.7299107","1.2377455","1.2377455","1.2377455","2.5831916","2.5225184","2.5593498","2.440885","2.6873124","2.5623724","-0.093875535","-0.21134944","2.19089","-0.08875621","-0.083333336","-0.42969814","-1.2389371"
"Escherichia Shigella","-1.7251766","-1.3700308","-0.8079205","-0.8079205","-0.8079205","-0.64594126","-0.67825854","-0.64059675","-0.7282978","-0.6700486","-0.5664857","-0.093875535","-0.21134944","-0.45643547","-0.08875621","-0.083333336","-0.42969814","0.80714345"
"Escherichia coli","0.57965076","0.7299107","1.2377455","1.2377455","1.2377455","2.766094","2.151959","2.4960694","4.1647916","2.553866","1.1437563","-0.093875535","-0.21134944","-0.45643547","-0.08875621","-0.083333336","2.3272147","-1.2389371"
"Escherichia coli Nissle 1917","-1.7251766","-1.3700308","-0.8079205","-0.8079205","-0.8079205","-0.64594126","-0.67825854","-0.64059675","-0.7282978","-0.6700486","-0.5664857","-0.093875535","-0.21134944","-0.45643547","-0.08875621","-0.083333336","-0.42969814","0.80714345"
"Escherichia coli O157","-1.7251766","-1.3700308","-0.8079205","-0.8079205","-0.8079205","-0.64594126","-0.67825854","-0.64059675","-0.7282978","-0.6700486","-0.5664857","-0.093875535","-0.21134944","-0.45643547","-0.08875621","-0.083333336","-0.42969814","0.80714345"
"Escherichia coli strain NC101","-1.7251766","-1.3700308","-0.8079205","-0.8079205","-0.8079205","-0.64594126","-0.67825854","-0.64059675","-0.7282978","-0.6700486","-0.5664857","-0.093875535","-0.21134944","-0.45643547","-0.08875621","-0.083333336","-0.42969814","0.80714345"
"Escherichia fergusonii","0.57965076","-1.3700308","1.2377455","1.2377455","1.2377455","0.049414594","0.21457562","0.12679036","0.6365949","0.30044636","-0.5664857","-0.093875535","-0.21134944","-0.45643547","-0.08875621","-0.083333336","2.3272147","-1.2389371"
"Escherichia phage","-1.7251766","-1.3700308","-0.8079205","-0.8079205","-0.8079205","-0.64594126","-0.67825854","-0.64059675","-0.7282978","-0.6700486","-0.5664857","-0.093875535","-0.21134944","-0.45643547","-0.08875621","-0.083333336","-0.42969814","0.80714345"
"Escherichia-Shigella","-1.7251766","-1.3700308","-0.8079205","-0.8079205","-0.8079205","-0.64594126","-0.67825854","-0.64059675","-0.7282978","-0.6700486","-0.5664857","-0.093875535","-0.21134944","-0.45643547","-0.08875621","-0.083333336","-0.42969814","0.80714345"
"Escherichia/Shigella","-1.7251766","-1.3700308","-0.8079205","-0.8079205","-0.8079205","-0.64594126","-0.67825854","-0.64059675","-0.7282978","-0.6700486","-0.5664857","-0.093875535","-0.21134944","-0.45643547","-0.08875621","-0.083333336","-0.42969814","0.80714345"
"Escherichia/Shigella spp.","-1.7251766","-1.3700308","-0.8079205","-0.8079205","-0.8079205","-0.64594126","-0.67825854","-0.64059675","-0.7282978","-0.6700486","-0.5664857","-0.093875535","-0.21134944","-0.45643547","-0.08875621","-0.083333336","-0.42969814","0.80714345"
"EscherichiaShigella","-1.7251766","-1.3700308","-0.8079205","-0.8079205","-0.8079205","-0.64594126","-0.67825854","-0.64059675","-0.7282978","-0.6700486","-0.5664857","-0.093875535","-0.21134944","-0.45643547","-0.08875621","-0.083333336","-0.42969814","0.80714345"
"Escherichia_Shigella","-1.7251766","-1.3700308","-0.8079205","-0.8079205","-0.8079205","-0.64594126","-0.67825854","-0.64059675","-0.7282978","-0.6700486","-0.5664857","-0.093875535","-0.21134944","-0.45643547","-0.08875621","-0.083333336","-0.42969814","0.80714345"
"Ethanoligenens","0.57965076","0.7299107","1.2377455","1.2377455","1.2377455","0.049414594","0.21457562","0.12679036","0.6365949","0.30044636","0.17007542","-0.093875535","-0.21134944","2.19089","-0.08875621","-0.083333336","-0.42969814","-1.2389371"
"Eubacteriaceae","0.57965076","0.7299107","1.2377455","1.2377455","1.2377455","1.7595948","2.000244","1.7919627","1.435006","0.8681495","1.7683579","-0.093875535","4.7315","-0.45643547","-0.08875621","-0.083333336","-0.42969814","-1.2389371"
"Eubacterium","0.57965076","0.7299107","1.2377455","1.2377455","1.2377455","2.696881","2.2876725","2.730011","2.0014877","2.2414362","2.6687245","-0.093875535","-0.21134944","2.19089","-0.08875621","-0.083333336","-0.42969814","-1.2389371"
"Eubacterium biforme","0.57965076","0.7299107","-0.8079205","-0.8079205","-0.8079205","-0.64594126","-0.67825854","-0.64059675","-0.7282978","-0.6700486","-0.5664857","-0.093875535","-0.21134944","-0.45643547","-0.08875621","-0.083333336","-0.42969814","0.80714345"
"Eubacterium brachy","0.57965076","0.7299107","1.2377455","1.2377455","1.2377455","0.049414594","0.21457562","0.12679036","0.6365949","0.30044636","0.17007542","-0.093875535","-0.21134944","-0.45643547","-0.08875621","-0.083333336","2.3272147","-1.2389371"
"Eubacterium cellulosolvens","0.57965076","-1.3700308","1.2377455","1.2377455","1.2377455","0.45617172","0.73685014","0.12679036","0.6365949","0.30044636","-0.5664857","-0.093875535","-0.21134944","-0.45643547","-0.08875621","-0.083333336","2.3272147","-1.2389371"
"Eubacterium coprostanoligenes","0.57965076","0.7299107","1.2377455","1.2377455","1.2377455","0.049414594","0.21457562","0.12679036","0.6365949","0.30044636","0.17007542","-0.093875535","-0.21134944","2.19089","-0.08875621","-0.083333336","-0.42969814","-1.2389371"
"Eubacterium coprostanoligenes group","-1.7251766","-1.3700308","-0.8079205","-0.8079205","-0.8079205","-0.64594126","-0.67825854","-0.64059675","-0.7282978","-0.6700486","-0.5664857","-0.093875535","-0.21134944","-0.45643547","-0.08875621","-0.083333336","-0.42969814","0.80714345"
"Eubacterium cylindroides","0.57965076","0.7299107","-0.8079205","-0.8079205","-0.8079205","-0.64594126","-0.67825854","-0.64059675","-0.7282978","-0.6700486","-0.5664857","-0.093875535","-0.21134944","-0.45643547","-0.08875621","-0.083333336","-0.42969814","0.80714345"
"Eubacterium desmolans","0.57965076","0.7299107","-0.8079205","-0.8079205","-0.8079205","-0.64594126","-0.67825854","-0.64059675","-0.7282978","-0.6700486","-0.5664857","-0.093875535","-0.21134944","-0.45643547","-0.08875621","-0.083333336","-0.42969814","0.80714345"
"Eubacterium dolichum","0.57965076","-1.3700308","-0.8079205","-0.8079205","-0.8079205","-0.64594126","-0.67825854","-0.64059675","-0.7282978","-0.6700486","-0.5664857","-0.093875535","-0.21134944","-0.45643547","-0.08875621","-0.083333336","-0.42969814","0.80714345"
"Eubacterium eligens","0.57965076","0.7299107","-0.8079205","-0.8079205","-0.8079205","-0.64594126","-0.67825854","-0.64059675","-0.7282978","-0.6700486","-0.5664857","-0.093875535","-0.21134944","-0.45643547","-0.08875621","-0.083333336","-0.42969814","0.80714345"
"Eubacterium eligensgroup","-1.7251766","-1.3700308","-0.8079205","-0.8079205","-0.8079205","-0.64594126","-0.67825854","-0.64059675","-0.7282978","-0.6700486","-0.5664857","-0.093875535","-0.21134944","-0.45643547","-0.08875621","-0.083333336","-0.42969814","0.80714345"
"Eubacterium fissicatena","0.57965076","-1.3700308","-0.8079205","-0.8079205","-0.8079205","-0.64594126","-0.67825854","-0.64059675","-0.7282978","-0.6700486","-0.5664857","-0.093875535","-0.21134944","-0.45643547","-0.08875621","-0.083333336","-0.42969814","0.80714345"
"Eubacterium hallii","0.57965076","0.7299107","-0.8079205","-0.8079205","-0.8079205","-0.64594126","-0.67825854","-0.64059675","-0.7282978","-0.6700486","-0.5664857","-0.093875535","-0.21134944","-0.45643547","-0.08875621","-0.083333336","-0.42969814","0.80714345"
"Eubacterium infirmum","0.57965076","0.7299107","1.2377455","1.2377455","1.2377455","0.049414594","0.21457562","0.12679036","0.6365949","0.30044636","-0.5664857","-0.093875535","-0.21134944","-0.45643547","-0.08875621","-0.083333336","2.3272147","-1.2389371"
"Eubacterium limosum","0.57965076","0.7299107","-0.8079205","-0.8079205","-0.8079205","-0.64594126","-0.67825854","-0.64059675","-0.7282978","-0.6700486","-0.5664857","-0.093875535","-0.21134944","-0.45643547","-0.08875621","-0.083333336","-0.42969814","0.80714345"
"Eubacterium minutum","0.57965076","0.7299107","-0.8079205","-0.8079205","-0.8079205","-0.64594126","-0.67825854","-0.64059675","-0.7282978","-0.6700486","-0.5664857","-0.093875535","-0.21134944","-0.45643547","-0.08875621","-0.083333336","-0.42969814","0.80714345"
"Eubacterium nodatum","0.57965076","0.7299107","-0.8079205","-0.8079205","-0.8079205","-0.64594126","-0.67825854","-0.64059675","-0.7282978","-0.6700486","-0.5664857","-0.093875535","-0.21134944","-0.45643547","-0.08875621","-0.083333336","-0.42969814","0.80714345"
"Eubacterium ramulus","0.57965076","-1.3700308","1.2377455","1.2377455","1.2377455","0.45617172","0.21457562","0.57568306","0.6365949","0.30044636","-0.5664857","-0.093875535","-0.21134944","-0.45643547","-0.08875621","-0.083333336","2.3272147","-1.2389371"
"Eubacterium rectale","0.57965076","0.7299107","1.2377455","1.2377455","1.2377455","2.0015254","1.6296843","1.7919627","2.440885","0.8681495","0.90663654","-0.093875535","-0.21134944","-0.45643547","-0.08875621","-0.083333336","2.3272147","-1.2389371"
"Eubacterium rectale-Clostridium coccoides","-1.7251766","-1.3700308","-0.8079205","-0.8079205","-0.8079205","-0.64594126","-0.67825854","-0.64059675","-0.7282978","-0.6700486","-0.5664857","-0.093875535","-0.21134944","-0.45643547","-0.08875621","-0.083333336","-0.42969814","0.80714345"
"Eubacterium rectalie","-1.7251766","-1.3700308","-0.8079205","-0.8079205","-0.8079205","-0.64594126","-0.67825854","-0.64059675","-0.7282978","-0.6700486","-0.5664857","-0.093875535","-0.21134944","-0.45643547","-0.08875621","-0.083333336","-0.42969814","0.80714345"
"Eubacterium ruminantium","0.57965076","0.7299107","1.2377455","1.2377455","1.2377455","0.049414594","0.21457562","0.12679036","0.6365949","0.30044636","0.17007542","-0.093875535","-0.21134944","-0.45643547","-0.08875621","-0.083333336","2.3272147","-1.2389371"
"Eubacterium saburreum","0.57965076","0.7299107","-0.8079205","-0.8079205","-0.8079205","-0.64594126","-0.67825854","-0.64059675","-0.7282978","-0.6700486","-0.5664857","-0.093875535","-0.21134944","-0.45643547","-0.08875621","-0.083333336","-0.42969814","0.80714345"
"Eubacterium saphenum","0.57965076","0.7299107","-0.8079205","-0.8079205","-0.8079205","-0.64594126","-0.67825854","-0.64059675","-0.7282978","-0.6700486","-0.5664857","-0.093875535","-0.21134944","-0.45643547","-0.08875621","-0.083333336","-0.42969814","0.80714345"
"Eubacterium siraeum","0.57965076","0.7299107","1.2377455","1.2377455","1.2377455","0.96862507","1.1074097","0.89417744","1.435006","0.30044636","0.60093606","-0.093875535","-0.21134944","-0.45643547","-0.08875621","-0.083333336","2.3272147","-1.2389371"
"Eubacterium spp","-1.7251766","-1.3700308","-0.8079205","-0.8079205","-0.8079205","-0.64594126","-0.67825854","-0.64059675","-0.7282978","-0.6700486","-0.5664857","-0.093875535","-0.21134944","-0.45643547","-0.08875621","-0.083333336","-0.42969814","0.80714345"
"Eubacterium sulci","0.57965076","0.7299107","1.2377455","1.2377455","1.2377455","0.049414594","0.21457562","0.12679036","0.6365949","0.30044636","0.17007542","-0.093875535","-0.21134944","-0.45643547","-0.08875621","-0.083333336","2.3272147","-1.2389371"
"Eubacterium tortuosum","-1.7251766","-1.3700308","-0.8079205","-0.8079205","-0.8079205","-0.64594126","-0.67825854","-0.64059675","-0.7282978","-0.6700486","-0.5664857","-0.093875535","-0.21134944","-0.45643547","-0.08875621","-0.083333336","-0.42969814","0.80714345"
"Eubacterium ventriosum","0.57965076","0.7299107","1.2377455","1.2377455","1.2377455","1.4401263","1.1074097","1.34307","2.0014877","0.30044636","0.90663654","-0.093875535","-0.21134944","-0.45643547","-0.08875621","-0.083333336","2.3272147","-1.2389371"
"Eubacterium xylanophilum","0.57965076","0.7299107","-0.8079205","-0.8079205","-0.8079205","-0.64594126","-0.67825854","-0.64059675","-0.7282978","-0.6700486","-0.5664857","-0.093875535","-0.21134944","-0.45643547","-0.08875621","-0.083333336","-0.42969814","0.80714345"
"Eubacterium yurii","0.57965076","0.7299107","1.2377455","1.2377455","1.2377455","0.45617172","0.21457562","0.12679036","0.6365949","0.30044636","0.60093606","-0.093875535","-0.21134944","-0.45643547","-0.08875621","-0.083333336","2.3272147","-1.2389371"
"Eubacterium_eligens_group","-1.7251766","-1.3700308","-0.8079205","-0.8079205","-0.8079205","-0.64594126","-0.67825854","-0.64059675","-0.7282978","-0.6700486","-0.5664857","-0.093875535","-0.21134944","-0.45643547","-0.08875621","-0.083333336","-0.42969814","0.80714345"
"Eubacterium_g4","-1.7251766","-1.3700308","-0.8079205","-0.8079205","-0.8079205","-0.64594126","-0.67825854","-0.64059675","-0.7282978","-0.6700486","-0.5664857","-0.093875535","-0.21134944","-0.45643547","-0.08875621","-0.083333336","-0.42969814","0.80714345"
"Eubacterium_hallii_group","-1.7251766","-1.3700308","-0.8079205","-0.8079205","-0.8079205","-0.64594126","-0.67825854","-0.64059675","-0.7282978","-0.6700486","-0.5664857","-0.093875535","-0.21134944","-0.45643547","-0.08875621","-0.083333336","-0.42969814","0.80714345"
"Eurotiomycetes","0.57965076","0.7299107","-0.8079205","-0.8079205","-0.8079205","-0.64594126","-0.67825854","-0.64059675","-0.7282978","-0.6700486","-0.5664857","-0.093875535","-0.21134944","-0.45643547","-0.08875621","-0.083333336","-0.42969814","0.80714345"
"Euryarchaeota","0.57965076","-1.3700308","1.2377455","1.2377455","1.2377455","0.45617172","0.73685014","0.57568306","0.6365949","0.30044636","0.60093606","-0.093875535","-0.21134944","-0.45643547","-0.08875621","12.0","-0.42969814","-1.2389371"
"Exidia","0.57965076","0.7299107","-0.8079205","-0.8079205","-0.8079205","-0.64594126","-0.67825854","-0.64059675","-0.7282978","-0.6700486","-0.5664857","-0.093875535","-0.21134944","-0.45643547","-0.08875621","-0.083333336","-0.42969814","0.80714345"
"Exiguobacterium","0.57965076","0.7299107","1.2377455","1.2377455","1.2377455","0.049414594","0.21457562","0.12679036","0.6365949","0.30044636","0.17007542","-0.093875535","-0.21134944","2.19089","-0.08875621","-0.083333336","-0.42969814","-1.2389371"
"Exiguobacterium oxidotolerans","0.57965076","0.7299107","-0.8079205","-0.8079205","-0.8079205","-0.64594126","-0.67825854","-0.64059675","-0.7282978","-0.6700486","-0.5664857","-0.093875535","-0.21134944","-0.45643547","-0.08875621","-0.083333336","-0.42969814","0.80714345"
"Exophiala","0.57965076","0.7299107","-0.8079205","-0.8079205","-0.8079205","-0.64594126","-0.67825854","-0.64059675","-0.7282978","-0.6700486","-0.5664857","-0.093875535","-0.21134944","-0.45643547","-0.08875621","-0.083333336","-0.42969814","0.80714345"
"Ezakiella","0.57965076","0.7299107","1.2377455","1.2377455","1.2377455","0.049414594","0.21457562","0.12679036","0.6365949","0.30044636","0.17007542","-0.093875535","-0.21134944","2.19089","-0.08875621","-0.083333336","-0.42969814","-1.2389371"
"Facklamia","0.57965076","0.7299107","1.2377455","1.2377455","1.2377455","0.45617172","0.73685014","0.57568306","0.6365949","0.8681495","0.60093606","-0.093875535","-0.21134944","2.19089","-0.08875621","-0.083333336","-0.42969814","-1.2389371"
"Faecal microbiota transplantation (FMT)","-1.7251766","-1.3700308","-0.8079205","-0.8079205","-0.8079205","-0.64594126","-0.67825854","-0.64059675","-0.7282978","-0.6700486","-0.5664857","-0.093875535","-0.21134944","-0.45643547","-0.08875621","-0.083333336","-0.42969814","0.80714345"
"Faecalbacterium","-1.7251766","-1.3700308","-0.8079205","-0.8079205","-0.8079205","-0.64594126","-0.67825854","-0.64059675","-0.7282978","-0.6700486","-0.5664857","-0.093875535","-0.21134944","-0.45643547","-0.08875621","-0.083333336","-0.42969814","0.80714345"
"Faecalibacteria","-1.7251766","-1.3700308","-0.8079205","-0.8079205","-0.8079205","-0.64594126","-0.67825854","-0.64059675","-0.7282978","-0.6700486","-0.5664857","-0.093875535","-0.21134944","-0.45643547","-0.08875621","-0.083333336","-0.42969814","0.80714345"
"Faecalibacterium","0.57965076","0.7299107","1.2377455","1.2377455","1.2377455","3.6303217","2.809947","3.5981133","3.1034403","3.02497","3.8693566","-0.093875535","-0.21134944","2.19089","-0.08875621","-0.083333336","-0.42969814","-1.2389371"
"Faecalibacterium prausnitzi","-1.7251766","-1.3700308","-0.8079205","-0.8079205","-0.8079205","-0.64594126","-0.67825854","-0.64059675","-0.7282978","-0.6700486","-0.5664857","-0.093875535","-0.21134944","-0.45643547","-0.08875621","-0.083333336","-0.42969814","0.80714345"
"Faecalibacterium prausnitzii","0.57965076","0.7299107","1.2377455","1.2377455","1.2377455","3.2375953","2.5225184","3.1611896","3.9934554","2.0544753","2.311178","-0.093875535","-0.21134944","-0.45643547","-0.08875621","-0.083333336","2.3272147","-1.2389371"
"Faecalibacterium prausnitzii-like Butyrate-producing bacterium L2-6","-1.7251766","-1.3700308","-0.8079205","-0.8079205","-0.8079205","-0.64594126","-0.67825854","-0.64059675","-0.7282978","-0.6700486","-0.5664857","-0.093875535","-0.21134944","-0.45643547","-0.08875621","-0.083333336","-0.42969814","0.80714345"
"Faecalibacterium spp","-1.7251766","-1.3700308","-0.8079205","-0.8079205","-0.8079205","-0.64594126","-0.67825854","-0.64059675","-0.7282978","-0.6700486","-0.5664857","-0.093875535","-0.21134944","-0.45643547","-0.08875621","-0.083333336","-0.42969814","0.80714345"
"Faecalicoccus","0.57965076","0.7299107","1.2377455","1.2377455","1.2377455","0.45617172","0.73685014","0.12679036","0.6365949","0.30044636","0.60093606","-0.093875535","-0.21134944","2.19089","-0.08875621","-0.083333336","-0.42969814","-1.2389371"
"Faecalitalea","0.57965076","0.7299107","1.2377455","1.2377455","1.2377455","0.45617172","0.73685014","0.57568306","1.435006","0.8681495","0.17007542","-0.093875535","-0.21134944","2.19089","-0.08875621","-0.083333336","-0.42969814","-1.2389371"
"Fastidiospila","0.57965076","0.7299107","-0.8079205","-0.8079205","-0.8079205","-0.64594126","-0.67825854","-0.64059675","-0.7282978","-0.6700486","-0.5664857","-0.093875535","-0.21134944","-0.45643547","-0.08875621","-0.083333336","-0.42969814","0.80714345"
"Feacalibacterium prausnitzii","-1.7251766","-1.3700308","-0.8079205","-0.8079205","-0.8079205","-0.64594126","-0.67825854","-0.64059675","-0.7282978","-0.6700486","-0.5664857","-0.093875535","-0.21134944","-0.45643547","-0.08875621","-0.083333336","-0.42969814","0.80714345"
"Fecalibacterium","-1.7251766","-1.3700308","-0.8079205","-0.8079205","-0.8079205","-0.64594126","-0.67825854","-0.64059675","-0.7282978","-0.6700486","-0.5664857","-0.093875535","-0.21134944","-0.45643547","-0.08875621","-0.083333336","-0.42969814","0.80714345"
"Ferribacter thermoautotrophicus","0.57965076","0.7299107","-0.8079205","-0.8079205","-0.8079205","-0.64594126","-0.67825854","-0.64059675","-0.7282978","-0.6700486","-0.5664857","-0.093875535","-0.21134944","-0.45643547","-0.08875621","-0.083333336","-0.42969814","0.80714345"
"Fibrobacter succinogenes","0.57965076","0.7299107","-0.8079205","-0.8079205","-0.8079205","-0.64594126","-0.67825854","-0.64059675","-0.7282978","-0.6700486","-0.5664857","-0.093875535","-0.21134944","-0.45643547","-0.08875621","-0.083333336","-0.42969814","0.80714345"
"Filifactor","0.57965076","0.7299107","1.2377455","1.2377455","1.2377455","1.5582846","1.6296843","1.7919627","0.6365949","2.0544753","1.7683579","-0.093875535","-0.21134944","2.19089","-0.08875621","-0.083333336","-0.42969814","-1.2389371"
"Filifactor alocis","0.57965076","0.7299107","1.2377455","1.2377455","1.2377455","0.45617172","0.73685014","0.57568306","0.6365949","0.8681495","0.60093606","-0.093875535","-0.21134944","-0.45643547","-0.08875621","-0.083333336","2.3272147","-1.2389371"
"Filobasidium","0.57965076","0.7299107","1.2377455","1.2377455","1.2377455","0.049414594","0.21457562","0.12679036","0.6365949","0.30044636","-0.5664857","-0.093875535","-0.21134944","2.19089","-0.08875621","-0.083333336","-0.42969814","-1.2389371"
"Filobasidium floriforme","0.57965076","0.7299107","-0.8079205","-0.8079205","-0.8079205","-0.64594126","-0.67825854","-0.64059675","-0.7282978","-0.6700486","-0.5664857","-0.093875535","-0.21134944","-0.45643547","-0.08875621","-0.083333336","-0.42969814","0.80714345"
"Filobasidium stepposum","0.57965076","-1.3700308","-0.8079205","-0.8079205","-0.8079205","-0.64594126","-0.67825854","-0.64059675","-0.7282978","-0.6700486","-0.5664857","-0.093875535","-0.21134944","-0.45643547","-0.08875621","-0.083333336","-0.42969814","0.80714345"
"Filobasidium uniguttulatum","0.57965076","0.7299107","1.2377455","1.2377455","1.2377455","0.049414594","0.21457562","0.12679036","0.6365949","0.30044636","-0.5664857","-0.093875535","-0.21134944","-0.45643547","-0.08875621","-0.083333336","2.3272147","-1.2389371"
"Finegoldia","0.57965076","0.7299107","1.2377455","1.2377455","1.2377455","1.1515275","1.1074097","1.1412209","0.6365949","1.5833708","1.3374971","-0.093875535","-0.21134944","2.19089","-0.08875621","-0.083333336","-0.42969814","-1.2389371"
"Finegoldia magna","0.57965076","0.7299107","-0.8079205","-0.8079205","-0.8079205","-0.64594126","-0.67825854","-0.64059675","-0.7282978","-0.6700486","-0.5664857","-0.093875535","-0.21134944","-0.45643547","-0.08875621","-0.083333336","-0.42969814","0.80714345"
"Firmicutes","0.57965076","0.7299107","1.2377455","1.2377455","1.2377455","3.983885","3.4153526","4.168454","2.7998989","3.995465","4.203288","-0.093875535","-0.21134944","-0.45643547","-0.08875621","12.0","-0.42969814","-1.2389371"
"Firmicutes Cluster 1","-1.7251766","-1.3700308","-0.8079205","-0.8079205","-0.8079205","-0.64594126","-0.67825854","-0.64059675","-0.7282978","-0.6700486","-0.5664857","-0.093875535","-0.21134944","-0.45643547","-0.08875621","-0.083333336","-0.42969814","0.80714345"
"Firmicutes Cluster 2","-1.7251766","-1.3700308","-0.8079205","-0.8079205","-0.8079205","-0.64594126","-0.67825854","-0.64059675","-0.7282978","-0.6700486","-0.5664857","-0.093875535","-0.21134944","-0.45643547","-0.08875621","-0.083333336","-0.42969814","0.80714345"
"Firmicutes bacterium EG14","-1.7251766","-1.3700308","-0.8079205","-0.8079205","-0.8079205","-0.64594126","-0.67825854","-0.64059675","-0.7282978","-0.6700486","-0.5664857","-0.093875535","-0.21134944","-0.45643547","-0.08875621","-0.083333336","-0.42969814","0.80714345"
"Firmicutes str. C29","-1.7251766","-1.3700308","-0.8079205","-0.8079205","-0.8079205","-0.64594126","-0.67825854","-0.64059675","-0.7282978","-0.6700486","-0.5664857","-0.093875535","-0.21134944","-0.45643547","-0.08875621","-0.083333336","-0.42969814","0.80714345"
"Flavisolibacter","0.57965076","0.7299107","-0.8079205","-0.8079205","-0.8079205","-0.64594126","-0.67825854","-0.64059675","-0.7282978","-0.6700486","-0.5664857","-0.093875535","-0.21134944","-0.45643547","-0.08875621","-0.083333336","-0.42969814","0.80714345"
"Flavobacteriaceae","0.57965076","0.7299107","1.2377455","1.2377455","1.2377455","1.4401263","1.6296843","1.5137312","0.6365949","2.0544753","1.6431977","-0.093875535","4.7315","-0.45643547","-0.08875621","-0.083333336","-0.42969814","-1.2389371"
"Flavobacterium","0.57965076","0.7299107","1.2377455","1.2377455","1.2377455","1.7595948","2.000244","1.908608","0.6365949","2.2414362","1.9815972","-0.093875535","-0.21134944","2.19089","-0.08875621","-0.083333336","-0.42969814","-1.2389371"
"Flavonifractor","0.57965076","0.7299107","1.2377455","1.2377455","1.2377455","1.8468834","2.151959","1.7919627","1.435006","1.2709413","1.8803174","-0.093875535","-0.21134944","2.19089","-0.08875621","-0.083333336","-0.42969814","-1.2389371"
"Flavonifractor plautii","0.57965076","0.7299107","1.2377455","1.2377455","1.2377455","1.1515275","1.3948382","1.1412209","2.0014877","0.30044636","0.60093606","-0.093875535","-0.21134944","-0.45643547","-0.08875621","-0.083333336","2.3272147","-1.2389371"
"Flexilinea","0.57965076","0.7299107","-0.8079205","-0.8079205","-0.8079205","-0.64594126","-0.67825854","-0.64059675","-0.7282978","-0.6700486","-0.5664857","-0.093875535","-0.21134944","-0.45643547","-0.08875621","-0.083333336","-0.42969814","0.80714345"
"Fluviicola","0.57965076","0.7299107","1.2377455","1.2377455","1.2377455","0.049414594","0.21457562","0.12679036","0.6365949","0.30044636","-0.5664857","-0.093875535","-0.21134944","2.19089","-0.08875621","-0.083333336","-0.42969814","-1.2389371"
"Fournierella","0.57965076","0.7299107","-0.8079205","-0.8079205","-0.8079205","-0.64594126","-0.67825854","-0.64059675","-0.7282978","-0.6700486","-0.5664857","-0.093875535","-0.21134944","-0.45643547","-0.08875621","-0.083333336","-0.42969814","0.80714345"
"Fretibacterium","0.57965076","0.7299107","1.2377455","1.2377455","1.2377455","0.049414594","0.21457562","0.12679036","0.6365949","0.30044636","0.17007542","-0.093875535","-0.21134944","2.19089","-0.08875621","-0.083333336","-0.42969814","-1.2389371"
"Fretibacterium fastidiosum","0.57965076","0.7299107","1.2377455","1.2377455","1.2377455","0.45617172","0.21457562","0.12679036","0.6365949","0.30044636","0.60093606","-0.093875535","-0.21134944","-0.45643547","-0.08875621","-0.083333336","2.3272147","-1.2389371"
"Frigoribacterium","0.57965076","0.7299107","-0.8079205","-0.8079205","-0.8079205","-0.64594126","-0.67825854","-0.64059675","-0.7282978","-0.6700486","-0.5664857","-0.093875535","-0.21134944","-0.45643547","-0.08875621","-0.083333336","-0.42969814","0.80714345"
"Fromanvirus","0.57965076","-1.3700308","-0.8079205","-0.8079205","-0.8079205","-0.64594126","-0.67825854","-0.64059675","-0.7282978","-0.6700486","-0.5664857","-0.093875535","-0.21134944","-0.45643547","-0.08875621","-0.083333336","-0.42969814","0.80714345"
"Fucophilus fucoidanolyticus","0.57965076","0.7299107","-0.8079205","-0.8079205","-0.8079205","-0.64594126","-0.67825854","-0.64059675","-0.7282978","-0.6700486","-0.5664857","-0.093875535","-0.21134944","-0.45643547","-0.08875621","-0.083333336","-0.42969814","0.80714345"
"Fusarium","0.57965076","0.7299107","1.2377455","1.2377455","1.2377455","0.049414594","0.21457562","0.12679036","0.6365949","0.30044636","-0.5664857","-0.093875535","-0.21134944","2.19089","-0.08875621","-0.083333336","-0.42969814","-1.2389371"
"Fusarium solani","0.57965076","0.7299107","-0.8079205","-0.8079205","-0.8079205","-0.64594126","-0.67825854","-0.64059675","-0.7282978","-0.6700486","-0.5664857","-0.093875535","-0.21134944","-0.45643547","-0.08875621","-0.083333336","-0.42969814","0.80714345"
"Fusibacter","0.57965076","0.7299107","1.2377455","1.2377455","1.2377455","0.049414594","0.21457562","0.12679036","0.6365949","0.30044636","-0.5664857","-0.093875535","-0.21134944","2.19089","-0.08875621","-0.083333336","-0.42969814","-1.2389371"
"Fusicatenibacter","0.57965076","0.7299107","1.2377455","1.2377455","1.2377455","1.3061694","1.8282436","1.34307","0.6365949","0.30044636","1.5013028","-0.093875535","-0.21134944","2.19089","-0.08875621","-0.083333336","-0.42969814","-1.2389371"
"Fusicatenibacter saccharivorans","0.57965076","0.7299107","1.2377455","1.2377455","1.2377455","0.74477047","0.21457562","0.12679036","0.6365949","0.30044636","-0.5664857","-0.093875535","-0.21134944","-0.45643547","-0.08875621","-0.083333336","2.3272147","-1.2389371"
"Fusobacteria","0.57965076","-1.3700308","1.2377455","1.2377455","1.2377455","3.4099932","2.809947","3.4707193","2.7998989","3.7200453","3.6116023","-0.093875535","-0.21134944","-0.45643547","-0.08875621","12.0","-0.42969814","-1.2389371"
"Fusobacteriaceae","0.57965076","0.7299107","1.2377455","1.2377455","1.2377455","2.891656","2.7210782","3.0082426","2.440885","3.121569","3.0477393","-0.093875535","4.7315","-0.45643547","-0.08875621","-0.083333336","-0.42969814","-1.2389371"
"Fusobacteriales","0.57965076","0.7299107","1.2377455","1.2377455","1.2377455","2.4082823","2.151959","2.4960694","1.435006","2.553866","2.6168785","-0.093875535","-0.21134944","-0.45643547","11.266818","-0.083333336","-0.42969814","-1.2389371"
"Fusobacteriia","0.57965076","-1.3700308","1.2377455","1.2377455","1.2377455","2.2536407","2.151959","2.2811184","1.435006","2.553866","2.4441805","10.652403","-0.21134944","-0.45643547","-0.08875621","-0.083333336","-0.42969814","-1.2389371"
"Fusobacterium","0.57965076","0.7299107","1.2377455","1.2377455","1.2377455","3.8456626","2.893078","3.8922749","3.59831","3.8367903","4.0071564","-0.093875535","-0.21134944","2.19089","-0.08875621","-0.083333336","-0.42969814","-1.2389371"
"Fusobacterium canifelinum","0.57965076","0.7299107","-0.8079205","-0.8079205","-0.8079205","-0.64594126","-0.67825854","-0.64059675","-0.7282978","-0.6700486","-0.5664857","-0.093875535","-0.21134944","-0.45643547","-0.08875621","-0.083333336","-0.42969814","0.80714345"
"Fusobacterium mortiferum","0.57965076","0.7299107","1.2377455","1.2377455","1.2377455","0.049414594","0.21457562","0.12679036","0.6365949","0.30044636","0.17007542","-0.093875535","-0.21134944","-0.45643547","-0.08875621","-0.083333336","2.3272147","-1.2389371"
"Fusobacterium naviforme","0.57965076","0.7299107","1.2377455","1.2377455","1.2377455","0.049414594","0.21457562","0.12679036","0.6365949","0.30044636","0.17007542","-0.093875535","-0.21134944","-0.45643547","-0.08875621","-0.083333336","2.3272147","-1.2389371"
"Fusobacterium necrophorum","0.57965076","0.7299107","1.2377455","1.2377455","1.2377455","0.45617172","0.21457562","0.12679036","0.6365949","0.30044636","0.60093606","-0.093875535","-0.21134944","-0.45643547","-0.08875621","-0.083333336","2.3272147","-1.2389371"
"Fusobacterium nucleatum","0.57965076","0.7299107","1.2377455","1.2377455","1.2377455","2.7320843","2.2876725","2.730011","3.1034403","2.9212093","2.0740583","-0.093875535","-0.21134944","-0.45643547","-0.08875621","-0.083333336","2.3272147","-1.2389371"
"Fusobacterium perfoetens","0.57965076","0.7299107","1.2377455","1.2377455","1.2377455","0.049414594","0.21457562","0.12679036","0.6365949","0.30044636","0.17007542","-0.093875535","-0.21134944","-0.45643547","-0.08875621","-0.083333336","2.3272147","-1.2389371"
"Fusobacterium periodonticum","0.57965076","0.7299107","1.2377455","1.2377455","1.2377455","1.4401263","1.3948382","1.6615645","1.435006","1.8386444","1.5013028","-0.093875535","-0.21134944","-0.45643547","-0.08875621","-0.083333336","2.3272147","-1.2389371"
"Fusobacterium species","-1.7251766","-1.3700308","-0.8079205","-0.8079205","-0.8079205","-0.64594126","-0.67825854","-0.64059675","-0.7282978","-0.6700486","-0.5664857","-0.093875535","-0.21134944","-0.45643547","-0.08875621","-0.083333336","-0.42969814","0.80714345"
"Fusobacterium spp","-1.7251766","-1.3700308","-0.8079205","-0.8079205","-0.8079205","-0.64594126","-0.67825854","-0.64059675","-0.7282978","-0.6700486","-0.5664857","-0.093875535","-0.21134944","-0.45643547","-0.08875621","-0.083333336","-0.42969814","0.80714345"
"Fusobacterium ulcerans","-1.7251766","-1.3700308","-0.8079205","-0.8079205","-0.8079205","-0.64594126","-0.67825854","-0.64059675","-0.7282978","-0.6700486","-0.5664857","-0.093875535","-0.21134944","-0.45643547","-0.08875621","-0.083333336","-0.42969814","0.80714345"
"Fusobacterium varium","0.57965076","0.7299107","1.2377455","1.2377455","1.2377455","0.96862507","1.1074097","0.89417744","2.0014877","1.5833708","0.60093606","-0.093875535","-0.21134944","-0.45643547","-0.08875621","-0.083333336","2.3272147","-1.2389371"
"Galactomyces","0.57965076","0.7299107","-0.8079205","-0.8079205","-0.8079205","-0.64594126","-0.67825854","-0.64059675","-0.7282978","-0.6700486","-0.5664857","-0.093875535","-0.21134944","-0.45643547","-0.08875621","-0.083333336","-0.42969814","0.80714345"
"Gallibacterium","0.57965076","0.7299107","-0.8079205","-0.8079205","-0.8079205","-0.64594126","-0.67825854","-0.64059675","-0.7282978","-0.6700486","-0.5664857","-0.093875535","-0.21134944","-0.45643547","-0.08875621","-0.083333336","-0.42969814","0.80714345"
"Gallicola","0.57965076","0.7299107","-0.8079205","-0.8079205","-0.8079205","-0.64594126","-0.67825854","-0.64059675","-0.7282978","-0.6700486","-0.5664857","-0.093875535","-0.21134944","-0.45643547","-0.08875621","-0.083333336","-0.42969814","0.80714345"
"Gallionella","0.57965076","0.7299107","-0.8079205","-0.8079205","-0.8079205","-0.64594126","-0.67825854","-0.64059675","-0.7282978","-0.6700486","-0.5664857","-0.093875535","-0.21134944","-0.45643547","-0.08875621","-0.083333336","-0.42969814","0.80714345"
"Gamma-proteobacteria","0.57965076","0.7299107","1.2377455","1.2377455","1.2377455","2.8308382","2.6256204","2.8778443","2.0014877","2.553866","2.974425","10.652403","-0.21134944","-0.45643547","-0.08875621","-0.083333336","-0.42969814","-1.2389371"
"Gammaproteobacteria","-1.7251766","-1.3700308","-0.8079205","-0.8079205","-0.8079205","-0.64594126","-0.67825854","-0.64059675","-0.7282978","-0.6700486","-0.5664857","-0.093875535","-0.21134944","-0.45643547","-0.08875621","-0.083333336","-0.42969814","0.80714345"
"Gammasphaerolipovirus","0.57965076","-1.3700308","-0.8079205","-0.8079205","-0.8079205","-0.64594126","-0.67825854","-0.64059675","-0.7282978","-0.6700486","-0.5664857","-0.093875535","-0.21134944","-0.45643547","-0.08875621","-0.083333336","-0.42969814","0.80714345"
"Ganoderma","0.57965076","0.7299107","-0.8079205","-0.8079205","-0.8079205","-0.64594126","-0.67825854","-0.64059675","-0.7282978","-0.6700486","-0.5664857","-0.093875535","-0.21134944","-0.45643547","-0.08875621","-0.083333336","-0.42969814","0.80714345"
"Gardnerella","0.57965076","0.7299107","1.2377455","1.2377455","1.2377455","0.74477047","0.73685014","0.89417744","1.435006","1.2709413","0.60093606","-0.093875535","-0.21134944","2.19089","-0.08875621","-0.083333336","-0.42969814","-1.2389371"
"Gardnerella vaginalis","0.57965076","0.7299107","1.2377455","1.2377455","1.2377455","0.96862507","1.3948382","0.89417744","2.0014877","1.2709413","0.17007542","-0.093875535","-0.21134944","-0.45643547","-0.08875621","-0.083333336","2.3272147","-1.2389371"
"Gelria","0.57965076","0.7299107","1.2377455","1.2377455","1.2377455","0.049414594","0.21457562","0.12679036","0.6365949","0.30044636","0.17007542","-0.093875535","-0.21134944","2.19089","-0.08875621","-0.083333336","-0.42969814","-1.2389371"
"Gemella","0.57965076","0.7299107","1.2377455","1.2377455","1.2377455","2.861708","2.4104402","2.7815135","2.440885","2.8091393","3.0477393","-0.093875535","-0.21134944","2.19089","-0.08875621","-0.083333336","-0.42969814","-1.2389371"
"Gemella asaccharolytica","0.57965076","0.7299107","-0.8079205","-0.8079205","-0.8079205","-0.64594126","-0.67825854","-0.64059675","-0.7282978","-0.6700486","-0.5664857","-0.093875535","-0.21134944","-0.45643547","-0.08875621","-0.083333336","-0.42969814","0.80714345"
"Gemella haemolysans","0.57965076","0.7299107","1.2377455","1.2377455","1.2377455","0.049414594","0.21457562","0.12679036","0.6365949","0.30044636","0.17007542","-0.093875535","-0.21134944","-0.45643547","-0.08875621","-0.083333336","2.3272147","-1.2389371"
"Gemella morbillorum","0.57965076","0.7299107","1.2377455","1.2377455","1.2377455","1.5582846","1.1074097","1.34307","2.0014877","1.5833708","1.1437563","-0.093875535","-0.21134944","-0.45643547","-0.08875621","-0.083333336","2.3272147","-1.2389371"
"Gemella sanguinis","0.57965076","0.7299107","1.2377455","1.2377455","1.2377455","0.45617172","0.73685014","0.57568306","0.6365949","0.8681495","0.60093606","-0.093875535","-0.21134944","-0.45643547","-0.08875621","-0.083333336","2.3272147","-1.2389371"
"Gemellaceae","-1.7251766","-1.3700308","-0.8079205","-0.8079205","-0.8079205","-0.64594126","-0.67825854","-0.64059675","-0.7282978","-0.6700486","-0.5664857","-0.093875535","-0.21134944","-0.45643547","-0.08875621","-0.083333336","-0.42969814","0.80714345"
"Gemellales","-1.7251766","0.7299107","-0.8079205","-0.8079205","-0.8079205","-0.64594126","-0.67825854","-0.64059675","-0.7282978","-0.6700486","-0.5664857","-0.093875535","-0.21134944","-0.45643547","-0.08875621","-0.083333336","-0.42969814","0.80714345"
"Geminicoccus","0.57965076","0.7299107","-0.8079205","-0.8079205","-0.8079205","-0.64594126","-0.67825854","-0.64059675","-0.7282978","-0.6700486","-0.5664857","-0.093875535","-0.21134944","-0.45643547","-0.08875621","-0.083333336","-0.42969814","0.80714345"
"Gemmiger","0.57965076","0.7299107","1.2377455","1.2377455","1.2377455","1.9271811","1.3948382","1.1412209","0.6365949","0.8681495","2.1591141","-0.093875535","-0.21134944","2.19089","-0.08875621","-0.083333336","-0.42969814","-1.2389371"
"Gemmiger formicilis","0.57965076","0.7299107","1.2377455","1.2377455","1.2377455","0.45617172","0.73685014","0.12679036","0.6365949","0.30044636","0.60093606","-0.093875535","-0.21134944","-0.45643547","-0.08875621","-0.083333336","2.3272147","-1.2389371"
"Geobacillus","0.57965076","0.7299107","1.2377455","1.2377455","1.2377455","0.96862507","1.1074097","1.1412209","0.6365949","1.2709413","1.1437563","-0.093875535","-0.21134944","2.19089","-0.08875621","-0.083333336","-0.42969814","-1.2389371"
"Geobacter","0.57965076","0.7299107","1.2377455","1.2377455","1.2377455","0.049414594","0.21457562","0.12679036","0.6365949","0.30044636","0.17007542","-0.093875535","-0.21134944","2.19089","-0.08875621","-0.083333336","-0.42969814","-1.2389371"
"Geodermatophilaceae","0.57965076","0.7299107","-0.8079205","-0.8079205","-0.8079205","-0.64594126","-0.67825854","-0.64059675","-0.7282978","-0.6700486","-0.5664857","-0.093875535","-0.21134944","-0.45643547","-0.08875621","-0.083333336","-0.42969814","0.80714345"
"Georgenia","0.57965076","0.7299107","-0.8079205","-0.8079205","-0.8079205","-0.64594126","-0.67825854","-0.64059675","-0.7282978","-0.6700486","-0.5664857","-0.093875535","-0.21134944","-0.45643547","-0.08875621","-0.083333336","-0.42969814","0.80714345"
"Geothrix","0.57965076","0.7299107","-0.8079205","-0.8079205","-0.8079205","-0.64594126","-0.67825854","-0.64059675","-0.7282978","-0.6700486","-0.5664857","-0.093875535","-0.21134944","-0.45643547","-0.08875621","-0.083333336","-0.42969814","0.80714345"
"Gibberella","0.57965076","0.7299107","-0.8079205","-0.8079205","-0.8079205","-0.64594126","-0.67825854","-0.64059675","-0.7282978","-0.6700486","-0.5664857","-0.093875535","-0.21134944","-0.45643547","-0.08875621","-0.083333336","-0.42969814","0.80714345"
"Gibberella moniliformis","0.57965076","0.7299107","-0.8079205","-0.8079205","-0.8079205","-0.64594126","-0.67825854","-0.64059675","-0.7282978","-0.6700486","-0.5664857","-0.093875535","-0.21134944","-0.45643547","-0.08875621","-0.083333336","-0.42969814","0.80714345"
"Glaciecola","0.57965076","0.7299107","-0.8079205","-0.8079205","-0.8079205","-0.64594126","-0.67825854","-0.64059675","-0.7282978","-0.6700486","-0.5664857","-0.093875535","-0.21134944","-0.45643547","-0.08875621","-0.083333336","-0.42969814","0.80714345"
"Globicatella","0.57965076","0.7299107","-0.8079205","-0.8079205","-0.8079205","-0.64594126","-0.67825854","-0.64059675","-0.7282978","-0.6700486","-0.5664857","-0.093875535","-0.21134944","-0.45643547","-0.08875621","-0.083333336","-0.42969814","0.80714345"
"Glomeraceae","0.57965076","-1.3700308","-0.8079205","-0.8079205","-0.8079205","-0.64594126","-0.67825854","-0.64059675","-0.7282978","-0.6700486","-0.5664857","-0.093875535","-0.21134944","-0.45643547","-0.08875621","-0.083333336","-0.42969814","0.80714345"
"Glomerellales","0.57965076","-1.3700308","-0.8079205","-0.8079205","-0.8079205","-0.64594126","-0.67825854","-0.64059675","-0.7282978","-0.6700486","-0.5664857","-0.093875535","-0.21134944","-0.45643547","-0.08875621","-0.083333336","-0.42969814","0.80714345"
"Gluconacetobacter","0.57965076","0.7299107","1.2377455","1.2377455","1.2377455","0.049414594","0.21457562","0.12679036","0.6365949","0.30044636","0.17007542","-0.093875535","-0.21134944","2.19089","-0.08875621","-0.083333336","-0.42969814","-1.2389371"
"Gluconobacter oxydans","0.57965076","0.7299107","-0.8079205","-0.8079205","-0.8079205","-0.64594126","-0.67825854","-0.64059675","-0.7282978","-0.6700486","-0.5664857","-0.093875535","-0.21134944","-0.45643547","-0.08875621","-0.083333336","-0.42969814","0.80714345"
"Glutamicibacter","0.57965076","0.7299107","1.2377455","1.2377455","1.2377455","0.049414594","0.21457562","0.12679036","0.6365949","0.30044636","0.17007542","-0.093875535","-0.21134944","2.19089","-0.08875621","-0.083333336","-0.42969814","-1.2389371"
"Gordonia","0.57965076","0.7299107","-0.8079205","-0.8079205","-0.8079205","-0.64594126","-0.67825854","-0.64059675","-0.7282978","-0.6700486","-0.5664857","-0.093875535","-0.21134944","-0.45643547","-0.08875621","-0.083333336","-0.42969814","0.80714345"
"Gordonibacter","0.57965076","0.7299107","1.2377455","1.2377455","1.2377455","1.5582846","1.3948382","1.34307","2.0014877","0.30044636","1.5013028","-0.093875535","-0.21134944","2.19089","-0.08875621","-0.083333336","-0.42969814","-1.2389371"
"Gp21","-1.7251766","-1.3700308","-0.8079205","-0.8079205","-0.8079205","-0.64594126","-0.67825854","-0.64059675","-0.7282978","-0.6700486","-0.5664857","-0.093875535","-0.21134944","-0.45643547","-0.08875621","-0.083333336","-0.42969814","0.80714345"
"Gp7","-1.7251766","-1.3700308","-0.8079205","-0.8079205","-0.8079205","-0.64594126","-0.67825854","-0.64059675","-0.7282978","-0.6700486","-0.5664857","-0.093875535","-0.21134944","-0.45643547","-0.08875621","-0.083333336","-0.42969814","0.80714345"
"Gram-negative bacteria","-1.7251766","-1.3700308","-0.8079205","-0.8079205","-0.8079205","-0.64594126","-0.67825854","-0.64059675","-0.7282978","-0.6700486","-0.5664857","-0.093875535","-0.21134944","-0.45643547","-0.08875621","-0.083333336","-0.42969814","0.80714345"
"Gram-negative bacterium cL10-2b-4","-1.7251766","-1.3700308","-0.8079205","-0.8079205","-0.8079205","-0.64594126","-0.67825854","-0.64059675","-0.7282978","-0.6700486","-0.5664857","-0.093875535","-0.21134944","-0.45643547","-0.08875621","-0.083333336","-0.42969814","0.80714345"
"Granulicatella","0.57965076","0.7299107","1.2377455","1.2377455","1.2377455","2.5831916","2.4104402","2.6192079","2.440885","2.6873124","2.6168785","-0.093875535","-0.21134944","2.19089","-0.08875621","-0.083333336","-0.42969814","-1.2389371"
"Granulicatella adiacens","0.57965076","0.7299107","1.2377455","1.2377455","1.2377455","1.4401263","1.3948382","1.1412209","1.435006","1.2709413","0.90663654","-0.093875535","-0.21134944","-0.45643547","-0.08875621","-0.083333336","2.3272147","-1.2389371"
"Granulicatella elegans","0.57965076","0.7299107","1.2377455","1.2377455","1.2377455","0.45617172","0.73685014","0.57568306","0.6365949","0.8681495","0.60093606","-0.093875535","-0.21134944","-0.45643547","-0.08875621","-0.083333336","2.3272147","-1.2389371"
"Guignardia","0.57965076","0.7299107","1.2377455","1.2377455","1.2377455","0.049414594","0.21457562","0.12679036","0.6365949","0.30044636","0.17007542","-0.093875535","-0.21134944","2.19089","-0.08875621","-0.083333336","-0.42969814","-1.2389371"
"Gulbenkiania","0.57965076","0.7299107","-0.8079205","-0.8079205","-0.8079205","-0.64594126","-0.67825854","-0.64059675","-0.7282978","-0.6700486","-0.5664857","-0.093875535","-0.21134944","-0.45643547","-0.08875621","-0.083333336","-0.42969814","0.80714345"
"Gut Microbes","-1.7251766","-1.3700308","-0.8079205","-0.8079205","-0.8079205","-0.64594126","-0.67825854","-0.64059675","-0.7282978","-0.6700486","-0.5664857","-0.093875535","-0.21134944","-0.45643547","-0.08875621","-0.083333336","-0.42969814","0.80714345"
"Gut Microbiota","-1.7251766","-1.3700308","-0.8079205","-0.8079205","-0.8079205","-0.64594126","-0.67825854","-0.64059675","-0.7282978","-0.6700486","-0.5664857","-0.093875535","-0.21134944","-0.45643547","-0.08875621","-0.083333336","-0.42969814","0.80714345"
"Gut microbiota","-1.7251766","-1.3700308","-0.8079205","-0.8079205","-0.8079205","-0.64594126","-0.67825854","-0.64059675","-0.7282978","-0.6700486","-0.5664857","-0.093875535","-0.21134944","-0.45643547","-0.08875621","-0.083333336","-0.42969814","0.80714345"
"Gymnopilus","0.57965076","0.7299107","1.2377455","1.2377455","1.2377455","0.45617172","0.21457562","0.12679036","0.6365949","0.8681495","-0.5664857","-0.093875535","-0.21134944","2.19089","-0.08875621","-0.083333336","-0.42969814","-1.2389371"
"H2-consuming populations","-1.7251766","-1.3700308","-0.8079205","-0.8079205","-0.8079205","-0.64594126","-0.67825854","-0.64059675","-0.7282978","-0.6700486","-0.5664857","-0.093875535","-0.21134944","-0.45643547","-0.08875621","-0.083333336","-0.42969814","0.80714345"
"HPV16","-1.7251766","-1.3700308","-0.8079205","-0.8079205","-0.8079205","-0.64594126","-0.67825854","-0.64059675","-0.7282978","-0.6700486","-0.5664857","-0.093875535","-0.21134944","-0.45643547","-0.08875621","-0.083333336","-0.42969814","0.80714345"
"HSV-1","0.57965076","-1.3700308","-0.8079205","-0.8079205","-0.8079205","-0.64594126","-0.67825854","-0.64059675","-0.7282978","-0.6700486","-0.5664857","-0.093875535","-0.21134944","-0.45643547","-0.08875621","-0.083333336","-0.42969814","0.80714345"
"Haematonectria","0.57965076","-1.3700308","-0.8079205","-0.8079205","-0.8079205","-0.64594126","-0.67825854","-0.64059675","-0.7282978","-0.6700486","-0.5664857","-0.093875535","-0.21134944","-0.45643547","-0.08875621","-0.083333336","-0.42969814","0.80714345"
"Haemophilus","0.57965076","0.7299107","1.2377455","1.2377455","1.2377455","3.172851","2.893078","3.1963387","2.440885","3.2119312","3.4052858","-0.093875535","-0.21134944","2.19089","-0.08875621","-0.083333336","-0.42969814","-1.2389371"
"Haemophilus aegyptius","0.57965076","0.7299107","-0.8079205","-0.8079205","-0.8079205","-0.64594126","-0.67825854","-0.64059675","-0.7282978","-0.6700486","-0.5664857","-0.093875535","-0.21134944","-0.45643547","-0.08875621","-0.083333336","-0.42969814","0.80714345"
"Haemophilus haemolyticus","0.57965076","0.7299107","-0.8079205","-0.8079205","-0.8079205","-0.64594126","-0.67825854","-0.64059675","-0.7282978","-0.6700486","-0.5664857","-0.093875535","-0.21134944","-0.45643547","-0.08875621","-0.083333336","-0.42969814","0.80714345"
"Haemophilus influenza","-1.7251766","-1.3700308","-0.8079205","-0.8079205","-0.8079205","-0.64594126","-0.67825854","-0.64059675","-0.7282978","-0.6700486","-0.5664857","-0.093875535","-0.21134944","-0.45643547","-0.08875621","-0.083333336","-0.42969814","0.80714345"
"Haemophilus influenzae","0.57965076","0.7299107","1.2377455","1.2377455","1.2377455","0.96862507","1.3948382","1.1412209","0.6365949","1.5833708","1.1437563","-0.093875535","-0.21134944","-0.45643547","-0.08875621","-0.083333336","2.3272147","-1.2389371"
"Haemophilus parahaemolyticus","0.57965076","0.7299107","-0.8079205","-0.8079205","-0.8079205","-0.64594126","-0.67825854","-0.64059675","-0.7282978","-0.6700486","-0.5664857","-0.093875535","-0.21134944","-0.45643547","-0.08875621","-0.083333336","-0.42969814","0.80714345"
"Haemophilus parainfluenzae","0.57965076","0.7299107","1.2377455","1.2377455","1.2377455","2.1354823","2.151959","2.1990728","0.6365949","2.4063475","2.3797588","-0.093875535","-0.21134944","-0.45643547","-0.08875621","-0.083333336","2.3272147","-1.2389371"
"Haemophilus quentini","0.57965076","0.7299107","-0.8079205","-0.8079205","-0.8079205","-0.64594126","-0.67825854","-0.64059675","-0.7282978","-0.6700486","-0.5664857","-0.093875535","-0.21134944","-0.45643547","-0.08875621","-0.083333336","-0.42969814","0.80714345"
"Haemophilus segnis","0.57965076","0.7299107","-0.8079205","-0.8079205","-0.8079205","-0.64594126","-0.67825854","-0.64059675","-0.7282978","-0.6700486","-0.5664857","-0.093875535","-0.21134944","-0.45643547","-0.08875621","-0.083333336","-0.42969814","0.80714345"
"Hafnia","0.57965076","0.7299107","-0.8079205","-0.8079205","-0.8079205","-0.64594126","-0.67825854","-0.64059675","-0.7282978","-0.6700486","-0.5664857","-0.093875535","-0.21134944","-0.45643547","-0.08875621","-0.083333336","-0.42969814","0.80714345"
"Haliangium","-1.7251766","-1.3700308","-0.8079205","-0.8079205","-0.8079205","-0.64594126","-0.67825854","-0.64059675","-0.7282978","-0.6700486","-0.5664857","-0.093875535","-0.21134944","-0.45643547","-0.08875621","-0.083333336","-0.42969814","0.80714345"
"Hallella","0.57965076","0.7299107","1.2377455","1.2377455","1.2377455","0.96862507","1.1074097","0.89417744","0.6365949","0.8681495","1.1437563","-0.093875535","-0.21134944","2.19089","-0.08875621","-0.083333336","-0.42969814","-1.2389371"
"Halobacillus mangrovi","0.57965076","0.7299107","1.2377455","1.2377455","1.2377455","0.049414594","0.21457562","0.12679036","0.6365949","0.30044636","-0.5664857","-0.093875535","-0.21134944","-0.45643547","-0.08875621","-0.083333336","2.3272147","-1.2389371"
"Halocella","0.57965076","0.7299107","-0.8079205","-0.8079205","-0.8079205","-0.64594126","-0.67825854","-0.64059675","-0.7282978","-0.6700486","-0.5664857","-0.093875535","-0.21134944","-0.45643547","-0.08875621","-0.083333336","-0.42969814","0.80714345"
"Halomonadaceae","0.57965076","-1.3700308","1.2377455","1.2377455","1.2377455","1.663981","1.8282436","1.6615645","0.6365949","2.0544753","1.8803174","-0.093875535","4.7315","-0.45643547","-0.08875621","-0.083333336","-0.42969814","-1.2389371"
"Halomonas","0.57965076","0.7299107","1.2377455","1.2377455","1.2377455","1.7595948","1.8282436","1.7919627","0.6365949","2.0544753","1.9815972","-0.093875535","-0.21134944","2.19089","-0.08875621","-0.083333336","-0.42969814","-1.2389371"
"Halorubrum","0.57965076","0.7299107","-0.8079205","-0.8079205","-0.8079205","-0.64594126","-0.67825854","-0.64059675","-0.7282978","-0.6700486","-0.5664857","-0.093875535","-0.21134944","-0.45643547","-0.08875621","-0.083333336","-0.42969814","0.80714345"
"Halothiobacillus","0.57965076","0.7299107","-0.8079205","-0.8079205","-0.8079205","-0.64594126","-0.67825854","-0.64059675","-0.7282978","-0.6700486","-0.5664857","-0.093875535","-0.21134944","-0.45643547","-0.08875621","-0.083333336","-0.42969814","0.80714345"
"Hannaella luteola","0.57965076","0.7299107","-0.8079205","-0.8079205","-0.8079205","-0.64594126","-0.67825854","-0.64059675","-0.7282978","-0.6700486","-0.5664857","-0.093875535","-0.21134944","-0.45643547","-0.08875621","-0.083333336","-0.42969814","0.80714345"
"Hanseniaspora","0.57965076","0.7299107","1.2377455","1.2377455","1.2377455","0.049414594","0.21457562","0.12679036","0.6365949","0.30044636","-0.5664857","-0.093875535","-0.21134944","2.19089","-0.08875621","-0.083333336","-0.42969814","-1.2389371"
"Hanseniaspora uvarum","0.57965076","0.7299107","-0.8079205","-0.8079205","-0.8079205","-0.64594126","-0.67825854","-0.64059675","-0.7282978","-0.6700486","-0.5664857","-0.093875535","-0.21134944","-0.45643547","-0.08875621","-0.083333336","-0.42969814","0.80714345"
"Hathewaya histolytica","0.57965076","0.7299107","1.2377455","1.2377455","1.2377455","0.74477047","0.21457562","0.57568306","1.435006","0.8681495","-0.5664857","-0.093875535","-0.21134944","-0.45643547","-0.08875621","-0.083333336","2.3272147","-1.2389371"
"Helcococcus","0.57965076","0.7299107","-0.8079205","-0.8079205","-0.8079205","-0.64594126","-0.67825854","-0.64059675","-0.7282978","-0.6700486","-0.5664857","-0.093875535","-0.21134944","-0.45643547","-0.08875621","-0.083333336","-0.42969814","0.80714345"
"Helicobacter","0.57965076","0.7299107","1.2377455","1.2377455","1.2377455","2.0015254","2.151959","1.908608","1.435006","2.0544753","1.9815972","-0.093875535","-0.21134944","2.19089","-0.08875621","-0.083333336","-0.42969814","-1.2389371"
"Helicobacter bilis","-1.7251766","-1.3700308","-0.8079205","-0.8079205","-0.8079205","-0.64594126","-0.67825854","-0.64059675","-0.7282978","-0.6700486","-0.5664857","-0.093875535","-0.21134944","-0.45643547","-0.08875621","-0.083333336","-0.42969814","0.80714345"
"Helicobacter cagA","-1.7251766","-1.3700308","-0.8079205","-0.8079205","-0.8079205","-0.64594126","-0.67825854","-0.64059675","-0.7282978","-0.6700486","-0.5664857","-0.093875535","-0.21134944","-0.45643547","-0.08875621","-0.083333336","-0.42969814","0.80714345"
"Helicobacter hepaticus","-1.7251766","-1.3700308","-0.8079205","-0.8079205","-0.8079205","-0.64594126","-0.67825854","-0.64059675","-0.7282978","-0.6700486","-0.5664857","-0.093875535","-0.21134944","-0.45643547","-0.08875621","-0.083333336","-0.42969814","0.80714345"
"Helicobacter pullorum","-1.7251766","-1.3700308","-0.8079205","-0.8079205","-0.8079205","-0.64594126","-0.67825854","-0.64059675","-0.7282978","-0.6700486","-0.5664857","-0.093875535","-0.21134944","-0.45643547","-0.08875621","-0.083333336","-0.42969814","0.80714345"
"Helicobacter pylori","0.57965076","0.7299107","1.2377455","1.2377455","1.2377455","1.1515275","0.73685014","1.1412209","2.440885","1.2709413","0.60093606","-0.093875535","-0.21134944","-0.45643547","-0.08875621","-0.083333336","2.3272147","-1.2389371"
"Helicobacter rodentium","-1.7251766","-1.3700308","-0.8079205","-0.8079205","-0.8079205","-0.64594126","-0.67825854","-0.64059675","-0.7282978","-0.6700486","-0.5664857","-0.093875535","-0.21134944","-0.45643547","-0.08875621","-0.083333336","-0.42969814","0.80714345"
"Helicobacter spp","-1.7251766","-1.3700308","-0.8079205","-0.8079205","-0.8079205","-0.64594126","-0.67825854","-0.64059675","-0.7282978","-0.6700486","-0.5664857","-0.093875535","-0.21134944","-0.45643547","-0.08875621","-0.083333336","-0.42969814","0.80714345"
"Helicobacteraceae","0.57965076","-1.3700308","1.2377455","1.2377455","1.2377455","1.3061694","1.3948382","1.5137312","0.6365949","1.5833708","1.5013028","-0.093875535","4.7315","-0.45643547","-0.08875621","-0.083333336","-0.42969814","-1.2389371"
"Heligmosomoides polygyrus","-1.7251766","-1.3700308","-0.8079205","-0.8079205","-0.8079205","-0.64594126","-0.67825854","-0.64059675","-0.7282978","-0.6700486","-0.5664857","-0.093875535","-0.21134944","-0.45643547","-0.08875621","-0.083333336","-0.42969814","0.80714345"
"Helotiales","0.57965076","0.7299107","-0.8079205","-0.8079205","-0.8079205","-0.64594126","-0.67825854","-0.64059675","-0.7282978","-0.6700486","-0.5664857","-0.093875535","-0.21134944","-0.45643547","-0.08875621","-0.083333336","-0.42969814","0.80714345"
"Hepadnaviridae","0.57965076","-1.3700308","-0.8079205","-0.8079205","-0.8079205","-0.64594126","-0.67825854","-0.64059675","-0.7282978","-0.6700486","-0.5664857","-0.093875535","-0.21134944","-0.45643547","-0.08875621","-0.083333336","-0.42969814","0.80714345"
"Hepeviridae","0.57965076","-1.3700308","-0.8079205","-0.8079205","-0.8079205","-0.64594126","-0.67825854","-0.64059675","-0.7282978","-0.6700486","-0.5664857","-0.093875535","-0.21134944","-0.45643547","-0.08875621","-0.083333336","-0.42969814","0.80714345"
"Herbaspirillum","0.57965076","0.7299107","1.2377455","1.2377455","1.2377455","0.45617172","0.21457562","0.12679036","0.6365949","0.30044636","0.60093606","-0.093875535","-0.21134944","2.19089","-0.08875621","-0.083333336","-0.42969814","-1.2389371"
"Hespellia porcina","-1.7251766","-1.3700308","-0.8079205","-0.8079205","-0.8079205","-0.64594126","-0.67825854","-0.64059675","-0.7282978","-0.6700486","-0.5664857","-0.093875535","-0.21134944","-0.45643547","-0.08875621","-0.083333336","-0.42969814","0.80714345"
"Holdemanella","0.57965076","0.7299107","1.2377455","1.2377455","1.2377455","1.4401263","1.8282436","1.5137312","1.435006","0.8681495","1.3374971","-0.093875535","-0.21134944","2.19089","-0.08875621","-0.083333336","-0.42969814","-1.2389371"
"Holdemania","0.57965076","0.7299107","1.2377455","1.2377455","1.2377455","2.1963","2.2876725","2.2811184","2.440885","1.5833708","2.237864","-0.093875535","-0.21134944","2.19089","-0.08875621","-0.083333336","-0.42969814","-1.2389371"
"Holdemania filiformis","0.57965076","0.7299107","1.2377455","1.2377455","1.2377455","0.049414594","0.21457562","0.12679036","0.6365949","0.30044636","0.17007542","-0.093875535","-0.21134944","-0.45643547","-0.08875621","-0.083333336","2.3272147","-1.2389371"
"Howardella","0.57965076","0.7299107","1.2377455","1.2377455","1.2377455","0.45617172","0.73685014","0.57568306","0.6365949","0.8681495","0.60093606","-0.093875535","-0.21134944","2.19089","-0.08875621","-0.083333336","-0.42969814","-1.2389371"
"Human adenovirus","0.57965076","-1.3700308","-0.8079205","-0.8079205","-0.8079205","-0.64594126","-0.67825854","-0.64059675","-0.7282978","-0.6700486","-0.5664857","-0.093875535","-0.21134944","-0.45643547","-0.08875621","-0.083333336","-0.42969814","0.80714345"
"Human coronavirus","0.57965076","-1.3700308","-0.8079205","-0.8079205","-0.8079205","-0.64594126","-0.67825854","-0.64059675","-0.7282978","-0.6700486","-0.5664857","-0.093875535","-0.21134944","-0.45643547","-0.08875621","-0.083333336","-0.42969814","0.80714345"
"Human herpesvirus 6","0.57965076","-1.3700308","-0.8079205","-0.8079205","-0.8079205","-0.64594126","-0.67825854","-0.64059675","-0.7282978","-0.6700486","-0.5664857","-0.093875535","-0.21134944","-0.45643547","-0.08875621","-0.083333336","-0.42969814","0.80714345"
"Human intestinal firmicute CB47","-1.7251766","-1.3700308","-0.8079205","-0.8079205","-0.8079205","-0.64594126","-0.67825854","-0.64059675","-0.7282978","-0.6700486","-0.5664857","-0.093875535","-0.21134944","-0.45643547","-0.08875621","-0.083333336","-0.42969814","0.80714345"
"Human intestinal firmicute CO13","-1.7251766","-1.3700308","-0.8079205","-0.8079205","-0.8079205","-0.64594126","-0.67825854","-0.64059675","-0.7282978","-0.6700486","-0.5664857","-0.093875535","-0.21134944","-0.45643547","-0.08875621","-0.083333336","-0.42969814","0.80714345"
"Human intestinal firmicute CO19","-1.7251766","-1.3700308","-0.8079205","-0.8079205","-0.8079205","-0.64594126","-0.67825854","-0.64059675","-0.7282978","-0.6700486","-0.5664857","-0.093875535","-0.21134944","-0.45643547","-0.08875621","-0.083333336","-0.42969814","0.80714345"
"Human intestinal firmicute CO2","-1.7251766","-1.3700308","-0.8079205","-0.8079205","-0.8079205","-0.64594126","-0.67825854","-0.64059675","-0.7282978","-0.6700486","-0.5664857","-0.093875535","-0.21134944","-0.45643547","-0.08875621","-0.083333336","-0.42969814","0.80714345"
"Human intestinal firmicute CO35","-1.7251766","-1.3700308","-0.8079205","-0.8079205","-0.8079205","-0.64594126","-0.67825854","-0.64059675","-0.7282978","-0.6700486","-0.5664857","-0.093875535","-0.21134944","-0.45643547","-0.08875621","-0.083333336","-0.42969814","0.80714345"
"Human intestinal firmicute CO4","-1.7251766","-1.3700308","-0.8079205","-0.8079205","-0.8079205","-0.64594126","-0.67825854","-0.64059675","-0.7282978","-0.6700486","-0.5664857","-0.093875535","-0.21134944","-0.45643547","-0.08875621","-0.083333336","-0.42969814","0.80714345"
"Human intestinal firmicute CS26","-1.7251766","-1.3700308","-0.8079205","-0.8079205","-0.8079205","-0.64594126","-0.67825854","-0.64059675","-0.7282978","-0.6700486","-0.5664857","-0.093875535","-0.21134944","-0.45643547","-0.08875621","-0.083333336","-0.42969814","0.80714345"
"Human papillomavirus","0.57965076","-1.3700308","-0.8079205","-0.8079205","-0.8079205","-0.64594126","-0.67825854","-0.64059675","-0.7282978","-0.6700486","-0.5664857","-0.093875535","-0.21134944","-0.45643547","-0.08875621","-0.083333336","-0.42969814","0.80714345"
"Human papillomavirus 16","-1.7251766","-1.3700308","-0.8079205","-0.8079205","-0.8079205","-0.64594126","-0.67825854","-0.64059675","-0.7282978","-0.6700486","-0.5664857","-0.093875535","-0.21134944","-0.45643547","-0.08875621","-0.083333336","-0.42969814","0.80714345"
"Humicoccus","0.57965076","0.7299107","-0.8079205","-0.8079205","-0.8079205","-0.64594126","-0.67825854","-0.64059675","-0.7282978","-0.6700486","-0.5664857","-0.093875535","-0.21134944","-0.45643547","-0.08875621","-0.083333336","-0.42969814","0.80714345"
"Hungatella","0.57965076","0.7299107","1.2377455","1.2377455","1.2377455","0.74477047","0.73685014","0.57568306","0.6365949","0.8681495","0.90663654","-0.093875535","-0.21134944","2.19089","-0.08875621","-0.083333336","-0.42969814","-1.2389371"
"Hungatella effluvii ","-1.7251766","-1.3700308","-0.8079205","-0.8079205","-0.8079205","-0.64594126","-0.67825854","-0.64059675","-0.7282978","-0.6700486","-0.5664857","-0.093875535","-0.21134944","-0.45643547","-0.08875621","-0.083333336","-0.42969814","0.80714345"
"Hungatella hathewayi","0.57965076","0.7299107","1.2377455","1.2377455","1.2377455","0.45617172","0.21457562","0.12679036","0.6365949","0.30044636","-0.5664857","-0.093875535","-0.21134944","-0.45643547","-0.08875621","-0.083333336","2.3272147","-1.2389371"
"Hwanghaeicola","0.57965076","0.7299107","-0.8079205","-0.8079205","-0.8079205","-0.64594126","-0.67825854","-0.64059675","-0.7282978","-0.6700486","-0.5664857","-0.093875535","-0.21134944","-0.45643547","-0.08875621","-0.083333336","-0.42969814","0.80714345"
"Hyaloscyphaceae","0.57965076","-1.3700308","-0.8079205","-0.8079205","-0.8079205","-0.64594126","-0.67825854","-0.64059675","-0.7282978","-0.6700486","-0.5664857","-0.093875535","-0.21134944","-0.45643547","-0.08875621","-0.083333336","-0.42969814","0.80714345"
"Hydrogenoanaerobacterium","0.57965076","0.7299107","1.2377455","1.2377455","1.2377455","1.1515275","1.1074097","0.89417744","0.6365949","0.8681495","1.3374971","-0.093875535","-0.21134944","2.19089","-0.08875621","-0.083333336","-0.42969814","-1.2389371"
"Hydrogenophaga","0.57965076","0.7299107","1.2377455","1.2377455","1.2377455","0.74477047","1.1074097","0.89417744","0.6365949","1.2709413","0.90663654","-0.093875535","-0.21134944","2.19089","-0.08875621","-0.083333336","-0.42969814","-1.2389371"
"Hydrogenophilaceae","0.57965076","0.7299107","-0.8079205","-0.8079205","-0.8079205","-0.64594126","-0.67825854","-0.64059675","-0.7282978","-0.6700486","-0.5664857","-0.093875535","-0.21134944","-0.45643547","-0.08875621","-0.083333336","-0.42969814","0.80714345"
"Hydrotalea","0.57965076","0.7299107","-0.8079205","-0.8079205","-0.8079205","-0.64594126","-0.67825854","-0.64059675","-0.7282978","-0.6700486","-0.5664857","-0.093875535","-0.21134944","-0.45643547","-0.08875621","-0.083333336","-0.42969814","0.80714345"
"Hymenobacter","0.57965076","0.7299107","-0.8079205","-0.8079205","-0.8079205","-0.64594126","-0.67825854","-0.64059675","-0.7282978","-0.6700486","-0.5664857","-0.093875535","-0.21134944","-0.45643547","-0.08875621","-0.083333336","-0.42969814","0.80714345"
"Hymenochaete","0.57965076","0.7299107","1.2377455","1.2377455","1.2377455","0.049414594","0.21457562","0.12679036","0.6365949","0.30044636","-0.5664857","-0.093875535","-0.21134944","2.19089","-0.08875621","-0.083333336","-0.42969814","-1.2389371"
"Hyphomicrobiaceae","0.57965076","0.7299107","1.2377455","1.2377455","1.2377455","1.1515275","1.6296843","1.34307","0.6365949","1.5833708","1.3374971","-0.093875535","4.7315","-0.45643547","-0.08875621","-0.083333336","-0.42969814","-1.2389371"
"Hyphomicrobium","0.57965076","0.7299107","1.2377455","1.2377455","1.2377455","0.45617172","0.21457562","0.12679036","0.6365949","0.30044636","0.60093606","-0.093875535","-0.21134944","2.19089","-0.08875621","-0.083333336","-0.42969814","-1.2389371"
"Hyphomonas","0.57965076","0.7299107","1.2377455","1.2377455","1.2377455","0.049414594","0.21457562","0.12679036","0.6365949","0.30044636","0.17007542","-0.093875535","-0.21134944","2.19089","-0.08875621","-0.083333336","-0.42969814","-1.2389371"
"Hypocreaceae","0.57965076","-1.3700308","-0.8079205","-0.8079205","-0.8079205","-0.64594126","-0.67825854","-0.64059675","-0.7282978","-0.6700486","-0.5664857","-0.093875535","-0.21134944","-0.45643547","-0.08875621","-0.083333336","-0.42969814","0.80714345"
"Hypsizygus","0.57965076","0.7299107","-0.8079205","-0.8079205","-0.8079205","-0.64594126","-0.67825854","-0.64059675","-0.7282978","-0.6700486","-0.5664857","-0.093875535","-0.21134944","-0.45643547","-0.08875621","-0.083333336","-0.42969814","0.80714345"
"Iamia","-1.7251766","-1.3700308","-0.8079205","-0.8079205","-0.8079205","-0.64594126","-0.67825854","-0.64059675","-0.7282978","-0.6700486","-0.5664857","-0.093875535","-0.21134944","-0.45643547","-0.08875621","-0.083333336","-0.42969814","0.80714345"
"Idiomarina","0.57965076","0.7299107","1.2377455","1.2377455","1.2377455","0.049414594","0.21457562","0.12679036","0.6365949","0.30044636","0.17007542","-0.093875535","-0.21134944","2.19089","-0.08875621","-0.083333336","-0.42969814","-1.2389371"
"Incertae sedis XIV","-1.7251766","-1.3700308","-0.8079205","-0.8079205","-0.8079205","-0.64594126","-0.67825854","-0.64059675","-0.7282978","-0.6700486","-0.5664857","-0.093875535","-0.21134944","-0.45643547","-0.08875621","-0.083333336","-0.42969814","0.80714345"
"Inocybaceae","0.57965076","-1.3700308","-0.8079205","-0.8079205","-0.8079205","-0.64594126","-0.67825854","-0.64059675","-0.7282978","-0.6700486","-0.5664857","-0.093875535","-0.21134944","-0.45643547","-0.08875621","-0.083333336","-0.42969814","0.80714345"
"Inovirus","0.57965076","-1.3700308","-0.8079205","-0.8079205","-0.8079205","-0.64594126","-0.67825854","-0.64059675","-0.7282978","-0.6700486","-0.5664857","-0.093875535","-0.21134944","-0.45643547","-0.08875621","-0.083333336","-0.42969814","0.80714345"
"Intestinibacter","0.57965076","0.7299107","1.2377455","1.2377455","1.2377455","1.7595948","1.8282436","1.6615645","1.435006","0.8681495","1.8803174","-0.093875535","-0.21134944","2.19089","-0.08875621","-0.083333336","-0.42969814","-1.2389371"
"Intestinimonas","0.57965076","0.7299107","1.2377455","1.2377455","1.2377455","1.4401263","2.000244","1.34307","2.0014877","0.8681495","0.90663654","-0.093875535","-0.21134944","2.19089","-0.08875621","-0.083333336","-0.42969814","-1.2389371"
"Isoptericola","0.57965076","0.7299107","1.2377455","1.2377455","1.2377455","0.45617172","0.21457562","0.12679036","1.435006","0.30044636","0.17007542","-0.093875535","-0.21134944","2.19089","-0.08875621","-0.083333336","-0.42969814","-1.2389371"
"Issatchenkia","0.57965076","0.7299107","-0.8079205","-0.8079205","-0.8079205","-0.64594126","-0.67825854","-0.64059675","-0.7282978","-0.6700486","-0.5664857","-0.093875535","-0.21134944","-0.45643547","-0.08875621","-0.083333336","-0.42969814","0.80714345"
"JC polyomavirus","-1.7251766","-1.3700308","-0.8079205","-0.8079205","-0.8079205","-0.64594126","-0.67825854","-0.64059675","-0.7282978","-0.6700486","-0.5664857","-0.093875535","-0.21134944","-0.45643547","-0.08875621","-0.083333336","-0.42969814","0.80714345"
"Janibacter","0.57965076","0.7299107","-0.8079205","-0.8079205","-0.8079205","-0.64594126","-0.67825854","-0.64059675","-0.7282978","-0.6700486","-0.5664857","-0.093875535","-0.21134944","-0.45643547","-0.08875621","-0.083333336","-0.42969814","0.80714345"
"Janthinobacterium","0.57965076","0.7299107","1.2377455","1.2377455","1.2377455","1.7595948","1.3948382","1.34307","0.6365949","1.5833708","1.9815972","-0.093875535","-0.21134944","2.19089","-0.08875621","-0.083333336","-0.42969814","-1.2389371"
"Janthinobacterium lividum","0.57965076","0.7299107","-0.8079205","-0.8079205","-0.8079205","-0.64594126","-0.67825854","-0.64059675","-0.7282978","-0.6700486","-0.5664857","-0.093875535","-0.21134944","-0.45643547","-0.08875621","-0.083333336","-0.42969814","0.80714345"
"Jatrophihabitans","0.57965076","0.7299107","-0.8079205","-0.8079205","-0.8079205","-0.64594126","-0.67825854","-0.64059675","-0.7282978","-0.6700486","-0.5664857","-0.093875535","-0.21134944","-0.45643547","-0.08875621","-0.083333336","-0.42969814","0.80714345"
"Jeotgalicoccus psychrophilus","0.57965076","0.7299107","-0.8079205","-0.8079205","-0.8079205","-0.64594126","-0.67825854","-0.64059675","-0.7282978","-0.6700486","-0.5664857","-0.093875535","-0.21134944","-0.45643547","-0.08875621","-0.083333336","-0.42969814","0.80714345"
"Johnsonella","0.57965076","0.7299107","1.2377455","1.2377455","1.2377455","0.74477047","1.1074097","0.57568306","1.435006","0.8681495","0.17007542","-0.093875535","-0.21134944","2.19089","-0.08875621","-0.083333336","-0.42969814","-1.2389371"
"Johnsonella ignava","0.57965076","0.7299107","1.2377455","1.2377455","1.2377455","0.96862507","1.1074097","0.57568306","1.435006","0.8681495","0.60093606","-0.093875535","-0.21134944","-0.45643547","-0.08875621","-0.083333336","2.3272147","-1.2389371"
"Jonquetella","0.57965076","0.7299107","-0.8079205","-0.8079205","-0.8079205","-0.64594126","-0.67825854","-0.64059675","-0.7282978","-0.6700486","-0.5664857","-0.093875535","-0.21134944","-0.45643547","-0.08875621","-0.083333336","-0.42969814","0.80714345"
"Jonquetella anthropi","0.57965076","0.7299107","1.2377455","1.2377455","1.2377455","0.049414594","0.21457562","0.12679036","0.6365949","0.30044636","0.17007542","-0.093875535","-0.21134944","-0.45643547","-0.08875621","-0.083333336","2.3272147","-1.2389371"
"Kaistia","0.57965076","0.7299107","1.2377455","1.2377455","1.2377455","0.049414594","0.21457562","0.12679036","0.6365949","0.30044636","0.17007542","-0.093875535","-0.21134944","2.19089","-0.08875621","-0.083333336","-0.42969814","-1.2389371"
"Kazachstania telluris","0.57965076","0.7299107","-0.8079205","-0.8079205","-0.8079205","-0.64594126","-0.67825854","-0.64059675","-0.7282978","-0.6700486","-0.5664857","-0.093875535","-0.21134944","-0.45643547","-0.08875621","-0.083333336","-0.42969814","0.80714345"
"Kazachstania turicensis","0.57965076","0.7299107","-0.8079205","-0.8079205","-0.8079205","-0.64594126","-0.67825854","-0.64059675","-0.7282978","-0.6700486","-0.5664857","-0.093875535","-0.21134944","-0.45643547","-0.08875621","-0.083333336","-0.42969814","0.80714345"
"Keratinibaculum paraultunense","0.57965076","0.7299107","-0.8079205","-0.8079205","-0.8079205","-0.64594126","-0.67825854","-0.64059675","-0.7282978","-0.6700486","-0.5664857","-0.093875535","-0.21134944","-0.45643547","-0.08875621","-0.083333336","-0.42969814","0.80714345"
"Kineococcus","0.57965076","0.7299107","-0.8079205","-0.8079205","-0.8079205","-0.64594126","-0.67825854","-0.64059675","-0.7282978","-0.6700486","-0.5664857","-0.093875535","-0.21134944","-0.45643547","-0.08875621","-0.083333336","-0.42969814","0.80714345"
"Kineothrix","0.57965076","0.7299107","-0.8079205","-0.8079205","-0.8079205","-0.64594126","-0.67825854","-0.64059675","-0.7282978","-0.6700486","-0.5664857","-0.093875535","-0.21134944","-0.45643547","-0.08875621","-0.083333336","-0.42969814","0.80714345"
"Kingella","0.57965076","0.7299107","1.2377455","1.2377455","1.2377455","0.96862507","1.3948382","1.1412209","1.435006","1.5833708","0.90663654","-0.093875535","-0.21134944","2.19089","-0.08875621","-0.083333336","-0.42969814","-1.2389371"
"Kingella denitrificans","0.57965076","0.7299107","-0.8079205","-0.8079205","-0.8079205","-0.64594126","-0.67825854","-0.64059675","-0.7282978","-0.6700486","-0.5664857","-0.093875535","-0.21134944","-0.45643547","-0.08875621","-0.083333336","-0.42969814","0.80714345"
"Kingella oralis","0.57965076","0.7299107","-0.8079205","-0.8079205","-0.8079205","-0.64594126","-0.67825854","-0.64059675","-0.7282978","-0.6700486","-0.5664857","-0.093875535","-0.21134944","-0.45643547","-0.08875621","-0.083333336","-0.42969814","0.80714345"
"Klebsiella","0.57965076","0.7299107","1.2377455","1.2377455","1.2377455","2.766094","2.6256204","2.96646","2.440885","2.4063475","2.9357796","-0.093875535","-0.21134944","2.19089","-0.08875621","-0.083333336","-0.42969814","-1.2389371"
"Klebsiella oxytoca","0.57965076","0.7299107","1.2377455","1.2377455","1.2377455","0.45617172","0.73685014","0.57568306","0.6365949","0.8681495","0.60093606","-0.093875535","-0.21134944","-0.45643547","-0.08875621","-0.083333336","2.3272147","-1.2389371"
"Klebsiella pneumoniae","0.57965076","0.7299107","1.2377455","1.2377455","1.2377455","0.96862507","1.1074097","0.89417744","1.435006","1.2709413","0.90663654","-0.093875535","-0.21134944","-0.45643547","-0.08875621","-0.083333336","2.3272147","-1.2389371"
"Klebsiella spp","-1.7251766","-1.3700308","-0.8079205","-0.8079205","-0.8079205","-0.64594126","-0.67825854","-0.64059675","-0.7282978","-0.6700486","-0.5664857","-0.093875535","-0.21134944","-0.45643547","-0.08875621","-0.083333336","-0.42969814","0.80714345"
"Kluyvera ascorbata","0.57965076","-1.3700308","-0.8079205","-0.8079205","-0.8079205","-0.64594126","-0.67825854","-0.64059675","-0.7282978","-0.6700486","-0.5664857","-0.093875535","-0.21134944","-0.45643547","-0.08875621","-0.083333336","-0.42969814","0.80714345"
"Kluyveromyces","0.57965076","0.7299107","-0.8079205","-0.8079205","-0.8079205","-0.64594126","-0.67825854","-0.64059675","-0.7282978","-0.6700486","-0.5664857","-0.093875535","-0.21134944","-0.45643547","-0.08875621","-0.083333336","-0.42969814","0.80714345"
"Knoellia","0.57965076","0.7299107","1.2377455","1.2377455","1.2377455","0.049414594","0.21457562","0.12679036","0.6365949","0.30044636","0.17007542","-0.093875535","-0.21134944","2.19089","-0.08875621","-0.083333336","-0.42969814","-1.2389371"
"Kocuria","0.57965076","0.7299107","1.2377455","1.2377455","1.2377455","0.96862507","0.73685014","0.57568306","0.6365949","0.8681495","1.1437563","-0.093875535","-0.21134944","2.19089","-0.08875621","-0.083333336","-0.42969814","-1.2389371"
"Kocuria palustris","0.57965076","0.7299107","-0.8079205","-0.8079205","-0.8079205","-0.64594126","-0.67825854","-0.64059675","-0.7282978","-0.6700486","-0.5664857","-0.093875535","-0.21134944","-0.45643547","-0.08875621","-0.083333336","-0.42969814","0.80714345"
"Kribbella","0.57965076","0.7299107","-0.8079205","-0.8079205","-0.8079205","-0.64594126","-0.67825854","-0.64059675","-0.7282978","-0.6700486","-0.5664857","-0.093875535","-0.21134944","-0.45643547","-0.08875621","-0.083333336","-0.42969814","0.80714345"
"Laceyella","0.57965076","0.7299107","-0.8079205","-0.8079205","-0.8079205","-0.64594126","-0.67825854","-0.64059675","-0.7282978","-0.6700486","-0.5664857","-0.093875535","-0.21134944","-0.45643547","-0.08875621","-0.083333336","-0.42969814","0.80714345"
"Lachnoanaerobaculum","0.57965076","0.7299107","1.2377455","1.2377455","1.2377455","1.1515275","1.1074097","1.1412209","1.435006","1.5833708","0.90663654","-0.093875535","-0.21134944","2.19089","-0.08875621","-0.083333336","-0.42969814","-1.2389371"
"Lachnoanaerobaculum orale","0.57965076","0.7299107","1.2377455","1.2377455","1.2377455","0.74477047","0.73685014","0.57568306","0.6365949","0.8681495","0.90663654","-0.093875535","-0.21134944","-0.45643547","-0.08875621","-0.083333336","2.3272147","-1.2389371"
"Lachnoanaerobaculum umeaense","0.57965076","0.7299107","1.2377455","1.2377455","1.2377455","0.45617172","0.21457562","0.12679036","0.6365949","0.30044636","0.60093606","-0.093875535","-0.21134944","-0.45643547","-0.08875621","-0.083333336","2.3272147","-1.2389371"
"Lachnobacterium","0.57965076","0.7299107","1.2377455","1.2377455","1.2377455","1.5582846","1.3948382","1.5137312","0.6365949","1.2709413","1.7683579","-0.093875535","-0.21134944","2.19089","-0.08875621","-0.083333336","-0.42969814","-1.2389371"
"Lachnobacterium bovis","0.57965076","0.7299107","1.2377455","1.2377455","1.2377455","0.049414594","0.21457562","0.12679036","0.6365949","0.30044636","0.17007542","-0.093875535","-0.21134944","-0.45643547","-0.08875621","-0.083333336","2.3272147","-1.2389371"
"Lachnoclostridium","0.57965076","0.7299107","1.2377455","1.2377455","1.2377455","2.2536407","2.151959","2.0141265","0.6365949","1.2709413","2.504919","-0.093875535","-0.21134944","2.19089","-0.08875621","-0.083333336","-0.42969814","-1.2389371"
"Lachnospira","0.57965076","0.7299107","1.2377455","1.2377455","1.2377455","2.7320843","2.5225184","2.7815135","1.435006","2.4063475","2.974425","-0.093875535","-0.21134944","2.19089","-0.08875621","-0.083333336","-0.42969814","-1.2389371"
"Lachnospira multipara","0.57965076","0.7299107","1.2377455","1.2377455","1.2377455","0.74477047","0.21457562","0.12679036","0.6365949","0.30044636","-0.5664857","-0.093875535","-0.21134944","-0.45643547","-0.08875621","-0.083333336","2.3272147","-1.2389371"
"Lachnospira pectinoschiza","0.57965076","0.7299107","1.2377455","1.2377455","1.2377455","0.049414594","0.21457562","0.12679036","0.6365949","0.30044636","0.17007542","-0.093875535","-0.21134944","-0.45643547","-0.08875621","-0.083333336","2.3272147","-1.2389371"
"Lachnospiracea","-1.7251766","-1.3700308","-0.8079205","-0.8079205","-0.8079205","-0.64594126","-0.67825854","-0.64059675","-0.7282978","-0.6700486","-0.5664857","-0.093875535","-0.21134944","-0.45643547","-0.08875621","-0.083333336","-0.42969814","0.80714345"
"Lachnospiracea incertae sedis","-1.7251766","-1.3700308","-0.8079205","-0.8079205","-0.8079205","-0.64594126","-0.67825854","-0.64059675","-0.7282978","-0.6700486","-0.5664857","-0.093875535","-0.21134944","-0.45643547","-0.08875621","-0.083333336","-0.42969814","0.80714345"
"Lachnospiraceae","0.57965076","0.7299107","1.2377455","1.2377455","1.2377455","3.6016572","3.3032744","3.6452315","2.0014877","3.2119312","3.8191438","-0.093875535","4.7315","-0.45643547","-0.08875621","-0.083333336","-0.42969814","-1.2389371"
"Lachnospiraceae ND3007 group","-1.7251766","-1.3700308","-0.8079205","-0.8079205","-0.8079205","-0.64594126","-0.67825854","-0.64059675","-0.7282978","-0.6700486","-0.5664857","-0.093875535","-0.21134944","-0.45643547","-0.08875621","-0.083333336","-0.42969814","0.80714345"
"Lachnospiraceae NK4A","-1.7251766","-1.3700308","-0.8079205","-0.8079205","-0.8079205","-0.64594126","-0.67825854","-0.64059675","-0.7282978","-0.6700486","-0.5664857","-0.093875535","-0.21134944","-0.45643547","-0.08875621","-0.083333336","-0.42969814","0.80714345"
"Lachnospiraceae NK4A136","-1.7251766","-1.3700308","-0.8079205","-0.8079205","-0.8079205","-0.64594126","-0.67825854","-0.64059675","-0.7282978","-0.6700486","-0.5664857","-0.093875535","-0.21134944","-0.45643547","-0.08875621","-0.083333336","-0.42969814","0.80714345"
"Lachnospiraceae bacterium","0.57965076","0.7299107","-0.8079205","-0.8079205","-0.8079205","-0.64594126","-0.67825854","-0.64059675","-0.7282978","-0.6700486","-0.5664857","-0.093875535","-0.21134944","-0.45643547","-0.08875621","-0.083333336","-0.42969814","0.80714345"
"Lachnospiraceae bacterium A2","0.57965076","-1.3700308","1.2377455","1.2377455","1.2377455","0.049414594","0.21457562","0.12679036","0.6365949","0.30044636","-0.5664857","-0.093875535","-0.21134944","-0.45643547","-0.08875621","-0.083333336","2.3272147","-1.2389371"
"Lachnospiraceae family","-1.7251766","-1.3700308","-0.8079205","-0.8079205","-0.8079205","-0.64594126","-0.67825854","-0.64059675","-0.7282978","-0.6700486","-0.5664857","-0.093875535","-0.21134944","-0.45643547","-0.08875621","-0.083333336","-0.42969814","0.80714345"
"Lachnospiraceae genus","-1.7251766","-1.3700308","-0.8079205","-0.8079205","-0.8079205","-0.64594126","-0.67825854","-0.64059675","-0.7282978","-0.6700486","-0.5664857","-0.093875535","-0.21134944","-0.45643547","-0.08875621","-0.083333336","-0.42969814","0.80714345"
"Lachnospiraceae incertae sedis","0.57965076","0.7299107","-0.8079205","-0.8079205","-0.8079205","-0.64594126","-0.67825854","-0.64059675","-0.7282978","-0.6700486","-0.5664857","-0.093875535","-0.21134944","-0.45643547","-0.08875621","-0.083333336","-0.42969814","0.80714345"
"Lachnospiraceae spp","-1.7251766","-1.3700308","-0.8079205","-0.8079205","-0.8079205","-0.64594126","-0.67825854","-0.64059675","-0.7282978","-0.6700486","-0.5664857","-0.093875535","-0.21134944","-0.45643547","-0.08875621","-0.083333336","-0.42969814","0.80714345"
"Lachnospiraceae strain CG19-1","-1.7251766","-1.3700308","-0.8079205","-0.8079205","-0.8079205","-0.64594126","-0.67825854","-0.64059675","-0.7282978","-0.6700486","-0.5664857","-0.093875535","-0.21134944","-0.45643547","-0.08875621","-0.083333336","-0.42969814","0.80714345"
"LachnospiraceaeUCG001","-1.7251766","-1.3700308","-0.8079205","-0.8079205","-0.8079205","-0.64594126","-0.67825854","-0.64059675","-0.7282978","-0.6700486","-0.5664857","-0.093875535","-0.21134944","-0.45643547","-0.08875621","-0.083333336","-0.42969814","0.80714345"
"LachnospiraceaeUCG004","-1.7251766","-1.3700308","-0.8079205","-0.8079205","-0.8079205","-0.64594126","-0.67825854","-0.64059675","-0.7282978","-0.6700486","-0.5664857","-0.093875535","-0.21134944","-0.45643547","-0.08875621","-0.083333336","-0.42969814","0.80714345"
"Lachnospiraceae_Incertae_Sedis","-1.7251766","-1.3700308","-0.8079205","-0.8079205","-0.8079205","-0.64594126","-0.67825854","-0.64059675","-0.7282978","-0.6700486","-0.5664857","-0.093875535","-0.21134944","-0.45643547","-0.08875621","-0.083333336","-0.42969814","0.80714345"
"Lachnospiraceae_NK4A136_group","-1.7251766","-1.3700308","-0.8079205","-0.8079205","-0.8079205","-0.64594126","-0.67825854","-0.64059675","-0.7282978","-0.6700486","-0.5664857","-0.093875535","-0.21134944","-0.45643547","-0.08875621","-0.083333336","-0.42969814","0.80714345"
"Lachnospiraceae_UCG-004","-1.7251766","-1.3700308","-0.8079205","-0.8079205","-0.8079205","-0.64594126","-0.67825854","-0.64059675","-0.7282978","-0.6700486","-0.5664857","-0.093875535","-0.21134944","-0.45643547","-0.08875621","-0.083333336","-0.42969814","0.80714345"
"Lachnospiraceae_uc","-1.7251766","-1.3700308","-0.8079205","-0.8079205","-0.8079205","-0.64594126","-0.67825854","-0.64059675","-0.7282978","-0.6700486","-0.5664857","-0.093875535","-0.21134944","-0.45643547","-0.08875621","-0.083333336","-0.42969814","0.80714345"
"Lactobacillaceae","0.57965076","0.7299107","1.2377455","1.2377455","1.2377455","2.861708","2.5225184","2.9230385","2.0014877","1.8386444","3.0825827","-0.093875535","4.7315","-0.45643547","-0.08875621","-0.083333336","-0.42969814","-1.2389371"
"Lactobacillales","0.57965076","-1.3700308","1.2377455","1.2377455","1.2377455","2.622537","2.4104402","2.730011","1.435006","2.0544753","2.7653942","-0.093875535","-0.21134944","-0.45643547","11.266818","-0.083333336","-0.42969814","-1.2389371"
"Lactobacillales	","-1.7251766","-1.3700308","-0.8079205","-0.8079205","-0.8079205","-0.64594126","-0.67825854","-0.64059675","-0.7282978","-0.6700486","-0.5664857","-0.093875535","-0.21134944","-0.45643547","-0.08875621","-0.083333336","-0.42969814","0.80714345"
"Lactobacilli","0.57965076","0.7299107","-0.8079205","-0.8079205","-0.8079205","-0.64594126","-0.67825854","-0.64059675","-0.7282978","-0.6700486","-0.5664857","-0.093875535","-0.21134944","-0.45643547","-0.08875621","-0.083333336","-0.42969814","0.80714345"
"Lactobacillus","0.57965076","0.7299107","1.2377455","1.2377455","1.2377455","3.5570638","3.1144361","3.6452315","3.8057778","2.8091393","3.5248084","-0.093875535","-0.21134944","2.19089","-0.08875621","-0.083333336","-0.42969814","-1.2389371"
"Lactobacillus GG","-1.7251766","-1.3700308","-0.8079205","-0.8079205","-0.8079205","-0.64594126","-0.67825854","-0.64059675","-0.7282978","-0.6700486","-0.5664857","-0.093875535","-0.21134944","-0.45643547","-0.08875621","-0.083333336","-0.42969814","0.80714345"
"Lactobacillus acetotolerans","0.57965076","0.7299107","-0.8079205","-0.8079205","-0.8079205","-0.64594126","-0.67825854","-0.64059675","-0.7282978","-0.6700486","-0.5664857","-0.093875535","-0.21134944","-0.45643547","-0.08875621","-0.083333336","-0.42969814","0.80714345"
"Lactobacillus acidophilus","0.57965076","0.7299107","1.2377455","1.2377455","1.2377455","0.049414594","0.21457562","0.12679036","0.6365949","0.30044636","-0.5664857","-0.093875535","-0.21134944","-0.45643547","-0.08875621","-0.083333336","2.3272147","-1.2389371"
"Lactobacillus acidophilus DDS-1","-1.7251766","-1.3700308","-0.8079205","-0.8079205","-0.8079205","-0.64594126","-0.67825854","-0.64059675","-0.7282978","-0.6700486","-0.5664857","-0.093875535","-0.21134944","-0.45643547","-0.08875621","-0.083333336","-0.42969814","0.80714345"
"Lactobacillus acidophilus HA-122","-1.7251766","-1.3700308","-0.8079205","-0.8079205","-0.8079205","-0.64594126","-0.67825854","-0.64059675","-0.7282978","-0.6700486","-0.5664857","-0.093875535","-0.21134944","-0.45643547","-0.08875621","-0.083333336","-0.42969814","0.80714345"
"Lactobacillus acidophilus LA-14","-1.7251766","-1.3700308","-0.8079205","-0.8079205","-0.8079205","-0.64594126","-0.67825854","-0.64059675","-0.7282978","-0.6700486","-0.5664857","-0.093875535","-0.21134944","-0.45643547","-0.08875621","-0.083333336","-0.42969814","0.80714345"
"Lactobacillus acidophilus group","-1.7251766","-1.3700308","-0.8079205","-0.8079205","-0.8079205","-0.64594126","-0.67825854","-0.64059675","-0.7282978","-0.6700486","-0.5664857","-0.093875535","-0.21134944","-0.45643547","-0.08875621","-0.083333336","-0.42969814","0.80714345"
"Lactobacillus amylolyticus","0.57965076","0.7299107","-0.8079205","-0.8079205","-0.8079205","-0.64594126","-0.67825854","-0.64059675","-0.7282978","-0.6700486","-0.5664857","-0.093875535","-0.21134944","-0.45643547","-0.08875621","-0.083333336","-0.42969814","0.80714345"
"Lactobacillus antri","0.57965076","0.7299107","-0.8079205","-0.8079205","-0.8079205","-0.64594126","-0.67825854","-0.64059675","-0.7282978","-0.6700486","-0.5664857","-0.093875535","-0.21134944","-0.45643547","-0.08875621","-0.083333336","-0.42969814","0.80714345"
"Lactobacillus brevis","0.57965076","0.7299107","1.2377455","1.2377455","1.2377455","0.45617172","0.73685014","0.57568306","1.435006","0.30044636","0.17007542","-0.093875535","-0.21134944","-0.45643547","-0.08875621","-0.083333336","2.3272147","-1.2389371"
"Lactobacillus bulgaricus","0.57965076","0.7299107","-0.8079205","-0.8079205","-0.8079205","-0.64594126","-0.67825854","-0.64059675","-0.7282978","-0.6700486","-0.5664857","-0.093875535","-0.21134944","-0.45643547","-0.08875621","-0.083333336","-0.42969814","0.80714345"
"Lactobacillus casei","0.57965076","0.7299107","1.2377455","1.2377455","1.2377455","0.049414594","0.21457562","0.12679036","0.6365949","0.30044636","-0.5664857","-0.093875535","-0.21134944","-0.45643547","-0.08875621","-0.083333336","2.3272147","-1.2389371"
"Lactobacillus casei BL23","-1.7251766","-1.3700308","-0.8079205","-0.8079205","-0.8079205","-0.64594126","-0.67825854","-0.64059675","-0.7282978","-0.6700486","-0.5664857","-0.093875535","-0.21134944","-0.45643547","-0.08875621","-0.083333336","-0.42969814","0.80714345"
"Lactobacillus casei CCFM419","-1.7251766","-1.3700308","-0.8079205","-0.8079205","-0.8079205","-0.64594126","-0.67825854","-0.64059675","-0.7282978","-0.6700486","-0.5664857","-0.093875535","-0.21134944","-0.45643547","-0.08875621","-0.083333336","-0.42969814","0.80714345"
"Lactobacillus casei LC-11","-1.7251766","-1.3700308","-0.8079205","-0.8079205","-0.8079205","-0.64594126","-0.67825854","-0.64059675","-0.7282978","-0.6700486","-0.5664857","-0.093875535","-0.21134944","-0.45643547","-0.08875621","-0.083333336","-0.42969814","0.80714345"
"Lactobacillus casei Shirota","-1.7251766","-1.3700308","-0.8079205","-0.8079205","-0.8079205","-0.64594126","-0.67825854","-0.64059675","-0.7282978","-0.6700486","-0.5664857","-0.093875535","-0.21134944","-0.45643547","-0.08875621","-0.083333336","-0.42969814","0.80714345"
"Lactobacillus casei strain Shirota","-1.7251766","-1.3700308","-0.8079205","-0.8079205","-0.8079205","-0.64594126","-0.67825854","-0.64059675","-0.7282978","-0.6700486","-0.5664857","-0.093875535","-0.21134944","-0.45643547","-0.08875621","-0.083333336","-0.42969814","0.80714345"
"Lactobacillus casei variety rhamnosus","-1.7251766","-1.3700308","-0.8079205","-0.8079205","-0.8079205","-0.64594126","-0.67825854","-0.64059675","-0.7282978","-0.6700486","-0.5664857","-0.093875535","-0.21134944","-0.45643547","-0.08875621","-0.083333336","-0.42969814","0.80714345"
"Lactobacillus coleohominis","0.57965076","0.7299107","1.2377455","1.2377455","1.2377455","0.45617172","0.73685014","0.57568306","0.6365949","0.8681495","0.60093606","-0.093875535","-0.21134944","-0.45643547","-0.08875621","-0.083333336","2.3272147","-1.2389371"
"Lactobacillus crispatus","0.57965076","0.7299107","-0.8079205","-0.8079205","-0.8079205","-0.64594126","-0.67825854","-0.64059675","-0.7282978","-0.6700486","-0.5664857","-0.093875535","-0.21134944","-0.45643547","-0.08875621","-0.083333336","-0.42969814","0.80714345"
"Lactobacillus delbrueckii","0.57965076","0.7299107","1.2377455","1.2377455","1.2377455","0.45617172","0.21457562","0.12679036","0.6365949","0.30044636","0.60093606","-0.093875535","-0.21134944","-0.45643547","-0.08875621","-0.083333336","2.3272147","-1.2389371"
"Lactobacillus delbrueckii ssp. bulgaricus","-1.7251766","-1.3700308","-0.8079205","-0.8079205","-0.8079205","-0.64594126","-0.67825854","-0.64059675","-0.7282978","-0.6700486","-0.5664857","-0.093875535","-0.21134944","-0.45643547","-0.08875621","-0.083333336","-0.42969814","0.80714345"
"Lactobacillus fermentum","0.57965076","0.7299107","-0.8079205","-0.8079205","-0.8079205","-0.64594126","-0.67825854","-0.64059675","-0.7282978","-0.6700486","-0.5664857","-0.093875535","-0.21134944","-0.45643547","-0.08875621","-0.083333336","-0.42969814","0.80714345"
"Lactobacillus fermentum CRL1446","-1.7251766","-1.3700308","-0.8079205","-0.8079205","-0.8079205","-0.64594126","-0.67825854","-0.64059675","-0.7282978","-0.6700486","-0.5664857","-0.093875535","-0.21134944","-0.45643547","-0.08875621","-0.083333336","-0.42969814","0.80714345"
"Lactobacillus fermentus","-1.7251766","-1.3700308","-0.8079205","-0.8079205","-0.8079205","-0.64594126","-0.67825854","-0.64059675","-0.7282978","-0.6700486","-0.5664857","-0.093875535","-0.21134944","-0.45643547","-0.08875621","-0.083333336","-0.42969814","0.80714345"
"Lactobacillus gasseri","0.57965076","0.7299107","1.2377455","1.2377455","1.2377455","0.45617172","0.21457562","0.57568306","1.435006","0.30044636","0.17007542","-0.093875535","-0.21134944","-0.45643547","-0.08875621","-0.083333336","2.3272147","-1.2389371"
"Lactobacillus gasseri subgroup","-1.7251766","-1.3700308","-0.8079205","-0.8079205","-0.8079205","-0.64594126","-0.67825854","-0.64059675","-0.7282978","-0.6700486","-0.5664857","-0.093875535","-0.21134944","-0.45643547","-0.08875621","-0.083333336","-0.42969814","0.80714345"
"Lactobacillus gasseri/johnsonii","-1.7251766","-1.3700308","-0.8079205","-0.8079205","-0.8079205","-0.64594126","-0.67825854","-0.64059675","-0.7282978","-0.6700486","-0.5664857","-0.093875535","-0.21134944","-0.45643547","-0.08875621","-0.083333336","-0.42969814","0.80714345"
"Lactobacillus group","-1.7251766","-1.3700308","-0.8079205","-0.8079205","-0.8079205","-0.64594126","-0.67825854","-0.64059675","-0.7282978","-0.6700486","-0.5664857","-0.093875535","-0.21134944","-0.45643547","-0.08875621","-0.083333336","-0.42969814","0.80714345"
"Lactobacillus helveticus","0.57965076","0.7299107","-0.8079205","-0.8079205","-0.8079205","-0.64594126","-0.67825854","-0.64059675","-0.7282978","-0.6700486","-0.5664857","-0.093875535","-0.21134944","-0.45643547","-0.08875621","-0.083333336","-0.42969814","0.80714345"
"Lactobacillus iners","0.57965076","0.7299107","1.2377455","1.2377455","1.2377455","0.049414594","0.21457562","0.12679036","0.6365949","0.30044636","0.17007542","-0.093875535","-0.21134944","-0.45643547","-0.08875621","-0.083333336","2.3272147","-1.2389371"
"Lactobacillus jensenii","0.57965076","0.7299107","1.2377455","1.2377455","1.2377455","0.049414594","0.21457562","0.12679036","0.6365949","0.30044636","0.17007542","-0.093875535","-0.21134944","-0.45643547","-0.08875621","-0.083333336","2.3272147","-1.2389371"
"Lactobacillus johnsonii","0.57965076","0.7299107","1.2377455","1.2377455","1.2377455","0.049414594","0.21457562","0.12679036","0.6365949","0.30044636","0.17007542","-0.093875535","-0.21134944","-0.45643547","-0.08875621","-0.083333336","2.3272147","-1.2389371"
"Lactobacillus mucosae","0.57965076","0.7299107","1.2377455","1.2377455","1.2377455","0.45617172","0.73685014","0.57568306","0.6365949","0.8681495","0.60093606","-0.093875535","-0.21134944","-0.45643547","-0.08875621","-0.083333336","2.3272147","-1.2389371"
"Lactobacillus murinus","-1.7251766","-1.3700308","-0.8079205","-0.8079205","-0.8079205","-0.64594126","-0.67825854","-0.64059675","-0.7282978","-0.6700486","-0.5664857","-0.093875535","-0.21134944","-0.45643547","-0.08875621","-0.083333336","-0.42969814","0.80714345"
"Lactobacillus oris","0.57965076","0.7299107","-0.8079205","-0.8079205","-0.8079205","-0.64594126","-0.67825854","-0.64059675","-0.7282978","-0.6700486","-0.5664857","-0.093875535","-0.21134944","-0.45643547","-0.08875621","-0.083333336","-0.42969814","0.80714345"
"Lactobacillus paracasei","0.57965076","0.7299107","-0.8079205","-0.8079205","-0.8079205","-0.64594126","-0.67825854","-0.64059675","-0.7282978","-0.6700486","-0.5664857","-0.093875535","-0.21134944","-0.45643547","-0.08875621","-0.083333336","-0.42969814","0.80714345"
"Lactobacillus paracasei CBA L74","-1.7251766","-1.3700308","-0.8079205","-0.8079205","-0.8079205","-0.64594126","-0.67825854","-0.64059675","-0.7282978","-0.6700486","-0.5664857","-0.093875535","-0.21134944","-0.45643547","-0.08875621","-0.083333336","-0.42969814","0.80714345"
"Lactobacillus parafarraginis","0.57965076","0.7299107","-0.8079205","-0.8079205","-0.8079205","-0.64594126","-0.67825854","-0.64059675","-0.7282978","-0.6700486","-0.5664857","-0.093875535","-0.21134944","-0.45643547","-0.08875621","-0.083333336","-0.42969814","0.80714345"
"Lactobacillus plantarum","0.57965076","0.7299107","-0.8079205","-0.8079205","-0.8079205","-0.64594126","-0.67825854","-0.64059675","-0.7282978","-0.6700486","-0.5664857","-0.093875535","-0.21134944","-0.45643547","-0.08875621","-0.083333336","-0.42969814","0.80714345"
"Lactobacillus plantarum CCFM8610","-1.7251766","-1.3700308","-0.8079205","-0.8079205","-0.8079205","-0.64594126","-0.67825854","-0.64059675","-0.7282978","-0.6700486","-0.5664857","-0.093875535","-0.21134944","-0.45643547","-0.08875621","-0.083333336","-0.42969814","0.80714345"
"Lactobacillus plantarum HA-119","-1.7251766","-1.3700308","-0.8079205","-0.8079205","-0.8079205","-0.64594126","-0.67825854","-0.64059675","-0.7282978","-0.6700486","-0.5664857","-0.093875535","-0.21134944","-0.45643547","-0.08875621","-0.083333336","-0.42969814","0.80714345"
"Lactobacillus plantarum T4","-1.7251766","-1.3700308","-0.8079205","-0.8079205","-0.8079205","-0.64594126","-0.67825854","-0.64059675","-0.7282978","-0.6700486","-0.5664857","-0.093875535","-0.21134944","-0.45643547","-0.08875621","-0.083333336","-0.42969814","0.80714345"
"Lactobacillus plantarum T8","-1.7251766","-1.3700308","-0.8079205","-0.8079205","-0.8079205","-0.64594126","-0.67825854","-0.64059675","-0.7282978","-0.6700486","-0.5664857","-0.093875535","-0.21134944","-0.45643547","-0.08875621","-0.083333336","-0.42969814","0.80714345"
"Lactobacillus reuteri","0.57965076","0.7299107","1.2377455","1.2377455","1.2377455","1.1515275","1.1074097","1.1412209","2.0014877","1.2709413","0.90663654","-0.093875535","-0.21134944","-0.45643547","-0.08875621","-0.083333336","2.3272147","-1.2389371"
"Lactobacillus rhamnosus","0.57965076","0.7299107","1.2377455","1.2377455","1.2377455","0.049414594","0.21457562","0.12679036","0.6365949","0.30044636","0.17007542","-0.093875535","-0.21134944","-0.45643547","-0.08875621","-0.083333336","2.3272147","-1.2389371"
"Lactobacillus rhamnosus A 191","-1.7251766","-1.3700308","-0.8079205","-0.8079205","-0.8079205","-0.64594126","-0.67825854","-0.64059675","-0.7282978","-0.6700486","-0.5664857","-0.093875535","-0.21134944","-0.45643547","-0.08875621","-0.083333336","-0.42969814","0.80714345"
"Lactobacillus rhamnosus GG","-1.7251766","-1.3700308","-0.8079205","-0.8079205","-0.8079205","-0.64594126","-0.67825854","-0.64059675","-0.7282978","-0.6700486","-0.5664857","-0.093875535","-0.21134944","-0.45643547","-0.08875621","-0.083333336","-0.42969814","0.80714345"
"Lactobacillus rhamnosus HN001","-1.7251766","-1.3700308","-0.8079205","-0.8079205","-0.8079205","-0.64594126","-0.67825854","-0.64059675","-0.7282978","-0.6700486","-0.5664857","-0.093875535","-0.21134944","-0.45643547","-0.08875621","-0.083333336","-0.42969814","0.80714345"
"Lactobacillus rhamnosus Lc705","-1.7251766","-1.3700308","-0.8079205","-0.8079205","-0.8079205","-0.64594126","-0.67825854","-0.64059675","-0.7282978","-0.6700486","-0.5664857","-0.093875535","-0.21134944","-0.45643547","-0.08875621","-0.083333336","-0.42969814","0.80714345"
"Lactobacillus rogosae","0.57965076","0.7299107","-0.8079205","-0.8079205","-0.8079205","-0.64594126","-0.67825854","-0.64059675","-0.7282978","-0.6700486","-0.5664857","-0.093875535","-0.21134944","-0.45643547","-0.08875621","-0.083333336","-0.42969814","0.80714345"
"Lactobacillus rossiae","0.57965076","0.7299107","-0.8079205","-0.8079205","-0.8079205","-0.64594126","-0.67825854","-0.64059675","-0.7282978","-0.6700486","-0.5664857","-0.093875535","-0.21134944","-0.45643547","-0.08875621","-0.083333336","-0.42969814","0.80714345"
"Lactobacillus ruminis","0.57965076","0.7299107","1.2377455","1.2377455","1.2377455","0.96862507","1.1074097","1.1412209","2.440885","0.8681495","-0.5664857","-0.093875535","-0.21134944","-0.45643547","-0.08875621","-0.083333336","2.3272147","-1.2389371"
"Lactobacillus sakei","0.57965076","0.7299107","1.2377455","1.2377455","1.2377455","0.74477047","0.73685014","0.57568306","1.435006","0.8681495","0.17007542","-0.093875535","-0.21134944","-0.45643547","-0.08875621","-0.083333336","2.3272147","-1.2389371"
"Lactobacillus salivarius","0.57965076","0.7299107","1.2377455","1.2377455","1.2377455","1.4401263","1.3948382","1.34307","2.0014877","1.8386444","1.3374971","-0.093875535","-0.21134944","-0.45643547","-0.08875621","-0.083333336","2.3272147","-1.2389371"
"Lactobacillus sanfranciscensis","0.57965076","0.7299107","1.2377455","1.2377455","1.2377455","0.45617172","0.21457562","0.12679036","0.6365949","0.30044636","-0.5664857","-0.093875535","-0.21134944","-0.45643547","-0.08875621","-0.083333336","2.3272147","-1.2389371"
"Lactobacillus sp. L-YJ","0.57965076","-1.3700308","-0.8079205","-0.8079205","-0.8079205","-0.64594126","-0.67825854","-0.64059675","-0.7282978","-0.6700486","-0.5664857","-0.093875535","-0.21134944","-0.45643547","-0.08875621","-0.083333336","-0.42969814","0.80714345"
"Lactobacillus species","-1.7251766","-1.3700308","-0.8079205","-0.8079205","-0.8079205","-0.64594126","-0.67825854","-0.64059675","-0.7282978","-0.6700486","-0.5664857","-0.093875535","-0.21134944","-0.45643547","-0.08875621","-0.083333336","-0.42969814","0.80714345"
"Lactobacillus spp","-1.7251766","-1.3700308","-0.8079205","-0.8079205","-0.8079205","-0.64594126","-0.67825854","-0.64059675","-0.7282978","-0.6700486","-0.5664857","-0.093875535","-0.21134944","-0.45643547","-0.08875621","-0.083333336","-0.42969814","0.80714345"
"Lactobacillus spp.","-1.7251766","-1.3700308","-0.8079205","-0.8079205","-0.8079205","-0.64594126","-0.67825854","-0.64059675","-0.7282978","-0.6700486","-0.5664857","-0.093875535","-0.21134944","-0.45643547","-0.08875621","-0.083333336","-0.42969814","0.80714345"
"Lactobacillus taiwanensis","0.57965076","0.7299107","-0.8079205","-0.8079205","-0.8079205","-0.64594126","-0.67825854","-0.64059675","-0.7282978","-0.6700486","-0.5664857","-0.093875535","-0.21134944","-0.45643547","-0.08875621","-0.083333336","-0.42969814","0.80714345"
"Lactobacillus vaginalis","0.57965076","0.7299107","-0.8079205","-0.8079205","-0.8079205","-0.64594126","-0.67825854","-0.64059675","-0.7282978","-0.6700486","-0.5664857","-0.093875535","-0.21134944","-0.45643547","-0.08875621","-0.083333336","-0.42969814","0.80714345"
"Lactobacillus zeae","0.57965076","0.7299107","-0.8079205","-0.8079205","-0.8079205","-0.64594126","-0.67825854","-0.64059675","-0.7282978","-0.6700486","-0.5664857","-0.093875535","-0.21134944","-0.45643547","-0.08875621","-0.083333336","-0.42969814","0.80714345"
"Lactobacillus-Bifidobacterium","-1.7251766","-1.3700308","-0.8079205","-0.8079205","-0.8079205","-0.64594126","-0.67825854","-0.64059675","-0.7282978","-0.6700486","-0.5664857","-0.093875535","-0.21134944","-0.45643547","-0.08875621","-0.083333336","-0.42969814","0.80714345"
"Lactococcus","0.57965076","0.7299107","1.2377455","1.2377455","1.2377455","2.1963","2.2876725","2.2811184","1.435006","2.4063475","2.3797588","-0.093875535","-0.21134944","2.19089","-0.08875621","-0.083333336","-0.42969814","-1.2389371"
"Lactococcus garvieae","0.57965076","0.7299107","-0.8079205","-0.8079205","-0.8079205","-0.64594126","-0.67825854","-0.64059675","-0.7282978","-0.6700486","-0.5664857","-0.093875535","-0.21134944","-0.45643547","-0.08875621","-0.083333336","-0.42969814","0.80714345"
"Lactococcus lactis","0.57965076","0.7299107","1.2377455","1.2377455","1.2377455","0.049414594","0.21457562","0.12679036","0.6365949","0.30044636","0.17007542","-0.093875535","-0.21134944","-0.45643547","-0.08875621","-0.083333336","2.3272147","-1.2389371"
"Lactococcus lactis LL-23","-1.7251766","-1.3700308","-0.8079205","-0.8079205","-0.8079205","-0.64594126","-0.67825854","-0.64059675","-0.7282978","-0.6700486","-0.5664857","-0.093875535","-0.21134944","-0.45643547","-0.08875621","-0.083333336","-0.42969814","0.80714345"
"Lactococcus lactis W58","-1.7251766","-1.3700308","-0.8079205","-0.8079205","-0.8079205","-0.64594126","-0.67825854","-0.64059675","-0.7282978","-0.6700486","-0.5664857","-0.093875535","-0.21134944","-0.45643547","-0.08875621","-0.083333336","-0.42969814","0.80714345"
"Lactonifactor","0.57965076","0.7299107","-0.8079205","-0.8079205","-0.8079205","-0.64594126","-0.67825854","-0.64059675","-0.7282978","-0.6700486","-0.5664857","-0.093875535","-0.21134944","-0.45643547","-0.08875621","-0.083333336","-0.42969814","0.80714345"
"Lambdavirus","0.57965076","-1.3700308","1.2377455","1.2377455","1.2377455","0.049414594","0.21457562","0.12679036","0.6365949","0.30044636","-0.5664857","-0.093875535","-0.21134944","2.19089","-0.08875621","-0.083333336","-0.42969814","-1.2389371"
"Lampropedia","0.57965076","0.7299107","-0.8079205","-0.8079205","-0.8079205","-0.64594126","-0.67825854","-0.64059675","-0.7282978","-0.6700486","-0.5664857","-0.093875535","-0.21134944","-0.45643547","-0.08875621","-0.083333336","-0.42969814","0.80714345"
"Larkinella","0.57965076","0.7299107","-0.8079205","-0.8079205","-0.8079205","-0.64594126","-0.67825854","-0.64059675","-0.7282978","-0.6700486","-0.5664857","-0.093875535","-0.21134944","-0.45643547","-0.08875621","-0.083333336","-0.42969814","0.80714345"
"Lasiodiplodia pseudotheobromae","0.57965076","0.7299107","-0.8079205","-0.8079205","-0.8079205","-0.64594126","-0.67825854","-0.64059675","-0.7282978","-0.6700486","-0.5664857","-0.093875535","-0.21134944","-0.45643547","-0.08875621","-0.083333336","-0.42969814","0.80714345"
"Lasiosphaeriaceae","0.57965076","0.7299107","-0.8079205","-0.8079205","-0.8079205","-0.64594126","-0.67825854","-0.64059675","-0.7282978","-0.6700486","-0.5664857","-0.093875535","-0.21134944","-0.45643547","-0.08875621","-0.083333336","-0.42969814","0.80714345"
"Latescibacteria incertae sedis","0.57965076","0.7299107","-0.8079205","-0.8079205","-0.8079205","-0.64594126","-0.67825854","-0.64059675","-0.7282978","-0.6700486","-0.5664857","-0.093875535","-0.21134944","-0.45643547","-0.08875621","-0.083333336","-0.42969814","0.80714345"
"Lautropia","0.57965076","0.7299107","1.2377455","1.2377455","1.2377455","1.7595948","2.151959","1.6615645","1.435006","2.0544753","1.8803174","-0.093875535","-0.21134944","2.19089","-0.08875621","-0.083333336","-0.42969814","-1.2389371"
"Lautropia mirabilis","0.57965076","0.7299107","-0.8079205","-0.8079205","-0.8079205","-0.64594126","-0.67825854","-0.64059675","-0.7282978","-0.6700486","-0.5664857","-0.093875535","-0.21134944","-0.45643547","-0.08875621","-0.083333336","-0.42969814","0.80714345"
"Lawsonella","0.57965076","0.7299107","-0.8079205","-0.8079205","-0.8079205","-0.64594126","-0.67825854","-0.64059675","-0.7282978","-0.6700486","-0.5664857","-0.093875535","-0.21134944","-0.45643547","-0.08875621","-0.083333336","-0.42969814","0.80714345"
"Leclercia","0.57965076","0.7299107","-0.8079205","-0.8079205","-0.8079205","-0.64594126","-0.67825854","-0.64059675","-0.7282978","-0.6700486","-0.5664857","-0.093875535","-0.21134944","-0.45643547","-0.08875621","-0.083333336","-0.42969814","0.80714345"
"Legionella","0.57965076","0.7299107","-0.8079205","-0.8079205","-0.8079205","-0.64594126","-0.67825854","-0.64059675","-0.7282978","-0.6700486","-0.5664857","-0.093875535","-0.21134944","-0.45643547","-0.08875621","-0.083333336","-0.42969814","0.80714345"
"Lentisphaeria","0.57965076","-1.3700308","1.2377455","1.2377455","1.2377455","0.74477047","1.1074097","0.57568306","0.6365949","0.30044636","0.90663654","10.652403","-0.21134944","-0.45643547","-0.08875621","-0.083333336","-0.42969814","-1.2389371"
"Leotiomycetes","-1.7251766","-1.3700308","-0.8079205","-0.8079205","-0.8079205","-0.64594126","-0.67825854","-0.64059675","-0.7282978","-0.6700486","-0.5664857","-0.093875535","-0.21134944","-0.45643547","-0.08875621","-0.083333336","-0.42969814","0.80714345"
"Leptolyngbya","0.57965076","0.7299107","-0.8079205","-0.8079205","-0.8079205","-0.64594126","-0.67825854","-0.64059675","-0.7282978","-0.6700486","-0.5664857","-0.093875535","-0.21134944","-0.45643547","-0.08875621","-0.083333336","-0.42969814","0.80714345"
"Leptosphaeria","0.57965076","0.7299107","1.2377455","1.2377455","1.2377455","0.45617172","0.73685014","0.57568306","1.435006","0.8681495","0.17007542","-0.093875535","-0.21134944","2.19089","-0.08875621","-0.083333336","-0.42969814","-1.2389371"
"Leptospira","0.57965076","0.7299107","-0.8079205","-0.8079205","-0.8079205","-0.64594126","-0.67825854","-0.64059675","-0.7282978","-0.6700486","-0.5664857","-0.093875535","-0.21134944","-0.45643547","-0.08875621","-0.083333336","-0.42969814","0.80714345"
"Leptothrix","0.57965076","0.7299107","1.2377455","1.2377455","1.2377455","0.049414594","0.21457562","0.12679036","0.6365949","0.30044636","0.17007542","-0.093875535","-0.21134944","2.19089","-0.08875621","-0.083333336","-0.42969814","-1.2389371"
"Leptotrichia","0.57965076","0.7299107","1.2377455","1.2377455","1.2377455","2.7320843","2.2876725","2.730011","2.440885","2.9212093","2.8956754","-0.093875535","-0.21134944","2.19089","-0.08875621","-0.083333336","-0.42969814","-1.2389371"
"Leptotrichia amnionii","0.57965076","0.7299107","-0.8079205","-0.8079205","-0.8079205","-0.64594126","-0.67825854","-0.64059675","-0.7282978","-0.6700486","-0.5664857","-0.093875535","-0.21134944","-0.45643547","-0.08875621","-0.083333336","-0.42969814","0.80714345"
"Leptotrichia buccalis","0.57965076","0.7299107","1.2377455","1.2377455","1.2377455","1.1515275","1.1074097","1.1412209","2.0014877","1.2709413","0.60093606","-0.093875535","-0.21134944","-0.45643547","-0.08875621","-0.083333336","2.3272147","-1.2389371"
"Leptotrichia goodfellowii","0.57965076","0.7299107","-0.8079205","-0.8079205","-0.8079205","-0.64594126","-0.67825854","-0.64059675","-0.7282978","-0.6700486","-0.5664857","-0.093875535","-0.21134944","-0.45643547","-0.08875621","-0.083333336","-0.42969814","0.80714345"
"Leptotrichia sp. oral clone FP036","0.57965076","0.7299107","-0.8079205","-0.8079205","-0.8079205","-0.64594126","-0.67825854","-0.64059675","-0.7282978","-0.6700486","-0.5664857","-0.093875535","-0.21134944","-0.45643547","-0.08875621","-0.083333336","-0.42969814","0.80714345"
"Leptotrichia wadei","0.57965076","0.7299107","-0.8079205","-0.8079205","-0.8079205","-0.64594126","-0.67825854","-0.64059675","-0.7282978","-0.6700486","-0.5664857","-0.093875535","-0.21134944","-0.45643547","-0.08875621","-0.083333336","-0.42969814","0.80714345"
"Leptotrichiaceae","0.57965076","0.7299107","1.2377455","1.2377455","1.2377455","1.7595948","1.6296843","1.6615645","1.435006","2.2414362","1.8803174","-0.093875535","4.7315","-0.45643547","-0.08875621","-0.083333336","-0.42969814","-1.2389371"
"Leucobacter","0.57965076","0.7299107","1.2377455","1.2377455","1.2377455","0.049414594","0.21457562","0.12679036","0.6365949","0.30044636","0.17007542","-0.093875535","-0.21134944","2.19089","-0.08875621","-0.083333336","-0.42969814","-1.2389371"
"Leuconostoc","0.57965076","0.7299107","1.2377455","1.2377455","1.2377455","1.1515275","0.73685014","1.34307","0.6365949","1.2709413","1.3374971","-0.093875535","-0.21134944","2.19089","-0.08875621","-0.083333336","-0.42969814","-1.2389371"
"Leuconostoc citreum","0.57965076","0.7299107","-0.8079205","-0.8079205","-0.8079205","-0.64594126","-0.67825854","-0.64059675","-0.7282978","-0.6700486","-0.5664857","-0.093875535","-0.21134944","-0.45643547","-0.08875621","-0.083333336","-0.42969814","0.80714345"
"Leuconostoc holzapfelii","0.57965076","0.7299107","-0.8079205","-0.8079205","-0.8079205","-0.64594126","-0.67825854","-0.64059675","-0.7282978","-0.6700486","-0.5664857","-0.093875535","-0.21134944","-0.45643547","-0.08875621","-0.083333336","-0.42969814","0.80714345"
"Leuconostocaceae","0.57965076","0.7299107","1.2377455","1.2377455","1.2377455","0.74477047","0.73685014","0.89417744","1.435006","0.8681495","0.60093606","-0.093875535","4.7315","-0.45643547","-0.08875621","-0.083333336","-0.42969814","-1.2389371"
"Leucosporidium","0.57965076","-1.3700308","-0.8079205","-0.8079205","-0.8079205","-0.64594126","-0.67825854","-0.64059675","-0.7282978","-0.6700486","-0.5664857","-0.093875535","-0.21134944","-0.45643547","-0.08875621","-0.083333336","-0.42969814","0.80714345"
"Limnobacter","0.57965076","0.7299107","1.2377455","1.2377455","1.2377455","0.74477047","0.73685014","0.57568306","1.435006","0.8681495","0.60093606","-0.093875535","-0.21134944","2.19089","-0.08875621","-0.083333336","-0.42969814","-1.2389371"
"Limnohabitans","0.57965076","0.7299107","1.2377455","1.2377455","1.2377455","0.049414594","0.21457562","0.12679036","0.6365949","0.30044636","0.17007542","-0.093875535","-0.21134944","2.19089","-0.08875621","-0.083333336","-0.42969814","-1.2389371"
"Lipomycetaceae","0.57965076","-1.3700308","1.2377455","1.2377455","1.2377455","0.049414594","0.21457562","0.12679036","0.6365949","0.30044636","-0.5664857","-0.093875535","4.7315","-0.45643547","-0.08875621","-0.083333336","-0.42969814","-1.2389371"
"Listeria","0.57965076","0.7299107","-0.8079205","-0.8079205","-0.8079205","-0.64594126","-0.67825854","-0.64059675","-0.7282978","-0.6700486","-0.5664857","-0.093875535","-0.21134944","-0.45643547","-0.08875621","-0.083333336","-0.42969814","0.80714345"
"Listeria monocytogenes","0.57965076","-1.3700308","1.2377455","1.2377455","1.2377455","0.049414594","0.21457562","0.12679036","0.6365949","0.30044636","0.17007542","-0.093875535","-0.21134944","-0.45643547","-0.08875621","-0.083333336","2.3272147","-1.2389371"
"Listeria sp.","0.57965076","-1.3700308","1.2377455","1.2377455","1.2377455","0.049414594","0.21457562","0.12679036","0.6365949","0.30044636","-0.5664857","-0.093875535","-0.21134944","-0.45643547","-0.08875621","-0.083333336","2.3272147","-1.2389371"
"Listeriaceae","0.57965076","0.7299107","1.2377455","1.2377455","1.2377455","0.45617172","0.73685014","0.57568306","0.6365949","0.8681495","0.60093606","-0.093875535","4.7315","-0.45643547","-0.08875621","-0.083333336","-0.42969814","-1.2389371"
"Lonepinella","0.57965076","0.7299107","-0.8079205","-0.8079205","-0.8079205","-0.64594126","-0.67825854","-0.64059675","-0.7282978","-0.6700486","-0.5664857","-0.093875535","-0.21134944","-0.45643547","-0.08875621","-0.083333336","-0.42969814","0.80714345"
"Lophiostomataceae","0.57965076","-1.3700308","-0.8079205","-0.8079205","-0.8079205","-0.64594126","-0.67825854","-0.64059675","-0.7282978","-0.6700486","-0.5664857","-0.093875535","-0.21134944","-0.45643547","-0.08875621","-0.083333336","-0.42969814","0.80714345"
"Lupinus","0.57965076","0.7299107","1.2377455","1.2377455","1.2377455","0.74477047","1.1074097","0.57568306","0.6365949","0.30044636","0.90663654","-0.093875535","-0.21134944","2.19089","-0.08875621","-0.083333336","-0.42969814","-1.2389371"
"Luteibacter","0.57965076","0.7299107","-0.8079205","-0.8079205","-0.8079205","-0.64594126","-0.67825854","-0.64059675","-0.7282978","-0.6700486","-0.5664857","-0.093875535","-0.21134944","-0.45643547","-0.08875621","-0.083333336","-0.42969814","0.80714345"
"Lutibacter","0.57965076","0.7299107","-0.8079205","-0.8079205","-0.8079205","-0.64594126","-0.67825854","-0.64059675","-0.7282978","-0.6700486","-0.5664857","-0.093875535","-0.21134944","-0.45643547","-0.08875621","-0.083333336","-0.42969814","0.80714345"
"Lutispora","0.57965076","0.7299107","1.2377455","1.2377455","1.2377455","0.049414594","0.21457562","0.12679036","0.6365949","0.30044636","0.17007542","-0.093875535","-0.21134944","2.19089","-0.08875621","-0.083333336","-0.42969814","-1.2389371"
"Lymphocryptovirus","0.57965076","-1.3700308","-0.8079205","-0.8079205","-0.8079205","-0.64594126","-0.67825854","-0.64059675","-0.7282978","-0.6700486","-0.5664857","-0.093875535","-0.21134944","-0.45643547","-0.08875621","-0.083333336","-0.42969814","0.80714345"
"Lyrodus pedicellatus","0.57965076","0.7299107","-0.8079205","-0.8079205","-0.8079205","-0.64594126","-0.67825854","-0.64059675","-0.7282978","-0.6700486","-0.5664857","-0.093875535","-0.21134944","-0.45643547","-0.08875621","-0.083333336","-0.42969814","0.80714345"
"Lysinibacillus","0.57965076","0.7299107","-0.8079205","-0.8079205","-0.8079205","-0.64594126","-0.67825854","-0.64059675","-0.7282978","-0.6700486","-0.5664857","-0.093875535","-0.21134944","-0.45643547","-0.08875621","-0.083333336","-0.42969814","0.80714345"
"Lysinibacillus boronitolerans","0.57965076","0.7299107","-0.8079205","-0.8079205","-0.8079205","-0.64594126","-0.67825854","-0.64059675","-0.7282978","-0.6700486","-0.5664857","-0.093875535","-0.21134944","-0.45643547","-0.08875621","-0.083333336","-0.42969814","0.80714345"
"Lysobacter","0.57965076","0.7299107","-0.8079205","-0.8079205","-0.8079205","-0.64594126","-0.67825854","-0.64059675","-0.7282978","-0.6700486","-0.5664857","-0.093875535","-0.21134944","-0.45643547","-0.08875621","-0.083333336","-0.42969814","0.80714345"
"Lysobacter sp.","-1.7251766","-1.3700308","-0.8079205","-0.8079205","-0.8079205","-0.64594126","-0.67825854","-0.64059675","-0.7282978","-0.6700486","-0.5664857","-0.093875535","-0.21134944","-0.45643547","-0.08875621","-0.083333336","-0.42969814","0.80714345"
"Lysurus","0.57965076","0.7299107","1.2377455","1.2377455","1.2377455","0.049414594","0.21457562","0.12679036","0.6365949","0.30044636","0.17007542","-0.093875535","-0.21134944","2.19089","-0.08875621","-0.083333336","-0.42969814","-1.2389371"
"ML615J-28","-1.7251766","-1.3700308","-0.8079205","-0.8079205","-0.8079205","-0.64594126","-0.67825854","-0.64059675","-0.7282978","-0.6700486","-0.5664857","-0.093875535","-0.21134944","-0.45643547","-0.08875621","-0.083333336","-0.42969814","0.80714345"
"Macellibacteroides fermentans","0.57965076","0.7299107","-0.8079205","-0.8079205","-0.8079205","-0.64594126","-0.67825854","-0.64059675","-0.7282978","-0.6700486","-0.5664857","-0.093875535","-0.21134944","-0.45643547","-0.08875621","-0.083333336","-0.42969814","0.80714345"
"Macrococcus","0.57965076","0.7299107","1.2377455","1.2377455","1.2377455","0.049414594","0.21457562","0.12679036","0.6365949","0.30044636","0.17007542","-0.093875535","-0.21134944","2.19089","-0.08875621","-0.083333336","-0.42969814","-1.2389371"
"Mageeibacillus indolicus","0.57965076","0.7299107","-0.8079205","-0.8079205","-0.8079205","-0.64594126","-0.67825854","-0.64059675","-0.7282978","-0.6700486","-0.5664857","-0.093875535","-0.21134944","-0.45643547","-0.08875621","-0.083333336","-0.42969814","0.80714345"
"Malassezia","0.57965076","-1.3700308","1.2377455","1.2377455","1.2377455","0.45617172","0.73685014","0.57568306","1.435006","0.8681495","-0.5664857","-0.093875535","-0.21134944","2.19089","-0.08875621","-0.083333336","-0.42969814","-1.2389371"
"Malassezia furfur","0.57965076","0.7299107","-0.8079205","-0.8079205","-0.8079205","-0.64594126","-0.67825854","-0.64059675","-0.7282978","-0.6700486","-0.5664857","-0.093875535","-0.21134944","-0.45643547","-0.08875621","-0.083333336","-0.42969814","0.80714345"
"Malassezia globosa","0.57965076","0.7299107","1.2377455","1.2377455","1.2377455","0.45617172","0.73685014","0.57568306","1.435006","0.8681495","-0.5664857","-0.093875535","-0.21134944","-0.45643547","-0.08875621","-0.083333336","2.3272147","-1.2389371"
"Malassezia restricta","0.57965076","0.7299107","-0.8079205","-0.8079205","-0.8079205","-0.64594126","-0.67825854","-0.64059675","-0.7282978","-0.6700486","-0.5664857","-0.093875535","-0.21134944","-0.45643547","-0.08875621","-0.083333336","-0.42969814","0.80714345"
"Malassezia slooffiae","0.57965076","0.7299107","-0.8079205","-0.8079205","-0.8079205","-0.64594126","-0.67825854","-0.64059675","-0.7282978","-0.6700486","-0.5664857","-0.093875535","-0.21134944","-0.45643547","-0.08875621","-0.083333336","-0.42969814","0.80714345"
"Malassezia sympodialis","0.57965076","0.7299107","1.2377455","1.2377455","1.2377455","0.049414594","0.21457562","0.12679036","0.6365949","0.30044636","-0.5664857","-0.093875535","-0.21134944","-0.45643547","-0.08875621","-0.083333336","2.3272147","-1.2389371"
"Malasseziales incertae sedis","0.57965076","-1.3700308","-0.8079205","-0.8079205","-0.8079205","-0.64594126","-0.67825854","-0.64059675","-0.7282978","-0.6700486","-0.5664857","-0.093875535","-0.21134944","-0.45643547","-0.08875621","-0.083333336","-0.42969814","0.80714345"
"Malasseziomycetes","0.57965076","-1.3700308","1.2377455","1.2377455","1.2377455","0.049414594","0.21457562","0.12679036","0.6365949","0.30044636","-0.5664857","10.652403","-0.21134944","-0.45643547","-0.08875621","-0.083333336","-0.42969814","-1.2389371"
"Mannheimia","0.57965076","0.7299107","-0.8079205","-0.8079205","-0.8079205","-0.64594126","-0.67825854","-0.64059675","-0.7282978","-0.6700486","-0.5664857","-0.093875535","-0.21134944","-0.45643547","-0.08875621","-0.083333336","-0.42969814","0.80714345"
"Mannheimia caviae","0.57965076","-1.3700308","-0.8079205","-0.8079205","-0.8079205","-0.64594126","-0.67825854","-0.64059675","-0.7282978","-0.6700486","-0.5664857","-0.093875535","-0.21134944","-0.45643547","-0.08875621","-0.083333336","-0.42969814","0.80714345"
"Marasmiaceae","0.57965076","-1.3700308","1.2377455","1.2377455","1.2377455","0.049414594","0.21457562","0.12679036","0.6365949","0.30044636","-0.5664857","-0.093875535","4.7315","-0.45643547","-0.08875621","-0.083333336","-0.42969814","-1.2389371"
"Marinicella","0.57965076","0.7299107","-0.8079205","-0.8079205","-0.8079205","-0.64594126","-0.67825854","-0.64059675","-0.7282978","-0.6700486","-0.5664857","-0.093875535","-0.21134944","-0.45643547","-0.08875621","-0.083333336","-0.42969814","0.80714345"
"Marinobacter","0.57965076","-1.3700308","1.2377455","1.2377455","1.2377455","0.049414594","0.21457562","0.12679036","0.6365949","0.30044636","0.17007542","-0.093875535","-0.21134944","2.19089","-0.08875621","-0.083333336","-0.42969814","-1.2389371"
"Marseillibacter massiliensis","0.57965076","0.7299107","-0.8079205","-0.8079205","-0.8079205","-0.64594126","-0.67825854","-0.64059675","-0.7282978","-0.6700486","-0.5664857","-0.093875535","-0.21134944","-0.45643547","-0.08875621","-0.083333336","-0.42969814","0.80714345"
"Marvinbryantia","0.57965076","0.7299107","1.2377455","1.2377455","1.2377455","0.74477047","1.1074097","0.89417744","2.0014877","0.30044636","0.17007542","-0.093875535","-0.21134944","2.19089","-0.08875621","-0.083333336","-0.42969814","-1.2389371"
"Marvinbryantia formatexigens","-1.7251766","-1.3700308","-0.8079205","-0.8079205","-0.8079205","-0.64594126","-0.67825854","-0.64059675","-0.7282978","-0.6700486","-0.5664857","-0.093875535","-0.21134944","-0.45643547","-0.08875621","-0.083333336","-0.42969814","0.80714345"
"Massilia","0.57965076","-1.3700308","1.2377455","1.2377455","1.2377455","0.96862507","1.1074097","0.89417744","0.6365949","1.2709413","1.1437563","-0.093875535","-0.21134944","2.19089","-0.08875621","-0.083333336","-0.42969814","-1.2389371"
"Mastodon intestinal bacterium AN-22-6","-1.7251766","-1.3700308","-0.8079205","-0.8079205","-0.8079205","-0.64594126","-0.67825854","-0.64059675","-0.7282978","-0.6700486","-0.5664857","-0.093875535","-0.21134944","-0.45643547","-0.08875621","-0.083333336","-0.42969814","0.80714345"
"Megamonas","0.57965076","0.7299107","1.2377455","1.2377455","1.2377455","2.070738","2.2876725","2.1990728","1.435006","1.5833708","2.237864","-0.093875535","-0.21134944","2.19089","-0.08875621","-0.083333336","-0.42969814","-1.2389371"
"Megamonas funiformis","0.57965076","0.7299107","1.2377455","1.2377455","1.2377455","0.049414594","0.21457562","0.12679036","0.6365949","0.30044636","-0.5664857","-0.093875535","-0.21134944","-0.45643547","-0.08875621","-0.083333336","2.3272147","-1.2389371"
"Megamonas hypermegale","0.57965076","0.7299107","1.2377455","1.2377455","1.2377455","0.45617172","0.73685014","0.57568306","1.435006","0.30044636","0.17007542","-0.093875535","-0.21134944","-0.45643547","-0.08875621","-0.083333336","2.3272147","-1.2389371"
"Megamonas rupellensis","0.57965076","0.7299107","1.2377455","1.2377455","1.2377455","0.049414594","0.21457562","0.12679036","0.6365949","0.30044636","-0.5664857","-0.093875535","-0.21134944","-0.45643547","-0.08875621","-0.083333336","2.3272147","-1.2389371"
"Megasphaera","0.57965076","0.7299107","1.2377455","1.2377455","1.2377455","2.4995441","2.6256204","2.6192079","2.0014877","2.4063475","2.6687245","-0.093875535","-0.21134944","2.19089","-0.08875621","-0.083333336","-0.42969814","-1.2389371"
"Megasphaera elsdenii","0.57965076","0.7299107","-0.8079205","-0.8079205","-0.8079205","-0.64594126","-0.67825854","-0.64059675","-0.7282978","-0.6700486","-0.5664857","-0.093875535","-0.21134944","-0.45643547","-0.08875621","-0.083333336","-0.42969814","0.80714345"
"Megasphaera micronuciformis","0.57965076","0.7299107","1.2377455","1.2377455","1.2377455","0.74477047","0.73685014","0.57568306","1.435006","0.30044636","0.60093606","-0.093875535","-0.21134944","-0.45643547","-0.08875621","-0.083333336","2.3272147","-1.2389371"
"Meiothermus","0.57965076","0.7299107","-0.8079205","-0.8079205","-0.8079205","-0.64594126","-0.67825854","-0.64059675","-0.7282978","-0.6700486","-0.5664857","-0.093875535","-0.21134944","-0.45643547","-0.08875621","-0.083333336","-0.42969814","0.80714345"
"Methanobacteriaceae","0.57965076","-1.3700308","1.2377455","1.2377455","1.2377455","0.96862507","1.3948382","0.89417744","1.435006","0.30044636","0.60093606","-0.093875535","4.7315","-0.45643547","-0.08875621","-0.083333336","-0.42969814","-1.2389371"
"Methanobacteriales","0.57965076","-1.3700308","1.2377455","1.2377455","1.2377455","0.74477047","0.73685014","0.57568306","1.435006","0.30044636","0.17007542","-0.093875535","-0.21134944","-0.45643547","11.266818","-0.083333336","-0.42969814","-1.2389371"
"Methanobrevibacter","0.57965076","0.7299107","1.2377455","1.2377455","1.2377455","1.8468834","1.8282436","1.7919627","2.0014877","0.8681495","1.6431977","-0.093875535","-0.21134944","2.19089","-0.08875621","-0.083333336","-0.42969814","-1.2389371"
"Methanobrevibacter smithii","0.57965076","0.7299107","1.2377455","1.2377455","1.2377455","0.74477047","1.1074097","0.57568306","1.435006","0.30044636","0.17007542","-0.093875535","-0.21134944","-0.45643547","-0.08875621","-0.083333336","2.3272147","-1.2389371"
"Methanobrevibacterium","-1.7251766","-1.3700308","-0.8079205","-0.8079205","-0.8079205","-0.64594126","-0.67825854","-0.64059675","-0.7282978","-0.6700486","-0.5664857","-0.093875535","-0.21134944","-0.45643547","-0.08875621","-0.083333336","-0.42969814","0.80714345"
"Methanoculleus","0.57965076","0.7299107","-0.8079205","-0.8079205","-0.8079205","-0.64594126","-0.67825854","-0.64059675","-0.7282978","-0.6700486","-0.5664857","-0.093875535","-0.21134944","-0.45643547","-0.08875621","-0.083333336","-0.42969814","0.80714345"
"Methanomethylophilus","0.57965076","0.7299107","-0.8079205","-0.8079205","-0.8079205","-0.64594126","-0.67825854","-0.64059675","-0.7282978","-0.6700486","-0.5664857","-0.093875535","-0.21134944","-0.45643547","-0.08875621","-0.083333336","-0.42969814","0.80714345"
"Methanosphaera","0.57965076","0.7299107","-0.8079205","-0.8079205","-0.8079205","-0.64594126","-0.67825854","-0.64059675","-0.7282978","-0.6700486","-0.5664857","-0.093875535","-0.21134944","-0.45643547","-0.08875621","-0.083333336","-0.42969814","0.80714345"
"Methanothermobacter","0.57965076","0.7299107","-0.8079205","-0.8079205","-0.8079205","-0.64594126","-0.67825854","-0.64059675","-0.7282978","-0.6700486","-0.5664857","-0.093875535","-0.21134944","-0.45643547","-0.08875621","-0.083333336","-0.42969814","0.80714345"
"Methylobacillus","0.57965076","0.7299107","-0.8079205","-0.8079205","-0.8079205","-0.64594126","-0.67825854","-0.64059675","-0.7282978","-0.6700486","-0.5664857","-0.093875535","-0.21134944","-0.45643547","-0.08875621","-0.083333336","-0.42969814","0.80714345"
"Methylobacter","0.57965076","0.7299107","-0.8079205","-0.8079205","-0.8079205","-0.64594126","-0.67825854","-0.64059675","-0.7282978","-0.6700486","-0.5664857","-0.093875535","-0.21134944","-0.45643547","-0.08875621","-0.083333336","-0.42969814","0.80714345"
"Methylobacteriaceae","0.57965076","0.7299107","1.2377455","1.2377455","1.2377455","1.1515275","1.6296843","1.34307","0.6365949","1.5833708","1.3374971","-0.093875535","4.7315","-0.45643547","-0.08875621","-0.083333336","-0.42969814","-1.2389371"
"Methylobacterium","0.57965076","0.7299107","1.2377455","1.2377455","1.2377455","2.0015254","2.2876725","2.1104572","1.435006","2.553866","2.1591141","-0.093875535","-0.21134944","2.19089","-0.08875621","-0.083333336","-0.42969814","-1.2389371"
"Methylobacterium adhaesivum","0.57965076","0.7299107","-0.8079205","-0.8079205","-0.8079205","-0.64594126","-0.67825854","-0.64059675","-0.7282978","-0.6700486","-0.5664857","-0.093875535","-0.21134944","-0.45643547","-0.08875621","-0.083333336","-0.42969814","0.80714345"
"Methylobacterium radiotolerans","0.57965076","0.7299107","1.2377455","1.2377455","1.2377455","0.45617172","0.73685014","0.57568306","1.435006","0.8681495","0.17007542","-0.093875535","-0.21134944","-0.45643547","-0.08875621","-0.083333336","2.3272147","-1.2389371"
"Methylophaga","0.57965076","0.7299107","1.2377455","1.2377455","1.2377455","0.049414594","0.21457562","0.12679036","0.6365949","0.30044636","0.17007542","-0.093875535","-0.21134944","2.19089","-0.08875621","-0.083333336","-0.42969814","-1.2389371"
"Methylophilus","0.57965076","0.7299107","-0.8079205","-0.8079205","-0.8079205","-0.64594126","-0.67825854","-0.64059675","-0.7282978","-0.6700486","-0.5664857","-0.093875535","-0.21134944","-0.45643547","-0.08875621","-0.083333336","-0.42969814","0.80714345"
"Methylotenera","0.57965076","0.7299107","1.2377455","1.2377455","1.2377455","0.45617172","0.21457562","0.12679036","0.6365949","0.30044636","0.60093606","-0.093875535","-0.21134944","2.19089","-0.08875621","-0.083333336","-0.42969814","-1.2389371"
"Methylotenera mobilis","0.57965076","0.7299107","-0.8079205","-0.8079205","-0.8079205","-0.64594126","-0.67825854","-0.64059675","-0.7282978","-0.6700486","-0.5664857","-0.093875535","-0.21134944","-0.45643547","-0.08875621","-0.083333336","-0.42969814","0.80714345"
"Microascaceae","0.57965076","0.7299107","-0.8079205","-0.8079205","-0.8079205","-0.64594126","-0.67825854","-0.64059675","-0.7282978","-0.6700486","-0.5664857","-0.093875535","-0.21134944","-0.45643547","-0.08875621","-0.083333336","-0.42969814","0.80714345"
"Microbacterium","0.57965076","0.7299107","1.2377455","1.2377455","1.2377455","1.1515275","1.3948382","1.1412209","2.0014877","1.5833708","0.90663654","-0.093875535","-0.21134944","2.19089","-0.08875621","-0.083333336","-0.42969814","-1.2389371"
"Microbacterium barkeri","0.57965076","0.7299107","-0.8079205","-0.8079205","-0.8079205","-0.64594126","-0.67825854","-0.64059675","-0.7282978","-0.6700486","-0.5664857","-0.093875535","-0.21134944","-0.45643547","-0.08875621","-0.083333336","-0.42969814","0.80714345"
"Microcella","0.57965076","0.7299107","-0.8079205","-0.8079205","-0.8079205","-0.64594126","-0.67825854","-0.64059675","-0.7282978","-0.6700486","-0.5664857","-0.093875535","-0.21134944","-0.45643547","-0.08875621","-0.083333336","-0.42969814","0.80714345"
"Micrococcaceae","0.57965076","0.7299107","1.2377455","1.2377455","1.2377455","2.1354823","2.2876725","2.2811184","2.0014877","2.8091393","2.1591141","-0.093875535","4.7315","-0.45643547","-0.08875621","-0.083333336","-0.42969814","-1.2389371"
"Micrococcus","0.57965076","0.7299107","1.2377455","1.2377455","1.2377455","1.3061694","1.3948382","1.5137312","0.6365949","1.8386444","1.5013028","-0.093875535","-0.21134944","2.19089","-0.08875621","-0.083333336","-0.42969814","-1.2389371"
"Micrococcus luteus","0.57965076","0.7299107","1.2377455","1.2377455","1.2377455","0.45617172","0.73685014","0.57568306","0.6365949","0.8681495","0.60093606","-0.093875535","-0.21134944","-0.45643547","-0.08875621","-0.083333336","2.3272147","-1.2389371"
"Microcystis","0.57965076","0.7299107","-0.8079205","-0.8079205","-0.8079205","-0.64594126","-0.67825854","-0.64059675","-0.7282978","-0.6700486","-0.5664857","-0.093875535","-0.21134944","-0.45643547","-0.08875621","-0.083333336","-0.42969814","0.80714345"
"Microdochium","0.57965076","0.7299107","-0.8079205","-0.8079205","-0.8079205","-0.64594126","-0.67825854","-0.64059675","-0.7282978","-0.6700486","-0.5664857","-0.093875535","-0.21134944","-0.45643547","-0.08875621","-0.083333336","-0.42969814","0.80714345"
"Micromonosporaceae","0.57965076","0.7299107","-0.8079205","-0.8079205","-0.8079205","-0.64594126","-0.67825854","-0.64059675","-0.7282978","-0.6700486","-0.5664857","-0.093875535","-0.21134944","-0.45643547","-0.08875621","-0.083333336","-0.42969814","0.80714345"
"Microvirgula","0.57965076","0.7299107","1.2377455","1.2377455","1.2377455","0.049414594","0.21457562","0.12679036","0.6365949","0.30044636","0.17007542","-0.093875535","-0.21134944","2.19089","-0.08875621","-0.083333336","-0.42969814","-1.2389371"
"Microviridae","0.57965076","-1.3700308","1.2377455","1.2377455","1.2377455","0.049414594","0.21457562","0.12679036","0.6365949","0.30044636","-0.5664857","-0.093875535","4.7315","-0.45643547","-0.08875621","-0.083333336","-0.42969814","-1.2389371"
"Mimivirus","0.57965076","-1.3700308","1.2377455","1.2377455","1.2377455","0.049414594","0.21457562","0.12679036","0.6365949","0.30044636","-0.5664857","-0.093875535","-0.21134944","2.19089","-0.08875621","-0.083333336","-0.42969814","-1.2389371"
"Mitis group streptococci","-1.7251766","0.7299107","-0.8079205","-0.8079205","-0.8079205","-0.64594126","-0.67825854","-0.64059675","-0.7282978","-0.6700486","-0.5664857","-0.093875535","-0.21134944","-0.45643547","-0.08875621","-0.083333336","-0.42969814","0.80714345"
"Mitrastema yamamotoi","0.57965076","0.7299107","-0.8079205","-0.8079205","-0.8079205","-0.64594126","-0.67825854","-0.64059675","-0.7282978","-0.6700486","-0.5664857","-0.093875535","-0.21134944","-0.45643547","-0.08875621","-0.083333336","-0.42969814","0.80714345"
"Mitsuaria","0.57965076","0.7299107","-0.8079205","-0.8079205","-0.8079205","-0.64594126","-0.67825854","-0.64059675","-0.7282978","-0.6700486","-0.5664857","-0.093875535","-0.21134944","-0.45643547","-0.08875621","-0.083333336","-0.42969814","0.80714345"
"Mitsuokella","0.57965076","0.7299107","1.2377455","1.2377455","1.2377455","1.9271811","1.1074097","1.5137312","0.6365949","1.5833708","2.1591141","-0.093875535","-0.21134944","2.19089","-0.08875621","-0.083333336","-0.42969814","-1.2389371"
"Mitsuokella jalaludinii","0.57965076","0.7299107","-0.8079205","-0.8079205","-0.8079205","-0.64594126","-0.67825854","-0.64059675","-0.7282978","-0.6700486","-0.5664857","-0.093875535","-0.21134944","-0.45643547","-0.08875621","-0.083333336","-0.42969814","0.80714345"
"Mitsuokella multacida","0.57965076","0.7299107","-0.8079205","-0.8079205","-0.8079205","-0.64594126","-0.67825854","-0.64059675","-0.7282978","-0.6700486","-0.5664857","-0.093875535","-0.21134944","-0.45643547","-0.08875621","-0.083333336","-0.42969814","0.80714345"
"Mixed lactic acid bacteria","-1.7251766","-1.3700308","-0.8079205","-0.8079205","-0.8079205","-0.64594126","-0.67825854","-0.64059675","-0.7282978","-0.6700486","-0.5664857","-0.093875535","-0.21134944","-0.45643547","-0.08875621","-0.083333336","-0.42969814","0.80714345"
"Mobiluncus","0.57965076","0.7299107","1.2377455","1.2377455","1.2377455","0.74477047","1.1074097","0.89417744","1.435006","1.2709413","0.60093606","-0.093875535","-0.21134944","2.19089","-0.08875621","-0.083333336","-0.42969814","-1.2389371"
"Mobiluncus curtisii","0.57965076","0.7299107","-0.8079205","-0.8079205","-0.8079205","-0.64594126","-0.67825854","-0.64059675","-0.7282978","-0.6700486","-0.5664857","-0.093875535","-0.21134944","-0.45643547","-0.08875621","-0.083333336","-0.42969814","0.80714345"
"Mobiluncus mulieris","0.57965076","0.7299107","-0.8079205","-0.8079205","-0.8079205","-0.64594126","-0.67825854","-0.64059675","-0.7282978","-0.6700486","-0.5664857","-0.093875535","-0.21134944","-0.45643547","-0.08875621","-0.083333336","-0.42969814","0.80714345"
"Modestobacter","0.57965076","0.7299107","1.2377455","1.2377455","1.2377455","0.74477047","0.21457562","0.12679036","0.6365949","0.30044636","0.90663654","-0.093875535","-0.21134944","2.19089","-0.08875621","-0.083333336","-0.42969814","-1.2389371"
"Mogibacterium","0.57965076","0.7299107","1.2377455","1.2377455","1.2377455","2.070738","1.8282436","1.908608","0.6365949","2.0544753","2.311178","-0.093875535","-0.21134944","2.19089","-0.08875621","-0.083333336","-0.42969814","-1.2389371"
"Mogibacterium diversum","0.57965076","0.7299107","-0.8079205","-0.8079205","-0.8079205","-0.64594126","-0.67825854","-0.64059675","-0.7282978","-0.6700486","-0.5664857","-0.093875535","-0.21134944","-0.45643547","-0.08875621","-0.083333336","-0.42969814","0.80714345"
"Mogibacterium neglectum","0.57965076","0.7299107","-0.8079205","-0.8079205","-0.8079205","-0.64594126","-0.67825854","-0.64059675","-0.7282978","-0.6700486","-0.5664857","-0.093875535","-0.21134944","-0.45643547","-0.08875621","-0.083333336","-0.42969814","0.80714345"
"Mogibacterium timidum","0.57965076","0.7299107","1.2377455","1.2377455","1.2377455","0.049414594","0.21457562","0.12679036","0.6365949","0.30044636","0.17007542","-0.093875535","-0.21134944","-0.45643547","-0.08875621","-0.083333336","2.3272147","-1.2389371"
"Mogibacterium vescum","0.57965076","0.7299107","-0.8079205","-0.8079205","-0.8079205","-0.64594126","-0.67825854","-0.64059675","-0.7282978","-0.6700486","-0.5664857","-0.093875535","-0.21134944","-0.45643547","-0.08875621","-0.083333336","-0.42969814","0.80714345"
"Moineauvirus","0.57965076","-1.3700308","-0.8079205","-0.8079205","-0.8079205","-0.64594126","-0.67825854","-0.64059675","-0.7282978","-0.6700486","-0.5664857","-0.093875535","-0.21134944","-0.45643547","-0.08875621","-0.083333336","-0.42969814","0.80714345"
"Mollicutes","0.57965076","-1.3700308","1.2377455","1.2377455","1.2377455","1.9271811","2.151959","1.34307","0.6365949","1.2709413","2.1591141","10.652403","-0.21134944","-0.45643547","-0.08875621","-0.083333336","-0.42969814","-1.2389371"
"Monascus purpureus","0.57965076","0.7299107","-0.8079205","-0.8079205","-0.8079205","-0.64594126","-0.67825854","-0.64059675","-0.7282978","-0.6700486","-0.5664857","-0.093875535","-0.21134944","-0.45643547","-0.08875621","-0.083333336","-0.42969814","0.80714345"
"Monilinia","0.57965076","0.7299107","1.2377455","1.2377455","1.2377455","0.049414594","0.21457562","0.12679036","0.6365949","0.30044636","-0.5664857","-0.093875535","-0.21134944","2.19089","-0.08875621","-0.083333336","-0.42969814","-1.2389371"
"Moniliophthora","0.57965076","-1.3700308","1.2377455","1.2377455","1.2377455","0.049414594","0.21457562","0.12679036","0.6365949","0.30044636","-0.5664857","-0.093875535","-0.21134944","2.19089","-0.08875621","-0.083333336","-0.42969814","-1.2389371"
"Monographella nivalis","0.57965076","0.7299107","-0.8079205","-0.8079205","-0.8079205","-0.64594126","-0.67825854","-0.64059675","-0.7282978","-0.6700486","-0.5664857","-0.093875535","-0.21134944","-0.45643547","-0.08875621","-0.083333336","-0.42969814","0.80714345"
"Montagnulaceae","0.57965076","-1.3700308","-0.8079205","-0.8079205","-0.8079205","-0.64594126","-0.67825854","-0.64059675","-0.7282978","-0.6700486","-0.5664857","-0.093875535","-0.21134944","-0.45643547","-0.08875621","-0.083333336","-0.42969814","0.80714345"
"Moraxella","0.57965076","0.7299107","1.2377455","1.2377455","1.2377455","1.1515275","1.6296843","1.34307","1.435006","1.8386444","1.1437563","-0.093875535","-0.21134944","2.19089","-0.08875621","-0.083333336","-0.42969814","-1.2389371"
"Moraxella catarrhalis","0.57965076","0.7299107","-0.8079205","-0.8079205","-0.8079205","-0.64594126","-0.67825854","-0.64059675","-0.7282978","-0.6700486","-0.5664857","-0.093875535","-0.21134944","-0.45643547","-0.08875621","-0.083333336","-0.42969814","0.80714345"
"Moraxella nonliquefaciens","0.57965076","0.7299107","-0.8079205","-0.8079205","-0.8079205","-0.64594126","-0.67825854","-0.64059675","-0.7282978","-0.6700486","-0.5664857","-0.093875535","-0.21134944","-0.45643547","-0.08875621","-0.083333336","-0.42969814","0.80714345"
"Moraxella osloensis","0.57965076","0.7299107","1.2377455","1.2377455","1.2377455","0.049414594","0.21457562","0.12679036","0.6365949","0.30044636","0.17007542","-0.093875535","-0.21134944","-0.45643547","-0.08875621","-0.083333336","2.3272147","-1.2389371"
"Moraxellaceae","0.57965076","0.7299107","1.2377455","1.2377455","1.2377455","1.7595948","1.8282436","1.908608","0.6365949","2.0544753","1.9815972","-0.093875535","4.7315","-0.45643547","-0.08875621","-0.083333336","-0.42969814","-1.2389371"
"Morganella","0.57965076","0.7299107","1.2377455","1.2377455","1.2377455","1.8468834","1.8282436","2.0141265","1.435006","2.0544753","1.9815972","-0.093875535","-0.21134944","2.19089","-0.08875621","-0.083333336","-0.42969814","-1.2389371"
"Mortierella","0.57965076","0.7299107","-0.8079205","-0.8079205","-0.8079205","-0.64594126","-0.67825854","-0.64059675","-0.7282978","-0.6700486","-0.5664857","-0.093875535","-0.21134944","-0.45643547","-0.08875621","-0.083333336","-0.42969814","0.80714345"
"Mortierella alpina","0.57965076","0.7299107","-0.8079205","-0.8079205","-0.8079205","-0.64594126","-0.67825854","-0.64059675","-0.7282978","-0.6700486","-0.5664857","-0.093875535","-0.21134944","-0.45643547","-0.08875621","-0.083333336","-0.42969814","0.80714345"
"Moryella","0.57965076","0.7299107","1.2377455","1.2377455","1.2377455","1.7595948","2.000244","1.6615645","1.435006","1.8386444","1.8803174","-0.093875535","-0.21134944","2.19089","-0.08875621","-0.083333336","-0.42969814","-1.2389371"
"Mucispirillum","0.57965076","0.7299107","1.2377455","1.2377455","1.2377455","0.45617172","0.21457562","0.57568306","0.6365949","0.30044636","0.60093606","-0.093875535","-0.21134944","2.19089","-0.08875621","-0.083333336","-0.42969814","-1.2389371"
"Mucispirillum schaedleri","-1.7251766","-1.3700308","-0.8079205","-0.8079205","-0.8079205","-0.64594126","-0.67825854","-0.64059675","-0.7282978","-0.6700486","-0.5664857","-0.093875535","-0.21134944","-0.45643547","-0.08875621","-0.083333336","-0.42969814","0.80714345"
"Mucor fuscus","0.57965076","0.7299107","-0.8079205","-0.8079205","-0.8079205","-0.64594126","-0.67825854","-0.64059675","-0.7282978","-0.6700486","-0.5664857","-0.093875535","-0.21134944","-0.45643547","-0.08875621","-0.083333336","-0.42969814","0.80714345"
"Mucor racemosus","0.57965076","0.7299107","-0.8079205","-0.8079205","-0.8079205","-0.64594126","-0.67825854","-0.64059675","-0.7282978","-0.6700486","-0.5664857","-0.093875535","-0.21134944","-0.45643547","-0.08875621","-0.083333336","-0.42969814","0.80714345"
"Murdochiella","0.57965076","0.7299107","-0.8079205","-0.8079205","-0.8079205","-0.64594126","-0.67825854","-0.64059675","-0.7282978","-0.6700486","-0.5664857","-0.093875535","-0.21134944","-0.45643547","-0.08875621","-0.083333336","-0.42969814","0.80714345"
"Muribaculaceae","0.57965076","-1.3700308","1.2377455","1.2377455","1.2377455","0.45617172","0.73685014","0.57568306","0.6365949","0.8681495","0.60093606","-0.093875535","4.7315","-0.45643547","-0.08875621","-0.083333336","-0.42969814","-1.2389371"
"Murimonas","-1.7251766","-1.3700308","-0.8079205","-0.8079205","-0.8079205","-0.64594126","-0.67825854","-0.64059675","-0.7282978","-0.6700486","-0.5664857","-0.093875535","-0.21134944","-0.45643547","-0.08875621","-0.083333336","-0.42969814","0.80714345"
"Muvirus","0.57965076","-1.3700308","-0.8079205","-0.8079205","-0.8079205","-0.64594126","-0.67825854","-0.64059675","-0.7282978","-0.6700486","-0.5664857","-0.093875535","-0.21134944","-0.45643547","-0.08875621","-0.083333336","-0.42969814","0.80714345"
"Myceligenerans","0.57965076","0.7299107","-0.8079205","-0.8079205","-0.8079205","-0.64594126","-0.67825854","-0.64059675","-0.7282978","-0.6700486","-0.5664857","-0.093875535","-0.21134944","-0.45643547","-0.08875621","-0.083333336","-0.42969814","0.80714345"
"Mycobacteriaceae","0.57965076","-1.3700308","-0.8079205","-0.8079205","-0.8079205","-0.64594126","-0.67825854","-0.64059675","-0.7282978","-0.6700486","-0.5664857","-0.093875535","-0.21134944","-0.45643547","-0.08875621","-0.083333336","-0.42969814","0.80714345"
"Mycobacterium","0.57965076","0.7299107","1.2377455","1.2377455","1.2377455","0.96862507","1.1074097","0.89417744","2.0014877","1.2709413","0.60093606","-0.093875535","-0.21134944","2.19089","-0.08875621","-0.083333336","-0.42969814","-1.2389371"
"Mycobacterium avium paratuberculosis","-1.7251766","-1.3700308","-0.8079205","-0.8079205","-0.8079205","-0.64594126","-0.67825854","-0.64059675","-0.7282978","-0.6700486","-0.5664857","-0.093875535","-0.21134944","-0.45643547","-0.08875621","-0.083333336","-0.42969814","0.80714345"
"Mycobacterium avium subsp. paratuberculosis","-1.7251766","-1.3700308","-0.8079205","-0.8079205","-0.8079205","-0.64594126","-0.67825854","-0.64059675","-0.7282978","-0.6700486","-0.5664857","-0.093875535","-0.21134944","-0.45643547","-0.08875621","-0.083333336","-0.42969814","0.80714345"
"Mycobacterium avium subspecies paratuberculosis","-1.7251766","-1.3700308","-0.8079205","-0.8079205","-0.8079205","-0.64594126","-0.67825854","-0.64059675","-0.7282978","-0.6700486","-0.5664857","-0.093875535","-0.21134944","-0.45643547","-0.08875621","-0.083333336","-0.42969814","0.80714345"
"Mycobacterium fortuitum","0.57965076","0.7299107","-0.8079205","-0.8079205","-0.8079205","-0.64594126","-0.67825854","-0.64059675","-0.7282978","-0.6700486","-0.5664857","-0.093875535","-0.21134944","-0.45643547","-0.08875621","-0.083333336","-0.42969814","0.80714345"
"Mycobacterium luteum","-1.7251766","-1.3700308","-0.8079205","-0.8079205","-0.8079205","-0.64594126","-0.67825854","-0.64059675","-0.7282978","-0.6700486","-0.5664857","-0.093875535","-0.21134944","-0.45643547","-0.08875621","-0.083333336","-0.42969814","0.80714345"
"Mycobacterium paratuberculosis","-1.7251766","-1.3700308","-0.8079205","-0.8079205","-0.8079205","-0.64594126","-0.67825854","-0.64059675","-0.7282978","-0.6700486","-0.5664857","-0.093875535","-0.21134944","-0.45643547","-0.08875621","-0.083333336","-0.42969814","0.80714345"
"Mycobacterium phlei","0.57965076","0.7299107","-0.8079205","-0.8079205","-0.8079205","-0.64594126","-0.67825854","-0.64059675","-0.7282978","-0.6700486","-0.5664857","-0.093875535","-0.21134944","-0.45643547","-0.08875621","-0.083333336","-0.42969814","0.80714345"
"Mycobacterium tuberculosis","0.57965076","0.7299107","-0.8079205","-0.8079205","-0.8079205","-0.64594126","-0.67825854","-0.64059675","-0.7282978","-0.6700486","-0.5664857","-0.093875535","-0.21134944","-0.45643547","-0.08875621","-0.083333336","-0.42969814","0.80714345"
"Mycobacterium vaccae","0.57965076","0.7299107","-0.8079205","-0.8079205","-0.8079205","-0.64594126","-0.67825854","-0.64059675","-0.7282978","-0.6700486","-0.5664857","-0.093875535","-0.21134944","-0.45643547","-0.08875621","-0.083333336","-0.42969814","0.80714345"
"Mycocentrospora","0.57965076","-1.3700308","-0.8079205","-0.8079205","-0.8079205","-0.64594126","-0.67825854","-0.64059675","-0.7282978","-0.6700486","-0.5664857","-0.093875535","-0.21134944","-0.45643547","-0.08875621","-0.083333336","-0.42969814","0.80714345"
"Mycoplana","0.57965076","0.7299107","1.2377455","1.2377455","1.2377455","0.45617172","0.73685014","0.57568306","0.6365949","0.8681495","0.60093606","-0.093875535","-0.21134944","2.19089","-0.08875621","-0.083333336","-0.42969814","-1.2389371"
"Mycoplasma","0.57965076","0.7299107","1.2377455","1.2377455","1.2377455","1.1515275","1.6296843","1.34307","0.6365949","1.8386444","1.3374971","-0.093875535","-0.21134944","2.19089","-0.08875621","-0.083333336","-0.42969814","-1.2389371"
"Mycoplasma faucium","0.57965076","0.7299107","-0.8079205","-0.8079205","-0.8079205","-0.64594126","-0.67825854","-0.64059675","-0.7282978","-0.6700486","-0.5664857","-0.093875535","-0.21134944","-0.45643547","-0.08875621","-0.083333336","-0.42969814","0.80714345"
"Mycoplasma genitalium","0.57965076","0.7299107","1.2377455","1.2377455","1.2377455","0.049414594","0.21457562","0.12679036","0.6365949","0.30044636","-0.5664857","-0.093875535","-0.21134944","-0.45643547","-0.08875621","-0.083333336","2.3272147","-1.2389371"
"Mycoplasma hominis","0.57965076","0.7299107","-0.8079205","-0.8079205","-0.8079205","-0.64594126","-0.67825854","-0.64059675","-0.7282978","-0.6700486","-0.5664857","-0.093875535","-0.21134944","-0.45643547","-0.08875621","-0.083333336","-0.42969814","0.80714345"
"Mycoplasma hyosynoviae","0.57965076","0.7299107","-0.8079205","-0.8079205","-0.8079205","-0.64594126","-0.67825854","-0.64059675","-0.7282978","-0.6700486","-0.5664857","-0.093875535","-0.21134944","-0.45643547","-0.08875621","-0.083333336","-0.42969814","0.80714345"
"Mycoplasma pneumoniae","0.57965076","0.7299107","-0.8079205","-0.8079205","-0.8079205","-0.64594126","-0.67825854","-0.64059675","-0.7282978","-0.6700486","-0.5664857","-0.093875535","-0.21134944","-0.45643547","-0.08875621","-0.083333336","-0.42969814","0.80714345"
"Mycoplasma salivarium","0.57965076","0.7299107","-0.8079205","-0.8079205","-0.8079205","-0.64594126","-0.67825854","-0.64059675","-0.7282978","-0.6700486","-0.5664857","-0.093875535","-0.21134944","-0.45643547","-0.08875621","-0.083333336","-0.42969814","0.80714345"
"Mycoplasmatales","-1.7251766","-1.3700308","-0.8079205","-0.8079205","-0.8079205","-0.64594126","-0.67825854","-0.64059675","-0.7282978","-0.6700486","-0.5664857","-0.093875535","-0.21134944","-0.45643547","-0.08875621","-0.083333336","-0.42969814","0.80714345"
"Mycosphaerella","0.57965076","0.7299107","-0.8079205","-0.8079205","-0.8079205","-0.64594126","-0.67825854","-0.64059675","-0.7282978","-0.6700486","-0.5664857","-0.093875535","-0.21134944","-0.45643547","-0.08875621","-0.083333336","-0.42969814","0.80714345"
"Myoviridae","0.57965076","-1.3700308","1.2377455","1.2377455","1.2377455","0.049414594","0.21457562","0.12679036","0.6365949","0.30044636","-0.5664857","-0.093875535","4.7315","-0.45643547","-0.08875621","-0.083333336","-0.42969814","-1.2389371"
"Myroides","0.57965076","0.7299107","1.2377455","1.2377455","1.2377455","0.45617172","0.21457562","0.12679036","1.435006","0.30044636","0.17007542","-0.093875535","-0.21134944","2.19089","-0.08875621","-0.083333336","-0.42969814","-1.2389371"
"Myxotrichaceae","0.57965076","-1.3700308","-0.8079205","-0.8079205","-0.8079205","-0.64594126","-0.67825854","-0.64059675","-0.7282978","-0.6700486","-0.5664857","-0.093875535","-0.21134944","-0.45643547","-0.08875621","-0.083333336","-0.42969814","0.80714345"
"Naganishia","0.57965076","0.7299107","1.2377455","1.2377455","1.2377455","0.049414594","0.21457562","0.12679036","0.6365949","0.30044636","-0.5664857","-0.093875535","-0.21134944","2.19089","-0.08875621","-0.083333336","-0.42969814","-1.2389371"
"Naganishia diffluens","0.57965076","0.7299107","-0.8079205","-0.8079205","-0.8079205","-0.64594126","-0.67825854","-0.64059675","-0.7282978","-0.6700486","-0.5664857","-0.093875535","-0.21134944","-0.45643547","-0.08875621","-0.083333336","-0.42969814","0.80714345"
"Nakaseomyces","0.57965076","0.7299107","-0.8079205","-0.8079205","-0.8079205","-0.64594126","-0.67825854","-0.64059675","-0.7282978","-0.6700486","-0.5664857","-0.093875535","-0.21134944","-0.45643547","-0.08875621","-0.083333336","-0.42969814","0.80714345"
"Negativibacillus","0.57965076","0.7299107","1.2377455","1.2377455","1.2377455","0.049414594","0.21457562","0.12679036","0.6365949","0.30044636","0.17007542","-0.093875535","-0.21134944","2.19089","-0.08875621","-0.083333336","-0.42969814","-1.2389371"
"Negativicoccus","0.57965076","0.7299107","-0.8079205","-0.8079205","-0.8079205","-0.64594126","-0.67825854","-0.64059675","-0.7282978","-0.6700486","-0.5664857","-0.093875535","-0.21134944","-0.45643547","-0.08875621","-0.083333336","-0.42969814","0.80714345"
"Negativicutes","0.57965076","-1.3700308","1.2377455","1.2377455","1.2377455","1.3061694","1.6296843","1.5137312","0.6365949","0.8681495","1.5013028","10.652403","-0.21134944","-0.45643547","-0.08875621","-0.083333336","-0.42969814","-1.2389371"
"Neisseria","0.57965076","0.7299107","1.2377455","1.2377455","1.2377455","2.5422394","2.6256204","2.4960694","2.7998989","3.02497","2.4441805","-0.093875535","-0.21134944","2.19089","-0.08875621","-0.083333336","-0.42969814","-1.2389371"
"Neisseria bacilliformis","0.57965076","0.7299107","-0.8079205","-0.8079205","-0.8079205","-0.64594126","-0.67825854","-0.64059675","-0.7282978","-0.6700486","-0.5664857","-0.093875535","-0.21134944","-0.45643547","-0.08875621","-0.083333336","-0.42969814","0.80714345"
"Neisseria cinerea","0.57965076","0.7299107","1.2377455","1.2377455","1.2377455","0.049414594","0.21457562","0.12679036","0.6365949","0.30044636","0.17007542","-0.093875535","-0.21134944","-0.45643547","-0.08875621","-0.083333336","2.3272147","-1.2389371"
"Neisseria elongata","0.57965076","0.7299107","1.2377455","1.2377455","1.2377455","0.45617172","0.21457562","0.12679036","0.6365949","0.30044636","-0.5664857","-0.093875535","-0.21134944","-0.45643547","-0.08875621","-0.083333336","2.3272147","-1.2389371"
"Neisseria flava","0.57965076","0.7299107","-0.8079205","-0.8079205","-0.8079205","-0.64594126","-0.67825854","-0.64059675","-0.7282978","-0.6700486","-0.5664857","-0.093875535","-0.21134944","-0.45643547","-0.08875621","-0.083333336","-0.42969814","0.80714345"
"Neisseria flavescens","0.57965076","0.7299107","-0.8079205","-0.8079205","-0.8079205","-0.64594126","-0.67825854","-0.64059675","-0.7282978","-0.6700486","-0.5664857","-0.093875535","-0.21134944","-0.45643547","-0.08875621","-0.083333336","-0.42969814","0.80714345"
"Neisseria gonorrhoeae","0.57965076","0.7299107","-0.8079205","-0.8079205","-0.8079205","-0.64594126","-0.67825854","-0.64059675","-0.7282978","-0.6700486","-0.5664857","-0.093875535","-0.21134944","-0.45643547","-0.08875621","-0.083333336","-0.42969814","0.80714345"
"Neisseria lactamica","0.57965076","0.7299107","-0.8079205","-0.8079205","-0.8079205","-0.64594126","-0.67825854","-0.64059675","-0.7282978","-0.6700486","-0.5664857","-0.093875535","-0.21134944","-0.45643547","-0.08875621","-0.083333336","-0.42969814","0.80714345"
"Neisseria meningitidis","0.57965076","0.7299107","-0.8079205","-0.8079205","-0.8079205","-0.64594126","-0.67825854","-0.64059675","-0.7282978","-0.6700486","-0.5664857","-0.093875535","-0.21134944","-0.45643547","-0.08875621","-0.083333336","-0.42969814","0.80714345"
"Neisseria mucosa","0.57965076","0.7299107","1.2377455","1.2377455","1.2377455","0.049414594","0.21457562","0.12679036","0.6365949","0.30044636","0.17007542","-0.093875535","-0.21134944","-0.45643547","-0.08875621","-0.083333336","2.3272147","-1.2389371"
"Neisseria oralis","0.57965076","0.7299107","1.2377455","1.2377455","1.2377455","0.45617172","0.21457562","0.12679036","0.6365949","0.30044636","0.60093606","-0.093875535","-0.21134944","-0.45643547","-0.08875621","-0.083333336","2.3272147","-1.2389371"
"Neisseria sicca","0.57965076","0.7299107","1.2377455","1.2377455","1.2377455","0.45617172","0.73685014","0.57568306","1.435006","0.8681495","0.17007542","-0.093875535","-0.21134944","-0.45643547","-0.08875621","-0.083333336","2.3272147","-1.2389371"
"Neisseria subflava","0.57965076","0.7299107","1.2377455","1.2377455","1.2377455","0.049414594","0.21457562","0.12679036","0.6365949","0.30044636","0.17007542","-0.093875535","-0.21134944","-0.45643547","-0.08875621","-0.083333336","2.3272147","-1.2389371"
"Neisseriaceae","0.57965076","0.7299107","1.2377455","1.2377455","1.2377455","2.3593369","2.4104402","2.3575008","2.0014877","2.8091393","2.504919","-0.093875535","4.7315","-0.45643547","-0.08875621","-0.083333336","-0.42969814","-1.2389371"
"Neorhizobium","0.57965076","0.7299107","-0.8079205","-0.8079205","-0.8079205","-0.64594126","-0.67825854","-0.64059675","-0.7282978","-0.6700486","-0.5664857","-0.093875535","-0.21134944","-0.45643547","-0.08875621","-0.083333336","-0.42969814","0.80714345"
"Nesterenkonia","0.57965076","0.7299107","1.2377455","1.2377455","1.2377455","0.96862507","0.73685014","0.57568306","0.6365949","0.8681495","1.1437563","-0.093875535","-0.21134944","2.19089","-0.08875621","-0.083333336","-0.42969814","-1.2389371"
"Nevskia","0.57965076","0.7299107","1.2377455","1.2377455","1.2377455","0.74477047","0.21457562","0.12679036","0.6365949","0.30044636","0.90663654","-0.093875535","-0.21134944","2.19089","-0.08875621","-0.083333336","-0.42969814","-1.2389371"
"Nigrospora oryzae","0.57965076","0.7299107","-0.8079205","-0.8079205","-0.8079205","-0.64594126","-0.67825854","-0.64059675","-0.7282978","-0.6700486","-0.5664857","-0.093875535","-0.21134944","-0.45643547","-0.08875621","-0.083333336","-0.42969814","0.80714345"
"Nitriliruptor","0.57965076","0.7299107","-0.8079205","-0.8079205","-0.8079205","-0.64594126","-0.67825854","-0.64059675","-0.7282978","-0.6700486","-0.5664857","-0.093875535","-0.21134944","-0.45643547","-0.08875621","-0.083333336","-0.42969814","0.80714345"
"Nitrosomonadaceae","0.57965076","0.7299107","-0.8079205","-0.8079205","-0.8079205","-0.64594126","-0.67825854","-0.64059675","-0.7282978","-0.6700486","-0.5664857","-0.093875535","-0.21134944","-0.45643547","-0.08875621","-0.083333336","-0.42969814","0.80714345"
"Nitrosomonas eutropha","0.57965076","0.7299107","-0.8079205","-0.8079205","-0.8079205","-0.64594126","-0.67825854","-0.64059675","-0.7282978","-0.6700486","-0.5664857","-0.093875535","-0.21134944","-0.45643547","-0.08875621","-0.083333336","-0.42969814","0.80714345"
"Nitrososphaera","0.57965076","0.7299107","1.2377455","1.2377455","1.2377455","0.049414594","0.21457562","0.12679036","0.6365949","0.30044636","0.17007542","-0.093875535","-0.21134944","2.19089","-0.08875621","-0.083333336","-0.42969814","-1.2389371"
"Nitrosospira","0.57965076","0.7299107","-0.8079205","-0.8079205","-0.8079205","-0.64594126","-0.67825854","-0.64059675","-0.7282978","-0.6700486","-0.5664857","-0.093875535","-0.21134944","-0.45643547","-0.08875621","-0.083333336","-0.42969814","0.80714345"
"Nitrospiraceae","-1.7251766","-1.3700308","-0.8079205","-0.8079205","-0.8079205","-0.64594126","-0.67825854","-0.64059675","-0.7282978","-0.6700486","-0.5664857","-0.093875535","-0.21134944","-0.45643547","-0.08875621","-0.083333336","-0.42969814","0.80714345"
"Nocardia asteroides","0.57965076","0.7299107","-0.8079205","-0.8079205","-0.8079205","-0.64594126","-0.67825854","-0.64059675","-0.7282978","-0.6700486","-0.5664857","-0.093875535","-0.21134944","-0.45643547","-0.08875621","-0.083333336","-0.42969814","0.80714345"
"Nocardioidaceae","0.57965076","0.7299107","1.2377455","1.2377455","1.2377455","0.049414594","0.21457562","0.12679036","0.6365949","0.30044636","0.17007542","-0.093875535","4.7315","-0.45643547","-0.08875621","-0.083333336","-0.42969814","-1.2389371"
"Nocardioides","0.57965076","0.7299107","1.2377455","1.2377455","1.2377455","0.049414594","0.21457562","0.12679036","0.6365949","0.30044636","0.17007542","-0.093875535","-0.21134944","2.19089","-0.08875621","-0.083333336","-0.42969814","-1.2389371"
"Nodularia sphaerocarpa","0.57965076","0.7299107","-0.8079205","-0.8079205","-0.8079205","-0.64594126","-0.67825854","-0.64059675","-0.7282978","-0.6700486","-0.5664857","-0.093875535","-0.21134944","-0.45643547","-0.08875621","-0.083333336","-0.42969814","0.80714345"
"Novispirillum","0.57965076","0.7299107","1.2377455","1.2377455","1.2377455","0.45617172","0.21457562","0.12679036","0.6365949","0.30044636","0.60093606","-0.093875535","-0.21134944","2.19089","-0.08875621","-0.083333336","-0.42969814","-1.2389371"
"Novosphingobium","0.57965076","0.7299107","1.2377455","1.2377455","1.2377455","0.049414594","0.21457562","0.12679036","0.6365949","0.30044636","0.17007542","-0.093875535","-0.21134944","2.19089","-0.08875621","-0.083333336","-0.42969814","-1.2389371"
"Oceanivirga","0.57965076","0.7299107","-0.8079205","-0.8079205","-0.8079205","-0.64594126","-0.67825854","-0.64059675","-0.7282978","-0.6700486","-0.5664857","-0.093875535","-0.21134944","-0.45643547","-0.08875621","-0.083333336","-0.42969814","0.80714345"
"Oceanobacillus","0.57965076","0.7299107","-0.8079205","-0.8079205","-0.8079205","-0.64594126","-0.67825854","-0.64059675","-0.7282978","-0.6700486","-0.5664857","-0.093875535","-0.21134944","-0.45643547","-0.08875621","-0.083333336","-0.42969814","0.80714345"
"Ochrobactrum","0.57965076","0.7299107","1.2377455","1.2377455","1.2377455","1.3061694","1.3948382","1.1412209","0.6365949","1.2709413","1.5013028","-0.093875535","-0.21134944","2.19089","-0.08875621","-0.083333336","-0.42969814","-1.2389371"
"Odoribacter","0.57965076","0.7299107","1.2377455","1.2377455","1.2377455","2.696881","2.5225184","2.7815135","2.0014877","2.0544753","2.8956754","-0.093875535","-0.21134944","2.19089","-0.08875621","-0.083333336","-0.42969814","-1.2389371"
"Odoribacter laneus","0.57965076","0.7299107","-0.8079205","-0.8079205","-0.8079205","-0.64594126","-0.67825854","-0.64059675","-0.7282978","-0.6700486","-0.5664857","-0.093875535","-0.21134944","-0.45643547","-0.08875621","-0.083333336","-0.42969814","0.80714345"
"Odoribacter splanchnicus","0.57965076","0.7299107","1.2377455","1.2377455","1.2377455","0.96862507","0.73685014","0.89417744","1.435006","0.30044636","0.90663654","-0.093875535","-0.21134944","-0.45643547","-0.08875621","-0.083333336","2.3272147","-1.2389371"
"Odoribacter spp","-1.7251766","-1.3700308","-0.8079205","-0.8079205","-0.8079205","-0.64594126","-0.67825854","-0.64059675","-0.7282978","-0.6700486","-0.5664857","-0.093875535","-0.21134944","-0.45643547","-0.08875621","-0.083333336","-0.42969814","0.80714345"
"Odoribacteraceae","0.57965076","-1.3700308","1.2377455","1.2377455","1.2377455","1.7595948","2.000244","1.7919627","0.6365949","1.5833708","1.9815972","-0.093875535","4.7315","-0.45643547","-0.08875621","-0.083333336","-0.42969814","-1.2389371"
"Oenothera","0.57965076","0.7299107","1.2377455","1.2377455","1.2377455","0.049414594","0.21457562","0.12679036","0.6365949","0.30044636","0.17007542","-0.093875535","-0.21134944","2.19089","-0.08875621","-0.083333336","-0.42969814","-1.2389371"
"Oerskovia","0.57965076","0.7299107","-0.8079205","-0.8079205","-0.8079205","-0.64594126","-0.67825854","-0.64059675","-0.7282978","-0.6700486","-0.5664857","-0.093875535","-0.21134944","-0.45643547","-0.08875621","-0.083333336","-0.42969814","0.80714345"
"Okubovirus","0.57965076","-1.3700308","-0.8079205","-0.8079205","-0.8079205","-0.64594126","-0.67825854","-0.64059675","-0.7282978","-0.6700486","-0.5664857","-0.093875535","-0.21134944","-0.45643547","-0.08875621","-0.083333336","-0.42969814","0.80714345"
"Oligella","-1.7251766","-1.3700308","-0.8079205","-0.8079205","-0.8079205","-0.64594126","-0.67825854","-0.64059675","-0.7282978","-0.6700486","-0.5664857","-0.093875535","-0.21134944","-0.45643547","-0.08875621","-0.083333336","-0.42969814","0.80714345"
"Oligella urethralis","0.57965076","0.7299107","-0.8079205","-0.8079205","-0.8079205","-0.64594126","-0.67825854","-0.64059675","-0.7282978","-0.6700486","-0.5664857","-0.093875535","-0.21134944","-0.45643547","-0.08875621","-0.083333336","-0.42969814","0.80714345"
"Olsenella","0.57965076","0.7299107","1.2377455","1.2377455","1.2377455","0.45617172","0.73685014","0.57568306","0.6365949","0.30044636","-0.5664857","-0.093875535","-0.21134944","2.19089","-0.08875621","-0.083333336","-0.42969814","-1.2389371"
"Olsenella profusa","0.57965076","0.7299107","1.2377455","1.2377455","1.2377455","0.049414594","0.21457562","0.12679036","0.6365949","0.30044636","0.17007542","-0.093875535","-0.21134944","-0.45643547","-0.08875621","-0.083333336","2.3272147","-1.2389371"
"Ophiocordyceps","0.57965076","0.7299107","1.2377455","1.2377455","1.2377455","0.049414594","0.21457562","0.12679036","0.6365949","0.30044636","0.17007542","-0.093875535","-0.21134944","2.19089","-0.08875621","-0.083333336","-0.42969814","-1.2389371"
"Ophiosphaerella","0.57965076","0.7299107","-0.8079205","-0.8079205","-0.8079205","-0.64594126","-0.67825854","-0.64059675","-0.7282978","-0.6700486","-0.5664857","-0.093875535","-0.21134944","-0.45643547","-0.08875621","-0.083333336","-0.42969814","0.80714345"
"Ophiostomataceae","0.57965076","0.7299107","-0.8079205","-0.8079205","-0.8079205","-0.64594126","-0.67825854","-0.64059675","-0.7282978","-0.6700486","-0.5664857","-0.093875535","-0.21134944","-0.45643547","-0.08875621","-0.083333336","-0.42969814","0.80714345"
"Opisthokonta","-1.7251766","-1.3700308","-0.8079205","-0.8079205","-0.8079205","-0.64594126","-0.67825854","-0.64059675","-0.7282978","-0.6700486","-0.5664857","-0.093875535","-0.21134944","-0.45643547","-0.08875621","-0.083333336","-0.42969814","0.80714345"
"Oribacterium","0.57965076","0.7299107","1.2377455","1.2377455","1.2377455","2.1354823","2.6256204","2.1990728","2.0014877","2.4063475","1.9815972","-0.093875535","-0.21134944","2.19089","-0.08875621","-0.083333336","-0.42969814","-1.2389371"
"Oribacterium asaccharolyticum","0.57965076","0.7299107","-0.8079205","-0.8079205","-0.8079205","-0.64594126","-0.67825854","-0.64059675","-0.7282978","-0.6700486","-0.5664857","-0.093875535","-0.21134944","-0.45643547","-0.08875621","-0.083333336","-0.42969814","0.80714345"
"Oribacterium parvum","0.57965076","0.7299107","1.2377455","1.2377455","1.2377455","0.049414594","0.21457562","0.12679036","0.6365949","0.30044636","0.17007542","-0.093875535","-0.21134944","-0.45643547","-0.08875621","-0.083333336","2.3272147","-1.2389371"
"Oribacterium sinus","0.57965076","0.7299107","1.2377455","1.2377455","1.2377455","0.049414594","0.21457562","0.12679036","0.6365949","0.30044636","-0.5664857","-0.093875535","-0.21134944","-0.45643547","-0.08875621","-0.083333336","2.3272147","-1.2389371"
"Orthobunyavirus","0.57965076","-1.3700308","-0.8079205","-0.8079205","-0.8079205","-0.64594126","-0.67825854","-0.64059675","-0.7282978","-0.6700486","-0.5664857","-0.093875535","-0.21134944","-0.45643547","-0.08875621","-0.083333336","-0.42969814","0.80714345"
"Orthopneumovirus","0.57965076","-1.3700308","1.2377455","1.2377455","1.2377455","0.049414594","0.21457562","0.12679036","0.6365949","0.30044636","-0.5664857","-0.093875535","-0.21134944","2.19089","-0.08875621","-0.083333336","-0.42969814","-1.2389371"
"Orthopoxvirus","0.57965076","-1.3700308","1.2377455","1.2377455","1.2377455","0.049414594","0.21457562","0.12679036","0.6365949","0.30044636","-0.5664857","-0.093875535","-0.21134944","2.19089","-0.08875621","-0.083333336","-0.42969814","-1.2389371"
"Oscillibacter","0.57965076","0.7299107","1.2377455","1.2377455","1.2377455","2.5422394","2.4104402","2.4960694","2.0014877","2.0544753","2.6687245","-0.093875535","-0.21134944","2.19089","-0.08875621","-0.083333336","-0.42969814","-1.2389371"
"Oscillibacter valericigenes","0.57965076","0.7299107","1.2377455","1.2377455","1.2377455","0.74477047","1.1074097","0.12679036","0.6365949","0.30044636","-0.5664857","-0.093875535","-0.21134944","-0.45643547","-0.08875621","-0.083333336","2.3272147","-1.2389371"
"Oscillospira","0.57965076","0.7299107","1.2377455","1.2377455","1.2377455","2.5422394","2.2876725","2.730011","0.6365949","2.0544753","2.8106194","-0.093875535","-0.21134944","2.19089","-0.08875621","-0.083333336","-0.42969814","-1.2389371"
"Oscillospiraceae bacterium NML 061048","-1.7251766","-1.3700308","-0.8079205","-0.8079205","-0.8079205","-0.64594126","-0.67825854","-0.64059675","-0.7282978","-0.6700486","-0.5664857","-0.093875535","-0.21134944","-0.45643547","-0.08875621","-0.083333336","-0.42969814","0.80714345"
"Ottowia","0.57965076","0.7299107","-0.8079205","-0.8079205","-0.8079205","-0.64594126","-0.67825854","-0.64059675","-0.7282978","-0.6700486","-0.5664857","-0.093875535","-0.21134944","-0.45643547","-0.08875621","-0.083333336","-0.42969814","0.80714345"
"Oxalobacter","0.57965076","0.7299107","1.2377455","1.2377455","1.2377455","1.1515275","1.3948382","1.1412209","1.435006","0.8681495","1.1437563","-0.093875535","-0.21134944","2.19089","-0.08875621","-0.083333336","-0.42969814","-1.2389371"
"Oxalobacter formigenes","-1.7251766","-1.3700308","-0.8079205","-0.8079205","-0.8079205","-0.64594126","-0.67825854","-0.64059675","-0.7282978","-0.6700486","-0.5664857","-0.093875535","-0.21134944","-0.45643547","-0.08875621","-0.083333336","-0.42969814","0.80714345"
"Oxalobacteraceae","0.57965076","0.7299107","1.2377455","1.2377455","1.2377455","2.0015254","2.2876725","1.908608","0.6365949","2.4063475","2.237864","-0.093875535","4.7315","-0.45643547","-0.08875621","-0.083333336","-0.42969814","-1.2389371"
"Oxobacter","0.57965076","0.7299107","1.2377455","1.2377455","1.2377455","0.049414594","0.21457562","0.12679036","0.6365949","0.30044636","-0.5664857","-0.093875535","-0.21134944","2.19089","-0.08875621","-0.083333336","-0.42969814","-1.2389371"
"Paenibacillaceae","0.57965076","-1.3700308","1.2377455","1.2377455","1.2377455","0.74477047","0.73685014","0.89417744","0.6365949","1.2709413","0.90663654","-0.093875535","4.7315","-0.45643547","-0.08875621","-0.083333336","-0.42969814","-1.2389371"
"Paenibacillus","0.57965076","0.7299107","1.2377455","1.2377455","1.2377455","1.3061694","1.6296843","1.34307","2.0014877","1.2709413","0.90663654","-0.093875535","-0.21134944","2.19089","-0.08875621","-0.083333336","-0.42969814","-1.2389371"
"Paeniclostridium","0.57965076","-1.3700308","1.2377455","1.2377455","1.2377455","0.049414594","0.21457562","0.12679036","0.6365949","0.30044636","0.17007542","-0.093875535","-0.21134944","2.19089","-0.08875621","-0.083333336","-0.42969814","-1.2389371"
"Paeniclostridium sordellii","0.57965076","0.7299107","-0.8079205","-0.8079205","-0.8079205","-0.64594126","-0.67825854","-0.64059675","-0.7282978","-0.6700486","-0.5664857","-0.093875535","-0.21134944","-0.45643547","-0.08875621","-0.083333336","-0.42969814","0.80714345"
"Paludibacter","0.57965076","0.7299107","1.2377455","1.2377455","1.2377455","0.049414594","0.21457562","0.12679036","0.6365949","0.30044636","0.17007542","-0.093875535","-0.21134944","2.19089","-0.08875621","-0.083333336","-0.42969814","-1.2389371"
"Panax quinquefolius","-1.7251766","-1.3700308","-0.8079205","-0.8079205","-0.8079205","-0.64594126","-0.67825854","-0.64059675","-0.7282978","-0.6700486","-0.5664857","-0.093875535","-0.21134944","-0.45643547","-0.08875621","-0.083333336","-0.42969814","0.80714345"
"Pandoraea","0.57965076","0.7299107","1.2377455","1.2377455","1.2377455","0.45617172","0.73685014","0.57568306","0.6365949","0.8681495","0.60093606","-0.093875535","-0.21134944","2.19089","-0.08875621","-0.083333336","-0.42969814","-1.2389371"
"Pannonibacter","0.57965076","0.7299107","1.2377455","1.2377455","1.2377455","0.049414594","0.21457562","0.12679036","0.6365949","0.30044636","0.17007542","-0.093875535","-0.21134944","2.19089","-0.08875621","-0.083333336","-0.42969814","-1.2389371"
"Pantoea","0.57965076","-1.3700308","1.2377455","1.2377455","1.2377455","0.45617172","0.73685014","0.57568306","0.6365949","0.8681495","0.60093606","-0.093875535","-0.21134944","2.19089","-0.08875621","-0.083333336","-0.42969814","-1.2389371"
"Papiliotrema flavescens","0.57965076","0.7299107","-0.8079205","-0.8079205","-0.8079205","-0.64594126","-0.67825854","-0.64059675","-0.7282978","-0.6700486","-0.5664857","-0.093875535","-0.21134944","-0.45643547","-0.08875621","-0.083333336","-0.42969814","0.80714345"
"Papillibacter","0.57965076","0.7299107","1.2377455","1.2377455","1.2377455","0.45617172","0.21457562","0.57568306","1.435006","0.30044636","0.17007542","-0.093875535","-0.21134944","2.19089","-0.08875621","-0.083333336","-0.42969814","-1.2389371"
"Papillibacter cinnamivorans","0.57965076","0.7299107","1.2377455","1.2377455","1.2377455","0.049414594","0.21457562","0.12679036","0.6365949","0.30044636","0.17007542","-0.093875535","-0.21134944","-0.45643547","-0.08875621","-0.083333336","2.3272147","-1.2389371"
"Parabacteriodes","-1.7251766","-1.3700308","-0.8079205","-0.8079205","-0.8079205","-0.64594126","-0.67825854","-0.64059675","-0.7282978","-0.6700486","-0.5664857","-0.093875535","-0.21134944","-0.45643547","-0.08875621","-0.083333336","-0.42969814","0.80714345"
"Parabacteroides","0.57965076","0.7299107","1.2377455","1.2377455","1.2377455","3.2375953","2.893078","3.386595","2.440885","2.2414362","3.4052858","-0.093875535","-0.21134944","2.19089","-0.08875621","-0.083333336","-0.42969814","-1.2389371"
"Parabacteroides distasonis","0.57965076","0.7299107","1.2377455","1.2377455","1.2377455","2.1354823","2.000244","1.7919627","2.440885","1.8386444","2.0740583","-0.093875535","-0.21134944","-0.45643547","-0.08875621","-0.083333336","2.3272147","-1.2389371"
"Parabacteroides goldsteinii","0.57965076","-1.3700308","1.2377455","1.2377455","1.2377455","0.45617172","0.21457562","0.12679036","0.6365949","0.30044636","0.60093606","-0.093875535","-0.21134944","-0.45643547","-0.08875621","-0.083333336","2.3272147","-1.2389371"
"Parabacteroides johnsonii","0.57965076","0.7299107","1.2377455","1.2377455","1.2377455","0.049414594","0.21457562","0.12679036","0.6365949","0.30044636","-0.5664857","-0.093875535","-0.21134944","-0.45643547","-0.08875621","-0.083333336","2.3272147","-1.2389371"
"Parabacteroides merdae","0.57965076","0.7299107","1.2377455","1.2377455","1.2377455","0.96862507","1.1074097","1.1412209","1.435006","0.8681495","0.90663654","-0.093875535","-0.21134944","-0.45643547","-0.08875621","-0.083333336","2.3272147","-1.2389371"
"Parabacteroides sp","-1.7251766","-1.3700308","-0.8079205","-0.8079205","-0.8079205","-0.64594126","-0.67825854","-0.64059675","-0.7282978","-0.6700486","-0.5664857","-0.093875535","-0.21134944","-0.45643547","-0.08875621","-0.083333336","-0.42969814","0.80714345"
"Parachlamydiaceae","0.57965076","0.7299107","1.2377455","1.2377455","1.2377455","0.049414594","0.21457562","0.12679036","0.6365949","0.30044636","0.17007542","-0.093875535","4.7315","-0.45643547","-0.08875621","-0.083333336","-0.42969814","-1.2389371"
"Paraclostridium bifermentans","0.57965076","0.7299107","-0.8079205","-0.8079205","-0.8079205","-0.64594126","-0.67825854","-0.64059675","-0.7282978","-0.6700486","-0.5664857","-0.093875535","-0.21134944","-0.45643547","-0.08875621","-0.083333336","-0.42969814","0.80714345"
"Paracoccus","0.57965076","0.7299107","1.2377455","1.2377455","1.2377455","0.96862507","1.1074097","0.57568306","0.6365949","0.8681495","1.1437563","-0.093875535","-0.21134944","2.19089","-0.08875621","-0.083333336","-0.42969814","-1.2389371"
"Paracoccus aminovorans","0.57965076","0.7299107","-0.8079205","-0.8079205","-0.8079205","-0.64594126","-0.67825854","-0.64059675","-0.7282978","-0.6700486","-0.5664857","-0.093875535","-0.21134944","-0.45643547","-0.08875621","-0.083333336","-0.42969814","0.80714345"
"Paraeggerthella","0.57965076","0.7299107","1.2377455","1.2377455","1.2377455","0.45617172","0.21457562","0.12679036","0.6365949","0.30044636","0.60093606","-0.093875535","-0.21134944","2.19089","-0.08875621","-0.083333336","-0.42969814","-1.2389371"
"Paraprevotella","0.57965076","0.7299107","1.2377455","1.2377455","1.2377455","2.1354823","2.2876725","2.1104572","0.6365949","1.8386444","2.3797588","-0.093875535","-0.21134944","2.19089","-0.08875621","-0.083333336","-0.42969814","-1.2389371"
"Paraprevotella clara","0.57965076","0.7299107","-0.8079205","-0.8079205","-0.8079205","-0.64594126","-0.67825854","-0.64059675","-0.7282978","-0.6700486","-0.5664857","-0.093875535","-0.21134944","-0.45643547","-0.08875621","-0.083333336","-0.42969814","0.80714345"
"Paraprevotella xylaniphila","0.57965076","0.7299107","-0.8079205","-0.8079205","-0.8079205","-0.64594126","-0.67825854","-0.64059675","-0.7282978","-0.6700486","-0.5664857","-0.093875535","-0.21134944","-0.45643547","-0.08875621","-0.083333336","-0.42969814","0.80714345"
"Parascardovia","0.57965076","0.7299107","1.2377455","1.2377455","1.2377455","0.049414594","0.21457562","0.12679036","0.6365949","0.30044636","-0.5664857","-0.093875535","-0.21134944","2.19089","-0.08875621","-0.083333336","-0.42969814","-1.2389371"
"Parascardovia denticolens","0.57965076","0.7299107","1.2377455","1.2377455","1.2377455","0.049414594","0.21457562","0.12679036","0.6365949","0.30044636","-0.5664857","-0.093875535","-0.21134944","-0.45643547","-0.08875621","-0.083333336","2.3272147","-1.2389371"
"Parasporobacterium","0.57965076","0.7299107","1.2377455","1.2377455","1.2377455","0.74477047","0.73685014","0.57568306","1.435006","0.30044636","0.60093606","-0.093875535","-0.21134944","2.19089","-0.08875621","-0.083333336","-0.42969814","-1.2389371"
"Parasutterella","0.57965076","0.7299107","1.2377455","1.2377455","1.2377455","1.7595948","1.6296843","1.6615645","0.6365949","1.2709413","1.9815972","-0.093875535","-0.21134944","2.19089","-0.08875621","-0.083333336","-0.42969814","-1.2389371"
"Parasutterella excrementihominis","0.57965076","0.7299107","-0.8079205","-0.8079205","-0.8079205","-0.64594126","-0.67825854","-0.64059675","-0.7282978","-0.6700486","-0.5664857","-0.093875535","-0.21134944","-0.45643547","-0.08875621","-0.083333336","-0.42969814","0.80714345"
"Parcubacteria incertae sedis","0.57965076","0.7299107","-0.8079205","-0.8079205","-0.8079205","-0.64594126","-0.67825854","-0.64059675","-0.7282978","-0.6700486","-0.5664857","-0.093875535","-0.21134944","-0.45643547","-0.08875621","-0.083333336","-0.42969814","0.80714345"
"Parvimonas","0.57965076","0.7299107","1.2377455","1.2377455","1.2377455","2.9207358","2.5225184","3.0485053","2.0014877","3.2119312","3.11632","-0.093875535","-0.21134944","2.19089","-0.08875621","-0.083333336","-0.42969814","-1.2389371"
"Parvimonas micra","0.57965076","0.7299107","1.2377455","1.2377455","1.2377455","2.1963","1.8282436","1.7919627","2.440885","2.0544753","1.5013028","-0.093875535","-0.21134944","-0.45643547","-0.08875621","-0.083333336","2.3272147","-1.2389371"
"Parvimonas micra ATCC 33270","-1.7251766","-1.3700308","-0.8079205","-0.8079205","-0.8079205","-0.64594126","-0.67825854","-0.64059675","-0.7282978","-0.6700486","-0.5664857","-0.093875535","-0.21134944","-0.45643547","-0.08875621","-0.083333336","-0.42969814","0.80714345"
"Pasteurella","-1.7251766","-1.3700308","-0.8079205","-0.8079205","-0.8079205","-0.64594126","-0.67825854","-0.64059675","-0.7282978","-0.6700486","-0.5664857","-0.093875535","-0.21134944","-0.45643547","-0.08875621","-0.083333336","-0.42969814","0.80714345"
"Pasteurellaceae","0.57965076","0.7299107","1.2377455","1.2377455","1.2377455","2.861708","2.7210782","2.9230385","2.0014877","2.9212093","3.0825827","-0.093875535","4.7315","-0.45643547","-0.08875621","-0.083333336","-0.42969814","-1.2389371"
"Pasteurellales","0.57965076","0.7299107","1.2377455","1.2377455","1.2377455","2.2536407","2.151959","2.1990728","0.6365949","2.553866","2.504919","-0.093875535","-0.21134944","-0.45643547","11.266818","-0.083333336","-0.42969814","-1.2389371"
"Patescibacteria","0.57965076","0.7299107","-0.8079205","-0.8079205","-0.8079205","-0.64594126","-0.67825854","-0.64059675","-0.7282978","-0.6700486","-0.5664857","-0.093875535","-0.21134944","-0.45643547","-0.08875621","-0.083333336","-0.42969814","0.80714345"
"Pathogen Cluster","-1.7251766","-1.3700308","-0.8079205","-0.8079205","-0.8079205","-0.64594126","-0.67825854","-0.64059675","-0.7282978","-0.6700486","-0.5664857","-0.093875535","-0.21134944","-0.45643547","-0.08875621","-0.083333336","-0.42969814","0.80714345"
"Pectobacterium","-1.7251766","-1.3700308","-0.8079205","-0.8079205","-0.8079205","-0.64594126","-0.67825854","-0.64059675","-0.7282978","-0.6700486","-0.5664857","-0.093875535","-0.21134944","-0.45643547","-0.08875621","-0.083333336","-0.42969814","0.80714345"
"Pediococcus","0.57965076","0.7299107","1.2377455","1.2377455","1.2377455","0.74477047","1.1074097","0.89417744","1.435006","0.8681495","0.60093606","-0.093875535","-0.21134944","2.19089","-0.08875621","-0.083333336","-0.42969814","-1.2389371"
"Pediococcus pentosaceus","0.57965076","0.7299107","-0.8079205","-0.8079205","-0.8079205","-0.64594126","-0.67825854","-0.64059675","-0.7282978","-0.6700486","-0.5664857","-0.093875535","-0.21134944","-0.45643547","-0.08875621","-0.083333336","-0.42969814","0.80714345"
"Pedobacter","0.57965076","0.7299107","1.2377455","1.2377455","1.2377455","1.4401263","1.1074097","1.5137312","0.6365949","1.8386444","1.6431977","-0.093875535","-0.21134944","2.19089","-0.08875621","-0.083333336","-0.42969814","-1.2389371"
"Pelobacter","0.57965076","0.7299107","-0.8079205","-0.8079205","-0.8079205","-0.64594126","-0.67825854","-0.64059675","-0.7282978","-0.6700486","-0.5664857","-0.093875535","-0.21134944","-0.45643547","-0.08875621","-0.083333336","-0.42969814","0.80714345"
"Pelomonas","0.57965076","0.7299107","1.2377455","1.2377455","1.2377455","0.049414594","0.21457562","0.12679036","0.6365949","0.30044636","0.17007542","-0.093875535","-0.21134944","2.19089","-0.08875621","-0.083333336","-0.42969814","-1.2389371"
"Penicillium","0.57965076","0.7299107","-0.8079205","-0.8079205","-0.8079205","-0.64594126","-0.67825854","-0.64059675","-0.7282978","-0.6700486","-0.5664857","-0.093875535","-0.21134944","-0.45643547","-0.08875621","-0.083333336","-0.42969814","0.80714345"
"Penicillium brevicompactum","0.57965076","-1.3700308","-0.8079205","-0.8079205","-0.8079205","-0.64594126","-0.67825854","-0.64059675","-0.7282978","-0.6700486","-0.5664857","-0.093875535","-0.21134944","-0.45643547","-0.08875621","-0.083333336","-0.42969814","0.80714345"
"Penicillium brocae","0.57965076","-1.3700308","-0.8079205","-0.8079205","-0.8079205","-0.64594126","-0.67825854","-0.64059675","-0.7282978","-0.6700486","-0.5664857","-0.093875535","-0.21134944","-0.45643547","-0.08875621","-0.083333336","-0.42969814","0.80714345"
"Penicillium dierckxii","0.57965076","-1.3700308","-0.8079205","-0.8079205","-0.8079205","-0.64594126","-0.67825854","-0.64059675","-0.7282978","-0.6700486","-0.5664857","-0.093875535","-0.21134944","-0.45643547","-0.08875621","-0.083333336","-0.42969814","0.80714345"
"Penicillium expansum","0.57965076","0.7299107","-0.8079205","-0.8079205","-0.8079205","-0.64594126","-0.67825854","-0.64059675","-0.7282978","-0.6700486","-0.5664857","-0.093875535","-0.21134944","-0.45643547","-0.08875621","-0.083333336","-0.42969814","0.80714345"
"Penicillium miczynskii","0.57965076","-1.3700308","-0.8079205","-0.8079205","-0.8079205","-0.64594126","-0.67825854","-0.64059675","-0.7282978","-0.6700486","-0.5664857","-0.093875535","-0.21134944","-0.45643547","-0.08875621","-0.083333336","-0.42969814","0.80714345"
"Penicillium spinulosum","0.57965076","0.7299107","-0.8079205","-0.8079205","-0.8079205","-0.64594126","-0.67825854","-0.64059675","-0.7282978","-0.6700486","-0.5664857","-0.093875535","-0.21134944","-0.45643547","-0.08875621","-0.083333336","-0.42969814","0.80714345"
"Penicillium steckii","0.57965076","0.7299107","-0.8079205","-0.8079205","-0.8079205","-0.64594126","-0.67825854","-0.64059675","-0.7282978","-0.6700486","-0.5664857","-0.093875535","-0.21134944","-0.45643547","-0.08875621","-0.083333336","-0.42969814","0.80714345"
"Peptoanaerobacter","0.57965076","0.7299107","-0.8079205","-0.8079205","-0.8079205","-0.64594126","-0.67825854","-0.64059675","-0.7282978","-0.6700486","-0.5664857","-0.093875535","-0.21134944","-0.45643547","-0.08875621","-0.083333336","-0.42969814","0.80714345"
"Peptoclostridium","0.57965076","0.7299107","1.2377455","1.2377455","1.2377455","0.74477047","1.1074097","0.57568306","1.435006","0.30044636","0.17007542","-0.093875535","-0.21134944","2.19089","-0.08875621","-0.083333336","-0.42969814","-1.2389371"
"Peptococcaceae","0.57965076","0.7299107","1.2377455","1.2377455","1.2377455","1.4401263","1.8282436","1.34307","0.6365949","0.8681495","1.6431977","-0.093875535","4.7315","-0.45643547","-0.08875621","-0.083333336","-0.42969814","-1.2389371"
"Peptococcus","0.57965076","0.7299107","1.2377455","1.2377455","1.2377455","1.7595948","2.000244","1.908608","1.435006","2.0544753","1.8803174","-0.093875535","-0.21134944","2.19089","-0.08875621","-0.083333336","-0.42969814","-1.2389371"
"Peptoniphilus","0.57965076","0.7299107","1.2377455","1.2377455","1.2377455","1.5582846","2.000244","1.7919627","1.435006","2.2414362","1.6431977","-0.093875535","-0.21134944","2.19089","-0.08875621","-0.083333336","-0.42969814","-1.2389371"
"Peptoniphilus gorbachii","0.57965076","0.7299107","-0.8079205","-0.8079205","-0.8079205","-0.64594126","-0.67825854","-0.64059675","-0.7282978","-0.6700486","-0.5664857","-0.093875535","-0.21134944","-0.45643547","-0.08875621","-0.083333336","-0.42969814","0.80714345"
"Peptostreptococcaceae","0.57965076","0.7299107","1.2377455","1.2377455","1.2377455","2.4082823","2.6256204","2.4960694","1.435006","3.02497","2.6168785","-0.093875535","4.7315","-0.45643547","-0.08875621","-0.083333336","-0.42969814","-1.2389371"
"Peptostreptococcaceae incertae sedis","0.57965076","0.7299107","-0.8079205","-0.8079205","-0.8079205","-0.64594126","-0.67825854","-0.64059675","-0.7282978","-0.6700486","-0.5664857","-0.093875535","-0.21134944","-0.45643547","-0.08875621","-0.083333336","-0.42969814","0.80714345"
"Peptostreptococcus","0.57965076","0.7299107","1.2377455","1.2377455","1.2377455","3.2164743","2.7210782","3.386595","2.440885","3.6578074","3.4052858","-0.093875535","-0.21134944","2.19089","-0.08875621","-0.083333336","-0.42969814","-1.2389371"
"Peptostreptococcus anaerobius","0.57965076","0.7299107","1.2377455","1.2377455","1.2377455","1.8468834","1.6296843","1.5137312","2.0014877","1.8386444","1.3374971","-0.093875535","-0.21134944","-0.45643547","-0.08875621","-0.083333336","2.3272147","-1.2389371"
"Peptostreptococcus micros","0.57965076","0.7299107","-0.8079205","-0.8079205","-0.8079205","-0.64594126","-0.67825854","-0.64059675","-0.7282978","-0.6700486","-0.5664857","-0.093875535","-0.21134944","-0.45643547","-0.08875621","-0.083333336","-0.42969814","0.80714345"
"Peptostreptococcus sp","-1.7251766","-1.3700308","-0.8079205","-0.8079205","-0.8079205","-0.64594126","-0.67825854","-0.64059675","-0.7282978","-0.6700486","-0.5664857","-0.093875535","-0.21134944","-0.45643547","-0.08875621","-0.083333336","-0.42969814","0.80714345"
"Peptostreptococcus stomatis","0.57965076","0.7299107","1.2377455","1.2377455","1.2377455","1.9271811","1.1074097","1.5137312","2.0014877","1.5833708","1.3374971","-0.093875535","-0.21134944","-0.45643547","-0.08875621","-0.083333336","2.3272147","-1.2389371"
"Pezoloma ericae","0.57965076","0.7299107","-0.8079205","-0.8079205","-0.8079205","-0.64594126","-0.67825854","-0.64059675","-0.7282978","-0.6700486","-0.5664857","-0.093875535","-0.21134944","-0.45643547","-0.08875621","-0.083333336","-0.42969814","0.80714345"
"Phascolarctobacterium","0.57965076","0.7299107","1.2377455","1.2377455","1.2377455","2.9207358","2.6256204","3.0082426","0.6365949","2.6873124","3.211545","-0.093875535","-0.21134944","2.19089","-0.08875621","-0.083333336","-0.42969814","-1.2389371"
"Phascolarctobacterium faecium","0.57965076","0.7299107","-0.8079205","-0.8079205","-0.8079205","-0.64594126","-0.67825854","-0.64059675","-0.7282978","-0.6700486","-0.5664857","-0.093875535","-0.21134944","-0.45643547","-0.08875621","-0.083333336","-0.42969814","0.80714345"
"Phascolarctobacterium succinatutens","0.57965076","0.7299107","1.2377455","1.2377455","1.2377455","0.049414594","0.21457562","0.12679036","0.6365949","0.30044636","-0.5664857","-0.093875535","-0.21134944","-0.45643547","-0.08875621","-0.083333336","2.3272147","-1.2389371"
"Phenylobacterium","0.57965076","0.7299107","1.2377455","1.2377455","1.2377455","0.45617172","0.73685014","0.57568306","1.435006","0.8681495","0.17007542","-0.093875535","-0.21134944","2.19089","-0.08875621","-0.083333336","-0.42969814","-1.2389371"
"Phikmvvirus","0.57965076","-1.3700308","-0.8079205","-0.8079205","-0.8079205","-0.64594126","-0.67825854","-0.64059675","-0.7282978","-0.6700486","-0.5664857","-0.093875535","-0.21134944","-0.45643547","-0.08875621","-0.083333336","-0.42969814","0.80714345"
"Phikzvirus","0.57965076","-1.3700308","-0.8079205","-0.8079205","-0.8079205","-0.64594126","-0.67825854","-0.64059675","-0.7282978","-0.6700486","-0.5664857","-0.093875535","-0.21134944","-0.45643547","-0.08875621","-0.083333336","-0.42969814","0.80714345"
"Phocaeicola","0.57965076","0.7299107","-0.8079205","-0.8079205","-0.8079205","-0.64594126","-0.67825854","-0.64059675","-0.7282978","-0.6700486","-0.5664857","-0.093875535","-0.21134944","-0.45643547","-0.08875621","-0.083333336","-0.42969814","0.80714345"
"Phocea massiliensis","0.57965076","0.7299107","-0.8079205","-0.8079205","-0.8079205","-0.64594126","-0.67825854","-0.64059675","-0.7282978","-0.6700486","-0.5664857","-0.093875535","-0.21134944","-0.45643547","-0.08875621","-0.083333336","-0.42969814","0.80714345"
"Phyllobacterium","0.57965076","0.7299107","1.2377455","1.2377455","1.2377455","0.049414594","0.21457562","0.12679036","0.6365949","0.30044636","0.17007542","-0.093875535","-0.21134944","2.19089","-0.08875621","-0.083333336","-0.42969814","-1.2389371"
"Pichia","0.57965076","0.7299107","-0.8079205","-0.8079205","-0.8079205","-0.64594126","-0.67825854","-0.64059675","-0.7282978","-0.6700486","-0.5664857","-0.093875535","-0.21134944","-0.45643547","-0.08875621","-0.083333336","-0.42969814","0.80714345"
"Pichia exigua","0.57965076","0.7299107","-0.8079205","-0.8079205","-0.8079205","-0.64594126","-0.67825854","-0.64059675","-0.7282978","-0.6700486","-0.5664857","-0.093875535","-0.21134944","-0.45643547","-0.08875621","-0.083333336","-0.42969814","0.80714345"
"Pilatoporus","0.57965076","0.7299107","-0.8079205","-0.8079205","-0.8079205","-0.64594126","-0.67825854","-0.64059675","-0.7282978","-0.6700486","-0.5664857","-0.093875535","-0.21134944","-0.45643547","-0.08875621","-0.083333336","-0.42969814","0.80714345"
"Pilibacter","0.57965076","0.7299107","-0.8079205","-0.8079205","-0.8079205","-0.64594126","-0.67825854","-0.64059675","-0.7282978","-0.6700486","-0.5664857","-0.093875535","-0.21134944","-0.45643547","-0.08875621","-0.083333336","-0.42969814","0.80714345"
"Pirellula","0.57965076","0.7299107","-0.8079205","-0.8079205","-0.8079205","-0.64594126","-0.67825854","-0.64059675","-0.7282978","-0.6700486","-0.5664857","-0.093875535","-0.21134944","-0.45643547","-0.08875621","-0.083333336","-0.42969814","0.80714345"
"Pisolithus","0.57965076","-1.3700308","1.2377455","1.2377455","1.2377455","0.049414594","0.21457562","0.12679036","0.6365949","0.30044636","-0.5664857","-0.093875535","-0.21134944","2.19089","-0.08875621","-0.083333336","-0.42969814","-1.2389371"
"Planctomycetes","0.57965076","-1.3700308","1.2377455","1.2377455","1.2377455","0.96862507","0.73685014","0.57568306","1.435006","0.8681495","0.60093606","-0.093875535","-0.21134944","-0.45643547","-0.08875621","12.0","-0.42969814","-1.2389371"
"Planococcaceae","0.57965076","0.7299107","1.2377455","1.2377455","1.2377455","0.45617172","0.73685014","0.57568306","0.6365949","0.8681495","0.60093606","-0.093875535","4.7315","-0.45643547","-0.08875621","-0.083333336","-0.42969814","-1.2389371"
"Planococcus","0.57965076","0.7299107","-0.8079205","-0.8079205","-0.8079205","-0.64594126","-0.67825854","-0.64059675","-0.7282978","-0.6700486","-0.5664857","-0.093875535","-0.21134944","-0.45643547","-0.08875621","-0.083333336","-0.42969814","0.80714345"
"Pleosporales","0.57965076","0.7299107","1.2377455","1.2377455","1.2377455","0.049414594","0.21457562","0.12679036","0.6365949","0.30044636","-0.5664857","-0.093875535","-0.21134944","-0.45643547","11.266818","-0.083333336","-0.42969814","-1.2389371"
"Pneumococcus","-1.7251766","-1.3700308","-0.8079205","-0.8079205","-0.8079205","-0.64594126","-0.67825854","-0.64059675","-0.7282978","-0.6700486","-0.5664857","-0.093875535","-0.21134944","-0.45643547","-0.08875621","-0.083333336","-0.42969814","0.80714345"
"Pneumocystidomycetes","0.57965076","-1.3700308","1.2377455","1.2377455","1.2377455","0.049414594","0.21457562","0.12679036","0.6365949","0.30044636","-0.5664857","10.652403","-0.21134944","-0.45643547","-0.08875621","-0.083333336","-0.42969814","-1.2389371"
"Pneumocystis","0.57965076","0.7299107","1.2377455","1.2377455","1.2377455","0.049414594","0.21457562","0.12679036","0.6365949","0.30044636","-0.5664857","-0.093875535","-0.21134944","2.19089","-0.08875621","-0.083333336","-0.42969814","-1.2389371"
"Pneumoviridae","0.57965076","-1.3700308","1.2377455","1.2377455","1.2377455","0.049414594","0.21457562","0.12679036","0.6365949","0.30044636","-0.5664857","-0.093875535","4.7315","-0.45643547","-0.08875621","-0.083333336","-0.42969814","-1.2389371"
"Podoviridae","0.57965076","-1.3700308","1.2377455","1.2377455","1.2377455","0.049414594","0.21457562","0.12679036","0.6365949","0.30044636","-0.5664857","-0.093875535","4.7315","-0.45643547","-0.08875621","-0.083333336","-0.42969814","-1.2389371"
"Polyangiaceae","-1.7251766","-1.3700308","-0.8079205","-0.8079205","-0.8079205","-0.64594126","-0.67825854","-0.64059675","-0.7282978","-0.6700486","-0.5664857","-0.093875535","-0.21134944","-0.45643547","-0.08875621","-0.083333336","-0.42969814","0.80714345"
"Polydnaviridae","0.57965076","-1.3700308","-0.8079205","-0.8079205","-0.8079205","-0.64594126","-0.67825854","-0.64059675","-0.7282978","-0.6700486","-0.5664857","-0.093875535","-0.21134944","-0.45643547","-0.08875621","-0.083333336","-0.42969814","0.80714345"
"Porphyrobacter tepidarius","0.57965076","0.7299107","-0.8079205","-0.8079205","-0.8079205","-0.64594126","-0.67825854","-0.64059675","-0.7282978","-0.6700486","-0.5664857","-0.093875535","-0.21134944","-0.45643547","-0.08875621","-0.083333336","-0.42969814","0.80714345"
"Porphyromonadaceae","0.57965076","0.7299107","1.2377455","1.2377455","1.2377455","2.7989883","2.4104402","3.0485053","1.435006","2.4063475","2.9357796","-0.093875535","4.7315","-0.45643547","-0.08875621","-0.083333336","-0.42969814","-1.2389371"
"Porphyromonas","0.57965076","0.7299107","1.2377455","1.2377455","1.2377455","3.079464","2.809947","3.1963387","2.440885","3.3768425","3.211545","-0.093875535","-0.21134944","2.19089","-0.08875621","-0.083333336","-0.42969814","-1.2389371"
"Porphyromonas asaccharolytica","0.57965076","0.7299107","1.2377455","1.2377455","1.2377455","1.1515275","0.21457562","0.57568306","1.435006","0.8681495","0.60093606","-0.093875535","-0.21134944","-0.45643547","-0.08875621","-0.083333336","2.3272147","-1.2389371"
"Porphyromonas catoniae","0.57965076","0.7299107","1.2377455","1.2377455","1.2377455","0.049414594","0.21457562","0.12679036","0.6365949","0.30044636","0.17007542","-0.093875535","-0.21134944","-0.45643547","-0.08875621","-0.083333336","2.3272147","-1.2389371"
"Porphyromonas endodontalis","0.57965076","0.7299107","1.2377455","1.2377455","1.2377455","1.5582846","1.6296843","1.5137312","1.435006","2.0544753","1.6431977","-0.093875535","-0.21134944","-0.45643547","-0.08875621","-0.083333336","2.3272147","-1.2389371"
"Porphyromonas gingivalis","0.57965076","0.7299107","1.2377455","1.2377455","1.2377455","0.96862507","0.73685014","0.57568306","1.435006","0.8681495","0.60093606","-0.093875535","-0.21134944","-0.45643547","-0.08875621","-0.083333336","2.3272147","-1.2389371"
"Porphyromonas pasteri","0.57965076","0.7299107","1.2377455","1.2377455","1.2377455","0.049414594","0.21457562","0.12679036","0.6365949","0.30044636","0.17007542","-0.093875535","-0.21134944","-0.45643547","-0.08875621","-0.083333336","2.3272147","-1.2389371"
"Porphyromonas somerae","0.57965076","0.7299107","-0.8079205","-0.8079205","-0.8079205","-0.64594126","-0.67825854","-0.64059675","-0.7282978","-0.6700486","-0.5664857","-0.093875535","-0.21134944","-0.45643547","-0.08875621","-0.083333336","-0.42969814","0.80714345"
"Porphyromonas sp","-1.7251766","-1.3700308","-0.8079205","-0.8079205","-0.8079205","-0.64594126","-0.67825854","-0.64059675","-0.7282978","-0.6700486","-0.5664857","-0.093875535","-0.21134944","-0.45643547","-0.08875621","-0.083333336","-0.42969814","0.80714345"
"Porphyromonas sp.","0.57965076","-1.3700308","1.2377455","1.2377455","1.2377455","0.45617172","0.73685014","0.57568306","0.6365949","0.8681495","0.60093606","-0.093875535","-0.21134944","-0.45643547","-0.08875621","-0.083333336","2.3272147","-1.2389371"
"Porphyromonas uenonis","0.57965076","0.7299107","1.2377455","1.2377455","1.2377455","0.45617172","0.21457562","0.57568306","1.435006","0.8681495","0.17007542","-0.093875535","-0.21134944","-0.45643547","-0.08875621","-0.083333336","2.3272147","-1.2389371"
"Porphyromondaceae","-1.7251766","-1.3700308","-0.8079205","-0.8079205","-0.8079205","-0.64594126","-0.67825854","-0.64059675","-0.7282978","-0.6700486","-0.5664857","-0.093875535","-0.21134944","-0.45643547","-0.08875621","-0.083333336","-0.42969814","0.80714345"
"Preussia tetramera","0.57965076","0.7299107","-0.8079205","-0.8079205","-0.8079205","-0.64594126","-0.67825854","-0.64059675","-0.7282978","-0.6700486","-0.5664857","-0.093875535","-0.21134944","-0.45643547","-0.08875621","-0.083333336","-0.42969814","0.80714345"
"Prevotella","0.57965076","0.7299107","1.2377455","1.2377455","1.2377455","3.6853044","3.4153526","3.8354876","3.1034403","3.9445457","3.932816","-0.093875535","-0.21134944","2.19089","-0.08875621","-0.083333336","-0.42969814","-1.2389371"
"Prevotella 2","-1.7251766","-1.3700308","-0.8079205","-0.8079205","-0.8079205","-0.64594126","-0.67825854","-0.64059675","-0.7282978","-0.6700486","-0.5664857","-0.093875535","-0.21134944","-0.45643547","-0.08875621","-0.083333336","-0.42969814","0.80714345"
"Prevotella Cluster","-1.7251766","-1.3700308","-0.8079205","-0.8079205","-0.8079205","-0.64594126","-0.67825854","-0.64059675","-0.7282978","-0.6700486","-0.5664857","-0.093875535","-0.21134944","-0.45643547","-0.08875621","-0.083333336","-0.42969814","0.80714345"
"Prevotella amnii","0.57965076","0.7299107","1.2377455","1.2377455","1.2377455","0.049414594","0.21457562","0.12679036","0.6365949","0.30044636","0.17007542","-0.093875535","-0.21134944","-0.45643547","-0.08875621","-0.083333336","2.3272147","-1.2389371"
"Prevotella baroniae","0.57965076","0.7299107","-0.8079205","-0.8079205","-0.8079205","-0.64594126","-0.67825854","-0.64059675","-0.7282978","-0.6700486","-0.5664857","-0.093875535","-0.21134944","-0.45643547","-0.08875621","-0.083333336","-0.42969814","0.80714345"
"Prevotella bergensis","0.57965076","0.7299107","-0.8079205","-0.8079205","-0.8079205","-0.64594126","-0.67825854","-0.64059675","-0.7282978","-0.6700486","-0.5664857","-0.093875535","-0.21134944","-0.45643547","-0.08875621","-0.083333336","-0.42969814","0.80714345"
"Prevotella bivia","0.57965076","0.7299107","-0.8079205","-0.8079205","-0.8079205","-0.64594126","-0.67825854","-0.64059675","-0.7282978","-0.6700486","-0.5664857","-0.093875535","-0.21134944","-0.45643547","-0.08875621","-0.083333336","-0.42969814","0.80714345"
"Prevotella bryantii","0.57965076","0.7299107","1.2377455","1.2377455","1.2377455","0.049414594","0.21457562","0.12679036","0.6365949","0.30044636","0.17007542","-0.093875535","-0.21134944","-0.45643547","-0.08875621","-0.083333336","2.3272147","-1.2389371"
"Prevotella buccae","0.57965076","0.7299107","1.2377455","1.2377455","1.2377455","0.049414594","0.21457562","0.12679036","0.6365949","0.30044636","0.17007542","-0.093875535","-0.21134944","-0.45643547","-0.08875621","-0.083333336","2.3272147","-1.2389371"
"Prevotella buccalis","0.57965076","0.7299107","1.2377455","1.2377455","1.2377455","0.049414594","0.21457562","0.12679036","0.6365949","0.30044636","0.17007542","-0.093875535","-0.21134944","-0.45643547","-0.08875621","-0.083333336","2.3272147","-1.2389371"
"Prevotella copri","0.57965076","0.7299107","1.2377455","1.2377455","1.2377455","2.1354823","2.2876725","2.4289515","1.435006","2.4063475","2.1591141","-0.093875535","-0.21134944","-0.45643547","-0.08875621","-0.083333336","2.3272147","-1.2389371"
"Prevotella corporis","0.57965076","0.7299107","1.2377455","1.2377455","1.2377455","0.049414594","0.21457562","0.12679036","0.6365949","0.30044636","0.17007542","-0.093875535","-0.21134944","-0.45643547","-0.08875621","-0.083333336","2.3272147","-1.2389371"
"Prevotella dentalis","0.57965076","0.7299107","-0.8079205","-0.8079205","-0.8079205","-0.64594126","-0.67825854","-0.64059675","-0.7282978","-0.6700486","-0.5664857","-0.093875535","-0.21134944","-0.45643547","-0.08875621","-0.083333336","-0.42969814","0.80714345"
"Prevotella denticola","0.57965076","0.7299107","1.2377455","1.2377455","1.2377455","0.96862507","0.73685014","0.57568306","1.435006","0.8681495","0.90663654","-0.093875535","-0.21134944","-0.45643547","-0.08875621","-0.083333336","2.3272147","-1.2389371"
"Prevotella disiens","0.57965076","0.7299107","-0.8079205","-0.8079205","-0.8079205","-0.64594126","-0.67825854","-0.64059675","-0.7282978","-0.6700486","-0.5664857","-0.093875535","-0.21134944","-0.45643547","-0.08875621","-0.083333336","-0.42969814","0.80714345"
"Prevotella enoeca","0.57965076","0.7299107","-0.8079205","-0.8079205","-0.8079205","-0.64594126","-0.67825854","-0.64059675","-0.7282978","-0.6700486","-0.5664857","-0.093875535","-0.21134944","-0.45643547","-0.08875621","-0.083333336","-0.42969814","0.80714345"
"Prevotella gingivalis","-1.7251766","-1.3700308","-0.8079205","-0.8079205","-0.8079205","-0.64594126","-0.67825854","-0.64059675","-0.7282978","-0.6700486","-0.5664857","-0.093875535","-0.21134944","-0.45643547","-0.08875621","-0.083333336","-0.42969814","0.80714345"
"Prevotella histicola","0.57965076","0.7299107","1.2377455","1.2377455","1.2377455","0.049414594","0.21457562","0.12679036","0.6365949","0.30044636","0.17007542","-0.093875535","-0.21134944","-0.45643547","-0.08875621","-0.083333336","2.3272147","-1.2389371"
"Prevotella intermedia","0.57965076","0.7299107","1.2377455","1.2377455","1.2377455","1.7595948","1.3948382","1.5137312","0.6365949","2.0544753","1.9815972","-0.093875535","-0.21134944","-0.45643547","-0.08875621","-0.083333336","2.3272147","-1.2389371"
"Prevotella jejuni","0.57965076","0.7299107","-0.8079205","-0.8079205","-0.8079205","-0.64594126","-0.67825854","-0.64059675","-0.7282978","-0.6700486","-0.5664857","-0.093875535","-0.21134944","-0.45643547","-0.08875621","-0.083333336","-0.42969814","0.80714345"
"Prevotella loescheii","0.57965076","0.7299107","-0.8079205","-0.8079205","-0.8079205","-0.64594126","-0.67825854","-0.64059675","-0.7282978","-0.6700486","-0.5664857","-0.093875535","-0.21134944","-0.45643547","-0.08875621","-0.083333336","-0.42969814","0.80714345"
"Prevotella marshii","0.57965076","0.7299107","-0.8079205","-0.8079205","-0.8079205","-0.64594126","-0.67825854","-0.64059675","-0.7282978","-0.6700486","-0.5664857","-0.093875535","-0.21134944","-0.45643547","-0.08875621","-0.083333336","-0.42969814","0.80714345"
"Prevotella melaninogenica","0.57965076","0.7299107","1.2377455","1.2377455","1.2377455","2.2536407","2.151959","1.908608","1.435006","2.2414362","2.1591141","-0.093875535","-0.21134944","-0.45643547","-0.08875621","-0.083333336","2.3272147","-1.2389371"
"Prevotella multiformis","-1.7251766","-1.3700308","-0.8079205","-0.8079205","-0.8079205","-0.64594126","-0.67825854","-0.64059675","-0.7282978","-0.6700486","-0.5664857","-0.093875535","-0.21134944","-0.45643547","-0.08875621","-0.083333336","-0.42969814","0.80714345"
"Prevotella multisaccharivorax","0.57965076","0.7299107","1.2377455","1.2377455","1.2377455","0.049414594","0.21457562","0.12679036","0.6365949","0.30044636","-0.5664857","-0.093875535","-0.21134944","-0.45643547","-0.08875621","-0.083333336","2.3272147","-1.2389371"
"Prevotella nanceiensis","0.57965076","0.7299107","1.2377455","1.2377455","1.2377455","0.74477047","1.1074097","0.89417744","0.6365949","1.2709413","0.90663654","-0.093875535","-0.21134944","-0.45643547","-0.08875621","-0.083333336","2.3272147","-1.2389371"
"Prevotella nigrescens","0.57965076","0.7299107","1.2377455","1.2377455","1.2377455","1.4401263","1.3948382","1.34307","1.435006","1.8386444","1.3374971","-0.093875535","-0.21134944","-0.45643547","-0.08875621","-0.083333336","2.3272147","-1.2389371"
"Prevotella oralis","0.57965076","0.7299107","1.2377455","1.2377455","1.2377455","0.45617172","0.73685014","0.57568306","1.435006","0.8681495","0.17007542","-0.093875535","-0.21134944","-0.45643547","-0.08875621","-0.083333336","2.3272147","-1.2389371"
"Prevotella oris","0.57965076","0.7299107","1.2377455","1.2377455","1.2377455","1.1515275","1.1074097","1.1412209","0.6365949","1.5833708","1.3374971","-0.093875535","-0.21134944","-0.45643547","-0.08875621","-0.083333336","2.3272147","-1.2389371"
"Prevotella oulorum","0.57965076","0.7299107","-0.8079205","-0.8079205","-0.8079205","-0.64594126","-0.67825854","-0.64059675","-0.7282978","-0.6700486","-0.5664857","-0.093875535","-0.21134944","-0.45643547","-0.08875621","-0.083333336","-0.42969814","0.80714345"
"Prevotella pallens","0.57965076","0.7299107","1.2377455","1.2377455","1.2377455","0.45617172","0.21457562","0.57568306","0.6365949","0.8681495","0.60093606","-0.093875535","-0.21134944","-0.45643547","-0.08875621","-0.083333336","2.3272147","-1.2389371"
"Prevotella pleuritidis","0.57965076","0.7299107","-0.8079205","-0.8079205","-0.8079205","-0.64594126","-0.67825854","-0.64059675","-0.7282978","-0.6700486","-0.5664857","-0.093875535","-0.21134944","-0.45643547","-0.08875621","-0.083333336","-0.42969814","0.80714345"
"Prevotella ruminicola","0.57965076","0.7299107","1.2377455","1.2377455","1.2377455","0.049414594","0.21457562","0.12679036","0.6365949","0.30044636","-0.5664857","-0.093875535","-0.21134944","-0.45643547","-0.08875621","-0.083333336","2.3272147","-1.2389371"
"Prevotella scopos","0.57965076","0.7299107","1.2377455","1.2377455","1.2377455","0.049414594","0.21457562","0.12679036","0.6365949","0.30044636","0.17007542","-0.093875535","-0.21134944","-0.45643547","-0.08875621","-0.083333336","2.3272147","-1.2389371"
"Prevotella shahii","0.57965076","0.7299107","1.2377455","1.2377455","1.2377455","0.049414594","0.21457562","0.12679036","0.6365949","0.30044636","0.17007542","-0.093875535","-0.21134944","-0.45643547","-0.08875621","-0.083333336","2.3272147","-1.2389371"
"Prevotella sp. C561","-1.7251766","-1.3700308","-0.8079205","-0.8079205","-0.8079205","-0.64594126","-0.67825854","-0.64059675","-0.7282978","-0.6700486","-0.5664857","-0.093875535","-0.21134944","-0.45643547","-0.08875621","-0.083333336","-0.42969814","0.80714345"
"Prevotella sp. CAG: 1031","-1.7251766","-1.3700308","-0.8079205","-0.8079205","-0.8079205","-0.64594126","-0.67825854","-0.64059675","-0.7282978","-0.6700486","-0.5664857","-0.093875535","-0.21134944","-0.45643547","-0.08875621","-0.083333336","-0.42969814","0.80714345"
"Prevotella sp. oral taxon 300","0.57965076","-1.3700308","1.2377455","1.2377455","1.2377455","0.45617172","0.21457562","0.12679036","0.6365949","0.30044636","0.60093606","-0.093875535","-0.21134944","-0.45643547","-0.08875621","-0.083333336","2.3272147","-1.2389371"
"Prevotella spp","-1.7251766","-1.3700308","-0.8079205","-0.8079205","-0.8079205","-0.64594126","-0.67825854","-0.64059675","-0.7282978","-0.6700486","-0.5664857","-0.093875535","-0.21134944","-0.45643547","-0.08875621","-0.083333336","-0.42969814","0.80714345"
"Prevotella stercorea","0.57965076","0.7299107","1.2377455","1.2377455","1.2377455","0.049414594","0.21457562","0.12679036","0.6365949","0.30044636","0.17007542","-0.093875535","-0.21134944","-0.45643547","-0.08875621","-0.083333336","2.3272147","-1.2389371"
"Prevotella tannerae","0.57965076","-1.3700308","-0.8079205","-0.8079205","-0.8079205","-0.64594126","-0.67825854","-0.64059675","-0.7282978","-0.6700486","-0.5664857","-0.093875535","-0.21134944","-0.45643547","-0.08875621","-0.083333336","-0.42969814","0.80714345"
"Prevotella timonensis","0.57965076","0.7299107","-0.8079205","-0.8079205","-0.8079205","-0.64594126","-0.67825854","-0.64059675","-0.7282978","-0.6700486","-0.5664857","-0.093875535","-0.21134944","-0.45643547","-0.08875621","-0.083333336","-0.42969814","0.80714345"
"Prevotella veroralis","0.57965076","0.7299107","-0.8079205","-0.8079205","-0.8079205","-0.64594126","-0.67825854","-0.64059675","-0.7282978","-0.6700486","-0.5664857","-0.093875535","-0.21134944","-0.45643547","-0.08875621","-0.083333336","-0.42969814","0.80714345"
"Prevotella_9","-1.7251766","-1.3700308","-0.8079205","-0.8079205","-0.8079205","-0.64594126","-0.67825854","-0.64059675","-0.7282978","-0.6700486","-0.5664857","-0.093875535","-0.21134944","-0.45643547","-0.08875621","-0.083333336","-0.42969814","0.80714345"
"Prevotellaceae","0.57965076","0.7299107","1.2377455","1.2377455","1.2377455","3.1272438","2.893078","3.2634566","2.440885","3.121569","3.2989337","-0.093875535","4.7315","-0.45643547","-0.08875621","-0.083333336","-0.42969814","-1.2389371"
"Promicromonosporaceae","0.57965076","-1.3700308","1.2377455","1.2377455","1.2377455","0.049414594","0.21457562","0.12679036","0.6365949","0.30044636","0.17007542","-0.093875535","4.7315","-0.45643547","-0.08875621","-0.083333336","-0.42969814","-1.2389371"
"Propionibacteriaceae","0.57965076","0.7299107","1.2377455","1.2377455","1.2377455","1.663981","1.8282436","1.908608","1.435006","1.8386444","1.7683579","-0.093875535","4.7315","-0.45643547","-0.08875621","-0.083333336","-0.42969814","-1.2389371"
"Propionibacterium","0.57965076","0.7299107","1.2377455","1.2377455","1.2377455","2.3593369","2.5225184","2.4289515","2.440885","2.8091393","2.3797588","-0.093875535","-0.21134944","2.19089","-0.08875621","-0.083333336","-0.42969814","-1.2389371"
"Propionibacterium acidifaciens","0.57965076","0.7299107","-0.8079205","-0.8079205","-0.8079205","-0.64594126","-0.67825854","-0.64059675","-0.7282978","-0.6700486","-0.5664857","-0.093875535","-0.21134944","-0.45643547","-0.08875621","-0.083333336","-0.42969814","0.80714345"
"Propionibacterium acnes","0.57965076","0.7299107","-0.8079205","-0.8079205","-0.8079205","-0.64594126","-0.67825854","-0.64059675","-0.7282978","-0.6700486","-0.5664857","-0.093875535","-0.21134944","-0.45643547","-0.08875621","-0.083333336","-0.42969814","0.80714345"
"Propionibacterium avidum","0.57965076","-1.3700308","-0.8079205","-0.8079205","-0.8079205","-0.64594126","-0.67825854","-0.64059675","-0.7282978","-0.6700486","-0.5664857","-0.093875535","-0.21134944","-0.45643547","-0.08875621","-0.083333336","-0.42969814","0.80714345"
"Propionibacterium freundenreichii subsp. shermanii JS","-1.7251766","-1.3700308","-0.8079205","-0.8079205","-0.8079205","-0.64594126","-0.67825854","-0.64059675","-0.7282978","-0.6700486","-0.5664857","-0.093875535","-0.21134944","-0.45643547","-0.08875621","-0.083333336","-0.42969814","0.80714345"
"Propionibacterium granulosum","0.57965076","-1.3700308","-0.8079205","-0.8079205","-0.8079205","-0.64594126","-0.67825854","-0.64059675","-0.7282978","-0.6700486","-0.5664857","-0.093875535","-0.21134944","-0.45643547","-0.08875621","-0.083333336","-0.42969814","0.80714345"
"Propionibacterium humerusii","0.57965076","-1.3700308","-0.8079205","-0.8079205","-0.8079205","-0.64594126","-0.67825854","-0.64059675","-0.7282978","-0.6700486","-0.5664857","-0.093875535","-0.21134944","-0.45643547","-0.08875621","-0.083333336","-0.42969814","0.80714345"
"Propionicimonas","0.57965076","0.7299107","1.2377455","1.2377455","1.2377455","0.049414594","0.21457562","0.12679036","0.6365949","0.30044636","0.17007542","-0.093875535","-0.21134944","2.19089","-0.08875621","-0.083333336","-0.42969814","-1.2389371"
"Propionimicrobium","0.57965076","0.7299107","-0.8079205","-0.8079205","-0.8079205","-0.64594126","-0.67825854","-0.64059675","-0.7282978","-0.6700486","-0.5664857","-0.093875535","-0.21134944","-0.45643547","-0.08875621","-0.083333336","-0.42969814","0.80714345"
"Propionimicrobium lymphophilum","0.57965076","0.7299107","-0.8079205","-0.8079205","-0.8079205","-0.64594126","-0.67825854","-0.64059675","-0.7282978","-0.6700486","-0.5664857","-0.093875535","-0.21134944","-0.45643547","-0.08875621","-0.083333336","-0.42969814","0.80714345"
"Proteiniclasticum","0.57965076","0.7299107","-0.8079205","-0.8079205","-0.8079205","-0.64594126","-0.67825854","-0.64059675","-0.7282978","-0.6700486","-0.5664857","-0.093875535","-0.21134944","-0.45643547","-0.08875621","-0.083333336","-0.42969814","0.80714345"
"Proteobacteria","0.57965076","0.7299107","1.2377455","1.2377455","1.2377455","3.9329512","3.2433527","3.9462905","3.3663805","3.7200453","4.1418467","-0.093875535","-0.21134944","-0.45643547","-0.08875621","12.0","-0.42969814","-1.2389371"
"Proteobacteria uncultured members","-1.7251766","-1.3700308","-0.8079205","-0.8079205","-0.8079205","-0.64594126","-0.67825854","-0.64059675","-0.7282978","-0.6700486","-0.5664857","-0.093875535","-0.21134944","-0.45643547","-0.08875621","-0.083333336","-0.42969814","0.80714345"
"Proteus","0.57965076","0.7299107","1.2377455","1.2377455","1.2377455","1.7595948","1.8282436","1.6615645","0.6365949","1.2709413","1.9815972","-0.093875535","-0.21134944","2.19089","-0.08875621","-0.083333336","-0.42969814","-1.2389371"
"Providencia","0.57965076","0.7299107","1.2377455","1.2377455","1.2377455","0.96862507","0.73685014","0.89417744","0.6365949","1.2709413","1.1437563","-0.093875535","-0.21134944","2.19089","-0.08875621","-0.083333336","-0.42969814","-1.2389371"
"Psathyrella","0.57965076","-1.3700308","1.2377455","1.2377455","1.2377455","0.049414594","0.21457562","0.12679036","0.6365949","0.30044636","-0.5664857","-0.093875535","-0.21134944","2.19089","-0.08875621","-0.083333336","-0.42969814","-1.2389371"
"Psathyrella artemisiae","0.57965076","-1.3700308","1.2377455","1.2377455","1.2377455","0.049414594","0.21457562","0.12679036","0.6365949","0.30044636","-0.5664857","-0.093875535","-0.21134944","-0.45643547","-0.08875621","-0.083333336","2.3272147","-1.2389371"
"Psathyrellaceae","0.57965076","-1.3700308","1.2377455","1.2377455","1.2377455","0.049414594","0.21457562","0.12679036","0.6365949","0.30044636","-0.5664857","-0.093875535","4.7315","-0.45643547","-0.08875621","-0.083333336","-0.42969814","-1.2389371"
"Pseudarcicella","0.57965076","0.7299107","-0.8079205","-0.8079205","-0.8079205","-0.64594126","-0.67825854","-0.64059675","-0.7282978","-0.6700486","-0.5664857","-0.093875535","-0.21134944","-0.45643547","-0.08875621","-0.083333336","-0.42969814","0.80714345"
"Pseudeurotiaceae","0.57965076","-1.3700308","1.2377455","1.2377455","1.2377455","0.049414594","0.21457562","0.12679036","0.6365949","0.30044636","-0.5664857","-0.093875535","4.7315","-0.45643547","-0.08875621","-0.083333336","-0.42969814","-1.2389371"
"Pseudidiomarina","0.57965076","0.7299107","-0.8079205","-0.8079205","-0.8079205","-0.64594126","-0.67825854","-0.64059675","-0.7282978","-0.6700486","-0.5664857","-0.093875535","-0.21134944","-0.45643547","-0.08875621","-0.083333336","-0.42969814","0.80714345"
"Pseudoalteromonas","0.57965076","0.7299107","1.2377455","1.2377455","1.2377455","0.049414594","0.21457562","0.12679036","0.6365949","0.30044636","-0.5664857","-0.093875535","-0.21134944","2.19089","-0.08875621","-0.083333336","-0.42969814","-1.2389371"
"Pseudobutyrivibrio","0.57965076","0.7299107","1.2377455","1.2377455","1.2377455","0.96862507","1.1074097","0.89417744","0.6365949","0.8681495","1.1437563","-0.093875535","-0.21134944","2.19089","-0.08875621","-0.083333336","-0.42969814","-1.2389371"
"Pseudobutyrivibrio ruminis","0.57965076","0.7299107","1.2377455","1.2377455","1.2377455","0.45617172","0.73685014","0.57568306","0.6365949","0.8681495","0.60093606","-0.093875535","-0.21134944","-0.45643547","-0.08875621","-0.083333336","2.3272147","-1.2389371"
"Pseudochrobactrum","0.57965076","0.7299107","1.2377455","1.2377455","1.2377455","0.049414594","0.21457562","0.12679036","0.6365949","0.30044636","0.17007542","-0.093875535","-0.21134944","2.19089","-0.08875621","-0.083333336","-0.42969814","-1.2389371"
"Pseudocitrobacter","0.57965076","0.7299107","-0.8079205","-0.8079205","-0.8079205","-0.64594126","-0.67825854","-0.64059675","-0.7282978","-0.6700486","-0.5664857","-0.093875535","-0.21134944","-0.45643547","-0.08875621","-0.083333336","-0.42969814","0.80714345"
"Pseudoclavibacter","0.57965076","0.7299107","-0.8079205","-0.8079205","-0.8079205","-0.64594126","-0.67825854","-0.64059675","-0.7282978","-0.6700486","-0.5664857","-0.093875535","-0.21134944","-0.45643547","-0.08875621","-0.083333336","-0.42969814","0.80714345"
"Pseudoclavibacter bifida","0.57965076","0.7299107","-0.8079205","-0.8079205","-0.8079205","-0.64594126","-0.67825854","-0.64059675","-0.7282978","-0.6700486","-0.5664857","-0.093875535","-0.21134944","-0.45643547","-0.08875621","-0.083333336","-0.42969814","0.80714345"
"Pseudoflavonifractor","0.57965076","0.7299107","1.2377455","1.2377455","1.2377455","0.96862507","0.73685014","1.1412209","2.440885","1.2709413","0.17007542","-0.093875535","-0.21134944","2.19089","-0.08875621","-0.083333336","-0.42969814","-1.2389371"
"Pseudoflavonifractor capillosus","0.57965076","0.7299107","1.2377455","1.2377455","1.2377455","0.74477047","0.73685014","0.89417744","1.435006","0.30044636","0.60093606","-0.093875535","-0.21134944","-0.45643547","-0.08875621","-0.083333336","2.3272147","-1.2389371"
"Pseudomonaceae","-1.7251766","-1.3700308","-0.8079205","-0.8079205","-0.8079205","-0.64594126","-0.67825854","-0.64059675","-0.7282978","-0.6700486","-0.5664857","-0.093875535","-0.21134944","-0.45643547","-0.08875621","-0.083333336","-0.42969814","0.80714345"
"Pseudomonadaceae","0.57965076","0.7299107","1.2377455","1.2377455","1.2377455","2.3593369","2.809947","2.4960694","0.6365949","2.8091393","2.6168785","-0.093875535","4.7315","-0.45643547","-0.08875621","-0.083333336","-0.42969814","-1.2389371"
"Pseudomonadales","0.57965076","0.7299107","1.2377455","1.2377455","1.2377455","1.7595948","2.151959","2.0141265","0.6365949","2.0544753","1.9815972","-0.093875535","-0.21134944","-0.45643547","11.266818","-0.083333336","-0.42969814","-1.2389371"
"Pseudomonas","0.57965076","0.7299107","1.2377455","1.2377455","1.2377455","2.9764824","2.893078","3.0082426","2.0014877","3.2968132","3.211545","-0.093875535","-0.21134944","2.19089","-0.08875621","-0.083333336","-0.42969814","-1.2389371"
"Pseudomonas aeruginosa","0.57965076","0.7299107","1.2377455","1.2377455","1.2377455","0.96862507","0.73685014","0.89417744","1.435006","1.2709413","-0.5664857","-0.093875535","-0.21134944","-0.45643547","-0.08875621","-0.083333336","2.3272147","-1.2389371"
"Pseudomonas fluorescens","0.57965076","0.7299107","-0.8079205","-0.8079205","-0.8079205","-0.64594126","-0.67825854","-0.64059675","-0.7282978","-0.6700486","-0.5664857","-0.093875535","-0.21134944","-0.45643547","-0.08875621","-0.083333336","-0.42969814","0.80714345"
"Pseudomonas pseudoalcaligenes","0.57965076","0.7299107","-0.8079205","-0.8079205","-0.8079205","-0.64594126","-0.67825854","-0.64059675","-0.7282978","-0.6700486","-0.5664857","-0.093875535","-0.21134944","-0.45643547","-0.08875621","-0.083333336","-0.42969814","0.80714345"
"Pseudomonas putida","0.57965076","0.7299107","1.2377455","1.2377455","1.2377455","0.049414594","0.21457562","0.12679036","0.6365949","0.30044636","-0.5664857","-0.093875535","-0.21134944","-0.45643547","-0.08875621","-0.083333336","2.3272147","-1.2389371"
"Pseudomonas spp","-1.7251766","-1.3700308","-0.8079205","-0.8079205","-0.8079205","-0.64594126","-0.67825854","-0.64059675","-0.7282978","-0.6700486","-0.5664857","-0.093875535","-0.21134944","-0.45643547","-0.08875621","-0.083333336","-0.42969814","0.80714345"
"Pseudomonas spp.","-1.7251766","-1.3700308","-0.8079205","-0.8079205","-0.8079205","-0.64594126","-0.67825854","-0.64059675","-0.7282978","-0.6700486","-0.5664857","-0.093875535","-0.21134944","-0.45643547","-0.08875621","-0.083333336","-0.42969814","0.80714345"
"Pseudomonas straminea","0.57965076","0.7299107","-0.8079205","-0.8079205","-0.8079205","-0.64594126","-0.67825854","-0.64059675","-0.7282978","-0.6700486","-0.5664857","-0.093875535","-0.21134944","-0.45643547","-0.08875621","-0.083333336","-0.42969814","0.80714345"
"Pseudomonas stutzeri","0.57965076","0.7299107","1.2377455","1.2377455","1.2377455","0.45617172","0.73685014","0.57568306","0.6365949","0.8681495","0.60093606","-0.093875535","-0.21134944","-0.45643547","-0.08875621","-0.083333336","2.3272147","-1.2389371"
"Pseudomonas veronii","0.57965076","0.7299107","-0.8079205","-0.8079205","-0.8079205","-0.64594126","-0.67825854","-0.64059675","-0.7282978","-0.6700486","-0.5664857","-0.093875535","-0.21134944","-0.45643547","-0.08875621","-0.083333336","-0.42969814","0.80714345"
"Pseudomonas viridiflava","0.57965076","0.7299107","-0.8079205","-0.8079205","-0.8079205","-0.64594126","-0.67825854","-0.64059675","-0.7282978","-0.6700486","-0.5664857","-0.093875535","-0.21134944","-0.45643547","-0.08875621","-0.083333336","-0.42969814","0.80714345"
"Pseudonocardia","0.57965076","0.7299107","-0.8079205","-0.8079205","-0.8079205","-0.64594126","-0.67825854","-0.64059675","-0.7282978","-0.6700486","-0.5664857","-0.093875535","-0.21134944","-0.45643547","-0.08875621","-0.083333336","-0.42969814","0.80714345"
"Pseudonocardiaceae","0.57965076","0.7299107","1.2377455","1.2377455","1.2377455","0.049414594","0.21457562","0.12679036","0.6365949","0.30044636","0.17007542","-0.093875535","4.7315","-0.45643547","-0.08875621","-0.083333336","-0.42969814","-1.2389371"
"Pseudopropionibacterium propionicum","0.57965076","0.7299107","-0.8079205","-0.8079205","-0.8079205","-0.64594126","-0.67825854","-0.64059675","-0.7282978","-0.6700486","-0.5664857","-0.093875535","-0.21134944","-0.45643547","-0.08875621","-0.083333336","-0.42969814","0.80714345"
"Pseudoramibacter","0.57965076","0.7299107","-0.8079205","-0.8079205","-0.8079205","-0.64594126","-0.67825854","-0.64059675","-0.7282978","-0.6700486","-0.5664857","-0.093875535","-0.21134944","-0.45643547","-0.08875621","-0.083333336","-0.42969814","0.80714345"
"Pseudoramibacter alactolyticus","0.57965076","0.7299107","-0.8079205","-0.8079205","-0.8079205","-0.64594126","-0.67825854","-0.64059675","-0.7282978","-0.6700486","-0.5664857","-0.093875535","-0.21134944","-0.45643547","-0.08875621","-0.083333336","-0.42969814","0.80714345"
"Pseudothermotoga","0.57965076","0.7299107","1.2377455","1.2377455","1.2377455","0.45617172","0.21457562","0.12679036","0.6365949","0.30044636","-0.5664857","-0.093875535","-0.21134944","2.19089","-0.08875621","-0.083333336","-0.42969814","-1.2389371"
"Pseudoxanthomonas","0.57965076","0.7299107","1.2377455","1.2377455","1.2377455","0.74477047","0.73685014","0.57568306","0.6365949","0.8681495","0.90663654","-0.093875535","-0.21134944","2.19089","-0.08875621","-0.083333336","-0.42969814","-1.2389371"
"Pseudoxanthomonas mexicana","0.57965076","0.7299107","-0.8079205","-0.8079205","-0.8079205","-0.64594126","-0.67825854","-0.64059675","-0.7282978","-0.6700486","-0.5664857","-0.093875535","-0.21134944","-0.45643547","-0.08875621","-0.083333336","-0.42969814","0.80714345"
"Pseudozyma churashimaensis","0.57965076","-1.3700308","-0.8079205","-0.8079205","-0.8079205","-0.64594126","-0.67825854","-0.64059675","-0.7282978","-0.6700486","-0.5664857","-0.093875535","-0.21134944","-0.45643547","-0.08875621","-0.083333336","-0.42969814","0.80714345"
"Psychrobacter","0.57965076","0.7299107","1.2377455","1.2377455","1.2377455","1.4401263","1.3948382","1.34307","1.435006","1.8386444","1.5013028","-0.093875535","-0.21134944","2.19089","-0.08875621","-0.083333336","-0.42969814","-1.2389371"
"Psychrobacter pulmonis","0.57965076","0.7299107","1.2377455","1.2377455","1.2377455","0.049414594","0.21457562","0.12679036","0.6365949","0.30044636","0.17007542","-0.093875535","-0.21134944","-0.45643547","-0.08875621","-0.083333336","2.3272147","-1.2389371"
"Psychromonas","0.57965076","0.7299107","-0.8079205","-0.8079205","-0.8079205","-0.64594126","-0.67825854","-0.64059675","-0.7282978","-0.6700486","-0.5664857","-0.093875535","-0.21134944","-0.45643547","-0.08875621","-0.083333336","-0.42969814","0.80714345"
"Punavirus","0.57965076","-1.3700308","1.2377455","1.2377455","1.2377455","0.049414594","0.21457562","0.12679036","0.6365949","0.30044636","-0.5664857","-0.093875535","-0.21134944","2.19089","-0.08875621","-0.083333336","-0.42969814","-1.2389371"
"Purpureocillium","0.57965076","0.7299107","-0.8079205","-0.8079205","-0.8079205","-0.64594126","-0.67825854","-0.64059675","-0.7282978","-0.6700486","-0.5664857","-0.093875535","-0.21134944","-0.45643547","-0.08875621","-0.083333336","-0.42969814","0.80714345"
"Pusillimonas","0.57965076","0.7299107","-0.8079205","-0.8079205","-0.8079205","-0.64594126","-0.67825854","-0.64059675","-0.7282978","-0.6700486","-0.5664857","-0.093875535","-0.21134944","-0.45643547","-0.08875621","-0.083333336","-0.42969814","0.80714345"
"Pyramidobacter","0.57965076","0.7299107","1.2377455","1.2377455","1.2377455","0.96862507","1.3948382","1.1412209","1.435006","0.8681495","0.90663654","-0.093875535","-0.21134944","2.19089","-0.08875621","-0.083333336","-0.42969814","-1.2389371"
"Pyramidobacter piscolens","0.57965076","0.7299107","-0.8079205","-0.8079205","-0.8079205","-0.64594126","-0.67825854","-0.64059675","-0.7282978","-0.6700486","-0.5664857","-0.093875535","-0.21134944","-0.45643547","-0.08875621","-0.083333336","-0.42969814","0.80714345"
"Pyramidobacter spp","-1.7251766","-1.3700308","-0.8079205","-0.8079205","-0.8079205","-0.64594126","-0.67825854","-0.64059675","-0.7282978","-0.6700486","-0.5664857","-0.093875535","-0.21134944","-0.45643547","-0.08875621","-0.083333336","-0.42969814","0.80714345"
"Pyronemataceae","0.57965076","-1.3700308","-0.8079205","-0.8079205","-0.8079205","-0.64594126","-0.67825854","-0.64059675","-0.7282978","-0.6700486","-0.5664857","-0.093875535","-0.21134944","-0.45643547","-0.08875621","-0.083333336","-0.42969814","0.80714345"
"Rahnella","0.57965076","0.7299107","1.2377455","1.2377455","1.2377455","0.96862507","0.21457562","0.57568306","0.6365949","0.8681495","1.1437563","-0.093875535","-0.21134944","2.19089","-0.08875621","-0.083333336","-0.42969814","-1.2389371"
"Ralstonia","0.57965076","0.7299107","1.2377455","1.2377455","1.2377455","1.1515275","1.3948382","1.34307","0.6365949","1.8386444","1.3374971","-0.093875535","-0.21134944","2.19089","-0.08875621","-0.083333336","-0.42969814","-1.2389371"
"Ralstonia insidiosa","0.57965076","0.7299107","-0.8079205","-0.8079205","-0.8079205","-0.64594126","-0.67825854","-0.64059675","-0.7282978","-0.6700486","-0.5664857","-0.093875535","-0.21134944","-0.45643547","-0.08875621","-0.083333336","-0.42969814","0.80714345"
"Ralstonia pickettii","0.57965076","0.7299107","-0.8079205","-0.8079205","-0.8079205","-0.64594126","-0.67825854","-0.64059675","-0.7282978","-0.6700486","-0.5664857","-0.093875535","-0.21134944","-0.45643547","-0.08875621","-0.083333336","-0.42969814","0.80714345"
"Ralstonia solanacearum","0.57965076","0.7299107","-0.8079205","-0.8079205","-0.8079205","-0.64594126","-0.67825854","-0.64059675","-0.7282978","-0.6700486","-0.5664857","-0.093875535","-0.21134944","-0.45643547","-0.08875621","-0.083333336","-0.42969814","0.80714345"
"Ramlibacter","0.57965076","0.7299107","-0.8079205","-0.8079205","-0.8079205","-0.64594126","-0.67825854","-0.64059675","-0.7282978","-0.6700486","-0.5664857","-0.093875535","-0.21134944","-0.45643547","-0.08875621","-0.083333336","-0.42969814","0.80714345"
"Ramularia","0.57965076","-1.3700308","-0.8079205","-0.8079205","-0.8079205","-0.64594126","-0.67825854","-0.64059675","-0.7282978","-0.6700486","-0.5664857","-0.093875535","-0.21134944","-0.45643547","-0.08875621","-0.083333336","-0.42969814","0.80714345"
"Ramularia collo-cygni","0.57965076","0.7299107","-0.8079205","-0.8079205","-0.8079205","-0.64594126","-0.67825854","-0.64059675","-0.7282978","-0.6700486","-0.5664857","-0.093875535","-0.21134944","-0.45643547","-0.08875621","-0.083333336","-0.42969814","0.80714345"
"Raoultella","0.57965076","0.7299107","1.2377455","1.2377455","1.2377455","0.74477047","1.1074097","0.89417744","1.435006","0.30044636","0.60093606","-0.093875535","-0.21134944","2.19089","-0.08875621","-0.083333336","-0.42969814","-1.2389371"
"Rathayibacter","0.57965076","0.7299107","-0.8079205","-0.8079205","-0.8079205","-0.64594126","-0.67825854","-0.64059675","-0.7282978","-0.6700486","-0.5664857","-0.093875535","-0.21134944","-0.45643547","-0.08875621","-0.083333336","-0.42969814","0.80714345"
"Rathayibacter caricis","0.57965076","0.7299107","-0.8079205","-0.8079205","-0.8079205","-0.64594126","-0.67825854","-0.64059675","-0.7282978","-0.6700486","-0.5664857","-0.093875535","-0.21134944","-0.45643547","-0.08875621","-0.083333336","-0.42969814","0.80714345"
"Ravinvirus","0.57965076","-1.3700308","-0.8079205","-0.8079205","-0.8079205","-0.64594126","-0.67825854","-0.64059675","-0.7282978","-0.6700486","-0.5664857","-0.093875535","-0.21134944","-0.45643547","-0.08875621","-0.083333336","-0.42969814","0.80714345"
"Respiratory syncytial virus","0.57965076","-1.3700308","-0.8079205","-0.8079205","-0.8079205","-0.64594126","-0.67825854","-0.64059675","-0.7282978","-0.6700486","-0.5664857","-0.093875535","-0.21134944","-0.45643547","-0.08875621","-0.083333336","-0.42969814","0.80714345"
"Rheinheimera","0.57965076","0.7299107","-0.8079205","-0.8079205","-0.8079205","-0.64594126","-0.67825854","-0.64059675","-0.7282978","-0.6700486","-0.5664857","-0.093875535","-0.21134944","-0.45643547","-0.08875621","-0.083333336","-0.42969814","0.80714345"
"Rhinovirus","0.57965076","-1.3700308","-0.8079205","-0.8079205","-0.8079205","-0.64594126","-0.67825854","-0.64059675","-0.7282978","-0.6700486","-0.5664857","-0.093875535","-0.21134944","-0.45643547","-0.08875621","-0.083333336","-0.42969814","0.80714345"
"Rhizobiales","0.57965076","0.7299107","1.2377455","1.2377455","1.2377455","1.8468834","2.000244","2.0141265","0.6365949","2.2414362","2.0740583","-0.093875535","-0.21134944","-0.45643547","11.266818","-0.083333336","-0.42969814","-1.2389371"
"Rhizobium","0.57965076","0.7299107","1.2377455","1.2377455","1.2377455","1.3061694","1.1074097","0.89417744","0.6365949","0.8681495","1.5013028","-0.093875535","-0.21134944","2.19089","-0.08875621","-0.083333336","-0.42969814","-1.2389371"
"Rhizophagus","0.57965076","0.7299107","-0.8079205","-0.8079205","-0.8079205","-0.64594126","-0.67825854","-0.64059675","-0.7282978","-0.6700486","-0.5664857","-0.093875535","-0.21134944","-0.45643547","-0.08875621","-0.083333336","-0.42969814","0.80714345"
"Rhizopus","0.57965076","0.7299107","-0.8079205","-0.8079205","-0.8079205","-0.64594126","-0.67825854","-0.64059675","-0.7282978","-0.6700486","-0.5664857","-0.093875535","-0.21134944","-0.45643547","-0.08875621","-0.083333336","-0.42969814","0.80714345"
"Rhizopus oryzae","0.57965076","0.7299107","-0.8079205","-0.8079205","-0.8079205","-0.64594126","-0.67825854","-0.64059675","-0.7282978","-0.6700486","-0.5664857","-0.093875535","-0.21134944","-0.45643547","-0.08875621","-0.083333336","-0.42969814","0.80714345"
"Rhodanobacter","0.57965076","0.7299107","1.2377455","1.2377455","1.2377455","0.049414594","0.21457562","0.12679036","0.6365949","0.30044636","0.17007542","-0.093875535","-0.21134944","2.19089","-0.08875621","-0.083333336","-0.42969814","-1.2389371"
"Rhodobaca","0.57965076","0.7299107","-0.8079205","-0.8079205","-0.8079205","-0.64594126","-0.67825854","-0.64059675","-0.7282978","-0.6700486","-0.5664857","-0.093875535","-0.21134944","-0.45643547","-0.08875621","-0.083333336","-0.42969814","0.80714345"
"Rhodobacter","0.57965076","0.7299107","1.2377455","1.2377455","1.2377455","0.96862507","0.73685014","0.57568306","0.6365949","0.8681495","1.1437563","-0.093875535","-0.21134944","2.19089","-0.08875621","-0.083333336","-0.42969814","-1.2389371"
"Rhodobacteraceae","0.57965076","0.7299107","1.2377455","1.2377455","1.2377455","1.3061694","1.3948382","1.5137312","0.6365949","1.8386444","1.5013028","-0.093875535","4.7315","-0.45643547","-0.08875621","-0.083333336","-0.42969814","-1.2389371"
"Rhodococcus","0.57965076","0.7299107","1.2377455","1.2377455","1.2377455","0.96862507","1.1074097","1.1412209","1.435006","1.2709413","0.90663654","-0.093875535","-0.21134944","2.19089","-0.08875621","-0.083333336","-0.42969814","-1.2389371"
"Rhodococcus erythropolis","0.57965076","0.7299107","-0.8079205","-0.8079205","-0.8079205","-0.64594126","-0.67825854","-0.64059675","-0.7282978","-0.6700486","-0.5664857","-0.093875535","-0.21134944","-0.45643547","-0.08875621","-0.083333336","-0.42969814","0.80714345"
"Rhodocyclaceae","0.57965076","0.7299107","1.2377455","1.2377455","1.2377455","0.96862507","0.73685014","0.89417744","0.6365949","1.2709413","1.1437563","-0.093875535","4.7315","-0.45643547","-0.08875621","-0.083333336","-0.42969814","-1.2389371"
"Rhodoplanes","0.57965076","0.7299107","-0.8079205","-0.8079205","-0.8079205","-0.64594126","-0.67825854","-0.64059675","-0.7282978","-0.6700486","-0.5664857","-0.093875535","-0.21134944","-0.45643547","-0.08875621","-0.083333336","-0.42969814","0.80714345"
"Rhodosporidium","0.57965076","-1.3700308","-0.8079205","-0.8079205","-0.8079205","-0.64594126","-0.67825854","-0.64059675","-0.7282978","-0.6700486","-0.5664857","-0.093875535","-0.21134944","-0.45643547","-0.08875621","-0.083333336","-0.42969814","0.80714345"
"Rhodotorula","0.57965076","-1.3700308","1.2377455","1.2377455","1.2377455","0.45617172","0.73685014","0.57568306","1.435006","0.8681495","-0.5664857","-0.093875535","-0.21134944","2.19089","-0.08875621","-0.083333336","-0.42969814","-1.2389371"
"Rhodotorula dairenensis","0.57965076","0.7299107","-0.8079205","-0.8079205","-0.8079205","-0.64594126","-0.67825854","-0.64059675","-0.7282978","-0.6700486","-0.5664857","-0.093875535","-0.21134944","-0.45643547","-0.08875621","-0.083333336","-0.42969814","0.80714345"
"Rhodotorula mucilaginosa","0.57965076","0.7299107","-0.8079205","-0.8079205","-0.8079205","-0.64594126","-0.67825854","-0.64059675","-0.7282978","-0.6700486","-0.5664857","-0.093875535","-0.21134944","-0.45643547","-0.08875621","-0.083333336","-0.42969814","0.80714345"
"Rhynchogastrema tunnelae","0.57965076","0.7299107","-0.8079205","-0.8079205","-0.8079205","-0.64594126","-0.67825854","-0.64059675","-0.7282978","-0.6700486","-0.5664857","-0.093875535","-0.21134944","-0.45643547","-0.08875621","-0.083333336","-0.42969814","0.80714345"
"Rickenellaceae","0.57965076","-1.3700308","-0.8079205","-0.8079205","-0.8079205","-0.64594126","-0.67825854","-0.64059675","-0.7282978","-0.6700486","-0.5664857","-0.093875535","-0.21134944","-0.45643547","-0.08875621","-0.083333336","-0.42969814","0.80714345"
"Rickettsiales","0.57965076","-1.3700308","1.2377455","1.2377455","1.2377455","0.74477047","0.73685014","0.57568306","0.6365949","1.2709413","0.90663654","-0.093875535","-0.21134944","-0.45643547","11.266818","-0.083333336","-0.42969814","-1.2389371"
"Rikenella","0.57965076","0.7299107","1.2377455","1.2377455","1.2377455","0.45617172","0.73685014","0.57568306","0.6365949","0.8681495","0.60093606","-0.093875535","-0.21134944","2.19089","-0.08875621","-0.083333336","-0.42969814","-1.2389371"
"Rikenellaceae","0.57965076","0.7299107","1.2377455","1.2377455","1.2377455","2.9489965","2.7210782","3.0873551","1.435006","1.8386444","3.211545","-0.093875535","4.7315","-0.45643547","-0.08875621","-0.083333336","-0.42969814","-1.2389371"
"Robinsoniella","0.57965076","0.7299107","1.2377455","1.2377455","1.2377455","0.049414594","0.21457562","0.12679036","0.6365949","0.30044636","-0.5664857","-0.093875535","-0.21134944","2.19089","-0.08875621","-0.083333336","-0.42969814","-1.2389371"
"Romboutsia","0.57965076","0.7299107","1.2377455","1.2377455","1.2377455","1.4401263","1.1074097","0.57568306","0.6365949","0.30044636","1.6431977","-0.093875535","-0.21134944","2.19089","-0.08875621","-0.083333336","-0.42969814","-1.2389371"
"Roseateles","0.57965076","0.7299107","-0.8079205","-0.8079205","-0.8079205","-0.64594126","-0.67825854","-0.64059675","-0.7282978","-0.6700486","-0.5664857","-0.093875535","-0.21134944","-0.45643547","-0.08875621","-0.083333336","-0.42969814","0.80714345"
"Roseburia","0.57965076","0.7299107","1.2377455","1.2377455","1.2377455","3.5570638","2.971168","3.5737805","2.7998989","3.02497","3.8018646","-0.093875535","-0.21134944","2.19089","-0.08875621","-0.083333336","-0.42969814","-1.2389371"
"Roseburia Inulinivorans","0.57965076","0.7299107","1.2377455","1.2377455","1.2377455","1.3061694","0.73685014","1.1412209","1.435006","1.2709413","1.3374971","-0.093875535","-0.21134944","-0.45643547","-0.08875621","-0.083333336","2.3272147","-1.2389371"
"Roseburia faecis","0.57965076","0.7299107","1.2377455","1.2377455","1.2377455","1.1515275","1.6296843","1.1412209","0.6365949","0.30044636","1.3374971","-0.093875535","-0.21134944","-0.45643547","-0.08875621","-0.083333336","2.3272147","-1.2389371"
"Roseburia hominis","0.57965076","0.7299107","1.2377455","1.2377455","1.2377455","0.96862507","0.73685014","0.89417744","2.0014877","0.8681495","0.17007542","-0.093875535","-0.21134944","-0.45643547","-0.08875621","-0.083333336","2.3272147","-1.2389371"
"Roseburia intestinalis","0.57965076","0.7299107","1.2377455","1.2377455","1.2377455","1.3061694","1.3948382","1.5137312","1.435006","0.8681495","1.1437563","-0.093875535","-0.21134944","-0.45643547","-0.08875621","-0.083333336","2.3272147","-1.2389371"
"Roseburia inulinivorans","-1.7251766","-1.3700308","-0.8079205","-0.8079205","-0.8079205","-0.64594126","-0.67825854","-0.64059675","-0.7282978","-0.6700486","-0.5664857","-0.093875535","-0.21134944","-0.45643547","-0.08875621","-0.083333336","-0.42969814","0.80714345"
"Roseburia species","-1.7251766","-1.3700308","-0.8079205","-0.8079205","-0.8079205","-0.64594126","-0.67825854","-0.64059675","-0.7282978","-0.6700486","-0.5664857","-0.093875535","-0.21134944","-0.45643547","-0.08875621","-0.083333336","-0.42969814","0.80714345"
"Roseburia spp","-1.7251766","-1.3700308","-0.8079205","-0.8079205","-0.8079205","-0.64594126","-0.67825854","-0.64059675","-0.7282978","-0.6700486","-0.5664857","-0.093875535","-0.21134944","-0.45643547","-0.08875621","-0.083333336","-0.42969814","0.80714345"
"Roseburia spp.","-1.7251766","-1.3700308","-0.8079205","-0.8079205","-0.8079205","-0.64594126","-0.67825854","-0.64059675","-0.7282978","-0.6700486","-0.5664857","-0.093875535","-0.21134944","-0.45643547","-0.08875621","-0.083333336","-0.42969814","0.80714345"
"Roseburia-E. rectale group","-1.7251766","-1.3700308","-0.8079205","-0.8079205","-0.8079205","-0.64594126","-0.67825854","-0.64059675","-0.7282978","-0.6700486","-0.5664857","-0.093875535","-0.21134944","-0.45643547","-0.08875621","-0.083333336","-0.42969814","0.80714345"
"Roseburia_uc","-1.7251766","-1.3700308","-0.8079205","-0.8079205","-0.8079205","-0.64594126","-0.67825854","-0.64059675","-0.7282978","-0.6700486","-0.5664857","-0.093875535","-0.21134944","-0.45643547","-0.08875621","-0.083333336","-0.42969814","0.80714345"
"Roseolovirus","0.57965076","-1.3700308","-0.8079205","-0.8079205","-0.8079205","-0.64594126","-0.67825854","-0.64059675","-0.7282978","-0.6700486","-0.5664857","-0.093875535","-0.21134944","-0.45643547","-0.08875621","-0.083333336","-0.42969814","0.80714345"
"Roseomonas","0.57965076","0.7299107","1.2377455","1.2377455","1.2377455","0.45617172","0.73685014","0.57568306","0.6365949","0.8681495","0.60093606","-0.093875535","-0.21134944","2.19089","-0.08875621","-0.083333336","-0.42969814","-1.2389371"
"Rothia","0.57965076","0.7299107","1.2377455","1.2377455","1.2377455","2.766094","2.7210782","2.8778443","3.1034403","3.2119312","2.8539982","-0.093875535","-0.21134944","2.19089","-0.08875621","-0.083333336","-0.42969814","-1.2389371"
"Rothia aeria","0.57965076","0.7299107","1.2377455","1.2377455","1.2377455","1.1515275","0.73685014","0.57568306","0.6365949","0.8681495","1.3374971","-0.093875535","-0.21134944","-0.45643547","-0.08875621","-0.083333336","2.3272147","-1.2389371"
"Rothia dentocariosa","0.57965076","0.7299107","1.2377455","1.2377455","1.2377455","0.049414594","0.21457562","0.12679036","0.6365949","0.30044636","0.17007542","-0.093875535","-0.21134944","-0.45643547","-0.08875621","-0.083333336","2.3272147","-1.2389371"
"Rothia mucilaginosa","0.57965076","0.7299107","1.2377455","1.2377455","1.2377455","1.663981","2.151959","1.908608","1.435006","2.2414362","1.7683579","-0.093875535","-0.21134944","-0.45643547","-0.08875621","-0.083333336","2.3272147","-1.2389371"
"Rubellimicrobium","0.57965076","0.7299107","1.2377455","1.2377455","1.2377455","0.049414594","0.21457562","0.12679036","0.6365949","0.30044636","0.17007542","-0.093875535","-0.21134944","2.19089","-0.08875621","-0.083333336","-0.42969814","-1.2389371"
"Rubrobacter","0.57965076","0.7299107","1.2377455","1.2377455","1.2377455","0.45617172","0.73685014","0.57568306","0.6365949","0.8681495","0.60093606","-0.093875535","-0.21134944","2.19089","-0.08875621","-0.083333336","-0.42969814","-1.2389371"
"Rumen bacterium 8/94-32","-1.7251766","-1.3700308","-0.8079205","-0.8079205","-0.8079205","-0.64594126","-0.67825854","-0.64059675","-0.7282978","-0.6700486","-0.5664857","-0.093875535","-0.21134944","-0.45643547","-0.08875621","-0.083333336","-0.42969814","0.80714345"
"Rumen bacterium R-7","-1.7251766","-1.3700308","-0.8079205","-0.8079205","-0.8079205","-0.64594126","-0.67825854","-0.64059675","-0.7282978","-0.6700486","-0.5664857","-0.093875535","-0.21134944","-0.45643547","-0.08875621","-0.083333336","-0.42969814","0.80714345"
"Rumen bacterium R-9","-1.7251766","-1.3700308","-0.8079205","-0.8079205","-0.8079205","-0.64594126","-0.67825854","-0.64059675","-0.7282978","-0.6700486","-0.5664857","-0.093875535","-0.21134944","-0.45643547","-0.08875621","-0.083333336","-0.42969814","0.80714345"
"Ruminiclostridium","0.57965076","0.7299107","1.2377455","1.2377455","1.2377455","1.5582846","1.6296843","1.5137312","2.440885","1.5833708","1.1437563","-0.093875535","-0.21134944","2.19089","-0.08875621","-0.083333336","-0.42969814","-1.2389371"
"Ruminiclostridium5","-1.7251766","-1.3700308","-0.8079205","-0.8079205","-0.8079205","-0.64594126","-0.67825854","-0.64059675","-0.7282978","-0.6700486","-0.5664857","-0.093875535","-0.21134944","-0.45643547","-0.08875621","-0.083333336","-0.42969814","0.80714345"
"Ruminiclostridium_5","-1.7251766","-1.3700308","-0.8079205","-0.8079205","-0.8079205","-0.64594126","-0.67825854","-0.64059675","-0.7282978","-0.6700486","-0.5664857","-0.093875535","-0.21134944","-0.45643547","-0.08875621","-0.083333336","-0.42969814","0.80714345"
"Ruminiclostridium_9","-1.7251766","-1.3700308","-0.8079205","-0.8079205","-0.8079205","-0.64594126","-0.67825854","-0.64059675","-0.7282978","-0.6700486","-0.5664857","-0.093875535","-0.21134944","-0.45643547","-0.08875621","-0.083333336","-0.42969814","0.80714345"
"Ruminoclostridium","0.57965076","0.7299107","-0.8079205","-0.8079205","-0.8079205","-0.64594126","-0.67825854","-0.64059675","-0.7282978","-0.6700486","-0.5664857","-0.093875535","-0.21134944","-0.45643547","-0.08875621","-0.083333336","-0.42969814","0.80714345"
"Ruminoclostridium cellulolyticum","0.57965076","-1.3700308","-0.8079205","-0.8079205","-0.8079205","-0.64594126","-0.67825854","-0.64059675","-0.7282978","-0.6700486","-0.5664857","-0.093875535","-0.21134944","-0.45643547","-0.08875621","-0.083333336","-0.42969814","0.80714345"
"Ruminococcaceae","0.57965076","0.7299107","1.2377455","1.2377455","1.2377455","3.5721498","2.971168","3.5981133","2.0014877","2.6873124","3.836146","-0.093875535","4.7315","-0.45643547","-0.08875621","-0.083333336","-0.42969814","-1.2389371"
"Ruminococcaceae UCG 014","-1.7251766","-1.3700308","-0.8079205","-0.8079205","-0.8079205","-0.64594126","-0.67825854","-0.64059675","-0.7282978","-0.6700486","-0.5664857","-0.093875535","-0.21134944","-0.45643547","-0.08875621","-0.083333336","-0.42969814","0.80714345"
"Ruminococcaceae UCG-005","-1.7251766","-1.3700308","-0.8079205","-0.8079205","-0.8079205","-0.64594126","-0.67825854","-0.64059675","-0.7282978","-0.6700486","-0.5664857","-0.093875535","-0.21134944","-0.45643547","-0.08875621","-0.083333336","-0.42969814","0.80714345"
"Ruminococcaceae_UCG-005","-1.7251766","-1.3700308","-0.8079205","-0.8079205","-0.8079205","-0.64594126","-0.67825854","-0.64059675","-0.7282978","-0.6700486","-0.5664857","-0.093875535","-0.21134944","-0.45643547","-0.08875621","-0.083333336","-0.42969814","0.80714345"
"Ruminococcaceae_UCG-014","-1.7251766","-1.3700308","-0.8079205","-0.8079205","-0.8079205","-0.64594126","-0.67825854","-0.64059675","-0.7282978","-0.6700486","-0.5664857","-0.093875535","-0.21134944","-0.45643547","-0.08875621","-0.083333336","-0.42969814","0.80714345"
"Ruminococcus","0.57965076","0.7299107","1.2377455","1.2377455","1.2377455","3.6303217","3.0447931","3.7123492","2.0014877","2.8091393","3.90156","-0.093875535","-0.21134944","2.19089","-0.08875621","-0.083333336","-0.42969814","-1.2389371"
"Ruminococcus albus","0.57965076","0.7299107","1.2377455","1.2377455","1.2377455","0.74477047","1.1074097","0.89417744","1.435006","0.30044636","0.60093606","-0.093875535","-0.21134944","-0.45643547","-0.08875621","-0.083333336","2.3272147","-1.2389371"
"Ruminococcus bicirculans","0.57965076","0.7299107","1.2377455","1.2377455","1.2377455","0.049414594","0.21457562","0.12679036","0.6365949","0.30044636","-0.5664857","-0.093875535","-0.21134944","-0.45643547","-0.08875621","-0.083333336","2.3272147","-1.2389371"
"Ruminococcus bromii","0.57965076","0.7299107","1.2377455","1.2377455","1.2377455","1.8468834","1.6296843","2.0141265","2.0014877","1.2709413","1.8803174","-0.093875535","-0.21134944","-0.45643547","-0.08875621","-0.083333336","2.3272147","-1.2389371"
"Ruminococcus callidus","0.57965076","0.7299107","1.2377455","1.2377455","1.2377455","1.663981","1.6296843","1.5137312","2.0014877","0.30044636","1.6431977","-0.093875535","-0.21134944","-0.45643547","-0.08875621","-0.083333336","2.3272147","-1.2389371"
"Ruminococcus flavefaciens","0.57965076","0.7299107","1.2377455","1.2377455","1.2377455","0.96862507","1.1074097","1.1412209","1.435006","0.8681495","0.90663654","-0.093875535","-0.21134944","-0.45643547","-0.08875621","-0.083333336","2.3272147","-1.2389371"
"Ruminococcus gauvreauii","0.57965076","0.7299107","1.2377455","1.2377455","1.2377455","0.049414594","0.21457562","0.12679036","0.6365949","0.30044636","0.17007542","-0.093875535","-0.21134944","-0.45643547","-0.08875621","-0.083333336","2.3272147","-1.2389371"
"Ruminococcus gnavus","0.57965076","0.7299107","1.2377455","1.2377455","1.2377455","2.4549508","2.4104402","2.4960694","2.7998989","1.8386444","2.311178","-0.093875535","-0.21134944","-0.45643547","-0.08875621","-0.083333336","2.3272147","-1.2389371"
"Ruminococcus lactaris","0.57965076","0.7299107","1.2377455","1.2377455","1.2377455","0.74477047","1.1074097","0.57568306","1.435006","0.30044636","-0.5664857","-0.093875535","-0.21134944","-0.45643547","-0.08875621","-0.083333336","2.3272147","-1.2389371"
"Ruminococcus obeum","0.57965076","0.7299107","-0.8079205","-0.8079205","-0.8079205","-0.64594126","-0.67825854","-0.64059675","-0.7282978","-0.6700486","-0.5664857","-0.093875535","-0.21134944","-0.45643547","-0.08875621","-0.083333336","-0.42969814","0.80714345"
"Ruminococcus productus","0.57965076","0.7299107","-0.8079205","-0.8079205","-0.8079205","-0.64594126","-0.67825854","-0.64059675","-0.7282978","-0.6700486","-0.5664857","-0.093875535","-0.21134944","-0.45643547","-0.08875621","-0.083333336","-0.42969814","0.80714345"
"Ruminococcus productus-Clostridium coccoides","-1.7251766","-1.3700308","-0.8079205","-0.8079205","-0.8079205","-0.64594126","-0.67825854","-0.64059675","-0.7282978","-0.6700486","-0.5664857","-0.093875535","-0.21134944","-0.45643547","-0.08875621","-0.083333336","-0.42969814","0.80714345"
"Ruminococcus torques","0.57965076","0.7299107","1.2377455","1.2377455","1.2377455","1.663981","1.1074097","1.6615645","2.0014877","0.8681495","1.6431977","-0.093875535","-0.21134944","-0.45643547","-0.08875621","-0.083333336","2.3272147","-1.2389371"
"Ruminococcus-like microbe","-1.7251766","-1.3700308","-0.8079205","-0.8079205","-0.8079205","-0.64594126","-0.67825854","-0.64059675","-0.7282978","-0.6700486","-0.5664857","-0.093875535","-0.21134944","-0.45643547","-0.08875621","-0.083333336","-0.42969814","0.80714345"
"Ruminococcus2","-1.7251766","-1.3700308","-0.8079205","-0.8079205","-0.8079205","-0.64594126","-0.67825854","-0.64059675","-0.7282978","-0.6700486","-0.5664857","-0.093875535","-0.21134944","-0.45643547","-0.08875621","-0.083333336","-0.42969814","0.80714345"
"Ruminococcus_2","-1.7251766","-1.3700308","-0.8079205","-0.8079205","-0.8079205","-0.64594126","-0.67825854","-0.64059675","-0.7282978","-0.6700486","-0.5664857","-0.093875535","-0.21134944","-0.45643547","-0.08875621","-0.083333336","-0.42969814","0.80714345"
"Ruminococcus_torques_group","-1.7251766","-1.3700308","-0.8079205","-0.8079205","-0.8079205","-0.64594126","-0.67825854","-0.64059675","-0.7282978","-0.6700486","-0.5664857","-0.093875535","-0.21134944","-0.45643547","-0.08875621","-0.083333336","-0.42969814","0.80714345"
"Ruminofilibacter","0.57965076","0.7299107","-0.8079205","-0.8079205","-0.8079205","-0.64594126","-0.67825854","-0.64059675","-0.7282978","-0.6700486","-0.5664857","-0.093875535","-0.21134944","-0.45643547","-0.08875621","-0.083333336","-0.42969814","0.80714345"
"Russulaceae","0.57965076","-1.3700308","-0.8079205","-0.8079205","-0.8079205","-0.64594126","-0.67825854","-0.64059675","-0.7282978","-0.6700486","-0.5664857","-0.093875535","-0.21134944","-0.45643547","-0.08875621","-0.083333336","-0.42969814","0.80714345"
"Ruthenibacterium lactatiformans","0.57965076","0.7299107","-0.8079205","-0.8079205","-0.8079205","-0.64594126","-0.67825854","-0.64059675","-0.7282978","-0.6700486","-0.5664857","-0.093875535","-0.21134944","-0.45643547","-0.08875621","-0.083333336","-0.42969814","0.80714345"
"S Typhi","-1.7251766","-1.3700308","-0.8079205","-0.8079205","-0.8079205","-0.64594126","-0.67825854","-0.64059675","-0.7282978","-0.6700486","-0.5664857","-0.093875535","-0.21134944","-0.45643547","-0.08875621","-0.083333336","-0.42969814","0.80714345"
"S24-7","-1.7251766","-1.3700308","-0.8079205","-0.8079205","-0.8079205","-0.64594126","-0.67825854","-0.64059675","-0.7282978","-0.6700486","-0.5664857","-0.093875535","-0.21134944","-0.45643547","-0.08875621","-0.083333336","-0.42969814","0.80714345"
"S24-7 family","-1.7251766","-1.3700308","-0.8079205","-0.8079205","-0.8079205","-0.64594126","-0.67825854","-0.64059675","-0.7282978","-0.6700486","-0.5664857","-0.093875535","-0.21134944","-0.45643547","-0.08875621","-0.083333336","-0.42969814","0.80714345"
"SR1","-1.7251766","0.7299107","-0.8079205","-0.8079205","-0.8079205","-0.64594126","-0.67825854","-0.64059675","-0.7282978","-0.6700486","-0.5664857","-0.093875535","-0.21134944","-0.45643547","-0.08875621","-0.083333336","-0.42969814","0.80714345"
"Saccharibacter","0.57965076","0.7299107","-0.8079205","-0.8079205","-0.8079205","-0.64594126","-0.67825854","-0.64059675","-0.7282978","-0.6700486","-0.5664857","-0.093875535","-0.21134944","-0.45643547","-0.08875621","-0.083333336","-0.42969814","0.80714345"
"Saccharibacteria","-1.7251766","-1.3700308","-0.8079205","-0.8079205","-0.8079205","-0.64594126","-0.67825854","-0.64059675","-0.7282978","-0.6700486","-0.5664857","-0.093875535","-0.21134944","-0.45643547","-0.08875621","-0.083333336","-0.42969814","0.80714345"
"Saccharibacteria TM7","-1.7251766","-1.3700308","-0.8079205","-0.8079205","-0.8079205","-0.64594126","-0.67825854","-0.64059675","-0.7282978","-0.6700486","-0.5664857","-0.093875535","-0.21134944","-0.45643547","-0.08875621","-0.083333336","-0.42969814","0.80714345"
"Saccharofermentans","0.57965076","-1.3700308","1.2377455","1.2377455","1.2377455","0.45617172","0.21457562","0.12679036","0.6365949","0.30044636","0.60093606","-0.093875535","-0.21134944","2.19089","-0.08875621","-0.083333336","-0.42969814","-1.2389371"
"Saccharomyces","0.57965076","0.7299107","1.2377455","1.2377455","1.2377455","0.049414594","0.21457562","0.12679036","0.6365949","0.30044636","-0.5664857","-0.093875535","-0.21134944","2.19089","-0.08875621","-0.083333336","-0.42969814","-1.2389371"
"Saccharomyces boulardii","-1.7251766","-1.3700308","-0.8079205","-0.8079205","-0.8079205","-0.64594126","-0.67825854","-0.64059675","-0.7282978","-0.6700486","-0.5664857","-0.093875535","-0.21134944","-0.45643547","-0.08875621","-0.083333336","-0.42969814","0.80714345"
"Saccharomyces boulardii CNCM I745","-1.7251766","-1.3700308","-0.8079205","-0.8079205","-0.8079205","-0.64594126","-0.67825854","-0.64059675","-0.7282978","-0.6700486","-0.5664857","-0.093875535","-0.21134944","-0.45643547","-0.08875621","-0.083333336","-0.42969814","0.80714345"
"Saccharomyces castellii","0.57965076","-1.3700308","-0.8079205","-0.8079205","-0.8079205","-0.64594126","-0.67825854","-0.64059675","-0.7282978","-0.6700486","-0.5664857","-0.093875535","-0.21134944","-0.45643547","-0.08875621","-0.083333336","-0.42969814","0.80714345"
"Saccharomyces cerevisiae","0.57965076","0.7299107","1.2377455","1.2377455","1.2377455","0.96862507","1.1074097","1.1412209","2.440885","1.2709413","-0.5664857","-0.093875535","-0.21134944","-0.45643547","-0.08875621","-0.083333336","2.3272147","-1.2389371"
"Saccharomycetes","0.57965076","-1.3700308","1.2377455","1.2377455","1.2377455","0.45617172","0.73685014","0.57568306","1.435006","0.30044636","-0.5664857","10.652403","-0.21134944","-0.45643547","-0.08875621","-0.083333336","-0.42969814","-1.2389371"
"Saccharophagus","0.57965076","0.7299107","-0.8079205","-0.8079205","-0.8079205","-0.64594126","-0.67825854","-0.64059675","-0.7282978","-0.6700486","-0.5664857","-0.093875535","-0.21134944","-0.45643547","-0.08875621","-0.083333336","-0.42969814","0.80714345"
"Saccharopolyspora","0.57965076","-1.3700308","1.2377455","1.2377455","1.2377455","0.74477047","0.21457562","0.12679036","0.6365949","0.30044636","0.90663654","-0.093875535","-0.21134944","2.19089","-0.08875621","-0.083333336","-0.42969814","-1.2389371"
"Salinivibrio","0.57965076","0.7299107","-0.8079205","-0.8079205","-0.8079205","-0.64594126","-0.67825854","-0.64059675","-0.7282978","-0.6700486","-0.5664857","-0.093875535","-0.21134944","-0.45643547","-0.08875621","-0.083333336","-0.42969814","0.80714345"
"Salmonella","0.57965076","0.7299107","1.2377455","1.2377455","1.2377455","0.74477047","1.1074097","0.89417744","1.435006","0.30044636","0.60093606","-0.093875535","-0.21134944","2.19089","-0.08875621","-0.083333336","-0.42969814","-1.2389371"
"Salmonella enterica","0.57965076","0.7299107","1.2377455","1.2377455","1.2377455","0.049414594","0.21457562","0.12679036","0.6365949","0.30044636","0.17007542","-0.093875535","-0.21134944","-0.45643547","-0.08875621","-0.083333336","2.3272147","-1.2389371"
"Salmonella enterica serovar Paratyphi A","-1.7251766","-1.3700308","-0.8079205","-0.8079205","-0.8079205","-0.64594126","-0.67825854","-0.64059675","-0.7282978","-0.6700486","-0.5664857","-0.093875535","-0.21134944","-0.45643547","-0.08875621","-0.083333336","-0.42969814","0.80714345"
"Salmonella enterica serovar Typhi","-1.7251766","-1.3700308","-0.8079205","-0.8079205","-0.8079205","-0.64594126","-0.67825854","-0.64059675","-0.7282978","-0.6700486","-0.5664857","-0.093875535","-0.21134944","-0.45643547","-0.08875621","-0.083333336","-0.42969814","0.80714345"
"Salmonella sp.","-1.7251766","-1.3700308","-0.8079205","-0.8079205","-0.8079205","-0.64594126","-0.67825854","-0.64059675","-0.7282978","-0.6700486","-0.5664857","-0.093875535","-0.21134944","-0.45643547","-0.08875621","-0.083333336","-0.42969814","0.80714345"
"Salmonella typhi","-1.7251766","-1.3700308","-0.8079205","-0.8079205","-0.8079205","-0.64594126","-0.67825854","-0.64059675","-0.7282978","-0.6700486","-0.5664857","-0.093875535","-0.21134944","-0.45643547","-0.08875621","-0.083333336","-0.42969814","0.80714345"
"Salmonella typhimurium","-1.7251766","-1.3700308","-0.8079205","-0.8079205","-0.8079205","-0.64594126","-0.67825854","-0.64059675","-0.7282978","-0.6700486","-0.5664857","-0.093875535","-0.21134944","-0.45643547","-0.08875621","-0.083333336","-0.42969814","0.80714345"
"Sanguibacter","0.57965076","0.7299107","-0.8079205","-0.8079205","-0.8079205","-0.64594126","-0.67825854","-0.64059675","-0.7282978","-0.6700486","-0.5664857","-0.093875535","-0.21134944","-0.45643547","-0.08875621","-0.083333336","-0.42969814","0.80714345"
"Saprolegnia","0.57965076","0.7299107","1.2377455","1.2377455","1.2377455","0.45617172","0.73685014","0.12679036","0.6365949","0.30044636","0.60093606","-0.093875535","-0.21134944","2.19089","-0.08875621","-0.083333336","-0.42969814","-1.2389371"
"Sarcandra","0.57965076","0.7299107","-0.8079205","-0.8079205","-0.8079205","-0.64594126","-0.67825854","-0.64059675","-0.7282978","-0.6700486","-0.5664857","-0.093875535","-0.21134944","-0.45643547","-0.08875621","-0.083333336","-0.42969814","0.80714345"
"Sarcina","0.57965076","0.7299107","1.2377455","1.2377455","1.2377455","0.74477047","1.1074097","0.57568306","0.6365949","0.30044636","0.90663654","-0.093875535","-0.21134944","2.19089","-0.08875621","-0.083333336","-0.42969814","-1.2389371"
"Scardovia","0.57965076","0.7299107","1.2377455","1.2377455","1.2377455","0.96862507","1.3948382","1.1412209","2.0014877","1.5833708","0.60093606","-0.093875535","-0.21134944","2.19089","-0.08875621","-0.083333336","-0.42969814","-1.2389371"
"Scardovia inopinata","0.57965076","0.7299107","1.2377455","1.2377455","1.2377455","0.049414594","0.21457562","0.12679036","0.6365949","0.30044636","-0.5664857","-0.093875535","-0.21134944","-0.45643547","-0.08875621","-0.083333336","2.3272147","-1.2389371"
"Scardovia wiggsiae","0.57965076","0.7299107","-0.8079205","-0.8079205","-0.8079205","-0.64594126","-0.67825854","-0.64059675","-0.7282978","-0.6700486","-0.5664857","-0.093875535","-0.21134944","-0.45643547","-0.08875621","-0.083333336","-0.42969814","0.80714345"
"Scedosporium","0.57965076","0.7299107","-0.8079205","-0.8079205","-0.8079205","-0.64594126","-0.67825854","-0.64059675","-0.7282978","-0.6700486","-0.5664857","-0.093875535","-0.21134944","-0.45643547","-0.08875621","-0.083333336","-0.42969814","0.80714345"
"Schlegelella","0.57965076","0.7299107","1.2377455","1.2377455","1.2377455","0.45617172","0.73685014","0.57568306","0.6365949","0.8681495","0.60093606","-0.093875535","-0.21134944","2.19089","-0.08875621","-0.083333336","-0.42969814","-1.2389371"
"Schwartzia","0.57965076","0.7299107","1.2377455","1.2377455","1.2377455","1.1515275","1.1074097","1.1412209","0.6365949","1.5833708","1.3374971","-0.093875535","-0.21134944","2.19089","-0.08875621","-0.083333336","-0.42969814","-1.2389371"
"Sclegelella","-1.7251766","-1.3700308","-0.8079205","-0.8079205","-0.8079205","-0.64594126","-0.67825854","-0.64059675","-0.7282978","-0.6700486","-0.5664857","-0.093875535","-0.21134944","-0.45643547","-0.08875621","-0.083333336","-0.42969814","0.80714345"
"Sclerodermataceae","0.57965076","-1.3700308","-0.8079205","-0.8079205","-0.8079205","-0.64594126","-0.67825854","-0.64059675","-0.7282978","-0.6700486","-0.5664857","-0.093875535","-0.21134944","-0.45643547","-0.08875621","-0.083333336","-0.42969814","0.80714345"
"Sclerotiniaceae","0.57965076","0.7299107","-0.8079205","-0.8079205","-0.8079205","-0.64594126","-0.67825854","-0.64059675","-0.7282978","-0.6700486","-0.5664857","-0.093875535","-0.21134944","-0.45643547","-0.08875621","-0.083333336","-0.42969814","0.80714345"
"Sediminibacterium","0.57965076","0.7299107","1.2377455","1.2377455","1.2377455","0.74477047","1.1074097","0.89417744","0.6365949","1.2709413","0.90663654","-0.093875535","-0.21134944","2.19089","-0.08875621","-0.083333336","-0.42969814","-1.2389371"
"Segmented Filamentous Bacteria","-1.7251766","-1.3700308","-0.8079205","-0.8079205","-0.8079205","-0.64594126","-0.67825854","-0.64059675","-0.7282978","-0.6700486","-0.5664857","-0.093875535","-0.21134944","-0.45643547","-0.08875621","-0.083333336","-0.42969814","0.80714345"
"Segmented filamentous bacterium","-1.7251766","-1.3700308","-0.8079205","-0.8079205","-0.8079205","-0.64594126","-0.67825854","-0.64059675","-0.7282978","-0.6700486","-0.5664857","-0.093875535","-0.21134944","-0.45643547","-0.08875621","-0.083333336","-0.42969814","0.80714345"
"Segmented-filamentous bacteria","-1.7251766","-1.3700308","-0.8079205","-0.8079205","-0.8079205","-0.64594126","-0.67825854","-0.64059675","-0.7282978","-0.6700486","-0.5664857","-0.093875535","-0.21134944","-0.45643547","-0.08875621","-0.083333336","-0.42969814","0.80714345"
"Selenomonadales","0.57965076","-1.3700308","1.2377455","1.2377455","1.2377455","1.5582846","2.151959","1.6615645","1.435006","0.8681495","1.5013028","-0.093875535","-0.21134944","-0.45643547","11.266818","-0.083333336","-0.42969814","-1.2389371"
"Selenomonas","0.57965076","0.7299107","1.2377455","1.2377455","1.2377455","2.4995441","2.2876725","2.6192079","2.440885","3.02497","2.504919","-0.093875535","-0.21134944","2.19089","-0.08875621","-0.083333336","-0.42969814","-1.2389371"
"Selenomonas artemidis","0.57965076","0.7299107","-0.8079205","-0.8079205","-0.8079205","-0.64594126","-0.67825854","-0.64059675","-0.7282978","-0.6700486","-0.5664857","-0.093875535","-0.21134944","-0.45643547","-0.08875621","-0.083333336","-0.42969814","0.80714345"
"Selenomonas infelix","0.57965076","0.7299107","-0.8079205","-0.8079205","-0.8079205","-0.64594126","-0.67825854","-0.64059675","-0.7282978","-0.6700486","-0.5664857","-0.093875535","-0.21134944","-0.45643547","-0.08875621","-0.083333336","-0.42969814","0.80714345"
"Selenomonas noxia","0.57965076","0.7299107","1.2377455","1.2377455","1.2377455","0.45617172","0.21457562","0.12679036","0.6365949","0.30044636","0.60093606","-0.093875535","-0.21134944","-0.45643547","-0.08875621","-0.083333336","2.3272147","-1.2389371"
"Selenomonas sputigena","0.57965076","0.7299107","1.2377455","1.2377455","1.2377455","1.1515275","0.73685014","1.1412209","1.435006","1.2709413","0.90663654","-0.093875535","-0.21134944","-0.45643547","-0.08875621","-0.083333336","2.3272147","-1.2389371"
"Sellimonas","0.57965076","0.7299107","-0.8079205","-0.8079205","-0.8079205","-0.64594126","-0.67825854","-0.64059675","-0.7282978","-0.6700486","-0.5664857","-0.093875535","-0.21134944","-0.45643547","-0.08875621","-0.083333336","-0.42969814","0.80714345"
"Serratia","0.57965076","0.7299107","1.2377455","1.2377455","1.2377455","1.3061694","1.6296843","1.5137312","2.0014877","2.0544753","1.1437563","-0.093875535","-0.21134944","2.19089","-0.08875621","-0.083333336","-0.42969814","-1.2389371"
"Serratia marcescens","0.57965076","0.7299107","1.2377455","1.2377455","1.2377455","0.049414594","0.21457562","0.12679036","0.6365949","0.30044636","0.17007542","-0.093875535","-0.21134944","-0.45643547","-0.08875621","-0.083333336","2.3272147","-1.2389371"
"Shewanella","0.57965076","0.7299107","1.2377455","1.2377455","1.2377455","1.7595948","1.6296843","1.6615645","0.6365949","1.5833708","1.9815972","-0.093875535","-0.21134944","2.19089","-0.08875621","-0.083333336","-0.42969814","-1.2389371"
"Shewanella algae","0.57965076","0.7299107","-0.8079205","-0.8079205","-0.8079205","-0.64594126","-0.67825854","-0.64059675","-0.7282978","-0.6700486","-0.5664857","-0.093875535","-0.21134944","-0.45643547","-0.08875621","-0.083333336","-0.42969814","0.80714345"
"Shigella","0.57965076","0.7299107","1.2377455","1.2377455","1.2377455","1.3061694","1.6296843","1.5137312","2.0014877","0.30044636","1.1437563","-0.093875535","-0.21134944","2.19089","-0.08875621","-0.083333336","-0.42969814","-1.2389371"
"Shigella dysenteriae","0.57965076","-1.3700308","1.2377455","1.2377455","1.2377455","0.049414594","0.21457562","0.12679036","0.6365949","0.30044636","-0.5664857","-0.093875535","-0.21134944","-0.45643547","-0.08875621","-0.083333336","2.3272147","-1.2389371"
"Shigella flexneri","0.57965076","0.7299107","1.2377455","1.2377455","1.2377455","0.45617172","0.21457562","0.57568306","1.435006","0.30044636","0.17007542","-0.093875535","-0.21134944","-0.45643547","-0.08875621","-0.083333336","2.3272147","-1.2389371"
"Shigella sonnei","0.57965076","0.7299107","1.2377455","1.2377455","1.2377455","0.049414594","0.21457562","0.12679036","0.6365949","0.30044636","-0.5664857","-0.093875535","-0.21134944","-0.45643547","-0.08875621","-0.083333336","2.3272147","-1.2389371"
"Shigella sp.","-1.7251766","-1.3700308","-0.8079205","-0.8079205","-0.8079205","-0.64594126","-0.67825854","-0.64059675","-0.7282978","-0.6700486","-0.5664857","-0.093875535","-0.21134944","-0.45643547","-0.08875621","-0.083333336","-0.42969814","0.80714345"
"Shuttleworthia","0.57965076","0.7299107","1.2377455","1.2377455","1.2377455","0.45617172","0.73685014","0.57568306","1.435006","0.8681495","0.17007542","-0.093875535","-0.21134944","2.19089","-0.08875621","-0.083333336","-0.42969814","-1.2389371"
"Shuttleworthia satelles","0.57965076","0.7299107","-0.8079205","-0.8079205","-0.8079205","-0.64594126","-0.67825854","-0.64059675","-0.7282978","-0.6700486","-0.5664857","-0.093875535","-0.21134944","-0.45643547","-0.08875621","-0.083333336","-0.42969814","0.80714345"
"Simonsiella","0.57965076","0.7299107","1.2377455","1.2377455","1.2377455","0.049414594","0.21457562","0.12679036","0.6365949","0.30044636","-0.5664857","-0.093875535","-0.21134944","2.19089","-0.08875621","-0.083333336","-0.42969814","-1.2389371"
"Simonsiella muelleri","0.57965076","0.7299107","1.2377455","1.2377455","1.2377455","0.45617172","0.21457562","0.12679036","0.6365949","0.30044636","0.60093606","-0.093875535","-0.21134944","-0.45643547","-0.08875621","-0.083333336","2.3272147","-1.2389371"
"Simplicispira","0.57965076","0.7299107","-0.8079205","-0.8079205","-0.8079205","-0.64594126","-0.67825854","-0.64059675","-0.7282978","-0.6700486","-0.5664857","-0.093875535","-0.21134944","-0.45643547","-0.08875621","-0.083333336","-0.42969814","0.80714345"
"Sistotrema brinkmannii","0.57965076","0.7299107","-0.8079205","-0.8079205","-0.8079205","-0.64594126","-0.67825854","-0.64059675","-0.7282978","-0.6700486","-0.5664857","-0.093875535","-0.21134944","-0.45643547","-0.08875621","-0.083333336","-0.42969814","0.80714345"
"Sistotremastrum suecicum","0.57965076","-1.3700308","-0.8079205","-0.8079205","-0.8079205","-0.64594126","-0.67825854","-0.64059675","-0.7282978","-0.6700486","-0.5664857","-0.093875535","-0.21134944","-0.45643547","-0.08875621","-0.083333336","-0.42969814","0.80714345"
"Skermanella","0.57965076","0.7299107","1.2377455","1.2377455","1.2377455","0.049414594","0.21457562","0.12679036","0.6365949","0.30044636","0.17007542","-0.093875535","-0.21134944","2.19089","-0.08875621","-0.083333336","-0.42969814","-1.2389371"
"Slackia","0.57965076","0.7299107","1.2377455","1.2377455","1.2377455","1.7595948","1.6296843","1.5137312","1.435006","0.8681495","1.8803174","-0.093875535","-0.21134944","2.19089","-0.08875621","-0.083333336","-0.42969814","-1.2389371"
"Slackia exigua","0.57965076","-1.3700308","1.2377455","1.2377455","1.2377455","0.96862507","1.1074097","0.89417744","1.435006","1.2709413","0.90663654","-0.093875535","-0.21134944","-0.45643547","-0.08875621","-0.083333336","2.3272147","-1.2389371"
"Small intestinal bacterial overgrowth (SIBO)","-1.7251766","-1.3700308","-0.8079205","-0.8079205","-0.8079205","-0.64594126","-0.67825854","-0.64059675","-0.7282978","-0.6700486","-0.5664857","-0.093875535","-0.21134944","-0.45643547","-0.08875621","-0.083333336","-0.42969814","0.80714345"
"Sneathia","0.57965076","0.7299107","-0.8079205","-0.8079205","-0.8079205","-0.64594126","-0.67825854","-0.64059675","-0.7282978","-0.6700486","-0.5664857","-0.093875535","-0.21134944","-0.45643547","-0.08875621","-0.083333336","-0.42969814","0.80714345"
"Sneathia amnii","0.57965076","0.7299107","-0.8079205","-0.8079205","-0.8079205","-0.64594126","-0.67825854","-0.64059675","-0.7282978","-0.6700486","-0.5664857","-0.093875535","-0.21134944","-0.45643547","-0.08875621","-0.083333336","-0.42969814","0.80714345"
"Sneathia sanguinegens","0.57965076","0.7299107","1.2377455","1.2377455","1.2377455","0.049414594","0.21457562","0.12679036","0.6365949","0.30044636","0.17007542","-0.093875535","-0.21134944","-0.45643547","-0.08875621","-0.083333336","2.3272147","-1.2389371"
"Snowella rosea","0.57965076","0.7299107","-0.8079205","-0.8079205","-0.8079205","-0.64594126","-0.67825854","-0.64059675","-0.7282978","-0.6700486","-0.5664857","-0.093875535","-0.21134944","-0.45643547","-0.08875621","-0.083333336","-0.42969814","0.80714345"
"Solibacillus","0.57965076","0.7299107","-0.8079205","-0.8079205","-0.8079205","-0.64594126","-0.67825854","-0.64059675","-0.7282978","-0.6700486","-0.5664857","-0.093875535","-0.21134944","-0.45643547","-0.08875621","-0.083333336","-0.42969814","0.80714345"
"Solitalea","0.57965076","0.7299107","-0.8079205","-0.8079205","-0.8079205","-0.64594126","-0.67825854","-0.64059675","-0.7282978","-0.6700486","-0.5664857","-0.093875535","-0.21134944","-0.45643547","-0.08875621","-0.083333336","-0.42969814","0.80714345"
"Solobacterium","0.57965076","0.7299107","1.2377455","1.2377455","1.2377455","1.1515275","1.1074097","1.1412209","1.435006","1.5833708","1.1437563","-0.093875535","-0.21134944","2.19089","-0.08875621","-0.083333336","-0.42969814","-1.2389371"
"Solobacterium moorei","0.57965076","0.7299107","1.2377455","1.2377455","1.2377455","1.9271811","0.73685014","1.5137312","2.0014877","1.2709413","1.5013028","-0.093875535","-0.21134944","-0.45643547","-0.08875621","-0.083333336","2.3272147","-1.2389371"
"Sphingobacterium","0.57965076","0.7299107","1.2377455","1.2377455","1.2377455","1.7595948","2.000244","1.7919627","1.435006","2.4063475","1.8803174","-0.093875535","-0.21134944","2.19089","-0.08875621","-0.083333336","-0.42969814","-1.2389371"
"Sphingobacterium bambusae","0.57965076","0.7299107","-0.8079205","-0.8079205","-0.8079205","-0.64594126","-0.67825854","-0.64059675","-0.7282978","-0.6700486","-0.5664857","-0.093875535","-0.21134944","-0.45643547","-0.08875621","-0.083333336","-0.42969814","0.80714345"
"Sphingobium","0.57965076","0.7299107","1.2377455","1.2377455","1.2377455","0.96862507","1.1074097","1.1412209","1.435006","1.5833708","0.90663654","-0.093875535","-0.21134944","2.19089","-0.08875621","-0.083333336","-0.42969814","-1.2389371"
"Sphingobium xenophagum","0.57965076","0.7299107","1.2377455","1.2377455","1.2377455","0.049414594","0.21457562","0.12679036","0.6365949","0.30044636","-0.5664857","-0.093875535","-0.21134944","-0.45643547","-0.08875621","-0.083333336","2.3272147","-1.2389371"
"Sphingobium yanoikuyae","0.57965076","0.7299107","1.2377455","1.2377455","1.2377455","0.96862507","1.1074097","0.89417744","2.0014877","1.2709413","0.60093606","-0.093875535","-0.21134944","-0.45643547","-0.08875621","-0.083333336","2.3272147","-1.2389371"
"Sphingomonadaceae","0.57965076","0.7299107","1.2377455","1.2377455","1.2377455","2.1354823","2.2876725","2.1990728","1.435006","2.6873124","2.311178","-0.093875535","4.7315","-0.45643547","-0.08875621","-0.083333336","-0.42969814","-1.2389371"
"Sphingomonas","0.57965076","0.7299107","1.2377455","1.2377455","1.2377455","2.622537","2.4104402","2.675995","2.0014877","3.2968132","2.8106194","-0.093875535","-0.21134944","2.19089","-0.08875621","-0.083333336","-0.42969814","-1.2389371"
"Sphingomonas changbaiensis","0.57965076","0.7299107","-0.8079205","-0.8079205","-0.8079205","-0.64594126","-0.67825854","-0.64059675","-0.7282978","-0.6700486","-0.5664857","-0.093875535","-0.21134944","-0.45643547","-0.08875621","-0.083333336","-0.42969814","0.80714345"
"Sphingomonas echinoides","0.57965076","0.7299107","-0.8079205","-0.8079205","-0.8079205","-0.64594126","-0.67825854","-0.64059675","-0.7282978","-0.6700486","-0.5664857","-0.093875535","-0.21134944","-0.45643547","-0.08875621","-0.083333336","-0.42969814","0.80714345"
"Sphingomonas yabuuchiae","0.57965076","0.7299107","-0.8079205","-0.8079205","-0.8079205","-0.64594126","-0.67825854","-0.64059675","-0.7282978","-0.6700486","-0.5664857","-0.093875535","-0.21134944","-0.45643547","-0.08875621","-0.083333336","-0.42969814","0.80714345"
"Sphingomonas yanoikuyae","-1.7251766","-1.3700308","-0.8079205","-0.8079205","-0.8079205","-0.64594126","-0.67825854","-0.64059675","-0.7282978","-0.6700486","-0.5664857","-0.093875535","-0.21134944","-0.45643547","-0.08875621","-0.083333336","-0.42969814","0.80714345"
"Sphingopyxis","0.57965076","0.7299107","-0.8079205","-0.8079205","-0.8079205","-0.64594126","-0.67825854","-0.64059675","-0.7282978","-0.6700486","-0.5664857","-0.093875535","-0.21134944","-0.45643547","-0.08875621","-0.083333336","-0.42969814","0.80714345"
"Sphingopyxis flavimaris","0.57965076","0.7299107","-0.8079205","-0.8079205","-0.8079205","-0.64594126","-0.67825854","-0.64059675","-0.7282978","-0.6700486","-0.5664857","-0.093875535","-0.21134944","-0.45643547","-0.08875621","-0.083333336","-0.42969814","0.80714345"
"Spirochaeta thermophila","0.57965076","0.7299107","-0.8079205","-0.8079205","-0.8079205","-0.64594126","-0.67825854","-0.64059675","-0.7282978","-0.6700486","-0.5664857","-0.093875535","-0.21134944","-0.45643547","-0.08875621","-0.083333336","-0.42969814","0.80714345"
"Spirochaetaceae","0.57965076","0.7299107","1.2377455","1.2377455","1.2377455","1.1515275","1.3948382","1.1412209","0.6365949","1.2709413","1.3374971","-0.093875535","4.7315","-0.45643547","-0.08875621","-0.083333336","-0.42969814","-1.2389371"
"Spirochaetes","0.57965076","0.7299107","1.2377455","1.2377455","1.2377455","2.3593369","2.2876725","2.2811184","2.0014877","2.6873124","2.4441805","-0.093875535","-0.21134944","-0.45643547","-0.08875621","12.0","-0.42969814","-1.2389371"
"Spirochaetes phylum","-1.7251766","-1.3700308","-0.8079205","-0.8079205","-0.8079205","-0.64594126","-0.67825854","-0.64059675","-0.7282978","-0.6700486","-0.5664857","-0.093875535","-0.21134944","-0.45643547","-0.08875621","-0.083333336","-0.42969814","0.80714345"
"Spirochmycetes","-1.7251766","-1.3700308","-0.8079205","-0.8079205","-0.8079205","-0.64594126","-0.67825854","-0.64059675","-0.7282978","-0.6700486","-0.5664857","-0.093875535","-0.21134944","-0.45643547","-0.08875621","-0.083333336","-0.42969814","0.80714345"
"Spirodela","0.57965076","-1.3700308","-0.8079205","-0.8079205","-0.8079205","-0.64594126","-0.67825854","-0.64059675","-0.7282978","-0.6700486","-0.5664857","-0.093875535","-0.21134944","-0.45643547","-0.08875621","-0.083333336","-0.42969814","0.80714345"
"Spiroplasmataceae","0.57965076","-1.3700308","1.2377455","1.2377455","1.2377455","0.049414594","0.21457562","0.12679036","0.6365949","0.30044636","-0.5664857","-0.093875535","4.7315","-0.45643547","-0.08875621","-0.083333336","-0.42969814","-1.2389371"
"Sporobacter","0.57965076","0.7299107","1.2377455","1.2377455","1.2377455","1.7595948","1.3948382","1.1412209","0.6365949","0.30044636","1.9815972","-0.093875535","-0.21134944","2.19089","-0.08875621","-0.083333336","-0.42969814","-1.2389371"
"Sporobacter termitidis","0.57965076","0.7299107","1.2377455","1.2377455","1.2377455","0.049414594","0.21457562","0.12679036","0.6365949","0.30044636","0.17007542","-0.093875535","-0.21134944","-0.45643547","-0.08875621","-0.083333336","2.3272147","-1.2389371"
"Sporomusa","0.57965076","0.7299107","-0.8079205","-0.8079205","-0.8079205","-0.64594126","-0.67825854","-0.64059675","-0.7282978","-0.6700486","-0.5664857","-0.093875535","-0.21134944","-0.45643547","-0.08875621","-0.083333336","-0.42969814","0.80714345"
"Sporosarcina","0.57965076","0.7299107","1.2377455","1.2377455","1.2377455","0.45617172","0.21457562","0.12679036","0.6365949","0.30044636","0.60093606","-0.093875535","-0.21134944","2.19089","-0.08875621","-0.083333336","-0.42969814","-1.2389371"
"Stagonosporopsis cucurbitacearum","0.57965076","0.7299107","-0.8079205","-0.8079205","-0.8079205","-0.64594126","-0.67825854","-0.64059675","-0.7282978","-0.6700486","-0.5664857","-0.093875535","-0.21134944","-0.45643547","-0.08875621","-0.083333336","-0.42969814","0.80714345"
"Staphylococcaceae","0.57965076","0.7299107","1.2377455","1.2377455","1.2377455","2.070738","2.5225184","2.1990728","0.6365949","2.553866","2.311178","-0.093875535","4.7315","-0.45643547","-0.08875621","-0.083333336","-0.42969814","-1.2389371"
"Staphylococci","-1.7251766","-1.3700308","-0.8079205","-0.8079205","-0.8079205","-0.64594126","-0.67825854","-0.64059675","-0.7282978","-0.6700486","-0.5664857","-0.093875535","-0.21134944","-0.45643547","-0.08875621","-0.083333336","-0.42969814","0.80714345"
"Staphylococcus","0.57965076","0.7299107","1.2377455","1.2377455","1.2377455","2.7989883","3.0447931","2.8778443","2.7998989","3.2968132","2.8539982","-0.093875535","-0.21134944","2.19089","-0.08875621","-0.083333336","-0.42969814","-1.2389371"
"Staphylococcus aureus","0.57965076","0.7299107","1.2377455","1.2377455","1.2377455","0.96862507","0.73685014","0.12679036","0.6365949","0.30044636","-0.5664857","-0.093875535","-0.21134944","-0.45643547","-0.08875621","-0.083333336","2.3272147","-1.2389371"
"Staphylococcus capitis","0.57965076","0.7299107","-0.8079205","-0.8079205","-0.8079205","-0.64594126","-0.67825854","-0.64059675","-0.7282978","-0.6700486","-0.5664857","-0.093875535","-0.21134944","-0.45643547","-0.08875621","-0.083333336","-0.42969814","0.80714345"
"Staphylococcus epidermidis","0.57965076","0.7299107","1.2377455","1.2377455","1.2377455","0.45617172","0.21457562","0.12679036","0.6365949","0.30044636","0.60093606","-0.093875535","-0.21134944","-0.45643547","-0.08875621","-0.083333336","2.3272147","-1.2389371"
"Staphylococcus equorum","0.57965076","0.7299107","-0.8079205","-0.8079205","-0.8079205","-0.64594126","-0.67825854","-0.64059675","-0.7282978","-0.6700486","-0.5664857","-0.093875535","-0.21134944","-0.45643547","-0.08875621","-0.083333336","-0.42969814","0.80714345"
"Staphylococcus hominis","0.57965076","0.7299107","-0.8079205","-0.8079205","-0.8079205","-0.64594126","-0.67825854","-0.64059675","-0.7282978","-0.6700486","-0.5664857","-0.093875535","-0.21134944","-0.45643547","-0.08875621","-0.083333336","-0.42969814","0.80714345"
"Staphylococcus pasteuri","0.57965076","0.7299107","1.2377455","1.2377455","1.2377455","0.45617172","0.21457562","0.12679036","0.6365949","0.30044636","0.60093606","-0.093875535","-0.21134944","-0.45643547","-0.08875621","-0.083333336","2.3272147","-1.2389371"
"Staphylococcus spp","-1.7251766","-1.3700308","-0.8079205","-0.8079205","-0.8079205","-0.64594126","-0.67825854","-0.64059675","-0.7282978","-0.6700486","-0.5664857","-0.093875535","-0.21134944","-0.45643547","-0.08875621","-0.083333336","-0.42969814","0.80714345"
"Staphylococcus warneri","0.57965076","0.7299107","-0.8079205","-0.8079205","-0.8079205","-0.64594126","-0.67825854","-0.64059675","-0.7282978","-0.6700486","-0.5664857","-0.093875535","-0.21134944","-0.45643547","-0.08875621","-0.083333336","-0.42969814","0.80714345"
"Staphylococcus xylosus","0.57965076","0.7299107","-0.8079205","-0.8079205","-0.8079205","-0.64594126","-0.67825854","-0.64059675","-0.7282978","-0.6700486","-0.5664857","-0.093875535","-0.21134944","-0.45643547","-0.08875621","-0.083333336","-0.42969814","0.80714345"
"Starmerella etchellii","0.57965076","-1.3700308","-0.8079205","-0.8079205","-0.8079205","-0.64594126","-0.67825854","-0.64059675","-0.7282978","-0.6700486","-0.5664857","-0.093875535","-0.21134944","-0.45643547","-0.08875621","-0.083333336","-0.42969814","0.80714345"
"Stemphylium","0.57965076","-1.3700308","-0.8079205","-0.8079205","-0.8079205","-0.64594126","-0.67825854","-0.64059675","-0.7282978","-0.6700486","-0.5664857","-0.093875535","-0.21134944","-0.45643547","-0.08875621","-0.083333336","-0.42969814","0.80714345"
"Stenotrophomas maltophila","0.57965076","-1.3700308","-0.8079205","-0.8079205","-0.8079205","-0.64594126","-0.67825854","-0.64059675","-0.7282978","-0.6700486","-0.5664857","-0.093875535","-0.21134944","-0.45643547","-0.08875621","-0.083333336","-0.42969814","0.80714345"
"Stenotrophomonas","0.57965076","0.7299107","1.2377455","1.2377455","1.2377455","1.8468834","1.8282436","1.908608","1.435006","2.4063475","1.9815972","-0.093875535","-0.21134944","2.19089","-0.08875621","-0.083333336","-0.42969814","-1.2389371"
"Stenotrophomonas maltophilia","-1.7251766","-1.3700308","-0.8079205","-0.8079205","-0.8079205","-0.64594126","-0.67825854","-0.64059675","-0.7282978","-0.6700486","-0.5664857","-0.093875535","-0.21134944","-0.45643547","-0.08875621","-0.083333336","-0.42969814","0.80714345"
"Sterigmatomyces","0.57965076","0.7299107","-0.8079205","-0.8079205","-0.8079205","-0.64594126","-0.67825854","-0.64059675","-0.7282978","-0.6700486","-0.5664857","-0.093875535","-0.21134944","-0.45643547","-0.08875621","-0.083333336","-0.42969814","0.80714345"
"Stomatobaculum","0.57965076","0.7299107","1.2377455","1.2377455","1.2377455","1.3061694","1.6296843","1.34307","1.435006","1.5833708","1.1437563","-0.093875535","-0.21134944","2.19089","-0.08875621","-0.083333336","-0.42969814","-1.2389371"
"Stoquefichus massiliensis","0.57965076","0.7299107","-0.8079205","-0.8079205","-0.8079205","-0.64594126","-0.67825854","-0.64059675","-0.7282978","-0.6700486","-0.5664857","-0.093875535","-0.21134944","-0.45643547","-0.08875621","-0.083333336","-0.42969814","0.80714345"
"Stramenopiles","0.57965076","0.7299107","-0.8079205","-0.8079205","-0.8079205","-0.64594126","-0.67825854","-0.64059675","-0.7282978","-0.6700486","-0.5664857","-0.093875535","-0.21134944","-0.45643547","-0.08875621","-0.083333336","-0.42969814","0.80714345"
"Streptobacillus","0.57965076","0.7299107","-0.8079205","-0.8079205","-0.8079205","-0.64594126","-0.67825854","-0.64059675","-0.7282978","-0.6700486","-0.5664857","-0.093875535","-0.21134944","-0.45643547","-0.08875621","-0.083333336","-0.42969814","0.80714345"
"Streptococcaceae","0.57965076","0.7299107","1.2377455","1.2377455","1.2377455","3.1036382","2.971168","3.1963387","2.0014877","3.121569","3.326536","-0.093875535","4.7315","-0.45643547","-0.08875621","-0.083333336","-0.42969814","-1.2389371"
"Streptococcus","0.57965076","0.7299107","1.2377455","1.2377455","1.2377455","3.9433467","3.360532","3.9977934","3.59831","4.137974","4.1544228","-0.093875535","-0.21134944","2.19089","-0.08875621","-0.083333336","-0.42969814","-1.2389371"
"Streptococcus Gallolyticus","0.57965076","0.7299107","-0.8079205","-0.8079205","-0.8079205","-0.64594126","-0.67825854","-0.64059675","-0.7282978","-0.6700486","-0.5664857","-0.093875535","-0.21134944","-0.45643547","-0.08875621","-0.083333336","-0.42969814","0.80714345"
"Streptococcus agalactiae","0.57965076","0.7299107","-0.8079205","-0.8079205","-0.8079205","-0.64594126","-0.67825854","-0.64059675","-0.7282978","-0.6700486","-0.5664857","-0.093875535","-0.21134944","-0.45643547","-0.08875621","-0.083333336","-0.42969814","0.80714345"
"Streptococcus alactolyticus","0.57965076","0.7299107","1.2377455","1.2377455","1.2377455","0.45617172","0.21457562","0.12679036","0.6365949","0.30044636","0.60093606","-0.093875535","-0.21134944","-0.45643547","-0.08875621","-0.083333336","2.3272147","-1.2389371"
"Streptococcus anginosus","0.57965076","0.7299107","1.2377455","1.2377455","1.2377455","2.3078802","1.8282436","2.1990728","2.0014877","2.0544753","1.9815972","-0.093875535","-0.21134944","-0.45643547","-0.08875621","-0.083333336","2.3272147","-1.2389371"
"Streptococcus australis","0.57965076","0.7299107","1.2377455","1.2377455","1.2377455","0.049414594","0.21457562","0.12679036","0.6365949","0.30044636","-0.5664857","-0.093875535","-0.21134944","-0.45643547","-0.08875621","-0.083333336","2.3272147","-1.2389371"
"Streptococcus bovis","-1.7251766","-1.3700308","-0.8079205","-0.8079205","-0.8079205","-0.64594126","-0.67825854","-0.64059675","-0.7282978","-0.6700486","-0.5664857","-0.093875535","-0.21134944","-0.45643547","-0.08875621","-0.083333336","-0.42969814","0.80714345"
"Streptococcus constellatus","0.57965076","0.7299107","1.2377455","1.2377455","1.2377455","0.049414594","0.21457562","0.12679036","0.6365949","0.30044636","0.17007542","-0.093875535","-0.21134944","-0.45643547","-0.08875621","-0.083333336","2.3272147","-1.2389371"
"Streptococcus cristatus","0.57965076","0.7299107","1.2377455","1.2377455","1.2377455","0.96862507","1.3948382","1.1412209","1.435006","1.2709413","0.17007542","-0.093875535","-0.21134944","-0.45643547","-0.08875621","-0.083333336","2.3272147","-1.2389371"
"Streptococcus equi","0.57965076","0.7299107","-0.8079205","-0.8079205","-0.8079205","-0.64594126","-0.67825854","-0.64059675","-0.7282978","-0.6700486","-0.5664857","-0.093875535","-0.21134944","-0.45643547","-0.08875621","-0.083333336","-0.42969814","0.80714345"
"Streptococcus faecium","-1.7251766","-1.3700308","-0.8079205","-0.8079205","-0.8079205","-0.64594126","-0.67825854","-0.64059675","-0.7282978","-0.6700486","-0.5664857","-0.093875535","-0.21134944","-0.45643547","-0.08875621","-0.083333336","-0.42969814","0.80714345"
"Streptococcus gallolyticus","-1.7251766","-1.3700308","-0.8079205","-0.8079205","-0.8079205","-0.64594126","-0.67825854","-0.64059675","-0.7282978","-0.6700486","-0.5664857","-0.093875535","-0.21134944","-0.45643547","-0.08875621","-0.083333336","-0.42969814","0.80714345"
"Streptococcus gordonii","0.57965076","0.7299107","1.2377455","1.2377455","1.2377455","0.049414594","0.21457562","0.12679036","0.6365949","0.30044636","-0.5664857","-0.093875535","-0.21134944","-0.45643547","-0.08875621","-0.083333336","2.3272147","-1.2389371"
"Streptococcus infantis","0.57965076","0.7299107","1.2377455","1.2377455","1.2377455","0.74477047","0.73685014","0.57568306","0.6365949","0.8681495","0.90663654","-0.093875535","-0.21134944","-0.45643547","-0.08875621","-0.083333336","2.3272147","-1.2389371"
"Streptococcus infantus","-1.7251766","-1.3700308","-0.8079205","-0.8079205","-0.8079205","-0.64594126","-0.67825854","-0.64059675","-0.7282978","-0.6700486","-0.5664857","-0.093875535","-0.21134944","-0.45643547","-0.08875621","-0.083333336","-0.42969814","0.80714345"
"Streptococcus intermedius","0.57965076","0.7299107","1.2377455","1.2377455","1.2377455","1.1515275","1.3948382","0.89417744","2.0014877","1.2709413","0.17007542","-0.093875535","-0.21134944","-0.45643547","-0.08875621","-0.083333336","2.3272147","-1.2389371"
"Streptococcus lutetiensis","0.57965076","0.7299107","1.2377455","1.2377455","1.2377455","0.45617172","0.21457562","0.12679036","0.6365949","0.8681495","0.60093606","-0.093875535","-0.21134944","-0.45643547","-0.08875621","-0.083333336","2.3272147","-1.2389371"
"Streptococcus mitis","0.57965076","0.7299107","1.2377455","1.2377455","1.2377455","2.1354823","1.3948382","1.5137312","2.440885","1.5833708","0.90663654","-0.093875535","-0.21134944","-0.45643547","-0.08875621","-0.083333336","2.3272147","-1.2389371"
"Streptococcus mitis oralis pneumoniae","-1.7251766","-1.3700308","-0.8079205","-0.8079205","-0.8079205","-0.64594126","-0.67825854","-0.64059675","-0.7282978","-0.6700486","-0.5664857","-0.093875535","-0.21134944","-0.45643547","-0.08875621","-0.083333336","-0.42969814","0.80714345"
"Streptococcus mutans","0.57965076","0.7299107","1.2377455","1.2377455","1.2377455","1.1515275","1.3948382","0.89417744","2.0014877","0.8681495","0.17007542","-0.093875535","-0.21134944","-0.45643547","-0.08875621","-0.083333336","2.3272147","-1.2389371"
"Streptococcus oralis","0.57965076","0.7299107","1.2377455","1.2377455","1.2377455","0.45617172","0.73685014","0.57568306","1.435006","0.8681495","0.17007542","-0.093875535","-0.21134944","-0.45643547","-0.08875621","-0.083333336","2.3272147","-1.2389371"
"Streptococcus parasanguinis","0.57965076","0.7299107","1.2377455","1.2377455","1.2377455","0.74477047","1.1074097","0.89417744","1.435006","1.2709413","0.60093606","-0.093875535","-0.21134944","-0.45643547","-0.08875621","-0.083333336","2.3272147","-1.2389371"
"Streptococcus parasanguinis I","-1.7251766","-1.3700308","-0.8079205","-0.8079205","-0.8079205","-0.64594126","-0.67825854","-0.64059675","-0.7282978","-0.6700486","-0.5664857","-0.093875535","-0.21134944","-0.45643547","-0.08875621","-0.083333336","-0.42969814","0.80714345"
"Streptococcus pneumoniae","0.57965076","0.7299107","1.2377455","1.2377455","1.2377455","0.049414594","0.21457562","0.12679036","0.6365949","0.30044636","0.17007542","-0.093875535","-0.21134944","-0.45643547","-0.08875621","-0.083333336","2.3272147","-1.2389371"
"Streptococcus pyogenes","0.57965076","0.7299107","-0.8079205","-0.8079205","-0.8079205","-0.64594126","-0.67825854","-0.64059675","-0.7282978","-0.6700486","-0.5664857","-0.093875535","-0.21134944","-0.45643547","-0.08875621","-0.083333336","-0.42969814","0.80714345"
"Streptococcus salivarius","0.57965076","0.7299107","1.2377455","1.2377455","1.2377455","0.96862507","0.73685014","0.57568306","1.435006","0.30044636","0.60093606","-0.093875535","-0.21134944","-0.45643547","-0.08875621","-0.083333336","2.3272147","-1.2389371"
"Streptococcus sanguinis","0.57965076","0.7299107","1.2377455","1.2377455","1.2377455","1.3061694","1.6296843","1.34307","1.435006","1.5833708","0.90663654","-0.093875535","-0.21134944","-0.45643547","-0.08875621","-0.083333336","2.3272147","-1.2389371"
"Streptococcus sanguis","-1.7251766","-1.3700308","-0.8079205","-0.8079205","-0.8079205","-0.64594126","-0.67825854","-0.64059675","-0.7282978","-0.6700486","-0.5664857","-0.093875535","-0.21134944","-0.45643547","-0.08875621","-0.083333336","-0.42969814","0.80714345"
"Streptococcus sobrinus","0.57965076","0.7299107","1.2377455","1.2377455","1.2377455","0.45617172","0.73685014","0.57568306","0.6365949","0.30044636","0.60093606","-0.093875535","-0.21134944","-0.45643547","-0.08875621","-0.083333336","2.3272147","-1.2389371"
"Streptococcus sp oral taxon 058","-1.7251766","-1.3700308","-0.8079205","-0.8079205","-0.8079205","-0.64594126","-0.67825854","-0.64059675","-0.7282978","-0.6700486","-0.5664857","-0.093875535","-0.21134944","-0.45643547","-0.08875621","-0.083333336","-0.42969814","0.80714345"
"Streptococcus sp. oral taxon 058","0.57965076","-1.3700308","1.2377455","1.2377455","1.2377455","0.74477047","0.21457562","0.12679036","0.6365949","0.30044636","0.90663654","-0.093875535","-0.21134944","-0.45643547","-0.08875621","-0.083333336","2.3272147","-1.2389371"
"Streptococcus species","-1.7251766","-1.3700308","-0.8079205","-0.8079205","-0.8079205","-0.64594126","-0.67825854","-0.64059675","-0.7282978","-0.6700486","-0.5664857","-0.093875535","-0.21134944","-0.45643547","-0.08875621","-0.083333336","-0.42969814","0.80714345"
"Streptococcus spp","-1.7251766","-1.3700308","-0.8079205","-0.8079205","-0.8079205","-0.64594126","-0.67825854","-0.64059675","-0.7282978","-0.6700486","-0.5664857","-0.093875535","-0.21134944","-0.45643547","-0.08875621","-0.083333336","-0.42969814","0.80714345"
"Streptococcus thermophiles","0.57965076","0.7299107","-0.8079205","-0.8079205","-0.8079205","-0.64594126","-0.67825854","-0.64059675","-0.7282978","-0.6700486","-0.5664857","-0.093875535","-0.21134944","-0.45643547","-0.08875621","-0.083333336","-0.42969814","0.80714345"
"Streptococcus thermophilus","0.57965076","-1.3700308","1.2377455","1.2377455","1.2377455","0.049414594","0.21457562","0.12679036","0.6365949","0.30044636","0.17007542","-0.093875535","-0.21134944","-0.45643547","-0.08875621","-0.083333336","2.3272147","-1.2389371"
"Streptococcus thoraltensis","0.57965076","0.7299107","-0.8079205","-0.8079205","-0.8079205","-0.64594126","-0.67825854","-0.64059675","-0.7282978","-0.6700486","-0.5664857","-0.093875535","-0.21134944","-0.45643547","-0.08875621","-0.083333336","-0.42969814","0.80714345"
"Streptococcus tigurinus","0.57965076","-1.3700308","-0.8079205","-0.8079205","-0.8079205","-0.64594126","-0.67825854","-0.64059675","-0.7282978","-0.6700486","-0.5664857","-0.093875535","-0.21134944","-0.45643547","-0.08875621","-0.083333336","-0.42969814","0.80714345"
"Streptococcus vestibularis","0.57965076","0.7299107","-0.8079205","-0.8079205","-0.8079205","-0.64594126","-0.67825854","-0.64059675","-0.7282978","-0.6700486","-0.5664857","-0.093875535","-0.21134944","-0.45643547","-0.08875621","-0.083333336","-0.42969814","0.80714345"
"Streptomyces","0.57965076","0.7299107","1.2377455","1.2377455","1.2377455","0.74477047","0.73685014","0.57568306","1.435006","0.8681495","0.60093606","-0.093875535","-0.21134944","2.19089","-0.08875621","-0.083333336","-0.42969814","-1.2389371"
"Streptophyta","0.57965076","-1.3700308","1.2377455","1.2377455","1.2377455","0.45617172","0.73685014","0.57568306","0.6365949","0.8681495","0.60093606","-0.093875535","-0.21134944","2.19089","-0.08875621","-0.083333336","-0.42969814","-1.2389371"
"Subdoligranulum","0.57965076","0.7299107","1.2377455","1.2377455","1.2377455","2.4549508","2.809947","2.4289515","2.0014877","1.2709413","2.504919","-0.093875535","-0.21134944","2.19089","-0.08875621","-0.083333336","-0.42969814","-1.2389371"
"Succinatimonas","0.57965076","0.7299107","1.2377455","1.2377455","1.2377455","0.049414594","0.21457562","0.12679036","0.6365949","0.30044636","0.17007542","-0.093875535","-0.21134944","2.19089","-0.08875621","-0.083333336","-0.42969814","-1.2389371"
"Succiniclasticum","0.57965076","0.7299107","1.2377455","1.2377455","1.2377455","0.049414594","0.21457562","0.12679036","0.6365949","0.30044636","0.17007542","-0.093875535","-0.21134944","2.19089","-0.08875621","-0.083333336","-0.42969814","-1.2389371"
"Succinivibrio","0.57965076","0.7299107","1.2377455","1.2377455","1.2377455","0.74477047","1.1074097","0.89417744","0.6365949","0.8681495","0.90663654","-0.093875535","-0.21134944","2.19089","-0.08875621","-0.083333336","-0.42969814","-1.2389371"
"Succinivibrionaceae","0.57965076","0.7299107","1.2377455","1.2377455","1.2377455","0.74477047","1.1074097","0.89417744","0.6365949","0.8681495","0.90663654","-0.093875535","4.7315","-0.45643547","-0.08875621","-0.083333336","-0.42969814","-1.2389371"
"Sulfuricella","0.57965076","0.7299107","-0.8079205","-0.8079205","-0.8079205","-0.64594126","-0.67825854","-0.64059675","-0.7282978","-0.6700486","-0.5664857","-0.093875535","-0.21134944","-0.45643547","-0.08875621","-0.083333336","-0.42969814","0.80714345"
"Sulfuricurvum","-1.7251766","-1.3700308","-0.8079205","-0.8079205","-0.8079205","-0.64594126","-0.67825854","-0.64059675","-0.7282978","-0.6700486","-0.5664857","-0.093875535","-0.21134944","-0.45643547","-0.08875621","-0.083333336","-0.42969814","0.80714345"
"Sulfurovum","0.57965076","0.7299107","-0.8079205","-0.8079205","-0.8079205","-0.64594126","-0.67825854","-0.64059675","-0.7282978","-0.6700486","-0.5664857","-0.093875535","-0.21134944","-0.45643547","-0.08875621","-0.083333336","-0.42969814","0.80714345"
"Sutterella","0.57965076","0.7299107","1.2377455","1.2377455","1.2377455","2.4549508","2.5225184","2.675995","1.435006","2.0544753","2.6687245","-0.093875535","-0.21134944","2.19089","-0.08875621","-0.083333336","-0.42969814","-1.2389371"
"Sutterella morbirenis","0.57965076","0.7299107","-0.8079205","-0.8079205","-0.8079205","-0.64594126","-0.67825854","-0.64059675","-0.7282978","-0.6700486","-0.5664857","-0.093875535","-0.21134944","-0.45643547","-0.08875621","-0.083333336","-0.42969814","0.80714345"
"Sutterella sanguinus","0.57965076","0.7299107","-0.8079205","-0.8079205","-0.8079205","-0.64594126","-0.67825854","-0.64059675","-0.7282978","-0.6700486","-0.5664857","-0.093875535","-0.21134944","-0.45643547","-0.08875621","-0.083333336","-0.42969814","0.80714345"
"Sutterella spp.","-1.7251766","-1.3700308","-0.8079205","-0.8079205","-0.8079205","-0.64594126","-0.67825854","-0.64059675","-0.7282978","-0.6700486","-0.5664857","-0.093875535","-0.21134944","-0.45643547","-0.08875621","-0.083333336","-0.42969814","0.80714345"
"Sutterella stercoricanis","0.57965076","0.7299107","-0.8079205","-0.8079205","-0.8079205","-0.64594126","-0.67825854","-0.64059675","-0.7282978","-0.6700486","-0.5664857","-0.093875535","-0.21134944","-0.45643547","-0.08875621","-0.083333336","-0.42969814","0.80714345"
"Sutterella wadsworthensis","0.57965076","0.7299107","1.2377455","1.2377455","1.2377455","0.049414594","0.21457562","0.12679036","0.6365949","0.30044636","0.17007542","-0.093875535","-0.21134944","-0.45643547","-0.08875621","-0.083333336","2.3272147","-1.2389371"
"Sutterellaceae","0.57965076","-1.3700308","1.2377455","1.2377455","1.2377455","0.45617172","0.73685014","0.12679036","0.6365949","0.30044636","-0.5664857","-0.093875535","4.7315","-0.45643547","-0.08875621","-0.083333336","-0.42969814","-1.2389371"
"Swine fecal bacterium FPC67","-1.7251766","-1.3700308","-0.8079205","-0.8079205","-0.8079205","-0.64594126","-0.67825854","-0.64059675","-0.7282978","-0.6700486","-0.5664857","-0.093875535","-0.21134944","-0.45643547","-0.08875621","-0.083333336","-0.42969814","0.80714345"
"Swine fecal bacterium FPC70","-1.7251766","-1.3700308","-0.8079205","-0.8079205","-0.8079205","-0.64594126","-0.67825854","-0.64059675","-0.7282978","-0.6700486","-0.5664857","-0.093875535","-0.21134944","-0.45643547","-0.08875621","-0.083333336","-0.42969814","0.80714345"
"Swine fecal bacterium RF3E-Xyl1","-1.7251766","-1.3700308","-0.8079205","-0.8079205","-0.8079205","-0.64594126","-0.67825854","-0.64059675","-0.7282978","-0.6700486","-0.5664857","-0.093875535","-0.21134944","-0.45643547","-0.08875621","-0.083333336","-0.42969814","0.80714345"
"Swine fecal bacterium SD-Pec1","-1.7251766","-1.3700308","-0.8079205","-0.8079205","-0.8079205","-0.64594126","-0.67825854","-0.64059675","-0.7282978","-0.6700486","-0.5664857","-0.093875535","-0.21134944","-0.45643547","-0.08875621","-0.083333336","-0.42969814","0.80714345"
"Swine manure pit bacterium PPC108","-1.7251766","-1.3700308","-0.8079205","-0.8079205","-0.8079205","-0.64594126","-0.67825854","-0.64059675","-0.7282978","-0.6700486","-0.5664857","-0.093875535","-0.21134944","-0.45643547","-0.08875621","-0.083333336","-0.42969814","0.80714345"
"Symbiobacterium","0.57965076","0.7299107","-0.8079205","-0.8079205","-0.8079205","-0.64594126","-0.67825854","-0.64059675","-0.7282978","-0.6700486","-0.5664857","-0.093875535","-0.21134944","-0.45643547","-0.08875621","-0.083333336","-0.42969814","0.80714345"
"Symbiobacterium toebii","0.57965076","0.7299107","-0.8079205","-0.8079205","-0.8079205","-0.64594126","-0.67825854","-0.64059675","-0.7282978","-0.6700486","-0.5664857","-0.093875535","-0.21134944","-0.45643547","-0.08875621","-0.083333336","-0.42969814","0.80714345"
"Synechococcus","0.57965076","0.7299107","-0.8079205","-0.8079205","-0.8079205","-0.64594126","-0.67825854","-0.64059675","-0.7282978","-0.6700486","-0.5664857","-0.093875535","-0.21134944","-0.45643547","-0.08875621","-0.083333336","-0.42969814","0.80714345"
"Synergistaceae","0.57965076","0.7299107","1.2377455","1.2377455","1.2377455","0.74477047","1.1074097","0.89417744","1.435006","0.30044636","0.60093606","-0.093875535","4.7315","-0.45643547","-0.08875621","-0.083333336","-0.42969814","-1.2389371"
"Synergistes","0.57965076","0.7299107","1.2377455","1.2377455","1.2377455","0.96862507","1.1074097","0.89417744","0.6365949","0.8681495","1.1437563","-0.093875535","-0.21134944","2.19089","-0.08875621","-0.083333336","-0.42969814","-1.2389371"
"Synergistetes","0.57965076","-1.3700308","1.2377455","1.2377455","1.2377455","1.7595948","1.8282436","1.6615645","0.6365949","2.0544753","1.9815972","-0.093875535","-0.21134944","-0.45643547","-0.08875621","12.0","-0.42969814","-1.2389371"
"Synergistetes phylum","-1.7251766","-1.3700308","-0.8079205","-0.8079205","-0.8079205","-0.64594126","-0.67825854","-0.64059675","-0.7282978","-0.6700486","-0.5664857","-0.093875535","-0.21134944","-0.45643547","-0.08875621","-0.083333336","-0.42969814","0.80714345"
"Syntrophobacteraceae","-1.7251766","-1.3700308","-0.8079205","-0.8079205","-0.8079205","-0.64594126","-0.67825854","-0.64059675","-0.7282978","-0.6700486","-0.5664857","-0.093875535","-0.21134944","-0.45643547","-0.08875621","-0.083333336","-0.42969814","0.80714345"
"Syntrophococcus","0.57965076","0.7299107","1.2377455","1.2377455","1.2377455","0.45617172","0.21457562","0.12679036","0.6365949","0.8681495","0.60093606","-0.093875535","-0.21134944","2.19089","-0.08875621","-0.083333336","-0.42969814","-1.2389371"
"Syntrophomonadaceae family","-1.7251766","-1.3700308","-0.8079205","-0.8079205","-0.8079205","-0.64594126","-0.67825854","-0.64059675","-0.7282978","-0.6700486","-0.5664857","-0.093875535","-0.21134944","-0.45643547","-0.08875621","-0.083333336","-0.42969814","0.80714345"
"Syntrophomonas","0.57965076","0.7299107","-0.8079205","-0.8079205","-0.8079205","-0.64594126","-0.67825854","-0.64059675","-0.7282978","-0.6700486","-0.5664857","-0.093875535","-0.21134944","-0.45643547","-0.08875621","-0.083333336","-0.42969814","0.80714345"
"TM7","-1.7251766","0.7299107","-0.8079205","-0.8079205","-0.8079205","-0.64594126","-0.67825854","-0.64059675","-0.7282978","-0.6700486","-0.5664857","-0.093875535","-0.21134944","-0.45643547","-0.08875621","-0.083333336","-0.42969814","0.80714345"
"Tanerella forsythia","0.57965076","0.7299107","-0.8079205","-0.8079205","-0.8079205","-0.64594126","-0.67825854","-0.64059675","-0.7282978","-0.6700486","-0.5664857","-0.093875535","-0.21134944","-0.45643547","-0.08875621","-0.083333336","-0.42969814","0.80714345"
"Tannerella","0.57965076","0.7299107","1.2377455","1.2377455","1.2377455","1.3061694","1.8282436","1.5137312","2.0014877","2.0544753","1.1437563","-0.093875535","-0.21134944","2.19089","-0.08875621","-0.083333336","-0.42969814","-1.2389371"
"Tannerella forsythia","0.57965076","0.7299107","1.2377455","1.2377455","1.2377455","0.049414594","0.21457562","0.12679036","0.6365949","0.30044636","0.17007542","-0.093875535","-0.21134944","-0.45643547","-0.08875621","-0.083333336","2.3272147","-1.2389371"
"Tenacibaculum","0.57965076","0.7299107","-0.8079205","-0.8079205","-0.8079205","-0.64594126","-0.67825854","-0.64059675","-0.7282978","-0.6700486","-0.5664857","-0.093875535","-0.21134944","-0.45643547","-0.08875621","-0.083333336","-0.42969814","0.80714345"
"Tenericutes","0.57965076","0.7299107","1.2377455","1.2377455","1.2377455","2.1963","2.2876725","2.1104572","0.6365949","2.4063475","2.4441805","-0.093875535","-0.21134944","-0.45643547","-0.08875621","12.0","-0.42969814","-1.2389371"
"Tepidanaerobacter","0.57965076","0.7299107","-0.8079205","-0.8079205","-0.8079205","-0.64594126","-0.67825854","-0.64059675","-0.7282978","-0.6700486","-0.5664857","-0.093875535","-0.21134944","-0.45643547","-0.08875621","-0.083333336","-0.42969814","0.80714345"
"Tepidimicrobium","0.57965076","0.7299107","-0.8079205","-0.8079205","-0.8079205","-0.64594126","-0.67825854","-0.64059675","-0.7282978","-0.6700486","-0.5664857","-0.093875535","-0.21134944","-0.45643547","-0.08875621","-0.083333336","-0.42969814","0.80714345"
"Tepidimonas","0.57965076","0.7299107","1.2377455","1.2377455","1.2377455","0.74477047","1.1074097","0.89417744","0.6365949","1.2709413","0.90663654","-0.093875535","-0.21134944","2.19089","-0.08875621","-0.083333336","-0.42969814","-1.2389371"
"Terrahaemophilus","0.57965076","0.7299107","-0.8079205","-0.8079205","-0.8079205","-0.64594126","-0.67825854","-0.64059675","-0.7282978","-0.6700486","-0.5664857","-0.093875535","-0.21134944","-0.45643547","-0.08875621","-0.083333336","-0.42969814","0.80714345"
"Terrisporobacter","0.57965076","0.7299107","1.2377455","1.2377455","1.2377455","0.049414594","0.21457562","0.12679036","0.6365949","0.30044636","0.17007542","-0.093875535","-0.21134944","2.19089","-0.08875621","-0.083333336","-0.42969814","-1.2389371"
"Terrisporobacter glycolicus","0.57965076","0.7299107","1.2377455","1.2377455","1.2377455","0.45617172","0.73685014","0.12679036","0.6365949","0.30044636","-0.5664857","-0.093875535","-0.21134944","-0.45643547","-0.08875621","-0.083333336","2.3272147","-1.2389371"
"Tessaracoccus","0.57965076","0.7299107","-0.8079205","-0.8079205","-0.8079205","-0.64594126","-0.67825854","-0.64059675","-0.7282978","-0.6700486","-0.5664857","-0.093875535","-0.21134944","-0.45643547","-0.08875621","-0.083333336","-0.42969814","0.80714345"
"Thalassospira","0.57965076","0.7299107","1.2377455","1.2377455","1.2377455","0.049414594","0.21457562","0.12679036","0.6365949","0.30044636","0.17007542","-0.093875535","-0.21134944","2.19089","-0.08875621","-0.083333336","-0.42969814","-1.2389371"
"Thauera","0.57965076","0.7299107","-0.8079205","-0.8079205","-0.8079205","-0.64594126","-0.67825854","-0.64059675","-0.7282978","-0.6700486","-0.5664857","-0.093875535","-0.21134944","-0.45643547","-0.08875621","-0.083333336","-0.42969814","0.80714345"
"Thelephoraceae","0.57965076","-1.3700308","-0.8079205","-0.8079205","-0.8079205","-0.64594126","-0.67825854","-0.64059675","-0.7282978","-0.6700486","-0.5664857","-0.093875535","-0.21134944","-0.45643547","-0.08875621","-0.083333336","-0.42969814","0.80714345"
"Thermicanus","0.57965076","0.7299107","1.2377455","1.2377455","1.2377455","0.049414594","0.21457562","0.12679036","0.6365949","0.30044636","0.17007542","-0.093875535","-0.21134944","2.19089","-0.08875621","-0.083333336","-0.42969814","-1.2389371"
"Thermoactinomyces","0.57965076","0.7299107","-0.8079205","-0.8079205","-0.8079205","-0.64594126","-0.67825854","-0.64059675","-0.7282978","-0.6700486","-0.5664857","-0.093875535","-0.21134944","-0.45643547","-0.08875621","-0.083333336","-0.42969814","0.80714345"
"Thermodesulfobium","0.57965076","0.7299107","-0.8079205","-0.8079205","-0.8079205","-0.64594126","-0.67825854","-0.64059675","-0.7282978","-0.6700486","-0.5664857","-0.093875535","-0.21134944","-0.45643547","-0.08875621","-0.083333336","-0.42969814","0.80714345"
"Thermomonas","0.57965076","0.7299107","-0.8079205","-0.8079205","-0.8079205","-0.64594126","-0.67825854","-0.64059675","-0.7282978","-0.6700486","-0.5664857","-0.093875535","-0.21134944","-0.45643547","-0.08875621","-0.083333336","-0.42969814","0.80714345"
"Thermomyces lanuginosus","0.57965076","0.7299107","-0.8079205","-0.8079205","-0.8079205","-0.64594126","-0.67825854","-0.64059675","-0.7282978","-0.6700486","-0.5664857","-0.093875535","-0.21134944","-0.45643547","-0.08875621","-0.083333336","-0.42969814","0.80714345"
"Thermonospora curvata","0.57965076","0.7299107","-0.8079205","-0.8079205","-0.8079205","-0.64594126","-0.67825854","-0.64059675","-0.7282978","-0.6700486","-0.5664857","-0.093875535","-0.21134944","-0.45643547","-0.08875621","-0.083333336","-0.42969814","0.80714345"
"Thermosipho","0.57965076","0.7299107","-0.8079205","-0.8079205","-0.8079205","-0.64594126","-0.67825854","-0.64059675","-0.7282978","-0.6700486","-0.5664857","-0.093875535","-0.21134944","-0.45643547","-0.08875621","-0.083333336","-0.42969814","0.80714345"
"Thermovum","0.57965076","-1.3700308","-0.8079205","-0.8079205","-0.8079205","-0.64594126","-0.67825854","-0.64059675","-0.7282978","-0.6700486","-0.5664857","-0.093875535","-0.21134944","-0.45643547","-0.08875621","-0.083333336","-0.42969814","0.80714345"
"Thermus","0.57965076","0.7299107","1.2377455","1.2377455","1.2377455","1.1515275","0.73685014","0.89417744","0.6365949","1.2709413","1.3374971","-0.093875535","-0.21134944","2.19089","-0.08875621","-0.083333336","-0.42969814","-1.2389371"
"Thielaviopsis","0.57965076","-1.3700308","1.2377455","1.2377455","1.2377455","0.049414594","0.21457562","0.12679036","0.6365949","0.30044636","-0.5664857","-0.093875535","-0.21134944","2.19089","-0.08875621","-0.083333336","-0.42969814","-1.2389371"
"Thiobacillus","-1.7251766","-1.3700308","-0.8079205","-0.8079205","-0.8079205","-0.64594126","-0.67825854","-0.64059675","-0.7282978","-0.6700486","-0.5664857","-0.093875535","-0.21134944","-0.45643547","-0.08875621","-0.083333336","-0.42969814","0.80714345"
"Thiomicrospira crunogena","0.57965076","0.7299107","-0.8079205","-0.8079205","-0.8079205","-0.64594126","-0.67825854","-0.64059675","-0.7282978","-0.6700486","-0.5664857","-0.093875535","-0.21134944","-0.45643547","-0.08875621","-0.083333336","-0.42969814","0.80714345"
"Thiotrichaceae","-1.7251766","-1.3700308","-0.8079205","-0.8079205","-0.8079205","-0.64594126","-0.67825854","-0.64059675","-0.7282978","-0.6700486","-0.5664857","-0.093875535","-0.21134944","-0.45643547","-0.08875621","-0.083333336","-0.42969814","0.80714345"
"Tissierella Soehngenia genus","-1.7251766","-1.3700308","-0.8079205","-0.8079205","-0.8079205","-0.64594126","-0.67825854","-0.64059675","-0.7282978","-0.6700486","-0.5664857","-0.093875535","-0.21134944","-0.45643547","-0.08875621","-0.083333336","-0.42969814","0.80714345"
"Tissierellaceae","0.57965076","-1.3700308","1.2377455","1.2377455","1.2377455","1.4401263","1.8282436","1.5137312","0.6365949","1.8386444","1.6431977","-0.093875535","4.7315","-0.45643547","-0.08875621","-0.083333336","-0.42969814","-1.2389371"
"Torulaspora delbrueckii","0.57965076","0.7299107","1.2377455","1.2377455","1.2377455","0.049414594","0.21457562","0.12679036","0.6365949","0.30044636","-0.5664857","-0.093875535","-0.21134944","-0.45643547","-0.08875621","-0.083333336","2.3272147","-1.2389371"
"Toxicocladosporium strelitziae","0.57965076","-1.3700308","-0.8079205","-0.8079205","-0.8079205","-0.64594126","-0.67825854","-0.64059675","-0.7282978","-0.6700486","-0.5664857","-0.093875535","-0.21134944","-0.45643547","-0.08875621","-0.083333336","-0.42969814","0.80714345"
"Trabsulsiella","0.57965076","0.7299107","-0.8079205","-0.8079205","-0.8079205","-0.64594126","-0.67825854","-0.64059675","-0.7282978","-0.6700486","-0.5664857","-0.093875535","-0.21134944","-0.45643547","-0.08875621","-0.083333336","-0.42969814","0.80714345"
"Trametes","0.57965076","0.7299107","-0.8079205","-0.8079205","-0.8079205","-0.64594126","-0.67825854","-0.64059675","-0.7282978","-0.6700486","-0.5664857","-0.093875535","-0.21134944","-0.45643547","-0.08875621","-0.083333336","-0.42969814","0.80714345"
"Treponema","0.57965076","0.7299107","1.2377455","1.2377455","1.2377455","2.1354823","2.2876725","2.1990728","1.435006","2.8091393","2.311178","-0.093875535","-0.21134944","2.19089","-0.08875621","-0.083333336","-0.42969814","-1.2389371"
"Treponema amylovorum","0.57965076","0.7299107","1.2377455","1.2377455","1.2377455","0.049414594","0.21457562","0.12679036","0.6365949","0.30044636","0.17007542","-0.093875535","-0.21134944","-0.45643547","-0.08875621","-0.083333336","2.3272147","-1.2389371"
"Treponema denticola","0.57965076","0.7299107","1.2377455","1.2377455","1.2377455","1.1515275","1.1074097","0.57568306","1.435006","0.8681495","0.90663654","-0.093875535","-0.21134944","-0.45643547","-0.08875621","-0.083333336","2.3272147","-1.2389371"
"Treponema lecithinolyticum","0.57965076","0.7299107","1.2377455","1.2377455","1.2377455","0.74477047","0.21457562","0.12679036","0.6365949","0.30044636","0.90663654","-0.093875535","-0.21134944","-0.45643547","-0.08875621","-0.083333336","2.3272147","-1.2389371"
"Treponema maltophilum","0.57965076","0.7299107","-0.8079205","-0.8079205","-0.8079205","-0.64594126","-0.67825854","-0.64059675","-0.7282978","-0.6700486","-0.5664857","-0.093875535","-0.21134944","-0.45643547","-0.08875621","-0.083333336","-0.42969814","0.80714345"
"Treponema medium","0.57965076","0.7299107","-0.8079205","-0.8079205","-0.8079205","-0.64594126","-0.67825854","-0.64059675","-0.7282978","-0.6700486","-0.5664857","-0.093875535","-0.21134944","-0.45643547","-0.08875621","-0.083333336","-0.42969814","0.80714345"
"Treponema parvum","0.57965076","0.7299107","-0.8079205","-0.8079205","-0.8079205","-0.64594126","-0.67825854","-0.64059675","-0.7282978","-0.6700486","-0.5664857","-0.093875535","-0.21134944","-0.45643547","-0.08875621","-0.083333336","-0.42969814","0.80714345"
"Treponema pectinovorum","0.57965076","0.7299107","-0.8079205","-0.8079205","-0.8079205","-0.64594126","-0.67825854","-0.64059675","-0.7282978","-0.6700486","-0.5664857","-0.093875535","-0.21134944","-0.45643547","-0.08875621","-0.083333336","-0.42969814","0.80714345"
"Treponema phagedenis","0.57965076","0.7299107","-0.8079205","-0.8079205","-0.8079205","-0.64594126","-0.67825854","-0.64059675","-0.7282978","-0.6700486","-0.5664857","-0.093875535","-0.21134944","-0.45643547","-0.08875621","-0.083333336","-0.42969814","0.80714345"
"Treponema putidum","0.57965076","0.7299107","1.2377455","1.2377455","1.2377455","0.049414594","0.21457562","0.12679036","0.6365949","0.30044636","0.17007542","-0.093875535","-0.21134944","-0.45643547","-0.08875621","-0.083333336","2.3272147","-1.2389371"
"Treponema socranskii","0.57965076","0.7299107","1.2377455","1.2377455","1.2377455","0.74477047","0.21457562","0.57568306","0.6365949","0.30044636","0.90663654","-0.093875535","-0.21134944","-0.45643547","-0.08875621","-0.083333336","2.3272147","-1.2389371"
"Treponema vincentii","0.57965076","0.7299107","-0.8079205","-0.8079205","-0.8079205","-0.64594126","-0.67825854","-0.64059675","-0.7282978","-0.6700486","-0.5664857","-0.093875535","-0.21134944","-0.45643547","-0.08875621","-0.083333336","-0.42969814","0.80714345"
"Trichoderma","0.57965076","0.7299107","-0.8079205","-0.8079205","-0.8079205","-0.64594126","-0.67825854","-0.64059675","-0.7282978","-0.6700486","-0.5664857","-0.093875535","-0.21134944","-0.45643547","-0.08875621","-0.083333336","-0.42969814","0.80714345"
"Trichomonas vaginalis","-1.7251766","-1.3700308","-0.8079205","-0.8079205","-0.8079205","-0.64594126","-0.67825854","-0.64059675","-0.7282978","-0.6700486","-0.5664857","-0.093875535","-0.21134944","-0.45643547","-0.08875621","-0.083333336","-0.42969814","0.80714345"
"Trichosporon","0.57965076","0.7299107","1.2377455","1.2377455","1.2377455","0.45617172","0.21457562","0.57568306","0.6365949","0.8681495","-0.5664857","-0.093875535","-0.21134944","2.19089","-0.08875621","-0.083333336","-0.42969814","-1.2389371"
"Tropheryma whipplei","0.57965076","0.7299107","-0.8079205","-0.8079205","-0.8079205","-0.64594126","-0.67825854","-0.64059675","-0.7282978","-0.6700486","-0.5664857","-0.093875535","-0.21134944","-0.45643547","-0.08875621","-0.083333336","-0.42969814","0.80714345"
"Trophyrema","0.57965076","-1.3700308","-0.8079205","-0.8079205","-0.8079205","-0.64594126","-0.67825854","-0.64059675","-0.7282978","-0.6700486","-0.5664857","-0.093875535","-0.21134944","-0.45643547","-0.08875621","-0.083333336","-0.42969814","0.80714345"
"Tuberaceae","0.57965076","-1.3700308","-0.8079205","-0.8079205","-0.8079205","-0.64594126","-0.67825854","-0.64059675","-0.7282978","-0.6700486","-0.5664857","-0.093875535","-0.21134944","-0.45643547","-0.08875621","-0.083333336","-0.42969814","0.80714345"
"Tunalikevirus","0.57965076","-1.3700308","-0.8079205","-0.8079205","-0.8079205","-0.64594126","-0.67825854","-0.64059675","-0.7282978","-0.6700486","-0.5664857","-0.093875535","-0.21134944","-0.45643547","-0.08875621","-0.083333336","-0.42969814","0.80714345"
"Turicella","0.57965076","0.7299107","-0.8079205","-0.8079205","-0.8079205","-0.64594126","-0.67825854","-0.64059675","-0.7282978","-0.6700486","-0.5664857","-0.093875535","-0.21134944","-0.45643547","-0.08875621","-0.083333336","-0.42969814","0.80714345"
"Turicibacter","0.57965076","0.7299107","1.2377455","1.2377455","1.2377455","2.7320843","2.2876725","2.4960694","0.6365949","1.8386444","3.0117142","-0.093875535","-0.21134944","2.19089","-0.08875621","-0.083333336","-0.42969814","-1.2389371"
"Turicibacter sanguinis","0.57965076","0.7299107","1.2377455","1.2377455","1.2377455","0.45617172","0.73685014","0.57568306","0.6365949","0.8681495","0.60093606","-0.093875535","-0.21134944","-0.45643547","-0.08875621","-0.083333336","2.3272147","-1.2389371"
"Turicibacter spp","-1.7251766","-1.3700308","-0.8079205","-0.8079205","-0.8079205","-0.64594126","-0.67825854","-0.64059675","-0.7282978","-0.6700486","-0.5664857","-0.093875535","-0.21134944","-0.45643547","-0.08875621","-0.083333336","-0.42969814","0.80714345"
"Turicibacteriaceae","-1.7251766","-1.3700308","-0.8079205","-0.8079205","-0.8079205","-0.64594126","-0.67825854","-0.64059675","-0.7282978","-0.6700486","-0.5664857","-0.093875535","-0.21134944","-0.45643547","-0.08875621","-0.083333336","-0.42969814","0.80714345"
"Twortvirus","0.57965076","-1.3700308","-0.8079205","-0.8079205","-0.8079205","-0.64594126","-0.67825854","-0.64059675","-0.7282978","-0.6700486","-0.5664857","-0.093875535","-0.21134944","-0.45643547","-0.08875621","-0.083333336","-0.42969814","0.80714345"
"Tymoviridae","0.57965076","-1.3700308","-0.8079205","-0.8079205","-0.8079205","-0.64594126","-0.67825854","-0.64059675","-0.7282978","-0.6700486","-0.5664857","-0.093875535","-0.21134944","-0.45643547","-0.08875621","-0.083333336","-0.42969814","0.80714345"
"Tyzzerella","0.57965076","0.7299107","1.2377455","1.2377455","1.2377455","0.049414594","0.21457562","0.12679036","0.6365949","0.30044636","-0.5664857","-0.093875535","-0.21134944","2.19089","-0.08875621","-0.083333336","-0.42969814","-1.2389371"
"Tyzzerella nexilis","0.57965076","0.7299107","1.2377455","1.2377455","1.2377455","0.049414594","0.21457562","0.12679036","0.6365949","0.30044636","-0.5664857","-0.093875535","-0.21134944","-0.45643547","-0.08875621","-0.083333336","2.3272147","-1.2389371"
"Tyzzerella_3","-1.7251766","-1.3700308","-0.8079205","-0.8079205","-0.8079205","-0.64594126","-0.67825854","-0.64059675","-0.7282978","-0.6700486","-0.5664857","-0.093875535","-0.21134944","-0.45643547","-0.08875621","-0.083333336","-0.42969814","0.80714345"
"Uetekavirus","0.57965076","-1.3700308","-0.8079205","-0.8079205","-0.8079205","-0.64594126","-0.67825854","-0.64059675","-0.7282978","-0.6700486","-0.5664857","-0.093875535","-0.21134944","-0.45643547","-0.08875621","-0.083333336","-0.42969814","0.80714345"
"Ulvibacter","0.57965076","0.7299107","-0.8079205","-0.8079205","-0.8079205","-0.64594126","-0.67825854","-0.64059675","-0.7282978","-0.6700486","-0.5664857","-0.093875535","-0.21134944","-0.45643547","-0.08875621","-0.083333336","-0.42969814","0.80714345"
"Undibacterium","0.57965076","0.7299107","-0.8079205","-0.8079205","-0.8079205","-0.64594126","-0.67825854","-0.64059675","-0.7282978","-0.6700486","-0.5664857","-0.093875535","-0.21134944","-0.45643547","-0.08875621","-0.083333336","-0.42969814","0.80714345"
"Unidentified bacterium ZF3","-1.7251766","-1.3700308","-0.8079205","-0.8079205","-0.8079205","-0.64594126","-0.67825854","-0.64059675","-0.7282978","-0.6700486","-0.5664857","-0.093875535","-0.21134944","-0.45643547","-0.08875621","-0.083333336","-0.42969814","0.80714345"
"Ureaplasma","0.57965076","0.7299107","-0.8079205","-0.8079205","-0.8079205","-0.64594126","-0.67825854","-0.64059675","-0.7282978","-0.6700486","-0.5664857","-0.093875535","-0.21134944","-0.45643547","-0.08875621","-0.083333336","-0.42969814","0.80714345"
"Ureaplasma parvum","0.57965076","0.7299107","-0.8079205","-0.8079205","-0.8079205","-0.64594126","-0.67825854","-0.64059675","-0.7282978","-0.6700486","-0.5664857","-0.093875535","-0.21134944","-0.45643547","-0.08875621","-0.083333336","-0.42969814","0.80714345"
"Ureaplasma parvum serovar 3","0.57965076","0.7299107","-0.8079205","-0.8079205","-0.8079205","-0.64594126","-0.67825854","-0.64059675","-0.7282978","-0.6700486","-0.5664857","-0.093875535","-0.21134944","-0.45643547","-0.08875621","-0.083333336","-0.42969814","0.80714345"
"Ureaplasma urealyticum","0.57965076","0.7299107","-0.8079205","-0.8079205","-0.8079205","-0.64594126","-0.67825854","-0.64059675","-0.7282978","-0.6700486","-0.5664857","-0.093875535","-0.21134944","-0.45643547","-0.08875621","-0.083333336","-0.42969814","0.80714345"
"Ureibacillus","0.57965076","0.7299107","-0.8079205","-0.8079205","-0.8079205","-0.64594126","-0.67825854","-0.64059675","-0.7282978","-0.6700486","-0.5664857","-0.093875535","-0.21134944","-0.45643547","-0.08875621","-0.083333336","-0.42969814","0.80714345"
"Ustilaginaceae","0.57965076","0.7299107","-0.8079205","-0.8079205","-0.8079205","-0.64594126","-0.67825854","-0.64059675","-0.7282978","-0.6700486","-0.5664857","-0.093875535","-0.21134944","-0.45643547","-0.08875621","-0.083333336","-0.42969814","0.80714345"
"Vagococcus","0.57965076","0.7299107","-0.8079205","-0.8079205","-0.8079205","-0.64594126","-0.67825854","-0.64059675","-0.7282978","-0.6700486","-0.5664857","-0.093875535","-0.21134944","-0.45643547","-0.08875621","-0.083333336","-0.42969814","0.80714345"
"Vampirovibrio","0.57965076","0.7299107","-0.8079205","-0.8079205","-0.8079205","-0.64594126","-0.67825854","-0.64059675","-0.7282978","-0.6700486","-0.5664857","-0.093875535","-0.21134944","-0.45643547","-0.08875621","-0.083333336","-0.42969814","0.80714345"
"Varibaculum","0.57965076","0.7299107","-0.8079205","-0.8079205","-0.8079205","-0.64594126","-0.67825854","-0.64059675","-0.7282978","-0.6700486","-0.5664857","-0.093875535","-0.21134944","-0.45643547","-0.08875621","-0.083333336","-0.42969814","0.80714345"
"Varibaculum cambriense","0.57965076","0.7299107","-0.8079205","-0.8079205","-0.8079205","-0.64594126","-0.67825854","-0.64059675","-0.7282978","-0.6700486","-0.5664857","-0.093875535","-0.21134944","-0.45643547","-0.08875621","-0.083333336","-0.42969814","0.80714345"
"Variovorax","0.57965076","0.7299107","-0.8079205","-0.8079205","-0.8079205","-0.64594126","-0.67825854","-0.64059675","-0.7282978","-0.6700486","-0.5664857","-0.093875535","-0.21134944","-0.45643547","-0.08875621","-0.083333336","-0.42969814","0.80714345"
"Variovorax guangxiensis","0.57965076","0.7299107","-0.8079205","-0.8079205","-0.8079205","-0.64594126","-0.67825854","-0.64059675","-0.7282978","-0.6700486","-0.5664857","-0.093875535","-0.21134944","-0.45643547","-0.08875621","-0.083333336","-0.42969814","0.80714345"
"Veillonella","0.57965076","0.7299107","1.2377455","1.2377455","1.2377455","3.494344","2.893078","3.621923","3.59831","3.6578074","3.6723409","-0.093875535","-0.21134944","2.19089","-0.08875621","-0.083333336","-0.42969814","-1.2389371"
"Veillonella atypica","0.57965076","0.7299107","1.2377455","1.2377455","1.2377455","0.74477047","0.21457562","0.89417744","1.435006","0.8681495","0.60093606","-0.093875535","-0.21134944","-0.45643547","-0.08875621","-0.083333336","2.3272147","-1.2389371"
"Veillonella dispar","0.57965076","0.7299107","1.2377455","1.2377455","1.2377455","2.070738","2.000244","2.1990728","1.435006","1.5833708","2.237864","-0.093875535","-0.21134944","-0.45643547","-0.08875621","-0.083333336","2.3272147","-1.2389371"
"Veillonella montpellierensis","0.57965076","0.7299107","-0.8079205","-0.8079205","-0.8079205","-0.64594126","-0.67825854","-0.64059675","-0.7282978","-0.6700486","-0.5664857","-0.093875535","-0.21134944","-0.45643547","-0.08875621","-0.083333336","-0.42969814","0.80714345"
"Veillonella parvula","0.57965076","0.7299107","1.2377455","1.2377455","1.2377455","2.070738","1.6296843","2.1990728","1.435006","2.2414362","2.237864","-0.093875535","-0.21134944","-0.45643547","-0.08875621","-0.083333336","2.3272147","-1.2389371"
"Veillonella ratti","0.57965076","0.7299107","-0.8079205","-0.8079205","-0.8079205","-0.64594126","-0.67825854","-0.64059675","-0.7282978","-0.6700486","-0.5664857","-0.093875535","-0.21134944","-0.45643547","-0.08875621","-0.083333336","-0.42969814","0.80714345"
"Veillonella rogosae","0.57965076","0.7299107","1.2377455","1.2377455","1.2377455","0.049414594","0.21457562","0.12679036","0.6365949","0.30044636","0.17007542","-0.093875535","-0.21134944","-0.45643547","-0.08875621","-0.083333336","2.3272147","-1.2389371"
"Veillonella sp. oral taxon 780","0.57965076","0.7299107","1.2377455","1.2377455","1.2377455","0.45617172","0.21457562","0.12679036","0.6365949","0.30044636","0.60093606","-0.093875535","-0.21134944","-0.45643547","-0.08875621","-0.083333336","2.3272147","-1.2389371"
"Veillonella spp","-1.7251766","-1.3700308","-0.8079205","-0.8079205","-0.8079205","-0.64594126","-0.67825854","-0.64059675","-0.7282978","-0.6700486","-0.5664857","-0.093875535","-0.21134944","-0.45643547","-0.08875621","-0.083333336","-0.42969814","0.80714345"
"Veillonella spp.","-1.7251766","-1.3700308","-0.8079205","-0.8079205","-0.8079205","-0.64594126","-0.67825854","-0.64059675","-0.7282978","-0.6700486","-0.5664857","-0.093875535","-0.21134944","-0.45643547","-0.08875621","-0.083333336","-0.42969814","0.80714345"
"Veillonellaceae","0.57965076","0.7299107","1.2377455","1.2377455","1.2377455","2.622537","2.5225184","2.730011","1.435006","2.9212093","2.8539982","-0.093875535","4.7315","-0.45643547","-0.08875621","-0.083333336","-0.42969814","-1.2389371"
"Veilonella","-1.7251766","-1.3700308","-0.8079205","-0.8079205","-0.8079205","-0.64594126","-0.67825854","-0.64059675","-0.7282978","-0.6700486","-0.5664857","-0.093875535","-0.21134944","-0.45643547","-0.08875621","-0.083333336","-0.42969814","0.80714345"
"Veilonella dispar","-1.7251766","-1.3700308","-0.8079205","-0.8079205","-0.8079205","-0.64594126","-0.67825854","-0.64059675","-0.7282978","-0.6700486","-0.5664857","-0.093875535","-0.21134944","-0.45643547","-0.08875621","-0.083333336","-0.42969814","0.80714345"
"Verrucomicrobia","0.57965076","0.7299107","1.2377455","1.2377455","1.2377455","2.6603978","2.2876725","2.730011","2.0014877","1.2709413","2.8106194","-0.093875535","-0.21134944","-0.45643547","-0.08875621","12.0","-0.42969814","-1.2389371"
"Verrucomicrobia bacterium MS-F-88","-1.7251766","-1.3700308","-0.8079205","-0.8079205","-0.8079205","-0.64594126","-0.67825854","-0.64059675","-0.7282978","-0.6700486","-0.5664857","-0.093875535","-0.21134944","-0.45643547","-0.08875621","-0.083333336","-0.42969814","0.80714345"
"Verrucomicrobiaceae","0.57965076","0.7299107","1.2377455","1.2377455","1.2377455","2.622537","2.151959","2.730011","1.435006","1.2709413","2.7653942","-0.093875535","4.7315","-0.45643547","-0.08875621","-0.083333336","-0.42969814","-1.2389371"
"Verrucomicrobiae","0.57965076","-1.3700308","1.2377455","1.2377455","1.2377455","2.2536407","2.2876725","2.3575008","2.0014877","1.5833708","2.3797588","10.652403","-0.21134944","-0.45643547","-0.08875621","-0.083333336","-0.42969814","-1.2389371"
"Verrucomicrobium","0.57965076","0.7299107","-0.8079205","-0.8079205","-0.8079205","-0.64594126","-0.67825854","-0.64059675","-0.7282978","-0.6700486","-0.5664857","-0.093875535","-0.21134944","-0.45643547","-0.08875621","-0.083333336","-0.42969814","0.80714345"
"Verticillium","0.57965076","0.7299107","-0.8079205","-0.8079205","-0.8079205","-0.64594126","-0.67825854","-0.64059675","-0.7282978","-0.6700486","-0.5664857","-0.093875535","-0.21134944","-0.45643547","-0.08875621","-0.083333336","-0.42969814","0.80714345"
"Vibrio","0.57965076","0.7299107","1.2377455","1.2377455","1.2377455","0.74477047","1.1074097","0.57568306","0.6365949","0.8681495","0.90663654","-0.093875535","-0.21134944","2.19089","-0.08875621","-0.083333336","-0.42969814","-1.2389371"
"Vibrio cholerae O1","-1.7251766","-1.3700308","-0.8079205","-0.8079205","-0.8079205","-0.64594126","-0.67825854","-0.64059675","-0.7282978","-0.6700486","-0.5664857","-0.093875535","-0.21134944","-0.45643547","-0.08875621","-0.083333336","-0.42969814","0.80714345"
"Vibrio parahaemolyticus","-1.7251766","-1.3700308","-0.8079205","-0.8079205","-0.8079205","-0.64594126","-0.67825854","-0.64059675","-0.7282978","-0.6700486","-0.5664857","-0.093875535","-0.21134944","-0.45643547","-0.08875621","-0.083333336","-0.42969814","0.80714345"
"Vibrio vulnificus","-1.7251766","-1.3700308","-0.8079205","-0.8079205","-0.8079205","-0.64594126","-0.67825854","-0.64059675","-0.7282978","-0.6700486","-0.5664857","-0.093875535","-0.21134944","-0.45643547","-0.08875621","-0.083333336","-0.42969814","0.80714345"
"Vibrisseaceae","0.57965076","-1.3700308","-0.8079205","-0.8079205","-0.8079205","-0.64594126","-0.67825854","-0.64059675","-0.7282978","-0.6700486","-0.5664857","-0.093875535","-0.21134944","-0.45643547","-0.08875621","-0.083333336","-0.42969814","0.80714345"
"Victivallaceae","0.57965076","0.7299107","1.2377455","1.2377455","1.2377455","0.049414594","0.21457562","0.12679036","0.6365949","0.30044636","0.17007542","-0.093875535","4.7315","-0.45643547","-0.08875621","-0.083333336","-0.42969814","-1.2389371"
"Virgaviridae","0.57965076","-1.3700308","-0.8079205","-0.8079205","-0.8079205","-0.64594126","-0.67825854","-0.64059675","-0.7282978","-0.6700486","-0.5664857","-0.093875535","-0.21134944","-0.45643547","-0.08875621","-0.083333336","-0.42969814","0.80714345"
"Virgibacillus","0.57965076","0.7299107","-0.8079205","-0.8079205","-0.8079205","-0.64594126","-0.67825854","-0.64059675","-0.7282978","-0.6700486","-0.5664857","-0.093875535","-0.21134944","-0.45643547","-0.08875621","-0.083333336","-0.42969814","0.80714345"
"Vishniacozyma victoriae","0.57965076","0.7299107","-0.8079205","-0.8079205","-0.8079205","-0.64594126","-0.67825854","-0.64059675","-0.7282978","-0.6700486","-0.5664857","-0.093875535","-0.21134944","-0.45643547","-0.08875621","-0.083333336","-0.42969814","0.80714345"
"Vivictivallis","0.57965076","-1.3700308","-0.8079205","-0.8079205","-0.8079205","-0.64594126","-0.67825854","-0.64059675","-0.7282978","-0.6700486","-0.5664857","-0.093875535","-0.21134944","-0.45643547","-0.08875621","-0.083333336","-0.42969814","0.80714345"
"Vogesella","0.57965076","0.7299107","-0.8079205","-0.8079205","-0.8079205","-0.64594126","-0.67825854","-0.64059675","-0.7282978","-0.6700486","-0.5664857","-0.093875535","-0.21134944","-0.45643547","-0.08875621","-0.083333336","-0.42969814","0.80714345"
"Wallemia","0.57965076","0.7299107","1.2377455","1.2377455","1.2377455","0.049414594","0.21457562","0.12679036","0.6365949","0.30044636","0.17007542","-0.093875535","-0.21134944","2.19089","-0.08875621","-0.083333336","-0.42969814","-1.2389371"
"Wallemia mellicola","0.57965076","-1.3700308","-0.8079205","-0.8079205","-0.8079205","-0.64594126","-0.67825854","-0.64059675","-0.7282978","-0.6700486","-0.5664857","-0.093875535","-0.21134944","-0.45643547","-0.08875621","-0.083333336","-0.42969814","0.80714345"
"Wautersiella","0.57965076","0.7299107","1.2377455","1.2377455","1.2377455","0.049414594","0.21457562","0.12679036","0.6365949","0.30044636","0.17007542","-0.093875535","-0.21134944","2.19089","-0.08875621","-0.083333336","-0.42969814","-1.2389371"
"Weeksella","0.57965076","0.7299107","-0.8079205","-0.8079205","-0.8079205","-0.64594126","-0.67825854","-0.64059675","-0.7282978","-0.6700486","-0.5664857","-0.093875535","-0.21134944","-0.45643547","-0.08875621","-0.083333336","-0.42969814","0.80714345"
"Weissella","0.57965076","0.7299107","1.2377455","1.2377455","1.2377455","1.1515275","1.3948382","1.34307","0.6365949","1.2709413","1.3374971","-0.093875535","-0.21134944","2.19089","-0.08875621","-0.083333336","-0.42969814","-1.2389371"
"Wenyingzhuangia fucanilytica","0.57965076","0.7299107","1.2377455","1.2377455","1.2377455","0.049414594","0.21457562","0.12679036","0.6365949","0.30044636","-0.5664857","-0.093875535","-0.21134944","-0.45643547","-0.08875621","-0.083333336","2.3272147","-1.2389371"
"Williamsia","0.57965076","0.7299107","-0.8079205","-0.8079205","-0.8079205","-0.64594126","-0.67825854","-0.64059675","-0.7282978","-0.6700486","-0.5664857","-0.093875535","-0.21134944","-0.45643547","-0.08875621","-0.083333336","-0.42969814","0.80714345"
"Wolbachia","0.57965076","0.7299107","1.2377455","1.2377455","1.2377455","0.45617172","0.21457562","0.12679036","0.6365949","0.30044636","-0.5664857","-0.093875535","-0.21134944","2.19089","-0.08875621","-0.083333336","-0.42969814","-1.2389371"
"Wolinella","0.57965076","0.7299107","-0.8079205","-0.8079205","-0.8079205","-0.64594126","-0.67825854","-0.64059675","-0.7282978","-0.6700486","-0.5664857","-0.093875535","-0.21134944","-0.45643547","-0.08875621","-0.083333336","-0.42969814","0.80714345"
"Xanthobacteraceae","0.57965076","0.7299107","-0.8079205","-0.8079205","-0.8079205","-0.64594126","-0.67825854","-0.64059675","-0.7282978","-0.6700486","-0.5664857","-0.093875535","-0.21134944","-0.45643547","-0.08875621","-0.083333336","-0.42969814","0.80714345"
"Xanthomonadaceae","0.57965076","0.7299107","1.2377455","1.2377455","1.2377455","1.7595948","2.151959","1.908608","0.6365949","2.4063475","1.9815972","-0.093875535","4.7315","-0.45643547","-0.08875621","-0.083333336","-0.42969814","-1.2389371"
"Xanthomonas","0.57965076","0.7299107","-0.8079205","-0.8079205","-0.8079205","-0.64594126","-0.67825854","-0.64059675","-0.7282978","-0.6700486","-0.5664857","-0.093875535","-0.21134944","-0.45643547","-0.08875621","-0.083333336","-0.42969814","0.80714345"
"Xenorhabdus","0.57965076","0.7299107","-0.8079205","-0.8079205","-0.8079205","-0.64594126","-0.67825854","-0.64059675","-0.7282978","-0.6700486","-0.5664857","-0.093875535","-0.21134944","-0.45643547","-0.08875621","-0.083333336","-0.42969814","0.80714345"
"Xylaria","0.57965076","-1.3700308","-0.8079205","-0.8079205","-0.8079205","-0.64594126","-0.67825854","-0.64059675","-0.7282978","-0.6700486","-0.5664857","-0.093875535","-0.21134944","-0.45643547","-0.08875621","-0.083333336","-0.42969814","0.80714345"
"Xylariales","0.57965076","-1.3700308","1.2377455","1.2377455","1.2377455","0.049414594","0.21457562","0.12679036","0.6365949","0.30044636","-0.5664857","-0.093875535","-0.21134944","-0.45643547","11.266818","-0.083333336","-0.42969814","-1.2389371"
"Xylophilus","0.57965076","0.7299107","-0.8079205","-0.8079205","-0.8079205","-0.64594126","-0.67825854","-0.64059675","-0.7282978","-0.6700486","-0.5664857","-0.093875535","-0.21134944","-0.45643547","-0.08875621","-0.083333336","-0.42969814","0.80714345"
"Yaniella","0.57965076","0.7299107","-0.8079205","-0.8079205","-0.8079205","-0.64594126","-0.67825854","-0.64059675","-0.7282978","-0.6700486","-0.5664857","-0.093875535","-0.21134944","-0.45643547","-0.08875621","-0.083333336","-0.42969814","0.80714345"
"Yersinia","0.57965076","0.7299107","-0.8079205","-0.8079205","-0.8079205","-0.64594126","-0.67825854","-0.64059675","-0.7282978","-0.6700486","-0.5664857","-0.093875535","-0.21134944","-0.45643547","-0.08875621","-0.083333336","-0.42969814","0.80714345"
"Yersinia Enterocolitica","0.57965076","0.7299107","-0.8079205","-0.8079205","-0.8079205","-0.64594126","-0.67825854","-0.64059675","-0.7282978","-0.6700486","-0.5664857","-0.093875535","-0.21134944","-0.45643547","-0.08875621","-0.083333336","-0.42969814","0.80714345"
"Yersinia enterocolitica","-1.7251766","-1.3700308","-0.8079205","-0.8079205","-0.8079205","-0.64594126","-0.67825854","-0.64059675","-0.7282978","-0.6700486","-0.5664857","-0.093875535","-0.21134944","-0.45643547","-0.08875621","-0.083333336","-0.42969814","0.80714345"
"Yersinia sp.","-1.7251766","-1.3700308","-0.8079205","-0.8079205","-0.8079205","-0.64594126","-0.67825854","-0.64059675","-0.7282978","-0.6700486","-0.5664857","-0.093875535","-0.21134944","-0.45643547","-0.08875621","-0.083333336","-0.42969814","0.80714345"
"Yimella","0.57965076","0.7299107","-0.8079205","-0.8079205","-0.8079205","-0.64594126","-0.67825854","-0.64059675","-0.7282978","-0.6700486","-0.5664857","-0.093875535","-0.21134944","-0.45643547","-0.08875621","-0.083333336","-0.42969814","0.80714345"
"Youngiibacter","0.57965076","0.7299107","-0.8079205","-0.8079205","-0.8079205","-0.64594126","-0.67825854","-0.64059675","-0.7282978","-0.6700486","-0.5664857","-0.093875535","-0.21134944","-0.45643547","-0.08875621","-0.083333336","-0.42969814","0.80714345"
"Zindervirus","0.57965076","-1.3700308","-0.8079205","-0.8079205","-0.8079205","-0.64594126","-0.67825854","-0.64059675","-0.7282978","-0.6700486","-0.5664857","-0.093875535","-0.21134944","-0.45643547","-0.08875621","-0.083333336","-0.42969814","0.80714345"
"adherent-invasive Escherichia coli","-1.7251766","-1.3700308","-0.8079205","-0.8079205","-0.8079205","-0.64594126","-0.67825854","-0.64059675","-0.7282978","-0.6700486","-0.5664857","-0.093875535","-0.21134944","-0.45643547","-0.08875621","-0.083333336","-0.42969814","0.80714345"
"alpha-Proteobacteria","-1.7251766","-1.3700308","-0.8079205","-0.8079205","-0.8079205","-0.64594126","-0.67825854","-0.64059675","-0.7282978","-0.6700486","-0.5664857","-0.093875535","-0.21134944","-0.45643547","-0.08875621","-0.083333336","-0.42969814","0.80714345"
"anaerobacter","-1.7251766","0.7299107","-0.8079205","-0.8079205","-0.8079205","-0.64594126","-0.67825854","-0.64059675","-0.7282978","-0.6700486","-0.5664857","-0.093875535","-0.21134944","-0.45643547","-0.08875621","-0.083333336","-0.42969814","0.80714345"
"arabacteroides","-1.7251766","-1.3700308","-0.8079205","-0.8079205","-0.8079205","-0.64594126","-0.67825854","-0.64059675","-0.7282978","-0.6700486","-0.5664857","-0.093875535","-0.21134944","-0.45643547","-0.08875621","-0.083333336","-0.42969814","0.80714345"
"bacteria producing short chain fatty acids","-1.7251766","-1.3700308","-0.8079205","-0.8079205","-0.8079205","-0.64594126","-0.67825854","-0.64059675","-0.7282978","-0.6700486","-0.5664857","-0.093875535","-0.21134944","-0.45643547","-0.08875621","-0.083333336","-0.42969814","0.80714345"
"bacterial species (unspecified)","-1.7251766","-1.3700308","-0.8079205","-0.8079205","-0.8079205","-0.64594126","-0.67825854","-0.64059675","-0.7282978","-0.6700486","-0.5664857","-0.093875535","-0.21134944","-0.45643547","-0.08875621","-0.083333336","-0.42969814","0.80714345"
"bacterial translocation","-1.7251766","-1.3700308","-0.8079205","-0.8079205","-0.8079205","-0.64594126","-0.67825854","-0.64059675","-0.7282978","-0.6700486","-0.5664857","-0.093875535","-0.21134944","-0.45643547","-0.08875621","-0.083333336","-0.42969814","0.80714345"
"bacteriophages","-1.7251766","-1.3700308","-0.8079205","-0.8079205","-0.8079205","-0.64594126","-0.67825854","-0.64059675","-0.7282978","-0.6700486","-0.5664857","-0.093875535","-0.21134944","-0.45643547","-0.08875621","-0.083333336","-0.42969814","0.80714345"
"butyrate-producing bacteria","-1.7251766","-1.3700308","-0.8079205","-0.8079205","-0.8079205","-0.64594126","-0.67825854","-0.64059675","-0.7282978","-0.6700486","-0.5664857","-0.093875535","-0.21134944","-0.45643547","-0.08875621","-0.083333336","-0.42969814","0.80714345"
"cecal microbiota","-1.7251766","-1.3700308","-0.8079205","-0.8079205","-0.8079205","-0.64594126","-0.67825854","-0.64059675","-0.7282978","-0.6700486","-0.5664857","-0.093875535","-0.21134944","-0.45643547","-0.08875621","-0.083333336","-0.42969814","0.80714345"
"commensal microbes","-1.7251766","-1.3700308","-0.8079205","-0.8079205","-0.8079205","-0.64594126","-0.67825854","-0.64059675","-0.7282978","-0.6700486","-0.5664857","-0.093875535","-0.21134944","-0.45643547","-0.08875621","-0.083333336","-0.42969814","0.80714345"
"f_Ruminococcaceae","-1.7251766","-1.3700308","-0.8079205","-0.8079205","-0.8079205","-0.64594126","-0.67825854","-0.64059675","-0.7282978","-0.6700486","-0.5664857","-0.093875535","-0.21134944","-0.45643547","-0.08875621","-0.083333336","-0.42969814","0.80714345"
"facultative anaerobe","-1.7251766","-1.3700308","-0.8079205","-0.8079205","-0.8079205","-0.64594126","-0.67825854","-0.64059675","-0.7282978","-0.6700486","-0.5664857","-0.093875535","-0.21134944","-0.45643547","-0.08875621","-0.083333336","-0.42969814","0.80714345"
"fecal microbiota","-1.7251766","-1.3700308","-0.8079205","-0.8079205","-0.8079205","-0.64594126","-0.67825854","-0.64059675","-0.7282978","-0.6700486","-0.5664857","-0.093875535","-0.21134944","-0.45643547","-0.08875621","-0.083333336","-0.42969814","0.80714345"
"gamma-proteobacteria","-1.7251766","-1.3700308","-0.8079205","-0.8079205","-0.8079205","-0.64594126","-0.67825854","-0.64059675","-0.7282978","-0.6700486","-0.5664857","-0.093875535","-0.21134944","-0.45643547","-0.08875621","-0.083333336","-0.42969814","0.80714345"
"gut microbes","-1.7251766","-1.3700308","-0.8079205","-0.8079205","-0.8079205","-0.64594126","-0.67825854","-0.64059675","-0.7282978","-0.6700486","-0.5664857","-0.093875535","-0.21134944","-0.45643547","-0.08875621","-0.083333336","-0.42969814","0.80714345"
"gut microbiome","-1.7251766","-1.3700308","-0.8079205","-0.8079205","-0.8079205","-0.64594126","-0.67825854","-0.64059675","-0.7282978","-0.6700486","-0.5664857","-0.093875535","-0.21134944","-0.45643547","-0.08875621","-0.083333336","-0.42969814","0.80714345"
"gut microbiota","-1.7251766","-1.3700308","-0.8079205","-0.8079205","-0.8079205","-0.64594126","-0.67825854","-0.64059675","-0.7282978","-0.6700486","-0.5664857","-0.093875535","-0.21134944","-0.45643547","-0.08875621","-0.083333336","-0.42969814","0.80714345"
"gut microbiota from dusp6 deficient mice","-1.7251766","-1.3700308","-0.8079205","-0.8079205","-0.8079205","-0.64594126","-0.67825854","-0.64059675","-0.7282978","-0.6700486","-0.5664857","-0.093875535","-0.21134944","-0.45643547","-0.08875621","-0.083333336","-0.42969814","0.80714345"
"herpes viruses","-1.7251766","-1.3700308","-0.8079205","-0.8079205","-0.8079205","-0.64594126","-0.67825854","-0.64059675","-0.7282978","-0.6700486","-0.5664857","-0.093875535","-0.21134944","-0.45643547","-0.08875621","-0.083333336","-0.42969814","0.80714345"
"human firmicute strain CO19","-1.7251766","-1.3700308","-0.8079205","-0.8079205","-0.8079205","-0.64594126","-0.67825854","-0.64059675","-0.7282978","-0.6700486","-0.5664857","-0.093875535","-0.21134944","-0.45643547","-0.08875621","-0.083333336","-0.42969814","0.80714345"
"human papillomavirus","-1.7251766","-1.3700308","-0.8079205","-0.8079205","-0.8079205","-0.64594126","-0.67825854","-0.64059675","-0.7282978","-0.6700486","-0.5664857","-0.093875535","-0.21134944","-0.45643547","-0.08875621","-0.083333336","-0.42969814","0.80714345"
"human papillomavirus 16","-1.7251766","-1.3700308","-0.8079205","-0.8079205","-0.8079205","-0.64594126","-0.67825854","-0.64059675","-0.7282978","-0.6700486","-0.5664857","-0.093875535","-0.21134944","-0.45643547","-0.08875621","-0.083333336","-0.42969814","0.80714345"
"human papillomaviruses","-1.7251766","-1.3700308","-0.8079205","-0.8079205","-0.8079205","-0.64594126","-0.67825854","-0.64059675","-0.7282978","-0.6700486","-0.5664857","-0.093875535","-0.21134944","-0.45643547","-0.08875621","-0.083333336","-0.42969814","0.80714345"
"intestinal bacterial communities","-1.7251766","-1.3700308","-0.8079205","-0.8079205","-0.8079205","-0.64594126","-0.67825854","-0.64059675","-0.7282978","-0.6700486","-0.5664857","-0.093875535","-0.21134944","-0.45643547","-0.08875621","-0.083333336","-0.42969814","0.80714345"
"intestinal commensal bacteria","-1.7251766","-1.3700308","-0.8079205","-0.8079205","-0.8079205","-0.64594126","-0.67825854","-0.64059675","-0.7282978","-0.6700486","-0.5664857","-0.093875535","-0.21134944","-0.45643547","-0.08875621","-0.083333336","-0.42969814","0.80714345"
"intestinal commensals","-1.7251766","-1.3700308","-0.8079205","-0.8079205","-0.8079205","-0.64594126","-0.67825854","-0.64059675","-0.7282978","-0.6700486","-0.5664857","-0.093875535","-0.21134944","-0.45643547","-0.08875621","-0.083333336","-0.42969814","0.80714345"
"intestinal dysbiosis","-1.7251766","-1.3700308","-0.8079205","-0.8079205","-0.8079205","-0.64594126","-0.67825854","-0.64059675","-0.7282978","-0.6700486","-0.5664857","-0.093875535","-0.21134944","-0.45643547","-0.08875621","-0.083333336","-0.42969814","0.80714345"
"intestinal microbiota","-1.7251766","-1.3700308","-0.8079205","-0.8079205","-0.8079205","-0.64594126","-0.67825854","-0.64059675","-0.7282978","-0.6700486","-0.5664857","-0.093875535","-0.21134944","-0.45643547","-0.08875621","-0.083333336","-0.42969814","0.80714345"
"lactate-producing bacteria","-1.7251766","-1.3700308","-0.8079205","-0.8079205","-0.8079205","-0.64594126","-0.67825854","-0.64059675","-0.7282978","-0.6700486","-0.5664857","-0.093875535","-0.21134944","-0.45643547","-0.08875621","-0.083333336","-0.42969814","0.80714345"
"lactate-utilising bacteria","-1.7251766","-1.3700308","-0.8079205","-0.8079205","-0.8079205","-0.64594126","-0.67825854","-0.64059675","-0.7282978","-0.6700486","-0.5664857","-0.093875535","-0.21134944","-0.45643547","-0.08875621","-0.083333336","-0.42969814","0.80714345"
"lactic acid bacteria","-1.7251766","-1.3700308","-0.8079205","-0.8079205","-0.8079205","-0.64594126","-0.67825854","-0.64059675","-0.7282978","-0.6700486","-0.5664857","-0.093875535","-0.21134944","-0.45643547","-0.08875621","-0.083333336","-0.42969814","0.80714345"
"methanogen","-1.7251766","-1.3700308","-0.8079205","-0.8079205","-0.8079205","-0.64594126","-0.67825854","-0.64059675","-0.7282978","-0.6700486","-0.5664857","-0.093875535","-0.21134944","-0.45643547","-0.08875621","-0.083333336","-0.42969814","0.80714345"
"methanogens","-1.7251766","-1.3700308","-0.8079205","-0.8079205","-0.8079205","-0.64594126","-0.67825854","-0.64059675","-0.7282978","-0.6700486","-0.5664857","-0.093875535","-0.21134944","-0.45643547","-0.08875621","-0.083333336","-0.42969814","0.80714345"
"microbiota dysbiosis","-1.7251766","-1.3700308","-0.8079205","-0.8079205","-0.8079205","-0.64594126","-0.67825854","-0.64059675","-0.7282978","-0.6700486","-0.5664857","-0.093875535","-0.21134944","-0.45643547","-0.08875621","-0.083333336","-0.42969814","0.80714345"
"obligate anaerobe","-1.7251766","-1.3700308","-0.8079205","-0.8079205","-0.8079205","-0.64594126","-0.67825854","-0.64059675","-0.7282978","-0.6700486","-0.5664857","-0.093875535","-0.21134944","-0.45643547","-0.08875621","-0.083333336","-0.42969814","0.80714345"
"opportunistic oral pathogens","-1.7251766","-1.3700308","-0.8079205","-0.8079205","-0.8079205","-0.64594126","-0.67825854","-0.64059675","-0.7282978","-0.6700486","-0.5664857","-0.093875535","-0.21134944","-0.45643547","-0.08875621","-0.083333336","-0.42969814","0.80714345"
"opportunistic pathogens","-1.7251766","-1.3700308","-0.8079205","-0.8079205","-0.8079205","-0.64594126","-0.67825854","-0.64059675","-0.7282978","-0.6700486","-0.5664857","-0.093875535","-0.21134944","-0.45643547","-0.08875621","-0.083333336","-0.42969814","0.80714345"
"oral bacteria","-1.7251766","-1.3700308","-0.8079205","-0.8079205","-0.8079205","-0.64594126","-0.67825854","-0.64059675","-0.7282978","-0.6700486","-0.5664857","-0.093875535","-0.21134944","-0.45643547","-0.08875621","-0.083333336","-0.42969814","0.80714345"
"polyomaviruses","-1.7251766","-1.3700308","-0.8079205","-0.8079205","-0.8079205","-0.64594126","-0.67825854","-0.64059675","-0.7282978","-0.6700486","-0.5664857","-0.093875535","-0.21134944","-0.45643547","-0.08875621","-0.083333336","-0.42969814","0.80714345"
"prevotella salivae","0.57965076","0.7299107","1.2377455","1.2377455","1.2377455","0.74477047","1.1074097","0.57568306","0.6365949","0.30044636","0.90663654","-0.093875535","-0.21134944","-0.45643547","-0.08875621","-0.083333336","2.3272147","-1.2389371"
"prevotella shahii","-1.7251766","-1.3700308","-0.8079205","-0.8079205","-0.8079205","-0.64594126","-0.67825854","-0.64059675","-0.7282978","-0.6700486","-0.5664857","-0.093875535","-0.21134944","-0.45643547","-0.08875621","-0.083333336","-0.42969814","0.80714345"
"probiotic mixture","-1.7251766","-1.3700308","-0.8079205","-0.8079205","-0.8079205","-0.64594126","-0.67825854","-0.64059675","-0.7282978","-0.6700486","-0.5664857","-0.093875535","-0.21134944","-0.45643547","-0.08875621","-0.083333336","-0.42969814","0.80714345"
"probiotics","-1.7251766","-1.3700308","-0.8079205","-0.8079205","-0.8079205","-0.64594126","-0.67825854","-0.64059675","-0.7282978","-0.6700486","-0.5664857","-0.093875535","-0.21134944","-0.45643547","-0.08875621","-0.083333336","-0.42969814","0.80714345"
"probiotics and Garcinia cambogia extract","-1.7251766","-1.3700308","-0.8079205","-0.8079205","-0.8079205","-0.64594126","-0.67825854","-0.64059675","-0.7282978","-0.6700486","-0.5664857","-0.093875535","-0.21134944","-0.45643547","-0.08875621","-0.083333336","-0.42969814","0.80714345"
"reductive acetogens","-1.7251766","-1.3700308","-0.8079205","-0.8079205","-0.8079205","-0.64594126","-0.67825854","-0.64059675","-0.7282978","-0.6700486","-0.5664857","-0.093875535","-0.21134944","-0.45643547","-0.08875621","-0.083333336","-0.42969814","0.80714345"
"segmented filamentous bacteria","-1.7251766","-1.3700308","-0.8079205","-0.8079205","-0.8079205","-0.64594126","-0.67825854","-0.64059675","-0.7282978","-0.6700486","-0.5664857","-0.093875535","-0.21134944","-0.45643547","-0.08875621","-0.083333336","-0.42969814","0.80714345"
"staphylococci","-1.7251766","-1.3700308","-0.8079205","-0.8079205","-0.8079205","-0.64594126","-0.67825854","-0.64059675","-0.7282978","-0.6700486","-0.5664857","-0.093875535","-0.21134944","-0.45643547","-0.08875621","-0.083333336","-0.42969814","0.80714345"
"sulfate reducing bacteria","-1.7251766","-1.3700308","-0.8079205","-0.8079205","-0.8079205","-0.64594126","-0.67825854","-0.64059675","-0.7282978","-0.6700486","-0.5664857","-0.093875535","-0.21134944","-0.45643547","-0.08875621","-0.083333336","-0.42969814","0.80714345"
"sulphate-reducing population","-1.7251766","-1.3700308","-0.8079205","-0.8079205","-0.8079205","-0.64594126","-0.67825854","-0.64059675","-0.7282978","-0.6700486","-0.5664857","-0.093875535","-0.21134944","-0.45643547","-0.08875621","-0.083333336","-0.42969814","0.80714345"
"tannerella forsythia","-1.7251766","-1.3700308","-0.8079205","-0.8079205","-0.8079205","-0.64594126","-0.67825854","-0.64059675","-0.7282978","-0.6700486","-0.5664857","-0.093875535","-0.21134944","-0.45643547","-0.08875621","-0.083333336","-0.42969814","0.80714345"
"toxigenic Bacteroides fragilis","-1.7251766","-1.3700308","-0.8079205","-0.8079205","-0.8079205","-0.64594126","-0.67825854","-0.64059675","-0.7282978","-0.6700486","-0.5664857","-0.093875535","-0.21134944","-0.45643547","-0.08875621","-0.083333336","-0.42969814","0.80714345"
"unclassified Clostridiaceae","-1.7251766","-1.3700308","-0.8079205","-0.8079205","-0.8079205","-0.64594126","-0.67825854","-0.64059675","-0.7282978","-0.6700486","-0.5664857","-0.093875535","-0.21134944","-0.45643547","-0.08875621","-0.083333336","-0.42969814","0.80714345"
"unclassified Firmicutes","-1.7251766","-1.3700308","-0.8079205","-0.8079205","-0.8079205","-0.64594126","-0.67825854","-0.64059675","-0.7282978","-0.6700486","-0.5664857","-0.093875535","-0.21134944","-0.45643547","-0.08875621","-0.083333336","-0.42969814","0.80714345"
"unclassified Lachnospiraceae","0.57965076","-1.3700308","1.2377455","1.2377455","1.2377455","0.049414594","0.21457562","0.12679036","0.6365949","0.30044636","0.17007542","-0.093875535","-0.21134944","2.19089","-0.08875621","-0.083333336","-0.42969814","-1.2389371"
"unclassified Rikenellaceae","0.57965076","-1.3700308","1.2377455","1.2377455","1.2377455","0.049414594","0.21457562","0.12679036","0.6365949","0.30044636","0.17007542","-0.093875535","-0.21134944","-0.45643547","-0.08875621","-0.083333336","-0.42969814","0.80714345"
"uncultured Clostridiales II","0.57965076","0.7299107","-0.8079205","-0.8079205","-0.8079205","-0.64594126","-0.67825854","-0.64059675","-0.7282978","-0.6700486","-0.5664857","-0.093875535","-0.21134944","-0.45643547","-0.08875621","-0.083333336","-0.42969814","0.80714345"
"uncultured Coriobacteria","-1.7251766","-1.3700308","-0.8079205","-0.8079205","-0.8079205","-0.64594126","-0.67825854","-0.64059675","-0.7282978","-0.6700486","-0.5664857","-0.093875535","-0.21134944","-0.45643547","-0.08875621","-0.083333336","-0.42969814","0.80714345"
"vancomycin-resistant enterococci","-1.7251766","-1.3700308","-0.8079205","-0.8079205","-0.8079205","-0.64594126","-0.67825854","-0.64059675","-0.7282978","-0.6700486","-0.5664857","-0.093875535","-0.21134944","-0.45643547","-0.08875621","-0.083333336","-0.42969814","0.80714345"
