"disease","disease_peryton_author_svd64_000","disease_peryton_author_svd64_001","disease_peryton_author_svd64_002","disease_peryton_author_svd64_003","disease_peryton_author_svd64_004","disease_peryton_author_svd64_005","disease_peryton_author_svd64_006","disease_peryton_author_svd64_007","disease_peryton_author_svd64_008","disease_peryton_author_svd64_009","disease_peryton_author_svd64_010","disease_peryton_author_svd64_011","disease_peryton_author_svd64_012","disease_peryton_author_svd64_013","disease_peryton_author_svd64_014","disease_peryton_author_svd64_015","disease_peryton_author_svd64_016","disease_peryton_author_svd64_017","disease_peryton_author_svd64_018","disease_peryton_author_svd64_019","disease_peryton_author_svd64_020","disease_peryton_author_svd64_021","disease_peryton_author_svd64_022","disease_peryton_author_svd64_023","disease_peryton_author_svd64_024","disease_peryton_author_svd64_025","disease_peryton_author_svd64_026","disease_peryton_author_svd64_027","disease_peryton_author_svd64_028","disease_peryton_author_svd64_029","disease_peryton_author_svd64_030","disease_peryton_author_svd64_031","disease_peryton_author_svd64_032","disease_peryton_author_svd64_033","disease_peryton_author_svd64_034","disease_peryton_author_svd64_035","disease_peryton_author_svd64_036","disease_peryton_author_svd64_037","disease_peryton_author_svd64_038","disease_peryton_author_svd64_039","disease_peryton_author_svd64_040","disease_peryton_author_svd64_041","disease_peryton_author_svd64_042","disease_peryton_author_svd64_043","disease_peryton_author_svd64_044","disease_peryton_author_svd64_045","disease_peryton_author_svd64_046","disease_peryton_author_svd64_047","disease_peryton_author_svd64_048","disease_peryton_author_svd64_049","disease_peryton_author_svd64_050","disease_peryton_author_svd64_051","disease_peryton_author_svd64_052","disease_peryton_author_svd64_053","disease_peryton_author_svd64_054","disease_peryton_author_svd64_055","disease_peryton_author_svd64_056","disease_peryton_author_svd64_057","disease_peryton_author_svd64_058","disease_peryton_author_svd64_059","disease_peryton_author_svd64_060","disease_peryton_author_svd64_061","disease_peryton_author_svd64_062","disease_peryton_author_svd64_063"
"AA amyloidosis","-0.15311743","-0.006689525","-0.027291033","0.0012765183","-0.02442467","-0.0064697242","-0.01316582","-0.0007020722","-0.005387479","-7.5545504e-05","1.3969154e-05","-0.008930601","-0.0058702943","0.0009144299","-0.002191905","0.00068072375","0.004769958","-0.0026594377","0.0012356257","-0.0005457685","-0.0064956485","-0.06711237","-0.00035602483","0.0015081523","0.00028825126","0.0019035364","-0.0019369373","-0.0018442923","0.0","0.0","0.0","0.0","0.0","0.0","0.0","0.0","0.0","0.0","0.0","0.0","-0.0046900064","0.0","0.0","0.0","0.0","0.0","0.0","0.0","0.0","0.0","0.0","0.0","0.0","0.0","0.0","0.0","0.0","0.0","0.0","0.0","0.0","0.0","0.0","0.0"
"ADHD","-0.15311743","-0.006689525","-0.027291033","0.0012765183","-0.02442467","-0.0064697242","-0.01316582","-0.0007020722","-0.005387479","-7.5545504e-05","1.3969154e-05","-0.008930601","-0.0058702943","0.0009144299","-0.002191905","0.00068072375","0.004769958","-0.0026594377","0.0012356257","-0.0005457685","-0.0064956485","-0.06711237","-0.00035602483","0.0015081523","0.00028825126","0.0019035364","-0.0019369373","-0.0018442923","0.0","0.0","0.0","0.0","0.0","0.0","0.0","0.0","0.0","0.0","0.0","0.0","-0.0046900064","0.0","0.0","0.0","0.0","0.0","0.0","0.0","0.0","0.0","0.0","0.0","0.0","0.0","0.0","0.0","0.0","0.0","0.0","0.0","0.0","0.0","0.0","0.0"
"Acne","-0.15311743","-0.006689525","-0.027291033","0.0012765183","-0.02442467","-0.0064697242","-0.01316582","-0.0007020722","-0.005387479","-7.5545504e-05","1.3969154e-05","-0.008930601","-0.0058702943","0.0009144299","-0.002191905","0.00068072375","0.004769958","-0.0026594377","0.0012356257","-0.0005457685","-0.0064956485","-0.06711237","-0.00035602483","0.0015081523","0.00028825126","0.0019035364","-0.0019369373","-0.0018442923","0.0","0.0","0.0","0.0","0.0","0.0","0.0","0.0","0.0","0.0","0.0","0.0","-0.0046900064","0.0","0.0","0.0","0.0","0.0","0.0","0.0","0.0","0.0","0.0","0.0","0.0","0.0","0.0","0.0","0.0","0.0","0.0","0.0","0.0","0.0","0.0","0.0"
"Acquired Immunodeficiency Syndrome","-0.15311743","-0.006689525","-0.027291033","0.0012765183","-0.02442467","-0.0064697242","-0.01316582","-0.0007020722","-0.005387479","-7.5545504e-05","1.3969154e-05","-0.008930601","-0.0058702943","0.0009144299","-0.002191905","0.00068072375","0.004769958","-0.0026594377","0.0012356257","-0.0005457685","-0.0064956485","-0.06711237","-0.00035602483","0.0015081523","0.00028825126","0.0019035364","-0.0019369373","-0.0018442923","0.0","0.0","0.0","0.0","0.0","0.0","0.0","0.0","0.0","0.0","0.0","0.0","-0.0046900064","0.0","0.0","0.0","0.0","0.0","0.0","0.0","0.0","0.0","0.0","0.0","0.0","0.0","0.0","0.0","0.0","0.0","0.0","0.0","0.0","0.0","0.0","0.0"
"Acute Lymphoblastic Leukemia","7.9783325","-2.7784424","-1.1281501","1.9200777","0.6814477","-1.6987036","-0.21830139","-2.373946","3.396165","0.24426167","-1.4294631","-6.144276","0.6046176","-6.2542157","-3.7043781","4.7187095","17.684324","-10.835229","8.562707","-9.685771","0.26158845","-7.205151","3.0918794","8.407068","-1.1799071","11.182374","-4.2924404","-4.8943667","0.0","0.0","0.0","0.0","0.0","0.0","0.0","0.0","0.0","0.0","0.0","0.0","-4.7463593","0.0","0.0","0.0","0.0","0.0","0.0","0.0","0.0","0.0","0.0","0.0","0.0","0.0","0.0","0.0","0.0","0.0","0.0","0.0","0.0","0.0","0.0","0.0"
"Acute cerbral infarction","-0.15311743","-0.006689525","-0.027291033","0.0012765183","-0.02442467","-0.0064697242","-0.01316582","-0.0007020722","-0.005387479","-7.5545504e-05","1.3969154e-05","-0.008930601","-0.0058702943","0.0009144299","-0.002191905","0.00068072375","0.004769958","-0.0026594377","0.0012356257","-0.0005457685","-0.0064956485","-0.06711237","-0.00035602483","0.0015081523","0.00028825126","0.0019035364","-0.0019369373","-0.0018442923","0.0","0.0","0.0","0.0","0.0","0.0","0.0","0.0","0.0","0.0","0.0","0.0","-0.0046900064","0.0","0.0","0.0","0.0","0.0","0.0","0.0","0.0","0.0","0.0","0.0","0.0","0.0","0.0","0.0","0.0","0.0","0.0","0.0","0.0","0.0","0.0","0.0"
"Acute cholecystitis","-0.15311743","-0.006689525","-0.027291033","0.0012765183","-0.02442467","-0.0064697242","-0.01316582","-0.0007020722","-0.005387479","-7.5545504e-05","1.3969154e-05","-0.008930601","-0.0058702943","0.0009144299","-0.002191905","0.00068072375","0.004769958","-0.0026594377","0.0012356257","-0.0005457685","-0.0064956485","-0.06711237","-0.00035602483","0.0015081523","0.00028825126","0.0019035364","-0.0019369373","-0.0018442923","0.0","0.0","0.0","0.0","0.0","0.0","0.0","0.0","0.0","0.0","0.0","0.0","-0.0046900064","0.0","0.0","0.0","0.0","0.0","0.0","0.0","0.0","0.0","0.0","0.0","0.0","0.0","0.0","0.0","0.0","0.0","0.0","0.0","0.0","0.0","0.0","0.0"
"Acute fatty liver","-0.15311743","-0.006689525","-0.027291033","0.0012765183","-0.02442467","-0.0064697242","-0.01316582","-0.0007020722","-0.005387479","-7.5545504e-05","1.3969154e-05","-0.008930601","-0.0058702943","0.0009144299","-0.002191905","0.00068072375","0.004769958","-0.0026594377","0.0012356257","-0.0005457685","-0.0064956485","-0.06711237","-0.00035602483","0.0015081523","0.00028825126","0.0019035364","-0.0019369373","-0.0018442923","0.0","0.0","0.0","0.0","0.0","0.0","0.0","0.0","0.0","0.0","0.0","0.0","-0.0046900064","0.0","0.0","0.0","0.0","0.0","0.0","0.0","0.0","0.0","0.0","0.0","0.0","0.0","0.0","0.0","0.0","0.0","0.0","0.0","0.0","0.0","0.0","0.0"
"Acute lymphoblastic leukemia","-0.15311743","-0.006689525","-0.027291033","0.0012765183","-0.02442467","-0.0064697242","-0.01316582","-0.0007020722","-0.005387479","-7.5545504e-05","1.3969154e-05","-0.008930601","-0.0058702943","0.0009144299","-0.002191905","0.00068072375","0.004769958","-0.0026594377","0.0012356257","-0.0005457685","-0.0064956485","-0.06711237","-0.00035602483","0.0015081523","0.00028825126","0.0019035364","-0.0019369373","-0.0018442923","0.0","0.0","0.0","0.0","0.0","0.0","0.0","0.0","0.0","0.0","0.0","0.0","-0.0046900064","0.0","0.0","0.0","0.0","0.0","0.0","0.0","0.0","0.0","0.0","0.0","0.0","0.0","0.0","0.0","0.0","0.0","0.0","0.0","0.0","0.0","0.0","0.0"
"Acute skin abscess","-0.15311743","-0.006689525","-0.027291033","0.0012765183","-0.02442467","-0.0064697242","-0.01316582","-0.0007020722","-0.005387479","-7.5545504e-05","1.3969154e-05","-0.008930601","-0.0058702943","0.0009144299","-0.002191905","0.00068072375","0.004769958","-0.0026594377","0.0012356257","-0.0005457685","-0.0064956485","-0.06711237","-0.00035602483","0.0015081523","0.00028825126","0.0019035364","-0.0019369373","-0.0018442923","0.0","0.0","0.0","0.0","0.0","0.0","0.0","0.0","0.0","0.0","0.0","0.0","-0.0046900064","0.0","0.0","0.0","0.0","0.0","0.0","0.0","0.0","0.0","0.0","0.0","0.0","0.0","0.0","0.0","0.0","0.0","0.0","0.0","0.0","0.0","0.0","0.0"
"Adolescent idiopathic scoliosis","-0.15311743","-0.006689525","-0.027291033","0.0012765183","-0.02442467","-0.0064697242","-0.01316582","-0.0007020722","-0.005387479","-7.5545504e-05","1.3969154e-05","-0.008930601","-0.0058702943","0.0009144299","-0.002191905","0.00068072375","0.004769958","-0.0026594377","0.0012356257","-0.0005457685","-0.0064956485","-0.06711237","-0.00035602483","0.0015081523","0.00028825126","0.0019035364","-0.0019369373","-0.0018442923","0.0","0.0","0.0","0.0","0.0","0.0","0.0","0.0","0.0","0.0","0.0","0.0","-0.0046900064","0.0","0.0","0.0","0.0","0.0","0.0","0.0","0.0","0.0","0.0","0.0","0.0","0.0","0.0","0.0","0.0","0.0","0.0","0.0","0.0","0.0","0.0","0.0"
"Aerobic vaginitis","-0.15311743","-0.006689525","-0.027291033","0.0012765183","-0.02442467","-0.0064697242","-0.01316582","-0.0007020722","-0.005387479","-7.5545504e-05","1.3969154e-05","-0.008930601","-0.0058702943","0.0009144299","-0.002191905","0.00068072375","0.004769958","-0.0026594377","0.0012356257","-0.0005457685","-0.0064956485","-0.06711237","-0.00035602483","0.0015081523","0.00028825126","0.0019035364","-0.0019369373","-0.0018442923","0.0","0.0","0.0","0.0","0.0","0.0","0.0","0.0","0.0","0.0","0.0","0.0","-0.0046900064","0.0","0.0","0.0","0.0","0.0","0.0","0.0","0.0","0.0","0.0","0.0","0.0","0.0","0.0","0.0","0.0","0.0","0.0","0.0","0.0","0.0","0.0","0.0"
"Aggressive periodontitis","-0.15311743","-0.006689525","-0.027291033","0.0012765183","-0.02442467","-0.0064697242","-0.01316582","-0.0007020722","-0.005387479","-7.5545504e-05","1.3969154e-05","-0.008930601","-0.0058702943","0.0009144299","-0.002191905","0.00068072375","0.004769958","-0.0026594377","0.0012356257","-0.0005457685","-0.0064956485","-0.06711237","-0.00035602483","0.0015081523","0.00028825126","0.0019035364","-0.0019369373","-0.0018442923","0.0","0.0","0.0","0.0","0.0","0.0","0.0","0.0","0.0","0.0","0.0","0.0","-0.0046900064","0.0","0.0","0.0","0.0","0.0","0.0","0.0","0.0","0.0","0.0","0.0","0.0","0.0","0.0","0.0","0.0","0.0","0.0","0.0","0.0","0.0","0.0","0.0"
"Alcoholic Liver Disease","-0.15311743","-0.006689525","-0.027291033","0.0012765183","-0.02442467","-0.0064697242","-0.01316582","-0.0007020722","-0.005387479","-7.5545504e-05","1.3969154e-05","-0.008930601","-0.0058702943","0.0009144299","-0.002191905","0.00068072375","0.004769958","-0.0026594377","0.0012356257","-0.0005457685","-0.0064956485","-0.06711237","-0.00035602483","0.0015081523","0.00028825126","0.0019035364","-0.0019369373","-0.0018442923","0.0","0.0","0.0","0.0","0.0","0.0","0.0","0.0","0.0","0.0","0.0","0.0","-0.0046900064","0.0","0.0","0.0","0.0","0.0","0.0","0.0","0.0","0.0","0.0","0.0","0.0","0.0","0.0","0.0","0.0","0.0","0.0","0.0","0.0","0.0","0.0","0.0"
"Alcoholic cirrhosis","-0.15311743","-0.006689525","-0.027291033","0.0012765183","-0.02442467","-0.0064697242","-0.01316582","-0.0007020722","-0.005387479","-7.5545504e-05","1.3969154e-05","-0.008930601","-0.0058702943","0.0009144299","-0.002191905","0.00068072375","0.004769958","-0.0026594377","0.0012356257","-0.0005457685","-0.0064956485","-0.06711237","-0.00035602483","0.0015081523","0.00028825126","0.0019035364","-0.0019369373","-0.0018442923","0.0","0.0","0.0","0.0","0.0","0.0","0.0","0.0","0.0","0.0","0.0","0.0","-0.0046900064","0.0","0.0","0.0","0.0","0.0","0.0","0.0","0.0","0.0","0.0","0.0","0.0","0.0","0.0","0.0","0.0","0.0","0.0","0.0","0.0","0.0","0.0","0.0"
"Alcoholic hepatitis","-0.15311743","-0.006689525","-0.027291033","0.0012765183","-0.02442467","-0.0064697242","-0.01316582","-0.0007020722","-0.005387479","-7.5545504e-05","1.3969154e-05","-0.008930601","-0.0058702943","0.0009144299","-0.002191905","0.00068072375","0.004769958","-0.0026594377","0.0012356257","-0.0005457685","-0.0064956485","-0.06711237","-0.00035602483","0.0015081523","0.00028825126","0.0019035364","-0.0019369373","-0.0018442923","0.0","0.0","0.0","0.0","0.0","0.0","0.0","0.0","0.0","0.0","0.0","0.0","-0.0046900064","0.0","0.0","0.0","0.0","0.0","0.0","0.0","0.0","0.0","0.0","0.0","0.0","0.0","0.0","0.0","0.0","0.0","0.0","0.0","0.0","0.0","0.0","0.0"
"Alcoholism","-0.15311743","-0.006689525","-0.027291033","0.0012765183","-0.02442467","-0.0064697242","-0.01316582","-0.0007020722","-0.005387479","-7.5545504e-05","1.3969154e-05","-0.008930601","-0.0058702943","0.0009144299","-0.002191905","0.00068072375","0.004769958","-0.0026594377","0.0012356257","-0.0005457685","-0.0064956485","-0.06711237","-0.00035602483","0.0015081523","0.00028825126","0.0019035364","-0.0019369373","-0.0018442923","0.0","0.0","0.0","0.0","0.0","0.0","0.0","0.0","0.0","0.0","0.0","0.0","-0.0046900064","0.0","0.0","0.0","0.0","0.0","0.0","0.0","0.0","0.0","0.0","0.0","0.0","0.0","0.0","0.0","0.0","0.0","0.0","0.0","0.0","0.0","0.0","0.0"
"Allergic asthma","-0.15311743","-0.006689525","-0.027291033","0.0012765183","-0.02442467","-0.0064697242","-0.01316582","-0.0007020722","-0.005387479","-7.5545504e-05","1.3969154e-05","-0.008930601","-0.0058702943","0.0009144299","-0.002191905","0.00068072375","0.004769958","-0.0026594377","0.0012356257","-0.0005457685","-0.0064956485","-0.06711237","-0.00035602483","0.0015081523","0.00028825126","0.0019035364","-0.0019369373","-0.0018442923","0.0","0.0","0.0","0.0","0.0","0.0","0.0","0.0","0.0","0.0","0.0","0.0","-0.0046900064","0.0","0.0","0.0","0.0","0.0","0.0","0.0","0.0","0.0","0.0","0.0","0.0","0.0","0.0","0.0","0.0","0.0","0.0","0.0","0.0","0.0","0.0","0.0"
"Allergic rhinoconjunctivitis","-0.15311743","-0.006689525","-0.027291033","0.0012765183","-0.02442467","-0.0064697242","-0.01316582","-0.0007020722","-0.005387479","-7.5545504e-05","1.3969154e-05","-0.008930601","-0.0058702943","0.0009144299","-0.002191905","0.00068072375","0.004769958","-0.0026594377","0.0012356257","-0.0005457685","-0.0064956485","-0.06711237","-0.00035602483","0.0015081523","0.00028825126","0.0019035364","-0.0019369373","-0.0018442923","0.0","0.0","0.0","0.0","0.0","0.0","0.0","0.0","0.0","0.0","0.0","0.0","-0.0046900064","0.0","0.0","0.0","0.0","0.0","0.0","0.0","0.0","0.0","0.0","0.0","0.0","0.0","0.0","0.0","0.0","0.0","0.0","0.0","0.0","0.0","0.0","0.0"
"Allergic sensitization","-0.15311743","-0.006689525","-0.027291033","0.0012765183","-0.02442467","-0.0064697242","-0.01316582","-0.0007020722","-0.005387479","-7.5545504e-05","1.3969154e-05","-0.008930601","-0.0058702943","0.0009144299","-0.002191905","0.00068072375","0.004769958","-0.0026594377","0.0012356257","-0.0005457685","-0.0064956485","-0.06711237","-0.00035602483","0.0015081523","0.00028825126","0.0019035364","-0.0019369373","-0.0018442923","0.0","0.0","0.0","0.0","0.0","0.0","0.0","0.0","0.0","0.0","0.0","0.0","-0.0046900064","0.0","0.0","0.0","0.0","0.0","0.0","0.0","0.0","0.0","0.0","0.0","0.0","0.0","0.0","0.0","0.0","0.0","0.0","0.0","0.0","0.0","0.0","0.0"
"Allergy","-0.15311743","-0.006689525","-0.027291033","0.0012765183","-0.02442467","-0.0064697242","-0.01316582","-0.0007020722","-0.005387479","-7.5545504e-05","1.3969154e-05","-0.008930601","-0.0058702943","0.0009144299","-0.002191905","0.00068072375","0.004769958","-0.0026594377","0.0012356257","-0.0005457685","-0.0064956485","-0.06711237","-0.00035602483","0.0015081523","0.00028825126","0.0019035364","-0.0019369373","-0.0018442923","0.0","0.0","0.0","0.0","0.0","0.0","0.0","0.0","0.0","0.0","0.0","0.0","-0.0046900064","0.0","0.0","0.0","0.0","0.0","0.0","0.0","0.0","0.0","0.0","0.0","0.0","0.0","0.0","0.0","0.0","0.0","0.0","0.0","0.0","0.0","0.0","0.0"
"Alopecia areata","-0.15311743","-0.006689525","-0.027291033","0.0012765183","-0.02442467","-0.0064697242","-0.01316582","-0.0007020722","-0.005387479","-7.5545504e-05","1.3969154e-05","-0.008930601","-0.0058702943","0.0009144299","-0.002191905","0.00068072375","0.004769958","-0.0026594377","0.0012356257","-0.0005457685","-0.0064956485","-0.06711237","-0.00035602483","0.0015081523","0.00028825126","0.0019035364","-0.0019369373","-0.0018442923","0.0","0.0","0.0","0.0","0.0","0.0","0.0","0.0","0.0","0.0","0.0","0.0","-0.0046900064","0.0","0.0","0.0","0.0","0.0","0.0","0.0","0.0","0.0","0.0","0.0","0.0","0.0","0.0","0.0","0.0","0.0","0.0","0.0","0.0","0.0","0.0","0.0"
"Alopecia universalis","-0.15311743","-0.006689525","-0.027291033","0.0012765183","-0.02442467","-0.0064697242","-0.01316582","-0.0007020722","-0.005387479","-7.5545504e-05","1.3969154e-05","-0.008930601","-0.0058702943","0.0009144299","-0.002191905","0.00068072375","0.004769958","-0.0026594377","0.0012356257","-0.0005457685","-0.0064956485","-0.06711237","-0.00035602483","0.0015081523","0.00028825126","0.0019035364","-0.0019369373","-0.0018442923","0.0","0.0","0.0","0.0","0.0","0.0","0.0","0.0","0.0","0.0","0.0","0.0","-0.0046900064","0.0","0.0","0.0","0.0","0.0","0.0","0.0","0.0","0.0","0.0","0.0","0.0","0.0","0.0","0.0","0.0","0.0","0.0","0.0","0.0","0.0","0.0","0.0"
"Alzheimer disease","6.424107","-1.8385556","-1.5002577","6.906513","-0.8856759","-2.2001212","-3.7196121","14.32558","20.88678","1.1903052","-3.2451982","0.06646559","0.824393","-1.0963869","3.8309956","0.15800686","-2.199144","3.6069772","-2.1707573","1.5339713","-1.4744738","-0.6867201","-8.990186","2.2496653","-3.6912537","-0.3336038","7.045683","0.910167","0.0","0.0","0.0","0.0","0.0","0.0","0.0","0.0","0.0","0.0","0.0","0.0","-11.242914","0.0","0.0","0.0","0.0","0.0","0.0","0.0","0.0","0.0","0.0","0.0","0.0","0.0","0.0","0.0","0.0","0.0","0.0","0.0","0.0","0.0","0.0","0.0"
"Alzheimer's Disease","-0.15311743","-0.006689525","-0.027291033","0.0012765183","-0.02442467","-0.0064697242","-0.01316582","-0.0007020722","-0.005387479","-7.5545504e-05","1.3969154e-05","-0.008930601","-0.0058702943","0.0009144299","-0.002191905","0.00068072375","0.004769958","-0.0026594377","0.0012356257","-0.0005457685","-0.0064956485","-0.06711237","-0.00035602483","0.0015081523","0.00028825126","0.0019035364","-0.0019369373","-0.0018442923","0.0","0.0","0.0","0.0","0.0","0.0","0.0","0.0","0.0","0.0","0.0","0.0","-0.0046900064","0.0","0.0","0.0","0.0","0.0","0.0","0.0","0.0","0.0","0.0","0.0","0.0","0.0","0.0","0.0","0.0","0.0","0.0","0.0","0.0","0.0","0.0","0.0"
"Alzheimer's disease","-0.15311743","-0.006689525","-0.027291033","0.0012765183","-0.02442467","-0.0064697242","-0.01316582","-0.0007020722","-0.005387479","-7.5545504e-05","1.3969154e-05","-0.008930601","-0.0058702943","0.0009144299","-0.002191905","0.00068072375","0.004769958","-0.0026594377","0.0012356257","-0.0005457685","-0.0064956485","-0.06711237","-0.00035602483","0.0015081523","0.00028825126","0.0019035364","-0.0019369373","-0.0018442923","0.0","0.0","0.0","0.0","0.0","0.0","0.0","0.0","0.0","0.0","0.0","0.0","-0.0046900064","0.0","0.0","0.0","0.0","0.0","0.0","0.0","0.0","0.0","0.0","0.0","0.0","0.0","0.0","0.0","0.0","0.0","0.0","0.0","0.0","0.0","0.0","0.0"
"Alzheimers disease","-0.15311743","-0.006689525","-0.027291033","0.0012765183","-0.02442467","-0.0064697242","-0.01316582","-0.0007020722","-0.005387479","-7.5545504e-05","1.3969154e-05","-0.008930601","-0.0058702943","0.0009144299","-0.002191905","0.00068072375","0.004769958","-0.0026594377","0.0012356257","-0.0005457685","-0.0064956485","-0.06711237","-0.00035602483","0.0015081523","0.00028825126","0.0019035364","-0.0019369373","-0.0018442923","0.0","0.0","0.0","0.0","0.0","0.0","0.0","0.0","0.0","0.0","0.0","0.0","-0.0046900064","0.0","0.0","0.0","0.0","0.0","0.0","0.0","0.0","0.0","0.0","0.0","0.0","0.0","0.0","0.0","0.0","0.0","0.0","0.0","0.0","0.0","0.0","0.0"
"Amyotrophic lateral sclerosis","7.3509235","-2.0462162","-0.30837384","-1.3545711","-2.598944","-2.4850543","-0.75337034","7.0488315","-1.9523101","-6.95358","3.5905704","5.0858707","-2.0709684","15.3812065","-6.2719765","-10.009436","-4.324142","-12.883687","5.4056616","-0.8409605","-4.0166397","4.3646207","1.3093896","-4.8868256","4.5919375","-5.6397614","-2.2891538","-2.9018867","0.0","0.0","0.0","0.0","0.0","0.0","0.0","0.0","0.0","0.0","0.0","0.0","0.66563576","0.0","0.0","0.0","0.0","0.0","0.0","0.0","0.0","0.0","0.0","0.0","0.0","0.0","0.0","0.0","0.0","0.0","0.0","0.0","0.0","0.0","0.0","0.0"
"Ankylosing Spondylitis","-0.15311743","-0.006689525","-0.027291033","0.0012765183","-0.02442467","-0.0064697242","-0.01316582","-0.0007020722","-0.005387479","-7.5545504e-05","1.3969154e-05","-0.008930601","-0.0058702943","0.0009144299","-0.002191905","0.00068072375","0.004769958","-0.0026594377","0.0012356257","-0.0005457685","-0.0064956485","-0.06711237","-0.00035602483","0.0015081523","0.00028825126","0.0019035364","-0.0019369373","-0.0018442923","0.0","0.0","0.0","0.0","0.0","0.0","0.0","0.0","0.0","0.0","0.0","0.0","-0.0046900064","0.0","0.0","0.0","0.0","0.0","0.0","0.0","0.0","0.0","0.0","0.0","0.0","0.0","0.0","0.0","0.0","0.0","0.0","0.0","0.0","0.0","0.0","0.0"
"Ankylosing spondylitis","-0.15311743","-0.006689525","-0.027291033","0.0012765183","-0.02442467","-0.0064697242","-0.01316582","-0.0007020722","-0.005387479","-7.5545504e-05","1.3969154e-05","-0.008930601","-0.0058702943","0.0009144299","-0.002191905","0.00068072375","0.004769958","-0.0026594377","0.0012356257","-0.0005457685","-0.0064956485","-0.06711237","-0.00035602483","0.0015081523","0.00028825126","0.0019035364","-0.0019369373","-0.0018442923","0.0","0.0","0.0","0.0","0.0","0.0","0.0","0.0","0.0","0.0","0.0","0.0","-0.0046900064","0.0","0.0","0.0","0.0","0.0","0.0","0.0","0.0","0.0","0.0","0.0","0.0","0.0","0.0","0.0","0.0","0.0","0.0","0.0","0.0","0.0","0.0","0.0"
"Anorexia Nervosa","-0.15311743","-0.006689525","-0.027291033","0.0012765183","-0.02442467","-0.0064697242","-0.01316582","-0.0007020722","-0.005387479","-7.5545504e-05","1.3969154e-05","-0.008930601","-0.0058702943","0.0009144299","-0.002191905","0.00068072375","0.004769958","-0.0026594377","0.0012356257","-0.0005457685","-0.0064956485","-0.06711237","-0.00035602483","0.0015081523","0.00028825126","0.0019035364","-0.0019369373","-0.0018442923","0.0","0.0","0.0","0.0","0.0","0.0","0.0","0.0","0.0","0.0","0.0","0.0","-0.0046900064","0.0","0.0","0.0","0.0","0.0","0.0","0.0","0.0","0.0","0.0","0.0","0.0","0.0","0.0","0.0","0.0","0.0","0.0","0.0","0.0","0.0","0.0","0.0"
"Anorexia nervosa","-0.15311743","-0.006689525","-0.027291033","0.0012765183","-0.02442467","-0.0064697242","-0.01316582","-0.0007020722","-0.005387479","-7.5545504e-05","1.3969154e-05","-0.008930601","-0.0058702943","0.0009144299","-0.002191905","0.00068072375","0.004769958","-0.0026594377","0.0012356257","-0.0005457685","-0.0064956485","-0.06711237","-0.00035602483","0.0015081523","0.00028825126","0.0019035364","-0.0019369373","-0.0018442923","0.0","0.0","0.0","0.0","0.0","0.0","0.0","0.0","0.0","0.0","0.0","0.0","-0.0046900064","0.0","0.0","0.0","0.0","0.0","0.0","0.0","0.0","0.0","0.0","0.0","0.0","0.0","0.0","0.0","0.0","0.0","0.0","0.0","0.0","0.0","0.0","0.0"
"Anovulation","-0.15311743","-0.006689525","-0.027291033","0.0012765183","-0.02442467","-0.0064697242","-0.01316582","-0.0007020722","-0.005387479","-7.5545504e-05","1.3969154e-05","-0.008930601","-0.0058702943","0.0009144299","-0.002191905","0.00068072375","0.004769958","-0.0026594377","0.0012356257","-0.0005457685","-0.0064956485","-0.06711237","-0.00035602483","0.0015081523","0.00028825126","0.0019035364","-0.0019369373","-0.0018442923","0.0","0.0","0.0","0.0","0.0","0.0","0.0","0.0","0.0","0.0","0.0","0.0","-0.0046900064","0.0","0.0","0.0","0.0","0.0","0.0","0.0","0.0","0.0","0.0","0.0","0.0","0.0","0.0","0.0","0.0","0.0","0.0","0.0","0.0","0.0","0.0","0.0"
"Anti-N-methyl-D-aspartate receptor encephalitis","-0.15311743","-0.006689525","-0.027291033","0.0012765183","-0.02442467","-0.0064697242","-0.01316582","-0.0007020722","-0.005387479","-7.5545504e-05","1.3969154e-05","-0.008930601","-0.0058702943","0.0009144299","-0.002191905","0.00068072375","0.004769958","-0.0026594377","0.0012356257","-0.0005457685","-0.0064956485","-0.06711237","-0.00035602483","0.0015081523","0.00028825126","0.0019035364","-0.0019369373","-0.0018442923","0.0","0.0","0.0","0.0","0.0","0.0","0.0","0.0","0.0","0.0","0.0","0.0","-0.0046900064","0.0","0.0","0.0","0.0","0.0","0.0","0.0","0.0","0.0","0.0","0.0","0.0","0.0","0.0","0.0","0.0","0.0","0.0","0.0","0.0","0.0","0.0","0.0"
"Antrochoanal polyps","-0.15311743","-0.006689525","-0.027291033","0.0012765183","-0.02442467","-0.0064697242","-0.01316582","-0.0007020722","-0.005387479","-7.5545504e-05","1.3969154e-05","-0.008930601","-0.0058702943","0.0009144299","-0.002191905","0.00068072375","0.004769958","-0.0026594377","0.0012356257","-0.0005457685","-0.0064956485","-0.06711237","-0.00035602483","0.0015081523","0.00028825126","0.0019035364","-0.0019369373","-0.0018442923","0.0","0.0","0.0","0.0","0.0","0.0","0.0","0.0","0.0","0.0","0.0","0.0","-0.0046900064","0.0","0.0","0.0","0.0","0.0","0.0","0.0","0.0","0.0","0.0","0.0","0.0","0.0","0.0","0.0","0.0","0.0","0.0","0.0","0.0","0.0","0.0","0.0"
"Aphthous stomatitis","-0.15311743","-0.006689525","-0.027291033","0.0012765183","-0.02442467","-0.0064697242","-0.01316582","-0.0007020722","-0.005387479","-7.5545504e-05","1.3969154e-05","-0.008930601","-0.0058702943","0.0009144299","-0.002191905","0.00068072375","0.004769958","-0.0026594377","0.0012356257","-0.0005457685","-0.0064956485","-0.06711237","-0.00035602483","0.0015081523","0.00028825126","0.0019035364","-0.0019369373","-0.0018442923","0.0","0.0","0.0","0.0","0.0","0.0","0.0","0.0","0.0","0.0","0.0","0.0","-0.0046900064","0.0","0.0","0.0","0.0","0.0","0.0","0.0","0.0","0.0","0.0","0.0","0.0","0.0","0.0","0.0","0.0","0.0","0.0","0.0","0.0","0.0","0.0","0.0"
"Aphthous ulcer","-0.15311743","-0.006689525","-0.027291033","0.0012765183","-0.02442467","-0.0064697242","-0.01316582","-0.0007020722","-0.005387479","-7.5545504e-05","1.3969154e-05","-0.008930601","-0.0058702943","0.0009144299","-0.002191905","0.00068072375","0.004769958","-0.0026594377","0.0012356257","-0.0005457685","-0.0064956485","-0.06711237","-0.00035602483","0.0015081523","0.00028825126","0.0019035364","-0.0019369373","-0.0018442923","0.0","0.0","0.0","0.0","0.0","0.0","0.0","0.0","0.0","0.0","0.0","0.0","-0.0046900064","0.0","0.0","0.0","0.0","0.0","0.0","0.0","0.0","0.0","0.0","0.0","0.0","0.0","0.0","0.0","0.0","0.0","0.0","0.0","0.0","0.0","0.0","0.0"
"Appendicitis","-0.15311743","-0.006689525","-0.027291033","0.0012765183","-0.02442467","-0.0064697242","-0.01316582","-0.0007020722","-0.005387479","-7.5545504e-05","1.3969154e-05","-0.008930601","-0.0058702943","0.0009144299","-0.002191905","0.00068072375","0.004769958","-0.0026594377","0.0012356257","-0.0005457685","-0.0064956485","-0.06711237","-0.00035602483","0.0015081523","0.00028825126","0.0019035364","-0.0019369373","-0.0018442923","0.0","0.0","0.0","0.0","0.0","0.0","0.0","0.0","0.0","0.0","0.0","0.0","-0.0046900064","0.0","0.0","0.0","0.0","0.0","0.0","0.0","0.0","0.0","0.0","0.0","0.0","0.0","0.0","0.0","0.0","0.0","0.0","0.0","0.0","0.0","0.0","0.0"
"Arsenic exposure","-0.15311743","-0.006689525","-0.027291033","0.0012765183","-0.02442467","-0.0064697242","-0.01316582","-0.0007020722","-0.005387479","-7.5545504e-05","1.3969154e-05","-0.008930601","-0.0058702943","0.0009144299","-0.002191905","0.00068072375","0.004769958","-0.0026594377","0.0012356257","-0.0005457685","-0.0064956485","-0.06711237","-0.00035602483","0.0015081523","0.00028825126","0.0019035364","-0.0019369373","-0.0018442923","0.0","0.0","0.0","0.0","0.0","0.0","0.0","0.0","0.0","0.0","0.0","0.0","-0.0046900064","0.0","0.0","0.0","0.0","0.0","0.0","0.0","0.0","0.0","0.0","0.0","0.0","0.0","0.0","0.0","0.0","0.0","0.0","0.0","0.0","0.0","0.0","0.0"
"Ascites","-0.15311743","-0.006689525","-0.027291033","0.0012765183","-0.02442467","-0.0064697242","-0.01316582","-0.0007020722","-0.005387479","-7.5545504e-05","1.3969154e-05","-0.008930601","-0.0058702943","0.0009144299","-0.002191905","0.00068072375","0.004769958","-0.0026594377","0.0012356257","-0.0005457685","-0.0064956485","-0.06711237","-0.00035602483","0.0015081523","0.00028825126","0.0019035364","-0.0019369373","-0.0018442923","0.0","0.0","0.0","0.0","0.0","0.0","0.0","0.0","0.0","0.0","0.0","0.0","-0.0046900064","0.0","0.0","0.0","0.0","0.0","0.0","0.0","0.0","0.0","0.0","0.0","0.0","0.0","0.0","0.0","0.0","0.0","0.0","0.0","0.0","0.0","0.0","0.0"
"Asthma","-0.15311743","-0.006689525","-0.027291033","0.0012765183","-0.02442467","-0.0064697242","-0.01316582","-0.0007020722","-0.005387479","-7.5545504e-05","1.3969154e-05","-0.008930601","-0.0058702943","0.0009144299","-0.002191905","0.00068072375","0.004769958","-0.0026594377","0.0012356257","-0.0005457685","-0.0064956485","-0.06711237","-0.00035602483","0.0015081523","0.00028825126","0.0019035364","-0.0019369373","-0.0018442923","0.0","0.0","0.0","0.0","0.0","0.0","0.0","0.0","0.0","0.0","0.0","0.0","-0.0046900064","0.0","0.0","0.0","0.0","0.0","0.0","0.0","0.0","0.0","0.0","0.0","0.0","0.0","0.0","0.0","0.0","0.0","0.0","0.0","0.0","0.0","0.0","0.0"
"Atherosclerosis","5.492122","-2.433993","0.2508458","-2.464073","-0.73771065","-1.1315168","1.1849272","-5.902035","2.623011","19.319319","8.202846","10.181752","11.891452","2.7896779","3.4671538","-2.0808635","0.5240744","-3.0378866","-1.5037609","-0.26391625","7.7778454","-1.897946","3.580402","-6.472434","7.49637","5.381479","1.7784693","7.388754","0.0","0.0","0.0","0.0","0.0","0.0","0.0","0.0","0.0","0.0","0.0","0.0","-7.6578813","0.0","0.0","0.0","0.0","0.0","0.0","0.0","0.0","0.0","0.0","0.0","0.0","0.0","0.0","0.0","0.0","0.0","0.0","0.0","0.0","0.0","0.0","0.0"
"Atherosclerotic cardiovascular disease","-0.15311743","-0.006689525","-0.027291033","0.0012765183","-0.02442467","-0.0064697242","-0.01316582","-0.0007020722","-0.005387479","-7.5545504e-05","1.3969154e-05","-0.008930601","-0.0058702943","0.0009144299","-0.002191905","0.00068072375","0.004769958","-0.0026594377","0.0012356257","-0.0005457685","-0.0064956485","-0.06711237","-0.00035602483","0.0015081523","0.00028825126","0.0019035364","-0.0019369373","-0.0018442923","0.0","0.0","0.0","0.0","0.0","0.0","0.0","0.0","0.0","0.0","0.0","0.0","-0.0046900064","0.0","0.0","0.0","0.0","0.0","0.0","0.0","0.0","0.0","0.0","0.0","0.0","0.0","0.0","0.0","0.0","0.0","0.0","0.0","0.0","0.0","0.0","0.0"
"Atopic dermatitis","-0.15311743","-0.006689525","-0.027291033","0.0012765183","-0.02442467","-0.0064697242","-0.01316582","-0.0007020722","-0.005387479","-7.5545504e-05","1.3969154e-05","-0.008930601","-0.0058702943","0.0009144299","-0.002191905","0.00068072375","0.004769958","-0.0026594377","0.0012356257","-0.0005457685","-0.0064956485","-0.06711237","-0.00035602483","0.0015081523","0.00028825126","0.0019035364","-0.0019369373","-0.0018442923","0.0","0.0","0.0","0.0","0.0","0.0","0.0","0.0","0.0","0.0","0.0","0.0","-0.0046900064","0.0","0.0","0.0","0.0","0.0","0.0","0.0","0.0","0.0","0.0","0.0","0.0","0.0","0.0","0.0","0.0","0.0","0.0","0.0","0.0","0.0","0.0","0.0"
"Atopic eczema","-0.15311743","-0.006689525","-0.027291033","0.0012765183","-0.02442467","-0.0064697242","-0.01316582","-0.0007020722","-0.005387479","-7.5545504e-05","1.3969154e-05","-0.008930601","-0.0058702943","0.0009144299","-0.002191905","0.00068072375","0.004769958","-0.0026594377","0.0012356257","-0.0005457685","-0.0064956485","-0.06711237","-0.00035602483","0.0015081523","0.00028825126","0.0019035364","-0.0019369373","-0.0018442923","0.0","0.0","0.0","0.0","0.0","0.0","0.0","0.0","0.0","0.0","0.0","0.0","-0.0046900064","0.0","0.0","0.0","0.0","0.0","0.0","0.0","0.0","0.0","0.0","0.0","0.0","0.0","0.0","0.0","0.0","0.0","0.0","0.0","0.0","0.0","0.0","0.0"
"Atopic sensitisation","-0.15311743","-0.006689525","-0.027291033","0.0012765183","-0.02442467","-0.0064697242","-0.01316582","-0.0007020722","-0.005387479","-7.5545504e-05","1.3969154e-05","-0.008930601","-0.0058702943","0.0009144299","-0.002191905","0.00068072375","0.004769958","-0.0026594377","0.0012356257","-0.0005457685","-0.0064956485","-0.06711237","-0.00035602483","0.0015081523","0.00028825126","0.0019035364","-0.0019369373","-0.0018442923","0.0","0.0","0.0","0.0","0.0","0.0","0.0","0.0","0.0","0.0","0.0","0.0","-0.0046900064","0.0","0.0","0.0","0.0","0.0","0.0","0.0","0.0","0.0","0.0","0.0","0.0","0.0","0.0","0.0","0.0","0.0","0.0","0.0","0.0","0.0","0.0","0.0"
"Atopic wheeze","-0.15311743","-0.006689525","-0.027291033","0.0012765183","-0.02442467","-0.0064697242","-0.01316582","-0.0007020722","-0.005387479","-7.5545504e-05","1.3969154e-05","-0.008930601","-0.0058702943","0.0009144299","-0.002191905","0.00068072375","0.004769958","-0.0026594377","0.0012356257","-0.0005457685","-0.0064956485","-0.06711237","-0.00035602483","0.0015081523","0.00028825126","0.0019035364","-0.0019369373","-0.0018442923","0.0","0.0","0.0","0.0","0.0","0.0","0.0","0.0","0.0","0.0","0.0","0.0","-0.0046900064","0.0","0.0","0.0","0.0","0.0","0.0","0.0","0.0","0.0","0.0","0.0","0.0","0.0","0.0","0.0","0.0","0.0","0.0","0.0","0.0","0.0","0.0","0.0"
"Atopy","-0.15311743","-0.006689525","-0.027291033","0.0012765183","-0.02442467","-0.0064697242","-0.01316582","-0.0007020722","-0.005387479","-7.5545504e-05","1.3969154e-05","-0.008930601","-0.0058702943","0.0009144299","-0.002191905","0.00068072375","0.004769958","-0.0026594377","0.0012356257","-0.0005457685","-0.0064956485","-0.06711237","-0.00035602483","0.0015081523","0.00028825126","0.0019035364","-0.0019369373","-0.0018442923","0.0","0.0","0.0","0.0","0.0","0.0","0.0","0.0","0.0","0.0","0.0","0.0","-0.0046900064","0.0","0.0","0.0","0.0","0.0","0.0","0.0","0.0","0.0","0.0","0.0","0.0","0.0","0.0","0.0","0.0","0.0","0.0","0.0","0.0","0.0","0.0","0.0"
"Atrial fibrillation","-0.15311743","-0.006689525","-0.027291033","0.0012765183","-0.02442467","-0.0064697242","-0.01316582","-0.0007020722","-0.005387479","-7.5545504e-05","1.3969154e-05","-0.008930601","-0.0058702943","0.0009144299","-0.002191905","0.00068072375","0.004769958","-0.0026594377","0.0012356257","-0.0005457685","-0.0064956485","-0.06711237","-0.00035602483","0.0015081523","0.00028825126","0.0019035364","-0.0019369373","-0.0018442923","0.0","0.0","0.0","0.0","0.0","0.0","0.0","0.0","0.0","0.0","0.0","0.0","-0.0046900064","0.0","0.0","0.0","0.0","0.0","0.0","0.0","0.0","0.0","0.0","0.0","0.0","0.0","0.0","0.0","0.0","0.0","0.0","0.0","0.0","0.0","0.0","0.0"
"Atrophic gastritis","-0.15311743","-0.006689525","-0.027291033","0.0012765183","-0.02442467","-0.0064697242","-0.01316582","-0.0007020722","-0.005387479","-7.5545504e-05","1.3969154e-05","-0.008930601","-0.0058702943","0.0009144299","-0.002191905","0.00068072375","0.004769958","-0.0026594377","0.0012356257","-0.0005457685","-0.0064956485","-0.06711237","-0.00035602483","0.0015081523","0.00028825126","0.0019035364","-0.0019369373","-0.0018442923","0.0","0.0","0.0","0.0","0.0","0.0","0.0","0.0","0.0","0.0","0.0","0.0","-0.0046900064","0.0","0.0","0.0","0.0","0.0","0.0","0.0","0.0","0.0","0.0","0.0","0.0","0.0","0.0","0.0","0.0","0.0","0.0","0.0","0.0","0.0","0.0","0.0"
"Attention Deficit Hyperactivity Disorder","-0.15311743","-0.006689525","-0.027291033","0.0012765183","-0.02442467","-0.0064697242","-0.01316582","-0.0007020722","-0.005387479","-7.5545504e-05","1.3969154e-05","-0.008930601","-0.0058702943","0.0009144299","-0.002191905","0.00068072375","0.004769958","-0.0026594377","0.0012356257","-0.0005457685","-0.0064956485","-0.06711237","-0.00035602483","0.0015081523","0.00028825126","0.0019035364","-0.0019369373","-0.0018442923","0.0","0.0","0.0","0.0","0.0","0.0","0.0","0.0","0.0","0.0","0.0","0.0","-0.0046900064","0.0","0.0","0.0","0.0","0.0","0.0","0.0","0.0","0.0","0.0","0.0","0.0","0.0","0.0","0.0","0.0","0.0","0.0","0.0","0.0","0.0","0.0","0.0"
"Attention-deficit/hyperactivity disorder","-0.15311743","-0.006689525","-0.027291033","0.0012765183","-0.02442467","-0.0064697242","-0.01316582","-0.0007020722","-0.005387479","-7.5545504e-05","1.3969154e-05","-0.008930601","-0.0058702943","0.0009144299","-0.002191905","0.00068072375","0.004769958","-0.0026594377","0.0012356257","-0.0005457685","-0.0064956485","-0.06711237","-0.00035602483","0.0015081523","0.00028825126","0.0019035364","-0.0019369373","-0.0018442923","0.0","0.0","0.0","0.0","0.0","0.0","0.0","0.0","0.0","0.0","0.0","0.0","-0.0046900064","0.0","0.0","0.0","0.0","0.0","0.0","0.0","0.0","0.0","0.0","0.0","0.0","0.0","0.0","0.0","0.0","0.0","0.0","0.0","0.0","0.0","0.0","0.0"
"Autism","-0.15311743","-0.006689525","-0.027291033","0.0012765183","-0.02442467","-0.0064697242","-0.01316582","-0.0007020722","-0.005387479","-7.5545504e-05","1.3969154e-05","-0.008930601","-0.0058702943","0.0009144299","-0.002191905","0.00068072375","0.004769958","-0.0026594377","0.0012356257","-0.0005457685","-0.0064956485","-0.06711237","-0.00035602483","0.0015081523","0.00028825126","0.0019035364","-0.0019369373","-0.0018442923","0.0","0.0","0.0","0.0","0.0","0.0","0.0","0.0","0.0","0.0","0.0","0.0","-0.0046900064","0.0","0.0","0.0","0.0","0.0","0.0","0.0","0.0","0.0","0.0","0.0","0.0","0.0","0.0","0.0","0.0","0.0","0.0","0.0","0.0","0.0","0.0","0.0"
"Autism Spectrum Disorders","-0.15311743","-0.006689525","-0.027291033","0.0012765183","-0.02442467","-0.0064697242","-0.01316582","-0.0007020722","-0.005387479","-7.5545504e-05","1.3969154e-05","-0.008930601","-0.0058702943","0.0009144299","-0.002191905","0.00068072375","0.004769958","-0.0026594377","0.0012356257","-0.0005457685","-0.0064956485","-0.06711237","-0.00035602483","0.0015081523","0.00028825126","0.0019035364","-0.0019369373","-0.0018442923","0.0","0.0","0.0","0.0","0.0","0.0","0.0","0.0","0.0","0.0","0.0","0.0","-0.0046900064","0.0","0.0","0.0","0.0","0.0","0.0","0.0","0.0","0.0","0.0","0.0","0.0","0.0","0.0","0.0","0.0","0.0","0.0","0.0","0.0","0.0","0.0","0.0"
"Autism spectrum disorder","-0.15311743","-0.006689525","-0.027291033","0.0012765183","-0.02442467","-0.0064697242","-0.01316582","-0.0007020722","-0.005387479","-7.5545504e-05","1.3969154e-05","-0.008930601","-0.0058702943","0.0009144299","-0.002191905","0.00068072375","0.004769958","-0.0026594377","0.0012356257","-0.0005457685","-0.0064956485","-0.06711237","-0.00035602483","0.0015081523","0.00028825126","0.0019035364","-0.0019369373","-0.0018442923","0.0","0.0","0.0","0.0","0.0","0.0","0.0","0.0","0.0","0.0","0.0","0.0","-0.0046900064","0.0","0.0","0.0","0.0","0.0","0.0","0.0","0.0","0.0","0.0","0.0","0.0","0.0","0.0","0.0","0.0","0.0","0.0","0.0","0.0","0.0","0.0","0.0"
"Autism spectrum disorders","-0.15311743","-0.006689525","-0.027291033","0.0012765183","-0.02442467","-0.0064697242","-0.01316582","-0.0007020722","-0.005387479","-7.5545504e-05","1.3969154e-05","-0.008930601","-0.0058702943","0.0009144299","-0.002191905","0.00068072375","0.004769958","-0.0026594377","0.0012356257","-0.0005457685","-0.0064956485","-0.06711237","-0.00035602483","0.0015081523","0.00028825126","0.0019035364","-0.0019369373","-0.0018442923","0.0","0.0","0.0","0.0","0.0","0.0","0.0","0.0","0.0","0.0","0.0","0.0","-0.0046900064","0.0","0.0","0.0","0.0","0.0","0.0","0.0","0.0","0.0","0.0","0.0","0.0","0.0","0.0","0.0","0.0","0.0","0.0","0.0","0.0","0.0","0.0","0.0"
"Autoimmune hepatitis","-0.15311743","-0.006689525","-0.027291033","0.0012765183","-0.02442467","-0.0064697242","-0.01316582","-0.0007020722","-0.005387479","-7.5545504e-05","1.3969154e-05","-0.008930601","-0.0058702943","0.0009144299","-0.002191905","0.00068072375","0.004769958","-0.0026594377","0.0012356257","-0.0005457685","-0.0064956485","-0.06711237","-0.00035602483","0.0015081523","0.00028825126","0.0019035364","-0.0019369373","-0.0018442923","0.0","0.0","0.0","0.0","0.0","0.0","0.0","0.0","0.0","0.0","0.0","0.0","-0.0046900064","0.0","0.0","0.0","0.0","0.0","0.0","0.0","0.0","0.0","0.0","0.0","0.0","0.0","0.0","0.0","0.0","0.0","0.0","0.0","0.0","0.0","0.0","0.0"
"Autoimmune polyendocrine syndrome type 1","-0.15311743","-0.006689525","-0.027291033","0.0012765183","-0.02442467","-0.0064697242","-0.01316582","-0.0007020722","-0.005387479","-7.5545504e-05","1.3969154e-05","-0.008930601","-0.0058702943","0.0009144299","-0.002191905","0.00068072375","0.004769958","-0.0026594377","0.0012356257","-0.0005457685","-0.0064956485","-0.06711237","-0.00035602483","0.0015081523","0.00028825126","0.0019035364","-0.0019369373","-0.0018442923","0.0","0.0","0.0","0.0","0.0","0.0","0.0","0.0","0.0","0.0","0.0","0.0","-0.0046900064","0.0","0.0","0.0","0.0","0.0","0.0","0.0","0.0","0.0","0.0","0.0","0.0","0.0","0.0","0.0","0.0","0.0","0.0","0.0","0.0","0.0","0.0","0.0"
"Azoospermia","-0.15311743","-0.006689525","-0.027291033","0.0012765183","-0.02442467","-0.0064697242","-0.01316582","-0.0007020722","-0.005387479","-7.5545504e-05","1.3969154e-05","-0.008930601","-0.0058702943","0.0009144299","-0.002191905","0.00068072375","0.004769958","-0.0026594377","0.0012356257","-0.0005457685","-0.0064956485","-0.06711237","-0.00035602483","0.0015081523","0.00028825126","0.0019035364","-0.0019369373","-0.0018442923","0.0","0.0","0.0","0.0","0.0","0.0","0.0","0.0","0.0","0.0","0.0","0.0","-0.0046900064","0.0","0.0","0.0","0.0","0.0","0.0","0.0","0.0","0.0","0.0","0.0","0.0","0.0","0.0","0.0","0.0","0.0","0.0","0.0","0.0","0.0","0.0","0.0"
"Bacterial Vaginosis","-0.15311743","-0.006689525","-0.027291033","0.0012765183","-0.02442467","-0.0064697242","-0.01316582","-0.0007020722","-0.005387479","-7.5545504e-05","1.3969154e-05","-0.008930601","-0.0058702943","0.0009144299","-0.002191905","0.00068072375","0.004769958","-0.0026594377","0.0012356257","-0.0005457685","-0.0064956485","-0.06711237","-0.00035602483","0.0015081523","0.00028825126","0.0019035364","-0.0019369373","-0.0018442923","0.0","0.0","0.0","0.0","0.0","0.0","0.0","0.0","0.0","0.0","0.0","0.0","-0.0046900064","0.0","0.0","0.0","0.0","0.0","0.0","0.0","0.0","0.0","0.0","0.0","0.0","0.0","0.0","0.0","0.0","0.0","0.0","0.0","0.0","0.0","0.0","0.0"
"Bacterial vaginosis","-0.15311743","-0.006689525","-0.027291033","0.0012765183","-0.02442467","-0.0064697242","-0.01316582","-0.0007020722","-0.005387479","-7.5545504e-05","1.3969154e-05","-0.008930601","-0.0058702943","0.0009144299","-0.002191905","0.00068072375","0.004769958","-0.0026594377","0.0012356257","-0.0005457685","-0.0064956485","-0.06711237","-0.00035602483","0.0015081523","0.00028825126","0.0019035364","-0.0019369373","-0.0018442923","0.0","0.0","0.0","0.0","0.0","0.0","0.0","0.0","0.0","0.0","0.0","0.0","-0.0046900064","0.0","0.0","0.0","0.0","0.0","0.0","0.0","0.0","0.0","0.0","0.0","0.0","0.0","0.0","0.0","0.0","0.0","0.0","0.0","0.0","0.0","0.0","0.0"
"Barrett's oesophagus","-0.15311743","-0.006689525","-0.027291033","0.0012765183","-0.02442467","-0.0064697242","-0.01316582","-0.0007020722","-0.005387479","-7.5545504e-05","1.3969154e-05","-0.008930601","-0.0058702943","0.0009144299","-0.002191905","0.00068072375","0.004769958","-0.0026594377","0.0012356257","-0.0005457685","-0.0064956485","-0.06711237","-0.00035602483","0.0015081523","0.00028825126","0.0019035364","-0.0019369373","-0.0018442923","0.0","0.0","0.0","0.0","0.0","0.0","0.0","0.0","0.0","0.0","0.0","0.0","-0.0046900064","0.0","0.0","0.0","0.0","0.0","0.0","0.0","0.0","0.0","0.0","0.0","0.0","0.0","0.0","0.0","0.0","0.0","0.0","0.0","0.0","0.0","0.0","0.0"
"Behcet's Disease","-0.15311743","-0.006689525","-0.027291033","0.0012765183","-0.02442467","-0.0064697242","-0.01316582","-0.0007020722","-0.005387479","-7.5545504e-05","1.3969154e-05","-0.008930601","-0.0058702943","0.0009144299","-0.002191905","0.00068072375","0.004769958","-0.0026594377","0.0012356257","-0.0005457685","-0.0064956485","-0.06711237","-0.00035602483","0.0015081523","0.00028825126","0.0019035364","-0.0019369373","-0.0018442923","0.0","0.0","0.0","0.0","0.0","0.0","0.0","0.0","0.0","0.0","0.0","0.0","-0.0046900064","0.0","0.0","0.0","0.0","0.0","0.0","0.0","0.0","0.0","0.0","0.0","0.0","0.0","0.0","0.0","0.0","0.0","0.0","0.0","0.0","0.0","0.0","0.0"
"Biliary atresia","-0.15311743","-0.006689525","-0.027291033","0.0012765183","-0.02442467","-0.0064697242","-0.01316582","-0.0007020722","-0.005387479","-7.5545504e-05","1.3969154e-05","-0.008930601","-0.0058702943","0.0009144299","-0.002191905","0.00068072375","0.004769958","-0.0026594377","0.0012356257","-0.0005457685","-0.0064956485","-0.06711237","-0.00035602483","0.0015081523","0.00028825126","0.0019035364","-0.0019369373","-0.0018442923","0.0","0.0","0.0","0.0","0.0","0.0","0.0","0.0","0.0","0.0","0.0","0.0","-0.0046900064","0.0","0.0","0.0","0.0","0.0","0.0","0.0","0.0","0.0","0.0","0.0","0.0","0.0","0.0","0.0","0.0","0.0","0.0","0.0","0.0","0.0","0.0","0.0"
"Biliary tract cancer","-0.15311743","-0.006689525","-0.027291033","0.0012765183","-0.02442467","-0.0064697242","-0.01316582","-0.0007020722","-0.005387479","-7.5545504e-05","1.3969154e-05","-0.008930601","-0.0058702943","0.0009144299","-0.002191905","0.00068072375","0.004769958","-0.0026594377","0.0012356257","-0.0005457685","-0.0064956485","-0.06711237","-0.00035602483","0.0015081523","0.00028825126","0.0019035364","-0.0019369373","-0.0018442923","0.0","0.0","0.0","0.0","0.0","0.0","0.0","0.0","0.0","0.0","0.0","0.0","-0.0046900064","0.0","0.0","0.0","0.0","0.0","0.0","0.0","0.0","0.0","0.0","0.0","0.0","0.0","0.0","0.0","0.0","0.0","0.0","0.0","0.0","0.0","0.0","0.0"
"Bipolar disorder","-0.15311743","-0.006689525","-0.027291033","0.0012765183","-0.02442467","-0.0064697242","-0.01316582","-0.0007020722","-0.005387479","-7.5545504e-05","1.3969154e-05","-0.008930601","-0.0058702943","0.0009144299","-0.002191905","0.00068072375","0.004769958","-0.0026594377","0.0012356257","-0.0005457685","-0.0064956485","-0.06711237","-0.00035602483","0.0015081523","0.00028825126","0.0019035364","-0.0019369373","-0.0018442923","0.0","0.0","0.0","0.0","0.0","0.0","0.0","0.0","0.0","0.0","0.0","0.0","-0.0046900064","0.0","0.0","0.0","0.0","0.0","0.0","0.0","0.0","0.0","0.0","0.0","0.0","0.0","0.0","0.0","0.0","0.0","0.0","0.0","0.0","0.0","0.0","0.0"
"Bladder cancer","-0.15311743","-0.006689525","-0.027291033","0.0012765183","-0.02442467","-0.0064697242","-0.01316582","-0.0007020722","-0.005387479","-7.5545504e-05","1.3969154e-05","-0.008930601","-0.0058702943","0.0009144299","-0.002191905","0.00068072375","0.004769958","-0.0026594377","0.0012356257","-0.0005457685","-0.0064956485","-0.06711237","-0.00035602483","0.0015081523","0.00028825126","0.0019035364","-0.0019369373","-0.0018442923","0.0","0.0","0.0","0.0","0.0","0.0","0.0","0.0","0.0","0.0","0.0","0.0","-0.0046900064","0.0","0.0","0.0","0.0","0.0","0.0","0.0","0.0","0.0","0.0","0.0","0.0","0.0","0.0","0.0","0.0","0.0","0.0","0.0","0.0","0.0","0.0","0.0"
"Bleeding gum","-0.15311743","-0.006689525","-0.027291033","0.0012765183","-0.02442467","-0.0064697242","-0.01316582","-0.0007020722","-0.005387479","-7.5545504e-05","1.3969154e-05","-0.008930601","-0.0058702943","0.0009144299","-0.002191905","0.00068072375","0.004769958","-0.0026594377","0.0012356257","-0.0005457685","-0.0064956485","-0.06711237","-0.00035602483","0.0015081523","0.00028825126","0.0019035364","-0.0019369373","-0.0018442923","0.0","0.0","0.0","0.0","0.0","0.0","0.0","0.0","0.0","0.0","0.0","0.0","-0.0046900064","0.0","0.0","0.0","0.0","0.0","0.0","0.0","0.0","0.0","0.0","0.0","0.0","0.0","0.0","0.0","0.0","0.0","0.0","0.0","0.0","0.0","0.0","0.0"
"Blepharitis","-0.15311743","-0.006689525","-0.027291033","0.0012765183","-0.02442467","-0.0064697242","-0.01316582","-0.0007020722","-0.005387479","-7.5545504e-05","1.3969154e-05","-0.008930601","-0.0058702943","0.0009144299","-0.002191905","0.00068072375","0.004769958","-0.0026594377","0.0012356257","-0.0005457685","-0.0064956485","-0.06711237","-0.00035602483","0.0015081523","0.00028825126","0.0019035364","-0.0019369373","-0.0018442923","0.0","0.0","0.0","0.0","0.0","0.0","0.0","0.0","0.0","0.0","0.0","0.0","-0.0046900064","0.0","0.0","0.0","0.0","0.0","0.0","0.0","0.0","0.0","0.0","0.0","0.0","0.0","0.0","0.0","0.0","0.0","0.0","0.0","0.0","0.0","0.0","0.0"
"Botulism","-0.15311743","-0.006689525","-0.027291033","0.0012765183","-0.02442467","-0.0064697242","-0.01316582","-0.0007020722","-0.005387479","-7.5545504e-05","1.3969154e-05","-0.008930601","-0.0058702943","0.0009144299","-0.002191905","0.00068072375","0.004769958","-0.0026594377","0.0012356257","-0.0005457685","-0.0064956485","-0.06711237","-0.00035602483","0.0015081523","0.00028825126","0.0019035364","-0.0019369373","-0.0018442923","0.0","0.0","0.0","0.0","0.0","0.0","0.0","0.0","0.0","0.0","0.0","0.0","-0.0046900064","0.0","0.0","0.0","0.0","0.0","0.0","0.0","0.0","0.0","0.0","0.0","0.0","0.0","0.0","0.0","0.0","0.0","0.0","0.0","0.0","0.0","0.0","0.0"
"Breast cancer","-0.15311743","-0.006689525","-0.027291033","0.0012765183","-0.02442467","-0.0064697242","-0.01316582","-0.0007020722","-0.005387479","-7.5545504e-05","1.3969154e-05","-0.008930601","-0.0058702943","0.0009144299","-0.002191905","0.00068072375","0.004769958","-0.0026594377","0.0012356257","-0.0005457685","-0.0064956485","-0.06711237","-0.00035602483","0.0015081523","0.00028825126","0.0019035364","-0.0019369373","-0.0018442923","0.0","0.0","0.0","0.0","0.0","0.0","0.0","0.0","0.0","0.0","0.0","0.0","-0.0046900064","0.0","0.0","0.0","0.0","0.0","0.0","0.0","0.0","0.0","0.0","0.0","0.0","0.0","0.0","0.0","0.0","0.0","0.0","0.0","0.0","0.0","0.0","0.0"
"Bronchiectasis","-0.15311743","-0.006689525","-0.027291033","0.0012765183","-0.02442467","-0.0064697242","-0.01316582","-0.0007020722","-0.005387479","-7.5545504e-05","1.3969154e-05","-0.008930601","-0.0058702943","0.0009144299","-0.002191905","0.00068072375","0.004769958","-0.0026594377","0.0012356257","-0.0005457685","-0.0064956485","-0.06711237","-0.00035602483","0.0015081523","0.00028825126","0.0019035364","-0.0019369373","-0.0018442923","0.0","0.0","0.0","0.0","0.0","0.0","0.0","0.0","0.0","0.0","0.0","0.0","-0.0046900064","0.0","0.0","0.0","0.0","0.0","0.0","0.0","0.0","0.0","0.0","0.0","0.0","0.0","0.0","0.0","0.0","0.0","0.0","0.0","0.0","0.0","0.0","0.0"
"Bronchiolitis","-0.15311743","-0.006689525","-0.027291033","0.0012765183","-0.02442467","-0.0064697242","-0.01316582","-0.0007020722","-0.005387479","-7.5545504e-05","1.3969154e-05","-0.008930601","-0.0058702943","0.0009144299","-0.002191905","0.00068072375","0.004769958","-0.0026594377","0.0012356257","-0.0005457685","-0.0064956485","-0.06711237","-0.00035602483","0.0015081523","0.00028825126","0.0019035364","-0.0019369373","-0.0018442923","0.0","0.0","0.0","0.0","0.0","0.0","0.0","0.0","0.0","0.0","0.0","0.0","-0.0046900064","0.0","0.0","0.0","0.0","0.0","0.0","0.0","0.0","0.0","0.0","0.0","0.0","0.0","0.0","0.0","0.0","0.0","0.0","0.0","0.0","0.0","0.0","0.0"
"Budd-Chiari syndrome","-0.15311743","-0.006689525","-0.027291033","0.0012765183","-0.02442467","-0.0064697242","-0.01316582","-0.0007020722","-0.005387479","-7.5545504e-05","1.3969154e-05","-0.008930601","-0.0058702943","0.0009144299","-0.002191905","0.00068072375","0.004769958","-0.0026594377","0.0012356257","-0.0005457685","-0.0064956485","-0.06711237","-0.00035602483","0.0015081523","0.00028825126","0.0019035364","-0.0019369373","-0.0018442923","0.0","0.0","0.0","0.0","0.0","0.0","0.0","0.0","0.0","0.0","0.0","0.0","-0.0046900064","0.0","0.0","0.0","0.0","0.0","0.0","0.0","0.0","0.0","0.0","0.0","0.0","0.0","0.0","0.0","0.0","0.0","0.0","0.0","0.0","0.0","0.0","0.0"
"Bullous pemphigoid","-0.15311743","-0.006689525","-0.027291033","0.0012765183","-0.02442467","-0.0064697242","-0.01316582","-0.0007020722","-0.005387479","-7.5545504e-05","1.3969154e-05","-0.008930601","-0.0058702943","0.0009144299","-0.002191905","0.00068072375","0.004769958","-0.0026594377","0.0012356257","-0.0005457685","-0.0064956485","-0.06711237","-0.00035602483","0.0015081523","0.00028825126","0.0019035364","-0.0019369373","-0.0018442923","0.0","0.0","0.0","0.0","0.0","0.0","0.0","0.0","0.0","0.0","0.0","0.0","-0.0046900064","0.0","0.0","0.0","0.0","0.0","0.0","0.0","0.0","0.0","0.0","0.0","0.0","0.0","0.0","0.0","0.0","0.0","0.0","0.0","0.0","0.0","0.0","0.0"
"COPD","-0.15311743","-0.006689525","-0.027291033","0.0012765183","-0.02442467","-0.0064697242","-0.01316582","-0.0007020722","-0.005387479","-7.5545504e-05","1.3969154e-05","-0.008930601","-0.0058702943","0.0009144299","-0.002191905","0.00068072375","0.004769958","-0.0026594377","0.0012356257","-0.0005457685","-0.0064956485","-0.06711237","-0.00035602483","0.0015081523","0.00028825126","0.0019035364","-0.0019369373","-0.0018442923","0.0","0.0","0.0","0.0","0.0","0.0","0.0","0.0","0.0","0.0","0.0","0.0","-0.0046900064","0.0","0.0","0.0","0.0","0.0","0.0","0.0","0.0","0.0","0.0","0.0","0.0","0.0","0.0","0.0","0.0","0.0","0.0","0.0","0.0","0.0","0.0","0.0"
"COPD Exacerbation","-0.15311743","-0.006689525","-0.027291033","0.0012765183","-0.02442467","-0.0064697242","-0.01316582","-0.0007020722","-0.005387479","-7.5545504e-05","1.3969154e-05","-0.008930601","-0.0058702943","0.0009144299","-0.002191905","0.00068072375","0.004769958","-0.0026594377","0.0012356257","-0.0005457685","-0.0064956485","-0.06711237","-0.00035602483","0.0015081523","0.00028825126","0.0019035364","-0.0019369373","-0.0018442923","0.0","0.0","0.0","0.0","0.0","0.0","0.0","0.0","0.0","0.0","0.0","0.0","-0.0046900064","0.0","0.0","0.0","0.0","0.0","0.0","0.0","0.0","0.0","0.0","0.0","0.0","0.0","0.0","0.0","0.0","0.0","0.0","0.0","0.0","0.0","0.0","0.0"
"Cancer cachexia","-0.15311743","-0.006689525","-0.027291033","0.0012765183","-0.02442467","-0.0064697242","-0.01316582","-0.0007020722","-0.005387479","-7.5545504e-05","1.3969154e-05","-0.008930601","-0.0058702943","0.0009144299","-0.002191905","0.00068072375","0.004769958","-0.0026594377","0.0012356257","-0.0005457685","-0.0064956485","-0.06711237","-0.00035602483","0.0015081523","0.00028825126","0.0019035364","-0.0019369373","-0.0018442923","0.0","0.0","0.0","0.0","0.0","0.0","0.0","0.0","0.0","0.0","0.0","0.0","-0.0046900064","0.0","0.0","0.0","0.0","0.0","0.0","0.0","0.0","0.0","0.0","0.0","0.0","0.0","0.0","0.0","0.0","0.0","0.0","0.0","0.0","0.0","0.0","0.0"
"Cardiac valve calcification","-0.15311743","-0.006689525","-0.027291033","0.0012765183","-0.02442467","-0.0064697242","-0.01316582","-0.0007020722","-0.005387479","-7.5545504e-05","1.3969154e-05","-0.008930601","-0.0058702943","0.0009144299","-0.002191905","0.00068072375","0.004769958","-0.0026594377","0.0012356257","-0.0005457685","-0.0064956485","-0.06711237","-0.00035602483","0.0015081523","0.00028825126","0.0019035364","-0.0019369373","-0.0018442923","0.0","0.0","0.0","0.0","0.0","0.0","0.0","0.0","0.0","0.0","0.0","0.0","-0.0046900064","0.0","0.0","0.0","0.0","0.0","0.0","0.0","0.0","0.0","0.0","0.0","0.0","0.0","0.0","0.0","0.0","0.0","0.0","0.0","0.0","0.0","0.0","0.0"
"Cardiovascular Diseases","-0.15311743","-0.006689525","-0.027291033","0.0012765183","-0.02442467","-0.0064697242","-0.01316582","-0.0007020722","-0.005387479","-7.5545504e-05","1.3969154e-05","-0.008930601","-0.0058702943","0.0009144299","-0.002191905","0.00068072375","0.004769958","-0.0026594377","0.0012356257","-0.0005457685","-0.0064956485","-0.06711237","-0.00035602483","0.0015081523","0.00028825126","0.0019035364","-0.0019369373","-0.0018442923","0.0","0.0","0.0","0.0","0.0","0.0","0.0","0.0","0.0","0.0","0.0","0.0","-0.0046900064","0.0","0.0","0.0","0.0","0.0","0.0","0.0","0.0","0.0","0.0","0.0","0.0","0.0","0.0","0.0","0.0","0.0","0.0","0.0","0.0","0.0","0.0","0.0"
"Cardiovascular disease","-0.15311743","-0.006689525","-0.027291033","0.0012765183","-0.02442467","-0.0064697242","-0.01316582","-0.0007020722","-0.005387479","-7.5545504e-05","1.3969154e-05","-0.008930601","-0.0058702943","0.0009144299","-0.002191905","0.00068072375","0.004769958","-0.0026594377","0.0012356257","-0.0005457685","-0.0064956485","-0.06711237","-0.00035602483","0.0015081523","0.00028825126","0.0019035364","-0.0019369373","-0.0018442923","0.0","0.0","0.0","0.0","0.0","0.0","0.0","0.0","0.0","0.0","0.0","0.0","-0.0046900064","0.0","0.0","0.0","0.0","0.0","0.0","0.0","0.0","0.0","0.0","0.0","0.0","0.0","0.0","0.0","0.0","0.0","0.0","0.0","0.0","0.0","0.0","0.0"
"Caries","-0.15311743","-0.006689525","-0.027291033","0.0012765183","-0.02442467","-0.0064697242","-0.01316582","-0.0007020722","-0.005387479","-7.5545504e-05","1.3969154e-05","-0.008930601","-0.0058702943","0.0009144299","-0.002191905","0.00068072375","0.004769958","-0.0026594377","0.0012356257","-0.0005457685","-0.0064956485","-0.06711237","-0.00035602483","0.0015081523","0.00028825126","0.0019035364","-0.0019369373","-0.0018442923","0.0","0.0","0.0","0.0","0.0","0.0","0.0","0.0","0.0","0.0","0.0","0.0","-0.0046900064","0.0","0.0","0.0","0.0","0.0","0.0","0.0","0.0","0.0","0.0","0.0","0.0","0.0","0.0","0.0","0.0","0.0","0.0","0.0","0.0","0.0","0.0","0.0"
"Celiac Disease","3.7202659","-2.313193","0.50955003","-4.348003","6.2266955","-0.789549","22.426003","11.892991","-5.422661","4.375361","-5.702219","-1.0514371","0.009368635","-1.2831054","0.6570171","0.24036516","0.755647","1.0771339","-0.4782183","0.26082954","11.560232","8.760362","0.8583747","5.503811","-5.7862678","-0.8362542","0.8590093","-3.319341","0.0","0.0","0.0","0.0","0.0","0.0","0.0","0.0","0.0","0.0","0.0","0.0","0.27942213","0.0","0.0","0.0","0.0","0.0","0.0","0.0","0.0","0.0","0.0","0.0","0.0","0.0","0.0","0.0","0.0","0.0","0.0","0.0","0.0","0.0","0.0","0.0"
"Celiac Disease, Coaliac disease","-0.15311743","-0.006689525","-0.027291033","0.0012765183","-0.02442467","-0.0064697242","-0.01316582","-0.0007020722","-0.005387479","-7.5545504e-05","1.3969154e-05","-0.008930601","-0.0058702943","0.0009144299","-0.002191905","0.00068072375","0.004769958","-0.0026594377","0.0012356257","-0.0005457685","-0.0064956485","-0.06711237","-0.00035602483","0.0015081523","0.00028825126","0.0019035364","-0.0019369373","-0.0018442923","0.0","0.0","0.0","0.0","0.0","0.0","0.0","0.0","0.0","0.0","0.0","0.0","-0.0046900064","0.0","0.0","0.0","0.0","0.0","0.0","0.0","0.0","0.0","0.0","0.0","0.0","0.0","0.0","0.0","0.0","0.0","0.0","0.0","0.0","0.0","0.0","0.0"
"Celiac disease","-0.15311743","-0.006689525","-0.027291033","0.0012765183","-0.02442467","-0.0064697242","-0.01316582","-0.0007020722","-0.005387479","-7.5545504e-05","1.3969154e-05","-0.008930601","-0.0058702943","0.0009144299","-0.002191905","0.00068072375","0.004769958","-0.0026594377","0.0012356257","-0.0005457685","-0.0064956485","-0.06711237","-0.00035602483","0.0015081523","0.00028825126","0.0019035364","-0.0019369373","-0.0018442923","0.0","0.0","0.0","0.0","0.0","0.0","0.0","0.0","0.0","0.0","0.0","0.0","-0.0046900064","0.0","0.0","0.0","0.0","0.0","0.0","0.0","0.0","0.0","0.0","0.0","0.0","0.0","0.0","0.0","0.0","0.0","0.0","0.0","0.0","0.0","0.0","0.0"
"Cerebral autosomal dominant arteriopathy with subcortical infarcts and leukoencephalopathy","-0.15311743","-0.006689525","-0.027291033","0.0012765183","-0.02442467","-0.0064697242","-0.01316582","-0.0007020722","-0.005387479","-7.5545504e-05","1.3969154e-05","-0.008930601","-0.0058702943","0.0009144299","-0.002191905","0.00068072375","0.004769958","-0.0026594377","0.0012356257","-0.0005457685","-0.0064956485","-0.06711237","-0.00035602483","0.0015081523","0.00028825126","0.0019035364","-0.0019369373","-0.0018442923","0.0","0.0","0.0","0.0","0.0","0.0","0.0","0.0","0.0","0.0","0.0","0.0","-0.0046900064","0.0","0.0","0.0","0.0","0.0","0.0","0.0","0.0","0.0","0.0","0.0","0.0","0.0","0.0","0.0","0.0","0.0","0.0","0.0","0.0","0.0","0.0","0.0"
"Cervical cancer","-0.15311743","-0.006689525","-0.027291033","0.0012765183","-0.02442467","-0.0064697242","-0.01316582","-0.0007020722","-0.005387479","-7.5545504e-05","1.3969154e-05","-0.008930601","-0.0058702943","0.0009144299","-0.002191905","0.00068072375","0.004769958","-0.0026594377","0.0012356257","-0.0005457685","-0.0064956485","-0.06711237","-0.00035602483","0.0015081523","0.00028825126","0.0019035364","-0.0019369373","-0.0018442923","0.0","0.0","0.0","0.0","0.0","0.0","0.0","0.0","0.0","0.0","0.0","0.0","-0.0046900064","0.0","0.0","0.0","0.0","0.0","0.0","0.0","0.0","0.0","0.0","0.0","0.0","0.0","0.0","0.0","0.0","0.0","0.0","0.0","0.0","0.0","0.0","0.0"
"Cervical intraneoplasia","-0.15311743","-0.006689525","-0.027291033","0.0012765183","-0.02442467","-0.0064697242","-0.01316582","-0.0007020722","-0.005387479","-7.5545504e-05","1.3969154e-05","-0.008930601","-0.0058702943","0.0009144299","-0.002191905","0.00068072375","0.004769958","-0.0026594377","0.0012356257","-0.0005457685","-0.0064956485","-0.06711237","-0.00035602483","0.0015081523","0.00028825126","0.0019035364","-0.0019369373","-0.0018442923","0.0","0.0","0.0","0.0","0.0","0.0","0.0","0.0","0.0","0.0","0.0","0.0","-0.0046900064","0.0","0.0","0.0","0.0","0.0","0.0","0.0","0.0","0.0","0.0","0.0","0.0","0.0","0.0","0.0","0.0","0.0","0.0","0.0","0.0","0.0","0.0","0.0"
"Cervicitis","-0.15311743","-0.006689525","-0.027291033","0.0012765183","-0.02442467","-0.0064697242","-0.01316582","-0.0007020722","-0.005387479","-7.5545504e-05","1.3969154e-05","-0.008930601","-0.0058702943","0.0009144299","-0.002191905","0.00068072375","0.004769958","-0.0026594377","0.0012356257","-0.0005457685","-0.0064956485","-0.06711237","-0.00035602483","0.0015081523","0.00028825126","0.0019035364","-0.0019369373","-0.0018442923","0.0","0.0","0.0","0.0","0.0","0.0","0.0","0.0","0.0","0.0","0.0","0.0","-0.0046900064","0.0","0.0","0.0","0.0","0.0","0.0","0.0","0.0","0.0","0.0","0.0","0.0","0.0","0.0","0.0","0.0","0.0","0.0","0.0","0.0","0.0","0.0","0.0"
"Chagas' disease","-0.15311743","-0.006689525","-0.027291033","0.0012765183","-0.02442467","-0.0064697242","-0.01316582","-0.0007020722","-0.005387479","-7.5545504e-05","1.3969154e-05","-0.008930601","-0.0058702943","0.0009144299","-0.002191905","0.00068072375","0.004769958","-0.0026594377","0.0012356257","-0.0005457685","-0.0064956485","-0.06711237","-0.00035602483","0.0015081523","0.00028825126","0.0019035364","-0.0019369373","-0.0018442923","0.0","0.0","0.0","0.0","0.0","0.0","0.0","0.0","0.0","0.0","0.0","0.0","-0.0046900064","0.0","0.0","0.0","0.0","0.0","0.0","0.0","0.0","0.0","0.0","0.0","0.0","0.0","0.0","0.0","0.0","0.0","0.0","0.0","0.0","0.0","0.0","0.0"
"Chlamydia","-0.15311743","-0.006689525","-0.027291033","0.0012765183","-0.02442467","-0.0064697242","-0.01316582","-0.0007020722","-0.005387479","-7.5545504e-05","1.3969154e-05","-0.008930601","-0.0058702943","0.0009144299","-0.002191905","0.00068072375","0.004769958","-0.0026594377","0.0012356257","-0.0005457685","-0.0064956485","-0.06711237","-0.00035602483","0.0015081523","0.00028825126","0.0019035364","-0.0019369373","-0.0018442923","0.0","0.0","0.0","0.0","0.0","0.0","0.0","0.0","0.0","0.0","0.0","0.0","-0.0046900064","0.0","0.0","0.0","0.0","0.0","0.0","0.0","0.0","0.0","0.0","0.0","0.0","0.0","0.0","0.0","0.0","0.0","0.0","0.0","0.0","0.0","0.0","0.0"
"Cholelithiasis","-0.15311743","-0.006689525","-0.027291033","0.0012765183","-0.02442467","-0.0064697242","-0.01316582","-0.0007020722","-0.005387479","-7.5545504e-05","1.3969154e-05","-0.008930601","-0.0058702943","0.0009144299","-0.002191905","0.00068072375","0.004769958","-0.0026594377","0.0012356257","-0.0005457685","-0.0064956485","-0.06711237","-0.00035602483","0.0015081523","0.00028825126","0.0019035364","-0.0019369373","-0.0018442923","0.0","0.0","0.0","0.0","0.0","0.0","0.0","0.0","0.0","0.0","0.0","0.0","-0.0046900064","0.0","0.0","0.0","0.0","0.0","0.0","0.0","0.0","0.0","0.0","0.0","0.0","0.0","0.0","0.0","0.0","0.0","0.0","0.0","0.0","0.0","0.0","0.0"
"Cholestasis","-0.15311743","-0.006689525","-0.027291033","0.0012765183","-0.02442467","-0.0064697242","-0.01316582","-0.0007020722","-0.005387479","-7.5545504e-05","1.3969154e-05","-0.008930601","-0.0058702943","0.0009144299","-0.002191905","0.00068072375","0.004769958","-0.0026594377","0.0012356257","-0.0005457685","-0.0064956485","-0.06711237","-0.00035602483","0.0015081523","0.00028825126","0.0019035364","-0.0019369373","-0.0018442923","0.0","0.0","0.0","0.0","0.0","0.0","0.0","0.0","0.0","0.0","0.0","0.0","-0.0046900064","0.0","0.0","0.0","0.0","0.0","0.0","0.0","0.0","0.0","0.0","0.0","0.0","0.0","0.0","0.0","0.0","0.0","0.0","0.0","0.0","0.0","0.0","0.0"
"Chronic Kidney Disease","-0.15311743","-0.006689525","-0.027291033","0.0012765183","-0.02442467","-0.0064697242","-0.01316582","-0.0007020722","-0.005387479","-7.5545504e-05","1.3969154e-05","-0.008930601","-0.0058702943","0.0009144299","-0.002191905","0.00068072375","0.004769958","-0.0026594377","0.0012356257","-0.0005457685","-0.0064956485","-0.06711237","-0.00035602483","0.0015081523","0.00028825126","0.0019035364","-0.0019369373","-0.0018442923","0.0","0.0","0.0","0.0","0.0","0.0","0.0","0.0","0.0","0.0","0.0","0.0","-0.0046900064","0.0","0.0","0.0","0.0","0.0","0.0","0.0","0.0","0.0","0.0","0.0","0.0","0.0","0.0","0.0","0.0","0.0","0.0","0.0","0.0","0.0","0.0","0.0"
"Chronic Obstructive Pulmonary Disease","-0.15311743","-0.006689525","-0.027291033","0.0012765183","-0.02442467","-0.0064697242","-0.01316582","-0.0007020722","-0.005387479","-7.5545504e-05","1.3969154e-05","-0.008930601","-0.0058702943","0.0009144299","-0.002191905","0.00068072375","0.004769958","-0.0026594377","0.0012356257","-0.0005457685","-0.0064956485","-0.06711237","-0.00035602483","0.0015081523","0.00028825126","0.0019035364","-0.0019369373","-0.0018442923","0.0","0.0","0.0","0.0","0.0","0.0","0.0","0.0","0.0","0.0","0.0","0.0","-0.0046900064","0.0","0.0","0.0","0.0","0.0","0.0","0.0","0.0","0.0","0.0","0.0","0.0","0.0","0.0","0.0","0.0","0.0","0.0","0.0","0.0","0.0","0.0","0.0"
"Chronic Prostatitis/Chronic Pelvic Pain Syndrome","-0.15311743","-0.006689525","-0.027291033","0.0012765183","-0.02442467","-0.0064697242","-0.01316582","-0.0007020722","-0.005387479","-7.5545504e-05","1.3969154e-05","-0.008930601","-0.0058702943","0.0009144299","-0.002191905","0.00068072375","0.004769958","-0.0026594377","0.0012356257","-0.0005457685","-0.0064956485","-0.06711237","-0.00035602483","0.0015081523","0.00028825126","0.0019035364","-0.0019369373","-0.0018442923","0.0","0.0","0.0","0.0","0.0","0.0","0.0","0.0","0.0","0.0","0.0","0.0","-0.0046900064","0.0","0.0","0.0","0.0","0.0","0.0","0.0","0.0","0.0","0.0","0.0","0.0","0.0","0.0","0.0","0.0","0.0","0.0","0.0","0.0","0.0","0.0","0.0"
"Chronic Rhinosinusitis","-0.15311743","-0.006689525","-0.027291033","0.0012765183","-0.02442467","-0.0064697242","-0.01316582","-0.0007020722","-0.005387479","-7.5545504e-05","1.3969154e-05","-0.008930601","-0.0058702943","0.0009144299","-0.002191905","0.00068072375","0.004769958","-0.0026594377","0.0012356257","-0.0005457685","-0.0064956485","-0.06711237","-0.00035602483","0.0015081523","0.00028825126","0.0019035364","-0.0019369373","-0.0018442923","0.0","0.0","0.0","0.0","0.0","0.0","0.0","0.0","0.0","0.0","0.0","0.0","-0.0046900064","0.0","0.0","0.0","0.0","0.0","0.0","0.0","0.0","0.0","0.0","0.0","0.0","0.0","0.0","0.0","0.0","0.0","0.0","0.0","0.0","0.0","0.0","0.0"
"Chronic Rhinosinusitis with asthma","-0.15311743","-0.006689525","-0.027291033","0.0012765183","-0.02442467","-0.0064697242","-0.01316582","-0.0007020722","-0.005387479","-7.5545504e-05","1.3969154e-05","-0.008930601","-0.0058702943","0.0009144299","-0.002191905","0.00068072375","0.004769958","-0.0026594377","0.0012356257","-0.0005457685","-0.0064956485","-0.06711237","-0.00035602483","0.0015081523","0.00028825126","0.0019035364","-0.0019369373","-0.0018442923","0.0","0.0","0.0","0.0","0.0","0.0","0.0","0.0","0.0","0.0","0.0","0.0","-0.0046900064","0.0","0.0","0.0","0.0","0.0","0.0","0.0","0.0","0.0","0.0","0.0","0.0","0.0","0.0","0.0","0.0","0.0","0.0","0.0","0.0","0.0","0.0","0.0"
"Chronic Rhinosinusitis with cystic fibrosis","-0.15311743","-0.006689525","-0.027291033","0.0012765183","-0.02442467","-0.0064697242","-0.01316582","-0.0007020722","-0.005387479","-7.5545504e-05","1.3969154e-05","-0.008930601","-0.0058702943","0.0009144299","-0.002191905","0.00068072375","0.004769958","-0.0026594377","0.0012356257","-0.0005457685","-0.0064956485","-0.06711237","-0.00035602483","0.0015081523","0.00028825126","0.0019035364","-0.0019369373","-0.0018442923","0.0","0.0","0.0","0.0","0.0","0.0","0.0","0.0","0.0","0.0","0.0","0.0","-0.0046900064","0.0","0.0","0.0","0.0","0.0","0.0","0.0","0.0","0.0","0.0","0.0","0.0","0.0","0.0","0.0","0.0","0.0","0.0","0.0","0.0","0.0","0.0","0.0"
"Chronic alcoholic pancreatitis","-0.15311743","-0.006689525","-0.027291033","0.0012765183","-0.02442467","-0.0064697242","-0.01316582","-0.0007020722","-0.005387479","-7.5545504e-05","1.3969154e-05","-0.008930601","-0.0058702943","0.0009144299","-0.002191905","0.00068072375","0.004769958","-0.0026594377","0.0012356257","-0.0005457685","-0.0064956485","-0.06711237","-0.00035602483","0.0015081523","0.00028825126","0.0019035364","-0.0019369373","-0.0018442923","0.0","0.0","0.0","0.0","0.0","0.0","0.0","0.0","0.0","0.0","0.0","0.0","-0.0046900064","0.0","0.0","0.0","0.0","0.0","0.0","0.0","0.0","0.0","0.0","0.0","0.0","0.0","0.0","0.0","0.0","0.0","0.0","0.0","0.0","0.0","0.0","0.0"
"Chronic fatigue syndrome","-0.15311743","-0.006689525","-0.027291033","0.0012765183","-0.02442467","-0.0064697242","-0.01316582","-0.0007020722","-0.005387479","-7.5545504e-05","1.3969154e-05","-0.008930601","-0.0058702943","0.0009144299","-0.002191905","0.00068072375","0.004769958","-0.0026594377","0.0012356257","-0.0005457685","-0.0064956485","-0.06711237","-0.00035602483","0.0015081523","0.00028825126","0.0019035364","-0.0019369373","-0.0018442923","0.0","0.0","0.0","0.0","0.0","0.0","0.0","0.0","0.0","0.0","0.0","0.0","-0.0046900064","0.0","0.0","0.0","0.0","0.0","0.0","0.0","0.0","0.0","0.0","0.0","0.0","0.0","0.0","0.0","0.0","0.0","0.0","0.0","0.0","0.0","0.0","0.0"
"Chronic granulomatous disease","-0.15311743","-0.006689525","-0.027291033","0.0012765183","-0.02442467","-0.0064697242","-0.01316582","-0.0007020722","-0.005387479","-7.5545504e-05","1.3969154e-05","-0.008930601","-0.0058702943","0.0009144299","-0.002191905","0.00068072375","0.004769958","-0.0026594377","0.0012356257","-0.0005457685","-0.0064956485","-0.06711237","-0.00035602483","0.0015081523","0.00028825126","0.0019035364","-0.0019369373","-0.0018442923","0.0","0.0","0.0","0.0","0.0","0.0","0.0","0.0","0.0","0.0","0.0","0.0","-0.0046900064","0.0","0.0","0.0","0.0","0.0","0.0","0.0","0.0","0.0","0.0","0.0","0.0","0.0","0.0","0.0","0.0","0.0","0.0","0.0","0.0","0.0","0.0","0.0"
"Chronic kidney disease","-0.15311743","-0.006689525","-0.027291033","0.0012765183","-0.02442467","-0.0064697242","-0.01316582","-0.0007020722","-0.005387479","-7.5545504e-05","1.3969154e-05","-0.008930601","-0.0058702943","0.0009144299","-0.002191905","0.00068072375","0.004769958","-0.0026594377","0.0012356257","-0.0005457685","-0.0064956485","-0.06711237","-0.00035602483","0.0015081523","0.00028825126","0.0019035364","-0.0019369373","-0.0018442923","0.0","0.0","0.0","0.0","0.0","0.0","0.0","0.0","0.0","0.0","0.0","0.0","-0.0046900064","0.0","0.0","0.0","0.0","0.0","0.0","0.0","0.0","0.0","0.0","0.0","0.0","0.0","0.0","0.0","0.0","0.0","0.0","0.0","0.0","0.0","0.0","0.0"
"Chronic liver disease","-0.15311743","-0.006689525","-0.027291033","0.0012765183","-0.02442467","-0.0064697242","-0.01316582","-0.0007020722","-0.005387479","-7.5545504e-05","1.3969154e-05","-0.008930601","-0.0058702943","0.0009144299","-0.002191905","0.00068072375","0.004769958","-0.0026594377","0.0012356257","-0.0005457685","-0.0064956485","-0.06711237","-0.00035602483","0.0015081523","0.00028825126","0.0019035364","-0.0019369373","-0.0018442923","0.0","0.0","0.0","0.0","0.0","0.0","0.0","0.0","0.0","0.0","0.0","0.0","-0.0046900064","0.0","0.0","0.0","0.0","0.0","0.0","0.0","0.0","0.0","0.0","0.0","0.0","0.0","0.0","0.0","0.0","0.0","0.0","0.0","0.0","0.0","0.0","0.0"
"Chronic lung disease","-0.15311743","-0.006689525","-0.027291033","0.0012765183","-0.02442467","-0.0064697242","-0.01316582","-0.0007020722","-0.005387479","-7.5545504e-05","1.3969154e-05","-0.008930601","-0.0058702943","0.0009144299","-0.002191905","0.00068072375","0.004769958","-0.0026594377","0.0012356257","-0.0005457685","-0.0064956485","-0.06711237","-0.00035602483","0.0015081523","0.00028825126","0.0019035364","-0.0019369373","-0.0018442923","0.0","0.0","0.0","0.0","0.0","0.0","0.0","0.0","0.0","0.0","0.0","0.0","-0.0046900064","0.0","0.0","0.0","0.0","0.0","0.0","0.0","0.0","0.0","0.0","0.0","0.0","0.0","0.0","0.0","0.0","0.0","0.0","0.0","0.0","0.0","0.0","0.0"
"Chronic mucocutaneous candidiasis","-0.15311743","-0.006689525","-0.027291033","0.0012765183","-0.02442467","-0.0064697242","-0.01316582","-0.0007020722","-0.005387479","-7.5545504e-05","1.3969154e-05","-0.008930601","-0.0058702943","0.0009144299","-0.002191905","0.00068072375","0.004769958","-0.0026594377","0.0012356257","-0.0005457685","-0.0064956485","-0.06711237","-0.00035602483","0.0015081523","0.00028825126","0.0019035364","-0.0019369373","-0.0018442923","0.0","0.0","0.0","0.0","0.0","0.0","0.0","0.0","0.0","0.0","0.0","0.0","-0.0046900064","0.0","0.0","0.0","0.0","0.0","0.0","0.0","0.0","0.0","0.0","0.0","0.0","0.0","0.0","0.0","0.0","0.0","0.0","0.0","0.0","0.0","0.0","0.0"
"Chronic ocular graft-versus-host disease","-0.15311743","-0.006689525","-0.027291033","0.0012765183","-0.02442467","-0.0064697242","-0.01316582","-0.0007020722","-0.005387479","-7.5545504e-05","1.3969154e-05","-0.008930601","-0.0058702943","0.0009144299","-0.002191905","0.00068072375","0.004769958","-0.0026594377","0.0012356257","-0.0005457685","-0.0064956485","-0.06711237","-0.00035602483","0.0015081523","0.00028825126","0.0019035364","-0.0019369373","-0.0018442923","0.0","0.0","0.0","0.0","0.0","0.0","0.0","0.0","0.0","0.0","0.0","0.0","-0.0046900064","0.0","0.0","0.0","0.0","0.0","0.0","0.0","0.0","0.0","0.0","0.0","0.0","0.0","0.0","0.0","0.0","0.0","0.0","0.0","0.0","0.0","0.0","0.0"
"Chronic pancreatitis","-0.15311743","-0.006689525","-0.027291033","0.0012765183","-0.02442467","-0.0064697242","-0.01316582","-0.0007020722","-0.005387479","-7.5545504e-05","1.3969154e-05","-0.008930601","-0.0058702943","0.0009144299","-0.002191905","0.00068072375","0.004769958","-0.0026594377","0.0012356257","-0.0005457685","-0.0064956485","-0.06711237","-0.00035602483","0.0015081523","0.00028825126","0.0019035364","-0.0019369373","-0.0018442923","0.0","0.0","0.0","0.0","0.0","0.0","0.0","0.0","0.0","0.0","0.0","0.0","-0.0046900064","0.0","0.0","0.0","0.0","0.0","0.0","0.0","0.0","0.0","0.0","0.0","0.0","0.0","0.0","0.0","0.0","0.0","0.0","0.0","0.0","0.0","0.0","0.0"
"Chronic prostatitis / Chronic pelvic pain syndrome","-0.15311743","-0.006689525","-0.027291033","0.0012765183","-0.02442467","-0.0064697242","-0.01316582","-0.0007020722","-0.005387479","-7.5545504e-05","1.3969154e-05","-0.008930601","-0.0058702943","0.0009144299","-0.002191905","0.00068072375","0.004769958","-0.0026594377","0.0012356257","-0.0005457685","-0.0064956485","-0.06711237","-0.00035602483","0.0015081523","0.00028825126","0.0019035364","-0.0019369373","-0.0018442923","0.0","0.0","0.0","0.0","0.0","0.0","0.0","0.0","0.0","0.0","0.0","0.0","-0.0046900064","0.0","0.0","0.0","0.0","0.0","0.0","0.0","0.0","0.0","0.0","0.0","0.0","0.0","0.0","0.0","0.0","0.0","0.0","0.0","0.0","0.0","0.0","0.0"
"Chronic rhinosinusitis with nasal polyps","-0.15311743","-0.006689525","-0.027291033","0.0012765183","-0.02442467","-0.0064697242","-0.01316582","-0.0007020722","-0.005387479","-7.5545504e-05","1.3969154e-05","-0.008930601","-0.0058702943","0.0009144299","-0.002191905","0.00068072375","0.004769958","-0.0026594377","0.0012356257","-0.0005457685","-0.0064956485","-0.06711237","-0.00035602483","0.0015081523","0.00028825126","0.0019035364","-0.0019369373","-0.0018442923","0.0","0.0","0.0","0.0","0.0","0.0","0.0","0.0","0.0","0.0","0.0","0.0","-0.0046900064","0.0","0.0","0.0","0.0","0.0","0.0","0.0","0.0","0.0","0.0","0.0","0.0","0.0","0.0","0.0","0.0","0.0","0.0","0.0","0.0","0.0","0.0","0.0"
"Chronic stress","-0.15311743","-0.006689525","-0.027291033","0.0012765183","-0.02442467","-0.0064697242","-0.01316582","-0.0007020722","-0.005387479","-7.5545504e-05","1.3969154e-05","-0.008930601","-0.0058702943","0.0009144299","-0.002191905","0.00068072375","0.004769958","-0.0026594377","0.0012356257","-0.0005457685","-0.0064956485","-0.06711237","-0.00035602483","0.0015081523","0.00028825126","0.0019035364","-0.0019369373","-0.0018442923","0.0","0.0","0.0","0.0","0.0","0.0","0.0","0.0","0.0","0.0","0.0","0.0","-0.0046900064","0.0","0.0","0.0","0.0","0.0","0.0","0.0","0.0","0.0","0.0","0.0","0.0","0.0","0.0","0.0","0.0","0.0","0.0","0.0","0.0","0.0","0.0","0.0"
"Chronic urticaria","-0.15311743","-0.006689525","-0.027291033","0.0012765183","-0.02442467","-0.0064697242","-0.01316582","-0.0007020722","-0.005387479","-7.5545504e-05","1.3969154e-05","-0.008930601","-0.0058702943","0.0009144299","-0.002191905","0.00068072375","0.004769958","-0.0026594377","0.0012356257","-0.0005457685","-0.0064956485","-0.06711237","-0.00035602483","0.0015081523","0.00028825126","0.0019035364","-0.0019369373","-0.0018442923","0.0","0.0","0.0","0.0","0.0","0.0","0.0","0.0","0.0","0.0","0.0","0.0","-0.0046900064","0.0","0.0","0.0","0.0","0.0","0.0","0.0","0.0","0.0","0.0","0.0","0.0","0.0","0.0","0.0","0.0","0.0","0.0","0.0","0.0","0.0","0.0","0.0"
"Cirrhosis","-0.15311743","-0.006689525","-0.027291033","0.0012765183","-0.02442467","-0.0064697242","-0.01316582","-0.0007020722","-0.005387479","-7.5545504e-05","1.3969154e-05","-0.008930601","-0.0058702943","0.0009144299","-0.002191905","0.00068072375","0.004769958","-0.0026594377","0.0012356257","-0.0005457685","-0.0064956485","-0.06711237","-0.00035602483","0.0015081523","0.00028825126","0.0019035364","-0.0019369373","-0.0018442923","0.0","0.0","0.0","0.0","0.0","0.0","0.0","0.0","0.0","0.0","0.0","0.0","-0.0046900064","0.0","0.0","0.0","0.0","0.0","0.0","0.0","0.0","0.0","0.0","0.0","0.0","0.0","0.0","0.0","0.0","0.0","0.0","0.0","0.0","0.0","0.0","0.0"
"Cirrhosis with pneumonia","-0.15311743","-0.006689525","-0.027291033","0.0012765183","-0.02442467","-0.0064697242","-0.01316582","-0.0007020722","-0.005387479","-7.5545504e-05","1.3969154e-05","-0.008930601","-0.0058702943","0.0009144299","-0.002191905","0.00068072375","0.004769958","-0.0026594377","0.0012356257","-0.0005457685","-0.0064956485","-0.06711237","-0.00035602483","0.0015081523","0.00028825126","0.0019035364","-0.0019369373","-0.0018442923","0.0","0.0","0.0","0.0","0.0","0.0","0.0","0.0","0.0","0.0","0.0","0.0","-0.0046900064","0.0","0.0","0.0","0.0","0.0","0.0","0.0","0.0","0.0","0.0","0.0","0.0","0.0","0.0","0.0","0.0","0.0","0.0","0.0","0.0","0.0","0.0","0.0"
"Cleft palate","-0.15311743","-0.006689525","-0.027291033","0.0012765183","-0.02442467","-0.0064697242","-0.01316582","-0.0007020722","-0.005387479","-7.5545504e-05","1.3969154e-05","-0.008930601","-0.0058702943","0.0009144299","-0.002191905","0.00068072375","0.004769958","-0.0026594377","0.0012356257","-0.0005457685","-0.0064956485","-0.06711237","-0.00035602483","0.0015081523","0.00028825126","0.0019035364","-0.0019369373","-0.0018442923","0.0","0.0","0.0","0.0","0.0","0.0","0.0","0.0","0.0","0.0","0.0","0.0","-0.0046900064","0.0","0.0","0.0","0.0","0.0","0.0","0.0","0.0","0.0","0.0","0.0","0.0","0.0","0.0","0.0","0.0","0.0","0.0","0.0","0.0","0.0","0.0","0.0"
"Clonorchis sinensis infection","-0.15311743","-0.006689525","-0.027291033","0.0012765183","-0.02442467","-0.0064697242","-0.01316582","-0.0007020722","-0.005387479","-7.5545504e-05","1.3969154e-05","-0.008930601","-0.0058702943","0.0009144299","-0.002191905","0.00068072375","0.004769958","-0.0026594377","0.0012356257","-0.0005457685","-0.0064956485","-0.06711237","-0.00035602483","0.0015081523","0.00028825126","0.0019035364","-0.0019369373","-0.0018442923","0.0","0.0","0.0","0.0","0.0","0.0","0.0","0.0","0.0","0.0","0.0","0.0","-0.0046900064","0.0","0.0","0.0","0.0","0.0","0.0","0.0","0.0","0.0","0.0","0.0","0.0","0.0","0.0","0.0","0.0","0.0","0.0","0.0","0.0","0.0","0.0","0.0"
"Clostridium difficile associated disease","-0.15311743","-0.006689525","-0.027291033","0.0012765183","-0.02442467","-0.0064697242","-0.01316582","-0.0007020722","-0.005387479","-7.5545504e-05","1.3969154e-05","-0.008930601","-0.0058702943","0.0009144299","-0.002191905","0.00068072375","0.004769958","-0.0026594377","0.0012356257","-0.0005457685","-0.0064956485","-0.06711237","-0.00035602483","0.0015081523","0.00028825126","0.0019035364","-0.0019369373","-0.0018442923","0.0","0.0","0.0","0.0","0.0","0.0","0.0","0.0","0.0","0.0","0.0","0.0","-0.0046900064","0.0","0.0","0.0","0.0","0.0","0.0","0.0","0.0","0.0","0.0","0.0","0.0","0.0","0.0","0.0","0.0","0.0","0.0","0.0","0.0","0.0","0.0","0.0"
"Clostridium difficile infection","-0.15311743","-0.006689525","-0.027291033","0.0012765183","-0.02442467","-0.0064697242","-0.01316582","-0.0007020722","-0.005387479","-7.5545504e-05","1.3969154e-05","-0.008930601","-0.0058702943","0.0009144299","-0.002191905","0.00068072375","0.004769958","-0.0026594377","0.0012356257","-0.0005457685","-0.0064956485","-0.06711237","-0.00035602483","0.0015081523","0.00028825126","0.0019035364","-0.0019369373","-0.0018442923","0.0","0.0","0.0","0.0","0.0","0.0","0.0","0.0","0.0","0.0","0.0","0.0","-0.0046900064","0.0","0.0","0.0","0.0","0.0","0.0","0.0","0.0","0.0","0.0","0.0","0.0","0.0","0.0","0.0","0.0","0.0","0.0","0.0","0.0","0.0","0.0","0.0"
"Clostridium difficile infection(CDI)","-0.15311743","-0.006689525","-0.027291033","0.0012765183","-0.02442467","-0.0064697242","-0.01316582","-0.0007020722","-0.005387479","-7.5545504e-05","1.3969154e-05","-0.008930601","-0.0058702943","0.0009144299","-0.002191905","0.00068072375","0.004769958","-0.0026594377","0.0012356257","-0.0005457685","-0.0064956485","-0.06711237","-0.00035602483","0.0015081523","0.00028825126","0.0019035364","-0.0019369373","-0.0018442923","0.0","0.0","0.0","0.0","0.0","0.0","0.0","0.0","0.0","0.0","0.0","0.0","-0.0046900064","0.0","0.0","0.0","0.0","0.0","0.0","0.0","0.0","0.0","0.0","0.0","0.0","0.0","0.0","0.0","0.0","0.0","0.0","0.0","0.0","0.0","0.0","0.0"
"Clostridium difficile infections","-0.15311743","-0.006689525","-0.027291033","0.0012765183","-0.02442467","-0.0064697242","-0.01316582","-0.0007020722","-0.005387479","-7.5545504e-05","1.3969154e-05","-0.008930601","-0.0058702943","0.0009144299","-0.002191905","0.00068072375","0.004769958","-0.0026594377","0.0012356257","-0.0005457685","-0.0064956485","-0.06711237","-0.00035602483","0.0015081523","0.00028825126","0.0019035364","-0.0019369373","-0.0018442923","0.0","0.0","0.0","0.0","0.0","0.0","0.0","0.0","0.0","0.0","0.0","0.0","-0.0046900064","0.0","0.0","0.0","0.0","0.0","0.0","0.0","0.0","0.0","0.0","0.0","0.0","0.0","0.0","0.0","0.0","0.0","0.0","0.0","0.0","0.0","0.0","0.0"
"Clostrium difficile-related diarrhea","-0.15311743","-0.006689525","-0.027291033","0.0012765183","-0.02442467","-0.0064697242","-0.01316582","-0.0007020722","-0.005387479","-7.5545504e-05","1.3969154e-05","-0.008930601","-0.0058702943","0.0009144299","-0.002191905","0.00068072375","0.004769958","-0.0026594377","0.0012356257","-0.0005457685","-0.0064956485","-0.06711237","-0.00035602483","0.0015081523","0.00028825126","0.0019035364","-0.0019369373","-0.0018442923","0.0","0.0","0.0","0.0","0.0","0.0","0.0","0.0","0.0","0.0","0.0","0.0","-0.0046900064","0.0","0.0","0.0","0.0","0.0","0.0","0.0","0.0","0.0","0.0","0.0","0.0","0.0","0.0","0.0","0.0","0.0","0.0","0.0","0.0","0.0","0.0","0.0"
"Coeliac disease","-0.15311743","-0.006689525","-0.027291033","0.0012765183","-0.02442467","-0.0064697242","-0.01316582","-0.0007020722","-0.005387479","-7.5545504e-05","1.3969154e-05","-0.008930601","-0.0058702943","0.0009144299","-0.002191905","0.00068072375","0.004769958","-0.0026594377","0.0012356257","-0.0005457685","-0.0064956485","-0.06711237","-0.00035602483","0.0015081523","0.00028825126","0.0019035364","-0.0019369373","-0.0018442923","0.0","0.0","0.0","0.0","0.0","0.0","0.0","0.0","0.0","0.0","0.0","0.0","-0.0046900064","0.0","0.0","0.0","0.0","0.0","0.0","0.0","0.0","0.0","0.0","0.0","0.0","0.0","0.0","0.0","0.0","0.0","0.0","0.0","0.0","0.0","0.0","0.0"
"Cognitive impairment","-0.15311743","-0.006689525","-0.027291033","0.0012765183","-0.02442467","-0.0064697242","-0.01316582","-0.0007020722","-0.005387479","-7.5545504e-05","1.3969154e-05","-0.008930601","-0.0058702943","0.0009144299","-0.002191905","0.00068072375","0.004769958","-0.0026594377","0.0012356257","-0.0005457685","-0.0064956485","-0.06711237","-0.00035602483","0.0015081523","0.00028825126","0.0019035364","-0.0019369373","-0.0018442923","0.0","0.0","0.0","0.0","0.0","0.0","0.0","0.0","0.0","0.0","0.0","0.0","-0.0046900064","0.0","0.0","0.0","0.0","0.0","0.0","0.0","0.0","0.0","0.0","0.0","0.0","0.0","0.0","0.0","0.0","0.0","0.0","0.0","0.0","0.0","0.0","0.0"
"Collagenous colitis","-0.15311743","-0.006689525","-0.027291033","0.0012765183","-0.02442467","-0.0064697242","-0.01316582","-0.0007020722","-0.005387479","-7.5545504e-05","1.3969154e-05","-0.008930601","-0.0058702943","0.0009144299","-0.002191905","0.00068072375","0.004769958","-0.0026594377","0.0012356257","-0.0005457685","-0.0064956485","-0.06711237","-0.00035602483","0.0015081523","0.00028825126","0.0019035364","-0.0019369373","-0.0018442923","0.0","0.0","0.0","0.0","0.0","0.0","0.0","0.0","0.0","0.0","0.0","0.0","-0.0046900064","0.0","0.0","0.0","0.0","0.0","0.0","0.0","0.0","0.0","0.0","0.0","0.0","0.0","0.0","0.0","0.0","0.0","0.0","0.0","0.0","0.0","0.0","0.0"
"Colon adenomas","-0.15311743","-0.006689525","-0.027291033","0.0012765183","-0.02442467","-0.0064697242","-0.01316582","-0.0007020722","-0.005387479","-7.5545504e-05","1.3969154e-05","-0.008930601","-0.0058702943","0.0009144299","-0.002191905","0.00068072375","0.004769958","-0.0026594377","0.0012356257","-0.0005457685","-0.0064956485","-0.06711237","-0.00035602483","0.0015081523","0.00028825126","0.0019035364","-0.0019369373","-0.0018442923","0.0","0.0","0.0","0.0","0.0","0.0","0.0","0.0","0.0","0.0","0.0","0.0","-0.0046900064","0.0","0.0","0.0","0.0","0.0","0.0","0.0","0.0","0.0","0.0","0.0","0.0","0.0","0.0","0.0","0.0","0.0","0.0","0.0","0.0","0.0","0.0","0.0"
"Colon cancer","-0.15311743","-0.006689525","-0.027291033","0.0012765183","-0.02442467","-0.0064697242","-0.01316582","-0.0007020722","-0.005387479","-7.5545504e-05","1.3969154e-05","-0.008930601","-0.0058702943","0.0009144299","-0.002191905","0.00068072375","0.004769958","-0.0026594377","0.0012356257","-0.0005457685","-0.0064956485","-0.06711237","-0.00035602483","0.0015081523","0.00028825126","0.0019035364","-0.0019369373","-0.0018442923","0.0","0.0","0.0","0.0","0.0","0.0","0.0","0.0","0.0","0.0","0.0","0.0","-0.0046900064","0.0","0.0","0.0","0.0","0.0","0.0","0.0","0.0","0.0","0.0","0.0","0.0","0.0","0.0","0.0","0.0","0.0","0.0","0.0","0.0","0.0","0.0","0.0"
"Colon polyps","-0.15311743","-0.006689525","-0.027291033","0.0012765183","-0.02442467","-0.0064697242","-0.01316582","-0.0007020722","-0.005387479","-7.5545504e-05","1.3969154e-05","-0.008930601","-0.0058702943","0.0009144299","-0.002191905","0.00068072375","0.004769958","-0.0026594377","0.0012356257","-0.0005457685","-0.0064956485","-0.06711237","-0.00035602483","0.0015081523","0.00028825126","0.0019035364","-0.0019369373","-0.0018442923","0.0","0.0","0.0","0.0","0.0","0.0","0.0","0.0","0.0","0.0","0.0","0.0","-0.0046900064","0.0","0.0","0.0","0.0","0.0","0.0","0.0","0.0","0.0","0.0","0.0","0.0","0.0","0.0","0.0","0.0","0.0","0.0","0.0","0.0","0.0","0.0","0.0"
"Colorectal cancer","-0.15311743","-0.006689525","-0.027291033","0.0012765183","-0.02442467","-0.0064697242","-0.01316582","-0.0007020722","-0.005387479","-7.5545504e-05","1.3969154e-05","-0.008930601","-0.0058702943","0.0009144299","-0.002191905","0.00068072375","0.004769958","-0.0026594377","0.0012356257","-0.0005457685","-0.0064956485","-0.06711237","-0.00035602483","0.0015081523","0.00028825126","0.0019035364","-0.0019369373","-0.0018442923","0.0","0.0","0.0","0.0","0.0","0.0","0.0","0.0","0.0","0.0","0.0","0.0","-0.0046900064","0.0","0.0","0.0","0.0","0.0","0.0","0.0","0.0","0.0","0.0","0.0","0.0","0.0","0.0","0.0","0.0","0.0","0.0","0.0","0.0","0.0","0.0","0.0"
"Colorectal carcinoma","-0.15311743","-0.006689525","-0.027291033","0.0012765183","-0.02442467","-0.0064697242","-0.01316582","-0.0007020722","-0.005387479","-7.5545504e-05","1.3969154e-05","-0.008930601","-0.0058702943","0.0009144299","-0.002191905","0.00068072375","0.004769958","-0.0026594377","0.0012356257","-0.0005457685","-0.0064956485","-0.06711237","-0.00035602483","0.0015081523","0.00028825126","0.0019035364","-0.0019369373","-0.0018442923","0.0","0.0","0.0","0.0","0.0","0.0","0.0","0.0","0.0","0.0","0.0","0.0","-0.0046900064","0.0","0.0","0.0","0.0","0.0","0.0","0.0","0.0","0.0","0.0","0.0","0.0","0.0","0.0","0.0","0.0","0.0","0.0","0.0","0.0","0.0","0.0","0.0"
"Common Variable Immunodeficieny","-0.15311743","-0.006689525","-0.027291033","0.0012765183","-0.02442467","-0.0064697242","-0.01316582","-0.0007020722","-0.005387479","-7.5545504e-05","1.3969154e-05","-0.008930601","-0.0058702943","0.0009144299","-0.002191905","0.00068072375","0.004769958","-0.0026594377","0.0012356257","-0.0005457685","-0.0064956485","-0.06711237","-0.00035602483","0.0015081523","0.00028825126","0.0019035364","-0.0019369373","-0.0018442923","0.0","0.0","0.0","0.0","0.0","0.0","0.0","0.0","0.0","0.0","0.0","0.0","-0.0046900064","0.0","0.0","0.0","0.0","0.0","0.0","0.0","0.0","0.0","0.0","0.0","0.0","0.0","0.0","0.0","0.0","0.0","0.0","0.0","0.0","0.0","0.0","0.0"
"Common variable immunodeficiency","-0.15311743","-0.006689525","-0.027291033","0.0012765183","-0.02442467","-0.0064697242","-0.01316582","-0.0007020722","-0.005387479","-7.5545504e-05","1.3969154e-05","-0.008930601","-0.0058702943","0.0009144299","-0.002191905","0.00068072375","0.004769958","-0.0026594377","0.0012356257","-0.0005457685","-0.0064956485","-0.06711237","-0.00035602483","0.0015081523","0.00028825126","0.0019035364","-0.0019369373","-0.0018442923","0.0","0.0","0.0","0.0","0.0","0.0","0.0","0.0","0.0","0.0","0.0","0.0","-0.0046900064","0.0","0.0","0.0","0.0","0.0","0.0","0.0","0.0","0.0","0.0","0.0","0.0","0.0","0.0","0.0","0.0","0.0","0.0","0.0","0.0","0.0","0.0","0.0"
"Conjunctival scarring","-0.15311743","-0.006689525","-0.027291033","0.0012765183","-0.02442467","-0.0064697242","-0.01316582","-0.0007020722","-0.005387479","-7.5545504e-05","1.3969154e-05","-0.008930601","-0.0058702943","0.0009144299","-0.002191905","0.00068072375","0.004769958","-0.0026594377","0.0012356257","-0.0005457685","-0.0064956485","-0.06711237","-0.00035602483","0.0015081523","0.00028825126","0.0019035364","-0.0019369373","-0.0018442923","0.0","0.0","0.0","0.0","0.0","0.0","0.0","0.0","0.0","0.0","0.0","0.0","-0.0046900064","0.0","0.0","0.0","0.0","0.0","0.0","0.0","0.0","0.0","0.0","0.0","0.0","0.0","0.0","0.0","0.0","0.0","0.0","0.0","0.0","0.0","0.0","0.0"
"Constipation","4.922745","-2.6376772","0.3356096","-4.0461764","4.4724603","-0.53841907","6.631414","-3.4885654","5.500175","-10.899541","19.896425","4.815843","-6.363159","-6.367824","4.0570273","-0.17574333","1.8725818","3.428447","-1.369871","1.3083556","5.4558897","0.6203818","3.7536118","-17.989372","19.299599","8.881329","1.2446939","16.69109","0.0","0.0","0.0","0.0","0.0","0.0","0.0","0.0","0.0","0.0","0.0","0.0","2.1978648","0.0","0.0","0.0","0.0","0.0","0.0","0.0","0.0","0.0","0.0","0.0","0.0","0.0","0.0","0.0","0.0","0.0","0.0","0.0","0.0","0.0","0.0","0.0"
"Constipation Irritable bowel syndrome(IBS)","-0.15311743","-0.006689525","-0.027291033","0.0012765183","-0.02442467","-0.0064697242","-0.01316582","-0.0007020722","-0.005387479","-7.5545504e-05","1.3969154e-05","-0.008930601","-0.0058702943","0.0009144299","-0.002191905","0.00068072375","0.004769958","-0.0026594377","0.0012356257","-0.0005457685","-0.0064956485","-0.06711237","-0.00035602483","0.0015081523","0.00028825126","0.0019035364","-0.0019369373","-0.0018442923","0.0","0.0","0.0","0.0","0.0","0.0","0.0","0.0","0.0","0.0","0.0","0.0","-0.0046900064","0.0","0.0","0.0","0.0","0.0","0.0","0.0","0.0","0.0","0.0","0.0","0.0","0.0","0.0","0.0","0.0","0.0","0.0","0.0","0.0","0.0","0.0","0.0"
"Coronary Heart Disease","7.5820065","-0.10967534","-0.6247035","-2.1874733","-2.9150376","-3.8143566","-2.5679903","-0.7777165","-5.7186275","-6.6668677","-4.7375817","-1.9595131","3.0676308","2.7879663","17.112541","0.6958226","4.3572764","-5.99489","-15.723032","-0.5946064","9.296676","-5.1969776","15.250252","7.1620398","-6.835509","12.592268","7.9958773","9.013883","0.0","0.0","0.0","0.0","0.0","0.0","0.0","0.0","0.0","0.0","0.0","0.0","3.0181837","0.0","0.0","0.0","0.0","0.0","0.0","0.0","0.0","0.0","0.0","0.0","0.0","0.0","0.0","0.0","0.0","0.0","0.0","0.0","0.0","0.0","0.0","0.0"
"Coronary artery disease","7.6847715","-1.9902545","-0.7130523","-1.5571133","-3.9352596","-3.090781","-4.0809355","3.4439473","-7.4949665","-1.2154894","0.9461559","0.5107579","2.8292093","-2.3509798","9.915728","12.068066","-8.108307","2.7868314","16.876852","3.9054573","-0.24485832","6.381134","1.7272208","-2.0304236","-0.3066119","3.392372","13.967264","8.65213","0.0","0.0","0.0","0.0","0.0","0.0","0.0","0.0","0.0","0.0","0.0","0.0","-7.414253","0.0","0.0","0.0","0.0","0.0","0.0","0.0","0.0","0.0","0.0","0.0","0.0","0.0","0.0","0.0","0.0","0.0","0.0","0.0","0.0","0.0","0.0","0.0"
"Covid-19","-0.15311743","-0.006689525","-0.027291033","0.0012765183","-0.02442467","-0.0064697242","-0.01316582","-0.0007020722","-0.005387479","-7.5545504e-05","1.3969154e-05","-0.008930601","-0.0058702943","0.0009144299","-0.002191905","0.00068072375","0.004769958","-0.0026594377","0.0012356257","-0.0005457685","-0.0064956485","-0.06711237","-0.00035602483","0.0015081523","0.00028825126","0.0019035364","-0.0019369373","-0.0018442923","0.0","0.0","0.0","0.0","0.0","0.0","0.0","0.0","0.0","0.0","0.0","0.0","-0.0046900064","0.0","0.0","0.0","0.0","0.0","0.0","0.0","0.0","0.0","0.0","0.0","0.0","0.0","0.0","0.0","0.0","0.0","0.0","0.0","0.0","0.0","0.0","0.0"
"Coxiella burnetii vascular infection","-0.15311743","-0.006689525","-0.027291033","0.0012765183","-0.02442467","-0.0064697242","-0.01316582","-0.0007020722","-0.005387479","-7.5545504e-05","1.3969154e-05","-0.008930601","-0.0058702943","0.0009144299","-0.002191905","0.00068072375","0.004769958","-0.0026594377","0.0012356257","-0.0005457685","-0.0064956485","-0.06711237","-0.00035602483","0.0015081523","0.00028825126","0.0019035364","-0.0019369373","-0.0018442923","0.0","0.0","0.0","0.0","0.0","0.0","0.0","0.0","0.0","0.0","0.0","0.0","-0.0046900064","0.0","0.0","0.0","0.0","0.0","0.0","0.0","0.0","0.0","0.0","0.0","0.0","0.0","0.0","0.0","0.0","0.0","0.0","0.0","0.0","0.0","0.0","0.0"
"Crohn disease","4.7931595","25.942324","0.0042360732","-0.30571693","4.3776627","-8.795861","0.5967199","0.12721159","0.52733153","-0.5098728","0.568569","1.7103554","2.2259202","-1.2466024","-1.8835434","-0.2648436","0.30046618","0.28948817","1.2208703","0.2074247","4.3799925","-5.3918815","-1.0622332","-0.46473902","0.78118604","-0.72066605","-0.8217083","-1.0555792","0.0","0.0","0.0","0.0","0.0","0.0","0.0","0.0","0.0","0.0","0.0","0.0","-0.827961","0.0","0.0","0.0","0.0","0.0","0.0","0.0","0.0","0.0","0.0","0.0","0.0","0.0","0.0","0.0","0.0","0.0","0.0","0.0","0.0","0.0","0.0","0.0"
"Crohn's Disease","-0.15311743","-0.006689525","-0.027291033","0.0012765183","-0.02442467","-0.0064697242","-0.01316582","-0.0007020722","-0.005387479","-7.5545504e-05","1.3969154e-05","-0.008930601","-0.0058702943","0.0009144299","-0.002191905","0.00068072375","0.004769958","-0.0026594377","0.0012356257","-0.0005457685","-0.0064956485","-0.06711237","-0.00035602483","0.0015081523","0.00028825126","0.0019035364","-0.0019369373","-0.0018442923","0.0","0.0","0.0","0.0","0.0","0.0","0.0","0.0","0.0","0.0","0.0","0.0","-0.0046900064","0.0","0.0","0.0","0.0","0.0","0.0","0.0","0.0","0.0","0.0","0.0","0.0","0.0","0.0","0.0","0.0","0.0","0.0","0.0","0.0","0.0","0.0","0.0"
"Crohn's disease","-0.15311743","-0.006689525","-0.027291033","0.0012765183","-0.02442467","-0.0064697242","-0.01316582","-0.0007020722","-0.005387479","-7.5545504e-05","1.3969154e-05","-0.008930601","-0.0058702943","0.0009144299","-0.002191905","0.00068072375","0.004769958","-0.0026594377","0.0012356257","-0.0005457685","-0.0064956485","-0.06711237","-0.00035602483","0.0015081523","0.00028825126","0.0019035364","-0.0019369373","-0.0018442923","0.0","0.0","0.0","0.0","0.0","0.0","0.0","0.0","0.0","0.0","0.0","0.0","-0.0046900064","0.0","0.0","0.0","0.0","0.0","0.0","0.0","0.0","0.0","0.0","0.0","0.0","0.0","0.0","0.0","0.0","0.0","0.0","0.0","0.0","0.0","0.0","0.0"
"Crohn's disease(CD)","-0.15311743","-0.006689525","-0.027291033","0.0012765183","-0.02442467","-0.0064697242","-0.01316582","-0.0007020722","-0.005387479","-7.5545504e-05","1.3969154e-05","-0.008930601","-0.0058702943","0.0009144299","-0.002191905","0.00068072375","0.004769958","-0.0026594377","0.0012356257","-0.0005457685","-0.0064956485","-0.06711237","-0.00035602483","0.0015081523","0.00028825126","0.0019035364","-0.0019369373","-0.0018442923","0.0","0.0","0.0","0.0","0.0","0.0","0.0","0.0","0.0","0.0","0.0","0.0","-0.0046900064","0.0","0.0","0.0","0.0","0.0","0.0","0.0","0.0","0.0","0.0","0.0","0.0","0.0","0.0","0.0","0.0","0.0","0.0","0.0","0.0","0.0","0.0","0.0"
"Crohns disease","-0.15311743","-0.006689525","-0.027291033","0.0012765183","-0.02442467","-0.0064697242","-0.01316582","-0.0007020722","-0.005387479","-7.5545504e-05","1.3969154e-05","-0.008930601","-0.0058702943","0.0009144299","-0.002191905","0.00068072375","0.004769958","-0.0026594377","0.0012356257","-0.0005457685","-0.0064956485","-0.06711237","-0.00035602483","0.0015081523","0.00028825126","0.0019035364","-0.0019369373","-0.0018442923","0.0","0.0","0.0","0.0","0.0","0.0","0.0","0.0","0.0","0.0","0.0","0.0","-0.0046900064","0.0","0.0","0.0","0.0","0.0","0.0","0.0","0.0","0.0","0.0","0.0","0.0","0.0","0.0","0.0","0.0","0.0","0.0","0.0","0.0","0.0","0.0","0.0"
"Cutaneous burn","-0.15311743","-0.006689525","-0.027291033","0.0012765183","-0.02442467","-0.0064697242","-0.01316582","-0.0007020722","-0.005387479","-7.5545504e-05","1.3969154e-05","-0.008930601","-0.0058702943","0.0009144299","-0.002191905","0.00068072375","0.004769958","-0.0026594377","0.0012356257","-0.0005457685","-0.0064956485","-0.06711237","-0.00035602483","0.0015081523","0.00028825126","0.0019035364","-0.0019369373","-0.0018442923","0.0","0.0","0.0","0.0","0.0","0.0","0.0","0.0","0.0","0.0","0.0","0.0","-0.0046900064","0.0","0.0","0.0","0.0","0.0","0.0","0.0","0.0","0.0","0.0","0.0","0.0","0.0","0.0","0.0","0.0","0.0","0.0","0.0","0.0","0.0","0.0","0.0"
"Cystic Fibrosis","-0.15311743","-0.006689525","-0.027291033","0.0012765183","-0.02442467","-0.0064697242","-0.01316582","-0.0007020722","-0.005387479","-7.5545504e-05","1.3969154e-05","-0.008930601","-0.0058702943","0.0009144299","-0.002191905","0.00068072375","0.004769958","-0.0026594377","0.0012356257","-0.0005457685","-0.0064956485","-0.06711237","-0.00035602483","0.0015081523","0.00028825126","0.0019035364","-0.0019369373","-0.0018442923","0.0","0.0","0.0","0.0","0.0","0.0","0.0","0.0","0.0","0.0","0.0","0.0","-0.0046900064","0.0","0.0","0.0","0.0","0.0","0.0","0.0","0.0","0.0","0.0","0.0","0.0","0.0","0.0","0.0","0.0","0.0","0.0","0.0","0.0","0.0","0.0","0.0"
"Cystic echinococcosis","-0.15311743","-0.006689525","-0.027291033","0.0012765183","-0.02442467","-0.0064697242","-0.01316582","-0.0007020722","-0.005387479","-7.5545504e-05","1.3969154e-05","-0.008930601","-0.0058702943","0.0009144299","-0.002191905","0.00068072375","0.004769958","-0.0026594377","0.0012356257","-0.0005457685","-0.0064956485","-0.06711237","-0.00035602483","0.0015081523","0.00028825126","0.0019035364","-0.0019369373","-0.0018442923","0.0","0.0","0.0","0.0","0.0","0.0","0.0","0.0","0.0","0.0","0.0","0.0","-0.0046900064","0.0","0.0","0.0","0.0","0.0","0.0","0.0","0.0","0.0","0.0","0.0","0.0","0.0","0.0","0.0","0.0","0.0","0.0","0.0","0.0","0.0","0.0","0.0"
"Cystic fibrosis","-0.15311743","-0.006689525","-0.027291033","0.0012765183","-0.02442467","-0.0064697242","-0.01316582","-0.0007020722","-0.005387479","-7.5545504e-05","1.3969154e-05","-0.008930601","-0.0058702943","0.0009144299","-0.002191905","0.00068072375","0.004769958","-0.0026594377","0.0012356257","-0.0005457685","-0.0064956485","-0.06711237","-0.00035602483","0.0015081523","0.00028825126","0.0019035364","-0.0019369373","-0.0018442923","0.0","0.0","0.0","0.0","0.0","0.0","0.0","0.0","0.0","0.0","0.0","0.0","-0.0046900064","0.0","0.0","0.0","0.0","0.0","0.0","0.0","0.0","0.0","0.0","0.0","0.0","0.0","0.0","0.0","0.0","0.0","0.0","0.0","0.0","0.0","0.0","0.0"
"Cystic fibrosis exacerbation","-0.15311743","-0.006689525","-0.027291033","0.0012765183","-0.02442467","-0.0064697242","-0.01316582","-0.0007020722","-0.005387479","-7.5545504e-05","1.3969154e-05","-0.008930601","-0.0058702943","0.0009144299","-0.002191905","0.00068072375","0.004769958","-0.0026594377","0.0012356257","-0.0005457685","-0.0064956485","-0.06711237","-0.00035602483","0.0015081523","0.00028825126","0.0019035364","-0.0019369373","-0.0018442923","0.0","0.0","0.0","0.0","0.0","0.0","0.0","0.0","0.0","0.0","0.0","0.0","-0.0046900064","0.0","0.0","0.0","0.0","0.0","0.0","0.0","0.0","0.0","0.0","0.0","0.0","0.0","0.0","0.0","0.0","0.0","0.0","0.0","0.0","0.0","0.0","0.0"
"Cytolytic vaginosis","-0.15311743","-0.006689525","-0.027291033","0.0012765183","-0.02442467","-0.0064697242","-0.01316582","-0.0007020722","-0.005387479","-7.5545504e-05","1.3969154e-05","-0.008930601","-0.0058702943","0.0009144299","-0.002191905","0.00068072375","0.004769958","-0.0026594377","0.0012356257","-0.0005457685","-0.0064956485","-0.06711237","-0.00035602483","0.0015081523","0.00028825126","0.0019035364","-0.0019369373","-0.0018442923","0.0","0.0","0.0","0.0","0.0","0.0","0.0","0.0","0.0","0.0","0.0","0.0","-0.0046900064","0.0","0.0","0.0","0.0","0.0","0.0","0.0","0.0","0.0","0.0","0.0","0.0","0.0","0.0","0.0","0.0","0.0","0.0","0.0","0.0","0.0","0.0","0.0"
"Dandruff","-0.15311743","-0.006689525","-0.027291033","0.0012765183","-0.02442467","-0.0064697242","-0.01316582","-0.0007020722","-0.005387479","-7.5545504e-05","1.3969154e-05","-0.008930601","-0.0058702943","0.0009144299","-0.002191905","0.00068072375","0.004769958","-0.0026594377","0.0012356257","-0.0005457685","-0.0064956485","-0.06711237","-0.00035602483","0.0015081523","0.00028825126","0.0019035364","-0.0019369373","-0.0018442923","0.0","0.0","0.0","0.0","0.0","0.0","0.0","0.0","0.0","0.0","0.0","0.0","-0.0046900064","0.0","0.0","0.0","0.0","0.0","0.0","0.0","0.0","0.0","0.0","0.0","0.0","0.0","0.0","0.0","0.0","0.0","0.0","0.0","0.0","0.0","0.0","0.0"
"Denture Stomatitis","-0.15311743","-0.006689525","-0.027291033","0.0012765183","-0.02442467","-0.0064697242","-0.01316582","-0.0007020722","-0.005387479","-7.5545504e-05","1.3969154e-05","-0.008930601","-0.0058702943","0.0009144299","-0.002191905","0.00068072375","0.004769958","-0.0026594377","0.0012356257","-0.0005457685","-0.0064956485","-0.06711237","-0.00035602483","0.0015081523","0.00028825126","0.0019035364","-0.0019369373","-0.0018442923","0.0","0.0","0.0","0.0","0.0","0.0","0.0","0.0","0.0","0.0","0.0","0.0","-0.0046900064","0.0","0.0","0.0","0.0","0.0","0.0","0.0","0.0","0.0","0.0","0.0","0.0","0.0","0.0","0.0","0.0","0.0","0.0","0.0","0.0","0.0","0.0","0.0"
"Depression","-0.15311743","-0.006689525","-0.027291033","0.0012765183","-0.02442467","-0.0064697242","-0.01316582","-0.0007020722","-0.005387479","-7.5545504e-05","1.3969154e-05","-0.008930601","-0.0058702943","0.0009144299","-0.002191905","0.00068072375","0.004769958","-0.0026594377","0.0012356257","-0.0005457685","-0.0064956485","-0.06711237","-0.00035602483","0.0015081523","0.00028825126","0.0019035364","-0.0019369373","-0.0018442923","0.0","0.0","0.0","0.0","0.0","0.0","0.0","0.0","0.0","0.0","0.0","0.0","-0.0046900064","0.0","0.0","0.0","0.0","0.0","0.0","0.0","0.0","0.0","0.0","0.0","0.0","0.0","0.0","0.0","0.0","0.0","0.0","0.0","0.0","0.0","0.0","0.0"
"Diabetes mellitus type 2","-0.15311743","-0.006689525","-0.027291033","0.0012765183","-0.02442467","-0.0064697242","-0.01316582","-0.0007020722","-0.005387479","-7.5545504e-05","1.3969154e-05","-0.008930601","-0.0058702943","0.0009144299","-0.002191905","0.00068072375","0.004769958","-0.0026594377","0.0012356257","-0.0005457685","-0.0064956485","-0.06711237","-0.00035602483","0.0015081523","0.00028825126","0.0019035364","-0.0019369373","-0.0018442923","0.0","0.0","0.0","0.0","0.0","0.0","0.0","0.0","0.0","0.0","0.0","0.0","-0.0046900064","0.0","0.0","0.0","0.0","0.0","0.0","0.0","0.0","0.0","0.0","0.0","0.0","0.0","0.0","0.0","0.0","0.0","0.0","0.0","0.0","0.0","0.0","0.0"
"Diabetic nephropathy","-0.15311743","-0.006689525","-0.027291033","0.0012765183","-0.02442467","-0.0064697242","-0.01316582","-0.0007020722","-0.005387479","-7.5545504e-05","1.3969154e-05","-0.008930601","-0.0058702943","0.0009144299","-0.002191905","0.00068072375","0.004769958","-0.0026594377","0.0012356257","-0.0005457685","-0.0064956485","-0.06711237","-0.00035602483","0.0015081523","0.00028825126","0.0019035364","-0.0019369373","-0.0018442923","0.0","0.0","0.0","0.0","0.0","0.0","0.0","0.0","0.0","0.0","0.0","0.0","-0.0046900064","0.0","0.0","0.0","0.0","0.0","0.0","0.0","0.0","0.0","0.0","0.0","0.0","0.0","0.0","0.0","0.0","0.0","0.0","0.0","0.0","0.0","0.0","0.0"
"Diaper dermatitis","-0.15311743","-0.006689525","-0.027291033","0.0012765183","-0.02442467","-0.0064697242","-0.01316582","-0.0007020722","-0.005387479","-7.5545504e-05","1.3969154e-05","-0.008930601","-0.0058702943","0.0009144299","-0.002191905","0.00068072375","0.004769958","-0.0026594377","0.0012356257","-0.0005457685","-0.0064956485","-0.06711237","-0.00035602483","0.0015081523","0.00028825126","0.0019035364","-0.0019369373","-0.0018442923","0.0","0.0","0.0","0.0","0.0","0.0","0.0","0.0","0.0","0.0","0.0","0.0","-0.0046900064","0.0","0.0","0.0","0.0","0.0","0.0","0.0","0.0","0.0","0.0","0.0","0.0","0.0","0.0","0.0","0.0","0.0","0.0","0.0","0.0","0.0","0.0","0.0"
"Diarrhea","5.4134693","-2.7850204","0.20251092","-4.1778154","3.6981359","-0.7790925","4.6391892","-9.9298525","6.6147137","-7.0807147","-1.6310642","-13.253611","14.9014","4.6265244","-5.445295","0.8756588","-8.161204","2.60861","-0.1888725","0.48863885","-3.5271149","11.3737755","-4.691839","-1.3196932","-0.8461843","-8.843341","-5.838199","-4.9784484","0.0","0.0","0.0","0.0","0.0","0.0","0.0","0.0","0.0","0.0","0.0","0.0","1.2598387","0.0","0.0","0.0","0.0","0.0","0.0","0.0","0.0","0.0","0.0","0.0","0.0","0.0","0.0","0.0","0.0","0.0","0.0","0.0","0.0","0.0","0.0","0.0"
"Diarrhea Irritable bowel syndrome(IBS)","-0.15311743","-0.006689525","-0.027291033","0.0012765183","-0.02442467","-0.0064697242","-0.01316582","-0.0007020722","-0.005387479","-7.5545504e-05","1.3969154e-05","-0.008930601","-0.0058702943","0.0009144299","-0.002191905","0.00068072375","0.004769958","-0.0026594377","0.0012356257","-0.0005457685","-0.0064956485","-0.06711237","-0.00035602483","0.0015081523","0.00028825126","0.0019035364","-0.0019369373","-0.0018442923","0.0","0.0","0.0","0.0","0.0","0.0","0.0","0.0","0.0","0.0","0.0","0.0","-0.0046900064","0.0","0.0","0.0","0.0","0.0","0.0","0.0","0.0","0.0","0.0","0.0","0.0","0.0","0.0","0.0","0.0","0.0","0.0","0.0","0.0","0.0","0.0","0.0"
"Disease-free ","-0.15311743","-0.006689525","-0.027291033","0.0012765183","-0.02442467","-0.0064697242","-0.01316582","-0.0007020722","-0.005387479","-7.5545504e-05","1.3969154e-05","-0.008930601","-0.0058702943","0.0009144299","-0.002191905","0.00068072375","0.004769958","-0.0026594377","0.0012356257","-0.0005457685","-0.0064956485","-0.06711237","-0.00035602483","0.0015081523","0.00028825126","0.0019035364","-0.0019369373","-0.0018442923","0.0","0.0","0.0","0.0","0.0","0.0","0.0","0.0","0.0","0.0","0.0","0.0","-0.0046900064","0.0","0.0","0.0","0.0","0.0","0.0","0.0","0.0","0.0","0.0","0.0","0.0","0.0","0.0","0.0","0.0","0.0","0.0","0.0","0.0","0.0","0.0","0.0"
"Diverticular disease","-0.15311743","-0.006689525","-0.027291033","0.0012765183","-0.02442467","-0.0064697242","-0.01316582","-0.0007020722","-0.005387479","-7.5545504e-05","1.3969154e-05","-0.008930601","-0.0058702943","0.0009144299","-0.002191905","0.00068072375","0.004769958","-0.0026594377","0.0012356257","-0.0005457685","-0.0064956485","-0.06711237","-0.00035602483","0.0015081523","0.00028825126","0.0019035364","-0.0019369373","-0.0018442923","0.0","0.0","0.0","0.0","0.0","0.0","0.0","0.0","0.0","0.0","0.0","0.0","-0.0046900064","0.0","0.0","0.0","0.0","0.0","0.0","0.0","0.0","0.0","0.0","0.0","0.0","0.0","0.0","0.0","0.0","0.0","0.0","0.0","0.0","0.0","0.0","0.0"
"Down syndrome","-0.15311743","-0.006689525","-0.027291033","0.0012765183","-0.02442467","-0.0064697242","-0.01316582","-0.0007020722","-0.005387479","-7.5545504e-05","1.3969154e-05","-0.008930601","-0.0058702943","0.0009144299","-0.002191905","0.00068072375","0.004769958","-0.0026594377","0.0012356257","-0.0005457685","-0.0064956485","-0.06711237","-0.00035602483","0.0015081523","0.00028825126","0.0019035364","-0.0019369373","-0.0018442923","0.0","0.0","0.0","0.0","0.0","0.0","0.0","0.0","0.0","0.0","0.0","0.0","-0.0046900064","0.0","0.0","0.0","0.0","0.0","0.0","0.0","0.0","0.0","0.0","0.0","0.0","0.0","0.0","0.0","0.0","0.0","0.0","0.0","0.0","0.0","0.0","0.0"
"Drug-resistant Epilepsy","-0.15311743","-0.006689525","-0.027291033","0.0012765183","-0.02442467","-0.0064697242","-0.01316582","-0.0007020722","-0.005387479","-7.5545504e-05","1.3969154e-05","-0.008930601","-0.0058702943","0.0009144299","-0.002191905","0.00068072375","0.004769958","-0.0026594377","0.0012356257","-0.0005457685","-0.0064956485","-0.06711237","-0.00035602483","0.0015081523","0.00028825126","0.0019035364","-0.0019369373","-0.0018442923","0.0","0.0","0.0","0.0","0.0","0.0","0.0","0.0","0.0","0.0","0.0","0.0","-0.0046900064","0.0","0.0","0.0","0.0","0.0","0.0","0.0","0.0","0.0","0.0","0.0","0.0","0.0","0.0","0.0","0.0","0.0","0.0","0.0","0.0","0.0","0.0","0.0"
"Dry eye syndrome","-0.15311743","-0.006689525","-0.027291033","0.0012765183","-0.02442467","-0.0064697242","-0.01316582","-0.0007020722","-0.005387479","-7.5545504e-05","1.3969154e-05","-0.008930601","-0.0058702943","0.0009144299","-0.002191905","0.00068072375","0.004769958","-0.0026594377","0.0012356257","-0.0005457685","-0.0064956485","-0.06711237","-0.00035602483","0.0015081523","0.00028825126","0.0019035364","-0.0019369373","-0.0018442923","0.0","0.0","0.0","0.0","0.0","0.0","0.0","0.0","0.0","0.0","0.0","0.0","-0.0046900064","0.0","0.0","0.0","0.0","0.0","0.0","0.0","0.0","0.0","0.0","0.0","0.0","0.0","0.0","0.0","0.0","0.0","0.0","0.0","0.0","0.0","0.0","0.0"
"E-smoking","-0.15311743","-0.006689525","-0.027291033","0.0012765183","-0.02442467","-0.0064697242","-0.01316582","-0.0007020722","-0.005387479","-7.5545504e-05","1.3969154e-05","-0.008930601","-0.0058702943","0.0009144299","-0.002191905","0.00068072375","0.004769958","-0.0026594377","0.0012356257","-0.0005457685","-0.0064956485","-0.06711237","-0.00035602483","0.0015081523","0.00028825126","0.0019035364","-0.0019369373","-0.0018442923","0.0","0.0","0.0","0.0","0.0","0.0","0.0","0.0","0.0","0.0","0.0","0.0","-0.0046900064","0.0","0.0","0.0","0.0","0.0","0.0","0.0","0.0","0.0","0.0","0.0","0.0","0.0","0.0","0.0","0.0","0.0","0.0","0.0","0.0","0.0","0.0","0.0"
"Edentulism","-0.15311743","-0.006689525","-0.027291033","0.0012765183","-0.02442467","-0.0064697242","-0.01316582","-0.0007020722","-0.005387479","-7.5545504e-05","1.3969154e-05","-0.008930601","-0.0058702943","0.0009144299","-0.002191905","0.00068072375","0.004769958","-0.0026594377","0.0012356257","-0.0005457685","-0.0064956485","-0.06711237","-0.00035602483","0.0015081523","0.00028825126","0.0019035364","-0.0019369373","-0.0018442923","0.0","0.0","0.0","0.0","0.0","0.0","0.0","0.0","0.0","0.0","0.0","0.0","-0.0046900064","0.0","0.0","0.0","0.0","0.0","0.0","0.0","0.0","0.0","0.0","0.0","0.0","0.0","0.0","0.0","0.0","0.0","0.0","0.0","0.0","0.0","0.0","0.0"
"Endometrial cancer","-0.15311743","-0.006689525","-0.027291033","0.0012765183","-0.02442467","-0.0064697242","-0.01316582","-0.0007020722","-0.005387479","-7.5545504e-05","1.3969154e-05","-0.008930601","-0.0058702943","0.0009144299","-0.002191905","0.00068072375","0.004769958","-0.0026594377","0.0012356257","-0.0005457685","-0.0064956485","-0.06711237","-0.00035602483","0.0015081523","0.00028825126","0.0019035364","-0.0019369373","-0.0018442923","0.0","0.0","0.0","0.0","0.0","0.0","0.0","0.0","0.0","0.0","0.0","0.0","-0.0046900064","0.0","0.0","0.0","0.0","0.0","0.0","0.0","0.0","0.0","0.0","0.0","0.0","0.0","0.0","0.0","0.0","0.0","0.0","0.0","0.0","0.0","0.0","0.0"
"Endometriosis","-0.15311743","-0.006689525","-0.027291033","0.0012765183","-0.02442467","-0.0064697242","-0.01316582","-0.0007020722","-0.005387479","-7.5545504e-05","1.3969154e-05","-0.008930601","-0.0058702943","0.0009144299","-0.002191905","0.00068072375","0.004769958","-0.0026594377","0.0012356257","-0.0005457685","-0.0064956485","-0.06711237","-0.00035602483","0.0015081523","0.00028825126","0.0019035364","-0.0019369373","-0.0018442923","0.0","0.0","0.0","0.0","0.0","0.0","0.0","0.0","0.0","0.0","0.0","0.0","-0.0046900064","0.0","0.0","0.0","0.0","0.0","0.0","0.0","0.0","0.0","0.0","0.0","0.0","0.0","0.0","0.0","0.0","0.0","0.0","0.0","0.0","0.0","0.0","0.0"
"Enthesitis related Arthritis","-0.15311743","-0.006689525","-0.027291033","0.0012765183","-0.02442467","-0.0064697242","-0.01316582","-0.0007020722","-0.005387479","-7.5545504e-05","1.3969154e-05","-0.008930601","-0.0058702943","0.0009144299","-0.002191905","0.00068072375","0.004769958","-0.0026594377","0.0012356257","-0.0005457685","-0.0064956485","-0.06711237","-0.00035602483","0.0015081523","0.00028825126","0.0019035364","-0.0019369373","-0.0018442923","0.0","0.0","0.0","0.0","0.0","0.0","0.0","0.0","0.0","0.0","0.0","0.0","-0.0046900064","0.0","0.0","0.0","0.0","0.0","0.0","0.0","0.0","0.0","0.0","0.0","0.0","0.0","0.0","0.0","0.0","0.0","0.0","0.0","0.0","0.0","0.0","0.0"
"Enthesitis-related arthritis ","-0.15311743","-0.006689525","-0.027291033","0.0012765183","-0.02442467","-0.0064697242","-0.01316582","-0.0007020722","-0.005387479","-7.5545504e-05","1.3969154e-05","-0.008930601","-0.0058702943","0.0009144299","-0.002191905","0.00068072375","0.004769958","-0.0026594377","0.0012356257","-0.0005457685","-0.0064956485","-0.06711237","-0.00035602483","0.0015081523","0.00028825126","0.0019035364","-0.0019369373","-0.0018442923","0.0","0.0","0.0","0.0","0.0","0.0","0.0","0.0","0.0","0.0","0.0","0.0","-0.0046900064","0.0","0.0","0.0","0.0","0.0","0.0","0.0","0.0","0.0","0.0","0.0","0.0","0.0","0.0","0.0","0.0","0.0","0.0","0.0","0.0","0.0","0.0","0.0"
"Eosinophilic esophagitis","-0.15311743","-0.006689525","-0.027291033","0.0012765183","-0.02442467","-0.0064697242","-0.01316582","-0.0007020722","-0.005387479","-7.5545504e-05","1.3969154e-05","-0.008930601","-0.0058702943","0.0009144299","-0.002191905","0.00068072375","0.004769958","-0.0026594377","0.0012356257","-0.0005457685","-0.0064956485","-0.06711237","-0.00035602483","0.0015081523","0.00028825126","0.0019035364","-0.0019369373","-0.0018442923","0.0","0.0","0.0","0.0","0.0","0.0","0.0","0.0","0.0","0.0","0.0","0.0","-0.0046900064","0.0","0.0","0.0","0.0","0.0","0.0","0.0","0.0","0.0","0.0","0.0","0.0","0.0","0.0","0.0","0.0","0.0","0.0","0.0","0.0","0.0","0.0","0.0"
"Esophageal cancer","-0.15311743","-0.006689525","-0.027291033","0.0012765183","-0.02442467","-0.0064697242","-0.01316582","-0.0007020722","-0.005387479","-7.5545504e-05","1.3969154e-05","-0.008930601","-0.0058702943","0.0009144299","-0.002191905","0.00068072375","0.004769958","-0.0026594377","0.0012356257","-0.0005457685","-0.0064956485","-0.06711237","-0.00035602483","0.0015081523","0.00028825126","0.0019035364","-0.0019369373","-0.0018442923","0.0","0.0","0.0","0.0","0.0","0.0","0.0","0.0","0.0","0.0","0.0","0.0","-0.0046900064","0.0","0.0","0.0","0.0","0.0","0.0","0.0","0.0","0.0","0.0","0.0","0.0","0.0","0.0","0.0","0.0","0.0","0.0","0.0","0.0","0.0","0.0","0.0"
"Exacerbations of idiopathic pulmonary fibrosis","-0.15311743","-0.006689525","-0.027291033","0.0012765183","-0.02442467","-0.0064697242","-0.01316582","-0.0007020722","-0.005387479","-7.5545504e-05","1.3969154e-05","-0.008930601","-0.0058702943","0.0009144299","-0.002191905","0.00068072375","0.004769958","-0.0026594377","0.0012356257","-0.0005457685","-0.0064956485","-0.06711237","-0.00035602483","0.0015081523","0.00028825126","0.0019035364","-0.0019369373","-0.0018442923","0.0","0.0","0.0","0.0","0.0","0.0","0.0","0.0","0.0","0.0","0.0","0.0","-0.0046900064","0.0","0.0","0.0","0.0","0.0","0.0","0.0","0.0","0.0","0.0","0.0","0.0","0.0","0.0","0.0","0.0","0.0","0.0","0.0","0.0","0.0","0.0","0.0"
"Excessive vomiting","-0.15311743","-0.006689525","-0.027291033","0.0012765183","-0.02442467","-0.0064697242","-0.01316582","-0.0007020722","-0.005387479","-7.5545504e-05","1.3969154e-05","-0.008930601","-0.0058702943","0.0009144299","-0.002191905","0.00068072375","0.004769958","-0.0026594377","0.0012356257","-0.0005457685","-0.0064956485","-0.06711237","-0.00035602483","0.0015081523","0.00028825126","0.0019035364","-0.0019369373","-0.0018442923","0.0","0.0","0.0","0.0","0.0","0.0","0.0","0.0","0.0","0.0","0.0","0.0","-0.0046900064","0.0","0.0","0.0","0.0","0.0","0.0","0.0","0.0","0.0","0.0","0.0","0.0","0.0","0.0","0.0","0.0","0.0","0.0","0.0","0.0","0.0","0.0","0.0"
"Experimental Autoimmune Arthritis","-0.15311743","-0.006689525","-0.027291033","0.0012765183","-0.02442467","-0.0064697242","-0.01316582","-0.0007020722","-0.005387479","-7.5545504e-05","1.3969154e-05","-0.008930601","-0.0058702943","0.0009144299","-0.002191905","0.00068072375","0.004769958","-0.0026594377","0.0012356257","-0.0005457685","-0.0064956485","-0.06711237","-0.00035602483","0.0015081523","0.00028825126","0.0019035364","-0.0019369373","-0.0018442923","0.0","0.0","0.0","0.0","0.0","0.0","0.0","0.0","0.0","0.0","0.0","0.0","-0.0046900064","0.0","0.0","0.0","0.0","0.0","0.0","0.0","0.0","0.0","0.0","0.0","0.0","0.0","0.0","0.0","0.0","0.0","0.0","0.0","0.0","0.0","0.0","0.0"
"Experimental Autoimmune Encephalomyelitis","-0.15311743","-0.006689525","-0.027291033","0.0012765183","-0.02442467","-0.0064697242","-0.01316582","-0.0007020722","-0.005387479","-7.5545504e-05","1.3969154e-05","-0.008930601","-0.0058702943","0.0009144299","-0.002191905","0.00068072375","0.004769958","-0.0026594377","0.0012356257","-0.0005457685","-0.0064956485","-0.06711237","-0.00035602483","0.0015081523","0.00028825126","0.0019035364","-0.0019369373","-0.0018442923","0.0","0.0","0.0","0.0","0.0","0.0","0.0","0.0","0.0","0.0","0.0","0.0","-0.0046900064","0.0","0.0","0.0","0.0","0.0","0.0","0.0","0.0","0.0","0.0","0.0","0.0","0.0","0.0","0.0","0.0","0.0","0.0","0.0","0.0","0.0","0.0","0.0"
"Extrinsic black stain","-0.15311743","-0.006689525","-0.027291033","0.0012765183","-0.02442467","-0.0064697242","-0.01316582","-0.0007020722","-0.005387479","-7.5545504e-05","1.3969154e-05","-0.008930601","-0.0058702943","0.0009144299","-0.002191905","0.00068072375","0.004769958","-0.0026594377","0.0012356257","-0.0005457685","-0.0064956485","-0.06711237","-0.00035602483","0.0015081523","0.00028825126","0.0019035364","-0.0019369373","-0.0018442923","0.0","0.0","0.0","0.0","0.0","0.0","0.0","0.0","0.0","0.0","0.0","0.0","-0.0046900064","0.0","0.0","0.0","0.0","0.0","0.0","0.0","0.0","0.0","0.0","0.0","0.0","0.0","0.0","0.0","0.0","0.0","0.0","0.0","0.0","0.0","0.0","0.0"
"Familial Mediterranean fever","-0.15311743","-0.006689525","-0.027291033","0.0012765183","-0.02442467","-0.0064697242","-0.01316582","-0.0007020722","-0.005387479","-7.5545504e-05","1.3969154e-05","-0.008930601","-0.0058702943","0.0009144299","-0.002191905","0.00068072375","0.004769958","-0.0026594377","0.0012356257","-0.0005457685","-0.0064956485","-0.06711237","-0.00035602483","0.0015081523","0.00028825126","0.0019035364","-0.0019369373","-0.0018442923","0.0","0.0","0.0","0.0","0.0","0.0","0.0","0.0","0.0","0.0","0.0","0.0","-0.0046900064","0.0","0.0","0.0","0.0","0.0","0.0","0.0","0.0","0.0","0.0","0.0","0.0","0.0","0.0","0.0","0.0","0.0","0.0","0.0","0.0","0.0","0.0","0.0"
"Familial adenomatous polyposis","-0.15311743","-0.006689525","-0.027291033","0.0012765183","-0.02442467","-0.0064697242","-0.01316582","-0.0007020722","-0.005387479","-7.5545504e-05","1.3969154e-05","-0.008930601","-0.0058702943","0.0009144299","-0.002191905","0.00068072375","0.004769958","-0.0026594377","0.0012356257","-0.0005457685","-0.0064956485","-0.06711237","-0.00035602483","0.0015081523","0.00028825126","0.0019035364","-0.0019369373","-0.0018442923","0.0","0.0","0.0","0.0","0.0","0.0","0.0","0.0","0.0","0.0","0.0","0.0","-0.0046900064","0.0","0.0","0.0","0.0","0.0","0.0","0.0","0.0","0.0","0.0","0.0","0.0","0.0","0.0","0.0","0.0","0.0","0.0","0.0","0.0","0.0","0.0","0.0"
"Fatigue","-0.15311743","-0.006689525","-0.027291033","0.0012765183","-0.02442467","-0.0064697242","-0.01316582","-0.0007020722","-0.005387479","-7.5545504e-05","1.3969154e-05","-0.008930601","-0.0058702943","0.0009144299","-0.002191905","0.00068072375","0.004769958","-0.0026594377","0.0012356257","-0.0005457685","-0.0064956485","-0.06711237","-0.00035602483","0.0015081523","0.00028825126","0.0019035364","-0.0019369373","-0.0018442923","0.0","0.0","0.0","0.0","0.0","0.0","0.0","0.0","0.0","0.0","0.0","0.0","-0.0046900064","0.0","0.0","0.0","0.0","0.0","0.0","0.0","0.0","0.0","0.0","0.0","0.0","0.0","0.0","0.0","0.0","0.0","0.0","0.0","0.0","0.0","0.0","0.0"
"Fibromyalgia","-0.15311743","-0.006689525","-0.027291033","0.0012765183","-0.02442467","-0.0064697242","-0.01316582","-0.0007020722","-0.005387479","-7.5545504e-05","1.3969154e-05","-0.008930601","-0.0058702943","0.0009144299","-0.002191905","0.00068072375","0.004769958","-0.0026594377","0.0012356257","-0.0005457685","-0.0064956485","-0.06711237","-0.00035602483","0.0015081523","0.00028825126","0.0019035364","-0.0019369373","-0.0018442923","0.0","0.0","0.0","0.0","0.0","0.0","0.0","0.0","0.0","0.0","0.0","0.0","-0.0046900064","0.0","0.0","0.0","0.0","0.0","0.0","0.0","0.0","0.0","0.0","0.0","0.0","0.0","0.0","0.0","0.0","0.0","0.0","0.0","0.0","0.0","0.0","0.0"
"Folliculitis decalvans","-0.15311743","-0.006689525","-0.027291033","0.0012765183","-0.02442467","-0.0064697242","-0.01316582","-0.0007020722","-0.005387479","-7.5545504e-05","1.3969154e-05","-0.008930601","-0.0058702943","0.0009144299","-0.002191905","0.00068072375","0.004769958","-0.0026594377","0.0012356257","-0.0005457685","-0.0064956485","-0.06711237","-0.00035602483","0.0015081523","0.00028825126","0.0019035364","-0.0019369373","-0.0018442923","0.0","0.0","0.0","0.0","0.0","0.0","0.0","0.0","0.0","0.0","0.0","0.0","-0.0046900064","0.0","0.0","0.0","0.0","0.0","0.0","0.0","0.0","0.0","0.0","0.0","0.0","0.0","0.0","0.0","0.0","0.0","0.0","0.0","0.0","0.0","0.0","0.0"
"Frailty","-0.15311743","-0.006689525","-0.027291033","0.0012765183","-0.02442467","-0.0064697242","-0.01316582","-0.0007020722","-0.005387479","-7.5545504e-05","1.3969154e-05","-0.008930601","-0.0058702943","0.0009144299","-0.002191905","0.00068072375","0.004769958","-0.0026594377","0.0012356257","-0.0005457685","-0.0064956485","-0.06711237","-0.00035602483","0.0015081523","0.00028825126","0.0019035364","-0.0019369373","-0.0018442923","0.0","0.0","0.0","0.0","0.0","0.0","0.0","0.0","0.0","0.0","0.0","0.0","-0.0046900064","0.0","0.0","0.0","0.0","0.0","0.0","0.0","0.0","0.0","0.0","0.0","0.0","0.0","0.0","0.0","0.0","0.0","0.0","0.0","0.0","0.0","0.0","0.0"
"Functional dyspepsia","-0.15311743","-0.006689525","-0.027291033","0.0012765183","-0.02442467","-0.0064697242","-0.01316582","-0.0007020722","-0.005387479","-7.5545504e-05","1.3969154e-05","-0.008930601","-0.0058702943","0.0009144299","-0.002191905","0.00068072375","0.004769958","-0.0026594377","0.0012356257","-0.0005457685","-0.0064956485","-0.06711237","-0.00035602483","0.0015081523","0.00028825126","0.0019035364","-0.0019369373","-0.0018442923","0.0","0.0","0.0","0.0","0.0","0.0","0.0","0.0","0.0","0.0","0.0","0.0","-0.0046900064","0.0","0.0","0.0","0.0","0.0","0.0","0.0","0.0","0.0","0.0","0.0","0.0","0.0","0.0","0.0","0.0","0.0","0.0","0.0","0.0","0.0","0.0","0.0"
"GIT neoplasms","-0.15311743","-0.006689525","-0.027291033","0.0012765183","-0.02442467","-0.0064697242","-0.01316582","-0.0007020722","-0.005387479","-7.5545504e-05","1.3969154e-05","-0.008930601","-0.0058702943","0.0009144299","-0.002191905","0.00068072375","0.004769958","-0.0026594377","0.0012356257","-0.0005457685","-0.0064956485","-0.06711237","-0.00035602483","0.0015081523","0.00028825126","0.0019035364","-0.0019369373","-0.0018442923","0.0","0.0","0.0","0.0","0.0","0.0","0.0","0.0","0.0","0.0","0.0","0.0","-0.0046900064","0.0","0.0","0.0","0.0","0.0","0.0","0.0","0.0","0.0","0.0","0.0","0.0","0.0","0.0","0.0","0.0","0.0","0.0","0.0","0.0","0.0","0.0","0.0"
"Gallbladder cancer","-0.15311743","-0.006689525","-0.027291033","0.0012765183","-0.02442467","-0.0064697242","-0.01316582","-0.0007020722","-0.005387479","-7.5545504e-05","1.3969154e-05","-0.008930601","-0.0058702943","0.0009144299","-0.002191905","0.00068072375","0.004769958","-0.0026594377","0.0012356257","-0.0005457685","-0.0064956485","-0.06711237","-0.00035602483","0.0015081523","0.00028825126","0.0019035364","-0.0019369373","-0.0018442923","0.0","0.0","0.0","0.0","0.0","0.0","0.0","0.0","0.0","0.0","0.0","0.0","-0.0046900064","0.0","0.0","0.0","0.0","0.0","0.0","0.0","0.0","0.0","0.0","0.0","0.0","0.0","0.0","0.0","0.0","0.0","0.0","0.0","0.0","0.0","0.0","0.0"
"Gastric and duodenal ulcer","-0.15311743","-0.006689525","-0.027291033","0.0012765183","-0.02442467","-0.0064697242","-0.01316582","-0.0007020722","-0.005387479","-7.5545504e-05","1.3969154e-05","-0.008930601","-0.0058702943","0.0009144299","-0.002191905","0.00068072375","0.004769958","-0.0026594377","0.0012356257","-0.0005457685","-0.0064956485","-0.06711237","-0.00035602483","0.0015081523","0.00028825126","0.0019035364","-0.0019369373","-0.0018442923","0.0","0.0","0.0","0.0","0.0","0.0","0.0","0.0","0.0","0.0","0.0","0.0","-0.0046900064","0.0","0.0","0.0","0.0","0.0","0.0","0.0","0.0","0.0","0.0","0.0","0.0","0.0","0.0","0.0","0.0","0.0","0.0","0.0","0.0","0.0","0.0","0.0"
"Gastric cancer","-0.15311743","-0.006689525","-0.027291033","0.0012765183","-0.02442467","-0.0064697242","-0.01316582","-0.0007020722","-0.005387479","-7.5545504e-05","1.3969154e-05","-0.008930601","-0.0058702943","0.0009144299","-0.002191905","0.00068072375","0.004769958","-0.0026594377","0.0012356257","-0.0005457685","-0.0064956485","-0.06711237","-0.00035602483","0.0015081523","0.00028825126","0.0019035364","-0.0019369373","-0.0018442923","0.0","0.0","0.0","0.0","0.0","0.0","0.0","0.0","0.0","0.0","0.0","0.0","-0.0046900064","0.0","0.0","0.0","0.0","0.0","0.0","0.0","0.0","0.0","0.0","0.0","0.0","0.0","0.0","0.0","0.0","0.0","0.0","0.0","0.0","0.0","0.0","0.0"
"Gastric carcinoma","-0.15311743","-0.006689525","-0.027291033","0.0012765183","-0.02442467","-0.0064697242","-0.01316582","-0.0007020722","-0.005387479","-7.5545504e-05","1.3969154e-05","-0.008930601","-0.0058702943","0.0009144299","-0.002191905","0.00068072375","0.004769958","-0.0026594377","0.0012356257","-0.0005457685","-0.0064956485","-0.06711237","-0.00035602483","0.0015081523","0.00028825126","0.0019035364","-0.0019369373","-0.0018442923","0.0","0.0","0.0","0.0","0.0","0.0","0.0","0.0","0.0","0.0","0.0","0.0","-0.0046900064","0.0","0.0","0.0","0.0","0.0","0.0","0.0","0.0","0.0","0.0","0.0","0.0","0.0","0.0","0.0","0.0","0.0","0.0","0.0","0.0","0.0","0.0","0.0"
"Gastro-oesophageal reflux","-0.15311743","-0.006689525","-0.027291033","0.0012765183","-0.02442467","-0.0064697242","-0.01316582","-0.0007020722","-0.005387479","-7.5545504e-05","1.3969154e-05","-0.008930601","-0.0058702943","0.0009144299","-0.002191905","0.00068072375","0.004769958","-0.0026594377","0.0012356257","-0.0005457685","-0.0064956485","-0.06711237","-0.00035602483","0.0015081523","0.00028825126","0.0019035364","-0.0019369373","-0.0018442923","0.0","0.0","0.0","0.0","0.0","0.0","0.0","0.0","0.0","0.0","0.0","0.0","-0.0046900064","0.0","0.0","0.0","0.0","0.0","0.0","0.0","0.0","0.0","0.0","0.0","0.0","0.0","0.0","0.0","0.0","0.0","0.0","0.0","0.0","0.0","0.0","0.0"
"Gastroenteritis","7.4677563","1.6546057","-0.33991987","-1.7591275","-1.7078245","2.7579632","-0.096949056","-2.2007303","1.0932809","8.175782","2.746046","-6.743685","-12.902244","-0.12080417","-6.44529","12.484436","-9.254072","-8.908267","-8.47919","3.2236667","-7.771423","8.35293","-12.466008","-6.1283875","3.5359092","-8.788875","-5.7233553","-1.6699783","0.0","0.0","0.0","0.0","0.0","0.0","0.0","0.0","0.0","0.0","0.0","0.0","-2.9897444","0.0","0.0","0.0","0.0","0.0","0.0","0.0","0.0","0.0","0.0","0.0","0.0","0.0","0.0","0.0","0.0","0.0","0.0","0.0","0.0","0.0","0.0","0.0"
"Gastrointestinal follicular lymphoma","-0.15311743","-0.006689525","-0.027291033","0.0012765183","-0.02442467","-0.0064697242","-0.01316582","-0.0007020722","-0.005387479","-7.5545504e-05","1.3969154e-05","-0.008930601","-0.0058702943","0.0009144299","-0.002191905","0.00068072375","0.004769958","-0.0026594377","0.0012356257","-0.0005457685","-0.0064956485","-0.06711237","-0.00035602483","0.0015081523","0.00028825126","0.0019035364","-0.0019369373","-0.0018442923","0.0","0.0","0.0","0.0","0.0","0.0","0.0","0.0","0.0","0.0","0.0","0.0","-0.0046900064","0.0","0.0","0.0","0.0","0.0","0.0","0.0","0.0","0.0","0.0","0.0","0.0","0.0","0.0","0.0","0.0","0.0","0.0","0.0","0.0","0.0","0.0","0.0"
"Generalized anxiety disorder","-0.15311743","-0.006689525","-0.027291033","0.0012765183","-0.02442467","-0.0064697242","-0.01316582","-0.0007020722","-0.005387479","-7.5545504e-05","1.3969154e-05","-0.008930601","-0.0058702943","0.0009144299","-0.002191905","0.00068072375","0.004769958","-0.0026594377","0.0012356257","-0.0005457685","-0.0064956485","-0.06711237","-0.00035602483","0.0015081523","0.00028825126","0.0019035364","-0.0019369373","-0.0018442923","0.0","0.0","0.0","0.0","0.0","0.0","0.0","0.0","0.0","0.0","0.0","0.0","-0.0046900064","0.0","0.0","0.0","0.0","0.0","0.0","0.0","0.0","0.0","0.0","0.0","0.0","0.0","0.0","0.0","0.0","0.0","0.0","0.0","0.0","0.0","0.0","0.0"
"Genitourinary lichen sclerosus","-0.15311743","-0.006689525","-0.027291033","0.0012765183","-0.02442467","-0.0064697242","-0.01316582","-0.0007020722","-0.005387479","-7.5545504e-05","1.3969154e-05","-0.008930601","-0.0058702943","0.0009144299","-0.002191905","0.00068072375","0.004769958","-0.0026594377","0.0012356257","-0.0005457685","-0.0064956485","-0.06711237","-0.00035602483","0.0015081523","0.00028825126","0.0019035364","-0.0019369373","-0.0018442923","0.0","0.0","0.0","0.0","0.0","0.0","0.0","0.0","0.0","0.0","0.0","0.0","-0.0046900064","0.0","0.0","0.0","0.0","0.0","0.0","0.0","0.0","0.0","0.0","0.0","0.0","0.0","0.0","0.0","0.0","0.0","0.0","0.0","0.0","0.0","0.0","0.0"
"Gestational diabetes","-0.15311743","-0.006689525","-0.027291033","0.0012765183","-0.02442467","-0.0064697242","-0.01316582","-0.0007020722","-0.005387479","-7.5545504e-05","1.3969154e-05","-0.008930601","-0.0058702943","0.0009144299","-0.002191905","0.00068072375","0.004769958","-0.0026594377","0.0012356257","-0.0005457685","-0.0064956485","-0.06711237","-0.00035602483","0.0015081523","0.00028825126","0.0019035364","-0.0019369373","-0.0018442923","0.0","0.0","0.0","0.0","0.0","0.0","0.0","0.0","0.0","0.0","0.0","0.0","-0.0046900064","0.0","0.0","0.0","0.0","0.0","0.0","0.0","0.0","0.0","0.0","0.0","0.0","0.0","0.0","0.0","0.0","0.0","0.0","0.0","0.0","0.0","0.0","0.0"
"Gestational diabetes + hyperlipidemia","-0.15311743","-0.006689525","-0.027291033","0.0012765183","-0.02442467","-0.0064697242","-0.01316582","-0.0007020722","-0.005387479","-7.5545504e-05","1.3969154e-05","-0.008930601","-0.0058702943","0.0009144299","-0.002191905","0.00068072375","0.004769958","-0.0026594377","0.0012356257","-0.0005457685","-0.0064956485","-0.06711237","-0.00035602483","0.0015081523","0.00028825126","0.0019035364","-0.0019369373","-0.0018442923","0.0","0.0","0.0","0.0","0.0","0.0","0.0","0.0","0.0","0.0","0.0","0.0","-0.0046900064","0.0","0.0","0.0","0.0","0.0","0.0","0.0","0.0","0.0","0.0","0.0","0.0","0.0","0.0","0.0","0.0","0.0","0.0","0.0","0.0","0.0","0.0","0.0"
"Giardia intestinalis infection","-0.15311743","-0.006689525","-0.027291033","0.0012765183","-0.02442467","-0.0064697242","-0.01316582","-0.0007020722","-0.005387479","-7.5545504e-05","1.3969154e-05","-0.008930601","-0.0058702943","0.0009144299","-0.002191905","0.00068072375","0.004769958","-0.0026594377","0.0012356257","-0.0005457685","-0.0064956485","-0.06711237","-0.00035602483","0.0015081523","0.00028825126","0.0019035364","-0.0019369373","-0.0018442923","0.0","0.0","0.0","0.0","0.0","0.0","0.0","0.0","0.0","0.0","0.0","0.0","-0.0046900064","0.0","0.0","0.0","0.0","0.0","0.0","0.0","0.0","0.0","0.0","0.0","0.0","0.0","0.0","0.0","0.0","0.0","0.0","0.0","0.0","0.0","0.0","0.0"
"Gingivitis","-0.15311743","-0.006689525","-0.027291033","0.0012765183","-0.02442467","-0.0064697242","-0.01316582","-0.0007020722","-0.005387479","-7.5545504e-05","1.3969154e-05","-0.008930601","-0.0058702943","0.0009144299","-0.002191905","0.00068072375","0.004769958","-0.0026594377","0.0012356257","-0.0005457685","-0.0064956485","-0.06711237","-0.00035602483","0.0015081523","0.00028825126","0.0019035364","-0.0019369373","-0.0018442923","0.0","0.0","0.0","0.0","0.0","0.0","0.0","0.0","0.0","0.0","0.0","0.0","-0.0046900064","0.0","0.0","0.0","0.0","0.0","0.0","0.0","0.0","0.0","0.0","0.0","0.0","0.0","0.0","0.0","0.0","0.0","0.0","0.0","0.0","0.0","0.0","0.0"
"Glycogen storage disease","-0.15311743","-0.006689525","-0.027291033","0.0012765183","-0.02442467","-0.0064697242","-0.01316582","-0.0007020722","-0.005387479","-7.5545504e-05","1.3969154e-05","-0.008930601","-0.0058702943","0.0009144299","-0.002191905","0.00068072375","0.004769958","-0.0026594377","0.0012356257","-0.0005457685","-0.0064956485","-0.06711237","-0.00035602483","0.0015081523","0.00028825126","0.0019035364","-0.0019369373","-0.0018442923","0.0","0.0","0.0","0.0","0.0","0.0","0.0","0.0","0.0","0.0","0.0","0.0","-0.0046900064","0.0","0.0","0.0","0.0","0.0","0.0","0.0","0.0","0.0","0.0","0.0","0.0","0.0","0.0","0.0","0.0","0.0","0.0","0.0","0.0","0.0","0.0","0.0"
"Graft-versus-host-disease","-0.15311743","-0.006689525","-0.027291033","0.0012765183","-0.02442467","-0.0064697242","-0.01316582","-0.0007020722","-0.005387479","-7.5545504e-05","1.3969154e-05","-0.008930601","-0.0058702943","0.0009144299","-0.002191905","0.00068072375","0.004769958","-0.0026594377","0.0012356257","-0.0005457685","-0.0064956485","-0.06711237","-0.00035602483","0.0015081523","0.00028825126","0.0019035364","-0.0019369373","-0.0018442923","0.0","0.0","0.0","0.0","0.0","0.0","0.0","0.0","0.0","0.0","0.0","0.0","-0.0046900064","0.0","0.0","0.0","0.0","0.0","0.0","0.0","0.0","0.0","0.0","0.0","0.0","0.0","0.0","0.0","0.0","0.0","0.0","0.0","0.0","0.0","0.0","0.0"
"Granulomatosis with polyangiitis","-0.15311743","-0.006689525","-0.027291033","0.0012765183","-0.02442467","-0.0064697242","-0.01316582","-0.0007020722","-0.005387479","-7.5545504e-05","1.3969154e-05","-0.008930601","-0.0058702943","0.0009144299","-0.002191905","0.00068072375","0.004769958","-0.0026594377","0.0012356257","-0.0005457685","-0.0064956485","-0.06711237","-0.00035602483","0.0015081523","0.00028825126","0.0019035364","-0.0019369373","-0.0018442923","0.0","0.0","0.0","0.0","0.0","0.0","0.0","0.0","0.0","0.0","0.0","0.0","-0.0046900064","0.0","0.0","0.0","0.0","0.0","0.0","0.0","0.0","0.0","0.0","0.0","0.0","0.0","0.0","0.0","0.0","0.0","0.0","0.0","0.0","0.0","0.0","0.0"
"Granulomatous mastitis","-0.15311743","-0.006689525","-0.027291033","0.0012765183","-0.02442467","-0.0064697242","-0.01316582","-0.0007020722","-0.005387479","-7.5545504e-05","1.3969154e-05","-0.008930601","-0.0058702943","0.0009144299","-0.002191905","0.00068072375","0.004769958","-0.0026594377","0.0012356257","-0.0005457685","-0.0064956485","-0.06711237","-0.00035602483","0.0015081523","0.00028825126","0.0019035364","-0.0019369373","-0.0018442923","0.0","0.0","0.0","0.0","0.0","0.0","0.0","0.0","0.0","0.0","0.0","0.0","-0.0046900064","0.0","0.0","0.0","0.0","0.0","0.0","0.0","0.0","0.0","0.0","0.0","0.0","0.0","0.0","0.0","0.0","0.0","0.0","0.0","0.0","0.0","0.0","0.0"
"Graves' disease","-0.15311743","-0.006689525","-0.027291033","0.0012765183","-0.02442467","-0.0064697242","-0.01316582","-0.0007020722","-0.005387479","-7.5545504e-05","1.3969154e-05","-0.008930601","-0.0058702943","0.0009144299","-0.002191905","0.00068072375","0.004769958","-0.0026594377","0.0012356257","-0.0005457685","-0.0064956485","-0.06711237","-0.00035602483","0.0015081523","0.00028825126","0.0019035364","-0.0019369373","-0.0018442923","0.0","0.0","0.0","0.0","0.0","0.0","0.0","0.0","0.0","0.0","0.0","0.0","-0.0046900064","0.0","0.0","0.0","0.0","0.0","0.0","0.0","0.0","0.0","0.0","0.0","0.0","0.0","0.0","0.0","0.0","0.0","0.0","0.0","0.0","0.0","0.0","0.0"
"Graves' orbitopathy","-0.15311743","-0.006689525","-0.027291033","0.0012765183","-0.02442467","-0.0064697242","-0.01316582","-0.0007020722","-0.005387479","-7.5545504e-05","1.3969154e-05","-0.008930601","-0.0058702943","0.0009144299","-0.002191905","0.00068072375","0.004769958","-0.0026594377","0.0012356257","-0.0005457685","-0.0064956485","-0.06711237","-0.00035602483","0.0015081523","0.00028825126","0.0019035364","-0.0019369373","-0.0018442923","0.0","0.0","0.0","0.0","0.0","0.0","0.0","0.0","0.0","0.0","0.0","0.0","-0.0046900064","0.0","0.0","0.0","0.0","0.0","0.0","0.0","0.0","0.0","0.0","0.0","0.0","0.0","0.0","0.0","0.0","0.0","0.0","0.0","0.0","0.0","0.0","0.0"
"Guillain-Barre syndrome","-0.15311743","-0.006689525","-0.027291033","0.0012765183","-0.02442467","-0.0064697242","-0.01316582","-0.0007020722","-0.005387479","-7.5545504e-05","1.3969154e-05","-0.008930601","-0.0058702943","0.0009144299","-0.002191905","0.00068072375","0.004769958","-0.0026594377","0.0012356257","-0.0005457685","-0.0064956485","-0.06711237","-0.00035602483","0.0015081523","0.00028825126","0.0019035364","-0.0019369373","-0.0018442923","0.0","0.0","0.0","0.0","0.0","0.0","0.0","0.0","0.0","0.0","0.0","0.0","-0.0046900064","0.0","0.0","0.0","0.0","0.0","0.0","0.0","0.0","0.0","0.0","0.0","0.0","0.0","0.0","0.0","0.0","0.0","0.0","0.0","0.0","0.0","0.0","0.0"
"Guttate psoriasis","-0.15311743","-0.006689525","-0.027291033","0.0012765183","-0.02442467","-0.0064697242","-0.01316582","-0.0007020722","-0.005387479","-7.5545504e-05","1.3969154e-05","-0.008930601","-0.0058702943","0.0009144299","-0.002191905","0.00068072375","0.004769958","-0.0026594377","0.0012356257","-0.0005457685","-0.0064956485","-0.06711237","-0.00035602483","0.0015081523","0.00028825126","0.0019035364","-0.0019369373","-0.0018442923","0.0","0.0","0.0","0.0","0.0","0.0","0.0","0.0","0.0","0.0","0.0","0.0","-0.0046900064","0.0","0.0","0.0","0.0","0.0","0.0","0.0","0.0","0.0","0.0","0.0","0.0","0.0","0.0","0.0","0.0","0.0","0.0","0.0","0.0","0.0","0.0","0.0"
"H1N1 Influenza","-0.15311743","-0.006689525","-0.027291033","0.0012765183","-0.02442467","-0.0064697242","-0.01316582","-0.0007020722","-0.005387479","-7.5545504e-05","1.3969154e-05","-0.008930601","-0.0058702943","0.0009144299","-0.002191905","0.00068072375","0.004769958","-0.0026594377","0.0012356257","-0.0005457685","-0.0064956485","-0.06711237","-0.00035602483","0.0015081523","0.00028825126","0.0019035364","-0.0019369373","-0.0018442923","0.0","0.0","0.0","0.0","0.0","0.0","0.0","0.0","0.0","0.0","0.0","0.0","-0.0046900064","0.0","0.0","0.0","0.0","0.0","0.0","0.0","0.0","0.0","0.0","0.0","0.0","0.0","0.0","0.0","0.0","0.0","0.0","0.0","0.0","0.0","0.0","0.0"
"H7N9","-0.15311743","-0.006689525","-0.027291033","0.0012765183","-0.02442467","-0.0064697242","-0.01316582","-0.0007020722","-0.005387479","-7.5545504e-05","1.3969154e-05","-0.008930601","-0.0058702943","0.0009144299","-0.002191905","0.00068072375","0.004769958","-0.0026594377","0.0012356257","-0.0005457685","-0.0064956485","-0.06711237","-0.00035602483","0.0015081523","0.00028825126","0.0019035364","-0.0019369373","-0.0018442923","0.0","0.0","0.0","0.0","0.0","0.0","0.0","0.0","0.0","0.0","0.0","0.0","-0.0046900064","0.0","0.0","0.0","0.0","0.0","0.0","0.0","0.0","0.0","0.0","0.0","0.0","0.0","0.0","0.0","0.0","0.0","0.0","0.0","0.0","0.0","0.0","0.0"
"HBV cirrhosis","-0.15311743","-0.006689525","-0.027291033","0.0012765183","-0.02442467","-0.0064697242","-0.01316582","-0.0007020722","-0.005387479","-7.5545504e-05","1.3969154e-05","-0.008930601","-0.0058702943","0.0009144299","-0.002191905","0.00068072375","0.004769958","-0.0026594377","0.0012356257","-0.0005457685","-0.0064956485","-0.06711237","-0.00035602483","0.0015081523","0.00028825126","0.0019035364","-0.0019369373","-0.0018442923","0.0","0.0","0.0","0.0","0.0","0.0","0.0","0.0","0.0","0.0","0.0","0.0","-0.0046900064","0.0","0.0","0.0","0.0","0.0","0.0","0.0","0.0","0.0","0.0","0.0","0.0","0.0","0.0","0.0","0.0","0.0","0.0","0.0","0.0","0.0","0.0","0.0"
"HIV infection","-0.15311743","-0.006689525","-0.027291033","0.0012765183","-0.02442467","-0.0064697242","-0.01316582","-0.0007020722","-0.005387479","-7.5545504e-05","1.3969154e-05","-0.008930601","-0.0058702943","0.0009144299","-0.002191905","0.00068072375","0.004769958","-0.0026594377","0.0012356257","-0.0005457685","-0.0064956485","-0.06711237","-0.00035602483","0.0015081523","0.00028825126","0.0019035364","-0.0019369373","-0.0018442923","0.0","0.0","0.0","0.0","0.0","0.0","0.0","0.0","0.0","0.0","0.0","0.0","-0.0046900064","0.0","0.0","0.0","0.0","0.0","0.0","0.0","0.0","0.0","0.0","0.0","0.0","0.0","0.0","0.0","0.0","0.0","0.0","0.0","0.0","0.0","0.0","0.0"
"HIV-infected pneumonia","-0.15311743","-0.006689525","-0.027291033","0.0012765183","-0.02442467","-0.0064697242","-0.01316582","-0.0007020722","-0.005387479","-7.5545504e-05","1.3969154e-05","-0.008930601","-0.0058702943","0.0009144299","-0.002191905","0.00068072375","0.004769958","-0.0026594377","0.0012356257","-0.0005457685","-0.0064956485","-0.06711237","-0.00035602483","0.0015081523","0.00028825126","0.0019035364","-0.0019369373","-0.0018442923","0.0","0.0","0.0","0.0","0.0","0.0","0.0","0.0","0.0","0.0","0.0","0.0","-0.0046900064","0.0","0.0","0.0","0.0","0.0","0.0","0.0","0.0","0.0","0.0","0.0","0.0","0.0","0.0","0.0","0.0","0.0","0.0","0.0","0.0","0.0","0.0","0.0"
"Halitosis","-0.15311743","-0.006689525","-0.027291033","0.0012765183","-0.02442467","-0.0064697242","-0.01316582","-0.0007020722","-0.005387479","-7.5545504e-05","1.3969154e-05","-0.008930601","-0.0058702943","0.0009144299","-0.002191905","0.00068072375","0.004769958","-0.0026594377","0.0012356257","-0.0005457685","-0.0064956485","-0.06711237","-0.00035602483","0.0015081523","0.00028825126","0.0019035364","-0.0019369373","-0.0018442923","0.0","0.0","0.0","0.0","0.0","0.0","0.0","0.0","0.0","0.0","0.0","0.0","-0.0046900064","0.0","0.0","0.0","0.0","0.0","0.0","0.0","0.0","0.0","0.0","0.0","0.0","0.0","0.0","0.0","0.0","0.0","0.0","0.0","0.0","0.0","0.0","0.0"
"Hand, foot and mouth disease","-0.15311743","-0.006689525","-0.027291033","0.0012765183","-0.02442467","-0.0064697242","-0.01316582","-0.0007020722","-0.005387479","-7.5545504e-05","1.3969154e-05","-0.008930601","-0.0058702943","0.0009144299","-0.002191905","0.00068072375","0.004769958","-0.0026594377","0.0012356257","-0.0005457685","-0.0064956485","-0.06711237","-0.00035602483","0.0015081523","0.00028825126","0.0019035364","-0.0019369373","-0.0018442923","0.0","0.0","0.0","0.0","0.0","0.0","0.0","0.0","0.0","0.0","0.0","0.0","-0.0046900064","0.0","0.0","0.0","0.0","0.0","0.0","0.0","0.0","0.0","0.0","0.0","0.0","0.0","0.0","0.0","0.0","0.0","0.0","0.0","0.0","0.0","0.0","0.0"
"Hashimoto thyroiditis","-0.15311743","-0.006689525","-0.027291033","0.0012765183","-0.02442467","-0.0064697242","-0.01316582","-0.0007020722","-0.005387479","-7.5545504e-05","1.3969154e-05","-0.008930601","-0.0058702943","0.0009144299","-0.002191905","0.00068072375","0.004769958","-0.0026594377","0.0012356257","-0.0005457685","-0.0064956485","-0.06711237","-0.00035602483","0.0015081523","0.00028825126","0.0019035364","-0.0019369373","-0.0018442923","0.0","0.0","0.0","0.0","0.0","0.0","0.0","0.0","0.0","0.0","0.0","0.0","-0.0046900064","0.0","0.0","0.0","0.0","0.0","0.0","0.0","0.0","0.0","0.0","0.0","0.0","0.0","0.0","0.0","0.0","0.0","0.0","0.0","0.0","0.0","0.0","0.0"
"Hashimoto's thyroiditis","-0.15311743","-0.006689525","-0.027291033","0.0012765183","-0.02442467","-0.0064697242","-0.01316582","-0.0007020722","-0.005387479","-7.5545504e-05","1.3969154e-05","-0.008930601","-0.0058702943","0.0009144299","-0.002191905","0.00068072375","0.004769958","-0.0026594377","0.0012356257","-0.0005457685","-0.0064956485","-0.06711237","-0.00035602483","0.0015081523","0.00028825126","0.0019035364","-0.0019369373","-0.0018442923","0.0","0.0","0.0","0.0","0.0","0.0","0.0","0.0","0.0","0.0","0.0","0.0","-0.0046900064","0.0","0.0","0.0","0.0","0.0","0.0","0.0","0.0","0.0","0.0","0.0","0.0","0.0","0.0","0.0","0.0","0.0","0.0","0.0","0.0","0.0","0.0","0.0"
"Head and Neck Squamous Cell Cancer","-0.15311743","-0.006689525","-0.027291033","0.0012765183","-0.02442467","-0.0064697242","-0.01316582","-0.0007020722","-0.005387479","-7.5545504e-05","1.3969154e-05","-0.008930601","-0.0058702943","0.0009144299","-0.002191905","0.00068072375","0.004769958","-0.0026594377","0.0012356257","-0.0005457685","-0.0064956485","-0.06711237","-0.00035602483","0.0015081523","0.00028825126","0.0019035364","-0.0019369373","-0.0018442923","0.0","0.0","0.0","0.0","0.0","0.0","0.0","0.0","0.0","0.0","0.0","0.0","-0.0046900064","0.0","0.0","0.0","0.0","0.0","0.0","0.0","0.0","0.0","0.0","0.0","0.0","0.0","0.0","0.0","0.0","0.0","0.0","0.0","0.0","0.0","0.0","0.0"
"Head/Neck cancer","-0.15311743","-0.006689525","-0.027291033","0.0012765183","-0.02442467","-0.0064697242","-0.01316582","-0.0007020722","-0.005387479","-7.5545504e-05","1.3969154e-05","-0.008930601","-0.0058702943","0.0009144299","-0.002191905","0.00068072375","0.004769958","-0.0026594377","0.0012356257","-0.0005457685","-0.0064956485","-0.06711237","-0.00035602483","0.0015081523","0.00028825126","0.0019035364","-0.0019369373","-0.0018442923","0.0","0.0","0.0","0.0","0.0","0.0","0.0","0.0","0.0","0.0","0.0","0.0","-0.0046900064","0.0","0.0","0.0","0.0","0.0","0.0","0.0","0.0","0.0","0.0","0.0","0.0","0.0","0.0","0.0","0.0","0.0","0.0","0.0","0.0","0.0","0.0","0.0"
"Heart failure","-0.15311743","-0.006689525","-0.027291033","0.0012765183","-0.02442467","-0.0064697242","-0.01316582","-0.0007020722","-0.005387479","-7.5545504e-05","1.3969154e-05","-0.008930601","-0.0058702943","0.0009144299","-0.002191905","0.00068072375","0.004769958","-0.0026594377","0.0012356257","-0.0005457685","-0.0064956485","-0.06711237","-0.00035602483","0.0015081523","0.00028825126","0.0019035364","-0.0019369373","-0.0018442923","0.0","0.0","0.0","0.0","0.0","0.0","0.0","0.0","0.0","0.0","0.0","0.0","-0.0046900064","0.0","0.0","0.0","0.0","0.0","0.0","0.0","0.0","0.0","0.0","0.0","0.0","0.0","0.0","0.0","0.0","0.0","0.0","0.0","0.0","0.0","0.0","0.0"
"Helicobacter pylori infection","-0.15311743","-0.006689525","-0.027291033","0.0012765183","-0.02442467","-0.0064697242","-0.01316582","-0.0007020722","-0.005387479","-7.5545504e-05","1.3969154e-05","-0.008930601","-0.0058702943","0.0009144299","-0.002191905","0.00068072375","0.004769958","-0.0026594377","0.0012356257","-0.0005457685","-0.0064956485","-0.06711237","-0.00035602483","0.0015081523","0.00028825126","0.0019035364","-0.0019369373","-0.0018442923","0.0","0.0","0.0","0.0","0.0","0.0","0.0","0.0","0.0","0.0","0.0","0.0","-0.0046900064","0.0","0.0","0.0","0.0","0.0","0.0","0.0","0.0","0.0","0.0","0.0","0.0","0.0","0.0","0.0","0.0","0.0","0.0","0.0","0.0","0.0","0.0","0.0"
"Henoch-Schönlein Purpura","-0.15311743","-0.006689525","-0.027291033","0.0012765183","-0.02442467","-0.0064697242","-0.01316582","-0.0007020722","-0.005387479","-7.5545504e-05","1.3969154e-05","-0.008930601","-0.0058702943","0.0009144299","-0.002191905","0.00068072375","0.004769958","-0.0026594377","0.0012356257","-0.0005457685","-0.0064956485","-0.06711237","-0.00035602483","0.0015081523","0.00028825126","0.0019035364","-0.0019369373","-0.0018442923","0.0","0.0","0.0","0.0","0.0","0.0","0.0","0.0","0.0","0.0","0.0","0.0","-0.0046900064","0.0","0.0","0.0","0.0","0.0","0.0","0.0","0.0","0.0","0.0","0.0","0.0","0.0","0.0","0.0","0.0","0.0","0.0","0.0","0.0","0.0","0.0","0.0"
"Hepatic encephalopathy","-0.15311743","-0.006689525","-0.027291033","0.0012765183","-0.02442467","-0.0064697242","-0.01316582","-0.0007020722","-0.005387479","-7.5545504e-05","1.3969154e-05","-0.008930601","-0.0058702943","0.0009144299","-0.002191905","0.00068072375","0.004769958","-0.0026594377","0.0012356257","-0.0005457685","-0.0064956485","-0.06711237","-0.00035602483","0.0015081523","0.00028825126","0.0019035364","-0.0019369373","-0.0018442923","0.0","0.0","0.0","0.0","0.0","0.0","0.0","0.0","0.0","0.0","0.0","0.0","-0.0046900064","0.0","0.0","0.0","0.0","0.0","0.0","0.0","0.0","0.0","0.0","0.0","0.0","0.0","0.0","0.0","0.0","0.0","0.0","0.0","0.0","0.0","0.0","0.0"
"Hepatitis B","-0.15311743","-0.006689525","-0.027291033","0.0012765183","-0.02442467","-0.0064697242","-0.01316582","-0.0007020722","-0.005387479","-7.5545504e-05","1.3969154e-05","-0.008930601","-0.0058702943","0.0009144299","-0.002191905","0.00068072375","0.004769958","-0.0026594377","0.0012356257","-0.0005457685","-0.0064956485","-0.06711237","-0.00035602483","0.0015081523","0.00028825126","0.0019035364","-0.0019369373","-0.0018442923","0.0","0.0","0.0","0.0","0.0","0.0","0.0","0.0","0.0","0.0","0.0","0.0","-0.0046900064","0.0","0.0","0.0","0.0","0.0","0.0","0.0","0.0","0.0","0.0","0.0","0.0","0.0","0.0","0.0","0.0","0.0","0.0","0.0","0.0","0.0","0.0","0.0"
"Hepatitis B associated liver failure","-0.15311743","-0.006689525","-0.027291033","0.0012765183","-0.02442467","-0.0064697242","-0.01316582","-0.0007020722","-0.005387479","-7.5545504e-05","1.3969154e-05","-0.008930601","-0.0058702943","0.0009144299","-0.002191905","0.00068072375","0.004769958","-0.0026594377","0.0012356257","-0.0005457685","-0.0064956485","-0.06711237","-0.00035602483","0.0015081523","0.00028825126","0.0019035364","-0.0019369373","-0.0018442923","0.0","0.0","0.0","0.0","0.0","0.0","0.0","0.0","0.0","0.0","0.0","0.0","-0.0046900064","0.0","0.0","0.0","0.0","0.0","0.0","0.0","0.0","0.0","0.0","0.0","0.0","0.0","0.0","0.0","0.0","0.0","0.0","0.0","0.0","0.0","0.0","0.0"
"Hepatitis C","-0.15311743","-0.006689525","-0.027291033","0.0012765183","-0.02442467","-0.0064697242","-0.01316582","-0.0007020722","-0.005387479","-7.5545504e-05","1.3969154e-05","-0.008930601","-0.0058702943","0.0009144299","-0.002191905","0.00068072375","0.004769958","-0.0026594377","0.0012356257","-0.0005457685","-0.0064956485","-0.06711237","-0.00035602483","0.0015081523","0.00028825126","0.0019035364","-0.0019369373","-0.0018442923","0.0","0.0","0.0","0.0","0.0","0.0","0.0","0.0","0.0","0.0","0.0","0.0","-0.0046900064","0.0","0.0","0.0","0.0","0.0","0.0","0.0","0.0","0.0","0.0","0.0","0.0","0.0","0.0","0.0","0.0","0.0","0.0","0.0","0.0","0.0","0.0","0.0"
"Hepatocellular cancer","-0.15311743","-0.006689525","-0.027291033","0.0012765183","-0.02442467","-0.0064697242","-0.01316582","-0.0007020722","-0.005387479","-7.5545504e-05","1.3969154e-05","-0.008930601","-0.0058702943","0.0009144299","-0.002191905","0.00068072375","0.004769958","-0.0026594377","0.0012356257","-0.0005457685","-0.0064956485","-0.06711237","-0.00035602483","0.0015081523","0.00028825126","0.0019035364","-0.0019369373","-0.0018442923","0.0","0.0","0.0","0.0","0.0","0.0","0.0","0.0","0.0","0.0","0.0","0.0","-0.0046900064","0.0","0.0","0.0","0.0","0.0","0.0","0.0","0.0","0.0","0.0","0.0","0.0","0.0","0.0","0.0","0.0","0.0","0.0","0.0","0.0","0.0","0.0","0.0"
"Hepatocellular carcinoma","-0.15311743","-0.006689525","-0.027291033","0.0012765183","-0.02442467","-0.0064697242","-0.01316582","-0.0007020722","-0.005387479","-7.5545504e-05","1.3969154e-05","-0.008930601","-0.0058702943","0.0009144299","-0.002191905","0.00068072375","0.004769958","-0.0026594377","0.0012356257","-0.0005457685","-0.0064956485","-0.06711237","-0.00035602483","0.0015081523","0.00028825126","0.0019035364","-0.0019369373","-0.0018442923","0.0","0.0","0.0","0.0","0.0","0.0","0.0","0.0","0.0","0.0","0.0","0.0","-0.0046900064","0.0","0.0","0.0","0.0","0.0","0.0","0.0","0.0","0.0","0.0","0.0","0.0","0.0","0.0","0.0","0.0","0.0","0.0","0.0","0.0","0.0","0.0","0.0"
"Hidradenitis suppurativa","-0.15311743","-0.006689525","-0.027291033","0.0012765183","-0.02442467","-0.0064697242","-0.01316582","-0.0007020722","-0.005387479","-7.5545504e-05","1.3969154e-05","-0.008930601","-0.0058702943","0.0009144299","-0.002191905","0.00068072375","0.004769958","-0.0026594377","0.0012356257","-0.0005457685","-0.0064956485","-0.06711237","-0.00035602483","0.0015081523","0.00028825126","0.0019035364","-0.0019369373","-0.0018442923","0.0","0.0","0.0","0.0","0.0","0.0","0.0","0.0","0.0","0.0","0.0","0.0","-0.0046900064","0.0","0.0","0.0","0.0","0.0","0.0","0.0","0.0","0.0","0.0","0.0","0.0","0.0","0.0","0.0","0.0","0.0","0.0","0.0","0.0","0.0","0.0","0.0"
"Hirschsprung disease","-0.15311743","-0.006689525","-0.027291033","0.0012765183","-0.02442467","-0.0064697242","-0.01316582","-0.0007020722","-0.005387479","-7.5545504e-05","1.3969154e-05","-0.008930601","-0.0058702943","0.0009144299","-0.002191905","0.00068072375","0.004769958","-0.0026594377","0.0012356257","-0.0005457685","-0.0064956485","-0.06711237","-0.00035602483","0.0015081523","0.00028825126","0.0019035364","-0.0019369373","-0.0018442923","0.0","0.0","0.0","0.0","0.0","0.0","0.0","0.0","0.0","0.0","0.0","0.0","-0.0046900064","0.0","0.0","0.0","0.0","0.0","0.0","0.0","0.0","0.0","0.0","0.0","0.0","0.0","0.0","0.0","0.0","0.0","0.0","0.0","0.0","0.0","0.0","0.0"
"Hirschsprung's disease","-0.15311743","-0.006689525","-0.027291033","0.0012765183","-0.02442467","-0.0064697242","-0.01316582","-0.0007020722","-0.005387479","-7.5545504e-05","1.3969154e-05","-0.008930601","-0.0058702943","0.0009144299","-0.002191905","0.00068072375","0.004769958","-0.0026594377","0.0012356257","-0.0005457685","-0.0064956485","-0.06711237","-0.00035602483","0.0015081523","0.00028825126","0.0019035364","-0.0019369373","-0.0018442923","0.0","0.0","0.0","0.0","0.0","0.0","0.0","0.0","0.0","0.0","0.0","0.0","-0.0046900064","0.0","0.0","0.0","0.0","0.0","0.0","0.0","0.0","0.0","0.0","0.0","0.0","0.0","0.0","0.0","0.0","0.0","0.0","0.0","0.0","0.0","0.0","0.0"
"Hirschsprung-associated enterocolitis","-0.15311743","-0.006689525","-0.027291033","0.0012765183","-0.02442467","-0.0064697242","-0.01316582","-0.0007020722","-0.005387479","-7.5545504e-05","1.3969154e-05","-0.008930601","-0.0058702943","0.0009144299","-0.002191905","0.00068072375","0.004769958","-0.0026594377","0.0012356257","-0.0005457685","-0.0064956485","-0.06711237","-0.00035602483","0.0015081523","0.00028825126","0.0019035364","-0.0019369373","-0.0018442923","0.0","0.0","0.0","0.0","0.0","0.0","0.0","0.0","0.0","0.0","0.0","0.0","-0.0046900064","0.0","0.0","0.0","0.0","0.0","0.0","0.0","0.0","0.0","0.0","0.0","0.0","0.0","0.0","0.0","0.0","0.0","0.0","0.0","0.0","0.0","0.0","0.0"
"Hirschsprungs associated enterocolitis","-0.15311743","-0.006689525","-0.027291033","0.0012765183","-0.02442467","-0.0064697242","-0.01316582","-0.0007020722","-0.005387479","-7.5545504e-05","1.3969154e-05","-0.008930601","-0.0058702943","0.0009144299","-0.002191905","0.00068072375","0.004769958","-0.0026594377","0.0012356257","-0.0005457685","-0.0064956485","-0.06711237","-0.00035602483","0.0015081523","0.00028825126","0.0019035364","-0.0019369373","-0.0018442923","0.0","0.0","0.0","0.0","0.0","0.0","0.0","0.0","0.0","0.0","0.0","0.0","-0.0046900064","0.0","0.0","0.0","0.0","0.0","0.0","0.0","0.0","0.0","0.0","0.0","0.0","0.0","0.0","0.0","0.0","0.0","0.0","0.0","0.0","0.0","0.0","0.0"
"Hirschsprungs disease","-0.15311743","-0.006689525","-0.027291033","0.0012765183","-0.02442467","-0.0064697242","-0.01316582","-0.0007020722","-0.005387479","-7.5545504e-05","1.3969154e-05","-0.008930601","-0.0058702943","0.0009144299","-0.002191905","0.00068072375","0.004769958","-0.0026594377","0.0012356257","-0.0005457685","-0.0064956485","-0.06711237","-0.00035602483","0.0015081523","0.00028825126","0.0019035364","-0.0019369373","-0.0018442923","0.0","0.0","0.0","0.0","0.0","0.0","0.0","0.0","0.0","0.0","0.0","0.0","-0.0046900064","0.0","0.0","0.0","0.0","0.0","0.0","0.0","0.0","0.0","0.0","0.0","0.0","0.0","0.0","0.0","0.0","0.0","0.0","0.0","0.0","0.0","0.0","0.0"
"Human end-stage renal disease","-0.15311743","-0.006689525","-0.027291033","0.0012765183","-0.02442467","-0.0064697242","-0.01316582","-0.0007020722","-0.005387479","-7.5545504e-05","1.3969154e-05","-0.008930601","-0.0058702943","0.0009144299","-0.002191905","0.00068072375","0.004769958","-0.0026594377","0.0012356257","-0.0005457685","-0.0064956485","-0.06711237","-0.00035602483","0.0015081523","0.00028825126","0.0019035364","-0.0019369373","-0.0018442923","0.0","0.0","0.0","0.0","0.0","0.0","0.0","0.0","0.0","0.0","0.0","0.0","-0.0046900064","0.0","0.0","0.0","0.0","0.0","0.0","0.0","0.0","0.0","0.0","0.0","0.0","0.0","0.0","0.0","0.0","0.0","0.0","0.0","0.0","0.0","0.0","0.0"
"Human papilloma virus infection","-0.15311743","-0.006689525","-0.027291033","0.0012765183","-0.02442467","-0.0064697242","-0.01316582","-0.0007020722","-0.005387479","-7.5545504e-05","1.3969154e-05","-0.008930601","-0.0058702943","0.0009144299","-0.002191905","0.00068072375","0.004769958","-0.0026594377","0.0012356257","-0.0005457685","-0.0064956485","-0.06711237","-0.00035602483","0.0015081523","0.00028825126","0.0019035364","-0.0019369373","-0.0018442923","0.0","0.0","0.0","0.0","0.0","0.0","0.0","0.0","0.0","0.0","0.0","0.0","-0.0046900064","0.0","0.0","0.0","0.0","0.0","0.0","0.0","0.0","0.0","0.0","0.0","0.0","0.0","0.0","0.0","0.0","0.0","0.0","0.0","0.0","0.0","0.0","0.0"
"Huntington's Disease","-0.15311743","-0.006689525","-0.027291033","0.0012765183","-0.02442467","-0.0064697242","-0.01316582","-0.0007020722","-0.005387479","-7.5545504e-05","1.3969154e-05","-0.008930601","-0.0058702943","0.0009144299","-0.002191905","0.00068072375","0.004769958","-0.0026594377","0.0012356257","-0.0005457685","-0.0064956485","-0.06711237","-0.00035602483","0.0015081523","0.00028825126","0.0019035364","-0.0019369373","-0.0018442923","0.0","0.0","0.0","0.0","0.0","0.0","0.0","0.0","0.0","0.0","0.0","0.0","-0.0046900064","0.0","0.0","0.0","0.0","0.0","0.0","0.0","0.0","0.0","0.0","0.0","0.0","0.0","0.0","0.0","0.0","0.0","0.0","0.0","0.0","0.0","0.0","0.0"
"Hutchinson-Gilford progeria syndrome","-0.15311743","-0.006689525","-0.027291033","0.0012765183","-0.02442467","-0.0064697242","-0.01316582","-0.0007020722","-0.005387479","-7.5545504e-05","1.3969154e-05","-0.008930601","-0.0058702943","0.0009144299","-0.002191905","0.00068072375","0.004769958","-0.0026594377","0.0012356257","-0.0005457685","-0.0064956485","-0.06711237","-0.00035602483","0.0015081523","0.00028825126","0.0019035364","-0.0019369373","-0.0018442923","0.0","0.0","0.0","0.0","0.0","0.0","0.0","0.0","0.0","0.0","0.0","0.0","-0.0046900064","0.0","0.0","0.0","0.0","0.0","0.0","0.0","0.0","0.0","0.0","0.0","0.0","0.0","0.0","0.0","0.0","0.0","0.0","0.0","0.0","0.0","0.0","0.0"
"Hyper IgE syndrome","-0.15311743","-0.006689525","-0.027291033","0.0012765183","-0.02442467","-0.0064697242","-0.01316582","-0.0007020722","-0.005387479","-7.5545504e-05","1.3969154e-05","-0.008930601","-0.0058702943","0.0009144299","-0.002191905","0.00068072375","0.004769958","-0.0026594377","0.0012356257","-0.0005457685","-0.0064956485","-0.06711237","-0.00035602483","0.0015081523","0.00028825126","0.0019035364","-0.0019369373","-0.0018442923","0.0","0.0","0.0","0.0","0.0","0.0","0.0","0.0","0.0","0.0","0.0","0.0","-0.0046900064","0.0","0.0","0.0","0.0","0.0","0.0","0.0","0.0","0.0","0.0","0.0","0.0","0.0","0.0","0.0","0.0","0.0","0.0","0.0","0.0","0.0","0.0","0.0"
"Hyperglycemia","-0.15311743","-0.006689525","-0.027291033","0.0012765183","-0.02442467","-0.0064697242","-0.01316582","-0.0007020722","-0.005387479","-7.5545504e-05","1.3969154e-05","-0.008930601","-0.0058702943","0.0009144299","-0.002191905","0.00068072375","0.004769958","-0.0026594377","0.0012356257","-0.0005457685","-0.0064956485","-0.06711237","-0.00035602483","0.0015081523","0.00028825126","0.0019035364","-0.0019369373","-0.0018442923","0.0","0.0","0.0","0.0","0.0","0.0","0.0","0.0","0.0","0.0","0.0","0.0","-0.0046900064","0.0","0.0","0.0","0.0","0.0","0.0","0.0","0.0","0.0","0.0","0.0","0.0","0.0","0.0","0.0","0.0","0.0","0.0","0.0","0.0","0.0","0.0","0.0"
"Hyperlipidemia","-0.15311743","-0.006689525","-0.027291033","0.0012765183","-0.02442467","-0.0064697242","-0.01316582","-0.0007020722","-0.005387479","-7.5545504e-05","1.3969154e-05","-0.008930601","-0.0058702943","0.0009144299","-0.002191905","0.00068072375","0.004769958","-0.0026594377","0.0012356257","-0.0005457685","-0.0064956485","-0.06711237","-0.00035602483","0.0015081523","0.00028825126","0.0019035364","-0.0019369373","-0.0018442923","0.0","0.0","0.0","0.0","0.0","0.0","0.0","0.0","0.0","0.0","0.0","0.0","-0.0046900064","0.0","0.0","0.0","0.0","0.0","0.0","0.0","0.0","0.0","0.0","0.0","0.0","0.0","0.0","0.0","0.0","0.0","0.0","0.0","0.0","0.0","0.0","0.0"
"Hypertension","7.6996503","-1.7747077","-0.25959384","-1.2401135","-4.0842586","-0.78612494","-3.4438434","3.9519525","-5.164462","-1.8331542","1.5895824","4.73749","2.1946259","8.598896","-11.48438","9.407184","9.695025","14.639502","-6.1750135","-0.017653763","-5.106099","-4.060407","2.248388","1.4299284","2.8322833","-0.18530418","-12.623633","-8.188165","0.0","0.0","0.0","0.0","0.0","0.0","0.0","0.0","0.0","0.0","0.0","0.0","8.384927","0.0","0.0","0.0","0.0","0.0","0.0","0.0","0.0","0.0","0.0","0.0","0.0","0.0","0.0","0.0","0.0","0.0","0.0","0.0","0.0","0.0","0.0","0.0"
"Hypopharyngeal cancer","-0.15311743","-0.006689525","-0.027291033","0.0012765183","-0.02442467","-0.0064697242","-0.01316582","-0.0007020722","-0.005387479","-7.5545504e-05","1.3969154e-05","-0.008930601","-0.0058702943","0.0009144299","-0.002191905","0.00068072375","0.004769958","-0.0026594377","0.0012356257","-0.0005457685","-0.0064956485","-0.06711237","-0.00035602483","0.0015081523","0.00028825126","0.0019035364","-0.0019369373","-0.0018442923","0.0","0.0","0.0","0.0","0.0","0.0","0.0","0.0","0.0","0.0","0.0","0.0","-0.0046900064","0.0","0.0","0.0","0.0","0.0","0.0","0.0","0.0","0.0","0.0","0.0","0.0","0.0","0.0","0.0","0.0","0.0","0.0","0.0","0.0","0.0","0.0","0.0"
"Idiopathic Pulmonary Fibrosis","-0.15311743","-0.006689525","-0.027291033","0.0012765183","-0.02442467","-0.0064697242","-0.01316582","-0.0007020722","-0.005387479","-7.5545504e-05","1.3969154e-05","-0.008930601","-0.0058702943","0.0009144299","-0.002191905","0.00068072375","0.004769958","-0.0026594377","0.0012356257","-0.0005457685","-0.0064956485","-0.06711237","-0.00035602483","0.0015081523","0.00028825126","0.0019035364","-0.0019369373","-0.0018442923","0.0","0.0","0.0","0.0","0.0","0.0","0.0","0.0","0.0","0.0","0.0","0.0","-0.0046900064","0.0","0.0","0.0","0.0","0.0","0.0","0.0","0.0","0.0","0.0","0.0","0.0","0.0","0.0","0.0","0.0","0.0","0.0","0.0","0.0","0.0","0.0","0.0"
"Idiopathic REM Sleep Behavior Disorder","-0.15311743","-0.006689525","-0.027291033","0.0012765183","-0.02442467","-0.0064697242","-0.01316582","-0.0007020722","-0.005387479","-7.5545504e-05","1.3969154e-05","-0.008930601","-0.0058702943","0.0009144299","-0.002191905","0.00068072375","0.004769958","-0.0026594377","0.0012356257","-0.0005457685","-0.0064956485","-0.06711237","-0.00035602483","0.0015081523","0.00028825126","0.0019035364","-0.0019369373","-0.0018442923","0.0","0.0","0.0","0.0","0.0","0.0","0.0","0.0","0.0","0.0","0.0","0.0","-0.0046900064","0.0","0.0","0.0","0.0","0.0","0.0","0.0","0.0","0.0","0.0","0.0","0.0","0.0","0.0","0.0","0.0","0.0","0.0","0.0","0.0","0.0","0.0","0.0"
"Idiopathic central precocious puberty","-0.15311743","-0.006689525","-0.027291033","0.0012765183","-0.02442467","-0.0064697242","-0.01316582","-0.0007020722","-0.005387479","-7.5545504e-05","1.3969154e-05","-0.008930601","-0.0058702943","0.0009144299","-0.002191905","0.00068072375","0.004769958","-0.0026594377","0.0012356257","-0.0005457685","-0.0064956485","-0.06711237","-0.00035602483","0.0015081523","0.00028825126","0.0019035364","-0.0019369373","-0.0018442923","0.0","0.0","0.0","0.0","0.0","0.0","0.0","0.0","0.0","0.0","0.0","0.0","-0.0046900064","0.0","0.0","0.0","0.0","0.0","0.0","0.0","0.0","0.0","0.0","0.0","0.0","0.0","0.0","0.0","0.0","0.0","0.0","0.0","0.0","0.0","0.0","0.0"
"Idiopathic focal epilepsy","-0.15311743","-0.006689525","-0.027291033","0.0012765183","-0.02442467","-0.0064697242","-0.01316582","-0.0007020722","-0.005387479","-7.5545504e-05","1.3969154e-05","-0.008930601","-0.0058702943","0.0009144299","-0.002191905","0.00068072375","0.004769958","-0.0026594377","0.0012356257","-0.0005457685","-0.0064956485","-0.06711237","-0.00035602483","0.0015081523","0.00028825126","0.0019035364","-0.0019369373","-0.0018442923","0.0","0.0","0.0","0.0","0.0","0.0","0.0","0.0","0.0","0.0","0.0","0.0","-0.0046900064","0.0","0.0","0.0","0.0","0.0","0.0","0.0","0.0","0.0","0.0","0.0","0.0","0.0","0.0","0.0","0.0","0.0","0.0","0.0","0.0","0.0","0.0","0.0"
"Idiopathic infertility","-0.15311743","-0.006689525","-0.027291033","0.0012765183","-0.02442467","-0.0064697242","-0.01316582","-0.0007020722","-0.005387479","-7.5545504e-05","1.3969154e-05","-0.008930601","-0.0058702943","0.0009144299","-0.002191905","0.00068072375","0.004769958","-0.0026594377","0.0012356257","-0.0005457685","-0.0064956485","-0.06711237","-0.00035602483","0.0015081523","0.00028825126","0.0019035364","-0.0019369373","-0.0018442923","0.0","0.0","0.0","0.0","0.0","0.0","0.0","0.0","0.0","0.0","0.0","0.0","-0.0046900064","0.0","0.0","0.0","0.0","0.0","0.0","0.0","0.0","0.0","0.0","0.0","0.0","0.0","0.0","0.0","0.0","0.0","0.0","0.0","0.0","0.0","0.0","0.0"
"Idiopathic nephrotic syndrome","-0.15311743","-0.006689525","-0.027291033","0.0012765183","-0.02442467","-0.0064697242","-0.01316582","-0.0007020722","-0.005387479","-7.5545504e-05","1.3969154e-05","-0.008930601","-0.0058702943","0.0009144299","-0.002191905","0.00068072375","0.004769958","-0.0026594377","0.0012356257","-0.0005457685","-0.0064956485","-0.06711237","-0.00035602483","0.0015081523","0.00028825126","0.0019035364","-0.0019369373","-0.0018442923","0.0","0.0","0.0","0.0","0.0","0.0","0.0","0.0","0.0","0.0","0.0","0.0","-0.0046900064","0.0","0.0","0.0","0.0","0.0","0.0","0.0","0.0","0.0","0.0","0.0","0.0","0.0","0.0","0.0","0.0","0.0","0.0","0.0","0.0","0.0","0.0","0.0"
"IgE-mediated atopic diseases","-0.15311743","-0.006689525","-0.027291033","0.0012765183","-0.02442467","-0.0064697242","-0.01316582","-0.0007020722","-0.005387479","-7.5545504e-05","1.3969154e-05","-0.008930601","-0.0058702943","0.0009144299","-0.002191905","0.00068072375","0.004769958","-0.0026594377","0.0012356257","-0.0005457685","-0.0064956485","-0.06711237","-0.00035602483","0.0015081523","0.00028825126","0.0019035364","-0.0019369373","-0.0018442923","0.0","0.0","0.0","0.0","0.0","0.0","0.0","0.0","0.0","0.0","0.0","0.0","-0.0046900064","0.0","0.0","0.0","0.0","0.0","0.0","0.0","0.0","0.0","0.0","0.0","0.0","0.0","0.0","0.0","0.0","0.0","0.0","0.0","0.0","0.0","0.0","0.0"
"Ileal Crohn's disease(CD)","-0.15311743","-0.006689525","-0.027291033","0.0012765183","-0.02442467","-0.0064697242","-0.01316582","-0.0007020722","-0.005387479","-7.5545504e-05","1.3969154e-05","-0.008930601","-0.0058702943","0.0009144299","-0.002191905","0.00068072375","0.004769958","-0.0026594377","0.0012356257","-0.0005457685","-0.0064956485","-0.06711237","-0.00035602483","0.0015081523","0.00028825126","0.0019035364","-0.0019369373","-0.0018442923","0.0","0.0","0.0","0.0","0.0","0.0","0.0","0.0","0.0","0.0","0.0","0.0","-0.0046900064","0.0","0.0","0.0","0.0","0.0","0.0","0.0","0.0","0.0","0.0","0.0","0.0","0.0","0.0","0.0","0.0","0.0","0.0","0.0","0.0","0.0","0.0","0.0"
"Inactive Crohn's Disease","-0.15311743","-0.006689525","-0.027291033","0.0012765183","-0.02442467","-0.0064697242","-0.01316582","-0.0007020722","-0.005387479","-7.5545504e-05","1.3969154e-05","-0.008930601","-0.0058702943","0.0009144299","-0.002191905","0.00068072375","0.004769958","-0.0026594377","0.0012356257","-0.0005457685","-0.0064956485","-0.06711237","-0.00035602483","0.0015081523","0.00028825126","0.0019035364","-0.0019369373","-0.0018442923","0.0","0.0","0.0","0.0","0.0","0.0","0.0","0.0","0.0","0.0","0.0","0.0","-0.0046900064","0.0","0.0","0.0","0.0","0.0","0.0","0.0","0.0","0.0","0.0","0.0","0.0","0.0","0.0","0.0","0.0","0.0","0.0","0.0","0.0","0.0","0.0","0.0"
"Infant colic","-0.15311743","-0.006689525","-0.027291033","0.0012765183","-0.02442467","-0.0064697242","-0.01316582","-0.0007020722","-0.005387479","-7.5545504e-05","1.3969154e-05","-0.008930601","-0.0058702943","0.0009144299","-0.002191905","0.00068072375","0.004769958","-0.0026594377","0.0012356257","-0.0005457685","-0.0064956485","-0.06711237","-0.00035602483","0.0015081523","0.00028825126","0.0019035364","-0.0019369373","-0.0018442923","0.0","0.0","0.0","0.0","0.0","0.0","0.0","0.0","0.0","0.0","0.0","0.0","-0.0046900064","0.0","0.0","0.0","0.0","0.0","0.0","0.0","0.0","0.0","0.0","0.0","0.0","0.0","0.0","0.0","0.0","0.0","0.0","0.0","0.0","0.0","0.0","0.0"
"Infantile eczema","-0.15311743","-0.006689525","-0.027291033","0.0012765183","-0.02442467","-0.0064697242","-0.01316582","-0.0007020722","-0.005387479","-7.5545504e-05","1.3969154e-05","-0.008930601","-0.0058702943","0.0009144299","-0.002191905","0.00068072375","0.004769958","-0.0026594377","0.0012356257","-0.0005457685","-0.0064956485","-0.06711237","-0.00035602483","0.0015081523","0.00028825126","0.0019035364","-0.0019369373","-0.0018442923","0.0","0.0","0.0","0.0","0.0","0.0","0.0","0.0","0.0","0.0","0.0","0.0","-0.0046900064","0.0","0.0","0.0","0.0","0.0","0.0","0.0","0.0","0.0","0.0","0.0","0.0","0.0","0.0","0.0","0.0","0.0","0.0","0.0","0.0","0.0","0.0","0.0"
"Infectious colitis","-0.15311743","-0.006689525","-0.027291033","0.0012765183","-0.02442467","-0.0064697242","-0.01316582","-0.0007020722","-0.005387479","-7.5545504e-05","1.3969154e-05","-0.008930601","-0.0058702943","0.0009144299","-0.002191905","0.00068072375","0.004769958","-0.0026594377","0.0012356257","-0.0005457685","-0.0064956485","-0.06711237","-0.00035602483","0.0015081523","0.00028825126","0.0019035364","-0.0019369373","-0.0018442923","0.0","0.0","0.0","0.0","0.0","0.0","0.0","0.0","0.0","0.0","0.0","0.0","-0.0046900064","0.0","0.0","0.0","0.0","0.0","0.0","0.0","0.0","0.0","0.0","0.0","0.0","0.0","0.0","0.0","0.0","0.0","0.0","0.0","0.0","0.0","0.0","0.0"
"Infective colitis","-0.15311743","-0.006689525","-0.027291033","0.0012765183","-0.02442467","-0.0064697242","-0.01316582","-0.0007020722","-0.005387479","-7.5545504e-05","1.3969154e-05","-0.008930601","-0.0058702943","0.0009144299","-0.002191905","0.00068072375","0.004769958","-0.0026594377","0.0012356257","-0.0005457685","-0.0064956485","-0.06711237","-0.00035602483","0.0015081523","0.00028825126","0.0019035364","-0.0019369373","-0.0018442923","0.0","0.0","0.0","0.0","0.0","0.0","0.0","0.0","0.0","0.0","0.0","0.0","-0.0046900064","0.0","0.0","0.0","0.0","0.0","0.0","0.0","0.0","0.0","0.0","0.0","0.0","0.0","0.0","0.0","0.0","0.0","0.0","0.0","0.0","0.0","0.0","0.0"
"Inflammation","-0.15311743","-0.006689525","-0.027291033","0.0012765183","-0.02442467","-0.0064697242","-0.01316582","-0.0007020722","-0.005387479","-7.5545504e-05","1.3969154e-05","-0.008930601","-0.0058702943","0.0009144299","-0.002191905","0.00068072375","0.004769958","-0.0026594377","0.0012356257","-0.0005457685","-0.0064956485","-0.06711237","-0.00035602483","0.0015081523","0.00028825126","0.0019035364","-0.0019369373","-0.0018442923","0.0","0.0","0.0","0.0","0.0","0.0","0.0","0.0","0.0","0.0","0.0","0.0","-0.0046900064","0.0","0.0","0.0","0.0","0.0","0.0","0.0","0.0","0.0","0.0","0.0","0.0","0.0","0.0","0.0","0.0","0.0","0.0","0.0","0.0","0.0","0.0","0.0"
"Inflammatory Bowel Disease","-0.15311743","-0.006689525","-0.027291033","0.0012765183","-0.02442467","-0.0064697242","-0.01316582","-0.0007020722","-0.005387479","-7.5545504e-05","1.3969154e-05","-0.008930601","-0.0058702943","0.0009144299","-0.002191905","0.00068072375","0.004769958","-0.0026594377","0.0012356257","-0.0005457685","-0.0064956485","-0.06711237","-0.00035602483","0.0015081523","0.00028825126","0.0019035364","-0.0019369373","-0.0018442923","0.0","0.0","0.0","0.0","0.0","0.0","0.0","0.0","0.0","0.0","0.0","0.0","-0.0046900064","0.0","0.0","0.0","0.0","0.0","0.0","0.0","0.0","0.0","0.0","0.0","0.0","0.0","0.0","0.0","0.0","0.0","0.0","0.0","0.0","0.0","0.0","0.0"
"Inflammatory Bowel Diseases","7.103937","2.381899","-0.01612631","-2.086755","-1.6823494","3.5974927","1.4348243","-7.189646","2.4162474","6.1751466","-2.4939308","-7.203702","-12.313854","10.162114","8.067946","-8.2374","2.4186273","10.963059","5.9644747","-5.2569523","5.0996337","6.6654673","10.706489","2.7238326","-3.36255","4.06761","9.797837","3.9503083","0.0","0.0","0.0","0.0","0.0","0.0","0.0","0.0","0.0","0.0","0.0","0.0","12.89804","0.0","0.0","0.0","0.0","0.0","0.0","0.0","0.0","0.0","0.0","0.0","0.0","0.0","0.0","0.0","0.0","0.0","0.0","0.0","0.0","0.0","0.0","0.0"
"Inflammatory bowel disease","-0.15311743","-0.006689525","-0.027291033","0.0012765183","-0.02442467","-0.0064697242","-0.01316582","-0.0007020722","-0.005387479","-7.5545504e-05","1.3969154e-05","-0.008930601","-0.0058702943","0.0009144299","-0.002191905","0.00068072375","0.004769958","-0.0026594377","0.0012356257","-0.0005457685","-0.0064956485","-0.06711237","-0.00035602483","0.0015081523","0.00028825126","0.0019035364","-0.0019369373","-0.0018442923","0.0","0.0","0.0","0.0","0.0","0.0","0.0","0.0","0.0","0.0","0.0","0.0","-0.0046900064","0.0","0.0","0.0","0.0","0.0","0.0","0.0","0.0","0.0","0.0","0.0","0.0","0.0","0.0","0.0","0.0","0.0","0.0","0.0","0.0","0.0","0.0","0.0"
"Inflammatory bowel disease(IBD)","-0.15311743","-0.006689525","-0.027291033","0.0012765183","-0.02442467","-0.0064697242","-0.01316582","-0.0007020722","-0.005387479","-7.5545504e-05","1.3969154e-05","-0.008930601","-0.0058702943","0.0009144299","-0.002191905","0.00068072375","0.004769958","-0.0026594377","0.0012356257","-0.0005457685","-0.0064956485","-0.06711237","-0.00035602483","0.0015081523","0.00028825126","0.0019035364","-0.0019369373","-0.0018442923","0.0","0.0","0.0","0.0","0.0","0.0","0.0","0.0","0.0","0.0","0.0","0.0","-0.0046900064","0.0","0.0","0.0","0.0","0.0","0.0","0.0","0.0","0.0","0.0","0.0","0.0","0.0","0.0","0.0","0.0","0.0","0.0","0.0","0.0","0.0","0.0","0.0"
"Inflammatory bowel diseases","-0.15311743","-0.006689525","-0.027291033","0.0012765183","-0.02442467","-0.0064697242","-0.01316582","-0.0007020722","-0.005387479","-7.5545504e-05","1.3969154e-05","-0.008930601","-0.0058702943","0.0009144299","-0.002191905","0.00068072375","0.004769958","-0.0026594377","0.0012356257","-0.0005457685","-0.0064956485","-0.06711237","-0.00035602483","0.0015081523","0.00028825126","0.0019035364","-0.0019369373","-0.0018442923","0.0","0.0","0.0","0.0","0.0","0.0","0.0","0.0","0.0","0.0","0.0","0.0","-0.0046900064","0.0","0.0","0.0","0.0","0.0","0.0","0.0","0.0","0.0","0.0","0.0","0.0","0.0","0.0","0.0","0.0","0.0","0.0","0.0","0.0","0.0","0.0","0.0"
"Influenza A","-0.15311743","-0.006689525","-0.027291033","0.0012765183","-0.02442467","-0.0064697242","-0.01316582","-0.0007020722","-0.005387479","-7.5545504e-05","1.3969154e-05","-0.008930601","-0.0058702943","0.0009144299","-0.002191905","0.00068072375","0.004769958","-0.0026594377","0.0012356257","-0.0005457685","-0.0064956485","-0.06711237","-0.00035602483","0.0015081523","0.00028825126","0.0019035364","-0.0019369373","-0.0018442923","0.0","0.0","0.0","0.0","0.0","0.0","0.0","0.0","0.0","0.0","0.0","0.0","-0.0046900064","0.0","0.0","0.0","0.0","0.0","0.0","0.0","0.0","0.0","0.0","0.0","0.0","0.0","0.0","0.0","0.0","0.0","0.0","0.0","0.0","0.0","0.0","0.0"
"Interstitial cystitis","-0.15311743","-0.006689525","-0.027291033","0.0012765183","-0.02442467","-0.0064697242","-0.01316582","-0.0007020722","-0.005387479","-7.5545504e-05","1.3969154e-05","-0.008930601","-0.0058702943","0.0009144299","-0.002191905","0.00068072375","0.004769958","-0.0026594377","0.0012356257","-0.0005457685","-0.0064956485","-0.06711237","-0.00035602483","0.0015081523","0.00028825126","0.0019035364","-0.0019369373","-0.0018442923","0.0","0.0","0.0","0.0","0.0","0.0","0.0","0.0","0.0","0.0","0.0","0.0","-0.0046900064","0.0","0.0","0.0","0.0","0.0","0.0","0.0","0.0","0.0","0.0","0.0","0.0","0.0","0.0","0.0","0.0","0.0","0.0","0.0","0.0","0.0","0.0","0.0"
"Intestinal metaplasia","-0.15311743","-0.006689525","-0.027291033","0.0012765183","-0.02442467","-0.0064697242","-0.01316582","-0.0007020722","-0.005387479","-7.5545504e-05","1.3969154e-05","-0.008930601","-0.0058702943","0.0009144299","-0.002191905","0.00068072375","0.004769958","-0.0026594377","0.0012356257","-0.0005457685","-0.0064956485","-0.06711237","-0.00035602483","0.0015081523","0.00028825126","0.0019035364","-0.0019369373","-0.0018442923","0.0","0.0","0.0","0.0","0.0","0.0","0.0","0.0","0.0","0.0","0.0","0.0","-0.0046900064","0.0","0.0","0.0","0.0","0.0","0.0","0.0","0.0","0.0","0.0","0.0","0.0","0.0","0.0","0.0","0.0","0.0","0.0","0.0","0.0","0.0","0.0","0.0"
"Intrahepatic Cholangiocarcinoma","-0.15311743","-0.006689525","-0.027291033","0.0012765183","-0.02442467","-0.0064697242","-0.01316582","-0.0007020722","-0.005387479","-7.5545504e-05","1.3969154e-05","-0.008930601","-0.0058702943","0.0009144299","-0.002191905","0.00068072375","0.004769958","-0.0026594377","0.0012356257","-0.0005457685","-0.0064956485","-0.06711237","-0.00035602483","0.0015081523","0.00028825126","0.0019035364","-0.0019369373","-0.0018442923","0.0","0.0","0.0","0.0","0.0","0.0","0.0","0.0","0.0","0.0","0.0","0.0","-0.0046900064","0.0","0.0","0.0","0.0","0.0","0.0","0.0","0.0","0.0","0.0","0.0","0.0","0.0","0.0","0.0","0.0","0.0","0.0","0.0","0.0","0.0","0.0","0.0"
"Invasive colorectal cancer","-0.15311743","-0.006689525","-0.027291033","0.0012765183","-0.02442467","-0.0064697242","-0.01316582","-0.0007020722","-0.005387479","-7.5545504e-05","1.3969154e-05","-0.008930601","-0.0058702943","0.0009144299","-0.002191905","0.00068072375","0.004769958","-0.0026594377","0.0012356257","-0.0005457685","-0.0064956485","-0.06711237","-0.00035602483","0.0015081523","0.00028825126","0.0019035364","-0.0019369373","-0.0018442923","0.0","0.0","0.0","0.0","0.0","0.0","0.0","0.0","0.0","0.0","0.0","0.0","-0.0046900064","0.0","0.0","0.0","0.0","0.0","0.0","0.0","0.0","0.0","0.0","0.0","0.0","0.0","0.0","0.0","0.0","0.0","0.0","0.0","0.0","0.0","0.0","0.0"
"Invasive pneumococcal disease","-0.15311743","-0.006689525","-0.027291033","0.0012765183","-0.02442467","-0.0064697242","-0.01316582","-0.0007020722","-0.005387479","-7.5545504e-05","1.3969154e-05","-0.008930601","-0.0058702943","0.0009144299","-0.002191905","0.00068072375","0.004769958","-0.0026594377","0.0012356257","-0.0005457685","-0.0064956485","-0.06711237","-0.00035602483","0.0015081523","0.00028825126","0.0019035364","-0.0019369373","-0.0018442923","0.0","0.0","0.0","0.0","0.0","0.0","0.0","0.0","0.0","0.0","0.0","0.0","-0.0046900064","0.0","0.0","0.0","0.0","0.0","0.0","0.0","0.0","0.0","0.0","0.0","0.0","0.0","0.0","0.0","0.0","0.0","0.0","0.0","0.0","0.0","0.0","0.0"
"Iron-deficiency anaemia","-0.15311743","-0.006689525","-0.027291033","0.0012765183","-0.02442467","-0.0064697242","-0.01316582","-0.0007020722","-0.005387479","-7.5545504e-05","1.3969154e-05","-0.008930601","-0.0058702943","0.0009144299","-0.002191905","0.00068072375","0.004769958","-0.0026594377","0.0012356257","-0.0005457685","-0.0064956485","-0.06711237","-0.00035602483","0.0015081523","0.00028825126","0.0019035364","-0.0019369373","-0.0018442923","0.0","0.0","0.0","0.0","0.0","0.0","0.0","0.0","0.0","0.0","0.0","0.0","-0.0046900064","0.0","0.0","0.0","0.0","0.0","0.0","0.0","0.0","0.0","0.0","0.0","0.0","0.0","0.0","0.0","0.0","0.0","0.0","0.0","0.0","0.0","0.0","0.0"
"Irritable Bowel Syndrome","5.457525","7.4245415","0.45810193","-0.79212815","-5.311657","24.945803","1.0396504","2.8721995","-0.11229673","-3.2829726","-0.005989303","2.096615","5.6187754","-3.2664173","0.65912884","-1.252231","0.6297086","-1.6998445","0.51669854","0.43523958","-8.85023","-3.927189","-0.8469817","0.45046815","-0.104156576","1.1306984","-2.6331453","0.3756801","0.0","0.0","0.0","0.0","0.0","0.0","0.0","0.0","0.0","0.0","0.0","0.0","0.6810661","0.0","0.0","0.0","0.0","0.0","0.0","0.0","0.0","0.0","0.0","0.0","0.0","0.0","0.0","0.0","0.0","0.0","0.0","0.0","0.0","0.0","0.0","0.0"
"Irritable Bowel Syndrome with constipation","-0.15311743","-0.006689525","-0.027291033","0.0012765183","-0.02442467","-0.0064697242","-0.01316582","-0.0007020722","-0.005387479","-7.5545504e-05","1.3969154e-05","-0.008930601","-0.0058702943","0.0009144299","-0.002191905","0.00068072375","0.004769958","-0.0026594377","0.0012356257","-0.0005457685","-0.0064956485","-0.06711237","-0.00035602483","0.0015081523","0.00028825126","0.0019035364","-0.0019369373","-0.0018442923","0.0","0.0","0.0","0.0","0.0","0.0","0.0","0.0","0.0","0.0","0.0","0.0","-0.0046900064","0.0","0.0","0.0","0.0","0.0","0.0","0.0","0.0","0.0","0.0","0.0","0.0","0.0","0.0","0.0","0.0","0.0","0.0","0.0","0.0","0.0","0.0","0.0"
"Irritable Bowel Syndrome with diarrhea","-0.15311743","-0.006689525","-0.027291033","0.0012765183","-0.02442467","-0.0064697242","-0.01316582","-0.0007020722","-0.005387479","-7.5545504e-05","1.3969154e-05","-0.008930601","-0.0058702943","0.0009144299","-0.002191905","0.00068072375","0.004769958","-0.0026594377","0.0012356257","-0.0005457685","-0.0064956485","-0.06711237","-0.00035602483","0.0015081523","0.00028825126","0.0019035364","-0.0019369373","-0.0018442923","0.0","0.0","0.0","0.0","0.0","0.0","0.0","0.0","0.0","0.0","0.0","0.0","-0.0046900064","0.0","0.0","0.0","0.0","0.0","0.0","0.0","0.0","0.0","0.0","0.0","0.0","0.0","0.0","0.0","0.0","0.0","0.0","0.0","0.0","0.0","0.0","0.0"
"Irritable bowel syndrome","-0.15311743","-0.006689525","-0.027291033","0.0012765183","-0.02442467","-0.0064697242","-0.01316582","-0.0007020722","-0.005387479","-7.5545504e-05","1.3969154e-05","-0.008930601","-0.0058702943","0.0009144299","-0.002191905","0.00068072375","0.004769958","-0.0026594377","0.0012356257","-0.0005457685","-0.0064956485","-0.06711237","-0.00035602483","0.0015081523","0.00028825126","0.0019035364","-0.0019369373","-0.0018442923","0.0","0.0","0.0","0.0","0.0","0.0","0.0","0.0","0.0","0.0","0.0","0.0","-0.0046900064","0.0","0.0","0.0","0.0","0.0","0.0","0.0","0.0","0.0","0.0","0.0","0.0","0.0","0.0","0.0","0.0","0.0","0.0","0.0","0.0","0.0","0.0","0.0"
"Irritable bowel syndrome (IBS)","-0.15311743","-0.006689525","-0.027291033","0.0012765183","-0.02442467","-0.0064697242","-0.01316582","-0.0007020722","-0.005387479","-7.5545504e-05","1.3969154e-05","-0.008930601","-0.0058702943","0.0009144299","-0.002191905","0.00068072375","0.004769958","-0.0026594377","0.0012356257","-0.0005457685","-0.0064956485","-0.06711237","-0.00035602483","0.0015081523","0.00028825126","0.0019035364","-0.0019369373","-0.0018442923","0.0","0.0","0.0","0.0","0.0","0.0","0.0","0.0","0.0","0.0","0.0","0.0","-0.0046900064","0.0","0.0","0.0","0.0","0.0","0.0","0.0","0.0","0.0","0.0","0.0","0.0","0.0","0.0","0.0","0.0","0.0","0.0","0.0","0.0","0.0","0.0","0.0"
"Irritable bowel syndrome(IBS)","-0.15311743","-0.006689525","-0.027291033","0.0012765183","-0.02442467","-0.0064697242","-0.01316582","-0.0007020722","-0.005387479","-7.5545504e-05","1.3969154e-05","-0.008930601","-0.0058702943","0.0009144299","-0.002191905","0.00068072375","0.004769958","-0.0026594377","0.0012356257","-0.0005457685","-0.0064956485","-0.06711237","-0.00035602483","0.0015081523","0.00028825126","0.0019035364","-0.0019369373","-0.0018442923","0.0","0.0","0.0","0.0","0.0","0.0","0.0","0.0","0.0","0.0","0.0","0.0","-0.0046900064","0.0","0.0","0.0","0.0","0.0","0.0","0.0","0.0","0.0","0.0","0.0","0.0","0.0","0.0","0.0","0.0","0.0","0.0","0.0","0.0","0.0","0.0","0.0"
"Ischemic stroke","-0.15311743","-0.006689525","-0.027291033","0.0012765183","-0.02442467","-0.0064697242","-0.01316582","-0.0007020722","-0.005387479","-7.5545504e-05","1.3969154e-05","-0.008930601","-0.0058702943","0.0009144299","-0.002191905","0.00068072375","0.004769958","-0.0026594377","0.0012356257","-0.0005457685","-0.0064956485","-0.06711237","-0.00035602483","0.0015081523","0.00028825126","0.0019035364","-0.0019369373","-0.0018442923","0.0","0.0","0.0","0.0","0.0","0.0","0.0","0.0","0.0","0.0","0.0","0.0","-0.0046900064","0.0","0.0","0.0","0.0","0.0","0.0","0.0","0.0","0.0","0.0","0.0","0.0","0.0","0.0","0.0","0.0","0.0","0.0","0.0","0.0","0.0","0.0","0.0"
"Juvenile Idiopathic Arthritis","-0.15311743","-0.006689525","-0.027291033","0.0012765183","-0.02442467","-0.0064697242","-0.01316582","-0.0007020722","-0.005387479","-7.5545504e-05","1.3969154e-05","-0.008930601","-0.0058702943","0.0009144299","-0.002191905","0.00068072375","0.004769958","-0.0026594377","0.0012356257","-0.0005457685","-0.0064956485","-0.06711237","-0.00035602483","0.0015081523","0.00028825126","0.0019035364","-0.0019369373","-0.0018442923","0.0","0.0","0.0","0.0","0.0","0.0","0.0","0.0","0.0","0.0","0.0","0.0","-0.0046900064","0.0","0.0","0.0","0.0","0.0","0.0","0.0","0.0","0.0","0.0","0.0","0.0","0.0","0.0","0.0","0.0","0.0","0.0","0.0","0.0","0.0","0.0","0.0"
"Juvenile idiopathic arthritis","-0.15311743","-0.006689525","-0.027291033","0.0012765183","-0.02442467","-0.0064697242","-0.01316582","-0.0007020722","-0.005387479","-7.5545504e-05","1.3969154e-05","-0.008930601","-0.0058702943","0.0009144299","-0.002191905","0.00068072375","0.004769958","-0.0026594377","0.0012356257","-0.0005457685","-0.0064956485","-0.06711237","-0.00035602483","0.0015081523","0.00028825126","0.0019035364","-0.0019369373","-0.0018442923","0.0","0.0","0.0","0.0","0.0","0.0","0.0","0.0","0.0","0.0","0.0","0.0","-0.0046900064","0.0","0.0","0.0","0.0","0.0","0.0","0.0","0.0","0.0","0.0","0.0","0.0","0.0","0.0","0.0","0.0","0.0","0.0","0.0","0.0","0.0","0.0","0.0"
"Kaposi's sarcoma","-0.15311743","-0.006689525","-0.027291033","0.0012765183","-0.02442467","-0.0064697242","-0.01316582","-0.0007020722","-0.005387479","-7.5545504e-05","1.3969154e-05","-0.008930601","-0.0058702943","0.0009144299","-0.002191905","0.00068072375","0.004769958","-0.0026594377","0.0012356257","-0.0005457685","-0.0064956485","-0.06711237","-0.00035602483","0.0015081523","0.00028825126","0.0019035364","-0.0019369373","-0.0018442923","0.0","0.0","0.0","0.0","0.0","0.0","0.0","0.0","0.0","0.0","0.0","0.0","-0.0046900064","0.0","0.0","0.0","0.0","0.0","0.0","0.0","0.0","0.0","0.0","0.0","0.0","0.0","0.0","0.0","0.0","0.0","0.0","0.0","0.0","0.0","0.0","0.0"
"Kawasaki disease","-0.15311743","-0.006689525","-0.027291033","0.0012765183","-0.02442467","-0.0064697242","-0.01316582","-0.0007020722","-0.005387479","-7.5545504e-05","1.3969154e-05","-0.008930601","-0.0058702943","0.0009144299","-0.002191905","0.00068072375","0.004769958","-0.0026594377","0.0012356257","-0.0005457685","-0.0064956485","-0.06711237","-0.00035602483","0.0015081523","0.00028825126","0.0019035364","-0.0019369373","-0.0018442923","0.0","0.0","0.0","0.0","0.0","0.0","0.0","0.0","0.0","0.0","0.0","0.0","-0.0046900064","0.0","0.0","0.0","0.0","0.0","0.0","0.0","0.0","0.0","0.0","0.0","0.0","0.0","0.0","0.0","0.0","0.0","0.0","0.0","0.0","0.0","0.0","0.0"
"Keratitis","-0.15311743","-0.006689525","-0.027291033","0.0012765183","-0.02442467","-0.0064697242","-0.01316582","-0.0007020722","-0.005387479","-7.5545504e-05","1.3969154e-05","-0.008930601","-0.0058702943","0.0009144299","-0.002191905","0.00068072375","0.004769958","-0.0026594377","0.0012356257","-0.0005457685","-0.0064956485","-0.06711237","-0.00035602483","0.0015081523","0.00028825126","0.0019035364","-0.0019369373","-0.0018442923","0.0","0.0","0.0","0.0","0.0","0.0","0.0","0.0","0.0","0.0","0.0","0.0","-0.0046900064","0.0","0.0","0.0","0.0","0.0","0.0","0.0","0.0","0.0","0.0","0.0","0.0","0.0","0.0","0.0","0.0","0.0","0.0","0.0","0.0","0.0","0.0","0.0"
"Kidney stone","-0.15311743","-0.006689525","-0.027291033","0.0012765183","-0.02442467","-0.0064697242","-0.01316582","-0.0007020722","-0.005387479","-7.5545504e-05","1.3969154e-05","-0.008930601","-0.0058702943","0.0009144299","-0.002191905","0.00068072375","0.004769958","-0.0026594377","0.0012356257","-0.0005457685","-0.0064956485","-0.06711237","-0.00035602483","0.0015081523","0.00028825126","0.0019035364","-0.0019369373","-0.0018442923","0.0","0.0","0.0","0.0","0.0","0.0","0.0","0.0","0.0","0.0","0.0","0.0","-0.0046900064","0.0","0.0","0.0","0.0","0.0","0.0","0.0","0.0","0.0","0.0","0.0","0.0","0.0","0.0","0.0","0.0","0.0","0.0","0.0","0.0","0.0","0.0","0.0"
"Kidney stone with hypertension","-0.15311743","-0.006689525","-0.027291033","0.0012765183","-0.02442467","-0.0064697242","-0.01316582","-0.0007020722","-0.005387479","-7.5545504e-05","1.3969154e-05","-0.008930601","-0.0058702943","0.0009144299","-0.002191905","0.00068072375","0.004769958","-0.0026594377","0.0012356257","-0.0005457685","-0.0064956485","-0.06711237","-0.00035602483","0.0015081523","0.00028825126","0.0019035364","-0.0019369373","-0.0018442923","0.0","0.0","0.0","0.0","0.0","0.0","0.0","0.0","0.0","0.0","0.0","0.0","-0.0046900064","0.0","0.0","0.0","0.0","0.0","0.0","0.0","0.0","0.0","0.0","0.0","0.0","0.0","0.0","0.0","0.0","0.0","0.0","0.0","0.0","0.0","0.0","0.0"
"Kidney stones","-0.15311743","-0.006689525","-0.027291033","0.0012765183","-0.02442467","-0.0064697242","-0.01316582","-0.0007020722","-0.005387479","-7.5545504e-05","1.3969154e-05","-0.008930601","-0.0058702943","0.0009144299","-0.002191905","0.00068072375","0.004769958","-0.0026594377","0.0012356257","-0.0005457685","-0.0064956485","-0.06711237","-0.00035602483","0.0015081523","0.00028825126","0.0019035364","-0.0019369373","-0.0018442923","0.0","0.0","0.0","0.0","0.0","0.0","0.0","0.0","0.0","0.0","0.0","0.0","-0.0046900064","0.0","0.0","0.0","0.0","0.0","0.0","0.0","0.0","0.0","0.0","0.0","0.0","0.0","0.0","0.0","0.0","0.0","0.0","0.0","0.0","0.0","0.0","0.0"
"Kostmann syndrome","-0.15311743","-0.006689525","-0.027291033","0.0012765183","-0.02442467","-0.0064697242","-0.01316582","-0.0007020722","-0.005387479","-7.5545504e-05","1.3969154e-05","-0.008930601","-0.0058702943","0.0009144299","-0.002191905","0.00068072375","0.004769958","-0.0026594377","0.0012356257","-0.0005457685","-0.0064956485","-0.06711237","-0.00035602483","0.0015081523","0.00028825126","0.0019035364","-0.0019369373","-0.0018442923","0.0","0.0","0.0","0.0","0.0","0.0","0.0","0.0","0.0","0.0","0.0","0.0","-0.0046900064","0.0","0.0","0.0","0.0","0.0","0.0","0.0","0.0","0.0","0.0","0.0","0.0","0.0","0.0","0.0","0.0","0.0","0.0","0.0","0.0","0.0","0.0","0.0"
"Laryngeal Squamous Cell Carcinoma","-0.15311743","-0.006689525","-0.027291033","0.0012765183","-0.02442467","-0.0064697242","-0.01316582","-0.0007020722","-0.005387479","-7.5545504e-05","1.3969154e-05","-0.008930601","-0.0058702943","0.0009144299","-0.002191905","0.00068072375","0.004769958","-0.0026594377","0.0012356257","-0.0005457685","-0.0064956485","-0.06711237","-0.00035602483","0.0015081523","0.00028825126","0.0019035364","-0.0019369373","-0.0018442923","0.0","0.0","0.0","0.0","0.0","0.0","0.0","0.0","0.0","0.0","0.0","0.0","-0.0046900064","0.0","0.0","0.0","0.0","0.0","0.0","0.0","0.0","0.0","0.0","0.0","0.0","0.0","0.0","0.0","0.0","0.0","0.0","0.0","0.0","0.0","0.0","0.0"
"Laryngeal carcinoma","-0.15311743","-0.006689525","-0.027291033","0.0012765183","-0.02442467","-0.0064697242","-0.01316582","-0.0007020722","-0.005387479","-7.5545504e-05","1.3969154e-05","-0.008930601","-0.0058702943","0.0009144299","-0.002191905","0.00068072375","0.004769958","-0.0026594377","0.0012356257","-0.0005457685","-0.0064956485","-0.06711237","-0.00035602483","0.0015081523","0.00028825126","0.0019035364","-0.0019369373","-0.0018442923","0.0","0.0","0.0","0.0","0.0","0.0","0.0","0.0","0.0","0.0","0.0","0.0","-0.0046900064","0.0","0.0","0.0","0.0","0.0","0.0","0.0","0.0","0.0","0.0","0.0","0.0","0.0","0.0","0.0","0.0","0.0","0.0","0.0","0.0","0.0","0.0","0.0"
"Laryngotracheal stenosis","-0.15311743","-0.006689525","-0.027291033","0.0012765183","-0.02442467","-0.0064697242","-0.01316582","-0.0007020722","-0.005387479","-7.5545504e-05","1.3969154e-05","-0.008930601","-0.0058702943","0.0009144299","-0.002191905","0.00068072375","0.004769958","-0.0026594377","0.0012356257","-0.0005457685","-0.0064956485","-0.06711237","-0.00035602483","0.0015081523","0.00028825126","0.0019035364","-0.0019369373","-0.0018442923","0.0","0.0","0.0","0.0","0.0","0.0","0.0","0.0","0.0","0.0","0.0","0.0","-0.0046900064","0.0","0.0","0.0","0.0","0.0","0.0","0.0","0.0","0.0","0.0","0.0","0.0","0.0","0.0","0.0","0.0","0.0","0.0","0.0","0.0","0.0","0.0","0.0"
"Late onset sepsis","-0.15311743","-0.006689525","-0.027291033","0.0012765183","-0.02442467","-0.0064697242","-0.01316582","-0.0007020722","-0.005387479","-7.5545504e-05","1.3969154e-05","-0.008930601","-0.0058702943","0.0009144299","-0.002191905","0.00068072375","0.004769958","-0.0026594377","0.0012356257","-0.0005457685","-0.0064956485","-0.06711237","-0.00035602483","0.0015081523","0.00028825126","0.0019035364","-0.0019369373","-0.0018442923","0.0","0.0","0.0","0.0","0.0","0.0","0.0","0.0","0.0","0.0","0.0","0.0","-0.0046900064","0.0","0.0","0.0","0.0","0.0","0.0","0.0","0.0","0.0","0.0","0.0","0.0","0.0","0.0","0.0","0.0","0.0","0.0","0.0","0.0","0.0","0.0","0.0"
"Late-onset Sepsis","-0.15311743","-0.006689525","-0.027291033","0.0012765183","-0.02442467","-0.0064697242","-0.01316582","-0.0007020722","-0.005387479","-7.5545504e-05","1.3969154e-05","-0.008930601","-0.0058702943","0.0009144299","-0.002191905","0.00068072375","0.004769958","-0.0026594377","0.0012356257","-0.0005457685","-0.0064956485","-0.06711237","-0.00035602483","0.0015081523","0.00028825126","0.0019035364","-0.0019369373","-0.0018442923","0.0","0.0","0.0","0.0","0.0","0.0","0.0","0.0","0.0","0.0","0.0","0.0","-0.0046900064","0.0","0.0","0.0","0.0","0.0","0.0","0.0","0.0","0.0","0.0","0.0","0.0","0.0","0.0","0.0","0.0","0.0","0.0","0.0","0.0","0.0","0.0","0.0"
"Listeria monocytogenes infection","-0.15311743","-0.006689525","-0.027291033","0.0012765183","-0.02442467","-0.0064697242","-0.01316582","-0.0007020722","-0.005387479","-7.5545504e-05","1.3969154e-05","-0.008930601","-0.0058702943","0.0009144299","-0.002191905","0.00068072375","0.004769958","-0.0026594377","0.0012356257","-0.0005457685","-0.0064956485","-0.06711237","-0.00035602483","0.0015081523","0.00028825126","0.0019035364","-0.0019369373","-0.0018442923","0.0","0.0","0.0","0.0","0.0","0.0","0.0","0.0","0.0","0.0","0.0","0.0","-0.0046900064","0.0","0.0","0.0","0.0","0.0","0.0","0.0","0.0","0.0","0.0","0.0","0.0","0.0","0.0","0.0","0.0","0.0","0.0","0.0","0.0","0.0","0.0","0.0"
"Liver cirrhosis","-0.15311743","-0.006689525","-0.027291033","0.0012765183","-0.02442467","-0.0064697242","-0.01316582","-0.0007020722","-0.005387479","-7.5545504e-05","1.3969154e-05","-0.008930601","-0.0058702943","0.0009144299","-0.002191905","0.00068072375","0.004769958","-0.0026594377","0.0012356257","-0.0005457685","-0.0064956485","-0.06711237","-0.00035602483","0.0015081523","0.00028825126","0.0019035364","-0.0019369373","-0.0018442923","0.0","0.0","0.0","0.0","0.0","0.0","0.0","0.0","0.0","0.0","0.0","0.0","-0.0046900064","0.0","0.0","0.0","0.0","0.0","0.0","0.0","0.0","0.0","0.0","0.0","0.0","0.0","0.0","0.0","0.0","0.0","0.0","0.0","0.0","0.0","0.0","0.0"
"Liver fibrosis","-0.15311743","-0.006689525","-0.027291033","0.0012765183","-0.02442467","-0.0064697242","-0.01316582","-0.0007020722","-0.005387479","-7.5545504e-05","1.3969154e-05","-0.008930601","-0.0058702943","0.0009144299","-0.002191905","0.00068072375","0.004769958","-0.0026594377","0.0012356257","-0.0005457685","-0.0064956485","-0.06711237","-0.00035602483","0.0015081523","0.00028825126","0.0019035364","-0.0019369373","-0.0018442923","0.0","0.0","0.0","0.0","0.0","0.0","0.0","0.0","0.0","0.0","0.0","0.0","-0.0046900064","0.0","0.0","0.0","0.0","0.0","0.0","0.0","0.0","0.0","0.0","0.0","0.0","0.0","0.0","0.0","0.0","0.0","0.0","0.0","0.0","0.0","0.0","0.0"
"Liver transplant","-0.15311743","-0.006689525","-0.027291033","0.0012765183","-0.02442467","-0.0064697242","-0.01316582","-0.0007020722","-0.005387479","-7.5545504e-05","1.3969154e-05","-0.008930601","-0.0058702943","0.0009144299","-0.002191905","0.00068072375","0.004769958","-0.0026594377","0.0012356257","-0.0005457685","-0.0064956485","-0.06711237","-0.00035602483","0.0015081523","0.00028825126","0.0019035364","-0.0019369373","-0.0018442923","0.0","0.0","0.0","0.0","0.0","0.0","0.0","0.0","0.0","0.0","0.0","0.0","-0.0046900064","0.0","0.0","0.0","0.0","0.0","0.0","0.0","0.0","0.0","0.0","0.0","0.0","0.0","0.0","0.0","0.0","0.0","0.0","0.0","0.0","0.0","0.0","0.0"
"Lower respiratory tract infection","-0.15311743","-0.006689525","-0.027291033","0.0012765183","-0.02442467","-0.0064697242","-0.01316582","-0.0007020722","-0.005387479","-7.5545504e-05","1.3969154e-05","-0.008930601","-0.0058702943","0.0009144299","-0.002191905","0.00068072375","0.004769958","-0.0026594377","0.0012356257","-0.0005457685","-0.0064956485","-0.06711237","-0.00035602483","0.0015081523","0.00028825126","0.0019035364","-0.0019369373","-0.0018442923","0.0","0.0","0.0","0.0","0.0","0.0","0.0","0.0","0.0","0.0","0.0","0.0","-0.0046900064","0.0","0.0","0.0","0.0","0.0","0.0","0.0","0.0","0.0","0.0","0.0","0.0","0.0","0.0","0.0","0.0","0.0","0.0","0.0","0.0","0.0","0.0","0.0"
"Lung cancer","-0.15311743","-0.006689525","-0.027291033","0.0012765183","-0.02442467","-0.0064697242","-0.01316582","-0.0007020722","-0.005387479","-7.5545504e-05","1.3969154e-05","-0.008930601","-0.0058702943","0.0009144299","-0.002191905","0.00068072375","0.004769958","-0.0026594377","0.0012356257","-0.0005457685","-0.0064956485","-0.06711237","-0.00035602483","0.0015081523","0.00028825126","0.0019035364","-0.0019369373","-0.0018442923","0.0","0.0","0.0","0.0","0.0","0.0","0.0","0.0","0.0","0.0","0.0","0.0","-0.0046900064","0.0","0.0","0.0","0.0","0.0","0.0","0.0","0.0","0.0","0.0","0.0","0.0","0.0","0.0","0.0","0.0","0.0","0.0","0.0","0.0","0.0","0.0","0.0"
"Macular degeneration","-0.15311743","-0.006689525","-0.027291033","0.0012765183","-0.02442467","-0.0064697242","-0.01316582","-0.0007020722","-0.005387479","-7.5545504e-05","1.3969154e-05","-0.008930601","-0.0058702943","0.0009144299","-0.002191905","0.00068072375","0.004769958","-0.0026594377","0.0012356257","-0.0005457685","-0.0064956485","-0.06711237","-0.00035602483","0.0015081523","0.00028825126","0.0019035364","-0.0019369373","-0.0018442923","0.0","0.0","0.0","0.0","0.0","0.0","0.0","0.0","0.0","0.0","0.0","0.0","-0.0046900064","0.0","0.0","0.0","0.0","0.0","0.0","0.0","0.0","0.0","0.0","0.0","0.0","0.0","0.0","0.0","0.0","0.0","0.0","0.0","0.0","0.0","0.0","0.0"
"Major depressive disorder","-0.15311743","-0.006689525","-0.027291033","0.0012765183","-0.02442467","-0.0064697242","-0.01316582","-0.0007020722","-0.005387479","-7.5545504e-05","1.3969154e-05","-0.008930601","-0.0058702943","0.0009144299","-0.002191905","0.00068072375","0.004769958","-0.0026594377","0.0012356257","-0.0005457685","-0.0064956485","-0.06711237","-0.00035602483","0.0015081523","0.00028825126","0.0019035364","-0.0019369373","-0.0018442923","0.0","0.0","0.0","0.0","0.0","0.0","0.0","0.0","0.0","0.0","0.0","0.0","-0.0046900064","0.0","0.0","0.0","0.0","0.0","0.0","0.0","0.0","0.0","0.0","0.0","0.0","0.0","0.0","0.0","0.0","0.0","0.0","0.0","0.0","0.0","0.0","0.0"
"Maturity-onset diabetes of the young 2","-0.15311743","-0.006689525","-0.027291033","0.0012765183","-0.02442467","-0.0064697242","-0.01316582","-0.0007020722","-0.005387479","-7.5545504e-05","1.3969154e-05","-0.008930601","-0.0058702943","0.0009144299","-0.002191905","0.00068072375","0.004769958","-0.0026594377","0.0012356257","-0.0005457685","-0.0064956485","-0.06711237","-0.00035602483","0.0015081523","0.00028825126","0.0019035364","-0.0019369373","-0.0018442923","0.0","0.0","0.0","0.0","0.0","0.0","0.0","0.0","0.0","0.0","0.0","0.0","-0.0046900064","0.0","0.0","0.0","0.0","0.0","0.0","0.0","0.0","0.0","0.0","0.0","0.0","0.0","0.0","0.0","0.0","0.0","0.0","0.0","0.0","0.0","0.0","0.0"
"Megaesophagus","-0.15311743","-0.006689525","-0.027291033","0.0012765183","-0.02442467","-0.0064697242","-0.01316582","-0.0007020722","-0.005387479","-7.5545504e-05","1.3969154e-05","-0.008930601","-0.0058702943","0.0009144299","-0.002191905","0.00068072375","0.004769958","-0.0026594377","0.0012356257","-0.0005457685","-0.0064956485","-0.06711237","-0.00035602483","0.0015081523","0.00028825126","0.0019035364","-0.0019369373","-0.0018442923","0.0","0.0","0.0","0.0","0.0","0.0","0.0","0.0","0.0","0.0","0.0","0.0","-0.0046900064","0.0","0.0","0.0","0.0","0.0","0.0","0.0","0.0","0.0","0.0","0.0","0.0","0.0","0.0","0.0","0.0","0.0","0.0","0.0","0.0","0.0","0.0","0.0"
"Meningococcal disease","-0.15311743","-0.006689525","-0.027291033","0.0012765183","-0.02442467","-0.0064697242","-0.01316582","-0.0007020722","-0.005387479","-7.5545504e-05","1.3969154e-05","-0.008930601","-0.0058702943","0.0009144299","-0.002191905","0.00068072375","0.004769958","-0.0026594377","0.0012356257","-0.0005457685","-0.0064956485","-0.06711237","-0.00035602483","0.0015081523","0.00028825126","0.0019035364","-0.0019369373","-0.0018442923","0.0","0.0","0.0","0.0","0.0","0.0","0.0","0.0","0.0","0.0","0.0","0.0","-0.0046900064","0.0","0.0","0.0","0.0","0.0","0.0","0.0","0.0","0.0","0.0","0.0","0.0","0.0","0.0","0.0","0.0","0.0","0.0","0.0","0.0","0.0","0.0","0.0"
"Metabolic syndrome","-0.15311743","-0.006689525","-0.027291033","0.0012765183","-0.02442467","-0.0064697242","-0.01316582","-0.0007020722","-0.005387479","-7.5545504e-05","1.3969154e-05","-0.008930601","-0.0058702943","0.0009144299","-0.002191905","0.00068072375","0.004769958","-0.0026594377","0.0012356257","-0.0005457685","-0.0064956485","-0.06711237","-0.00035602483","0.0015081523","0.00028825126","0.0019035364","-0.0019369373","-0.0018442923","0.0","0.0","0.0","0.0","0.0","0.0","0.0","0.0","0.0","0.0","0.0","0.0","-0.0046900064","0.0","0.0","0.0","0.0","0.0","0.0","0.0","0.0","0.0","0.0","0.0","0.0","0.0","0.0","0.0","0.0","0.0","0.0","0.0","0.0","0.0","0.0","0.0"
"Microscopic colitis","-0.15311743","-0.006689525","-0.027291033","0.0012765183","-0.02442467","-0.0064697242","-0.01316582","-0.0007020722","-0.005387479","-7.5545504e-05","1.3969154e-05","-0.008930601","-0.0058702943","0.0009144299","-0.002191905","0.00068072375","0.004769958","-0.0026594377","0.0012356257","-0.0005457685","-0.0064956485","-0.06711237","-0.00035602483","0.0015081523","0.00028825126","0.0019035364","-0.0019369373","-0.0018442923","0.0","0.0","0.0","0.0","0.0","0.0","0.0","0.0","0.0","0.0","0.0","0.0","-0.0046900064","0.0","0.0","0.0","0.0","0.0","0.0","0.0","0.0","0.0","0.0","0.0","0.0","0.0","0.0","0.0","0.0","0.0","0.0","0.0","0.0","0.0","0.0","0.0"
"Migraine","-0.15311743","-0.006689525","-0.027291033","0.0012765183","-0.02442467","-0.0064697242","-0.01316582","-0.0007020722","-0.005387479","-7.5545504e-05","1.3969154e-05","-0.008930601","-0.0058702943","0.0009144299","-0.002191905","0.00068072375","0.004769958","-0.0026594377","0.0012356257","-0.0005457685","-0.0064956485","-0.06711237","-0.00035602483","0.0015081523","0.00028825126","0.0019035364","-0.0019369373","-0.0018442923","0.0","0.0","0.0","0.0","0.0","0.0","0.0","0.0","0.0","0.0","0.0","0.0","-0.0046900064","0.0","0.0","0.0","0.0","0.0","0.0","0.0","0.0","0.0","0.0","0.0","0.0","0.0","0.0","0.0","0.0","0.0","0.0","0.0","0.0","0.0","0.0","0.0"
"Mild cognitive impairment","-0.15311743","-0.006689525","-0.027291033","0.0012765183","-0.02442467","-0.0064697242","-0.01316582","-0.0007020722","-0.005387479","-7.5545504e-05","1.3969154e-05","-0.008930601","-0.0058702943","0.0009144299","-0.002191905","0.00068072375","0.004769958","-0.0026594377","0.0012356257","-0.0005457685","-0.0064956485","-0.06711237","-0.00035602483","0.0015081523","0.00028825126","0.0019035364","-0.0019369373","-0.0018442923","0.0","0.0","0.0","0.0","0.0","0.0","0.0","0.0","0.0","0.0","0.0","0.0","-0.0046900064","0.0","0.0","0.0","0.0","0.0","0.0","0.0","0.0","0.0","0.0","0.0","0.0","0.0","0.0","0.0","0.0","0.0","0.0","0.0","0.0","0.0","0.0","0.0"
"Miscarriage","-0.15311743","-0.006689525","-0.027291033","0.0012765183","-0.02442467","-0.0064697242","-0.01316582","-0.0007020722","-0.005387479","-7.5545504e-05","1.3969154e-05","-0.008930601","-0.0058702943","0.0009144299","-0.002191905","0.00068072375","0.004769958","-0.0026594377","0.0012356257","-0.0005457685","-0.0064956485","-0.06711237","-0.00035602483","0.0015081523","0.00028825126","0.0019035364","-0.0019369373","-0.0018442923","0.0","0.0","0.0","0.0","0.0","0.0","0.0","0.0","0.0","0.0","0.0","0.0","-0.0046900064","0.0","0.0","0.0","0.0","0.0","0.0","0.0","0.0","0.0","0.0","0.0","0.0","0.0","0.0","0.0","0.0","0.0","0.0","0.0","0.0","0.0","0.0","0.0"
"Mucosa-associated lymphoid tissue lymphoma","-0.15311743","-0.006689525","-0.027291033","0.0012765183","-0.02442467","-0.0064697242","-0.01316582","-0.0007020722","-0.005387479","-7.5545504e-05","1.3969154e-05","-0.008930601","-0.0058702943","0.0009144299","-0.002191905","0.00068072375","0.004769958","-0.0026594377","0.0012356257","-0.0005457685","-0.0064956485","-0.06711237","-0.00035602483","0.0015081523","0.00028825126","0.0019035364","-0.0019369373","-0.0018442923","0.0","0.0","0.0","0.0","0.0","0.0","0.0","0.0","0.0","0.0","0.0","0.0","-0.0046900064","0.0","0.0","0.0","0.0","0.0","0.0","0.0","0.0","0.0","0.0","0.0","0.0","0.0","0.0","0.0","0.0","0.0","0.0","0.0","0.0","0.0","0.0","0.0"
"Multiple Sclerosis","-0.15311743","-0.006689525","-0.027291033","0.0012765183","-0.02442467","-0.0064697242","-0.01316582","-0.0007020722","-0.005387479","-7.5545504e-05","1.3969154e-05","-0.008930601","-0.0058702943","0.0009144299","-0.002191905","0.00068072375","0.004769958","-0.0026594377","0.0012356257","-0.0005457685","-0.0064956485","-0.06711237","-0.00035602483","0.0015081523","0.00028825126","0.0019035364","-0.0019369373","-0.0018442923","0.0","0.0","0.0","0.0","0.0","0.0","0.0","0.0","0.0","0.0","0.0","0.0","-0.0046900064","0.0","0.0","0.0","0.0","0.0","0.0","0.0","0.0","0.0","0.0","0.0","0.0","0.0","0.0","0.0","0.0","0.0","0.0","0.0","0.0","0.0","0.0","0.0"
"Multiple system atrophy","-0.15311743","-0.006689525","-0.027291033","0.0012765183","-0.02442467","-0.0064697242","-0.01316582","-0.0007020722","-0.005387479","-7.5545504e-05","1.3969154e-05","-0.008930601","-0.0058702943","0.0009144299","-0.002191905","0.00068072375","0.004769958","-0.0026594377","0.0012356257","-0.0005457685","-0.0064956485","-0.06711237","-0.00035602483","0.0015081523","0.00028825126","0.0019035364","-0.0019369373","-0.0018442923","0.0","0.0","0.0","0.0","0.0","0.0","0.0","0.0","0.0","0.0","0.0","0.0","-0.0046900064","0.0","0.0","0.0","0.0","0.0","0.0","0.0","0.0","0.0","0.0","0.0","0.0","0.0","0.0","0.0","0.0","0.0","0.0","0.0","0.0","0.0","0.0","0.0"
"Myasthenia gravis","-0.15311743","-0.006689525","-0.027291033","0.0012765183","-0.02442467","-0.0064697242","-0.01316582","-0.0007020722","-0.005387479","-7.5545504e-05","1.3969154e-05","-0.008930601","-0.0058702943","0.0009144299","-0.002191905","0.00068072375","0.004769958","-0.0026594377","0.0012356257","-0.0005457685","-0.0064956485","-0.06711237","-0.00035602483","0.0015081523","0.00028825126","0.0019035364","-0.0019369373","-0.0018442923","0.0","0.0","0.0","0.0","0.0","0.0","0.0","0.0","0.0","0.0","0.0","0.0","-0.0046900064","0.0","0.0","0.0","0.0","0.0","0.0","0.0","0.0","0.0","0.0","0.0","0.0","0.0","0.0","0.0","0.0","0.0","0.0","0.0","0.0","0.0","0.0","0.0"
"NAFLD","-0.15311743","-0.006689525","-0.027291033","0.0012765183","-0.02442467","-0.0064697242","-0.01316582","-0.0007020722","-0.005387479","-7.5545504e-05","1.3969154e-05","-0.008930601","-0.0058702943","0.0009144299","-0.002191905","0.00068072375","0.004769958","-0.0026594377","0.0012356257","-0.0005457685","-0.0064956485","-0.06711237","-0.00035602483","0.0015081523","0.00028825126","0.0019035364","-0.0019369373","-0.0018442923","0.0","0.0","0.0","0.0","0.0","0.0","0.0","0.0","0.0","0.0","0.0","0.0","-0.0046900064","0.0","0.0","0.0","0.0","0.0","0.0","0.0","0.0","0.0","0.0","0.0","0.0","0.0","0.0","0.0","0.0","0.0","0.0","0.0","0.0","0.0","0.0","0.0"
"Nasolacrimal duct obstruction","-0.15311743","-0.006689525","-0.027291033","0.0012765183","-0.02442467","-0.0064697242","-0.01316582","-0.0007020722","-0.005387479","-7.5545504e-05","1.3969154e-05","-0.008930601","-0.0058702943","0.0009144299","-0.002191905","0.00068072375","0.004769958","-0.0026594377","0.0012356257","-0.0005457685","-0.0064956485","-0.06711237","-0.00035602483","0.0015081523","0.00028825126","0.0019035364","-0.0019369373","-0.0018442923","0.0","0.0","0.0","0.0","0.0","0.0","0.0","0.0","0.0","0.0","0.0","0.0","-0.0046900064","0.0","0.0","0.0","0.0","0.0","0.0","0.0","0.0","0.0","0.0","0.0","0.0","0.0","0.0","0.0","0.0","0.0","0.0","0.0","0.0","0.0","0.0","0.0"
"Necrotizing Enterocolitis","-0.15311743","-0.006689525","-0.027291033","0.0012765183","-0.02442467","-0.0064697242","-0.01316582","-0.0007020722","-0.005387479","-7.5545504e-05","1.3969154e-05","-0.008930601","-0.0058702943","0.0009144299","-0.002191905","0.00068072375","0.004769958","-0.0026594377","0.0012356257","-0.0005457685","-0.0064956485","-0.06711237","-0.00035602483","0.0015081523","0.00028825126","0.0019035364","-0.0019369373","-0.0018442923","0.0","0.0","0.0","0.0","0.0","0.0","0.0","0.0","0.0","0.0","0.0","0.0","-0.0046900064","0.0","0.0","0.0","0.0","0.0","0.0","0.0","0.0","0.0","0.0","0.0","0.0","0.0","0.0","0.0","0.0","0.0","0.0","0.0","0.0","0.0","0.0","0.0"
"Necrotizing enterocolitis","-0.15311743","-0.006689525","-0.027291033","0.0012765183","-0.02442467","-0.0064697242","-0.01316582","-0.0007020722","-0.005387479","-7.5545504e-05","1.3969154e-05","-0.008930601","-0.0058702943","0.0009144299","-0.002191905","0.00068072375","0.004769958","-0.0026594377","0.0012356257","-0.0005457685","-0.0064956485","-0.06711237","-0.00035602483","0.0015081523","0.00028825126","0.0019035364","-0.0019369373","-0.0018442923","0.0","0.0","0.0","0.0","0.0","0.0","0.0","0.0","0.0","0.0","0.0","0.0","-0.0046900064","0.0","0.0","0.0","0.0","0.0","0.0","0.0","0.0","0.0","0.0","0.0","0.0","0.0","0.0","0.0","0.0","0.0","0.0","0.0","0.0","0.0","0.0","0.0"
"Neisseria gonorrhoeae infection","-0.15311743","-0.006689525","-0.027291033","0.0012765183","-0.02442467","-0.0064697242","-0.01316582","-0.0007020722","-0.005387479","-7.5545504e-05","1.3969154e-05","-0.008930601","-0.0058702943","0.0009144299","-0.002191905","0.00068072375","0.004769958","-0.0026594377","0.0012356257","-0.0005457685","-0.0064956485","-0.06711237","-0.00035602483","0.0015081523","0.00028825126","0.0019035364","-0.0019369373","-0.0018442923","0.0","0.0","0.0","0.0","0.0","0.0","0.0","0.0","0.0","0.0","0.0","0.0","-0.0046900064","0.0","0.0","0.0","0.0","0.0","0.0","0.0","0.0","0.0","0.0","0.0","0.0","0.0","0.0","0.0","0.0","0.0","0.0","0.0","0.0","0.0","0.0","0.0"
"Nephrolithiasis","-0.15311743","-0.006689525","-0.027291033","0.0012765183","-0.02442467","-0.0064697242","-0.01316582","-0.0007020722","-0.005387479","-7.5545504e-05","1.3969154e-05","-0.008930601","-0.0058702943","0.0009144299","-0.002191905","0.00068072375","0.004769958","-0.0026594377","0.0012356257","-0.0005457685","-0.0064956485","-0.06711237","-0.00035602483","0.0015081523","0.00028825126","0.0019035364","-0.0019369373","-0.0018442923","0.0","0.0","0.0","0.0","0.0","0.0","0.0","0.0","0.0","0.0","0.0","0.0","-0.0046900064","0.0","0.0","0.0","0.0","0.0","0.0","0.0","0.0","0.0","0.0","0.0","0.0","0.0","0.0","0.0","0.0","0.0","0.0","0.0","0.0","0.0","0.0","0.0"
"Neuro-Behcet's disease","-0.15311743","-0.006689525","-0.027291033","0.0012765183","-0.02442467","-0.0064697242","-0.01316582","-0.0007020722","-0.005387479","-7.5545504e-05","1.3969154e-05","-0.008930601","-0.0058702943","0.0009144299","-0.002191905","0.00068072375","0.004769958","-0.0026594377","0.0012356257","-0.0005457685","-0.0064956485","-0.06711237","-0.00035602483","0.0015081523","0.00028825126","0.0019035364","-0.0019369373","-0.0018442923","0.0","0.0","0.0","0.0","0.0","0.0","0.0","0.0","0.0","0.0","0.0","0.0","-0.0046900064","0.0","0.0","0.0","0.0","0.0","0.0","0.0","0.0","0.0","0.0","0.0","0.0","0.0","0.0","0.0","0.0","0.0","0.0","0.0","0.0","0.0","0.0","0.0"
"Neuromyelitis optica","-0.15311743","-0.006689525","-0.027291033","0.0012765183","-0.02442467","-0.0064697242","-0.01316582","-0.0007020722","-0.005387479","-7.5545504e-05","1.3969154e-05","-0.008930601","-0.0058702943","0.0009144299","-0.002191905","0.00068072375","0.004769958","-0.0026594377","0.0012356257","-0.0005457685","-0.0064956485","-0.06711237","-0.00035602483","0.0015081523","0.00028825126","0.0019035364","-0.0019369373","-0.0018442923","0.0","0.0","0.0","0.0","0.0","0.0","0.0","0.0","0.0","0.0","0.0","0.0","-0.0046900064","0.0","0.0","0.0","0.0","0.0","0.0","0.0","0.0","0.0","0.0","0.0","0.0","0.0","0.0","0.0","0.0","0.0","0.0","0.0","0.0","0.0","0.0","0.0"
"Neuropathic bladder","-0.15311743","-0.006689525","-0.027291033","0.0012765183","-0.02442467","-0.0064697242","-0.01316582","-0.0007020722","-0.005387479","-7.5545504e-05","1.3969154e-05","-0.008930601","-0.0058702943","0.0009144299","-0.002191905","0.00068072375","0.004769958","-0.0026594377","0.0012356257","-0.0005457685","-0.0064956485","-0.06711237","-0.00035602483","0.0015081523","0.00028825126","0.0019035364","-0.0019369373","-0.0018442923","0.0","0.0","0.0","0.0","0.0","0.0","0.0","0.0","0.0","0.0","0.0","0.0","-0.0046900064","0.0","0.0","0.0","0.0","0.0","0.0","0.0","0.0","0.0","0.0","0.0","0.0","0.0","0.0","0.0","0.0","0.0","0.0","0.0","0.0","0.0","0.0","0.0"
"New-onset untreated rheumatoid arthrits","-0.15311743","-0.006689525","-0.027291033","0.0012765183","-0.02442467","-0.0064697242","-0.01316582","-0.0007020722","-0.005387479","-7.5545504e-05","1.3969154e-05","-0.008930601","-0.0058702943","0.0009144299","-0.002191905","0.00068072375","0.004769958","-0.0026594377","0.0012356257","-0.0005457685","-0.0064956485","-0.06711237","-0.00035602483","0.0015081523","0.00028825126","0.0019035364","-0.0019369373","-0.0018442923","0.0","0.0","0.0","0.0","0.0","0.0","0.0","0.0","0.0","0.0","0.0","0.0","-0.0046900064","0.0","0.0","0.0","0.0","0.0","0.0","0.0","0.0","0.0","0.0","0.0","0.0","0.0","0.0","0.0","0.0","0.0","0.0","0.0","0.0","0.0","0.0","0.0"
"Non alcoholic steatohepatitis","-0.15311743","-0.006689525","-0.027291033","0.0012765183","-0.02442467","-0.0064697242","-0.01316582","-0.0007020722","-0.005387479","-7.5545504e-05","1.3969154e-05","-0.008930601","-0.0058702943","0.0009144299","-0.002191905","0.00068072375","0.004769958","-0.0026594377","0.0012356257","-0.0005457685","-0.0064956485","-0.06711237","-0.00035602483","0.0015081523","0.00028825126","0.0019035364","-0.0019369373","-0.0018442923","0.0","0.0","0.0","0.0","0.0","0.0","0.0","0.0","0.0","0.0","0.0","0.0","-0.0046900064","0.0","0.0","0.0","0.0","0.0","0.0","0.0","0.0","0.0","0.0","0.0","0.0","0.0","0.0","0.0","0.0","0.0","0.0","0.0","0.0","0.0","0.0","0.0"
"Non-Oedematous Malnutrition","-0.15311743","-0.006689525","-0.027291033","0.0012765183","-0.02442467","-0.0064697242","-0.01316582","-0.0007020722","-0.005387479","-7.5545504e-05","1.3969154e-05","-0.008930601","-0.0058702943","0.0009144299","-0.002191905","0.00068072375","0.004769958","-0.0026594377","0.0012356257","-0.0005457685","-0.0064956485","-0.06711237","-0.00035602483","0.0015081523","0.00028825126","0.0019035364","-0.0019369373","-0.0018442923","0.0","0.0","0.0","0.0","0.0","0.0","0.0","0.0","0.0","0.0","0.0","0.0","-0.0046900064","0.0","0.0","0.0","0.0","0.0","0.0","0.0","0.0","0.0","0.0","0.0","0.0","0.0","0.0","0.0","0.0","0.0","0.0","0.0","0.0","0.0","0.0","0.0"
"Non-alcoholic Fatty Liver Disease","-0.15311743","-0.006689525","-0.027291033","0.0012765183","-0.02442467","-0.0064697242","-0.01316582","-0.0007020722","-0.005387479","-7.5545504e-05","1.3969154e-05","-0.008930601","-0.0058702943","0.0009144299","-0.002191905","0.00068072375","0.004769958","-0.0026594377","0.0012356257","-0.0005457685","-0.0064956485","-0.06711237","-0.00035602483","0.0015081523","0.00028825126","0.0019035364","-0.0019369373","-0.0018442923","0.0","0.0","0.0","0.0","0.0","0.0","0.0","0.0","0.0","0.0","0.0","0.0","-0.0046900064","0.0","0.0","0.0","0.0","0.0","0.0","0.0","0.0","0.0","0.0","0.0","0.0","0.0","0.0","0.0","0.0","0.0","0.0","0.0","0.0","0.0","0.0","0.0"
"Non-alcoholic fatty liver disease","-0.15311743","-0.006689525","-0.027291033","0.0012765183","-0.02442467","-0.0064697242","-0.01316582","-0.0007020722","-0.005387479","-7.5545504e-05","1.3969154e-05","-0.008930601","-0.0058702943","0.0009144299","-0.002191905","0.00068072375","0.004769958","-0.0026594377","0.0012356257","-0.0005457685","-0.0064956485","-0.06711237","-0.00035602483","0.0015081523","0.00028825126","0.0019035364","-0.0019369373","-0.0018442923","0.0","0.0","0.0","0.0","0.0","0.0","0.0","0.0","0.0","0.0","0.0","0.0","-0.0046900064","0.0","0.0","0.0","0.0","0.0","0.0","0.0","0.0","0.0","0.0","0.0","0.0","0.0","0.0","0.0","0.0","0.0","0.0","0.0","0.0","0.0","0.0","0.0"
"Nonalcoholic fatty liver disease","-0.15311743","-0.006689525","-0.027291033","0.0012765183","-0.02442467","-0.0064697242","-0.01316582","-0.0007020722","-0.005387479","-7.5545504e-05","1.3969154e-05","-0.008930601","-0.0058702943","0.0009144299","-0.002191905","0.00068072375","0.004769958","-0.0026594377","0.0012356257","-0.0005457685","-0.0064956485","-0.06711237","-0.00035602483","0.0015081523","0.00028825126","0.0019035364","-0.0019369373","-0.0018442923","0.0","0.0","0.0","0.0","0.0","0.0","0.0","0.0","0.0","0.0","0.0","0.0","-0.0046900064","0.0","0.0","0.0","0.0","0.0","0.0","0.0","0.0","0.0","0.0","0.0","0.0","0.0","0.0","0.0","0.0","0.0","0.0","0.0","0.0","0.0","0.0","0.0"
"Nonalcoholic steatohepatitis","-0.15311743","-0.006689525","-0.027291033","0.0012765183","-0.02442467","-0.0064697242","-0.01316582","-0.0007020722","-0.005387479","-7.5545504e-05","1.3969154e-05","-0.008930601","-0.0058702943","0.0009144299","-0.002191905","0.00068072375","0.004769958","-0.0026594377","0.0012356257","-0.0005457685","-0.0064956485","-0.06711237","-0.00035602483","0.0015081523","0.00028825126","0.0019035364","-0.0019369373","-0.0018442923","0.0","0.0","0.0","0.0","0.0","0.0","0.0","0.0","0.0","0.0","0.0","0.0","-0.0046900064","0.0","0.0","0.0","0.0","0.0","0.0","0.0","0.0","0.0","0.0","0.0","0.0","0.0","0.0","0.0","0.0","0.0","0.0","0.0","0.0","0.0","0.0","0.0"
"Nongonococcal urethritis","-0.15311743","-0.006689525","-0.027291033","0.0012765183","-0.02442467","-0.0064697242","-0.01316582","-0.0007020722","-0.005387479","-7.5545504e-05","1.3969154e-05","-0.008930601","-0.0058702943","0.0009144299","-0.002191905","0.00068072375","0.004769958","-0.0026594377","0.0012356257","-0.0005457685","-0.0064956485","-0.06711237","-0.00035602483","0.0015081523","0.00028825126","0.0019035364","-0.0019369373","-0.0018442923","0.0","0.0","0.0","0.0","0.0","0.0","0.0","0.0","0.0","0.0","0.0","0.0","-0.0046900064","0.0","0.0","0.0","0.0","0.0","0.0","0.0","0.0","0.0","0.0","0.0","0.0","0.0","0.0","0.0","0.0","0.0","0.0","0.0","0.0","0.0","0.0","0.0"
"Normal weight obesity","-0.15311743","-0.006689525","-0.027291033","0.0012765183","-0.02442467","-0.0064697242","-0.01316582","-0.0007020722","-0.005387479","-7.5545504e-05","1.3969154e-05","-0.008930601","-0.0058702943","0.0009144299","-0.002191905","0.00068072375","0.004769958","-0.0026594377","0.0012356257","-0.0005457685","-0.0064956485","-0.06711237","-0.00035602483","0.0015081523","0.00028825126","0.0019035364","-0.0019369373","-0.0018442923","0.0","0.0","0.0","0.0","0.0","0.0","0.0","0.0","0.0","0.0","0.0","0.0","-0.0046900064","0.0","0.0","0.0","0.0","0.0","0.0","0.0","0.0","0.0","0.0","0.0","0.0","0.0","0.0","0.0","0.0","0.0","0.0","0.0","0.0","0.0","0.0","0.0"
"Norovirus infection","-0.15311743","-0.006689525","-0.027291033","0.0012765183","-0.02442467","-0.0064697242","-0.01316582","-0.0007020722","-0.005387479","-7.5545504e-05","1.3969154e-05","-0.008930601","-0.0058702943","0.0009144299","-0.002191905","0.00068072375","0.004769958","-0.0026594377","0.0012356257","-0.0005457685","-0.0064956485","-0.06711237","-0.00035602483","0.0015081523","0.00028825126","0.0019035364","-0.0019369373","-0.0018442923","0.0","0.0","0.0","0.0","0.0","0.0","0.0","0.0","0.0","0.0","0.0","0.0","-0.0046900064","0.0","0.0","0.0","0.0","0.0","0.0","0.0","0.0","0.0","0.0","0.0","0.0","0.0","0.0","0.0","0.0","0.0","0.0","0.0","0.0","0.0","0.0","0.0"
"Obesity","-0.15311743","-0.006689525","-0.027291033","0.0012765183","-0.02442467","-0.0064697242","-0.01316582","-0.0007020722","-0.005387479","-7.5545504e-05","1.3969154e-05","-0.008930601","-0.0058702943","0.0009144299","-0.002191905","0.00068072375","0.004769958","-0.0026594377","0.0012356257","-0.0005457685","-0.0064956485","-0.06711237","-0.00035602483","0.0015081523","0.00028825126","0.0019035364","-0.0019369373","-0.0018442923","0.0","0.0","0.0","0.0","0.0","0.0","0.0","0.0","0.0","0.0","0.0","0.0","-0.0046900064","0.0","0.0","0.0","0.0","0.0","0.0","0.0","0.0","0.0","0.0","0.0","0.0","0.0","0.0","0.0","0.0","0.0","0.0","0.0","0.0","0.0","0.0","0.0"
"Obstructive sleep apnea-hypopnea syndrome","-0.15311743","-0.006689525","-0.027291033","0.0012765183","-0.02442467","-0.0064697242","-0.01316582","-0.0007020722","-0.005387479","-7.5545504e-05","1.3969154e-05","-0.008930601","-0.0058702943","0.0009144299","-0.002191905","0.00068072375","0.004769958","-0.0026594377","0.0012356257","-0.0005457685","-0.0064956485","-0.06711237","-0.00035602483","0.0015081523","0.00028825126","0.0019035364","-0.0019369373","-0.0018442923","0.0","0.0","0.0","0.0","0.0","0.0","0.0","0.0","0.0","0.0","0.0","0.0","-0.0046900064","0.0","0.0","0.0","0.0","0.0","0.0","0.0","0.0","0.0","0.0","0.0","0.0","0.0","0.0","0.0","0.0","0.0","0.0","0.0","0.0","0.0","0.0","0.0"
"Oedematous Malnutrition","-0.15311743","-0.006689525","-0.027291033","0.0012765183","-0.02442467","-0.0064697242","-0.01316582","-0.0007020722","-0.005387479","-7.5545504e-05","1.3969154e-05","-0.008930601","-0.0058702943","0.0009144299","-0.002191905","0.00068072375","0.004769958","-0.0026594377","0.0012356257","-0.0005457685","-0.0064956485","-0.06711237","-0.00035602483","0.0015081523","0.00028825126","0.0019035364","-0.0019369373","-0.0018442923","0.0","0.0","0.0","0.0","0.0","0.0","0.0","0.0","0.0","0.0","0.0","0.0","-0.0046900064","0.0","0.0","0.0","0.0","0.0","0.0","0.0","0.0","0.0","0.0","0.0","0.0","0.0","0.0","0.0","0.0","0.0","0.0","0.0","0.0","0.0","0.0","0.0"
"Oligoasthenoteratozoospermia","-0.15311743","-0.006689525","-0.027291033","0.0012765183","-0.02442467","-0.0064697242","-0.01316582","-0.0007020722","-0.005387479","-7.5545504e-05","1.3969154e-05","-0.008930601","-0.0058702943","0.0009144299","-0.002191905","0.00068072375","0.004769958","-0.0026594377","0.0012356257","-0.0005457685","-0.0064956485","-0.06711237","-0.00035602483","0.0015081523","0.00028825126","0.0019035364","-0.0019369373","-0.0018442923","0.0","0.0","0.0","0.0","0.0","0.0","0.0","0.0","0.0","0.0","0.0","0.0","-0.0046900064","0.0","0.0","0.0","0.0","0.0","0.0","0.0","0.0","0.0","0.0","0.0","0.0","0.0","0.0","0.0","0.0","0.0","0.0","0.0","0.0","0.0","0.0","0.0"
"Opisthorchis felineus infection","-0.15311743","-0.006689525","-0.027291033","0.0012765183","-0.02442467","-0.0064697242","-0.01316582","-0.0007020722","-0.005387479","-7.5545504e-05","1.3969154e-05","-0.008930601","-0.0058702943","0.0009144299","-0.002191905","0.00068072375","0.004769958","-0.0026594377","0.0012356257","-0.0005457685","-0.0064956485","-0.06711237","-0.00035602483","0.0015081523","0.00028825126","0.0019035364","-0.0019369373","-0.0018442923","0.0","0.0","0.0","0.0","0.0","0.0","0.0","0.0","0.0","0.0","0.0","0.0","-0.0046900064","0.0","0.0","0.0","0.0","0.0","0.0","0.0","0.0","0.0","0.0","0.0","0.0","0.0","0.0","0.0","0.0","0.0","0.0","0.0","0.0","0.0","0.0","0.0"
"Oral cancer","-0.15311743","-0.006689525","-0.027291033","0.0012765183","-0.02442467","-0.0064697242","-0.01316582","-0.0007020722","-0.005387479","-7.5545504e-05","1.3969154e-05","-0.008930601","-0.0058702943","0.0009144299","-0.002191905","0.00068072375","0.004769958","-0.0026594377","0.0012356257","-0.0005457685","-0.0064956485","-0.06711237","-0.00035602483","0.0015081523","0.00028825126","0.0019035364","-0.0019369373","-0.0018442923","0.0","0.0","0.0","0.0","0.0","0.0","0.0","0.0","0.0","0.0","0.0","0.0","-0.0046900064","0.0","0.0","0.0","0.0","0.0","0.0","0.0","0.0","0.0","0.0","0.0","0.0","0.0","0.0","0.0","0.0","0.0","0.0","0.0","0.0","0.0","0.0","0.0"
"Oral leukoplakia","-0.15311743","-0.006689525","-0.027291033","0.0012765183","-0.02442467","-0.0064697242","-0.01316582","-0.0007020722","-0.005387479","-7.5545504e-05","1.3969154e-05","-0.008930601","-0.0058702943","0.0009144299","-0.002191905","0.00068072375","0.004769958","-0.0026594377","0.0012356257","-0.0005457685","-0.0064956485","-0.06711237","-0.00035602483","0.0015081523","0.00028825126","0.0019035364","-0.0019369373","-0.0018442923","0.0","0.0","0.0","0.0","0.0","0.0","0.0","0.0","0.0","0.0","0.0","0.0","-0.0046900064","0.0","0.0","0.0","0.0","0.0","0.0","0.0","0.0","0.0","0.0","0.0","0.0","0.0","0.0","0.0","0.0","0.0","0.0","0.0","0.0","0.0","0.0","0.0"
"Oral lichen planus","-0.15311743","-0.006689525","-0.027291033","0.0012765183","-0.02442467","-0.0064697242","-0.01316582","-0.0007020722","-0.005387479","-7.5545504e-05","1.3969154e-05","-0.008930601","-0.0058702943","0.0009144299","-0.002191905","0.00068072375","0.004769958","-0.0026594377","0.0012356257","-0.0005457685","-0.0064956485","-0.06711237","-0.00035602483","0.0015081523","0.00028825126","0.0019035364","-0.0019369373","-0.0018442923","0.0","0.0","0.0","0.0","0.0","0.0","0.0","0.0","0.0","0.0","0.0","0.0","-0.0046900064","0.0","0.0","0.0","0.0","0.0","0.0","0.0","0.0","0.0","0.0","0.0","0.0","0.0","0.0","0.0","0.0","0.0","0.0","0.0","0.0","0.0","0.0","0.0"
"Oral potentially malignant disorder","-0.15311743","-0.006689525","-0.027291033","0.0012765183","-0.02442467","-0.0064697242","-0.01316582","-0.0007020722","-0.005387479","-7.5545504e-05","1.3969154e-05","-0.008930601","-0.0058702943","0.0009144299","-0.002191905","0.00068072375","0.004769958","-0.0026594377","0.0012356257","-0.0005457685","-0.0064956485","-0.06711237","-0.00035602483","0.0015081523","0.00028825126","0.0019035364","-0.0019369373","-0.0018442923","0.0","0.0","0.0","0.0","0.0","0.0","0.0","0.0","0.0","0.0","0.0","0.0","-0.0046900064","0.0","0.0","0.0","0.0","0.0","0.0","0.0","0.0","0.0","0.0","0.0","0.0","0.0","0.0","0.0","0.0","0.0","0.0","0.0","0.0","0.0","0.0","0.0"
"Oral squamous cell carcinoma","-0.15311743","-0.006689525","-0.027291033","0.0012765183","-0.02442467","-0.0064697242","-0.01316582","-0.0007020722","-0.005387479","-7.5545504e-05","1.3969154e-05","-0.008930601","-0.0058702943","0.0009144299","-0.002191905","0.00068072375","0.004769958","-0.0026594377","0.0012356257","-0.0005457685","-0.0064956485","-0.06711237","-0.00035602483","0.0015081523","0.00028825126","0.0019035364","-0.0019369373","-0.0018442923","0.0","0.0","0.0","0.0","0.0","0.0","0.0","0.0","0.0","0.0","0.0","0.0","-0.0046900064","0.0","0.0","0.0","0.0","0.0","0.0","0.0","0.0","0.0","0.0","0.0","0.0","0.0","0.0","0.0","0.0","0.0","0.0","0.0","0.0","0.0","0.0","0.0"
"Orofacial granulomatosis","-0.15311743","-0.006689525","-0.027291033","0.0012765183","-0.02442467","-0.0064697242","-0.01316582","-0.0007020722","-0.005387479","-7.5545504e-05","1.3969154e-05","-0.008930601","-0.0058702943","0.0009144299","-0.002191905","0.00068072375","0.004769958","-0.0026594377","0.0012356257","-0.0005457685","-0.0064956485","-0.06711237","-0.00035602483","0.0015081523","0.00028825126","0.0019035364","-0.0019369373","-0.0018442923","0.0","0.0","0.0","0.0","0.0","0.0","0.0","0.0","0.0","0.0","0.0","0.0","-0.0046900064","0.0","0.0","0.0","0.0","0.0","0.0","0.0","0.0","0.0","0.0","0.0","0.0","0.0","0.0","0.0","0.0","0.0","0.0","0.0","0.0","0.0","0.0","0.0"
"Oropharyngeal cancer","-0.15311743","-0.006689525","-0.027291033","0.0012765183","-0.02442467","-0.0064697242","-0.01316582","-0.0007020722","-0.005387479","-7.5545504e-05","1.3969154e-05","-0.008930601","-0.0058702943","0.0009144299","-0.002191905","0.00068072375","0.004769958","-0.0026594377","0.0012356257","-0.0005457685","-0.0064956485","-0.06711237","-0.00035602483","0.0015081523","0.00028825126","0.0019035364","-0.0019369373","-0.0018442923","0.0","0.0","0.0","0.0","0.0","0.0","0.0","0.0","0.0","0.0","0.0","0.0","-0.0046900064","0.0","0.0","0.0","0.0","0.0","0.0","0.0","0.0","0.0","0.0","0.0","0.0","0.0","0.0","0.0","0.0","0.0","0.0","0.0","0.0","0.0","0.0","0.0"
"Osmotic diarrhea","-0.15311743","-0.006689525","-0.027291033","0.0012765183","-0.02442467","-0.0064697242","-0.01316582","-0.0007020722","-0.005387479","-7.5545504e-05","1.3969154e-05","-0.008930601","-0.0058702943","0.0009144299","-0.002191905","0.00068072375","0.004769958","-0.0026594377","0.0012356257","-0.0005457685","-0.0064956485","-0.06711237","-0.00035602483","0.0015081523","0.00028825126","0.0019035364","-0.0019369373","-0.0018442923","0.0","0.0","0.0","0.0","0.0","0.0","0.0","0.0","0.0","0.0","0.0","0.0","-0.0046900064","0.0","0.0","0.0","0.0","0.0","0.0","0.0","0.0","0.0","0.0","0.0","0.0","0.0","0.0","0.0","0.0","0.0","0.0","0.0","0.0","0.0","0.0","0.0"
"Osteoarthritis","-0.15311743","-0.006689525","-0.027291033","0.0012765183","-0.02442467","-0.0064697242","-0.01316582","-0.0007020722","-0.005387479","-7.5545504e-05","1.3969154e-05","-0.008930601","-0.0058702943","0.0009144299","-0.002191905","0.00068072375","0.004769958","-0.0026594377","0.0012356257","-0.0005457685","-0.0064956485","-0.06711237","-0.00035602483","0.0015081523","0.00028825126","0.0019035364","-0.0019369373","-0.0018442923","0.0","0.0","0.0","0.0","0.0","0.0","0.0","0.0","0.0","0.0","0.0","0.0","-0.0046900064","0.0","0.0","0.0","0.0","0.0","0.0","0.0","0.0","0.0","0.0","0.0","0.0","0.0","0.0","0.0","0.0","0.0","0.0","0.0","0.0","0.0","0.0","0.0"
"Osteoporosis","-0.15311743","-0.006689525","-0.027291033","0.0012765183","-0.02442467","-0.0064697242","-0.01316582","-0.0007020722","-0.005387479","-7.5545504e-05","1.3969154e-05","-0.008930601","-0.0058702943","0.0009144299","-0.002191905","0.00068072375","0.004769958","-0.0026594377","0.0012356257","-0.0005457685","-0.0064956485","-0.06711237","-0.00035602483","0.0015081523","0.00028825126","0.0019035364","-0.0019369373","-0.0018442923","0.0","0.0","0.0","0.0","0.0","0.0","0.0","0.0","0.0","0.0","0.0","0.0","-0.0046900064","0.0","0.0","0.0","0.0","0.0","0.0","0.0","0.0","0.0","0.0","0.0","0.0","0.0","0.0","0.0","0.0","0.0","0.0","0.0","0.0","0.0","0.0","0.0"
"Otitis Media","-0.15311743","-0.006689525","-0.027291033","0.0012765183","-0.02442467","-0.0064697242","-0.01316582","-0.0007020722","-0.005387479","-7.5545504e-05","1.3969154e-05","-0.008930601","-0.0058702943","0.0009144299","-0.002191905","0.00068072375","0.004769958","-0.0026594377","0.0012356257","-0.0005457685","-0.0064956485","-0.06711237","-0.00035602483","0.0015081523","0.00028825126","0.0019035364","-0.0019369373","-0.0018442923","0.0","0.0","0.0","0.0","0.0","0.0","0.0","0.0","0.0","0.0","0.0","0.0","-0.0046900064","0.0","0.0","0.0","0.0","0.0","0.0","0.0","0.0","0.0","0.0","0.0","0.0","0.0","0.0","0.0","0.0","0.0","0.0","0.0","0.0","0.0","0.0","0.0"
"Overactive bladder","-0.15311743","-0.006689525","-0.027291033","0.0012765183","-0.02442467","-0.0064697242","-0.01316582","-0.0007020722","-0.005387479","-7.5545504e-05","1.3969154e-05","-0.008930601","-0.0058702943","0.0009144299","-0.002191905","0.00068072375","0.004769958","-0.0026594377","0.0012356257","-0.0005457685","-0.0064956485","-0.06711237","-0.00035602483","0.0015081523","0.00028825126","0.0019035364","-0.0019369373","-0.0018442923","0.0","0.0","0.0","0.0","0.0","0.0","0.0","0.0","0.0","0.0","0.0","0.0","-0.0046900064","0.0","0.0","0.0","0.0","0.0","0.0","0.0","0.0","0.0","0.0","0.0","0.0","0.0","0.0","0.0","0.0","0.0","0.0","0.0","0.0","0.0","0.0","0.0"
"Palmoplantar pustulosis","-0.15311743","-0.006689525","-0.027291033","0.0012765183","-0.02442467","-0.0064697242","-0.01316582","-0.0007020722","-0.005387479","-7.5545504e-05","1.3969154e-05","-0.008930601","-0.0058702943","0.0009144299","-0.002191905","0.00068072375","0.004769958","-0.0026594377","0.0012356257","-0.0005457685","-0.0064956485","-0.06711237","-0.00035602483","0.0015081523","0.00028825126","0.0019035364","-0.0019369373","-0.0018442923","0.0","0.0","0.0","0.0","0.0","0.0","0.0","0.0","0.0","0.0","0.0","0.0","-0.0046900064","0.0","0.0","0.0","0.0","0.0","0.0","0.0","0.0","0.0","0.0","0.0","0.0","0.0","0.0","0.0","0.0","0.0","0.0","0.0","0.0","0.0","0.0","0.0"
"Pancreatic cancer","-0.15311743","-0.006689525","-0.027291033","0.0012765183","-0.02442467","-0.0064697242","-0.01316582","-0.0007020722","-0.005387479","-7.5545504e-05","1.3969154e-05","-0.008930601","-0.0058702943","0.0009144299","-0.002191905","0.00068072375","0.004769958","-0.0026594377","0.0012356257","-0.0005457685","-0.0064956485","-0.06711237","-0.00035602483","0.0015081523","0.00028825126","0.0019035364","-0.0019369373","-0.0018442923","0.0","0.0","0.0","0.0","0.0","0.0","0.0","0.0","0.0","0.0","0.0","0.0","-0.0046900064","0.0","0.0","0.0","0.0","0.0","0.0","0.0","0.0","0.0","0.0","0.0","0.0","0.0","0.0","0.0","0.0","0.0","0.0","0.0","0.0","0.0","0.0","0.0"
"Pancreatic ductal adenocarcinoma","-0.15311743","-0.006689525","-0.027291033","0.0012765183","-0.02442467","-0.0064697242","-0.01316582","-0.0007020722","-0.005387479","-7.5545504e-05","1.3969154e-05","-0.008930601","-0.0058702943","0.0009144299","-0.002191905","0.00068072375","0.004769958","-0.0026594377","0.0012356257","-0.0005457685","-0.0064956485","-0.06711237","-0.00035602483","0.0015081523","0.00028825126","0.0019035364","-0.0019369373","-0.0018442923","0.0","0.0","0.0","0.0","0.0","0.0","0.0","0.0","0.0","0.0","0.0","0.0","-0.0046900064","0.0","0.0","0.0","0.0","0.0","0.0","0.0","0.0","0.0","0.0","0.0","0.0","0.0","0.0","0.0","0.0","0.0","0.0","0.0","0.0","0.0","0.0","0.0"
"Pancreatic head cancer","-0.15311743","-0.006689525","-0.027291033","0.0012765183","-0.02442467","-0.0064697242","-0.01316582","-0.0007020722","-0.005387479","-7.5545504e-05","1.3969154e-05","-0.008930601","-0.0058702943","0.0009144299","-0.002191905","0.00068072375","0.004769958","-0.0026594377","0.0012356257","-0.0005457685","-0.0064956485","-0.06711237","-0.00035602483","0.0015081523","0.00028825126","0.0019035364","-0.0019369373","-0.0018442923","0.0","0.0","0.0","0.0","0.0","0.0","0.0","0.0","0.0","0.0","0.0","0.0","-0.0046900064","0.0","0.0","0.0","0.0","0.0","0.0","0.0","0.0","0.0","0.0","0.0","0.0","0.0","0.0","0.0","0.0","0.0","0.0","0.0","0.0","0.0","0.0","0.0"
"Pancreatitis","-0.15311743","-0.006689525","-0.027291033","0.0012765183","-0.02442467","-0.0064697242","-0.01316582","-0.0007020722","-0.005387479","-7.5545504e-05","1.3969154e-05","-0.008930601","-0.0058702943","0.0009144299","-0.002191905","0.00068072375","0.004769958","-0.0026594377","0.0012356257","-0.0005457685","-0.0064956485","-0.06711237","-0.00035602483","0.0015081523","0.00028825126","0.0019035364","-0.0019369373","-0.0018442923","0.0","0.0","0.0","0.0","0.0","0.0","0.0","0.0","0.0","0.0","0.0","0.0","-0.0046900064","0.0","0.0","0.0","0.0","0.0","0.0","0.0","0.0","0.0","0.0","0.0","0.0","0.0","0.0","0.0","0.0","0.0","0.0","0.0","0.0","0.0","0.0","0.0"
"Parkinson disease","5.818546","-1.3597628","-3.098148","24.818193","7.180937","1.8672687","3.5702052","-4.9871144","-6.177178","-0.85362697","1.1463665","1.6126189","0.27587977","1.4767363","0.25018337","-0.27022246","-2.7568233","0.94890034","-1.0715761","0.29152566","3.561219","9.775268","2.6120462","-2.0891118","1.1411614","-1.525297","-0.30625674","1.1029932","0.0","0.0","0.0","0.0","0.0","0.0","0.0","0.0","0.0","0.0","0.0","0.0","4.6928144","0.0","0.0","0.0","0.0","0.0","0.0","0.0","0.0","0.0","0.0","0.0","0.0","0.0","0.0","0.0","0.0","0.0","0.0","0.0","0.0","0.0","0.0","0.0"
"Parkinson's Disease","-0.15311743","-0.006689525","-0.027291033","0.0012765183","-0.02442467","-0.0064697242","-0.01316582","-0.0007020722","-0.005387479","-7.5545504e-05","1.3969154e-05","-0.008930601","-0.0058702943","0.0009144299","-0.002191905","0.00068072375","0.004769958","-0.0026594377","0.0012356257","-0.0005457685","-0.0064956485","-0.06711237","-0.00035602483","0.0015081523","0.00028825126","0.0019035364","-0.0019369373","-0.0018442923","0.0","0.0","0.0","0.0","0.0","0.0","0.0","0.0","0.0","0.0","0.0","0.0","-0.0046900064","0.0","0.0","0.0","0.0","0.0","0.0","0.0","0.0","0.0","0.0","0.0","0.0","0.0","0.0","0.0","0.0","0.0","0.0","0.0","0.0","0.0","0.0","0.0"
"Parkinson's disease","-0.15311743","-0.006689525","-0.027291033","0.0012765183","-0.02442467","-0.0064697242","-0.01316582","-0.0007020722","-0.005387479","-7.5545504e-05","1.3969154e-05","-0.008930601","-0.0058702943","0.0009144299","-0.002191905","0.00068072375","0.004769958","-0.0026594377","0.0012356257","-0.0005457685","-0.0064956485","-0.06711237","-0.00035602483","0.0015081523","0.00028825126","0.0019035364","-0.0019369373","-0.0018442923","0.0","0.0","0.0","0.0","0.0","0.0","0.0","0.0","0.0","0.0","0.0","0.0","-0.0046900064","0.0","0.0","0.0","0.0","0.0","0.0","0.0","0.0","0.0","0.0","0.0","0.0","0.0","0.0","0.0","0.0","0.0","0.0","0.0","0.0","0.0","0.0","0.0"
"Parkinson's disease with mild cognitive impairment","-0.15311743","-0.006689525","-0.027291033","0.0012765183","-0.02442467","-0.0064697242","-0.01316582","-0.0007020722","-0.005387479","-7.5545504e-05","1.3969154e-05","-0.008930601","-0.0058702943","0.0009144299","-0.002191905","0.00068072375","0.004769958","-0.0026594377","0.0012356257","-0.0005457685","-0.0064956485","-0.06711237","-0.00035602483","0.0015081523","0.00028825126","0.0019035364","-0.0019369373","-0.0018442923","0.0","0.0","0.0","0.0","0.0","0.0","0.0","0.0","0.0","0.0","0.0","0.0","-0.0046900064","0.0","0.0","0.0","0.0","0.0","0.0","0.0","0.0","0.0","0.0","0.0","0.0","0.0","0.0","0.0","0.0","0.0","0.0","0.0","0.0","0.0","0.0","0.0"
"Parkinsons disease","-0.15311743","-0.006689525","-0.027291033","0.0012765183","-0.02442467","-0.0064697242","-0.01316582","-0.0007020722","-0.005387479","-7.5545504e-05","1.3969154e-05","-0.008930601","-0.0058702943","0.0009144299","-0.002191905","0.00068072375","0.004769958","-0.0026594377","0.0012356257","-0.0005457685","-0.0064956485","-0.06711237","-0.00035602483","0.0015081523","0.00028825126","0.0019035364","-0.0019369373","-0.0018442923","0.0","0.0","0.0","0.0","0.0","0.0","0.0","0.0","0.0","0.0","0.0","0.0","-0.0046900064","0.0","0.0","0.0","0.0","0.0","0.0","0.0","0.0","0.0","0.0","0.0","0.0","0.0","0.0","0.0","0.0","0.0","0.0","0.0","0.0","0.0","0.0","0.0"
"Pediculosis","-0.15311743","-0.006689525","-0.027291033","0.0012765183","-0.02442467","-0.0064697242","-0.01316582","-0.0007020722","-0.005387479","-7.5545504e-05","1.3969154e-05","-0.008930601","-0.0058702943","0.0009144299","-0.002191905","0.00068072375","0.004769958","-0.0026594377","0.0012356257","-0.0005457685","-0.0064956485","-0.06711237","-0.00035602483","0.0015081523","0.00028825126","0.0019035364","-0.0019369373","-0.0018442923","0.0","0.0","0.0","0.0","0.0","0.0","0.0","0.0","0.0","0.0","0.0","0.0","-0.0046900064","0.0","0.0","0.0","0.0","0.0","0.0","0.0","0.0","0.0","0.0","0.0","0.0","0.0","0.0","0.0","0.0","0.0","0.0","0.0","0.0","0.0","0.0","0.0"
"Pelvic inflammatory disease","-0.15311743","-0.006689525","-0.027291033","0.0012765183","-0.02442467","-0.0064697242","-0.01316582","-0.0007020722","-0.005387479","-7.5545504e-05","1.3969154e-05","-0.008930601","-0.0058702943","0.0009144299","-0.002191905","0.00068072375","0.004769958","-0.0026594377","0.0012356257","-0.0005457685","-0.0064956485","-0.06711237","-0.00035602483","0.0015081523","0.00028825126","0.0019035364","-0.0019369373","-0.0018442923","0.0","0.0","0.0","0.0","0.0","0.0","0.0","0.0","0.0","0.0","0.0","0.0","-0.0046900064","0.0","0.0","0.0","0.0","0.0","0.0","0.0","0.0","0.0","0.0","0.0","0.0","0.0","0.0","0.0","0.0","0.0","0.0","0.0","0.0","0.0","0.0","0.0"
"Pemphigus vulgaris","-0.15311743","-0.006689525","-0.027291033","0.0012765183","-0.02442467","-0.0064697242","-0.01316582","-0.0007020722","-0.005387479","-7.5545504e-05","1.3969154e-05","-0.008930601","-0.0058702943","0.0009144299","-0.002191905","0.00068072375","0.004769958","-0.0026594377","0.0012356257","-0.0005457685","-0.0064956485","-0.06711237","-0.00035602483","0.0015081523","0.00028825126","0.0019035364","-0.0019369373","-0.0018442923","0.0","0.0","0.0","0.0","0.0","0.0","0.0","0.0","0.0","0.0","0.0","0.0","-0.0046900064","0.0","0.0","0.0","0.0","0.0","0.0","0.0","0.0","0.0","0.0","0.0","0.0","0.0","0.0","0.0","0.0","0.0","0.0","0.0","0.0","0.0","0.0","0.0"
"Periodontal","-0.15311743","-0.006689525","-0.027291033","0.0012765183","-0.02442467","-0.0064697242","-0.01316582","-0.0007020722","-0.005387479","-7.5545504e-05","1.3969154e-05","-0.008930601","-0.0058702943","0.0009144299","-0.002191905","0.00068072375","0.004769958","-0.0026594377","0.0012356257","-0.0005457685","-0.0064956485","-0.06711237","-0.00035602483","0.0015081523","0.00028825126","0.0019035364","-0.0019369373","-0.0018442923","0.0","0.0","0.0","0.0","0.0","0.0","0.0","0.0","0.0","0.0","0.0","0.0","-0.0046900064","0.0","0.0","0.0","0.0","0.0","0.0","0.0","0.0","0.0","0.0","0.0","0.0","0.0","0.0","0.0","0.0","0.0","0.0","0.0","0.0","0.0","0.0","0.0"
"Periodontal abscess","-0.15311743","-0.006689525","-0.027291033","0.0012765183","-0.02442467","-0.0064697242","-0.01316582","-0.0007020722","-0.005387479","-7.5545504e-05","1.3969154e-05","-0.008930601","-0.0058702943","0.0009144299","-0.002191905","0.00068072375","0.004769958","-0.0026594377","0.0012356257","-0.0005457685","-0.0064956485","-0.06711237","-0.00035602483","0.0015081523","0.00028825126","0.0019035364","-0.0019369373","-0.0018442923","0.0","0.0","0.0","0.0","0.0","0.0","0.0","0.0","0.0","0.0","0.0","0.0","-0.0046900064","0.0","0.0","0.0","0.0","0.0","0.0","0.0","0.0","0.0","0.0","0.0","0.0","0.0","0.0","0.0","0.0","0.0","0.0","0.0","0.0","0.0","0.0","0.0"
"Periodontal disease","-0.15311743","-0.006689525","-0.027291033","0.0012765183","-0.02442467","-0.0064697242","-0.01316582","-0.0007020722","-0.005387479","-7.5545504e-05","1.3969154e-05","-0.008930601","-0.0058702943","0.0009144299","-0.002191905","0.00068072375","0.004769958","-0.0026594377","0.0012356257","-0.0005457685","-0.0064956485","-0.06711237","-0.00035602483","0.0015081523","0.00028825126","0.0019035364","-0.0019369373","-0.0018442923","0.0","0.0","0.0","0.0","0.0","0.0","0.0","0.0","0.0","0.0","0.0","0.0","-0.0046900064","0.0","0.0","0.0","0.0","0.0","0.0","0.0","0.0","0.0","0.0","0.0","0.0","0.0","0.0","0.0","0.0","0.0","0.0","0.0","0.0","0.0","0.0","0.0"
"Peripheral Arterial Disease","8.094398","-2.4372168","-0.8758751","-0.64586985","-3.1714063","-2.6445808","-2.6921954","-1.8098233","-3.281582","2.001405","-2.5120766","-3.9769213","-1.0658802","-8.579792","-4.446726","-11.4389715","5.0861206","0.8266445","0.6808934","20.494614","0.123823","10.443054","-3.6805654","2.9207237","-1.9330807","-1.7649256","-10.970928","-5.110505","0.0","0.0","0.0","0.0","0.0","0.0","0.0","0.0","0.0","0.0","0.0","0.0","4.8329515","0.0","0.0","0.0","0.0","0.0","0.0","0.0","0.0","0.0","0.0","0.0","0.0","0.0","0.0","0.0","0.0","0.0","0.0","0.0","0.0","0.0","0.0","0.0"
"Pervasive developmental disorder NOS","-0.15311743","-0.006689525","-0.027291033","0.0012765183","-0.02442467","-0.0064697242","-0.01316582","-0.0007020722","-0.005387479","-7.5545504e-05","1.3969154e-05","-0.008930601","-0.0058702943","0.0009144299","-0.002191905","0.00068072375","0.004769958","-0.0026594377","0.0012356257","-0.0005457685","-0.0064956485","-0.06711237","-0.00035602483","0.0015081523","0.00028825126","0.0019035364","-0.0019369373","-0.0018442923","0.0","0.0","0.0","0.0","0.0","0.0","0.0","0.0","0.0","0.0","0.0","0.0","-0.0046900064","0.0","0.0","0.0","0.0","0.0","0.0","0.0","0.0","0.0","0.0","0.0","0.0","0.0","0.0","0.0","0.0","0.0","0.0","0.0","0.0","0.0","0.0","0.0"
"Phenylketonuria","-0.15311743","-0.006689525","-0.027291033","0.0012765183","-0.02442467","-0.0064697242","-0.01316582","-0.0007020722","-0.005387479","-7.5545504e-05","1.3969154e-05","-0.008930601","-0.0058702943","0.0009144299","-0.002191905","0.00068072375","0.004769958","-0.0026594377","0.0012356257","-0.0005457685","-0.0064956485","-0.06711237","-0.00035602483","0.0015081523","0.00028825126","0.0019035364","-0.0019369373","-0.0018442923","0.0","0.0","0.0","0.0","0.0","0.0","0.0","0.0","0.0","0.0","0.0","0.0","-0.0046900064","0.0","0.0","0.0","0.0","0.0","0.0","0.0","0.0","0.0","0.0","0.0","0.0","0.0","0.0","0.0","0.0","0.0","0.0","0.0","0.0","0.0","0.0","0.0"
"Pneumonia","-0.15311743","-0.006689525","-0.027291033","0.0012765183","-0.02442467","-0.0064697242","-0.01316582","-0.0007020722","-0.005387479","-7.5545504e-05","1.3969154e-05","-0.008930601","-0.0058702943","0.0009144299","-0.002191905","0.00068072375","0.004769958","-0.0026594377","0.0012356257","-0.0005457685","-0.0064956485","-0.06711237","-0.00035602483","0.0015081523","0.00028825126","0.0019035364","-0.0019369373","-0.0018442923","0.0","0.0","0.0","0.0","0.0","0.0","0.0","0.0","0.0","0.0","0.0","0.0","-0.0046900064","0.0","0.0","0.0","0.0","0.0","0.0","0.0","0.0","0.0","0.0","0.0","0.0","0.0","0.0","0.0","0.0","0.0","0.0","0.0","0.0","0.0","0.0","0.0"
"Polycystic Ovary Syndrome","-0.15311743","-0.006689525","-0.027291033","0.0012765183","-0.02442467","-0.0064697242","-0.01316582","-0.0007020722","-0.005387479","-7.5545504e-05","1.3969154e-05","-0.008930601","-0.0058702943","0.0009144299","-0.002191905","0.00068072375","0.004769958","-0.0026594377","0.0012356257","-0.0005457685","-0.0064956485","-0.06711237","-0.00035602483","0.0015081523","0.00028825126","0.0019035364","-0.0019369373","-0.0018442923","0.0","0.0","0.0","0.0","0.0","0.0","0.0","0.0","0.0","0.0","0.0","0.0","-0.0046900064","0.0","0.0","0.0","0.0","0.0","0.0","0.0","0.0","0.0","0.0","0.0","0.0","0.0","0.0","0.0","0.0","0.0","0.0","0.0","0.0","0.0","0.0","0.0"
"Polycystic ovary syndrome","-0.15311743","-0.006689525","-0.027291033","0.0012765183","-0.02442467","-0.0064697242","-0.01316582","-0.0007020722","-0.005387479","-7.5545504e-05","1.3969154e-05","-0.008930601","-0.0058702943","0.0009144299","-0.002191905","0.00068072375","0.004769958","-0.0026594377","0.0012356257","-0.0005457685","-0.0064956485","-0.06711237","-0.00035602483","0.0015081523","0.00028825126","0.0019035364","-0.0019369373","-0.0018442923","0.0","0.0","0.0","0.0","0.0","0.0","0.0","0.0","0.0","0.0","0.0","0.0","-0.0046900064","0.0","0.0","0.0","0.0","0.0","0.0","0.0","0.0","0.0","0.0","0.0","0.0","0.0","0.0","0.0","0.0","0.0","0.0","0.0","0.0","0.0","0.0","0.0"
"Post-finasteride syndrome","-0.15311743","-0.006689525","-0.027291033","0.0012765183","-0.02442467","-0.0064697242","-0.01316582","-0.0007020722","-0.005387479","-7.5545504e-05","1.3969154e-05","-0.008930601","-0.0058702943","0.0009144299","-0.002191905","0.00068072375","0.004769958","-0.0026594377","0.0012356257","-0.0005457685","-0.0064956485","-0.06711237","-0.00035602483","0.0015081523","0.00028825126","0.0019035364","-0.0019369373","-0.0018442923","0.0","0.0","0.0","0.0","0.0","0.0","0.0","0.0","0.0","0.0","0.0","0.0","-0.0046900064","0.0","0.0","0.0","0.0","0.0","0.0","0.0","0.0","0.0","0.0","0.0","0.0","0.0","0.0","0.0","0.0","0.0","0.0","0.0","0.0","0.0","0.0","0.0"
"Postmenopausal","-0.15311743","-0.006689525","-0.027291033","0.0012765183","-0.02442467","-0.0064697242","-0.01316582","-0.0007020722","-0.005387479","-7.5545504e-05","1.3969154e-05","-0.008930601","-0.0058702943","0.0009144299","-0.002191905","0.00068072375","0.004769958","-0.0026594377","0.0012356257","-0.0005457685","-0.0064956485","-0.06711237","-0.00035602483","0.0015081523","0.00028825126","0.0019035364","-0.0019369373","-0.0018442923","0.0","0.0","0.0","0.0","0.0","0.0","0.0","0.0","0.0","0.0","0.0","0.0","-0.0046900064","0.0","0.0","0.0","0.0","0.0","0.0","0.0","0.0","0.0","0.0","0.0","0.0","0.0","0.0","0.0","0.0","0.0","0.0","0.0","0.0","0.0","0.0","0.0"
"Posttraumatic stress syndrome","-0.15311743","-0.006689525","-0.027291033","0.0012765183","-0.02442467","-0.0064697242","-0.01316582","-0.0007020722","-0.005387479","-7.5545504e-05","1.3969154e-05","-0.008930601","-0.0058702943","0.0009144299","-0.002191905","0.00068072375","0.004769958","-0.0026594377","0.0012356257","-0.0005457685","-0.0064956485","-0.06711237","-0.00035602483","0.0015081523","0.00028825126","0.0019035364","-0.0019369373","-0.0018442923","0.0","0.0","0.0","0.0","0.0","0.0","0.0","0.0","0.0","0.0","0.0","0.0","-0.0046900064","0.0","0.0","0.0","0.0","0.0","0.0","0.0","0.0","0.0","0.0","0.0","0.0","0.0","0.0","0.0","0.0","0.0","0.0","0.0","0.0","0.0","0.0","0.0"
"Pouchitis","-0.15311743","-0.006689525","-0.027291033","0.0012765183","-0.02442467","-0.0064697242","-0.01316582","-0.0007020722","-0.005387479","-7.5545504e-05","1.3969154e-05","-0.008930601","-0.0058702943","0.0009144299","-0.002191905","0.00068072375","0.004769958","-0.0026594377","0.0012356257","-0.0005457685","-0.0064956485","-0.06711237","-0.00035602483","0.0015081523","0.00028825126","0.0019035364","-0.0019369373","-0.0018442923","0.0","0.0","0.0","0.0","0.0","0.0","0.0","0.0","0.0","0.0","0.0","0.0","-0.0046900064","0.0","0.0","0.0","0.0","0.0","0.0","0.0","0.0","0.0","0.0","0.0","0.0","0.0","0.0","0.0","0.0","0.0","0.0","0.0","0.0","0.0","0.0","0.0"
"Prediabetes","-0.15311743","-0.006689525","-0.027291033","0.0012765183","-0.02442467","-0.0064697242","-0.01316582","-0.0007020722","-0.005387479","-7.5545504e-05","1.3969154e-05","-0.008930601","-0.0058702943","0.0009144299","-0.002191905","0.00068072375","0.004769958","-0.0026594377","0.0012356257","-0.0005457685","-0.0064956485","-0.06711237","-0.00035602483","0.0015081523","0.00028825126","0.0019035364","-0.0019369373","-0.0018442923","0.0","0.0","0.0","0.0","0.0","0.0","0.0","0.0","0.0","0.0","0.0","0.0","-0.0046900064","0.0","0.0","0.0","0.0","0.0","0.0","0.0","0.0","0.0","0.0","0.0","0.0","0.0","0.0","0.0","0.0","0.0","0.0","0.0","0.0","0.0","0.0","0.0"
"Preeclampsia","-0.15311743","-0.006689525","-0.027291033","0.0012765183","-0.02442467","-0.0064697242","-0.01316582","-0.0007020722","-0.005387479","-7.5545504e-05","1.3969154e-05","-0.008930601","-0.0058702943","0.0009144299","-0.002191905","0.00068072375","0.004769958","-0.0026594377","0.0012356257","-0.0005457685","-0.0064956485","-0.06711237","-0.00035602483","0.0015081523","0.00028825126","0.0019035364","-0.0019369373","-0.0018442923","0.0","0.0","0.0","0.0","0.0","0.0","0.0","0.0","0.0","0.0","0.0","0.0","-0.0046900064","0.0","0.0","0.0","0.0","0.0","0.0","0.0","0.0","0.0","0.0","0.0","0.0","0.0","0.0","0.0","0.0","0.0","0.0","0.0","0.0","0.0","0.0","0.0"
"Preeclamsia","-0.15311743","-0.006689525","-0.027291033","0.0012765183","-0.02442467","-0.0064697242","-0.01316582","-0.0007020722","-0.005387479","-7.5545504e-05","1.3969154e-05","-0.008930601","-0.0058702943","0.0009144299","-0.002191905","0.00068072375","0.004769958","-0.0026594377","0.0012356257","-0.0005457685","-0.0064956485","-0.06711237","-0.00035602483","0.0015081523","0.00028825126","0.0019035364","-0.0019369373","-0.0018442923","0.0","0.0","0.0","0.0","0.0","0.0","0.0","0.0","0.0","0.0","0.0","0.0","-0.0046900064","0.0","0.0","0.0","0.0","0.0","0.0","0.0","0.0","0.0","0.0","0.0","0.0","0.0","0.0","0.0","0.0","0.0","0.0","0.0","0.0","0.0","0.0","0.0"
"Pregnancy","-0.15311743","-0.006689525","-0.027291033","0.0012765183","-0.02442467","-0.0064697242","-0.01316582","-0.0007020722","-0.005387479","-7.5545504e-05","1.3969154e-05","-0.008930601","-0.0058702943","0.0009144299","-0.002191905","0.00068072375","0.004769958","-0.0026594377","0.0012356257","-0.0005457685","-0.0064956485","-0.06711237","-0.00035602483","0.0015081523","0.00028825126","0.0019035364","-0.0019369373","-0.0018442923","0.0","0.0","0.0","0.0","0.0","0.0","0.0","0.0","0.0","0.0","0.0","0.0","-0.0046900064","0.0","0.0","0.0","0.0","0.0","0.0","0.0","0.0","0.0","0.0","0.0","0.0","0.0","0.0","0.0","0.0","0.0","0.0","0.0","0.0","0.0","0.0","0.0"
"Pressure ulcers","-0.15311743","-0.006689525","-0.027291033","0.0012765183","-0.02442467","-0.0064697242","-0.01316582","-0.0007020722","-0.005387479","-7.5545504e-05","1.3969154e-05","-0.008930601","-0.0058702943","0.0009144299","-0.002191905","0.00068072375","0.004769958","-0.0026594377","0.0012356257","-0.0005457685","-0.0064956485","-0.06711237","-0.00035602483","0.0015081523","0.00028825126","0.0019035364","-0.0019369373","-0.0018442923","0.0","0.0","0.0","0.0","0.0","0.0","0.0","0.0","0.0","0.0","0.0","0.0","-0.0046900064","0.0","0.0","0.0","0.0","0.0","0.0","0.0","0.0","0.0","0.0","0.0","0.0","0.0","0.0","0.0","0.0","0.0","0.0","0.0","0.0","0.0","0.0","0.0"
"Preterm birth","-0.15311743","-0.006689525","-0.027291033","0.0012765183","-0.02442467","-0.0064697242","-0.01316582","-0.0007020722","-0.005387479","-7.5545504e-05","1.3969154e-05","-0.008930601","-0.0058702943","0.0009144299","-0.002191905","0.00068072375","0.004769958","-0.0026594377","0.0012356257","-0.0005457685","-0.0064956485","-0.06711237","-0.00035602483","0.0015081523","0.00028825126","0.0019035364","-0.0019369373","-0.0018442923","0.0","0.0","0.0","0.0","0.0","0.0","0.0","0.0","0.0","0.0","0.0","0.0","-0.0046900064","0.0","0.0","0.0","0.0","0.0","0.0","0.0","0.0","0.0","0.0","0.0","0.0","0.0","0.0","0.0","0.0","0.0","0.0","0.0","0.0","0.0","0.0","0.0"
"Primary Open-Angle Glaucoma","-0.15311743","-0.006689525","-0.027291033","0.0012765183","-0.02442467","-0.0064697242","-0.01316582","-0.0007020722","-0.005387479","-7.5545504e-05","1.3969154e-05","-0.008930601","-0.0058702943","0.0009144299","-0.002191905","0.00068072375","0.004769958","-0.0026594377","0.0012356257","-0.0005457685","-0.0064956485","-0.06711237","-0.00035602483","0.0015081523","0.00028825126","0.0019035364","-0.0019369373","-0.0018442923","0.0","0.0","0.0","0.0","0.0","0.0","0.0","0.0","0.0","0.0","0.0","0.0","-0.0046900064","0.0","0.0","0.0","0.0","0.0","0.0","0.0","0.0","0.0","0.0","0.0","0.0","0.0","0.0","0.0","0.0","0.0","0.0","0.0","0.0","0.0","0.0","0.0"
"Primary biliary cholangitis","-0.15311743","-0.006689525","-0.027291033","0.0012765183","-0.02442467","-0.0064697242","-0.01316582","-0.0007020722","-0.005387479","-7.5545504e-05","1.3969154e-05","-0.008930601","-0.0058702943","0.0009144299","-0.002191905","0.00068072375","0.004769958","-0.0026594377","0.0012356257","-0.0005457685","-0.0064956485","-0.06711237","-0.00035602483","0.0015081523","0.00028825126","0.0019035364","-0.0019369373","-0.0018442923","0.0","0.0","0.0","0.0","0.0","0.0","0.0","0.0","0.0","0.0","0.0","0.0","-0.0046900064","0.0","0.0","0.0","0.0","0.0","0.0","0.0","0.0","0.0","0.0","0.0","0.0","0.0","0.0","0.0","0.0","0.0","0.0","0.0","0.0","0.0","0.0","0.0"
"Primary biliary cirrhosis","-0.15311743","-0.006689525","-0.027291033","0.0012765183","-0.02442467","-0.0064697242","-0.01316582","-0.0007020722","-0.005387479","-7.5545504e-05","1.3969154e-05","-0.008930601","-0.0058702943","0.0009144299","-0.002191905","0.00068072375","0.004769958","-0.0026594377","0.0012356257","-0.0005457685","-0.0064956485","-0.06711237","-0.00035602483","0.0015081523","0.00028825126","0.0019035364","-0.0019369373","-0.0018442923","0.0","0.0","0.0","0.0","0.0","0.0","0.0","0.0","0.0","0.0","0.0","0.0","-0.0046900064","0.0","0.0","0.0","0.0","0.0","0.0","0.0","0.0","0.0","0.0","0.0","0.0","0.0","0.0","0.0","0.0","0.0","0.0","0.0","0.0","0.0","0.0","0.0"
"Primary immune thrombocytopenia","-0.15311743","-0.006689525","-0.027291033","0.0012765183","-0.02442467","-0.0064697242","-0.01316582","-0.0007020722","-0.005387479","-7.5545504e-05","1.3969154e-05","-0.008930601","-0.0058702943","0.0009144299","-0.002191905","0.00068072375","0.004769958","-0.0026594377","0.0012356257","-0.0005457685","-0.0064956485","-0.06711237","-0.00035602483","0.0015081523","0.00028825126","0.0019035364","-0.0019369373","-0.0018442923","0.0","0.0","0.0","0.0","0.0","0.0","0.0","0.0","0.0","0.0","0.0","0.0","-0.0046900064","0.0","0.0","0.0","0.0","0.0","0.0","0.0","0.0","0.0","0.0","0.0","0.0","0.0","0.0","0.0","0.0","0.0","0.0","0.0","0.0","0.0","0.0","0.0"
"Primary liver cancer","-0.15311743","-0.006689525","-0.027291033","0.0012765183","-0.02442467","-0.0064697242","-0.01316582","-0.0007020722","-0.005387479","-7.5545504e-05","1.3969154e-05","-0.008930601","-0.0058702943","0.0009144299","-0.002191905","0.00068072375","0.004769958","-0.0026594377","0.0012356257","-0.0005457685","-0.0064956485","-0.06711237","-0.00035602483","0.0015081523","0.00028825126","0.0019035364","-0.0019369373","-0.0018442923","0.0","0.0","0.0","0.0","0.0","0.0","0.0","0.0","0.0","0.0","0.0","0.0","-0.0046900064","0.0","0.0","0.0","0.0","0.0","0.0","0.0","0.0","0.0","0.0","0.0","0.0","0.0","0.0","0.0","0.0","0.0","0.0","0.0","0.0","0.0","0.0","0.0"
"Primary sclerosing cholangitis","-0.15311743","-0.006689525","-0.027291033","0.0012765183","-0.02442467","-0.0064697242","-0.01316582","-0.0007020722","-0.005387479","-7.5545504e-05","1.3969154e-05","-0.008930601","-0.0058702943","0.0009144299","-0.002191905","0.00068072375","0.004769958","-0.0026594377","0.0012356257","-0.0005457685","-0.0064956485","-0.06711237","-0.00035602483","0.0015081523","0.00028825126","0.0019035364","-0.0019369373","-0.0018442923","0.0","0.0","0.0","0.0","0.0","0.0","0.0","0.0","0.0","0.0","0.0","0.0","-0.0046900064","0.0","0.0","0.0","0.0","0.0","0.0","0.0","0.0","0.0","0.0","0.0","0.0","0.0","0.0","0.0","0.0","0.0","0.0","0.0","0.0","0.0","0.0","0.0"
"Primary sclerosing cholangitis-IBD","-0.15311743","-0.006689525","-0.027291033","0.0012765183","-0.02442467","-0.0064697242","-0.01316582","-0.0007020722","-0.005387479","-7.5545504e-05","1.3969154e-05","-0.008930601","-0.0058702943","0.0009144299","-0.002191905","0.00068072375","0.004769958","-0.0026594377","0.0012356257","-0.0005457685","-0.0064956485","-0.06711237","-0.00035602483","0.0015081523","0.00028825126","0.0019035364","-0.0019369373","-0.0018442923","0.0","0.0","0.0","0.0","0.0","0.0","0.0","0.0","0.0","0.0","0.0","0.0","-0.0046900064","0.0","0.0","0.0","0.0","0.0","0.0","0.0","0.0","0.0","0.0","0.0","0.0","0.0","0.0","0.0","0.0","0.0","0.0","0.0","0.0","0.0","0.0","0.0"
"Progressive supranuclear palsy","-0.15311743","-0.006689525","-0.027291033","0.0012765183","-0.02442467","-0.0064697242","-0.01316582","-0.0007020722","-0.005387479","-7.5545504e-05","1.3969154e-05","-0.008930601","-0.0058702943","0.0009144299","-0.002191905","0.00068072375","0.004769958","-0.0026594377","0.0012356257","-0.0005457685","-0.0064956485","-0.06711237","-0.00035602483","0.0015081523","0.00028825126","0.0019035364","-0.0019369373","-0.0018442923","0.0","0.0","0.0","0.0","0.0","0.0","0.0","0.0","0.0","0.0","0.0","0.0","-0.0046900064","0.0","0.0","0.0","0.0","0.0","0.0","0.0","0.0","0.0","0.0","0.0","0.0","0.0","0.0","0.0","0.0","0.0","0.0","0.0","0.0","0.0","0.0","0.0"
"Prostate cancer","-0.15311743","-0.006689525","-0.027291033","0.0012765183","-0.02442467","-0.0064697242","-0.01316582","-0.0007020722","-0.005387479","-7.5545504e-05","1.3969154e-05","-0.008930601","-0.0058702943","0.0009144299","-0.002191905","0.00068072375","0.004769958","-0.0026594377","0.0012356257","-0.0005457685","-0.0064956485","-0.06711237","-0.00035602483","0.0015081523","0.00028825126","0.0019035364","-0.0019369373","-0.0018442923","0.0","0.0","0.0","0.0","0.0","0.0","0.0","0.0","0.0","0.0","0.0","0.0","-0.0046900064","0.0","0.0","0.0","0.0","0.0","0.0","0.0","0.0","0.0","0.0","0.0","0.0","0.0","0.0","0.0","0.0","0.0","0.0","0.0","0.0","0.0","0.0","0.0"
"Protracted bacterial bronchitis","-0.15311743","-0.006689525","-0.027291033","0.0012765183","-0.02442467","-0.0064697242","-0.01316582","-0.0007020722","-0.005387479","-7.5545504e-05","1.3969154e-05","-0.008930601","-0.0058702943","0.0009144299","-0.002191905","0.00068072375","0.004769958","-0.0026594377","0.0012356257","-0.0005457685","-0.0064956485","-0.06711237","-0.00035602483","0.0015081523","0.00028825126","0.0019035364","-0.0019369373","-0.0018442923","0.0","0.0","0.0","0.0","0.0","0.0","0.0","0.0","0.0","0.0","0.0","0.0","-0.0046900064","0.0","0.0","0.0","0.0","0.0","0.0","0.0","0.0","0.0","0.0","0.0","0.0","0.0","0.0","0.0","0.0","0.0","0.0","0.0","0.0","0.0","0.0","0.0"
"Psoriasis","-0.15311743","-0.006689525","-0.027291033","0.0012765183","-0.02442467","-0.0064697242","-0.01316582","-0.0007020722","-0.005387479","-7.5545504e-05","1.3969154e-05","-0.008930601","-0.0058702943","0.0009144299","-0.002191905","0.00068072375","0.004769958","-0.0026594377","0.0012356257","-0.0005457685","-0.0064956485","-0.06711237","-0.00035602483","0.0015081523","0.00028825126","0.0019035364","-0.0019369373","-0.0018442923","0.0","0.0","0.0","0.0","0.0","0.0","0.0","0.0","0.0","0.0","0.0","0.0","-0.0046900064","0.0","0.0","0.0","0.0","0.0","0.0","0.0","0.0","0.0","0.0","0.0","0.0","0.0","0.0","0.0","0.0","0.0","0.0","0.0","0.0","0.0","0.0","0.0"
"Psoriatic Arthritis","-0.15311743","-0.006689525","-0.027291033","0.0012765183","-0.02442467","-0.0064697242","-0.01316582","-0.0007020722","-0.005387479","-7.5545504e-05","1.3969154e-05","-0.008930601","-0.0058702943","0.0009144299","-0.002191905","0.00068072375","0.004769958","-0.0026594377","0.0012356257","-0.0005457685","-0.0064956485","-0.06711237","-0.00035602483","0.0015081523","0.00028825126","0.0019035364","-0.0019369373","-0.0018442923","0.0","0.0","0.0","0.0","0.0","0.0","0.0","0.0","0.0","0.0","0.0","0.0","-0.0046900064","0.0","0.0","0.0","0.0","0.0","0.0","0.0","0.0","0.0","0.0","0.0","0.0","0.0","0.0","0.0","0.0","0.0","0.0","0.0","0.0","0.0","0.0","0.0"
"Pulmonary Arterial Hypertension","-0.15311743","-0.006689525","-0.027291033","0.0012765183","-0.02442467","-0.0064697242","-0.01316582","-0.0007020722","-0.005387479","-7.5545504e-05","1.3969154e-05","-0.008930601","-0.0058702943","0.0009144299","-0.002191905","0.00068072375","0.004769958","-0.0026594377","0.0012356257","-0.0005457685","-0.0064956485","-0.06711237","-0.00035602483","0.0015081523","0.00028825126","0.0019035364","-0.0019369373","-0.0018442923","0.0","0.0","0.0","0.0","0.0","0.0","0.0","0.0","0.0","0.0","0.0","0.0","-0.0046900064","0.0","0.0","0.0","0.0","0.0","0.0","0.0","0.0","0.0","0.0","0.0","0.0","0.0","0.0","0.0","0.0","0.0","0.0","0.0","0.0","0.0","0.0","0.0"
"Pulmonary arterial hypertension","-0.15311743","-0.006689525","-0.027291033","0.0012765183","-0.02442467","-0.0064697242","-0.01316582","-0.0007020722","-0.005387479","-7.5545504e-05","1.3969154e-05","-0.008930601","-0.0058702943","0.0009144299","-0.002191905","0.00068072375","0.004769958","-0.0026594377","0.0012356257","-0.0005457685","-0.0064956485","-0.06711237","-0.00035602483","0.0015081523","0.00028825126","0.0019035364","-0.0019369373","-0.0018442923","0.0","0.0","0.0","0.0","0.0","0.0","0.0","0.0","0.0","0.0","0.0","0.0","-0.0046900064","0.0","0.0","0.0","0.0","0.0","0.0","0.0","0.0","0.0","0.0","0.0","0.0","0.0","0.0","0.0","0.0","0.0","0.0","0.0","0.0","0.0","0.0","0.0"
"Pulmonary tubercolosis","-0.15311743","-0.006689525","-0.027291033","0.0012765183","-0.02442467","-0.0064697242","-0.01316582","-0.0007020722","-0.005387479","-7.5545504e-05","1.3969154e-05","-0.008930601","-0.0058702943","0.0009144299","-0.002191905","0.00068072375","0.004769958","-0.0026594377","0.0012356257","-0.0005457685","-0.0064956485","-0.06711237","-0.00035602483","0.0015081523","0.00028825126","0.0019035364","-0.0019369373","-0.0018442923","0.0","0.0","0.0","0.0","0.0","0.0","0.0","0.0","0.0","0.0","0.0","0.0","-0.0046900064","0.0","0.0","0.0","0.0","0.0","0.0","0.0","0.0","0.0","0.0","0.0","0.0","0.0","0.0","0.0","0.0","0.0","0.0","0.0","0.0","0.0","0.0","0.0"
"Radiation enteritis","-0.15311743","-0.006689525","-0.027291033","0.0012765183","-0.02442467","-0.0064697242","-0.01316582","-0.0007020722","-0.005387479","-7.5545504e-05","1.3969154e-05","-0.008930601","-0.0058702943","0.0009144299","-0.002191905","0.00068072375","0.004769958","-0.0026594377","0.0012356257","-0.0005457685","-0.0064956485","-0.06711237","-0.00035602483","0.0015081523","0.00028825126","0.0019035364","-0.0019369373","-0.0018442923","0.0","0.0","0.0","0.0","0.0","0.0","0.0","0.0","0.0","0.0","0.0","0.0","-0.0046900064","0.0","0.0","0.0","0.0","0.0","0.0","0.0","0.0","0.0","0.0","0.0","0.0","0.0","0.0","0.0","0.0","0.0","0.0","0.0","0.0","0.0","0.0","0.0"
"Reactive arthritis","-0.15311743","-0.006689525","-0.027291033","0.0012765183","-0.02442467","-0.0064697242","-0.01316582","-0.0007020722","-0.005387479","-7.5545504e-05","1.3969154e-05","-0.008930601","-0.0058702943","0.0009144299","-0.002191905","0.00068072375","0.004769958","-0.0026594377","0.0012356257","-0.0005457685","-0.0064956485","-0.06711237","-0.00035602483","0.0015081523","0.00028825126","0.0019035364","-0.0019369373","-0.0018442923","0.0","0.0","0.0","0.0","0.0","0.0","0.0","0.0","0.0","0.0","0.0","0.0","-0.0046900064","0.0","0.0","0.0","0.0","0.0","0.0","0.0","0.0","0.0","0.0","0.0","0.0","0.0","0.0","0.0","0.0","0.0","0.0","0.0","0.0","0.0","0.0","0.0"
"Rectal Carcinoma","-0.15311743","-0.006689525","-0.027291033","0.0012765183","-0.02442467","-0.0064697242","-0.01316582","-0.0007020722","-0.005387479","-7.5545504e-05","1.3969154e-05","-0.008930601","-0.0058702943","0.0009144299","-0.002191905","0.00068072375","0.004769958","-0.0026594377","0.0012356257","-0.0005457685","-0.0064956485","-0.06711237","-0.00035602483","0.0015081523","0.00028825126","0.0019035364","-0.0019369373","-0.0018442923","0.0","0.0","0.0","0.0","0.0","0.0","0.0","0.0","0.0","0.0","0.0","0.0","-0.0046900064","0.0","0.0","0.0","0.0","0.0","0.0","0.0","0.0","0.0","0.0","0.0","0.0","0.0","0.0","0.0","0.0","0.0","0.0","0.0","0.0","0.0","0.0","0.0"
"Rectal cancer","-0.15311743","-0.006689525","-0.027291033","0.0012765183","-0.02442467","-0.0064697242","-0.01316582","-0.0007020722","-0.005387479","-7.5545504e-05","1.3969154e-05","-0.008930601","-0.0058702943","0.0009144299","-0.002191905","0.00068072375","0.004769958","-0.0026594377","0.0012356257","-0.0005457685","-0.0064956485","-0.06711237","-0.00035602483","0.0015081523","0.00028825126","0.0019035364","-0.0019369373","-0.0018442923","0.0","0.0","0.0","0.0","0.0","0.0","0.0","0.0","0.0","0.0","0.0","0.0","-0.0046900064","0.0","0.0","0.0","0.0","0.0","0.0","0.0","0.0","0.0","0.0","0.0","0.0","0.0","0.0","0.0","0.0","0.0","0.0","0.0","0.0","0.0","0.0","0.0"
"Recurrent Clostridium difficile infection","-0.15311743","-0.006689525","-0.027291033","0.0012765183","-0.02442467","-0.0064697242","-0.01316582","-0.0007020722","-0.005387479","-7.5545504e-05","1.3969154e-05","-0.008930601","-0.0058702943","0.0009144299","-0.002191905","0.00068072375","0.004769958","-0.0026594377","0.0012356257","-0.0005457685","-0.0064956485","-0.06711237","-0.00035602483","0.0015081523","0.00028825126","0.0019035364","-0.0019369373","-0.0018442923","0.0","0.0","0.0","0.0","0.0","0.0","0.0","0.0","0.0","0.0","0.0","0.0","-0.0046900064","0.0","0.0","0.0","0.0","0.0","0.0","0.0","0.0","0.0","0.0","0.0","0.0","0.0","0.0","0.0","0.0","0.0","0.0","0.0","0.0","0.0","0.0","0.0"
"Recurrent aphthous stomatitis ","-0.15311743","-0.006689525","-0.027291033","0.0012765183","-0.02442467","-0.0064697242","-0.01316582","-0.0007020722","-0.005387479","-7.5545504e-05","1.3969154e-05","-0.008930601","-0.0058702943","0.0009144299","-0.002191905","0.00068072375","0.004769958","-0.0026594377","0.0012356257","-0.0005457685","-0.0064956485","-0.06711237","-0.00035602483","0.0015081523","0.00028825126","0.0019035364","-0.0019369373","-0.0018442923","0.0","0.0","0.0","0.0","0.0","0.0","0.0","0.0","0.0","0.0","0.0","0.0","-0.0046900064","0.0","0.0","0.0","0.0","0.0","0.0","0.0","0.0","0.0","0.0","0.0","0.0","0.0","0.0","0.0","0.0","0.0","0.0","0.0","0.0","0.0","0.0","0.0"
"Recurrent miscarriage","-0.15311743","-0.006689525","-0.027291033","0.0012765183","-0.02442467","-0.0064697242","-0.01316582","-0.0007020722","-0.005387479","-7.5545504e-05","1.3969154e-05","-0.008930601","-0.0058702943","0.0009144299","-0.002191905","0.00068072375","0.004769958","-0.0026594377","0.0012356257","-0.0005457685","-0.0064956485","-0.06711237","-0.00035602483","0.0015081523","0.00028825126","0.0019035364","-0.0019369373","-0.0018442923","0.0","0.0","0.0","0.0","0.0","0.0","0.0","0.0","0.0","0.0","0.0","0.0","-0.0046900064","0.0","0.0","0.0","0.0","0.0","0.0","0.0","0.0","0.0","0.0","0.0","0.0","0.0","0.0","0.0","0.0","0.0","0.0","0.0","0.0","0.0","0.0","0.0"
"Recurrent tonsillitis","-0.15311743","-0.006689525","-0.027291033","0.0012765183","-0.02442467","-0.0064697242","-0.01316582","-0.0007020722","-0.005387479","-7.5545504e-05","1.3969154e-05","-0.008930601","-0.0058702943","0.0009144299","-0.002191905","0.00068072375","0.004769958","-0.0026594377","0.0012356257","-0.0005457685","-0.0064956485","-0.06711237","-0.00035602483","0.0015081523","0.00028825126","0.0019035364","-0.0019369373","-0.0018442923","0.0","0.0","0.0","0.0","0.0","0.0","0.0","0.0","0.0","0.0","0.0","0.0","-0.0046900064","0.0","0.0","0.0","0.0","0.0","0.0","0.0","0.0","0.0","0.0","0.0","0.0","0.0","0.0","0.0","0.0","0.0","0.0","0.0","0.0","0.0","0.0","0.0"
"Reflux esophagitis","-0.15311743","-0.006689525","-0.027291033","0.0012765183","-0.02442467","-0.0064697242","-0.01316582","-0.0007020722","-0.005387479","-7.5545504e-05","1.3969154e-05","-0.008930601","-0.0058702943","0.0009144299","-0.002191905","0.00068072375","0.004769958","-0.0026594377","0.0012356257","-0.0005457685","-0.0064956485","-0.06711237","-0.00035602483","0.0015081523","0.00028825126","0.0019035364","-0.0019369373","-0.0018442923","0.0","0.0","0.0","0.0","0.0","0.0","0.0","0.0","0.0","0.0","0.0","0.0","-0.0046900064","0.0","0.0","0.0","0.0","0.0","0.0","0.0","0.0","0.0","0.0","0.0","0.0","0.0","0.0","0.0","0.0","0.0","0.0","0.0","0.0","0.0","0.0","0.0"
"Refractory celiac disease","-0.15311743","-0.006689525","-0.027291033","0.0012765183","-0.02442467","-0.0064697242","-0.01316582","-0.0007020722","-0.005387479","-7.5545504e-05","1.3969154e-05","-0.008930601","-0.0058702943","0.0009144299","-0.002191905","0.00068072375","0.004769958","-0.0026594377","0.0012356257","-0.0005457685","-0.0064956485","-0.06711237","-0.00035602483","0.0015081523","0.00028825126","0.0019035364","-0.0019369373","-0.0018442923","0.0","0.0","0.0","0.0","0.0","0.0","0.0","0.0","0.0","0.0","0.0","0.0","-0.0046900064","0.0","0.0","0.0","0.0","0.0","0.0","0.0","0.0","0.0","0.0","0.0","0.0","0.0","0.0","0.0","0.0","0.0","0.0","0.0","0.0","0.0","0.0","0.0"
"Rett Syndrome","-0.15311743","-0.006689525","-0.027291033","0.0012765183","-0.02442467","-0.0064697242","-0.01316582","-0.0007020722","-0.005387479","-7.5545504e-05","1.3969154e-05","-0.008930601","-0.0058702943","0.0009144299","-0.002191905","0.00068072375","0.004769958","-0.0026594377","0.0012356257","-0.0005457685","-0.0064956485","-0.06711237","-0.00035602483","0.0015081523","0.00028825126","0.0019035364","-0.0019369373","-0.0018442923","0.0","0.0","0.0","0.0","0.0","0.0","0.0","0.0","0.0","0.0","0.0","0.0","-0.0046900064","0.0","0.0","0.0","0.0","0.0","0.0","0.0","0.0","0.0","0.0","0.0","0.0","0.0","0.0","0.0","0.0","0.0","0.0","0.0","0.0","0.0","0.0","0.0"
"Rett syndrome","-0.15311743","-0.006689525","-0.027291033","0.0012765183","-0.02442467","-0.0064697242","-0.01316582","-0.0007020722","-0.005387479","-7.5545504e-05","1.3969154e-05","-0.008930601","-0.0058702943","0.0009144299","-0.002191905","0.00068072375","0.004769958","-0.0026594377","0.0012356257","-0.0005457685","-0.0064956485","-0.06711237","-0.00035602483","0.0015081523","0.00028825126","0.0019035364","-0.0019369373","-0.0018442923","0.0","0.0","0.0","0.0","0.0","0.0","0.0","0.0","0.0","0.0","0.0","0.0","-0.0046900064","0.0","0.0","0.0","0.0","0.0","0.0","0.0","0.0","0.0","0.0","0.0","0.0","0.0","0.0","0.0","0.0","0.0","0.0","0.0","0.0","0.0","0.0","0.0"
"Rheumatoid Arthritis","-0.15311743","-0.006689525","-0.027291033","0.0012765183","-0.02442467","-0.0064697242","-0.01316582","-0.0007020722","-0.005387479","-7.5545504e-05","1.3969154e-05","-0.008930601","-0.0058702943","0.0009144299","-0.002191905","0.00068072375","0.004769958","-0.0026594377","0.0012356257","-0.0005457685","-0.0064956485","-0.06711237","-0.00035602483","0.0015081523","0.00028825126","0.0019035364","-0.0019369373","-0.0018442923","0.0","0.0","0.0","0.0","0.0","0.0","0.0","0.0","0.0","0.0","0.0","0.0","-0.0046900064","0.0","0.0","0.0","0.0","0.0","0.0","0.0","0.0","0.0","0.0","0.0","0.0","0.0","0.0","0.0","0.0","0.0","0.0","0.0","0.0","0.0","0.0","0.0"
"Rheumatoid arthrits","-0.15311743","-0.006689525","-0.027291033","0.0012765183","-0.02442467","-0.0064697242","-0.01316582","-0.0007020722","-0.005387479","-7.5545504e-05","1.3969154e-05","-0.008930601","-0.0058702943","0.0009144299","-0.002191905","0.00068072375","0.004769958","-0.0026594377","0.0012356257","-0.0005457685","-0.0064956485","-0.06711237","-0.00035602483","0.0015081523","0.00028825126","0.0019035364","-0.0019369373","-0.0018442923","0.0","0.0","0.0","0.0","0.0","0.0","0.0","0.0","0.0","0.0","0.0","0.0","-0.0046900064","0.0","0.0","0.0","0.0","0.0","0.0","0.0","0.0","0.0","0.0","0.0","0.0","0.0","0.0","0.0","0.0","0.0","0.0","0.0","0.0","0.0","0.0","0.0"
"Rhinovirus infection","-0.15311743","-0.006689525","-0.027291033","0.0012765183","-0.02442467","-0.0064697242","-0.01316582","-0.0007020722","-0.005387479","-7.5545504e-05","1.3969154e-05","-0.008930601","-0.0058702943","0.0009144299","-0.002191905","0.00068072375","0.004769958","-0.0026594377","0.0012356257","-0.0005457685","-0.0064956485","-0.06711237","-0.00035602483","0.0015081523","0.00028825126","0.0019035364","-0.0019369373","-0.0018442923","0.0","0.0","0.0","0.0","0.0","0.0","0.0","0.0","0.0","0.0","0.0","0.0","-0.0046900064","0.0","0.0","0.0","0.0","0.0","0.0","0.0","0.0","0.0","0.0","0.0","0.0","0.0","0.0","0.0","0.0","0.0","0.0","0.0","0.0","0.0","0.0","0.0"
"Rosacea","-0.15311743","-0.006689525","-0.027291033","0.0012765183","-0.02442467","-0.0064697242","-0.01316582","-0.0007020722","-0.005387479","-7.5545504e-05","1.3969154e-05","-0.008930601","-0.0058702943","0.0009144299","-0.002191905","0.00068072375","0.004769958","-0.0026594377","0.0012356257","-0.0005457685","-0.0064956485","-0.06711237","-0.00035602483","0.0015081523","0.00028825126","0.0019035364","-0.0019369373","-0.0018442923","0.0","0.0","0.0","0.0","0.0","0.0","0.0","0.0","0.0","0.0","0.0","0.0","-0.0046900064","0.0","0.0","0.0","0.0","0.0","0.0","0.0","0.0","0.0","0.0","0.0","0.0","0.0","0.0","0.0","0.0","0.0","0.0","0.0","0.0","0.0","0.0","0.0"
"Sarcopenia","-0.15311743","-0.006689525","-0.027291033","0.0012765183","-0.02442467","-0.0064697242","-0.01316582","-0.0007020722","-0.005387479","-7.5545504e-05","1.3969154e-05","-0.008930601","-0.0058702943","0.0009144299","-0.002191905","0.00068072375","0.004769958","-0.0026594377","0.0012356257","-0.0005457685","-0.0064956485","-0.06711237","-0.00035602483","0.0015081523","0.00028825126","0.0019035364","-0.0019369373","-0.0018442923","0.0","0.0","0.0","0.0","0.0","0.0","0.0","0.0","0.0","0.0","0.0","0.0","-0.0046900064","0.0","0.0","0.0","0.0","0.0","0.0","0.0","0.0","0.0","0.0","0.0","0.0","0.0","0.0","0.0","0.0","0.0","0.0","0.0","0.0","0.0","0.0","0.0"
"Schizophrenia","-0.15311743","-0.006689525","-0.027291033","0.0012765183","-0.02442467","-0.0064697242","-0.01316582","-0.0007020722","-0.005387479","-7.5545504e-05","1.3969154e-05","-0.008930601","-0.0058702943","0.0009144299","-0.002191905","0.00068072375","0.004769958","-0.0026594377","0.0012356257","-0.0005457685","-0.0064956485","-0.06711237","-0.00035602483","0.0015081523","0.00028825126","0.0019035364","-0.0019369373","-0.0018442923","0.0","0.0","0.0","0.0","0.0","0.0","0.0","0.0","0.0","0.0","0.0","0.0","-0.0046900064","0.0","0.0","0.0","0.0","0.0","0.0","0.0","0.0","0.0","0.0","0.0","0.0","0.0","0.0","0.0","0.0","0.0","0.0","0.0","0.0","0.0","0.0","0.0"
"Seborrheic dermatitis","-0.15311743","-0.006689525","-0.027291033","0.0012765183","-0.02442467","-0.0064697242","-0.01316582","-0.0007020722","-0.005387479","-7.5545504e-05","1.3969154e-05","-0.008930601","-0.0058702943","0.0009144299","-0.002191905","0.00068072375","0.004769958","-0.0026594377","0.0012356257","-0.0005457685","-0.0064956485","-0.06711237","-0.00035602483","0.0015081523","0.00028825126","0.0019035364","-0.0019369373","-0.0018442923","0.0","0.0","0.0","0.0","0.0","0.0","0.0","0.0","0.0","0.0","0.0","0.0","-0.0046900064","0.0","0.0","0.0","0.0","0.0","0.0","0.0","0.0","0.0","0.0","0.0","0.0","0.0","0.0","0.0","0.0","0.0","0.0","0.0","0.0","0.0","0.0","0.0"
"Seminal hyperviscosity","-0.15311743","-0.006689525","-0.027291033","0.0012765183","-0.02442467","-0.0064697242","-0.01316582","-0.0007020722","-0.005387479","-7.5545504e-05","1.3969154e-05","-0.008930601","-0.0058702943","0.0009144299","-0.002191905","0.00068072375","0.004769958","-0.0026594377","0.0012356257","-0.0005457685","-0.0064956485","-0.06711237","-0.00035602483","0.0015081523","0.00028825126","0.0019035364","-0.0019369373","-0.0018442923","0.0","0.0","0.0","0.0","0.0","0.0","0.0","0.0","0.0","0.0","0.0","0.0","-0.0046900064","0.0","0.0","0.0","0.0","0.0","0.0","0.0","0.0","0.0","0.0","0.0","0.0","0.0","0.0","0.0","0.0","0.0","0.0","0.0","0.0","0.0","0.0","0.0"
"Sensitive scalp","-0.15311743","-0.006689525","-0.027291033","0.0012765183","-0.02442467","-0.0064697242","-0.01316582","-0.0007020722","-0.005387479","-7.5545504e-05","1.3969154e-05","-0.008930601","-0.0058702943","0.0009144299","-0.002191905","0.00068072375","0.004769958","-0.0026594377","0.0012356257","-0.0005457685","-0.0064956485","-0.06711237","-0.00035602483","0.0015081523","0.00028825126","0.0019035364","-0.0019369373","-0.0018442923","0.0","0.0","0.0","0.0","0.0","0.0","0.0","0.0","0.0","0.0","0.0","0.0","-0.0046900064","0.0","0.0","0.0","0.0","0.0","0.0","0.0","0.0","0.0","0.0","0.0","0.0","0.0","0.0","0.0","0.0","0.0","0.0","0.0","0.0","0.0","0.0","0.0"
"Sepsis","-0.15311743","-0.006689525","-0.027291033","0.0012765183","-0.02442467","-0.0064697242","-0.01316582","-0.0007020722","-0.005387479","-7.5545504e-05","1.3969154e-05","-0.008930601","-0.0058702943","0.0009144299","-0.002191905","0.00068072375","0.004769958","-0.0026594377","0.0012356257","-0.0005457685","-0.0064956485","-0.06711237","-0.00035602483","0.0015081523","0.00028825126","0.0019035364","-0.0019369373","-0.0018442923","0.0","0.0","0.0","0.0","0.0","0.0","0.0","0.0","0.0","0.0","0.0","0.0","-0.0046900064","0.0","0.0","0.0","0.0","0.0","0.0","0.0","0.0","0.0","0.0","0.0","0.0","0.0","0.0","0.0","0.0","0.0","0.0","0.0","0.0","0.0","0.0","0.0"
"Severe Acute Malnutrition","-0.15311743","-0.006689525","-0.027291033","0.0012765183","-0.02442467","-0.0064697242","-0.01316582","-0.0007020722","-0.005387479","-7.5545504e-05","1.3969154e-05","-0.008930601","-0.0058702943","0.0009144299","-0.002191905","0.00068072375","0.004769958","-0.0026594377","0.0012356257","-0.0005457685","-0.0064956485","-0.06711237","-0.00035602483","0.0015081523","0.00028825126","0.0019035364","-0.0019369373","-0.0018442923","0.0","0.0","0.0","0.0","0.0","0.0","0.0","0.0","0.0","0.0","0.0","0.0","-0.0046900064","0.0","0.0","0.0","0.0","0.0","0.0","0.0","0.0","0.0","0.0","0.0","0.0","0.0","0.0","0.0","0.0","0.0","0.0","0.0","0.0","0.0","0.0","0.0"
"Severe congenital neutropenia","-0.15311743","-0.006689525","-0.027291033","0.0012765183","-0.02442467","-0.0064697242","-0.01316582","-0.0007020722","-0.005387479","-7.5545504e-05","1.3969154e-05","-0.008930601","-0.0058702943","0.0009144299","-0.002191905","0.00068072375","0.004769958","-0.0026594377","0.0012356257","-0.0005457685","-0.0064956485","-0.06711237","-0.00035602483","0.0015081523","0.00028825126","0.0019035364","-0.0019369373","-0.0018442923","0.0","0.0","0.0","0.0","0.0","0.0","0.0","0.0","0.0","0.0","0.0","0.0","-0.0046900064","0.0","0.0","0.0","0.0","0.0","0.0","0.0","0.0","0.0","0.0","0.0","0.0","0.0","0.0","0.0","0.0","0.0","0.0","0.0","0.0","0.0","0.0","0.0"
"Severe fever with thrombocytopenia syndrome","-0.15311743","-0.006689525","-0.027291033","0.0012765183","-0.02442467","-0.0064697242","-0.01316582","-0.0007020722","-0.005387479","-7.5545504e-05","1.3969154e-05","-0.008930601","-0.0058702943","0.0009144299","-0.002191905","0.00068072375","0.004769958","-0.0026594377","0.0012356257","-0.0005457685","-0.0064956485","-0.06711237","-0.00035602483","0.0015081523","0.00028825126","0.0019035364","-0.0019369373","-0.0018442923","0.0","0.0","0.0","0.0","0.0","0.0","0.0","0.0","0.0","0.0","0.0","0.0","-0.0046900064","0.0","0.0","0.0","0.0","0.0","0.0","0.0","0.0","0.0","0.0","0.0","0.0","0.0","0.0","0.0","0.0","0.0","0.0","0.0","0.0","0.0","0.0","0.0"
"Shiga Toxin-producing E. coli infection","-0.15311743","-0.006689525","-0.027291033","0.0012765183","-0.02442467","-0.0064697242","-0.01316582","-0.0007020722","-0.005387479","-7.5545504e-05","1.3969154e-05","-0.008930601","-0.0058702943","0.0009144299","-0.002191905","0.00068072375","0.004769958","-0.0026594377","0.0012356257","-0.0005457685","-0.0064956485","-0.06711237","-0.00035602483","0.0015081523","0.00028825126","0.0019035364","-0.0019369373","-0.0018442923","0.0","0.0","0.0","0.0","0.0","0.0","0.0","0.0","0.0","0.0","0.0","0.0","-0.0046900064","0.0","0.0","0.0","0.0","0.0","0.0","0.0","0.0","0.0","0.0","0.0","0.0","0.0","0.0","0.0","0.0","0.0","0.0","0.0","0.0","0.0","0.0","0.0"
"Short Bowel Syndrome","-0.15311743","-0.006689525","-0.027291033","0.0012765183","-0.02442467","-0.0064697242","-0.01316582","-0.0007020722","-0.005387479","-7.5545504e-05","1.3969154e-05","-0.008930601","-0.0058702943","0.0009144299","-0.002191905","0.00068072375","0.004769958","-0.0026594377","0.0012356257","-0.0005457685","-0.0064956485","-0.06711237","-0.00035602483","0.0015081523","0.00028825126","0.0019035364","-0.0019369373","-0.0018442923","0.0","0.0","0.0","0.0","0.0","0.0","0.0","0.0","0.0","0.0","0.0","0.0","-0.0046900064","0.0","0.0","0.0","0.0","0.0","0.0","0.0","0.0","0.0","0.0","0.0","0.0","0.0","0.0","0.0","0.0","0.0","0.0","0.0","0.0","0.0","0.0","0.0"
"Short bowel syndrome","-0.15311743","-0.006689525","-0.027291033","0.0012765183","-0.02442467","-0.0064697242","-0.01316582","-0.0007020722","-0.005387479","-7.5545504e-05","1.3969154e-05","-0.008930601","-0.0058702943","0.0009144299","-0.002191905","0.00068072375","0.004769958","-0.0026594377","0.0012356257","-0.0005457685","-0.0064956485","-0.06711237","-0.00035602483","0.0015081523","0.00028825126","0.0019035364","-0.0019369373","-0.0018442923","0.0","0.0","0.0","0.0","0.0","0.0","0.0","0.0","0.0","0.0","0.0","0.0","-0.0046900064","0.0","0.0","0.0","0.0","0.0","0.0","0.0","0.0","0.0","0.0","0.0","0.0","0.0","0.0","0.0","0.0","0.0","0.0","0.0","0.0","0.0","0.0","0.0"
"Sicca syndrome","-0.15311743","-0.006689525","-0.027291033","0.0012765183","-0.02442467","-0.0064697242","-0.01316582","-0.0007020722","-0.005387479","-7.5545504e-05","1.3969154e-05","-0.008930601","-0.0058702943","0.0009144299","-0.002191905","0.00068072375","0.004769958","-0.0026594377","0.0012356257","-0.0005457685","-0.0064956485","-0.06711237","-0.00035602483","0.0015081523","0.00028825126","0.0019035364","-0.0019369373","-0.0018442923","0.0","0.0","0.0","0.0","0.0","0.0","0.0","0.0","0.0","0.0","0.0","0.0","-0.0046900064","0.0","0.0","0.0","0.0","0.0","0.0","0.0","0.0","0.0","0.0","0.0","0.0","0.0","0.0","0.0","0.0","0.0","0.0","0.0","0.0","0.0","0.0","0.0"
"Sickle cell disease","-0.15311743","-0.006689525","-0.027291033","0.0012765183","-0.02442467","-0.0064697242","-0.01316582","-0.0007020722","-0.005387479","-7.5545504e-05","1.3969154e-05","-0.008930601","-0.0058702943","0.0009144299","-0.002191905","0.00068072375","0.004769958","-0.0026594377","0.0012356257","-0.0005457685","-0.0064956485","-0.06711237","-0.00035602483","0.0015081523","0.00028825126","0.0019035364","-0.0019369373","-0.0018442923","0.0","0.0","0.0","0.0","0.0","0.0","0.0","0.0","0.0","0.0","0.0","0.0","-0.0046900064","0.0","0.0","0.0","0.0","0.0","0.0","0.0","0.0","0.0","0.0","0.0","0.0","0.0","0.0","0.0","0.0","0.0","0.0","0.0","0.0","0.0","0.0","0.0"
"Silicosis","-0.15311743","-0.006689525","-0.027291033","0.0012765183","-0.02442467","-0.0064697242","-0.01316582","-0.0007020722","-0.005387479","-7.5545504e-05","1.3969154e-05","-0.008930601","-0.0058702943","0.0009144299","-0.002191905","0.00068072375","0.004769958","-0.0026594377","0.0012356257","-0.0005457685","-0.0064956485","-0.06711237","-0.00035602483","0.0015081523","0.00028825126","0.0019035364","-0.0019369373","-0.0018442923","0.0","0.0","0.0","0.0","0.0","0.0","0.0","0.0","0.0","0.0","0.0","0.0","-0.0046900064","0.0","0.0","0.0","0.0","0.0","0.0","0.0","0.0","0.0","0.0","0.0","0.0","0.0","0.0","0.0","0.0","0.0","0.0","0.0","0.0","0.0","0.0","0.0"
"Sjögren Syndrome","-0.15311743","-0.006689525","-0.027291033","0.0012765183","-0.02442467","-0.0064697242","-0.01316582","-0.0007020722","-0.005387479","-7.5545504e-05","1.3969154e-05","-0.008930601","-0.0058702943","0.0009144299","-0.002191905","0.00068072375","0.004769958","-0.0026594377","0.0012356257","-0.0005457685","-0.0064956485","-0.06711237","-0.00035602483","0.0015081523","0.00028825126","0.0019035364","-0.0019369373","-0.0018442923","0.0","0.0","0.0","0.0","0.0","0.0","0.0","0.0","0.0","0.0","0.0","0.0","-0.0046900064","0.0","0.0","0.0","0.0","0.0","0.0","0.0","0.0","0.0","0.0","0.0","0.0","0.0","0.0","0.0","0.0","0.0","0.0","0.0","0.0","0.0","0.0","0.0"
"Skin and mucosal infections","-0.15311743","-0.006689525","-0.027291033","0.0012765183","-0.02442467","-0.0064697242","-0.01316582","-0.0007020722","-0.005387479","-7.5545504e-05","1.3969154e-05","-0.008930601","-0.0058702943","0.0009144299","-0.002191905","0.00068072375","0.004769958","-0.0026594377","0.0012356257","-0.0005457685","-0.0064956485","-0.06711237","-0.00035602483","0.0015081523","0.00028825126","0.0019035364","-0.0019369373","-0.0018442923","0.0","0.0","0.0","0.0","0.0","0.0","0.0","0.0","0.0","0.0","0.0","0.0","-0.0046900064","0.0","0.0","0.0","0.0","0.0","0.0","0.0","0.0","0.0","0.0","0.0","0.0","0.0","0.0","0.0","0.0","0.0","0.0","0.0","0.0","0.0","0.0","0.0"
"Small intestine neoplasm","-0.15311743","-0.006689525","-0.027291033","0.0012765183","-0.02442467","-0.0064697242","-0.01316582","-0.0007020722","-0.005387479","-7.5545504e-05","1.3969154e-05","-0.008930601","-0.0058702943","0.0009144299","-0.002191905","0.00068072375","0.004769958","-0.0026594377","0.0012356257","-0.0005457685","-0.0064956485","-0.06711237","-0.00035602483","0.0015081523","0.00028825126","0.0019035364","-0.0019369373","-0.0018442923","0.0","0.0","0.0","0.0","0.0","0.0","0.0","0.0","0.0","0.0","0.0","0.0","-0.0046900064","0.0","0.0","0.0","0.0","0.0","0.0","0.0","0.0","0.0","0.0","0.0","0.0","0.0","0.0","0.0","0.0","0.0","0.0","0.0","0.0","0.0","0.0","0.0"
"Smoking","-0.15311743","-0.006689525","-0.027291033","0.0012765183","-0.02442467","-0.0064697242","-0.01316582","-0.0007020722","-0.005387479","-7.5545504e-05","1.3969154e-05","-0.008930601","-0.0058702943","0.0009144299","-0.002191905","0.00068072375","0.004769958","-0.0026594377","0.0012356257","-0.0005457685","-0.0064956485","-0.06711237","-0.00035602483","0.0015081523","0.00028825126","0.0019035364","-0.0019369373","-0.0018442923","0.0","0.0","0.0","0.0","0.0","0.0","0.0","0.0","0.0","0.0","0.0","0.0","-0.0046900064","0.0","0.0","0.0","0.0","0.0","0.0","0.0","0.0","0.0","0.0","0.0","0.0","0.0","0.0","0.0","0.0","0.0","0.0","0.0","0.0","0.0","0.0","0.0"
"Spinal Cord Injury","-0.15311743","-0.006689525","-0.027291033","0.0012765183","-0.02442467","-0.0064697242","-0.01316582","-0.0007020722","-0.005387479","-7.5545504e-05","1.3969154e-05","-0.008930601","-0.0058702943","0.0009144299","-0.002191905","0.00068072375","0.004769958","-0.0026594377","0.0012356257","-0.0005457685","-0.0064956485","-0.06711237","-0.00035602483","0.0015081523","0.00028825126","0.0019035364","-0.0019369373","-0.0018442923","0.0","0.0","0.0","0.0","0.0","0.0","0.0","0.0","0.0","0.0","0.0","0.0","-0.0046900064","0.0","0.0","0.0","0.0","0.0","0.0","0.0","0.0","0.0","0.0","0.0","0.0","0.0","0.0","0.0","0.0","0.0","0.0","0.0","0.0","0.0","0.0","0.0"
"Spinal cord injury","-0.15311743","-0.006689525","-0.027291033","0.0012765183","-0.02442467","-0.0064697242","-0.01316582","-0.0007020722","-0.005387479","-7.5545504e-05","1.3969154e-05","-0.008930601","-0.0058702943","0.0009144299","-0.002191905","0.00068072375","0.004769958","-0.0026594377","0.0012356257","-0.0005457685","-0.0064956485","-0.06711237","-0.00035602483","0.0015081523","0.00028825126","0.0019035364","-0.0019369373","-0.0018442923","0.0","0.0","0.0","0.0","0.0","0.0","0.0","0.0","0.0","0.0","0.0","0.0","-0.0046900064","0.0","0.0","0.0","0.0","0.0","0.0","0.0","0.0","0.0","0.0","0.0","0.0","0.0","0.0","0.0","0.0","0.0","0.0","0.0","0.0","0.0","0.0","0.0"
"Spleen deficiency syndrome","-0.15311743","-0.006689525","-0.027291033","0.0012765183","-0.02442467","-0.0064697242","-0.01316582","-0.0007020722","-0.005387479","-7.5545504e-05","1.3969154e-05","-0.008930601","-0.0058702943","0.0009144299","-0.002191905","0.00068072375","0.004769958","-0.0026594377","0.0012356257","-0.0005457685","-0.0064956485","-0.06711237","-0.00035602483","0.0015081523","0.00028825126","0.0019035364","-0.0019369373","-0.0018442923","0.0","0.0","0.0","0.0","0.0","0.0","0.0","0.0","0.0","0.0","0.0","0.0","-0.0046900064","0.0","0.0","0.0","0.0","0.0","0.0","0.0","0.0","0.0","0.0","0.0","0.0","0.0","0.0","0.0","0.0","0.0","0.0","0.0","0.0","0.0","0.0","0.0"
"Spondyloarthritis","-0.15311743","-0.006689525","-0.027291033","0.0012765183","-0.02442467","-0.0064697242","-0.01316582","-0.0007020722","-0.005387479","-7.5545504e-05","1.3969154e-05","-0.008930601","-0.0058702943","0.0009144299","-0.002191905","0.00068072375","0.004769958","-0.0026594377","0.0012356257","-0.0005457685","-0.0064956485","-0.06711237","-0.00035602483","0.0015081523","0.00028825126","0.0019035364","-0.0019369373","-0.0018442923","0.0","0.0","0.0","0.0","0.0","0.0","0.0","0.0","0.0","0.0","0.0","0.0","-0.0046900064","0.0","0.0","0.0","0.0","0.0","0.0","0.0","0.0","0.0","0.0","0.0","0.0","0.0","0.0","0.0","0.0","0.0","0.0","0.0","0.0","0.0","0.0","0.0"
"Stevens-Johnson syndrome","-0.15311743","-0.006689525","-0.027291033","0.0012765183","-0.02442467","-0.0064697242","-0.01316582","-0.0007020722","-0.005387479","-7.5545504e-05","1.3969154e-05","-0.008930601","-0.0058702943","0.0009144299","-0.002191905","0.00068072375","0.004769958","-0.0026594377","0.0012356257","-0.0005457685","-0.0064956485","-0.06711237","-0.00035602483","0.0015081523","0.00028825126","0.0019035364","-0.0019369373","-0.0018442923","0.0","0.0","0.0","0.0","0.0","0.0","0.0","0.0","0.0","0.0","0.0","0.0","-0.0046900064","0.0","0.0","0.0","0.0","0.0","0.0","0.0","0.0","0.0","0.0","0.0","0.0","0.0","0.0","0.0","0.0","0.0","0.0","0.0","0.0","0.0","0.0","0.0"
"Stomach cancer","-0.15311743","-0.006689525","-0.027291033","0.0012765183","-0.02442467","-0.0064697242","-0.01316582","-0.0007020722","-0.005387479","-7.5545504e-05","1.3969154e-05","-0.008930601","-0.0058702943","0.0009144299","-0.002191905","0.00068072375","0.004769958","-0.0026594377","0.0012356257","-0.0005457685","-0.0064956485","-0.06711237","-0.00035602483","0.0015081523","0.00028825126","0.0019035364","-0.0019369373","-0.0018442923","0.0","0.0","0.0","0.0","0.0","0.0","0.0","0.0","0.0","0.0","0.0","0.0","-0.0046900064","0.0","0.0","0.0","0.0","0.0","0.0","0.0","0.0","0.0","0.0","0.0","0.0","0.0","0.0","0.0","0.0","0.0","0.0","0.0","0.0","0.0","0.0","0.0"
"Systemic Lupus Erythematosus","-0.15311743","-0.006689525","-0.027291033","0.0012765183","-0.02442467","-0.0064697242","-0.01316582","-0.0007020722","-0.005387479","-7.5545504e-05","1.3969154e-05","-0.008930601","-0.0058702943","0.0009144299","-0.002191905","0.00068072375","0.004769958","-0.0026594377","0.0012356257","-0.0005457685","-0.0064956485","-0.06711237","-0.00035602483","0.0015081523","0.00028825126","0.0019035364","-0.0019369373","-0.0018442923","0.0","0.0","0.0","0.0","0.0","0.0","0.0","0.0","0.0","0.0","0.0","0.0","-0.0046900064","0.0","0.0","0.0","0.0","0.0","0.0","0.0","0.0","0.0","0.0","0.0","0.0","0.0","0.0","0.0","0.0","0.0","0.0","0.0","0.0","0.0","0.0","0.0"
"Systemic inflammatory response syndrome","-0.15311743","-0.006689525","-0.027291033","0.0012765183","-0.02442467","-0.0064697242","-0.01316582","-0.0007020722","-0.005387479","-7.5545504e-05","1.3969154e-05","-0.008930601","-0.0058702943","0.0009144299","-0.002191905","0.00068072375","0.004769958","-0.0026594377","0.0012356257","-0.0005457685","-0.0064956485","-0.06711237","-0.00035602483","0.0015081523","0.00028825126","0.0019035364","-0.0019369373","-0.0018442923","0.0","0.0","0.0","0.0","0.0","0.0","0.0","0.0","0.0","0.0","0.0","0.0","-0.0046900064","0.0","0.0","0.0","0.0","0.0","0.0","0.0","0.0","0.0","0.0","0.0","0.0","0.0","0.0","0.0","0.0","0.0","0.0","0.0","0.0","0.0","0.0","0.0"
"Systemic lupus erythematosus","-0.15311743","-0.006689525","-0.027291033","0.0012765183","-0.02442467","-0.0064697242","-0.01316582","-0.0007020722","-0.005387479","-7.5545504e-05","1.3969154e-05","-0.008930601","-0.0058702943","0.0009144299","-0.002191905","0.00068072375","0.004769958","-0.0026594377","0.0012356257","-0.0005457685","-0.0064956485","-0.06711237","-0.00035602483","0.0015081523","0.00028825126","0.0019035364","-0.0019369373","-0.0018442923","0.0","0.0","0.0","0.0","0.0","0.0","0.0","0.0","0.0","0.0","0.0","0.0","-0.0046900064","0.0","0.0","0.0","0.0","0.0","0.0","0.0","0.0","0.0","0.0","0.0","0.0","0.0","0.0","0.0","0.0","0.0","0.0","0.0","0.0","0.0","0.0","0.0"
"Systemic sclerosis","-0.15311743","-0.006689525","-0.027291033","0.0012765183","-0.02442467","-0.0064697242","-0.01316582","-0.0007020722","-0.005387479","-7.5545504e-05","1.3969154e-05","-0.008930601","-0.0058702943","0.0009144299","-0.002191905","0.00068072375","0.004769958","-0.0026594377","0.0012356257","-0.0005457685","-0.0064956485","-0.06711237","-0.00035602483","0.0015081523","0.00028825126","0.0019035364","-0.0019369373","-0.0018442923","0.0","0.0","0.0","0.0","0.0","0.0","0.0","0.0","0.0","0.0","0.0","0.0","-0.0046900064","0.0","0.0","0.0","0.0","0.0","0.0","0.0","0.0","0.0","0.0","0.0","0.0","0.0","0.0","0.0","0.0","0.0","0.0","0.0","0.0","0.0","0.0","0.0"
"T2D with hyperlipidemia","-0.15311743","-0.006689525","-0.027291033","0.0012765183","-0.02442467","-0.0064697242","-0.01316582","-0.0007020722","-0.005387479","-7.5545504e-05","1.3969154e-05","-0.008930601","-0.0058702943","0.0009144299","-0.002191905","0.00068072375","0.004769958","-0.0026594377","0.0012356257","-0.0005457685","-0.0064956485","-0.06711237","-0.00035602483","0.0015081523","0.00028825126","0.0019035364","-0.0019369373","-0.0018442923","0.0","0.0","0.0","0.0","0.0","0.0","0.0","0.0","0.0","0.0","0.0","0.0","-0.0046900064","0.0","0.0","0.0","0.0","0.0","0.0","0.0","0.0","0.0","0.0","0.0","0.0","0.0","0.0","0.0","0.0","0.0","0.0","0.0","0.0","0.0","0.0","0.0"
"T2D with hypertension","-0.15311743","-0.006689525","-0.027291033","0.0012765183","-0.02442467","-0.0064697242","-0.01316582","-0.0007020722","-0.005387479","-7.5545504e-05","1.3969154e-05","-0.008930601","-0.0058702943","0.0009144299","-0.002191905","0.00068072375","0.004769958","-0.0026594377","0.0012356257","-0.0005457685","-0.0064956485","-0.06711237","-0.00035602483","0.0015081523","0.00028825126","0.0019035364","-0.0019369373","-0.0018442923","0.0","0.0","0.0","0.0","0.0","0.0","0.0","0.0","0.0","0.0","0.0","0.0","-0.0046900064","0.0","0.0","0.0","0.0","0.0","0.0","0.0","0.0","0.0","0.0","0.0","0.0","0.0","0.0","0.0","0.0","0.0","0.0","0.0","0.0","0.0","0.0","0.0"
"T2D with hypertension and hyperlipidemia","-0.15311743","-0.006689525","-0.027291033","0.0012765183","-0.02442467","-0.0064697242","-0.01316582","-0.0007020722","-0.005387479","-7.5545504e-05","1.3969154e-05","-0.008930601","-0.0058702943","0.0009144299","-0.002191905","0.00068072375","0.004769958","-0.0026594377","0.0012356257","-0.0005457685","-0.0064956485","-0.06711237","-0.00035602483","0.0015081523","0.00028825126","0.0019035364","-0.0019369373","-0.0018442923","0.0","0.0","0.0","0.0","0.0","0.0","0.0","0.0","0.0","0.0","0.0","0.0","-0.0046900064","0.0","0.0","0.0","0.0","0.0","0.0","0.0","0.0","0.0","0.0","0.0","0.0","0.0","0.0","0.0","0.0","0.0","0.0","0.0","0.0","0.0","0.0","0.0"
"Tetratricopeptide repeat domain 7A deficiency","-0.15311743","-0.006689525","-0.027291033","0.0012765183","-0.02442467","-0.0064697242","-0.01316582","-0.0007020722","-0.005387479","-7.5545504e-05","1.3969154e-05","-0.008930601","-0.0058702943","0.0009144299","-0.002191905","0.00068072375","0.004769958","-0.0026594377","0.0012356257","-0.0005457685","-0.0064956485","-0.06711237","-0.00035602483","0.0015081523","0.00028825126","0.0019035364","-0.0019369373","-0.0018442923","0.0","0.0","0.0","0.0","0.0","0.0","0.0","0.0","0.0","0.0","0.0","0.0","-0.0046900064","0.0","0.0","0.0","0.0","0.0","0.0","0.0","0.0","0.0","0.0","0.0","0.0","0.0","0.0","0.0","0.0","0.0","0.0","0.0","0.0","0.0","0.0","0.0"
"Thyroid carcinoma","-0.15311743","-0.006689525","-0.027291033","0.0012765183","-0.02442467","-0.0064697242","-0.01316582","-0.0007020722","-0.005387479","-7.5545504e-05","1.3969154e-05","-0.008930601","-0.0058702943","0.0009144299","-0.002191905","0.00068072375","0.004769958","-0.0026594377","0.0012356257","-0.0005457685","-0.0064956485","-0.06711237","-0.00035602483","0.0015081523","0.00028825126","0.0019035364","-0.0019369373","-0.0018442923","0.0","0.0","0.0","0.0","0.0","0.0","0.0","0.0","0.0","0.0","0.0","0.0","-0.0046900064","0.0","0.0","0.0","0.0","0.0","0.0","0.0","0.0","0.0","0.0","0.0","0.0","0.0","0.0","0.0","0.0","0.0","0.0","0.0","0.0","0.0","0.0","0.0"
"Tongue cancer","-0.15311743","-0.006689525","-0.027291033","0.0012765183","-0.02442467","-0.0064697242","-0.01316582","-0.0007020722","-0.005387479","-7.5545504e-05","1.3969154e-05","-0.008930601","-0.0058702943","0.0009144299","-0.002191905","0.00068072375","0.004769958","-0.0026594377","0.0012356257","-0.0005457685","-0.0064956485","-0.06711237","-0.00035602483","0.0015081523","0.00028825126","0.0019035364","-0.0019369373","-0.0018442923","0.0","0.0","0.0","0.0","0.0","0.0","0.0","0.0","0.0","0.0","0.0","0.0","-0.0046900064","0.0","0.0","0.0","0.0","0.0","0.0","0.0","0.0","0.0","0.0","0.0","0.0","0.0","0.0","0.0","0.0","0.0","0.0","0.0","0.0","0.0","0.0","0.0"
"Trachoma","-0.15311743","-0.006689525","-0.027291033","0.0012765183","-0.02442467","-0.0064697242","-0.01316582","-0.0007020722","-0.005387479","-7.5545504e-05","1.3969154e-05","-0.008930601","-0.0058702943","0.0009144299","-0.002191905","0.00068072375","0.004769958","-0.0026594377","0.0012356257","-0.0005457685","-0.0064956485","-0.06711237","-0.00035602483","0.0015081523","0.00028825126","0.0019035364","-0.0019369373","-0.0018442923","0.0","0.0","0.0","0.0","0.0","0.0","0.0","0.0","0.0","0.0","0.0","0.0","-0.0046900064","0.0","0.0","0.0","0.0","0.0","0.0","0.0","0.0","0.0","0.0","0.0","0.0","0.0","0.0","0.0","0.0","0.0","0.0","0.0","0.0","0.0","0.0","0.0"
"Transient Ischemic Attack","-0.15311743","-0.006689525","-0.027291033","0.0012765183","-0.02442467","-0.0064697242","-0.01316582","-0.0007020722","-0.005387479","-7.5545504e-05","1.3969154e-05","-0.008930601","-0.0058702943","0.0009144299","-0.002191905","0.00068072375","0.004769958","-0.0026594377","0.0012356257","-0.0005457685","-0.0064956485","-0.06711237","-0.00035602483","0.0015081523","0.00028825126","0.0019035364","-0.0019369373","-0.0018442923","0.0","0.0","0.0","0.0","0.0","0.0","0.0","0.0","0.0","0.0","0.0","0.0","-0.0046900064","0.0","0.0","0.0","0.0","0.0","0.0","0.0","0.0","0.0","0.0","0.0","0.0","0.0","0.0","0.0","0.0","0.0","0.0","0.0","0.0","0.0","0.0","0.0"
"Traumatic Brain Injury","-0.15311743","-0.006689525","-0.027291033","0.0012765183","-0.02442467","-0.0064697242","-0.01316582","-0.0007020722","-0.005387479","-7.5545504e-05","1.3969154e-05","-0.008930601","-0.0058702943","0.0009144299","-0.002191905","0.00068072375","0.004769958","-0.0026594377","0.0012356257","-0.0005457685","-0.0064956485","-0.06711237","-0.00035602483","0.0015081523","0.00028825126","0.0019035364","-0.0019369373","-0.0018442923","0.0","0.0","0.0","0.0","0.0","0.0","0.0","0.0","0.0","0.0","0.0","0.0","-0.0046900064","0.0","0.0","0.0","0.0","0.0","0.0","0.0","0.0","0.0","0.0","0.0","0.0","0.0","0.0","0.0","0.0","0.0","0.0","0.0","0.0","0.0","0.0","0.0"
"Traumatic brain injury","-0.15311743","-0.006689525","-0.027291033","0.0012765183","-0.02442467","-0.0064697242","-0.01316582","-0.0007020722","-0.005387479","-7.5545504e-05","1.3969154e-05","-0.008930601","-0.0058702943","0.0009144299","-0.002191905","0.00068072375","0.004769958","-0.0026594377","0.0012356257","-0.0005457685","-0.0064956485","-0.06711237","-0.00035602483","0.0015081523","0.00028825126","0.0019035364","-0.0019369373","-0.0018442923","0.0","0.0","0.0","0.0","0.0","0.0","0.0","0.0","0.0","0.0","0.0","0.0","-0.0046900064","0.0","0.0","0.0","0.0","0.0","0.0","0.0","0.0","0.0","0.0","0.0","0.0","0.0","0.0","0.0","0.0","0.0","0.0","0.0","0.0","0.0","0.0","0.0"
"Trichomonas vaginalis infection","-0.15311743","-0.006689525","-0.027291033","0.0012765183","-0.02442467","-0.0064697242","-0.01316582","-0.0007020722","-0.005387479","-7.5545504e-05","1.3969154e-05","-0.008930601","-0.0058702943","0.0009144299","-0.002191905","0.00068072375","0.004769958","-0.0026594377","0.0012356257","-0.0005457685","-0.0064956485","-0.06711237","-0.00035602483","0.0015081523","0.00028825126","0.0019035364","-0.0019369373","-0.0018442923","0.0","0.0","0.0","0.0","0.0","0.0","0.0","0.0","0.0","0.0","0.0","0.0","-0.0046900064","0.0","0.0","0.0","0.0","0.0","0.0","0.0","0.0","0.0","0.0","0.0","0.0","0.0","0.0","0.0","0.0","0.0","0.0","0.0","0.0","0.0","0.0","0.0"
"Tuberculosis","-0.15311743","-0.006689525","-0.027291033","0.0012765183","-0.02442467","-0.0064697242","-0.01316582","-0.0007020722","-0.005387479","-7.5545504e-05","1.3969154e-05","-0.008930601","-0.0058702943","0.0009144299","-0.002191905","0.00068072375","0.004769958","-0.0026594377","0.0012356257","-0.0005457685","-0.0064956485","-0.06711237","-0.00035602483","0.0015081523","0.00028825126","0.0019035364","-0.0019369373","-0.0018442923","0.0","0.0","0.0","0.0","0.0","0.0","0.0","0.0","0.0","0.0","0.0","0.0","-0.0046900064","0.0","0.0","0.0","0.0","0.0","0.0","0.0","0.0","0.0","0.0","0.0","0.0","0.0","0.0","0.0","0.0","0.0","0.0","0.0","0.0","0.0","0.0","0.0"
"Type 1 Diabetes","-0.15311743","-0.006689525","-0.027291033","0.0012765183","-0.02442467","-0.0064697242","-0.01316582","-0.0007020722","-0.005387479","-7.5545504e-05","1.3969154e-05","-0.008930601","-0.0058702943","0.0009144299","-0.002191905","0.00068072375","0.004769958","-0.0026594377","0.0012356257","-0.0005457685","-0.0064956485","-0.06711237","-0.00035602483","0.0015081523","0.00028825126","0.0019035364","-0.0019369373","-0.0018442923","0.0","0.0","0.0","0.0","0.0","0.0","0.0","0.0","0.0","0.0","0.0","0.0","-0.0046900064","0.0","0.0","0.0","0.0","0.0","0.0","0.0","0.0","0.0","0.0","0.0","0.0","0.0","0.0","0.0","0.0","0.0","0.0","0.0","0.0","0.0","0.0","0.0"
"Type 1 diabetes","-0.15311743","-0.006689525","-0.027291033","0.0012765183","-0.02442467","-0.0064697242","-0.01316582","-0.0007020722","-0.005387479","-7.5545504e-05","1.3969154e-05","-0.008930601","-0.0058702943","0.0009144299","-0.002191905","0.00068072375","0.004769958","-0.0026594377","0.0012356257","-0.0005457685","-0.0064956485","-0.06711237","-0.00035602483","0.0015081523","0.00028825126","0.0019035364","-0.0019369373","-0.0018442923","0.0","0.0","0.0","0.0","0.0","0.0","0.0","0.0","0.0","0.0","0.0","0.0","-0.0046900064","0.0","0.0","0.0","0.0","0.0","0.0","0.0","0.0","0.0","0.0","0.0","0.0","0.0","0.0","0.0","0.0","0.0","0.0","0.0","0.0","0.0","0.0","0.0"
"Type 1 diabetes mellitus","-0.15311743","-0.006689525","-0.027291033","0.0012765183","-0.02442467","-0.0064697242","-0.01316582","-0.0007020722","-0.005387479","-7.5545504e-05","1.3969154e-05","-0.008930601","-0.0058702943","0.0009144299","-0.002191905","0.00068072375","0.004769958","-0.0026594377","0.0012356257","-0.0005457685","-0.0064956485","-0.06711237","-0.00035602483","0.0015081523","0.00028825126","0.0019035364","-0.0019369373","-0.0018442923","0.0","0.0","0.0","0.0","0.0","0.0","0.0","0.0","0.0","0.0","0.0","0.0","-0.0046900064","0.0","0.0","0.0","0.0","0.0","0.0","0.0","0.0","0.0","0.0","0.0","0.0","0.0","0.0","0.0","0.0","0.0","0.0","0.0","0.0","0.0","0.0","0.0"
"Type 2 Diabetes","-0.15311743","-0.006689525","-0.027291033","0.0012765183","-0.02442467","-0.0064697242","-0.01316582","-0.0007020722","-0.005387479","-7.5545504e-05","1.3969154e-05","-0.008930601","-0.0058702943","0.0009144299","-0.002191905","0.00068072375","0.004769958","-0.0026594377","0.0012356257","-0.0005457685","-0.0064956485","-0.06711237","-0.00035602483","0.0015081523","0.00028825126","0.0019035364","-0.0019369373","-0.0018442923","0.0","0.0","0.0","0.0","0.0","0.0","0.0","0.0","0.0","0.0","0.0","0.0","-0.0046900064","0.0","0.0","0.0","0.0","0.0","0.0","0.0","0.0","0.0","0.0","0.0","0.0","0.0","0.0","0.0","0.0","0.0","0.0","0.0","0.0","0.0","0.0","0.0"
"Type 2 diabetes","-0.15311743","-0.006689525","-0.027291033","0.0012765183","-0.02442467","-0.0064697242","-0.01316582","-0.0007020722","-0.005387479","-7.5545504e-05","1.3969154e-05","-0.008930601","-0.0058702943","0.0009144299","-0.002191905","0.00068072375","0.004769958","-0.0026594377","0.0012356257","-0.0005457685","-0.0064956485","-0.06711237","-0.00035602483","0.0015081523","0.00028825126","0.0019035364","-0.0019369373","-0.0018442923","0.0","0.0","0.0","0.0","0.0","0.0","0.0","0.0","0.0","0.0","0.0","0.0","-0.0046900064","0.0","0.0","0.0","0.0","0.0","0.0","0.0","0.0","0.0","0.0","0.0","0.0","0.0","0.0","0.0","0.0","0.0","0.0","0.0","0.0","0.0","0.0","0.0"
"Type 2 diabetes mellitus","-0.15311743","-0.006689525","-0.027291033","0.0012765183","-0.02442467","-0.0064697242","-0.01316582","-0.0007020722","-0.005387479","-7.5545504e-05","1.3969154e-05","-0.008930601","-0.0058702943","0.0009144299","-0.002191905","0.00068072375","0.004769958","-0.0026594377","0.0012356257","-0.0005457685","-0.0064956485","-0.06711237","-0.00035602483","0.0015081523","0.00028825126","0.0019035364","-0.0019369373","-0.0018442923","0.0","0.0","0.0","0.0","0.0","0.0","0.0","0.0","0.0","0.0","0.0","0.0","-0.0046900064","0.0","0.0","0.0","0.0","0.0","0.0","0.0","0.0","0.0","0.0","0.0","0.0","0.0","0.0","0.0","0.0","0.0","0.0","0.0","0.0","0.0","0.0","0.0"
"Type II Diabetes","-0.15311743","-0.006689525","-0.027291033","0.0012765183","-0.02442467","-0.0064697242","-0.01316582","-0.0007020722","-0.005387479","-7.5545504e-05","1.3969154e-05","-0.008930601","-0.0058702943","0.0009144299","-0.002191905","0.00068072375","0.004769958","-0.0026594377","0.0012356257","-0.0005457685","-0.0064956485","-0.06711237","-0.00035602483","0.0015081523","0.00028825126","0.0019035364","-0.0019369373","-0.0018442923","0.0","0.0","0.0","0.0","0.0","0.0","0.0","0.0","0.0","0.0","0.0","0.0","-0.0046900064","0.0","0.0","0.0","0.0","0.0","0.0","0.0","0.0","0.0","0.0","0.0","0.0","0.0","0.0","0.0","0.0","0.0","0.0","0.0","0.0","0.0","0.0","0.0"
"Ulcerative Colitis","1.6583388","-0.47822452","28.14238","3.4259171","-0.6138634","-0.85473895","-0.44981498","0.24641156","-0.123083375","-0.1004763","-0.08014284","-0.574546","-0.09457006","-0.41813406","0.13633156","0.011476982","0.052543614","-0.1742591","0.019462485","-0.0078028096","6.248957","1.2408209","-0.28463638","0.09337056","-0.09609508","0.10195645","1.8400267","0.06424577","0.0","0.0","0.0","0.0","0.0","0.0","0.0","0.0","0.0","0.0","0.0","0.0","-2.254093","0.0","0.0","0.0","0.0","0.0","0.0","0.0","0.0","0.0","0.0","0.0","0.0","0.0","0.0","0.0","0.0","0.0","0.0","0.0","0.0","0.0","0.0","0.0"
"Ulcerative colitis","-0.15311743","-0.006689525","-0.027291033","0.0012765183","-0.02442467","-0.0064697242","-0.01316582","-0.0007020722","-0.005387479","-7.5545504e-05","1.3969154e-05","-0.008930601","-0.0058702943","0.0009144299","-0.002191905","0.00068072375","0.004769958","-0.0026594377","0.0012356257","-0.0005457685","-0.0064956485","-0.06711237","-0.00035602483","0.0015081523","0.00028825126","0.0019035364","-0.0019369373","-0.0018442923","0.0","0.0","0.0","0.0","0.0","0.0","0.0","0.0","0.0","0.0","0.0","0.0","-0.0046900064","0.0","0.0","0.0","0.0","0.0","0.0","0.0","0.0","0.0","0.0","0.0","0.0","0.0","0.0","0.0","0.0","0.0","0.0","0.0","0.0","0.0","0.0","0.0"
"Undernourishment","-0.15311743","-0.006689525","-0.027291033","0.0012765183","-0.02442467","-0.0064697242","-0.01316582","-0.0007020722","-0.005387479","-7.5545504e-05","1.3969154e-05","-0.008930601","-0.0058702943","0.0009144299","-0.002191905","0.00068072375","0.004769958","-0.0026594377","0.0012356257","-0.0005457685","-0.0064956485","-0.06711237","-0.00035602483","0.0015081523","0.00028825126","0.0019035364","-0.0019369373","-0.0018442923","0.0","0.0","0.0","0.0","0.0","0.0","0.0","0.0","0.0","0.0","0.0","0.0","-0.0046900064","0.0","0.0","0.0","0.0","0.0","0.0","0.0","0.0","0.0","0.0","0.0","0.0","0.0","0.0","0.0","0.0","0.0","0.0","0.0","0.0","0.0","0.0","0.0"
"Urgency urinary incontinence","-0.15311743","-0.006689525","-0.027291033","0.0012765183","-0.02442467","-0.0064697242","-0.01316582","-0.0007020722","-0.005387479","-7.5545504e-05","1.3969154e-05","-0.008930601","-0.0058702943","0.0009144299","-0.002191905","0.00068072375","0.004769958","-0.0026594377","0.0012356257","-0.0005457685","-0.0064956485","-0.06711237","-0.00035602483","0.0015081523","0.00028825126","0.0019035364","-0.0019369373","-0.0018442923","0.0","0.0","0.0","0.0","0.0","0.0","0.0","0.0","0.0","0.0","0.0","0.0","-0.0046900064","0.0","0.0","0.0","0.0","0.0","0.0","0.0","0.0","0.0","0.0","0.0","0.0","0.0","0.0","0.0","0.0","0.0","0.0","0.0","0.0","0.0","0.0","0.0"
"Urogenital Schistosomiasis","-0.15311743","-0.006689525","-0.027291033","0.0012765183","-0.02442467","-0.0064697242","-0.01316582","-0.0007020722","-0.005387479","-7.5545504e-05","1.3969154e-05","-0.008930601","-0.0058702943","0.0009144299","-0.002191905","0.00068072375","0.004769958","-0.0026594377","0.0012356257","-0.0005457685","-0.0064956485","-0.06711237","-0.00035602483","0.0015081523","0.00028825126","0.0019035364","-0.0019369373","-0.0018442923","0.0","0.0","0.0","0.0","0.0","0.0","0.0","0.0","0.0","0.0","0.0","0.0","-0.0046900064","0.0","0.0","0.0","0.0","0.0","0.0","0.0","0.0","0.0","0.0","0.0","0.0","0.0","0.0","0.0","0.0","0.0","0.0","0.0","0.0","0.0","0.0","0.0"
"Urolithiasis","-0.15311743","-0.006689525","-0.027291033","0.0012765183","-0.02442467","-0.0064697242","-0.01316582","-0.0007020722","-0.005387479","-7.5545504e-05","1.3969154e-05","-0.008930601","-0.0058702943","0.0009144299","-0.002191905","0.00068072375","0.004769958","-0.0026594377","0.0012356257","-0.0005457685","-0.0064956485","-0.06711237","-0.00035602483","0.0015081523","0.00028825126","0.0019035364","-0.0019369373","-0.0018442923","0.0","0.0","0.0","0.0","0.0","0.0","0.0","0.0","0.0","0.0","0.0","0.0","-0.0046900064","0.0","0.0","0.0","0.0","0.0","0.0","0.0","0.0","0.0","0.0","0.0","0.0","0.0","0.0","0.0","0.0","0.0","0.0","0.0","0.0","0.0","0.0","0.0"
"Uveitits","-0.15311743","-0.006689525","-0.027291033","0.0012765183","-0.02442467","-0.0064697242","-0.01316582","-0.0007020722","-0.005387479","-7.5545504e-05","1.3969154e-05","-0.008930601","-0.0058702943","0.0009144299","-0.002191905","0.00068072375","0.004769958","-0.0026594377","0.0012356257","-0.0005457685","-0.0064956485","-0.06711237","-0.00035602483","0.0015081523","0.00028825126","0.0019035364","-0.0019369373","-0.0018442923","0.0","0.0","0.0","0.0","0.0","0.0","0.0","0.0","0.0","0.0","0.0","0.0","-0.0046900064","0.0","0.0","0.0","0.0","0.0","0.0","0.0","0.0","0.0","0.0","0.0","0.0","0.0","0.0","0.0","0.0","0.0","0.0","0.0","0.0","0.0","0.0","0.0"
"Vestibulodynia","-0.15311743","-0.006689525","-0.027291033","0.0012765183","-0.02442467","-0.0064697242","-0.01316582","-0.0007020722","-0.005387479","-7.5545504e-05","1.3969154e-05","-0.008930601","-0.0058702943","0.0009144299","-0.002191905","0.00068072375","0.004769958","-0.0026594377","0.0012356257","-0.0005457685","-0.0064956485","-0.06711237","-0.00035602483","0.0015081523","0.00028825126","0.0019035364","-0.0019369373","-0.0018442923","0.0","0.0","0.0","0.0","0.0","0.0","0.0","0.0","0.0","0.0","0.0","0.0","-0.0046900064","0.0","0.0","0.0","0.0","0.0","0.0","0.0","0.0","0.0","0.0","0.0","0.0","0.0","0.0","0.0","0.0","0.0","0.0","0.0","0.0","0.0","0.0","0.0"
"Viral respiratory tract infection","-0.15311743","-0.006689525","-0.027291033","0.0012765183","-0.02442467","-0.0064697242","-0.01316582","-0.0007020722","-0.005387479","-7.5545504e-05","1.3969154e-05","-0.008930601","-0.0058702943","0.0009144299","-0.002191905","0.00068072375","0.004769958","-0.0026594377","0.0012356257","-0.0005457685","-0.0064956485","-0.06711237","-0.00035602483","0.0015081523","0.00028825126","0.0019035364","-0.0019369373","-0.0018442923","0.0","0.0","0.0","0.0","0.0","0.0","0.0","0.0","0.0","0.0","0.0","0.0","-0.0046900064","0.0","0.0","0.0","0.0","0.0","0.0","0.0","0.0","0.0","0.0","0.0","0.0","0.0","0.0","0.0","0.0","0.0","0.0","0.0","0.0","0.0","0.0","0.0"
"Vitiligo","-0.15311743","-0.006689525","-0.027291033","0.0012765183","-0.02442467","-0.0064697242","-0.01316582","-0.0007020722","-0.005387479","-7.5545504e-05","1.3969154e-05","-0.008930601","-0.0058702943","0.0009144299","-0.002191905","0.00068072375","0.004769958","-0.0026594377","0.0012356257","-0.0005457685","-0.0064956485","-0.06711237","-0.00035602483","0.0015081523","0.00028825126","0.0019035364","-0.0019369373","-0.0018442923","0.0","0.0","0.0","0.0","0.0","0.0","0.0","0.0","0.0","0.0","0.0","0.0","-0.0046900064","0.0","0.0","0.0","0.0","0.0","0.0","0.0","0.0","0.0","0.0","0.0","0.0","0.0","0.0","0.0","0.0","0.0","0.0","0.0","0.0","0.0","0.0","0.0"
"Vogt-Koyagani-Harada disease","-0.15311743","-0.006689525","-0.027291033","0.0012765183","-0.02442467","-0.0064697242","-0.01316582","-0.0007020722","-0.005387479","-7.5545504e-05","1.3969154e-05","-0.008930601","-0.0058702943","0.0009144299","-0.002191905","0.00068072375","0.004769958","-0.0026594377","0.0012356257","-0.0005457685","-0.0064956485","-0.06711237","-0.00035602483","0.0015081523","0.00028825126","0.0019035364","-0.0019369373","-0.0018442923","0.0","0.0","0.0","0.0","0.0","0.0","0.0","0.0","0.0","0.0","0.0","0.0","-0.0046900064","0.0","0.0","0.0","0.0","0.0","0.0","0.0","0.0","0.0","0.0","0.0","0.0","0.0","0.0","0.0","0.0","0.0","0.0","0.0","0.0","0.0","0.0","0.0"
"Vulvar vestibulitis syndrome","-0.15311743","-0.006689525","-0.027291033","0.0012765183","-0.02442467","-0.0064697242","-0.01316582","-0.0007020722","-0.005387479","-7.5545504e-05","1.3969154e-05","-0.008930601","-0.0058702943","0.0009144299","-0.002191905","0.00068072375","0.004769958","-0.0026594377","0.0012356257","-0.0005457685","-0.0064956485","-0.06711237","-0.00035602483","0.0015081523","0.00028825126","0.0019035364","-0.0019369373","-0.0018442923","0.0","0.0","0.0","0.0","0.0","0.0","0.0","0.0","0.0","0.0","0.0","0.0","-0.0046900064","0.0","0.0","0.0","0.0","0.0","0.0","0.0","0.0","0.0","0.0","0.0","0.0","0.0","0.0","0.0","0.0","0.0","0.0","0.0","0.0","0.0","0.0","0.0"
"Vulvodynia","-0.15311743","-0.006689525","-0.027291033","0.0012765183","-0.02442467","-0.0064697242","-0.01316582","-0.0007020722","-0.005387479","-7.5545504e-05","1.3969154e-05","-0.008930601","-0.0058702943","0.0009144299","-0.002191905","0.00068072375","0.004769958","-0.0026594377","0.0012356257","-0.0005457685","-0.0064956485","-0.06711237","-0.00035602483","0.0015081523","0.00028825126","0.0019035364","-0.0019369373","-0.0018442923","0.0","0.0","0.0","0.0","0.0","0.0","0.0","0.0","0.0","0.0","0.0","0.0","-0.0046900064","0.0","0.0","0.0","0.0","0.0","0.0","0.0","0.0","0.0","0.0","0.0","0.0","0.0","0.0","0.0","0.0","0.0","0.0","0.0","0.0","0.0","0.0","0.0"
"Whipple's disease","-0.15311743","-0.006689525","-0.027291033","0.0012765183","-0.02442467","-0.0064697242","-0.01316582","-0.0007020722","-0.005387479","-7.5545504e-05","1.3969154e-05","-0.008930601","-0.0058702943","0.0009144299","-0.002191905","0.00068072375","0.004769958","-0.0026594377","0.0012356257","-0.0005457685","-0.0064956485","-0.06711237","-0.00035602483","0.0015081523","0.00028825126","0.0019035364","-0.0019369373","-0.0018442923","0.0","0.0","0.0","0.0","0.0","0.0","0.0","0.0","0.0","0.0","0.0","0.0","-0.0046900064","0.0","0.0","0.0","0.0","0.0","0.0","0.0","0.0","0.0","0.0","0.0","0.0","0.0","0.0","0.0","0.0","0.0","0.0","0.0","0.0","0.0","0.0","0.0"
"Wilson's disease","-0.15311743","-0.006689525","-0.027291033","0.0012765183","-0.02442467","-0.0064697242","-0.01316582","-0.0007020722","-0.005387479","-7.5545504e-05","1.3969154e-05","-0.008930601","-0.0058702943","0.0009144299","-0.002191905","0.00068072375","0.004769958","-0.0026594377","0.0012356257","-0.0005457685","-0.0064956485","-0.06711237","-0.00035602483","0.0015081523","0.00028825126","0.0019035364","-0.0019369373","-0.0018442923","0.0","0.0","0.0","0.0","0.0","0.0","0.0","0.0","0.0","0.0","0.0","0.0","-0.0046900064","0.0","0.0","0.0","0.0","0.0","0.0","0.0","0.0","0.0","0.0","0.0","0.0","0.0","0.0","0.0","0.0","0.0","0.0","0.0","0.0","0.0","0.0","0.0"
"Wiskott-Aldrich syndrome","-0.15311743","-0.006689525","-0.027291033","0.0012765183","-0.02442467","-0.0064697242","-0.01316582","-0.0007020722","-0.005387479","-7.5545504e-05","1.3969154e-05","-0.008930601","-0.0058702943","0.0009144299","-0.002191905","0.00068072375","0.004769958","-0.0026594377","0.0012356257","-0.0005457685","-0.0064956485","-0.06711237","-0.00035602483","0.0015081523","0.00028825126","0.0019035364","-0.0019369373","-0.0018442923","0.0","0.0","0.0","0.0","0.0","0.0","0.0","0.0","0.0","0.0","0.0","0.0","-0.0046900064","0.0","0.0","0.0","0.0","0.0","0.0","0.0","0.0","0.0","0.0","0.0","0.0","0.0","0.0","0.0","0.0","0.0","0.0","0.0","0.0","0.0","0.0","0.0"
"X-linked inhibitor of apoptosis deficiency","-0.15311743","-0.006689525","-0.027291033","0.0012765183","-0.02442467","-0.0064697242","-0.01316582","-0.0007020722","-0.005387479","-7.5545504e-05","1.3969154e-05","-0.008930601","-0.0058702943","0.0009144299","-0.002191905","0.00068072375","0.004769958","-0.0026594377","0.0012356257","-0.0005457685","-0.0064956485","-0.06711237","-0.00035602483","0.0015081523","0.00028825126","0.0019035364","-0.0019369373","-0.0018442923","0.0","0.0","0.0","0.0","0.0","0.0","0.0","0.0","0.0","0.0","0.0","0.0","-0.0046900064","0.0","0.0","0.0","0.0","0.0","0.0","0.0","0.0","0.0","0.0","0.0","0.0","0.0","0.0","0.0","0.0","0.0","0.0","0.0","0.0","0.0","0.0","0.0"
"abdominal bloating","-0.15311743","-0.006689525","-0.027291033","0.0012765183","-0.02442467","-0.0064697242","-0.01316582","-0.0007020722","-0.005387479","-7.5545504e-05","1.3969154e-05","-0.008930601","-0.0058702943","0.0009144299","-0.002191905","0.00068072375","0.004769958","-0.0026594377","0.0012356257","-0.0005457685","-0.0064956485","-0.06711237","-0.00035602483","0.0015081523","0.00028825126","0.0019035364","-0.0019369373","-0.0018442923","0.0","0.0","0.0","0.0","0.0","0.0","0.0","0.0","0.0","0.0","0.0","0.0","-0.0046900064","0.0","0.0","0.0","0.0","0.0","0.0","0.0","0.0","0.0","0.0","0.0","0.0","0.0","0.0","0.0","0.0","0.0","0.0","0.0","0.0","0.0","0.0","0.0"
"abdominal dysfunction","-0.15311743","-0.006689525","-0.027291033","0.0012765183","-0.02442467","-0.0064697242","-0.01316582","-0.0007020722","-0.005387479","-7.5545504e-05","1.3969154e-05","-0.008930601","-0.0058702943","0.0009144299","-0.002191905","0.00068072375","0.004769958","-0.0026594377","0.0012356257","-0.0005457685","-0.0064956485","-0.06711237","-0.00035602483","0.0015081523","0.00028825126","0.0019035364","-0.0019369373","-0.0018442923","0.0","0.0","0.0","0.0","0.0","0.0","0.0","0.0","0.0","0.0","0.0","0.0","-0.0046900064","0.0","0.0","0.0","0.0","0.0","0.0","0.0","0.0","0.0","0.0","0.0","0.0","0.0","0.0","0.0","0.0","0.0","0.0","0.0","0.0","0.0","0.0","0.0"
"acne","-0.15311743","-0.006689525","-0.027291033","0.0012765183","-0.02442467","-0.0064697242","-0.01316582","-0.0007020722","-0.005387479","-7.5545504e-05","1.3969154e-05","-0.008930601","-0.0058702943","0.0009144299","-0.002191905","0.00068072375","0.004769958","-0.0026594377","0.0012356257","-0.0005457685","-0.0064956485","-0.06711237","-0.00035602483","0.0015081523","0.00028825126","0.0019035364","-0.0019369373","-0.0018442923","0.0","0.0","0.0","0.0","0.0","0.0","0.0","0.0","0.0","0.0","0.0","0.0","-0.0046900064","0.0","0.0","0.0","0.0","0.0","0.0","0.0","0.0","0.0","0.0","0.0","0.0","0.0","0.0","0.0","0.0","0.0","0.0","0.0","0.0","0.0","0.0","0.0"
"acne vulgaris","-0.15311743","-0.006689525","-0.027291033","0.0012765183","-0.02442467","-0.0064697242","-0.01316582","-0.0007020722","-0.005387479","-7.5545504e-05","1.3969154e-05","-0.008930601","-0.0058702943","0.0009144299","-0.002191905","0.00068072375","0.004769958","-0.0026594377","0.0012356257","-0.0005457685","-0.0064956485","-0.06711237","-0.00035602483","0.0015081523","0.00028825126","0.0019035364","-0.0019369373","-0.0018442923","0.0","0.0","0.0","0.0","0.0","0.0","0.0","0.0","0.0","0.0","0.0","0.0","-0.0046900064","0.0","0.0","0.0","0.0","0.0","0.0","0.0","0.0","0.0","0.0","0.0","0.0","0.0","0.0","0.0","0.0","0.0","0.0","0.0","0.0","0.0","0.0","0.0"
"acute anterior uveitis","-0.15311743","-0.006689525","-0.027291033","0.0012765183","-0.02442467","-0.0064697242","-0.01316582","-0.0007020722","-0.005387479","-7.5545504e-05","1.3969154e-05","-0.008930601","-0.0058702943","0.0009144299","-0.002191905","0.00068072375","0.004769958","-0.0026594377","0.0012356257","-0.0005457685","-0.0064956485","-0.06711237","-0.00035602483","0.0015081523","0.00028825126","0.0019035364","-0.0019369373","-0.0018442923","0.0","0.0","0.0","0.0","0.0","0.0","0.0","0.0","0.0","0.0","0.0","0.0","-0.0046900064","0.0","0.0","0.0","0.0","0.0","0.0","0.0","0.0","0.0","0.0","0.0","0.0","0.0","0.0","0.0","0.0","0.0","0.0","0.0","0.0","0.0","0.0","0.0"
"acute diarrhea","-0.15311743","-0.006689525","-0.027291033","0.0012765183","-0.02442467","-0.0064697242","-0.01316582","-0.0007020722","-0.005387479","-7.5545504e-05","1.3969154e-05","-0.008930601","-0.0058702943","0.0009144299","-0.002191905","0.00068072375","0.004769958","-0.0026594377","0.0012356257","-0.0005457685","-0.0064956485","-0.06711237","-0.00035602483","0.0015081523","0.00028825126","0.0019035364","-0.0019369373","-0.0018442923","0.0","0.0","0.0","0.0","0.0","0.0","0.0","0.0","0.0","0.0","0.0","0.0","-0.0046900064","0.0","0.0","0.0","0.0","0.0","0.0","0.0","0.0","0.0","0.0","0.0","0.0","0.0","0.0","0.0","0.0","0.0","0.0","0.0","0.0","0.0","0.0","0.0"
"acute febrile diarrhea","-0.15311743","-0.006689525","-0.027291033","0.0012765183","-0.02442467","-0.0064697242","-0.01316582","-0.0007020722","-0.005387479","-7.5545504e-05","1.3969154e-05","-0.008930601","-0.0058702943","0.0009144299","-0.002191905","0.00068072375","0.004769958","-0.0026594377","0.0012356257","-0.0005457685","-0.0064956485","-0.06711237","-0.00035602483","0.0015081523","0.00028825126","0.0019035364","-0.0019369373","-0.0018442923","0.0","0.0","0.0","0.0","0.0","0.0","0.0","0.0","0.0","0.0","0.0","0.0","-0.0046900064","0.0","0.0","0.0","0.0","0.0","0.0","0.0","0.0","0.0","0.0","0.0","0.0","0.0","0.0","0.0","0.0","0.0","0.0","0.0","0.0","0.0","0.0","0.0"
"acute lymphocytic leukemia","-0.15311743","-0.006689525","-0.027291033","0.0012765183","-0.02442467","-0.0064697242","-0.01316582","-0.0007020722","-0.005387479","-7.5545504e-05","1.3969154e-05","-0.008930601","-0.0058702943","0.0009144299","-0.002191905","0.00068072375","0.004769958","-0.0026594377","0.0012356257","-0.0005457685","-0.0064956485","-0.06711237","-0.00035602483","0.0015081523","0.00028825126","0.0019035364","-0.0019369373","-0.0018442923","0.0","0.0","0.0","0.0","0.0","0.0","0.0","0.0","0.0","0.0","0.0","0.0","-0.0046900064","0.0","0.0","0.0","0.0","0.0","0.0","0.0","0.0","0.0","0.0","0.0","0.0","0.0","0.0","0.0","0.0","0.0","0.0","0.0","0.0","0.0","0.0","0.0"
"acute myocardial infarction","-0.15311743","-0.006689525","-0.027291033","0.0012765183","-0.02442467","-0.0064697242","-0.01316582","-0.0007020722","-0.005387479","-7.5545504e-05","1.3969154e-05","-0.008930601","-0.0058702943","0.0009144299","-0.002191905","0.00068072375","0.004769958","-0.0026594377","0.0012356257","-0.0005457685","-0.0064956485","-0.06711237","-0.00035602483","0.0015081523","0.00028825126","0.0019035364","-0.0019369373","-0.0018442923","0.0","0.0","0.0","0.0","0.0","0.0","0.0","0.0","0.0","0.0","0.0","0.0","-0.0046900064","0.0","0.0","0.0","0.0","0.0","0.0","0.0","0.0","0.0","0.0","0.0","0.0","0.0","0.0","0.0","0.0","0.0","0.0","0.0","0.0","0.0","0.0","0.0"
"acute pancreatitis","-0.15311743","-0.006689525","-0.027291033","0.0012765183","-0.02442467","-0.0064697242","-0.01316582","-0.0007020722","-0.005387479","-7.5545504e-05","1.3969154e-05","-0.008930601","-0.0058702943","0.0009144299","-0.002191905","0.00068072375","0.004769958","-0.0026594377","0.0012356257","-0.0005457685","-0.0064956485","-0.06711237","-0.00035602483","0.0015081523","0.00028825126","0.0019035364","-0.0019369373","-0.0018442923","0.0","0.0","0.0","0.0","0.0","0.0","0.0","0.0","0.0","0.0","0.0","0.0","-0.0046900064","0.0","0.0","0.0","0.0","0.0","0.0","0.0","0.0","0.0","0.0","0.0","0.0","0.0","0.0","0.0","0.0","0.0","0.0","0.0","0.0","0.0","0.0","0.0"
"acute respiratory tract infection","-0.15311743","-0.006689525","-0.027291033","0.0012765183","-0.02442467","-0.0064697242","-0.01316582","-0.0007020722","-0.005387479","-7.5545504e-05","1.3969154e-05","-0.008930601","-0.0058702943","0.0009144299","-0.002191905","0.00068072375","0.004769958","-0.0026594377","0.0012356257","-0.0005457685","-0.0064956485","-0.06711237","-0.00035602483","0.0015081523","0.00028825126","0.0019035364","-0.0019369373","-0.0018442923","0.0","0.0","0.0","0.0","0.0","0.0","0.0","0.0","0.0","0.0","0.0","0.0","-0.0046900064","0.0","0.0","0.0","0.0","0.0","0.0","0.0","0.0","0.0","0.0","0.0","0.0","0.0","0.0","0.0","0.0","0.0","0.0","0.0","0.0","0.0","0.0","0.0"
"adenoma","-0.15311743","-0.006689525","-0.027291033","0.0012765183","-0.02442467","-0.0064697242","-0.01316582","-0.0007020722","-0.005387479","-7.5545504e-05","1.3969154e-05","-0.008930601","-0.0058702943","0.0009144299","-0.002191905","0.00068072375","0.004769958","-0.0026594377","0.0012356257","-0.0005457685","-0.0064956485","-0.06711237","-0.00035602483","0.0015081523","0.00028825126","0.0019035364","-0.0019369373","-0.0018442923","0.0","0.0","0.0","0.0","0.0","0.0","0.0","0.0","0.0","0.0","0.0","0.0","-0.0046900064","0.0","0.0","0.0","0.0","0.0","0.0","0.0","0.0","0.0","0.0","0.0","0.0","0.0","0.0","0.0","0.0","0.0","0.0","0.0","0.0","0.0","0.0","0.0"
"adenomatous polyps","-0.15311743","-0.006689525","-0.027291033","0.0012765183","-0.02442467","-0.0064697242","-0.01316582","-0.0007020722","-0.005387479","-7.5545504e-05","1.3969154e-05","-0.008930601","-0.0058702943","0.0009144299","-0.002191905","0.00068072375","0.004769958","-0.0026594377","0.0012356257","-0.0005457685","-0.0064956485","-0.06711237","-0.00035602483","0.0015081523","0.00028825126","0.0019035364","-0.0019369373","-0.0018442923","0.0","0.0","0.0","0.0","0.0","0.0","0.0","0.0","0.0","0.0","0.0","0.0","-0.0046900064","0.0","0.0","0.0","0.0","0.0","0.0","0.0","0.0","0.0","0.0","0.0","0.0","0.0","0.0","0.0","0.0","0.0","0.0","0.0","0.0","0.0","0.0","0.0"
"adiposity","-0.15311743","-0.006689525","-0.027291033","0.0012765183","-0.02442467","-0.0064697242","-0.01316582","-0.0007020722","-0.005387479","-7.5545504e-05","1.3969154e-05","-0.008930601","-0.0058702943","0.0009144299","-0.002191905","0.00068072375","0.004769958","-0.0026594377","0.0012356257","-0.0005457685","-0.0064956485","-0.06711237","-0.00035602483","0.0015081523","0.00028825126","0.0019035364","-0.0019369373","-0.0018442923","0.0","0.0","0.0","0.0","0.0","0.0","0.0","0.0","0.0","0.0","0.0","0.0","-0.0046900064","0.0","0.0","0.0","0.0","0.0","0.0","0.0","0.0","0.0","0.0","0.0","0.0","0.0","0.0","0.0","0.0","0.0","0.0","0.0","0.0","0.0","0.0","0.0"
"advanced adenomas","-0.15311743","-0.006689525","-0.027291033","0.0012765183","-0.02442467","-0.0064697242","-0.01316582","-0.0007020722","-0.005387479","-7.5545504e-05","1.3969154e-05","-0.008930601","-0.0058702943","0.0009144299","-0.002191905","0.00068072375","0.004769958","-0.0026594377","0.0012356257","-0.0005457685","-0.0064956485","-0.06711237","-0.00035602483","0.0015081523","0.00028825126","0.0019035364","-0.0019369373","-0.0018442923","0.0","0.0","0.0","0.0","0.0","0.0","0.0","0.0","0.0","0.0","0.0","0.0","-0.0046900064","0.0","0.0","0.0","0.0","0.0","0.0","0.0","0.0","0.0","0.0","0.0","0.0","0.0","0.0","0.0","0.0","0.0","0.0","0.0","0.0","0.0","0.0","0.0"
"age-related dysbiosis","-0.15311743","-0.006689525","-0.027291033","0.0012765183","-0.02442467","-0.0064697242","-0.01316582","-0.0007020722","-0.005387479","-7.5545504e-05","1.3969154e-05","-0.008930601","-0.0058702943","0.0009144299","-0.002191905","0.00068072375","0.004769958","-0.0026594377","0.0012356257","-0.0005457685","-0.0064956485","-0.06711237","-0.00035602483","0.0015081523","0.00028825126","0.0019035364","-0.0019369373","-0.0018442923","0.0","0.0","0.0","0.0","0.0","0.0","0.0","0.0","0.0","0.0","0.0","0.0","-0.0046900064","0.0","0.0","0.0","0.0","0.0","0.0","0.0","0.0","0.0","0.0","0.0","0.0","0.0","0.0","0.0","0.0","0.0","0.0","0.0","0.0","0.0","0.0","0.0"
"age-related microbiota changes","-0.15311743","-0.006689525","-0.027291033","0.0012765183","-0.02442467","-0.0064697242","-0.01316582","-0.0007020722","-0.005387479","-7.5545504e-05","1.3969154e-05","-0.008930601","-0.0058702943","0.0009144299","-0.002191905","0.00068072375","0.004769958","-0.0026594377","0.0012356257","-0.0005457685","-0.0064956485","-0.06711237","-0.00035602483","0.0015081523","0.00028825126","0.0019035364","-0.0019369373","-0.0018442923","0.0","0.0","0.0","0.0","0.0","0.0","0.0","0.0","0.0","0.0","0.0","0.0","-0.0046900064","0.0","0.0","0.0","0.0","0.0","0.0","0.0","0.0","0.0","0.0","0.0","0.0","0.0","0.0","0.0","0.0","0.0","0.0","0.0","0.0","0.0","0.0","0.0"
"aging","-0.15311743","-0.006689525","-0.027291033","0.0012765183","-0.02442467","-0.0064697242","-0.01316582","-0.0007020722","-0.005387479","-7.5545504e-05","1.3969154e-05","-0.008930601","-0.0058702943","0.0009144299","-0.002191905","0.00068072375","0.004769958","-0.0026594377","0.0012356257","-0.0005457685","-0.0064956485","-0.06711237","-0.00035602483","0.0015081523","0.00028825126","0.0019035364","-0.0019369373","-0.0018442923","0.0","0.0","0.0","0.0","0.0","0.0","0.0","0.0","0.0","0.0","0.0","0.0","-0.0046900064","0.0","0.0","0.0","0.0","0.0","0.0","0.0","0.0","0.0","0.0","0.0","0.0","0.0","0.0","0.0","0.0","0.0","0.0","0.0","0.0","0.0","0.0","0.0"
"aging-associated immune changes","-0.15311743","-0.006689525","-0.027291033","0.0012765183","-0.02442467","-0.0064697242","-0.01316582","-0.0007020722","-0.005387479","-7.5545504e-05","1.3969154e-05","-0.008930601","-0.0058702943","0.0009144299","-0.002191905","0.00068072375","0.004769958","-0.0026594377","0.0012356257","-0.0005457685","-0.0064956485","-0.06711237","-0.00035602483","0.0015081523","0.00028825126","0.0019035364","-0.0019369373","-0.0018442923","0.0","0.0","0.0","0.0","0.0","0.0","0.0","0.0","0.0","0.0","0.0","0.0","-0.0046900064","0.0","0.0","0.0","0.0","0.0","0.0","0.0","0.0","0.0","0.0","0.0","0.0","0.0","0.0","0.0","0.0","0.0","0.0","0.0","0.0","0.0","0.0","0.0"
"alcohol addiction","-0.15311743","-0.006689525","-0.027291033","0.0012765183","-0.02442467","-0.0064697242","-0.01316582","-0.0007020722","-0.005387479","-7.5545504e-05","1.3969154e-05","-0.008930601","-0.0058702943","0.0009144299","-0.002191905","0.00068072375","0.004769958","-0.0026594377","0.0012356257","-0.0005457685","-0.0064956485","-0.06711237","-0.00035602483","0.0015081523","0.00028825126","0.0019035364","-0.0019369373","-0.0018442923","0.0","0.0","0.0","0.0","0.0","0.0","0.0","0.0","0.0","0.0","0.0","0.0","-0.0046900064","0.0","0.0","0.0","0.0","0.0","0.0","0.0","0.0","0.0","0.0","0.0","0.0","0.0","0.0","0.0","0.0","0.0","0.0","0.0","0.0","0.0","0.0","0.0"
"alcohol use disorder","-0.15311743","-0.006689525","-0.027291033","0.0012765183","-0.02442467","-0.0064697242","-0.01316582","-0.0007020722","-0.005387479","-7.5545504e-05","1.3969154e-05","-0.008930601","-0.0058702943","0.0009144299","-0.002191905","0.00068072375","0.004769958","-0.0026594377","0.0012356257","-0.0005457685","-0.0064956485","-0.06711237","-0.00035602483","0.0015081523","0.00028825126","0.0019035364","-0.0019369373","-0.0018442923","0.0","0.0","0.0","0.0","0.0","0.0","0.0","0.0","0.0","0.0","0.0","0.0","-0.0046900064","0.0","0.0","0.0","0.0","0.0","0.0","0.0","0.0","0.0","0.0","0.0","0.0","0.0","0.0","0.0","0.0","0.0","0.0","0.0","0.0","0.0","0.0","0.0"
"alcoholic liver disease","-0.15311743","-0.006689525","-0.027291033","0.0012765183","-0.02442467","-0.0064697242","-0.01316582","-0.0007020722","-0.005387479","-7.5545504e-05","1.3969154e-05","-0.008930601","-0.0058702943","0.0009144299","-0.002191905","0.00068072375","0.004769958","-0.0026594377","0.0012356257","-0.0005457685","-0.0064956485","-0.06711237","-0.00035602483","0.0015081523","0.00028825126","0.0019035364","-0.0019369373","-0.0018442923","0.0","0.0","0.0","0.0","0.0","0.0","0.0","0.0","0.0","0.0","0.0","0.0","-0.0046900064","0.0","0.0","0.0","0.0","0.0","0.0","0.0","0.0","0.0","0.0","0.0","0.0","0.0","0.0","0.0","0.0","0.0","0.0","0.0","0.0","0.0","0.0","0.0"
"allergic asthma","-0.15311743","-0.006689525","-0.027291033","0.0012765183","-0.02442467","-0.0064697242","-0.01316582","-0.0007020722","-0.005387479","-7.5545504e-05","1.3969154e-05","-0.008930601","-0.0058702943","0.0009144299","-0.002191905","0.00068072375","0.004769958","-0.0026594377","0.0012356257","-0.0005457685","-0.0064956485","-0.06711237","-0.00035602483","0.0015081523","0.00028825126","0.0019035364","-0.0019369373","-0.0018442923","0.0","0.0","0.0","0.0","0.0","0.0","0.0","0.0","0.0","0.0","0.0","0.0","-0.0046900064","0.0","0.0","0.0","0.0","0.0","0.0","0.0","0.0","0.0","0.0","0.0","0.0","0.0","0.0","0.0","0.0","0.0","0.0","0.0","0.0","0.0","0.0","0.0"
"allergic disease","-0.15311743","-0.006689525","-0.027291033","0.0012765183","-0.02442467","-0.0064697242","-0.01316582","-0.0007020722","-0.005387479","-7.5545504e-05","1.3969154e-05","-0.008930601","-0.0058702943","0.0009144299","-0.002191905","0.00068072375","0.004769958","-0.0026594377","0.0012356257","-0.0005457685","-0.0064956485","-0.06711237","-0.00035602483","0.0015081523","0.00028825126","0.0019035364","-0.0019369373","-0.0018442923","0.0","0.0","0.0","0.0","0.0","0.0","0.0","0.0","0.0","0.0","0.0","0.0","-0.0046900064","0.0","0.0","0.0","0.0","0.0","0.0","0.0","0.0","0.0","0.0","0.0","0.0","0.0","0.0","0.0","0.0","0.0","0.0","0.0","0.0","0.0","0.0","0.0"
"allergic reactions","-0.15311743","-0.006689525","-0.027291033","0.0012765183","-0.02442467","-0.0064697242","-0.01316582","-0.0007020722","-0.005387479","-7.5545504e-05","1.3969154e-05","-0.008930601","-0.0058702943","0.0009144299","-0.002191905","0.00068072375","0.004769958","-0.0026594377","0.0012356257","-0.0005457685","-0.0064956485","-0.06711237","-0.00035602483","0.0015081523","0.00028825126","0.0019035364","-0.0019369373","-0.0018442923","0.0","0.0","0.0","0.0","0.0","0.0","0.0","0.0","0.0","0.0","0.0","0.0","-0.0046900064","0.0","0.0","0.0","0.0","0.0","0.0","0.0","0.0","0.0","0.0","0.0","0.0","0.0","0.0","0.0","0.0","0.0","0.0","0.0","0.0","0.0","0.0","0.0"
"allergic rhinitis","-0.15311743","-0.006689525","-0.027291033","0.0012765183","-0.02442467","-0.0064697242","-0.01316582","-0.0007020722","-0.005387479","-7.5545504e-05","1.3969154e-05","-0.008930601","-0.0058702943","0.0009144299","-0.002191905","0.00068072375","0.004769958","-0.0026594377","0.0012356257","-0.0005457685","-0.0064956485","-0.06711237","-0.00035602483","0.0015081523","0.00028825126","0.0019035364","-0.0019369373","-0.0018442923","0.0","0.0","0.0","0.0","0.0","0.0","0.0","0.0","0.0","0.0","0.0","0.0","-0.0046900064","0.0","0.0","0.0","0.0","0.0","0.0","0.0","0.0","0.0","0.0","0.0","0.0","0.0","0.0","0.0","0.0","0.0","0.0","0.0","0.0","0.0","0.0","0.0"
"allergic sensitisation","-0.15311743","-0.006689525","-0.027291033","0.0012765183","-0.02442467","-0.0064697242","-0.01316582","-0.0007020722","-0.005387479","-7.5545504e-05","1.3969154e-05","-0.008930601","-0.0058702943","0.0009144299","-0.002191905","0.00068072375","0.004769958","-0.0026594377","0.0012356257","-0.0005457685","-0.0064956485","-0.06711237","-0.00035602483","0.0015081523","0.00028825126","0.0019035364","-0.0019369373","-0.0018442923","0.0","0.0","0.0","0.0","0.0","0.0","0.0","0.0","0.0","0.0","0.0","0.0","-0.0046900064","0.0","0.0","0.0","0.0","0.0","0.0","0.0","0.0","0.0","0.0","0.0","0.0","0.0","0.0","0.0","0.0","0.0","0.0","0.0","0.0","0.0","0.0","0.0"
"allergy","-0.15311743","-0.006689525","-0.027291033","0.0012765183","-0.02442467","-0.0064697242","-0.01316582","-0.0007020722","-0.005387479","-7.5545504e-05","1.3969154e-05","-0.008930601","-0.0058702943","0.0009144299","-0.002191905","0.00068072375","0.004769958","-0.0026594377","0.0012356257","-0.0005457685","-0.0064956485","-0.06711237","-0.00035602483","0.0015081523","0.00028825126","0.0019035364","-0.0019369373","-0.0018442923","0.0","0.0","0.0","0.0","0.0","0.0","0.0","0.0","0.0","0.0","0.0","0.0","-0.0046900064","0.0","0.0","0.0","0.0","0.0","0.0","0.0","0.0","0.0","0.0","0.0","0.0","0.0","0.0","0.0","0.0","0.0","0.0","0.0","0.0","0.0","0.0","0.0"
"amyotrophic lateral sclerosis","-0.15311743","-0.006689525","-0.027291033","0.0012765183","-0.02442467","-0.0064697242","-0.01316582","-0.0007020722","-0.005387479","-7.5545504e-05","1.3969154e-05","-0.008930601","-0.0058702943","0.0009144299","-0.002191905","0.00068072375","0.004769958","-0.0026594377","0.0012356257","-0.0005457685","-0.0064956485","-0.06711237","-0.00035602483","0.0015081523","0.00028825126","0.0019035364","-0.0019369373","-0.0018442923","0.0","0.0","0.0","0.0","0.0","0.0","0.0","0.0","0.0","0.0","0.0","0.0","-0.0046900064","0.0","0.0","0.0","0.0","0.0","0.0","0.0","0.0","0.0","0.0","0.0","0.0","0.0","0.0","0.0","0.0","0.0","0.0","0.0","0.0","0.0","0.0","0.0"
"anorexia nervosa","-0.15311743","-0.006689525","-0.027291033","0.0012765183","-0.02442467","-0.0064697242","-0.01316582","-0.0007020722","-0.005387479","-7.5545504e-05","1.3969154e-05","-0.008930601","-0.0058702943","0.0009144299","-0.002191905","0.00068072375","0.004769958","-0.0026594377","0.0012356257","-0.0005457685","-0.0064956485","-0.06711237","-0.00035602483","0.0015081523","0.00028825126","0.0019035364","-0.0019369373","-0.0018442923","0.0","0.0","0.0","0.0","0.0","0.0","0.0","0.0","0.0","0.0","0.0","0.0","-0.0046900064","0.0","0.0","0.0","0.0","0.0","0.0","0.0","0.0","0.0","0.0","0.0","0.0","0.0","0.0","0.0","0.0","0.0","0.0","0.0","0.0","0.0","0.0","0.0"
"antibiotic associated diarrhea","-0.15311743","-0.006689525","-0.027291033","0.0012765183","-0.02442467","-0.0064697242","-0.01316582","-0.0007020722","-0.005387479","-7.5545504e-05","1.3969154e-05","-0.008930601","-0.0058702943","0.0009144299","-0.002191905","0.00068072375","0.004769958","-0.0026594377","0.0012356257","-0.0005457685","-0.0064956485","-0.06711237","-0.00035602483","0.0015081523","0.00028825126","0.0019035364","-0.0019369373","-0.0018442923","0.0","0.0","0.0","0.0","0.0","0.0","0.0","0.0","0.0","0.0","0.0","0.0","-0.0046900064","0.0","0.0","0.0","0.0","0.0","0.0","0.0","0.0","0.0","0.0","0.0","0.0","0.0","0.0","0.0","0.0","0.0","0.0","0.0","0.0","0.0","0.0","0.0"
"antibiotic-associated diarrhea","-0.15311743","-0.006689525","-0.027291033","0.0012765183","-0.02442467","-0.0064697242","-0.01316582","-0.0007020722","-0.005387479","-7.5545504e-05","1.3969154e-05","-0.008930601","-0.0058702943","0.0009144299","-0.002191905","0.00068072375","0.004769958","-0.0026594377","0.0012356257","-0.0005457685","-0.0064956485","-0.06711237","-0.00035602483","0.0015081523","0.00028825126","0.0019035364","-0.0019369373","-0.0018442923","0.0","0.0","0.0","0.0","0.0","0.0","0.0","0.0","0.0","0.0","0.0","0.0","-0.0046900064","0.0","0.0","0.0","0.0","0.0","0.0","0.0","0.0","0.0","0.0","0.0","0.0","0.0","0.0","0.0","0.0","0.0","0.0","0.0","0.0","0.0","0.0","0.0"
"antibiotic-induced pseudomembranous colitis","-0.15311743","-0.006689525","-0.027291033","0.0012765183","-0.02442467","-0.0064697242","-0.01316582","-0.0007020722","-0.005387479","-7.5545504e-05","1.3969154e-05","-0.008930601","-0.0058702943","0.0009144299","-0.002191905","0.00068072375","0.004769958","-0.0026594377","0.0012356257","-0.0005457685","-0.0064956485","-0.06711237","-0.00035602483","0.0015081523","0.00028825126","0.0019035364","-0.0019369373","-0.0018442923","0.0","0.0","0.0","0.0","0.0","0.0","0.0","0.0","0.0","0.0","0.0","0.0","-0.0046900064","0.0","0.0","0.0","0.0","0.0","0.0","0.0","0.0","0.0","0.0","0.0","0.0","0.0","0.0","0.0","0.0","0.0","0.0","0.0","0.0","0.0","0.0","0.0"
"anxiety","-0.15311743","-0.006689525","-0.027291033","0.0012765183","-0.02442467","-0.0064697242","-0.01316582","-0.0007020722","-0.005387479","-7.5545504e-05","1.3969154e-05","-0.008930601","-0.0058702943","0.0009144299","-0.002191905","0.00068072375","0.004769958","-0.0026594377","0.0012356257","-0.0005457685","-0.0064956485","-0.06711237","-0.00035602483","0.0015081523","0.00028825126","0.0019035364","-0.0019369373","-0.0018442923","0.0","0.0","0.0","0.0","0.0","0.0","0.0","0.0","0.0","0.0","0.0","0.0","-0.0046900064","0.0","0.0","0.0","0.0","0.0","0.0","0.0","0.0","0.0","0.0","0.0","0.0","0.0","0.0","0.0","0.0","0.0","0.0","0.0","0.0","0.0","0.0","0.0"
"anxiety and depressive like behavior","-0.15311743","-0.006689525","-0.027291033","0.0012765183","-0.02442467","-0.0064697242","-0.01316582","-0.0007020722","-0.005387479","-7.5545504e-05","1.3969154e-05","-0.008930601","-0.0058702943","0.0009144299","-0.002191905","0.00068072375","0.004769958","-0.0026594377","0.0012356257","-0.0005457685","-0.0064956485","-0.06711237","-0.00035602483","0.0015081523","0.00028825126","0.0019035364","-0.0019369373","-0.0018442923","0.0","0.0","0.0","0.0","0.0","0.0","0.0","0.0","0.0","0.0","0.0","0.0","-0.0046900064","0.0","0.0","0.0","0.0","0.0","0.0","0.0","0.0","0.0","0.0","0.0","0.0","0.0","0.0","0.0","0.0","0.0","0.0","0.0","0.0","0.0","0.0","0.0"
"anxiety-like behavior","-0.15311743","-0.006689525","-0.027291033","0.0012765183","-0.02442467","-0.0064697242","-0.01316582","-0.0007020722","-0.005387479","-7.5545504e-05","1.3969154e-05","-0.008930601","-0.0058702943","0.0009144299","-0.002191905","0.00068072375","0.004769958","-0.0026594377","0.0012356257","-0.0005457685","-0.0064956485","-0.06711237","-0.00035602483","0.0015081523","0.00028825126","0.0019035364","-0.0019369373","-0.0018442923","0.0","0.0","0.0","0.0","0.0","0.0","0.0","0.0","0.0","0.0","0.0","0.0","-0.0046900064","0.0","0.0","0.0","0.0","0.0","0.0","0.0","0.0","0.0","0.0","0.0","0.0","0.0","0.0","0.0","0.0","0.0","0.0","0.0","0.0","0.0","0.0","0.0"
"arsenic exposure related diseases","-0.15311743","-0.006689525","-0.027291033","0.0012765183","-0.02442467","-0.0064697242","-0.01316582","-0.0007020722","-0.005387479","-7.5545504e-05","1.3969154e-05","-0.008930601","-0.0058702943","0.0009144299","-0.002191905","0.00068072375","0.004769958","-0.0026594377","0.0012356257","-0.0005457685","-0.0064956485","-0.06711237","-0.00035602483","0.0015081523","0.00028825126","0.0019035364","-0.0019369373","-0.0018442923","0.0","0.0","0.0","0.0","0.0","0.0","0.0","0.0","0.0","0.0","0.0","0.0","-0.0046900064","0.0","0.0","0.0","0.0","0.0","0.0","0.0","0.0","0.0","0.0","0.0","0.0","0.0","0.0","0.0","0.0","0.0","0.0","0.0","0.0","0.0","0.0","0.0"
"arterial stiffness","-0.15311743","-0.006689525","-0.027291033","0.0012765183","-0.02442467","-0.0064697242","-0.01316582","-0.0007020722","-0.005387479","-7.5545504e-05","1.3969154e-05","-0.008930601","-0.0058702943","0.0009144299","-0.002191905","0.00068072375","0.004769958","-0.0026594377","0.0012356257","-0.0005457685","-0.0064956485","-0.06711237","-0.00035602483","0.0015081523","0.00028825126","0.0019035364","-0.0019369373","-0.0018442923","0.0","0.0","0.0","0.0","0.0","0.0","0.0","0.0","0.0","0.0","0.0","0.0","-0.0046900064","0.0","0.0","0.0","0.0","0.0","0.0","0.0","0.0","0.0","0.0","0.0","0.0","0.0","0.0","0.0","0.0","0.0","0.0","0.0","0.0","0.0","0.0","0.0"
"asthma","-0.15311743","-0.006689525","-0.027291033","0.0012765183","-0.02442467","-0.0064697242","-0.01316582","-0.0007020722","-0.005387479","-7.5545504e-05","1.3969154e-05","-0.008930601","-0.0058702943","0.0009144299","-0.002191905","0.00068072375","0.004769958","-0.0026594377","0.0012356257","-0.0005457685","-0.0064956485","-0.06711237","-0.00035602483","0.0015081523","0.00028825126","0.0019035364","-0.0019369373","-0.0018442923","0.0","0.0","0.0","0.0","0.0","0.0","0.0","0.0","0.0","0.0","0.0","0.0","-0.0046900064","0.0","0.0","0.0","0.0","0.0","0.0","0.0","0.0","0.0","0.0","0.0","0.0","0.0","0.0","0.0","0.0","0.0","0.0","0.0","0.0","0.0","0.0","0.0"
"atherosclerosis","-0.15311743","-0.006689525","-0.027291033","0.0012765183","-0.02442467","-0.0064697242","-0.01316582","-0.0007020722","-0.005387479","-7.5545504e-05","1.3969154e-05","-0.008930601","-0.0058702943","0.0009144299","-0.002191905","0.00068072375","0.004769958","-0.0026594377","0.0012356257","-0.0005457685","-0.0064956485","-0.06711237","-0.00035602483","0.0015081523","0.00028825126","0.0019035364","-0.0019369373","-0.0018442923","0.0","0.0","0.0","0.0","0.0","0.0","0.0","0.0","0.0","0.0","0.0","0.0","-0.0046900064","0.0","0.0","0.0","0.0","0.0","0.0","0.0","0.0","0.0","0.0","0.0","0.0","0.0","0.0","0.0","0.0","0.0","0.0","0.0","0.0","0.0","0.0","0.0"
"atherosclerotic cardiovascular disease","-0.15311743","-0.006689525","-0.027291033","0.0012765183","-0.02442467","-0.0064697242","-0.01316582","-0.0007020722","-0.005387479","-7.5545504e-05","1.3969154e-05","-0.008930601","-0.0058702943","0.0009144299","-0.002191905","0.00068072375","0.004769958","-0.0026594377","0.0012356257","-0.0005457685","-0.0064956485","-0.06711237","-0.00035602483","0.0015081523","0.00028825126","0.0019035364","-0.0019369373","-0.0018442923","0.0","0.0","0.0","0.0","0.0","0.0","0.0","0.0","0.0","0.0","0.0","0.0","-0.0046900064","0.0","0.0","0.0","0.0","0.0","0.0","0.0","0.0","0.0","0.0","0.0","0.0","0.0","0.0","0.0","0.0","0.0","0.0","0.0","0.0","0.0","0.0","0.0"
"atopic dermatitis","-0.15311743","-0.006689525","-0.027291033","0.0012765183","-0.02442467","-0.0064697242","-0.01316582","-0.0007020722","-0.005387479","-7.5545504e-05","1.3969154e-05","-0.008930601","-0.0058702943","0.0009144299","-0.002191905","0.00068072375","0.004769958","-0.0026594377","0.0012356257","-0.0005457685","-0.0064956485","-0.06711237","-0.00035602483","0.0015081523","0.00028825126","0.0019035364","-0.0019369373","-0.0018442923","0.0","0.0","0.0","0.0","0.0","0.0","0.0","0.0","0.0","0.0","0.0","0.0","-0.0046900064","0.0","0.0","0.0","0.0","0.0","0.0","0.0","0.0","0.0","0.0","0.0","0.0","0.0","0.0","0.0","0.0","0.0","0.0","0.0","0.0","0.0","0.0","0.0"
"atopic disease","-0.15311743","-0.006689525","-0.027291033","0.0012765183","-0.02442467","-0.0064697242","-0.01316582","-0.0007020722","-0.005387479","-7.5545504e-05","1.3969154e-05","-0.008930601","-0.0058702943","0.0009144299","-0.002191905","0.00068072375","0.004769958","-0.0026594377","0.0012356257","-0.0005457685","-0.0064956485","-0.06711237","-0.00035602483","0.0015081523","0.00028825126","0.0019035364","-0.0019369373","-0.0018442923","0.0","0.0","0.0","0.0","0.0","0.0","0.0","0.0","0.0","0.0","0.0","0.0","-0.0046900064","0.0","0.0","0.0","0.0","0.0","0.0","0.0","0.0","0.0","0.0","0.0","0.0","0.0","0.0","0.0","0.0","0.0","0.0","0.0","0.0","0.0","0.0","0.0"
"atopic eczema","-0.15311743","-0.006689525","-0.027291033","0.0012765183","-0.02442467","-0.0064697242","-0.01316582","-0.0007020722","-0.005387479","-7.5545504e-05","1.3969154e-05","-0.008930601","-0.0058702943","0.0009144299","-0.002191905","0.00068072375","0.004769958","-0.0026594377","0.0012356257","-0.0005457685","-0.0064956485","-0.06711237","-0.00035602483","0.0015081523","0.00028825126","0.0019035364","-0.0019369373","-0.0018442923","0.0","0.0","0.0","0.0","0.0","0.0","0.0","0.0","0.0","0.0","0.0","0.0","-0.0046900064","0.0","0.0","0.0","0.0","0.0","0.0","0.0","0.0","0.0","0.0","0.0","0.0","0.0","0.0","0.0","0.0","0.0","0.0","0.0","0.0","0.0","0.0","0.0"
"autism","-0.15311743","-0.006689525","-0.027291033","0.0012765183","-0.02442467","-0.0064697242","-0.01316582","-0.0007020722","-0.005387479","-7.5545504e-05","1.3969154e-05","-0.008930601","-0.0058702943","0.0009144299","-0.002191905","0.00068072375","0.004769958","-0.0026594377","0.0012356257","-0.0005457685","-0.0064956485","-0.06711237","-0.00035602483","0.0015081523","0.00028825126","0.0019035364","-0.0019369373","-0.0018442923","0.0","0.0","0.0","0.0","0.0","0.0","0.0","0.0","0.0","0.0","0.0","0.0","-0.0046900064","0.0","0.0","0.0","0.0","0.0","0.0","0.0","0.0","0.0","0.0","0.0","0.0","0.0","0.0","0.0","0.0","0.0","0.0","0.0","0.0","0.0","0.0","0.0"
"autism spectrum disorder","-0.15311743","-0.006689525","-0.027291033","0.0012765183","-0.02442467","-0.0064697242","-0.01316582","-0.0007020722","-0.005387479","-7.5545504e-05","1.3969154e-05","-0.008930601","-0.0058702943","0.0009144299","-0.002191905","0.00068072375","0.004769958","-0.0026594377","0.0012356257","-0.0005457685","-0.0064956485","-0.06711237","-0.00035602483","0.0015081523","0.00028825126","0.0019035364","-0.0019369373","-0.0018442923","0.0","0.0","0.0","0.0","0.0","0.0","0.0","0.0","0.0","0.0","0.0","0.0","-0.0046900064","0.0","0.0","0.0","0.0","0.0","0.0","0.0","0.0","0.0","0.0","0.0","0.0","0.0","0.0","0.0","0.0","0.0","0.0","0.0","0.0","0.0","0.0","0.0"
"autistic disorder","-0.15311743","-0.006689525","-0.027291033","0.0012765183","-0.02442467","-0.0064697242","-0.01316582","-0.0007020722","-0.005387479","-7.5545504e-05","1.3969154e-05","-0.008930601","-0.0058702943","0.0009144299","-0.002191905","0.00068072375","0.004769958","-0.0026594377","0.0012356257","-0.0005457685","-0.0064956485","-0.06711237","-0.00035602483","0.0015081523","0.00028825126","0.0019035364","-0.0019369373","-0.0018442923","0.0","0.0","0.0","0.0","0.0","0.0","0.0","0.0","0.0","0.0","0.0","0.0","-0.0046900064","0.0","0.0","0.0","0.0","0.0","0.0","0.0","0.0","0.0","0.0","0.0","0.0","0.0","0.0","0.0","0.0","0.0","0.0","0.0","0.0","0.0","0.0","0.0"
"autoimmune hepatitis","-0.15311743","-0.006689525","-0.027291033","0.0012765183","-0.02442467","-0.0064697242","-0.01316582","-0.0007020722","-0.005387479","-7.5545504e-05","1.3969154e-05","-0.008930601","-0.0058702943","0.0009144299","-0.002191905","0.00068072375","0.004769958","-0.0026594377","0.0012356257","-0.0005457685","-0.0064956485","-0.06711237","-0.00035602483","0.0015081523","0.00028825126","0.0019035364","-0.0019369373","-0.0018442923","0.0","0.0","0.0","0.0","0.0","0.0","0.0","0.0","0.0","0.0","0.0","0.0","-0.0046900064","0.0","0.0","0.0","0.0","0.0","0.0","0.0","0.0","0.0","0.0","0.0","0.0","0.0","0.0","0.0","0.0","0.0","0.0","0.0","0.0","0.0","0.0","0.0"
"autoimmunity","-0.15311743","-0.006689525","-0.027291033","0.0012765183","-0.02442467","-0.0064697242","-0.01316582","-0.0007020722","-0.005387479","-7.5545504e-05","1.3969154e-05","-0.008930601","-0.0058702943","0.0009144299","-0.002191905","0.00068072375","0.004769958","-0.0026594377","0.0012356257","-0.0005457685","-0.0064956485","-0.06711237","-0.00035602483","0.0015081523","0.00028825126","0.0019035364","-0.0019369373","-0.0018442923","0.0","0.0","0.0","0.0","0.0","0.0","0.0","0.0","0.0","0.0","0.0","0.0","-0.0046900064","0.0","0.0","0.0","0.0","0.0","0.0","0.0","0.0","0.0","0.0","0.0","0.0","0.0","0.0","0.0","0.0","0.0","0.0","0.0","0.0","0.0","0.0","0.0"
"bacillary angiomatosis","-0.15311743","-0.006689525","-0.027291033","0.0012765183","-0.02442467","-0.0064697242","-0.01316582","-0.0007020722","-0.005387479","-7.5545504e-05","1.3969154e-05","-0.008930601","-0.0058702943","0.0009144299","-0.002191905","0.00068072375","0.004769958","-0.0026594377","0.0012356257","-0.0005457685","-0.0064956485","-0.06711237","-0.00035602483","0.0015081523","0.00028825126","0.0019035364","-0.0019369373","-0.0018442923","0.0","0.0","0.0","0.0","0.0","0.0","0.0","0.0","0.0","0.0","0.0","0.0","-0.0046900064","0.0","0.0","0.0","0.0","0.0","0.0","0.0","0.0","0.0","0.0","0.0","0.0","0.0","0.0","0.0","0.0","0.0","0.0","0.0","0.0","0.0","0.0","0.0"
"bacterial pneumonia","-0.15311743","-0.006689525","-0.027291033","0.0012765183","-0.02442467","-0.0064697242","-0.01316582","-0.0007020722","-0.005387479","-7.5545504e-05","1.3969154e-05","-0.008930601","-0.0058702943","0.0009144299","-0.002191905","0.00068072375","0.004769958","-0.0026594377","0.0012356257","-0.0005457685","-0.0064956485","-0.06711237","-0.00035602483","0.0015081523","0.00028825126","0.0019035364","-0.0019369373","-0.0018442923","0.0","0.0","0.0","0.0","0.0","0.0","0.0","0.0","0.0","0.0","0.0","0.0","-0.0046900064","0.0","0.0","0.0","0.0","0.0","0.0","0.0","0.0","0.0","0.0","0.0","0.0","0.0","0.0","0.0","0.0","0.0","0.0","0.0","0.0","0.0","0.0","0.0"
"biliary tract cancer","-0.15311743","-0.006689525","-0.027291033","0.0012765183","-0.02442467","-0.0064697242","-0.01316582","-0.0007020722","-0.005387479","-7.5545504e-05","1.3969154e-05","-0.008930601","-0.0058702943","0.0009144299","-0.002191905","0.00068072375","0.004769958","-0.0026594377","0.0012356257","-0.0005457685","-0.0064956485","-0.06711237","-0.00035602483","0.0015081523","0.00028825126","0.0019035364","-0.0019369373","-0.0018442923","0.0","0.0","0.0","0.0","0.0","0.0","0.0","0.0","0.0","0.0","0.0","0.0","-0.0046900064","0.0","0.0","0.0","0.0","0.0","0.0","0.0","0.0","0.0","0.0","0.0","0.0","0.0","0.0","0.0","0.0","0.0","0.0","0.0","0.0","0.0","0.0","0.0"
"bladder cancer","-0.15311743","-0.006689525","-0.027291033","0.0012765183","-0.02442467","-0.0064697242","-0.01316582","-0.0007020722","-0.005387479","-7.5545504e-05","1.3969154e-05","-0.008930601","-0.0058702943","0.0009144299","-0.002191905","0.00068072375","0.004769958","-0.0026594377","0.0012356257","-0.0005457685","-0.0064956485","-0.06711237","-0.00035602483","0.0015081523","0.00028825126","0.0019035364","-0.0019369373","-0.0018442923","0.0","0.0","0.0","0.0","0.0","0.0","0.0","0.0","0.0","0.0","0.0","0.0","-0.0046900064","0.0","0.0","0.0","0.0","0.0","0.0","0.0","0.0","0.0","0.0","0.0","0.0","0.0","0.0","0.0","0.0","0.0","0.0","0.0","0.0","0.0","0.0","0.0"
"bloodstream infection","-0.15311743","-0.006689525","-0.027291033","0.0012765183","-0.02442467","-0.0064697242","-0.01316582","-0.0007020722","-0.005387479","-7.5545504e-05","1.3969154e-05","-0.008930601","-0.0058702943","0.0009144299","-0.002191905","0.00068072375","0.004769958","-0.0026594377","0.0012356257","-0.0005457685","-0.0064956485","-0.06711237","-0.00035602483","0.0015081523","0.00028825126","0.0019035364","-0.0019369373","-0.0018442923","0.0","0.0","0.0","0.0","0.0","0.0","0.0","0.0","0.0","0.0","0.0","0.0","-0.0046900064","0.0","0.0","0.0","0.0","0.0","0.0","0.0","0.0","0.0","0.0","0.0","0.0","0.0","0.0","0.0","0.0","0.0","0.0","0.0","0.0","0.0","0.0","0.0"
"bloodstream infections","-0.15311743","-0.006689525","-0.027291033","0.0012765183","-0.02442467","-0.0064697242","-0.01316582","-0.0007020722","-0.005387479","-7.5545504e-05","1.3969154e-05","-0.008930601","-0.0058702943","0.0009144299","-0.002191905","0.00068072375","0.004769958","-0.0026594377","0.0012356257","-0.0005457685","-0.0064956485","-0.06711237","-0.00035602483","0.0015081523","0.00028825126","0.0019035364","-0.0019369373","-0.0018442923","0.0","0.0","0.0","0.0","0.0","0.0","0.0","0.0","0.0","0.0","0.0","0.0","-0.0046900064","0.0","0.0","0.0","0.0","0.0","0.0","0.0","0.0","0.0","0.0","0.0","0.0","0.0","0.0","0.0","0.0","0.0","0.0","0.0","0.0","0.0","0.0","0.0"
"brain disorders","-0.15311743","-0.006689525","-0.027291033","0.0012765183","-0.02442467","-0.0064697242","-0.01316582","-0.0007020722","-0.005387479","-7.5545504e-05","1.3969154e-05","-0.008930601","-0.0058702943","0.0009144299","-0.002191905","0.00068072375","0.004769958","-0.0026594377","0.0012356257","-0.0005457685","-0.0064956485","-0.06711237","-0.00035602483","0.0015081523","0.00028825126","0.0019035364","-0.0019369373","-0.0018442923","0.0","0.0","0.0","0.0","0.0","0.0","0.0","0.0","0.0","0.0","0.0","0.0","-0.0046900064","0.0","0.0","0.0","0.0","0.0","0.0","0.0","0.0","0.0","0.0","0.0","0.0","0.0","0.0","0.0","0.0","0.0","0.0","0.0","0.0","0.0","0.0","0.0"
"breast cancer","-0.15311743","-0.006689525","-0.027291033","0.0012765183","-0.02442467","-0.0064697242","-0.01316582","-0.0007020722","-0.005387479","-7.5545504e-05","1.3969154e-05","-0.008930601","-0.0058702943","0.0009144299","-0.002191905","0.00068072375","0.004769958","-0.0026594377","0.0012356257","-0.0005457685","-0.0064956485","-0.06711237","-0.00035602483","0.0015081523","0.00028825126","0.0019035364","-0.0019369373","-0.0018442923","0.0","0.0","0.0","0.0","0.0","0.0","0.0","0.0","0.0","0.0","0.0","0.0","-0.0046900064","0.0","0.0","0.0","0.0","0.0","0.0","0.0","0.0","0.0","0.0","0.0","0.0","0.0","0.0","0.0","0.0","0.0","0.0","0.0","0.0","0.0","0.0","0.0"
"calcium nephrolithiasis","-0.15311743","-0.006689525","-0.027291033","0.0012765183","-0.02442467","-0.0064697242","-0.01316582","-0.0007020722","-0.005387479","-7.5545504e-05","1.3969154e-05","-0.008930601","-0.0058702943","0.0009144299","-0.002191905","0.00068072375","0.004769958","-0.0026594377","0.0012356257","-0.0005457685","-0.0064956485","-0.06711237","-0.00035602483","0.0015081523","0.00028825126","0.0019035364","-0.0019369373","-0.0018442923","0.0","0.0","0.0","0.0","0.0","0.0","0.0","0.0","0.0","0.0","0.0","0.0","-0.0046900064","0.0","0.0","0.0","0.0","0.0","0.0","0.0","0.0","0.0","0.0","0.0","0.0","0.0","0.0","0.0","0.0","0.0","0.0","0.0","0.0","0.0","0.0","0.0"
"cancer","-0.15311743","-0.006689525","-0.027291033","0.0012765183","-0.02442467","-0.0064697242","-0.01316582","-0.0007020722","-0.005387479","-7.5545504e-05","1.3969154e-05","-0.008930601","-0.0058702943","0.0009144299","-0.002191905","0.00068072375","0.004769958","-0.0026594377","0.0012356257","-0.0005457685","-0.0064956485","-0.06711237","-0.00035602483","0.0015081523","0.00028825126","0.0019035364","-0.0019369373","-0.0018442923","0.0","0.0","0.0","0.0","0.0","0.0","0.0","0.0","0.0","0.0","0.0","0.0","-0.0046900064","0.0","0.0","0.0","0.0","0.0","0.0","0.0","0.0","0.0","0.0","0.0","0.0","0.0","0.0","0.0","0.0","0.0","0.0","0.0","0.0","0.0","0.0","0.0"
"cardiac disease","-0.15311743","-0.006689525","-0.027291033","0.0012765183","-0.02442467","-0.0064697242","-0.01316582","-0.0007020722","-0.005387479","-7.5545504e-05","1.3969154e-05","-0.008930601","-0.0058702943","0.0009144299","-0.002191905","0.00068072375","0.004769958","-0.0026594377","0.0012356257","-0.0005457685","-0.0064956485","-0.06711237","-0.00035602483","0.0015081523","0.00028825126","0.0019035364","-0.0019369373","-0.0018442923","0.0","0.0","0.0","0.0","0.0","0.0","0.0","0.0","0.0","0.0","0.0","0.0","-0.0046900064","0.0","0.0","0.0","0.0","0.0","0.0","0.0","0.0","0.0","0.0","0.0","0.0","0.0","0.0","0.0","0.0","0.0","0.0","0.0","0.0","0.0","0.0","0.0"
"cardiometabolic disease complications","-0.15311743","-0.006689525","-0.027291033","0.0012765183","-0.02442467","-0.0064697242","-0.01316582","-0.0007020722","-0.005387479","-7.5545504e-05","1.3969154e-05","-0.008930601","-0.0058702943","0.0009144299","-0.002191905","0.00068072375","0.004769958","-0.0026594377","0.0012356257","-0.0005457685","-0.0064956485","-0.06711237","-0.00035602483","0.0015081523","0.00028825126","0.0019035364","-0.0019369373","-0.0018442923","0.0","0.0","0.0","0.0","0.0","0.0","0.0","0.0","0.0","0.0","0.0","0.0","-0.0046900064","0.0","0.0","0.0","0.0","0.0","0.0","0.0","0.0","0.0","0.0","0.0","0.0","0.0","0.0","0.0","0.0","0.0","0.0","0.0","0.0","0.0","0.0","0.0"
"cardiometabolic diseases","-0.15311743","-0.006689525","-0.027291033","0.0012765183","-0.02442467","-0.0064697242","-0.01316582","-0.0007020722","-0.005387479","-7.5545504e-05","1.3969154e-05","-0.008930601","-0.0058702943","0.0009144299","-0.002191905","0.00068072375","0.004769958","-0.0026594377","0.0012356257","-0.0005457685","-0.0064956485","-0.06711237","-0.00035602483","0.0015081523","0.00028825126","0.0019035364","-0.0019369373","-0.0018442923","0.0","0.0","0.0","0.0","0.0","0.0","0.0","0.0","0.0","0.0","0.0","0.0","-0.0046900064","0.0","0.0","0.0","0.0","0.0","0.0","0.0","0.0","0.0","0.0","0.0","0.0","0.0","0.0","0.0","0.0","0.0","0.0","0.0","0.0","0.0","0.0","0.0"
"cardiometabolic disorders","-0.15311743","-0.006689525","-0.027291033","0.0012765183","-0.02442467","-0.0064697242","-0.01316582","-0.0007020722","-0.005387479","-7.5545504e-05","1.3969154e-05","-0.008930601","-0.0058702943","0.0009144299","-0.002191905","0.00068072375","0.004769958","-0.0026594377","0.0012356257","-0.0005457685","-0.0064956485","-0.06711237","-0.00035602483","0.0015081523","0.00028825126","0.0019035364","-0.0019369373","-0.0018442923","0.0","0.0","0.0","0.0","0.0","0.0","0.0","0.0","0.0","0.0","0.0","0.0","-0.0046900064","0.0","0.0","0.0","0.0","0.0","0.0","0.0","0.0","0.0","0.0","0.0","0.0","0.0","0.0","0.0","0.0","0.0","0.0","0.0","0.0","0.0","0.0","0.0"
"cardiovascular disease","-0.15311743","-0.006689525","-0.027291033","0.0012765183","-0.02442467","-0.0064697242","-0.01316582","-0.0007020722","-0.005387479","-7.5545504e-05","1.3969154e-05","-0.008930601","-0.0058702943","0.0009144299","-0.002191905","0.00068072375","0.004769958","-0.0026594377","0.0012356257","-0.0005457685","-0.0064956485","-0.06711237","-0.00035602483","0.0015081523","0.00028825126","0.0019035364","-0.0019369373","-0.0018442923","0.0","0.0","0.0","0.0","0.0","0.0","0.0","0.0","0.0","0.0","0.0","0.0","-0.0046900064","0.0","0.0","0.0","0.0","0.0","0.0","0.0","0.0","0.0","0.0","0.0","0.0","0.0","0.0","0.0","0.0","0.0","0.0","0.0","0.0","0.0","0.0","0.0"
"cardiovascular diseases","-0.15311743","-0.006689525","-0.027291033","0.0012765183","-0.02442467","-0.0064697242","-0.01316582","-0.0007020722","-0.005387479","-7.5545504e-05","1.3969154e-05","-0.008930601","-0.0058702943","0.0009144299","-0.002191905","0.00068072375","0.004769958","-0.0026594377","0.0012356257","-0.0005457685","-0.0064956485","-0.06711237","-0.00035602483","0.0015081523","0.00028825126","0.0019035364","-0.0019369373","-0.0018442923","0.0","0.0","0.0","0.0","0.0","0.0","0.0","0.0","0.0","0.0","0.0","0.0","-0.0046900064","0.0","0.0","0.0","0.0","0.0","0.0","0.0","0.0","0.0","0.0","0.0","0.0","0.0","0.0","0.0","0.0","0.0","0.0","0.0","0.0","0.0","0.0","0.0"
"celiac disease","-0.15311743","-0.006689525","-0.027291033","0.0012765183","-0.02442467","-0.0064697242","-0.01316582","-0.0007020722","-0.005387479","-7.5545504e-05","1.3969154e-05","-0.008930601","-0.0058702943","0.0009144299","-0.002191905","0.00068072375","0.004769958","-0.0026594377","0.0012356257","-0.0005457685","-0.0064956485","-0.06711237","-0.00035602483","0.0015081523","0.00028825126","0.0019035364","-0.0019369373","-0.0018442923","0.0","0.0","0.0","0.0","0.0","0.0","0.0","0.0","0.0","0.0","0.0","0.0","-0.0046900064","0.0","0.0","0.0","0.0","0.0","0.0","0.0","0.0","0.0","0.0","0.0","0.0","0.0","0.0","0.0","0.0","0.0","0.0","0.0","0.0","0.0","0.0","0.0"
"cervical cancer","-0.15311743","-0.006689525","-0.027291033","0.0012765183","-0.02442467","-0.0064697242","-0.01316582","-0.0007020722","-0.005387479","-7.5545504e-05","1.3969154e-05","-0.008930601","-0.0058702943","0.0009144299","-0.002191905","0.00068072375","0.004769958","-0.0026594377","0.0012356257","-0.0005457685","-0.0064956485","-0.06711237","-0.00035602483","0.0015081523","0.00028825126","0.0019035364","-0.0019369373","-0.0018442923","0.0","0.0","0.0","0.0","0.0","0.0","0.0","0.0","0.0","0.0","0.0","0.0","-0.0046900064","0.0","0.0","0.0","0.0","0.0","0.0","0.0","0.0","0.0","0.0","0.0","0.0","0.0","0.0","0.0","0.0","0.0","0.0","0.0","0.0","0.0","0.0","0.0"
"cervical intraepithelial neoplasia","-0.15311743","-0.006689525","-0.027291033","0.0012765183","-0.02442467","-0.0064697242","-0.01316582","-0.0007020722","-0.005387479","-7.5545504e-05","1.3969154e-05","-0.008930601","-0.0058702943","0.0009144299","-0.002191905","0.00068072375","0.004769958","-0.0026594377","0.0012356257","-0.0005457685","-0.0064956485","-0.06711237","-0.00035602483","0.0015081523","0.00028825126","0.0019035364","-0.0019369373","-0.0018442923","0.0","0.0","0.0","0.0","0.0","0.0","0.0","0.0","0.0","0.0","0.0","0.0","-0.0046900064","0.0","0.0","0.0","0.0","0.0","0.0","0.0","0.0","0.0","0.0","0.0","0.0","0.0","0.0","0.0","0.0","0.0","0.0","0.0","0.0","0.0","0.0","0.0"
"childhood mortality","-0.15311743","-0.006689525","-0.027291033","0.0012765183","-0.02442467","-0.0064697242","-0.01316582","-0.0007020722","-0.005387479","-7.5545504e-05","1.3969154e-05","-0.008930601","-0.0058702943","0.0009144299","-0.002191905","0.00068072375","0.004769958","-0.0026594377","0.0012356257","-0.0005457685","-0.0064956485","-0.06711237","-0.00035602483","0.0015081523","0.00028825126","0.0019035364","-0.0019369373","-0.0018442923","0.0","0.0","0.0","0.0","0.0","0.0","0.0","0.0","0.0","0.0","0.0","0.0","-0.0046900064","0.0","0.0","0.0","0.0","0.0","0.0","0.0","0.0","0.0","0.0","0.0","0.0","0.0","0.0","0.0","0.0","0.0","0.0","0.0","0.0","0.0","0.0","0.0"
"cholecystitis","-0.15311743","-0.006689525","-0.027291033","0.0012765183","-0.02442467","-0.0064697242","-0.01316582","-0.0007020722","-0.005387479","-7.5545504e-05","1.3969154e-05","-0.008930601","-0.0058702943","0.0009144299","-0.002191905","0.00068072375","0.004769958","-0.0026594377","0.0012356257","-0.0005457685","-0.0064956485","-0.06711237","-0.00035602483","0.0015081523","0.00028825126","0.0019035364","-0.0019369373","-0.0018442923","0.0","0.0","0.0","0.0","0.0","0.0","0.0","0.0","0.0","0.0","0.0","0.0","-0.0046900064","0.0","0.0","0.0","0.0","0.0","0.0","0.0","0.0","0.0","0.0","0.0","0.0","0.0","0.0","0.0","0.0","0.0","0.0","0.0","0.0","0.0","0.0","0.0"
"cholera","-0.15311743","-0.006689525","-0.027291033","0.0012765183","-0.02442467","-0.0064697242","-0.01316582","-0.0007020722","-0.005387479","-7.5545504e-05","1.3969154e-05","-0.008930601","-0.0058702943","0.0009144299","-0.002191905","0.00068072375","0.004769958","-0.0026594377","0.0012356257","-0.0005457685","-0.0064956485","-0.06711237","-0.00035602483","0.0015081523","0.00028825126","0.0019035364","-0.0019369373","-0.0018442923","0.0","0.0","0.0","0.0","0.0","0.0","0.0","0.0","0.0","0.0","0.0","0.0","-0.0046900064","0.0","0.0","0.0","0.0","0.0","0.0","0.0","0.0","0.0","0.0","0.0","0.0","0.0","0.0","0.0","0.0","0.0","0.0","0.0","0.0","0.0","0.0","0.0"
"cholesterol gallstones","-0.15311743","-0.006689525","-0.027291033","0.0012765183","-0.02442467","-0.0064697242","-0.01316582","-0.0007020722","-0.005387479","-7.5545504e-05","1.3969154e-05","-0.008930601","-0.0058702943","0.0009144299","-0.002191905","0.00068072375","0.004769958","-0.0026594377","0.0012356257","-0.0005457685","-0.0064956485","-0.06711237","-0.00035602483","0.0015081523","0.00028825126","0.0019035364","-0.0019369373","-0.0018442923","0.0","0.0","0.0","0.0","0.0","0.0","0.0","0.0","0.0","0.0","0.0","0.0","-0.0046900064","0.0","0.0","0.0","0.0","0.0","0.0","0.0","0.0","0.0","0.0","0.0","0.0","0.0","0.0","0.0","0.0","0.0","0.0","0.0","0.0","0.0","0.0","0.0"
"chronic HIV infection","-0.15311743","-0.006689525","-0.027291033","0.0012765183","-0.02442467","-0.0064697242","-0.01316582","-0.0007020722","-0.005387479","-7.5545504e-05","1.3969154e-05","-0.008930601","-0.0058702943","0.0009144299","-0.002191905","0.00068072375","0.004769958","-0.0026594377","0.0012356257","-0.0005457685","-0.0064956485","-0.06711237","-0.00035602483","0.0015081523","0.00028825126","0.0019035364","-0.0019369373","-0.0018442923","0.0","0.0","0.0","0.0","0.0","0.0","0.0","0.0","0.0","0.0","0.0","0.0","-0.0046900064","0.0","0.0","0.0","0.0","0.0","0.0","0.0","0.0","0.0","0.0","0.0","0.0","0.0","0.0","0.0","0.0","0.0","0.0","0.0","0.0","0.0","0.0","0.0"
"chronic bacteremia","-0.15311743","-0.006689525","-0.027291033","0.0012765183","-0.02442467","-0.0064697242","-0.01316582","-0.0007020722","-0.005387479","-7.5545504e-05","1.3969154e-05","-0.008930601","-0.0058702943","0.0009144299","-0.002191905","0.00068072375","0.004769958","-0.0026594377","0.0012356257","-0.0005457685","-0.0064956485","-0.06711237","-0.00035602483","0.0015081523","0.00028825126","0.0019035364","-0.0019369373","-0.0018442923","0.0","0.0","0.0","0.0","0.0","0.0","0.0","0.0","0.0","0.0","0.0","0.0","-0.0046900064","0.0","0.0","0.0","0.0","0.0","0.0","0.0","0.0","0.0","0.0","0.0","0.0","0.0","0.0","0.0","0.0","0.0","0.0","0.0","0.0","0.0","0.0","0.0"
"chronic constipation","-0.15311743","-0.006689525","-0.027291033","0.0012765183","-0.02442467","-0.0064697242","-0.01316582","-0.0007020722","-0.005387479","-7.5545504e-05","1.3969154e-05","-0.008930601","-0.0058702943","0.0009144299","-0.002191905","0.00068072375","0.004769958","-0.0026594377","0.0012356257","-0.0005457685","-0.0064956485","-0.06711237","-0.00035602483","0.0015081523","0.00028825126","0.0019035364","-0.0019369373","-0.0018442923","0.0","0.0","0.0","0.0","0.0","0.0","0.0","0.0","0.0","0.0","0.0","0.0","-0.0046900064","0.0","0.0","0.0","0.0","0.0","0.0","0.0","0.0","0.0","0.0","0.0","0.0","0.0","0.0","0.0","0.0","0.0","0.0","0.0","0.0","0.0","0.0","0.0"
"chronic gastritis","-0.15311743","-0.006689525","-0.027291033","0.0012765183","-0.02442467","-0.0064697242","-0.01316582","-0.0007020722","-0.005387479","-7.5545504e-05","1.3969154e-05","-0.008930601","-0.0058702943","0.0009144299","-0.002191905","0.00068072375","0.004769958","-0.0026594377","0.0012356257","-0.0005457685","-0.0064956485","-0.06711237","-0.00035602483","0.0015081523","0.00028825126","0.0019035364","-0.0019369373","-0.0018442923","0.0","0.0","0.0","0.0","0.0","0.0","0.0","0.0","0.0","0.0","0.0","0.0","-0.0046900064","0.0","0.0","0.0","0.0","0.0","0.0","0.0","0.0","0.0","0.0","0.0","0.0","0.0","0.0","0.0","0.0","0.0","0.0","0.0","0.0","0.0","0.0","0.0"
"chronic gastrointestinal inflammation","-0.15311743","-0.006689525","-0.027291033","0.0012765183","-0.02442467","-0.0064697242","-0.01316582","-0.0007020722","-0.005387479","-7.5545504e-05","1.3969154e-05","-0.008930601","-0.0058702943","0.0009144299","-0.002191905","0.00068072375","0.004769958","-0.0026594377","0.0012356257","-0.0005457685","-0.0064956485","-0.06711237","-0.00035602483","0.0015081523","0.00028825126","0.0019035364","-0.0019369373","-0.0018442923","0.0","0.0","0.0","0.0","0.0","0.0","0.0","0.0","0.0","0.0","0.0","0.0","-0.0046900064","0.0","0.0","0.0","0.0","0.0","0.0","0.0","0.0","0.0","0.0","0.0","0.0","0.0","0.0","0.0","0.0","0.0","0.0","0.0","0.0","0.0","0.0","0.0"
"chronic inflammation","-0.15311743","-0.006689525","-0.027291033","0.0012765183","-0.02442467","-0.0064697242","-0.01316582","-0.0007020722","-0.005387479","-7.5545504e-05","1.3969154e-05","-0.008930601","-0.0058702943","0.0009144299","-0.002191905","0.00068072375","0.004769958","-0.0026594377","0.0012356257","-0.0005457685","-0.0064956485","-0.06711237","-0.00035602483","0.0015081523","0.00028825126","0.0019035364","-0.0019369373","-0.0018442923","0.0","0.0","0.0","0.0","0.0","0.0","0.0","0.0","0.0","0.0","0.0","0.0","-0.0046900064","0.0","0.0","0.0","0.0","0.0","0.0","0.0","0.0","0.0","0.0","0.0","0.0","0.0","0.0","0.0","0.0","0.0","0.0","0.0","0.0","0.0","0.0","0.0"
"chronic kidney disease","-0.15311743","-0.006689525","-0.027291033","0.0012765183","-0.02442467","-0.0064697242","-0.01316582","-0.0007020722","-0.005387479","-7.5545504e-05","1.3969154e-05","-0.008930601","-0.0058702943","0.0009144299","-0.002191905","0.00068072375","0.004769958","-0.0026594377","0.0012356257","-0.0005457685","-0.0064956485","-0.06711237","-0.00035602483","0.0015081523","0.00028825126","0.0019035364","-0.0019369373","-0.0018442923","0.0","0.0","0.0","0.0","0.0","0.0","0.0","0.0","0.0","0.0","0.0","0.0","-0.0046900064","0.0","0.0","0.0","0.0","0.0","0.0","0.0","0.0","0.0","0.0","0.0","0.0","0.0","0.0","0.0","0.0","0.0","0.0","0.0","0.0","0.0","0.0","0.0"
"chronic nonbacterial prostate inflammation","-0.15311743","-0.006689525","-0.027291033","0.0012765183","-0.02442467","-0.0064697242","-0.01316582","-0.0007020722","-0.005387479","-7.5545504e-05","1.3969154e-05","-0.008930601","-0.0058702943","0.0009144299","-0.002191905","0.00068072375","0.004769958","-0.0026594377","0.0012356257","-0.0005457685","-0.0064956485","-0.06711237","-0.00035602483","0.0015081523","0.00028825126","0.0019035364","-0.0019369373","-0.0018442923","0.0","0.0","0.0","0.0","0.0","0.0","0.0","0.0","0.0","0.0","0.0","0.0","-0.0046900064","0.0","0.0","0.0","0.0","0.0","0.0","0.0","0.0","0.0","0.0","0.0","0.0","0.0","0.0","0.0","0.0","0.0","0.0","0.0","0.0","0.0","0.0","0.0"
"chronic pancreatitis","-0.15311743","-0.006689525","-0.027291033","0.0012765183","-0.02442467","-0.0064697242","-0.01316582","-0.0007020722","-0.005387479","-7.5545504e-05","1.3969154e-05","-0.008930601","-0.0058702943","0.0009144299","-0.002191905","0.00068072375","0.004769958","-0.0026594377","0.0012356257","-0.0005457685","-0.0064956485","-0.06711237","-0.00035602483","0.0015081523","0.00028825126","0.0019035364","-0.0019369373","-0.0018442923","0.0","0.0","0.0","0.0","0.0","0.0","0.0","0.0","0.0","0.0","0.0","0.0","-0.0046900064","0.0","0.0","0.0","0.0","0.0","0.0","0.0","0.0","0.0","0.0","0.0","0.0","0.0","0.0","0.0","0.0","0.0","0.0","0.0","0.0","0.0","0.0","0.0"
"cirrhosis","-0.15311743","-0.006689525","-0.027291033","0.0012765183","-0.02442467","-0.0064697242","-0.01316582","-0.0007020722","-0.005387479","-7.5545504e-05","1.3969154e-05","-0.008930601","-0.0058702943","0.0009144299","-0.002191905","0.00068072375","0.004769958","-0.0026594377","0.0012356257","-0.0005457685","-0.0064956485","-0.06711237","-0.00035602483","0.0015081523","0.00028825126","0.0019035364","-0.0019369373","-0.0018442923","0.0","0.0","0.0","0.0","0.0","0.0","0.0","0.0","0.0","0.0","0.0","0.0","-0.0046900064","0.0","0.0","0.0","0.0","0.0","0.0","0.0","0.0","0.0","0.0","0.0","0.0","0.0","0.0","0.0","0.0","0.0","0.0","0.0","0.0","0.0","0.0","0.0"
"coeliac disease","-0.15311743","-0.006689525","-0.027291033","0.0012765183","-0.02442467","-0.0064697242","-0.01316582","-0.0007020722","-0.005387479","-7.5545504e-05","1.3969154e-05","-0.008930601","-0.0058702943","0.0009144299","-0.002191905","0.00068072375","0.004769958","-0.0026594377","0.0012356257","-0.0005457685","-0.0064956485","-0.06711237","-0.00035602483","0.0015081523","0.00028825126","0.0019035364","-0.0019369373","-0.0018442923","0.0","0.0","0.0","0.0","0.0","0.0","0.0","0.0","0.0","0.0","0.0","0.0","-0.0046900064","0.0","0.0","0.0","0.0","0.0","0.0","0.0","0.0","0.0","0.0","0.0","0.0","0.0","0.0","0.0","0.0","0.0","0.0","0.0","0.0","0.0","0.0","0.0"
"cognitive decline","-0.15311743","-0.006689525","-0.027291033","0.0012765183","-0.02442467","-0.0064697242","-0.01316582","-0.0007020722","-0.005387479","-7.5545504e-05","1.3969154e-05","-0.008930601","-0.0058702943","0.0009144299","-0.002191905","0.00068072375","0.004769958","-0.0026594377","0.0012356257","-0.0005457685","-0.0064956485","-0.06711237","-0.00035602483","0.0015081523","0.00028825126","0.0019035364","-0.0019369373","-0.0018442923","0.0","0.0","0.0","0.0","0.0","0.0","0.0","0.0","0.0","0.0","0.0","0.0","-0.0046900064","0.0","0.0","0.0","0.0","0.0","0.0","0.0","0.0","0.0","0.0","0.0","0.0","0.0","0.0","0.0","0.0","0.0","0.0","0.0","0.0","0.0","0.0","0.0"
"cognitive deficits","-0.15311743","-0.006689525","-0.027291033","0.0012765183","-0.02442467","-0.0064697242","-0.01316582","-0.0007020722","-0.005387479","-7.5545504e-05","1.3969154e-05","-0.008930601","-0.0058702943","0.0009144299","-0.002191905","0.00068072375","0.004769958","-0.0026594377","0.0012356257","-0.0005457685","-0.0064956485","-0.06711237","-0.00035602483","0.0015081523","0.00028825126","0.0019035364","-0.0019369373","-0.0018442923","0.0","0.0","0.0","0.0","0.0","0.0","0.0","0.0","0.0","0.0","0.0","0.0","-0.0046900064","0.0","0.0","0.0","0.0","0.0","0.0","0.0","0.0","0.0","0.0","0.0","0.0","0.0","0.0","0.0","0.0","0.0","0.0","0.0","0.0","0.0","0.0","0.0"
"cognitive impairment","-0.15311743","-0.006689525","-0.027291033","0.0012765183","-0.02442467","-0.0064697242","-0.01316582","-0.0007020722","-0.005387479","-7.5545504e-05","1.3969154e-05","-0.008930601","-0.0058702943","0.0009144299","-0.002191905","0.00068072375","0.004769958","-0.0026594377","0.0012356257","-0.0005457685","-0.0064956485","-0.06711237","-0.00035602483","0.0015081523","0.00028825126","0.0019035364","-0.0019369373","-0.0018442923","0.0","0.0","0.0","0.0","0.0","0.0","0.0","0.0","0.0","0.0","0.0","0.0","-0.0046900064","0.0","0.0","0.0","0.0","0.0","0.0","0.0","0.0","0.0","0.0","0.0","0.0","0.0","0.0","0.0","0.0","0.0","0.0","0.0","0.0","0.0","0.0","0.0"
"colitis","-0.15311743","-0.006689525","-0.027291033","0.0012765183","-0.02442467","-0.0064697242","-0.01316582","-0.0007020722","-0.005387479","-7.5545504e-05","1.3969154e-05","-0.008930601","-0.0058702943","0.0009144299","-0.002191905","0.00068072375","0.004769958","-0.0026594377","0.0012356257","-0.0005457685","-0.0064956485","-0.06711237","-0.00035602483","0.0015081523","0.00028825126","0.0019035364","-0.0019369373","-0.0018442923","0.0","0.0","0.0","0.0","0.0","0.0","0.0","0.0","0.0","0.0","0.0","0.0","-0.0046900064","0.0","0.0","0.0","0.0","0.0","0.0","0.0","0.0","0.0","0.0","0.0","0.0","0.0","0.0","0.0","0.0","0.0","0.0","0.0","0.0","0.0","0.0","0.0"
"colitis associated colon cancer","-0.15311743","-0.006689525","-0.027291033","0.0012765183","-0.02442467","-0.0064697242","-0.01316582","-0.0007020722","-0.005387479","-7.5545504e-05","1.3969154e-05","-0.008930601","-0.0058702943","0.0009144299","-0.002191905","0.00068072375","0.004769958","-0.0026594377","0.0012356257","-0.0005457685","-0.0064956485","-0.06711237","-0.00035602483","0.0015081523","0.00028825126","0.0019035364","-0.0019369373","-0.0018442923","0.0","0.0","0.0","0.0","0.0","0.0","0.0","0.0","0.0","0.0","0.0","0.0","-0.0046900064","0.0","0.0","0.0","0.0","0.0","0.0","0.0","0.0","0.0","0.0","0.0","0.0","0.0","0.0","0.0","0.0","0.0","0.0","0.0","0.0","0.0","0.0","0.0"
"colitis-associated cancer","-0.15311743","-0.006689525","-0.027291033","0.0012765183","-0.02442467","-0.0064697242","-0.01316582","-0.0007020722","-0.005387479","-7.5545504e-05","1.3969154e-05","-0.008930601","-0.0058702943","0.0009144299","-0.002191905","0.00068072375","0.004769958","-0.0026594377","0.0012356257","-0.0005457685","-0.0064956485","-0.06711237","-0.00035602483","0.0015081523","0.00028825126","0.0019035364","-0.0019369373","-0.0018442923","0.0","0.0","0.0","0.0","0.0","0.0","0.0","0.0","0.0","0.0","0.0","0.0","-0.0046900064","0.0","0.0","0.0","0.0","0.0","0.0","0.0","0.0","0.0","0.0","0.0","0.0","0.0","0.0","0.0","0.0","0.0","0.0","0.0","0.0","0.0","0.0","0.0"
"colon adenocarcinoma","-0.15311743","-0.006689525","-0.027291033","0.0012765183","-0.02442467","-0.0064697242","-0.01316582","-0.0007020722","-0.005387479","-7.5545504e-05","1.3969154e-05","-0.008930601","-0.0058702943","0.0009144299","-0.002191905","0.00068072375","0.004769958","-0.0026594377","0.0012356257","-0.0005457685","-0.0064956485","-0.06711237","-0.00035602483","0.0015081523","0.00028825126","0.0019035364","-0.0019369373","-0.0018442923","0.0","0.0","0.0","0.0","0.0","0.0","0.0","0.0","0.0","0.0","0.0","0.0","-0.0046900064","0.0","0.0","0.0","0.0","0.0","0.0","0.0","0.0","0.0","0.0","0.0","0.0","0.0","0.0","0.0","0.0","0.0","0.0","0.0","0.0","0.0","0.0","0.0"
"colon cancer","-0.15311743","-0.006689525","-0.027291033","0.0012765183","-0.02442467","-0.0064697242","-0.01316582","-0.0007020722","-0.005387479","-7.5545504e-05","1.3969154e-05","-0.008930601","-0.0058702943","0.0009144299","-0.002191905","0.00068072375","0.004769958","-0.0026594377","0.0012356257","-0.0005457685","-0.0064956485","-0.06711237","-0.00035602483","0.0015081523","0.00028825126","0.0019035364","-0.0019369373","-0.0018442923","0.0","0.0","0.0","0.0","0.0","0.0","0.0","0.0","0.0","0.0","0.0","0.0","-0.0046900064","0.0","0.0","0.0","0.0","0.0","0.0","0.0","0.0","0.0","0.0","0.0","0.0","0.0","0.0","0.0","0.0","0.0","0.0","0.0","0.0","0.0","0.0","0.0"
"colon health","-0.15311743","-0.006689525","-0.027291033","0.0012765183","-0.02442467","-0.0064697242","-0.01316582","-0.0007020722","-0.005387479","-7.5545504e-05","1.3969154e-05","-0.008930601","-0.0058702943","0.0009144299","-0.002191905","0.00068072375","0.004769958","-0.0026594377","0.0012356257","-0.0005457685","-0.0064956485","-0.06711237","-0.00035602483","0.0015081523","0.00028825126","0.0019035364","-0.0019369373","-0.0018442923","0.0","0.0","0.0","0.0","0.0","0.0","0.0","0.0","0.0","0.0","0.0","0.0","-0.0046900064","0.0","0.0","0.0","0.0","0.0","0.0","0.0","0.0","0.0","0.0","0.0","0.0","0.0","0.0","0.0","0.0","0.0","0.0","0.0","0.0","0.0","0.0","0.0"
"colon neoplasms","-0.15311743","-0.006689525","-0.027291033","0.0012765183","-0.02442467","-0.0064697242","-0.01316582","-0.0007020722","-0.005387479","-7.5545504e-05","1.3969154e-05","-0.008930601","-0.0058702943","0.0009144299","-0.002191905","0.00068072375","0.004769958","-0.0026594377","0.0012356257","-0.0005457685","-0.0064956485","-0.06711237","-0.00035602483","0.0015081523","0.00028825126","0.0019035364","-0.0019369373","-0.0018442923","0.0","0.0","0.0","0.0","0.0","0.0","0.0","0.0","0.0","0.0","0.0","0.0","-0.0046900064","0.0","0.0","0.0","0.0","0.0","0.0","0.0","0.0","0.0","0.0","0.0","0.0","0.0","0.0","0.0","0.0","0.0","0.0","0.0","0.0","0.0","0.0","0.0"
"colonic inflammation","-0.15311743","-0.006689525","-0.027291033","0.0012765183","-0.02442467","-0.0064697242","-0.01316582","-0.0007020722","-0.005387479","-7.5545504e-05","1.3969154e-05","-0.008930601","-0.0058702943","0.0009144299","-0.002191905","0.00068072375","0.004769958","-0.0026594377","0.0012356257","-0.0005457685","-0.0064956485","-0.06711237","-0.00035602483","0.0015081523","0.00028825126","0.0019035364","-0.0019369373","-0.0018442923","0.0","0.0","0.0","0.0","0.0","0.0","0.0","0.0","0.0","0.0","0.0","0.0","-0.0046900064","0.0","0.0","0.0","0.0","0.0","0.0","0.0","0.0","0.0","0.0","0.0","0.0","0.0","0.0","0.0","0.0","0.0","0.0","0.0","0.0","0.0","0.0","0.0"
"colorectal adenoma","-0.15311743","-0.006689525","-0.027291033","0.0012765183","-0.02442467","-0.0064697242","-0.01316582","-0.0007020722","-0.005387479","-7.5545504e-05","1.3969154e-05","-0.008930601","-0.0058702943","0.0009144299","-0.002191905","0.00068072375","0.004769958","-0.0026594377","0.0012356257","-0.0005457685","-0.0064956485","-0.06711237","-0.00035602483","0.0015081523","0.00028825126","0.0019035364","-0.0019369373","-0.0018442923","0.0","0.0","0.0","0.0","0.0","0.0","0.0","0.0","0.0","0.0","0.0","0.0","-0.0046900064","0.0","0.0","0.0","0.0","0.0","0.0","0.0","0.0","0.0","0.0","0.0","0.0","0.0","0.0","0.0","0.0","0.0","0.0","0.0","0.0","0.0","0.0","0.0"
"colorectal adenomas","-0.15311743","-0.006689525","-0.027291033","0.0012765183","-0.02442467","-0.0064697242","-0.01316582","-0.0007020722","-0.005387479","-7.5545504e-05","1.3969154e-05","-0.008930601","-0.0058702943","0.0009144299","-0.002191905","0.00068072375","0.004769958","-0.0026594377","0.0012356257","-0.0005457685","-0.0064956485","-0.06711237","-0.00035602483","0.0015081523","0.00028825126","0.0019035364","-0.0019369373","-0.0018442923","0.0","0.0","0.0","0.0","0.0","0.0","0.0","0.0","0.0","0.0","0.0","0.0","-0.0046900064","0.0","0.0","0.0","0.0","0.0","0.0","0.0","0.0","0.0","0.0","0.0","0.0","0.0","0.0","0.0","0.0","0.0","0.0","0.0","0.0","0.0","0.0","0.0"
"colorectal cancer","-0.15311743","-0.006689525","-0.027291033","0.0012765183","-0.02442467","-0.0064697242","-0.01316582","-0.0007020722","-0.005387479","-7.5545504e-05","1.3969154e-05","-0.008930601","-0.0058702943","0.0009144299","-0.002191905","0.00068072375","0.004769958","-0.0026594377","0.0012356257","-0.0005457685","-0.0064956485","-0.06711237","-0.00035602483","0.0015081523","0.00028825126","0.0019035364","-0.0019369373","-0.0018442923","0.0","0.0","0.0","0.0","0.0","0.0","0.0","0.0","0.0","0.0","0.0","0.0","-0.0046900064","0.0","0.0","0.0","0.0","0.0","0.0","0.0","0.0","0.0","0.0","0.0","0.0","0.0","0.0","0.0","0.0","0.0","0.0","0.0","0.0","0.0","0.0","0.0"
"colorectal carcinoma","-0.15311743","-0.006689525","-0.027291033","0.0012765183","-0.02442467","-0.0064697242","-0.01316582","-0.0007020722","-0.005387479","-7.5545504e-05","1.3969154e-05","-0.008930601","-0.0058702943","0.0009144299","-0.002191905","0.00068072375","0.004769958","-0.0026594377","0.0012356257","-0.0005457685","-0.0064956485","-0.06711237","-0.00035602483","0.0015081523","0.00028825126","0.0019035364","-0.0019369373","-0.0018442923","0.0","0.0","0.0","0.0","0.0","0.0","0.0","0.0","0.0","0.0","0.0","0.0","-0.0046900064","0.0","0.0","0.0","0.0","0.0","0.0","0.0","0.0","0.0","0.0","0.0","0.0","0.0","0.0","0.0","0.0","0.0","0.0","0.0","0.0","0.0","0.0","0.0"
"constipated-irritable bowel syndrome","-0.15311743","-0.006689525","-0.027291033","0.0012765183","-0.02442467","-0.0064697242","-0.01316582","-0.0007020722","-0.005387479","-7.5545504e-05","1.3969154e-05","-0.008930601","-0.0058702943","0.0009144299","-0.002191905","0.00068072375","0.004769958","-0.0026594377","0.0012356257","-0.0005457685","-0.0064956485","-0.06711237","-0.00035602483","0.0015081523","0.00028825126","0.0019035364","-0.0019369373","-0.0018442923","0.0","0.0","0.0","0.0","0.0","0.0","0.0","0.0","0.0","0.0","0.0","0.0","-0.0046900064","0.0","0.0","0.0","0.0","0.0","0.0","0.0","0.0","0.0","0.0","0.0","0.0","0.0","0.0","0.0","0.0","0.0","0.0","0.0","0.0","0.0","0.0","0.0"
"constipation","-0.15311743","-0.006689525","-0.027291033","0.0012765183","-0.02442467","-0.0064697242","-0.01316582","-0.0007020722","-0.005387479","-7.5545504e-05","1.3969154e-05","-0.008930601","-0.0058702943","0.0009144299","-0.002191905","0.00068072375","0.004769958","-0.0026594377","0.0012356257","-0.0005457685","-0.0064956485","-0.06711237","-0.00035602483","0.0015081523","0.00028825126","0.0019035364","-0.0019369373","-0.0018442923","0.0","0.0","0.0","0.0","0.0","0.0","0.0","0.0","0.0","0.0","0.0","0.0","-0.0046900064","0.0","0.0","0.0","0.0","0.0","0.0","0.0","0.0","0.0","0.0","0.0","0.0","0.0","0.0","0.0","0.0","0.0","0.0","0.0","0.0","0.0","0.0","0.0"
"coronary artery disease","-0.15311743","-0.006689525","-0.027291033","0.0012765183","-0.02442467","-0.0064697242","-0.01316582","-0.0007020722","-0.005387479","-7.5545504e-05","1.3969154e-05","-0.008930601","-0.0058702943","0.0009144299","-0.002191905","0.00068072375","0.004769958","-0.0026594377","0.0012356257","-0.0005457685","-0.0064956485","-0.06711237","-0.00035602483","0.0015081523","0.00028825126","0.0019035364","-0.0019369373","-0.0018442923","0.0","0.0","0.0","0.0","0.0","0.0","0.0","0.0","0.0","0.0","0.0","0.0","-0.0046900064","0.0","0.0","0.0","0.0","0.0","0.0","0.0","0.0","0.0","0.0","0.0","0.0","0.0","0.0","0.0","0.0","0.0","0.0","0.0","0.0","0.0","0.0","0.0"
"coronary heart disease","-0.15311743","-0.006689525","-0.027291033","0.0012765183","-0.02442467","-0.0064697242","-0.01316582","-0.0007020722","-0.005387479","-7.5545504e-05","1.3969154e-05","-0.008930601","-0.0058702943","0.0009144299","-0.002191905","0.00068072375","0.004769958","-0.0026594377","0.0012356257","-0.0005457685","-0.0064956485","-0.06711237","-0.00035602483","0.0015081523","0.00028825126","0.0019035364","-0.0019369373","-0.0018442923","0.0","0.0","0.0","0.0","0.0","0.0","0.0","0.0","0.0","0.0","0.0","0.0","-0.0046900064","0.0","0.0","0.0","0.0","0.0","0.0","0.0","0.0","0.0","0.0","0.0","0.0","0.0","0.0","0.0","0.0","0.0","0.0","0.0","0.0","0.0","0.0","0.0"
"coronary heart disease complicated with nonalcoholic fatty liver disease","-0.15311743","-0.006689525","-0.027291033","0.0012765183","-0.02442467","-0.0064697242","-0.01316582","-0.0007020722","-0.005387479","-7.5545504e-05","1.3969154e-05","-0.008930601","-0.0058702943","0.0009144299","-0.002191905","0.00068072375","0.004769958","-0.0026594377","0.0012356257","-0.0005457685","-0.0064956485","-0.06711237","-0.00035602483","0.0015081523","0.00028825126","0.0019035364","-0.0019369373","-0.0018442923","0.0","0.0","0.0","0.0","0.0","0.0","0.0","0.0","0.0","0.0","0.0","0.0","-0.0046900064","0.0","0.0","0.0","0.0","0.0","0.0","0.0","0.0","0.0","0.0","0.0","0.0","0.0","0.0","0.0","0.0","0.0","0.0","0.0","0.0","0.0","0.0","0.0"
"cow milk protein allergy","-0.15311743","-0.006689525","-0.027291033","0.0012765183","-0.02442467","-0.0064697242","-0.01316582","-0.0007020722","-0.005387479","-7.5545504e-05","1.3969154e-05","-0.008930601","-0.0058702943","0.0009144299","-0.002191905","0.00068072375","0.004769958","-0.0026594377","0.0012356257","-0.0005457685","-0.0064956485","-0.06711237","-0.00035602483","0.0015081523","0.00028825126","0.0019035364","-0.0019369373","-0.0018442923","0.0","0.0","0.0","0.0","0.0","0.0","0.0","0.0","0.0","0.0","0.0","0.0","-0.0046900064","0.0","0.0","0.0","0.0","0.0","0.0","0.0","0.0","0.0","0.0","0.0","0.0","0.0","0.0","0.0","0.0","0.0","0.0","0.0","0.0","0.0","0.0","0.0"
"cystic fibrosis","-0.15311743","-0.006689525","-0.027291033","0.0012765183","-0.02442467","-0.0064697242","-0.01316582","-0.0007020722","-0.005387479","-7.5545504e-05","1.3969154e-05","-0.008930601","-0.0058702943","0.0009144299","-0.002191905","0.00068072375","0.004769958","-0.0026594377","0.0012356257","-0.0005457685","-0.0064956485","-0.06711237","-0.00035602483","0.0015081523","0.00028825126","0.0019035364","-0.0019369373","-0.0018442923","0.0","0.0","0.0","0.0","0.0","0.0","0.0","0.0","0.0","0.0","0.0","0.0","-0.0046900064","0.0","0.0","0.0","0.0","0.0","0.0","0.0","0.0","0.0","0.0","0.0","0.0","0.0","0.0","0.0","0.0","0.0","0.0","0.0","0.0","0.0","0.0","0.0"
"depression","-0.15311743","-0.006689525","-0.027291033","0.0012765183","-0.02442467","-0.0064697242","-0.01316582","-0.0007020722","-0.005387479","-7.5545504e-05","1.3969154e-05","-0.008930601","-0.0058702943","0.0009144299","-0.002191905","0.00068072375","0.004769958","-0.0026594377","0.0012356257","-0.0005457685","-0.0064956485","-0.06711237","-0.00035602483","0.0015081523","0.00028825126","0.0019035364","-0.0019369373","-0.0018442923","0.0","0.0","0.0","0.0","0.0","0.0","0.0","0.0","0.0","0.0","0.0","0.0","-0.0046900064","0.0","0.0","0.0","0.0","0.0","0.0","0.0","0.0","0.0","0.0","0.0","0.0","0.0","0.0","0.0","0.0","0.0","0.0","0.0","0.0","0.0","0.0","0.0"
"dextran sulphate sodium-induced colitis","-0.15311743","-0.006689525","-0.027291033","0.0012765183","-0.02442467","-0.0064697242","-0.01316582","-0.0007020722","-0.005387479","-7.5545504e-05","1.3969154e-05","-0.008930601","-0.0058702943","0.0009144299","-0.002191905","0.00068072375","0.004769958","-0.0026594377","0.0012356257","-0.0005457685","-0.0064956485","-0.06711237","-0.00035602483","0.0015081523","0.00028825126","0.0019035364","-0.0019369373","-0.0018442923","0.0","0.0","0.0","0.0","0.0","0.0","0.0","0.0","0.0","0.0","0.0","0.0","-0.0046900064","0.0","0.0","0.0","0.0","0.0","0.0","0.0","0.0","0.0","0.0","0.0","0.0","0.0","0.0","0.0","0.0","0.0","0.0","0.0","0.0","0.0","0.0","0.0"
"diabetes","-0.15311743","-0.006689525","-0.027291033","0.0012765183","-0.02442467","-0.0064697242","-0.01316582","-0.0007020722","-0.005387479","-7.5545504e-05","1.3969154e-05","-0.008930601","-0.0058702943","0.0009144299","-0.002191905","0.00068072375","0.004769958","-0.0026594377","0.0012356257","-0.0005457685","-0.0064956485","-0.06711237","-0.00035602483","0.0015081523","0.00028825126","0.0019035364","-0.0019369373","-0.0018442923","0.0","0.0","0.0","0.0","0.0","0.0","0.0","0.0","0.0","0.0","0.0","0.0","-0.0046900064","0.0","0.0","0.0","0.0","0.0","0.0","0.0","0.0","0.0","0.0","0.0","0.0","0.0","0.0","0.0","0.0","0.0","0.0","0.0","0.0","0.0","0.0","0.0"
"diabetes mellitus","-0.15311743","-0.006689525","-0.027291033","0.0012765183","-0.02442467","-0.0064697242","-0.01316582","-0.0007020722","-0.005387479","-7.5545504e-05","1.3969154e-05","-0.008930601","-0.0058702943","0.0009144299","-0.002191905","0.00068072375","0.004769958","-0.0026594377","0.0012356257","-0.0005457685","-0.0064956485","-0.06711237","-0.00035602483","0.0015081523","0.00028825126","0.0019035364","-0.0019369373","-0.0018442923","0.0","0.0","0.0","0.0","0.0","0.0","0.0","0.0","0.0","0.0","0.0","0.0","-0.0046900064","0.0","0.0","0.0","0.0","0.0","0.0","0.0","0.0","0.0","0.0","0.0","0.0","0.0","0.0","0.0","0.0","0.0","0.0","0.0","0.0","0.0","0.0","0.0"
"diarrhea","-0.15311743","-0.006689525","-0.027291033","0.0012765183","-0.02442467","-0.0064697242","-0.01316582","-0.0007020722","-0.005387479","-7.5545504e-05","1.3969154e-05","-0.008930601","-0.0058702943","0.0009144299","-0.002191905","0.00068072375","0.004769958","-0.0026594377","0.0012356257","-0.0005457685","-0.0064956485","-0.06711237","-0.00035602483","0.0015081523","0.00028825126","0.0019035364","-0.0019369373","-0.0018442923","0.0","0.0","0.0","0.0","0.0","0.0","0.0","0.0","0.0","0.0","0.0","0.0","-0.0046900064","0.0","0.0","0.0","0.0","0.0","0.0","0.0","0.0","0.0","0.0","0.0","0.0","0.0","0.0","0.0","0.0","0.0","0.0","0.0","0.0","0.0","0.0","0.0"
"diarrhea-predominant irritable bowel syndrome","-0.15311743","-0.006689525","-0.027291033","0.0012765183","-0.02442467","-0.0064697242","-0.01316582","-0.0007020722","-0.005387479","-7.5545504e-05","1.3969154e-05","-0.008930601","-0.0058702943","0.0009144299","-0.002191905","0.00068072375","0.004769958","-0.0026594377","0.0012356257","-0.0005457685","-0.0064956485","-0.06711237","-0.00035602483","0.0015081523","0.00028825126","0.0019035364","-0.0019369373","-0.0018442923","0.0","0.0","0.0","0.0","0.0","0.0","0.0","0.0","0.0","0.0","0.0","0.0","-0.0046900064","0.0","0.0","0.0","0.0","0.0","0.0","0.0","0.0","0.0","0.0","0.0","0.0","0.0","0.0","0.0","0.0","0.0","0.0","0.0","0.0","0.0","0.0","0.0"
"diarrheal diseases","-0.15311743","-0.006689525","-0.027291033","0.0012765183","-0.02442467","-0.0064697242","-0.01316582","-0.0007020722","-0.005387479","-7.5545504e-05","1.3969154e-05","-0.008930601","-0.0058702943","0.0009144299","-0.002191905","0.00068072375","0.004769958","-0.0026594377","0.0012356257","-0.0005457685","-0.0064956485","-0.06711237","-0.00035602483","0.0015081523","0.00028825126","0.0019035364","-0.0019369373","-0.0018442923","0.0","0.0","0.0","0.0","0.0","0.0","0.0","0.0","0.0","0.0","0.0","0.0","-0.0046900064","0.0","0.0","0.0","0.0","0.0","0.0","0.0","0.0","0.0","0.0","0.0","0.0","0.0","0.0","0.0","0.0","0.0","0.0","0.0","0.0","0.0","0.0","0.0"
"diet-induced obesity","-0.15311743","-0.006689525","-0.027291033","0.0012765183","-0.02442467","-0.0064697242","-0.01316582","-0.0007020722","-0.005387479","-7.5545504e-05","1.3969154e-05","-0.008930601","-0.0058702943","0.0009144299","-0.002191905","0.00068072375","0.004769958","-0.0026594377","0.0012356257","-0.0005457685","-0.0064956485","-0.06711237","-0.00035602483","0.0015081523","0.00028825126","0.0019035364","-0.0019369373","-0.0018442923","0.0","0.0","0.0","0.0","0.0","0.0","0.0","0.0","0.0","0.0","0.0","0.0","-0.0046900064","0.0","0.0","0.0","0.0","0.0","0.0","0.0","0.0","0.0","0.0","0.0","0.0","0.0","0.0","0.0","0.0","0.0","0.0","0.0","0.0","0.0","0.0","0.0"
"diverticular disease","-0.15311743","-0.006689525","-0.027291033","0.0012765183","-0.02442467","-0.0064697242","-0.01316582","-0.0007020722","-0.005387479","-7.5545504e-05","1.3969154e-05","-0.008930601","-0.0058702943","0.0009144299","-0.002191905","0.00068072375","0.004769958","-0.0026594377","0.0012356257","-0.0005457685","-0.0064956485","-0.06711237","-0.00035602483","0.0015081523","0.00028825126","0.0019035364","-0.0019369373","-0.0018442923","0.0","0.0","0.0","0.0","0.0","0.0","0.0","0.0","0.0","0.0","0.0","0.0","-0.0046900064","0.0","0.0","0.0","0.0","0.0","0.0","0.0","0.0","0.0","0.0","0.0","0.0","0.0","0.0","0.0","0.0","0.0","0.0","0.0","0.0","0.0","0.0","0.0"
"dry skin","-0.15311743","-0.006689525","-0.027291033","0.0012765183","-0.02442467","-0.0064697242","-0.01316582","-0.0007020722","-0.005387479","-7.5545504e-05","1.3969154e-05","-0.008930601","-0.0058702943","0.0009144299","-0.002191905","0.00068072375","0.004769958","-0.0026594377","0.0012356257","-0.0005457685","-0.0064956485","-0.06711237","-0.00035602483","0.0015081523","0.00028825126","0.0019035364","-0.0019369373","-0.0018442923","0.0","0.0","0.0","0.0","0.0","0.0","0.0","0.0","0.0","0.0","0.0","0.0","-0.0046900064","0.0","0.0","0.0","0.0","0.0","0.0","0.0","0.0","0.0","0.0","0.0","0.0","0.0","0.0","0.0","0.0","0.0","0.0","0.0","0.0","0.0","0.0","0.0"
"duodenal ulcer","-0.15311743","-0.006689525","-0.027291033","0.0012765183","-0.02442467","-0.0064697242","-0.01316582","-0.0007020722","-0.005387479","-7.5545504e-05","1.3969154e-05","-0.008930601","-0.0058702943","0.0009144299","-0.002191905","0.00068072375","0.004769958","-0.0026594377","0.0012356257","-0.0005457685","-0.0064956485","-0.06711237","-0.00035602483","0.0015081523","0.00028825126","0.0019035364","-0.0019369373","-0.0018442923","0.0","0.0","0.0","0.0","0.0","0.0","0.0","0.0","0.0","0.0","0.0","0.0","-0.0046900064","0.0","0.0","0.0","0.0","0.0","0.0","0.0","0.0","0.0","0.0","0.0","0.0","0.0","0.0","0.0","0.0","0.0","0.0","0.0","0.0","0.0","0.0","0.0"
"dysbiosis","-0.15311743","-0.006689525","-0.027291033","0.0012765183","-0.02442467","-0.0064697242","-0.01316582","-0.0007020722","-0.005387479","-7.5545504e-05","1.3969154e-05","-0.008930601","-0.0058702943","0.0009144299","-0.002191905","0.00068072375","0.004769958","-0.0026594377","0.0012356257","-0.0005457685","-0.0064956485","-0.06711237","-0.00035602483","0.0015081523","0.00028825126","0.0019035364","-0.0019369373","-0.0018442923","0.0","0.0","0.0","0.0","0.0","0.0","0.0","0.0","0.0","0.0","0.0","0.0","-0.0046900064","0.0","0.0","0.0","0.0","0.0","0.0","0.0","0.0","0.0","0.0","0.0","0.0","0.0","0.0","0.0","0.0","0.0","0.0","0.0","0.0","0.0","0.0","0.0"
"dysenteric diarrhea","-0.15311743","-0.006689525","-0.027291033","0.0012765183","-0.02442467","-0.0064697242","-0.01316582","-0.0007020722","-0.005387479","-7.5545504e-05","1.3969154e-05","-0.008930601","-0.0058702943","0.0009144299","-0.002191905","0.00068072375","0.004769958","-0.0026594377","0.0012356257","-0.0005457685","-0.0064956485","-0.06711237","-0.00035602483","0.0015081523","0.00028825126","0.0019035364","-0.0019369373","-0.0018442923","0.0","0.0","0.0","0.0","0.0","0.0","0.0","0.0","0.0","0.0","0.0","0.0","-0.0046900064","0.0","0.0","0.0","0.0","0.0","0.0","0.0","0.0","0.0","0.0","0.0","0.0","0.0","0.0","0.0","0.0","0.0","0.0","0.0","0.0","0.0","0.0","0.0"
"dyslipidemia","-0.15311743","-0.006689525","-0.027291033","0.0012765183","-0.02442467","-0.0064697242","-0.01316582","-0.0007020722","-0.005387479","-7.5545504e-05","1.3969154e-05","-0.008930601","-0.0058702943","0.0009144299","-0.002191905","0.00068072375","0.004769958","-0.0026594377","0.0012356257","-0.0005457685","-0.0064956485","-0.06711237","-0.00035602483","0.0015081523","0.00028825126","0.0019035364","-0.0019369373","-0.0018442923","0.0","0.0","0.0","0.0","0.0","0.0","0.0","0.0","0.0","0.0","0.0","0.0","-0.0046900064","0.0","0.0","0.0","0.0","0.0","0.0","0.0","0.0","0.0","0.0","0.0","0.0","0.0","0.0","0.0","0.0","0.0","0.0","0.0","0.0","0.0","0.0","0.0"
"early-stage lung cancer","-0.15311743","-0.006689525","-0.027291033","0.0012765183","-0.02442467","-0.0064697242","-0.01316582","-0.0007020722","-0.005387479","-7.5545504e-05","1.3969154e-05","-0.008930601","-0.0058702943","0.0009144299","-0.002191905","0.00068072375","0.004769958","-0.0026594377","0.0012356257","-0.0005457685","-0.0064956485","-0.06711237","-0.00035602483","0.0015081523","0.00028825126","0.0019035364","-0.0019369373","-0.0018442923","0.0","0.0","0.0","0.0","0.0","0.0","0.0","0.0","0.0","0.0","0.0","0.0","-0.0046900064","0.0","0.0","0.0","0.0","0.0","0.0","0.0","0.0","0.0","0.0","0.0","0.0","0.0","0.0","0.0","0.0","0.0","0.0","0.0","0.0","0.0","0.0","0.0"
"eczema","-0.15311743","-0.006689525","-0.027291033","0.0012765183","-0.02442467","-0.0064697242","-0.01316582","-0.0007020722","-0.005387479","-7.5545504e-05","1.3969154e-05","-0.008930601","-0.0058702943","0.0009144299","-0.002191905","0.00068072375","0.004769958","-0.0026594377","0.0012356257","-0.0005457685","-0.0064956485","-0.06711237","-0.00035602483","0.0015081523","0.00028825126","0.0019035364","-0.0019369373","-0.0018442923","0.0","0.0","0.0","0.0","0.0","0.0","0.0","0.0","0.0","0.0","0.0","0.0","-0.0046900064","0.0","0.0","0.0","0.0","0.0","0.0","0.0","0.0","0.0","0.0","0.0","0.0","0.0","0.0","0.0","0.0","0.0","0.0","0.0","0.0","0.0","0.0","0.0"
"end stage renal disease","-0.15311743","-0.006689525","-0.027291033","0.0012765183","-0.02442467","-0.0064697242","-0.01316582","-0.0007020722","-0.005387479","-7.5545504e-05","1.3969154e-05","-0.008930601","-0.0058702943","0.0009144299","-0.002191905","0.00068072375","0.004769958","-0.0026594377","0.0012356257","-0.0005457685","-0.0064956485","-0.06711237","-0.00035602483","0.0015081523","0.00028825126","0.0019035364","-0.0019369373","-0.0018442923","0.0","0.0","0.0","0.0","0.0","0.0","0.0","0.0","0.0","0.0","0.0","0.0","-0.0046900064","0.0","0.0","0.0","0.0","0.0","0.0","0.0","0.0","0.0","0.0","0.0","0.0","0.0","0.0","0.0","0.0","0.0","0.0","0.0","0.0","0.0","0.0","0.0"
"endocarditis","-0.15311743","-0.006689525","-0.027291033","0.0012765183","-0.02442467","-0.0064697242","-0.01316582","-0.0007020722","-0.005387479","-7.5545504e-05","1.3969154e-05","-0.008930601","-0.0058702943","0.0009144299","-0.002191905","0.00068072375","0.004769958","-0.0026594377","0.0012356257","-0.0005457685","-0.0064956485","-0.06711237","-0.00035602483","0.0015081523","0.00028825126","0.0019035364","-0.0019369373","-0.0018442923","0.0","0.0","0.0","0.0","0.0","0.0","0.0","0.0","0.0","0.0","0.0","0.0","-0.0046900064","0.0","0.0","0.0","0.0","0.0","0.0","0.0","0.0","0.0","0.0","0.0","0.0","0.0","0.0","0.0","0.0","0.0","0.0","0.0","0.0","0.0","0.0","0.0"
"endometrial cancer","-0.15311743","-0.006689525","-0.027291033","0.0012765183","-0.02442467","-0.0064697242","-0.01316582","-0.0007020722","-0.005387479","-7.5545504e-05","1.3969154e-05","-0.008930601","-0.0058702943","0.0009144299","-0.002191905","0.00068072375","0.004769958","-0.0026594377","0.0012356257","-0.0005457685","-0.0064956485","-0.06711237","-0.00035602483","0.0015081523","0.00028825126","0.0019035364","-0.0019369373","-0.0018442923","0.0","0.0","0.0","0.0","0.0","0.0","0.0","0.0","0.0","0.0","0.0","0.0","-0.0046900064","0.0","0.0","0.0","0.0","0.0","0.0","0.0","0.0","0.0","0.0","0.0","0.0","0.0","0.0","0.0","0.0","0.0","0.0","0.0","0.0","0.0","0.0","0.0"
"endotoxemia","-0.15311743","-0.006689525","-0.027291033","0.0012765183","-0.02442467","-0.0064697242","-0.01316582","-0.0007020722","-0.005387479","-7.5545504e-05","1.3969154e-05","-0.008930601","-0.0058702943","0.0009144299","-0.002191905","0.00068072375","0.004769958","-0.0026594377","0.0012356257","-0.0005457685","-0.0064956485","-0.06711237","-0.00035602483","0.0015081523","0.00028825126","0.0019035364","-0.0019369373","-0.0018442923","0.0","0.0","0.0","0.0","0.0","0.0","0.0","0.0","0.0","0.0","0.0","0.0","-0.0046900064","0.0","0.0","0.0","0.0","0.0","0.0","0.0","0.0","0.0","0.0","0.0","0.0","0.0","0.0","0.0","0.0","0.0","0.0","0.0","0.0","0.0","0.0","0.0"
"enteritis","-0.15311743","-0.006689525","-0.027291033","0.0012765183","-0.02442467","-0.0064697242","-0.01316582","-0.0007020722","-0.005387479","-7.5545504e-05","1.3969154e-05","-0.008930601","-0.0058702943","0.0009144299","-0.002191905","0.00068072375","0.004769958","-0.0026594377","0.0012356257","-0.0005457685","-0.0064956485","-0.06711237","-0.00035602483","0.0015081523","0.00028825126","0.0019035364","-0.0019369373","-0.0018442923","0.0","0.0","0.0","0.0","0.0","0.0","0.0","0.0","0.0","0.0","0.0","0.0","-0.0046900064","0.0","0.0","0.0","0.0","0.0","0.0","0.0","0.0","0.0","0.0","0.0","0.0","0.0","0.0","0.0","0.0","0.0","0.0","0.0","0.0","0.0","0.0","0.0"
"esophageal squamous cell carcinoma","-0.15311743","-0.006689525","-0.027291033","0.0012765183","-0.02442467","-0.0064697242","-0.01316582","-0.0007020722","-0.005387479","-7.5545504e-05","1.3969154e-05","-0.008930601","-0.0058702943","0.0009144299","-0.002191905","0.00068072375","0.004769958","-0.0026594377","0.0012356257","-0.0005457685","-0.0064956485","-0.06711237","-0.00035602483","0.0015081523","0.00028825126","0.0019035364","-0.0019369373","-0.0018442923","0.0","0.0","0.0","0.0","0.0","0.0","0.0","0.0","0.0","0.0","0.0","0.0","-0.0046900064","0.0","0.0","0.0","0.0","0.0","0.0","0.0","0.0","0.0","0.0","0.0","0.0","0.0","0.0","0.0","0.0","0.0","0.0","0.0","0.0","0.0","0.0","0.0"
"exercise economy impairment","-0.15311743","-0.006689525","-0.027291033","0.0012765183","-0.02442467","-0.0064697242","-0.01316582","-0.0007020722","-0.005387479","-7.5545504e-05","1.3969154e-05","-0.008930601","-0.0058702943","0.0009144299","-0.002191905","0.00068072375","0.004769958","-0.0026594377","0.0012356257","-0.0005457685","-0.0064956485","-0.06711237","-0.00035602483","0.0015081523","0.00028825126","0.0019035364","-0.0019369373","-0.0018442923","0.0","0.0","0.0","0.0","0.0","0.0","0.0","0.0","0.0","0.0","0.0","0.0","-0.0046900064","0.0","0.0","0.0","0.0","0.0","0.0","0.0","0.0","0.0","0.0","0.0","0.0","0.0","0.0","0.0","0.0","0.0","0.0","0.0","0.0","0.0","0.0","0.0"
"exercise-induced fatigue","-0.15311743","-0.006689525","-0.027291033","0.0012765183","-0.02442467","-0.0064697242","-0.01316582","-0.0007020722","-0.005387479","-7.5545504e-05","1.3969154e-05","-0.008930601","-0.0058702943","0.0009144299","-0.002191905","0.00068072375","0.004769958","-0.0026594377","0.0012356257","-0.0005457685","-0.0064956485","-0.06711237","-0.00035602483","0.0015081523","0.00028825126","0.0019035364","-0.0019369373","-0.0018442923","0.0","0.0","0.0","0.0","0.0","0.0","0.0","0.0","0.0","0.0","0.0","0.0","-0.0046900064","0.0","0.0","0.0","0.0","0.0","0.0","0.0","0.0","0.0","0.0","0.0","0.0","0.0","0.0","0.0","0.0","0.0","0.0","0.0","0.0","0.0","0.0","0.0"
"experimental autoimmune encephalomyelitis","-0.15311743","-0.006689525","-0.027291033","0.0012765183","-0.02442467","-0.0064697242","-0.01316582","-0.0007020722","-0.005387479","-7.5545504e-05","1.3969154e-05","-0.008930601","-0.0058702943","0.0009144299","-0.002191905","0.00068072375","0.004769958","-0.0026594377","0.0012356257","-0.0005457685","-0.0064956485","-0.06711237","-0.00035602483","0.0015081523","0.00028825126","0.0019035364","-0.0019369373","-0.0018442923","0.0","0.0","0.0","0.0","0.0","0.0","0.0","0.0","0.0","0.0","0.0","0.0","-0.0046900064","0.0","0.0","0.0","0.0","0.0","0.0","0.0","0.0","0.0","0.0","0.0","0.0","0.0","0.0","0.0","0.0","0.0","0.0","0.0","0.0","0.0","0.0","0.0"
"familial Mediterranean fever","-0.15311743","-0.006689525","-0.027291033","0.0012765183","-0.02442467","-0.0064697242","-0.01316582","-0.0007020722","-0.005387479","-7.5545504e-05","1.3969154e-05","-0.008930601","-0.0058702943","0.0009144299","-0.002191905","0.00068072375","0.004769958","-0.0026594377","0.0012356257","-0.0005457685","-0.0064956485","-0.06711237","-0.00035602483","0.0015081523","0.00028825126","0.0019035364","-0.0019369373","-0.0018442923","0.0","0.0","0.0","0.0","0.0","0.0","0.0","0.0","0.0","0.0","0.0","0.0","-0.0046900064","0.0","0.0","0.0","0.0","0.0","0.0","0.0","0.0","0.0","0.0","0.0","0.0","0.0","0.0","0.0","0.0","0.0","0.0","0.0","0.0","0.0","0.0","0.0"
"febrile episodes","-0.15311743","-0.006689525","-0.027291033","0.0012765183","-0.02442467","-0.0064697242","-0.01316582","-0.0007020722","-0.005387479","-7.5545504e-05","1.3969154e-05","-0.008930601","-0.0058702943","0.0009144299","-0.002191905","0.00068072375","0.004769958","-0.0026594377","0.0012356257","-0.0005457685","-0.0064956485","-0.06711237","-0.00035602483","0.0015081523","0.00028825126","0.0019035364","-0.0019369373","-0.0018442923","0.0","0.0","0.0","0.0","0.0","0.0","0.0","0.0","0.0","0.0","0.0","0.0","-0.0046900064","0.0","0.0","0.0","0.0","0.0","0.0","0.0","0.0","0.0","0.0","0.0","0.0","0.0","0.0","0.0","0.0","0.0","0.0","0.0","0.0","0.0","0.0","0.0"
"fibrosis","-0.15311743","-0.006689525","-0.027291033","0.0012765183","-0.02442467","-0.0064697242","-0.01316582","-0.0007020722","-0.005387479","-7.5545504e-05","1.3969154e-05","-0.008930601","-0.0058702943","0.0009144299","-0.002191905","0.00068072375","0.004769958","-0.0026594377","0.0012356257","-0.0005457685","-0.0064956485","-0.06711237","-0.00035602483","0.0015081523","0.00028825126","0.0019035364","-0.0019369373","-0.0018442923","0.0","0.0","0.0","0.0","0.0","0.0","0.0","0.0","0.0","0.0","0.0","0.0","-0.0046900064","0.0","0.0","0.0","0.0","0.0","0.0","0.0","0.0","0.0","0.0","0.0","0.0","0.0","0.0","0.0","0.0","0.0","0.0","0.0","0.0","0.0","0.0","0.0"
"food allergy","-0.15311743","-0.006689525","-0.027291033","0.0012765183","-0.02442467","-0.0064697242","-0.01316582","-0.0007020722","-0.005387479","-7.5545504e-05","1.3969154e-05","-0.008930601","-0.0058702943","0.0009144299","-0.002191905","0.00068072375","0.004769958","-0.0026594377","0.0012356257","-0.0005457685","-0.0064956485","-0.06711237","-0.00035602483","0.0015081523","0.00028825126","0.0019035364","-0.0019369373","-0.0018442923","0.0","0.0","0.0","0.0","0.0","0.0","0.0","0.0","0.0","0.0","0.0","0.0","-0.0046900064","0.0","0.0","0.0","0.0","0.0","0.0","0.0","0.0","0.0","0.0","0.0","0.0","0.0","0.0","0.0","0.0","0.0","0.0","0.0","0.0","0.0","0.0","0.0"
"functional constipation","-0.15311743","-0.006689525","-0.027291033","0.0012765183","-0.02442467","-0.0064697242","-0.01316582","-0.0007020722","-0.005387479","-7.5545504e-05","1.3969154e-05","-0.008930601","-0.0058702943","0.0009144299","-0.002191905","0.00068072375","0.004769958","-0.0026594377","0.0012356257","-0.0005457685","-0.0064956485","-0.06711237","-0.00035602483","0.0015081523","0.00028825126","0.0019035364","-0.0019369373","-0.0018442923","0.0","0.0","0.0","0.0","0.0","0.0","0.0","0.0","0.0","0.0","0.0","0.0","-0.0046900064","0.0","0.0","0.0","0.0","0.0","0.0","0.0","0.0","0.0","0.0","0.0","0.0","0.0","0.0","0.0","0.0","0.0","0.0","0.0","0.0","0.0","0.0","0.0"
"fungal Keratitis","-0.15311743","-0.006689525","-0.027291033","0.0012765183","-0.02442467","-0.0064697242","-0.01316582","-0.0007020722","-0.005387479","-7.5545504e-05","1.3969154e-05","-0.008930601","-0.0058702943","0.0009144299","-0.002191905","0.00068072375","0.004769958","-0.0026594377","0.0012356257","-0.0005457685","-0.0064956485","-0.06711237","-0.00035602483","0.0015081523","0.00028825126","0.0019035364","-0.0019369373","-0.0018442923","0.0","0.0","0.0","0.0","0.0","0.0","0.0","0.0","0.0","0.0","0.0","0.0","-0.0046900064","0.0","0.0","0.0","0.0","0.0","0.0","0.0","0.0","0.0","0.0","0.0","0.0","0.0","0.0","0.0","0.0","0.0","0.0","0.0","0.0","0.0","0.0","0.0"
"gallbladder cancer","-0.15311743","-0.006689525","-0.027291033","0.0012765183","-0.02442467","-0.0064697242","-0.01316582","-0.0007020722","-0.005387479","-7.5545504e-05","1.3969154e-05","-0.008930601","-0.0058702943","0.0009144299","-0.002191905","0.00068072375","0.004769958","-0.0026594377","0.0012356257","-0.0005457685","-0.0064956485","-0.06711237","-0.00035602483","0.0015081523","0.00028825126","0.0019035364","-0.0019369373","-0.0018442923","0.0","0.0","0.0","0.0","0.0","0.0","0.0","0.0","0.0","0.0","0.0","0.0","-0.0046900064","0.0","0.0","0.0","0.0","0.0","0.0","0.0","0.0","0.0","0.0","0.0","0.0","0.0","0.0","0.0","0.0","0.0","0.0","0.0","0.0","0.0","0.0","0.0"
"gastric adenocarcinoma","-0.15311743","-0.006689525","-0.027291033","0.0012765183","-0.02442467","-0.0064697242","-0.01316582","-0.0007020722","-0.005387479","-7.5545504e-05","1.3969154e-05","-0.008930601","-0.0058702943","0.0009144299","-0.002191905","0.00068072375","0.004769958","-0.0026594377","0.0012356257","-0.0005457685","-0.0064956485","-0.06711237","-0.00035602483","0.0015081523","0.00028825126","0.0019035364","-0.0019369373","-0.0018442923","0.0","0.0","0.0","0.0","0.0","0.0","0.0","0.0","0.0","0.0","0.0","0.0","-0.0046900064","0.0","0.0","0.0","0.0","0.0","0.0","0.0","0.0","0.0","0.0","0.0","0.0","0.0","0.0","0.0","0.0","0.0","0.0","0.0","0.0","0.0","0.0","0.0"
"gastric cancer","-0.15311743","-0.006689525","-0.027291033","0.0012765183","-0.02442467","-0.0064697242","-0.01316582","-0.0007020722","-0.005387479","-7.5545504e-05","1.3969154e-05","-0.008930601","-0.0058702943","0.0009144299","-0.002191905","0.00068072375","0.004769958","-0.0026594377","0.0012356257","-0.0005457685","-0.0064956485","-0.06711237","-0.00035602483","0.0015081523","0.00028825126","0.0019035364","-0.0019369373","-0.0018442923","0.0","0.0","0.0","0.0","0.0","0.0","0.0","0.0","0.0","0.0","0.0","0.0","-0.0046900064","0.0","0.0","0.0","0.0","0.0","0.0","0.0","0.0","0.0","0.0","0.0","0.0","0.0","0.0","0.0","0.0","0.0","0.0","0.0","0.0","0.0","0.0","0.0"
"gastric carcinoma","-0.15311743","-0.006689525","-0.027291033","0.0012765183","-0.02442467","-0.0064697242","-0.01316582","-0.0007020722","-0.005387479","-7.5545504e-05","1.3969154e-05","-0.008930601","-0.0058702943","0.0009144299","-0.002191905","0.00068072375","0.004769958","-0.0026594377","0.0012356257","-0.0005457685","-0.0064956485","-0.06711237","-0.00035602483","0.0015081523","0.00028825126","0.0019035364","-0.0019369373","-0.0018442923","0.0","0.0","0.0","0.0","0.0","0.0","0.0","0.0","0.0","0.0","0.0","0.0","-0.0046900064","0.0","0.0","0.0","0.0","0.0","0.0","0.0","0.0","0.0","0.0","0.0","0.0","0.0","0.0","0.0","0.0","0.0","0.0","0.0","0.0","0.0","0.0","0.0"
"gastric mucosa-associated lymphoid tissue lymphoma","-0.15311743","-0.006689525","-0.027291033","0.0012765183","-0.02442467","-0.0064697242","-0.01316582","-0.0007020722","-0.005387479","-7.5545504e-05","1.3969154e-05","-0.008930601","-0.0058702943","0.0009144299","-0.002191905","0.00068072375","0.004769958","-0.0026594377","0.0012356257","-0.0005457685","-0.0064956485","-0.06711237","-0.00035602483","0.0015081523","0.00028825126","0.0019035364","-0.0019369373","-0.0018442923","0.0","0.0","0.0","0.0","0.0","0.0","0.0","0.0","0.0","0.0","0.0","0.0","-0.0046900064","0.0","0.0","0.0","0.0","0.0","0.0","0.0","0.0","0.0","0.0","0.0","0.0","0.0","0.0","0.0","0.0","0.0","0.0","0.0","0.0","0.0","0.0","0.0"
"gastric ulcer","-0.15311743","-0.006689525","-0.027291033","0.0012765183","-0.02442467","-0.0064697242","-0.01316582","-0.0007020722","-0.005387479","-7.5545504e-05","1.3969154e-05","-0.008930601","-0.0058702943","0.0009144299","-0.002191905","0.00068072375","0.004769958","-0.0026594377","0.0012356257","-0.0005457685","-0.0064956485","-0.06711237","-0.00035602483","0.0015081523","0.00028825126","0.0019035364","-0.0019369373","-0.0018442923","0.0","0.0","0.0","0.0","0.0","0.0","0.0","0.0","0.0","0.0","0.0","0.0","-0.0046900064","0.0","0.0","0.0","0.0","0.0","0.0","0.0","0.0","0.0","0.0","0.0","0.0","0.0","0.0","0.0","0.0","0.0","0.0","0.0","0.0","0.0","0.0","0.0"
"gastro-oesophageal reflux disease","-0.15311743","-0.006689525","-0.027291033","0.0012765183","-0.02442467","-0.0064697242","-0.01316582","-0.0007020722","-0.005387479","-7.5545504e-05","1.3969154e-05","-0.008930601","-0.0058702943","0.0009144299","-0.002191905","0.00068072375","0.004769958","-0.0026594377","0.0012356257","-0.0005457685","-0.0064956485","-0.06711237","-0.00035602483","0.0015081523","0.00028825126","0.0019035364","-0.0019369373","-0.0018442923","0.0","0.0","0.0","0.0","0.0","0.0","0.0","0.0","0.0","0.0","0.0","0.0","-0.0046900064","0.0","0.0","0.0","0.0","0.0","0.0","0.0","0.0","0.0","0.0","0.0","0.0","0.0","0.0","0.0","0.0","0.0","0.0","0.0","0.0","0.0","0.0","0.0"
"gastroduodenal ulcers","-0.15311743","-0.006689525","-0.027291033","0.0012765183","-0.02442467","-0.0064697242","-0.01316582","-0.0007020722","-0.005387479","-7.5545504e-05","1.3969154e-05","-0.008930601","-0.0058702943","0.0009144299","-0.002191905","0.00068072375","0.004769958","-0.0026594377","0.0012356257","-0.0005457685","-0.0064956485","-0.06711237","-0.00035602483","0.0015081523","0.00028825126","0.0019035364","-0.0019369373","-0.0018442923","0.0","0.0","0.0","0.0","0.0","0.0","0.0","0.0","0.0","0.0","0.0","0.0","-0.0046900064","0.0","0.0","0.0","0.0","0.0","0.0","0.0","0.0","0.0","0.0","0.0","0.0","0.0","0.0","0.0","0.0","0.0","0.0","0.0","0.0","0.0","0.0","0.0"
"gastrointestinal discomfort","-0.15311743","-0.006689525","-0.027291033","0.0012765183","-0.02442467","-0.0064697242","-0.01316582","-0.0007020722","-0.005387479","-7.5545504e-05","1.3969154e-05","-0.008930601","-0.0058702943","0.0009144299","-0.002191905","0.00068072375","0.004769958","-0.0026594377","0.0012356257","-0.0005457685","-0.0064956485","-0.06711237","-0.00035602483","0.0015081523","0.00028825126","0.0019035364","-0.0019369373","-0.0018442923","0.0","0.0","0.0","0.0","0.0","0.0","0.0","0.0","0.0","0.0","0.0","0.0","-0.0046900064","0.0","0.0","0.0","0.0","0.0","0.0","0.0","0.0","0.0","0.0","0.0","0.0","0.0","0.0","0.0","0.0","0.0","0.0","0.0","0.0","0.0","0.0","0.0"
"gastrointestinal diseases","-0.15311743","-0.006689525","-0.027291033","0.0012765183","-0.02442467","-0.0064697242","-0.01316582","-0.0007020722","-0.005387479","-7.5545504e-05","1.3969154e-05","-0.008930601","-0.0058702943","0.0009144299","-0.002191905","0.00068072375","0.004769958","-0.0026594377","0.0012356257","-0.0005457685","-0.0064956485","-0.06711237","-0.00035602483","0.0015081523","0.00028825126","0.0019035364","-0.0019369373","-0.0018442923","0.0","0.0","0.0","0.0","0.0","0.0","0.0","0.0","0.0","0.0","0.0","0.0","-0.0046900064","0.0","0.0","0.0","0.0","0.0","0.0","0.0","0.0","0.0","0.0","0.0","0.0","0.0","0.0","0.0","0.0","0.0","0.0","0.0","0.0","0.0","0.0","0.0"
"gastrointestinal disorders","-0.15311743","-0.006689525","-0.027291033","0.0012765183","-0.02442467","-0.0064697242","-0.01316582","-0.0007020722","-0.005387479","-7.5545504e-05","1.3969154e-05","-0.008930601","-0.0058702943","0.0009144299","-0.002191905","0.00068072375","0.004769958","-0.0026594377","0.0012356257","-0.0005457685","-0.0064956485","-0.06711237","-0.00035602483","0.0015081523","0.00028825126","0.0019035364","-0.0019369373","-0.0018442923","0.0","0.0","0.0","0.0","0.0","0.0","0.0","0.0","0.0","0.0","0.0","0.0","-0.0046900064","0.0","0.0","0.0","0.0","0.0","0.0","0.0","0.0","0.0","0.0","0.0","0.0","0.0","0.0","0.0","0.0","0.0","0.0","0.0","0.0","0.0","0.0","0.0"
"gastrointestinal distress","-0.15311743","-0.006689525","-0.027291033","0.0012765183","-0.02442467","-0.0064697242","-0.01316582","-0.0007020722","-0.005387479","-7.5545504e-05","1.3969154e-05","-0.008930601","-0.0058702943","0.0009144299","-0.002191905","0.00068072375","0.004769958","-0.0026594377","0.0012356257","-0.0005457685","-0.0064956485","-0.06711237","-0.00035602483","0.0015081523","0.00028825126","0.0019035364","-0.0019369373","-0.0018442923","0.0","0.0","0.0","0.0","0.0","0.0","0.0","0.0","0.0","0.0","0.0","0.0","-0.0046900064","0.0","0.0","0.0","0.0","0.0","0.0","0.0","0.0","0.0","0.0","0.0","0.0","0.0","0.0","0.0","0.0","0.0","0.0","0.0","0.0","0.0","0.0","0.0"
"gastrointestinal dysfunction","-0.15311743","-0.006689525","-0.027291033","0.0012765183","-0.02442467","-0.0064697242","-0.01316582","-0.0007020722","-0.005387479","-7.5545504e-05","1.3969154e-05","-0.008930601","-0.0058702943","0.0009144299","-0.002191905","0.00068072375","0.004769958","-0.0026594377","0.0012356257","-0.0005457685","-0.0064956485","-0.06711237","-0.00035602483","0.0015081523","0.00028825126","0.0019035364","-0.0019369373","-0.0018442923","0.0","0.0","0.0","0.0","0.0","0.0","0.0","0.0","0.0","0.0","0.0","0.0","-0.0046900064","0.0","0.0","0.0","0.0","0.0","0.0","0.0","0.0","0.0","0.0","0.0","0.0","0.0","0.0","0.0","0.0","0.0","0.0","0.0","0.0","0.0","0.0","0.0"
"gastrointestinal helminth infections","-0.15311743","-0.006689525","-0.027291033","0.0012765183","-0.02442467","-0.0064697242","-0.01316582","-0.0007020722","-0.005387479","-7.5545504e-05","1.3969154e-05","-0.008930601","-0.0058702943","0.0009144299","-0.002191905","0.00068072375","0.004769958","-0.0026594377","0.0012356257","-0.0005457685","-0.0064956485","-0.06711237","-0.00035602483","0.0015081523","0.00028825126","0.0019035364","-0.0019369373","-0.0018442923","0.0","0.0","0.0","0.0","0.0","0.0","0.0","0.0","0.0","0.0","0.0","0.0","-0.0046900064","0.0","0.0","0.0","0.0","0.0","0.0","0.0","0.0","0.0","0.0","0.0","0.0","0.0","0.0","0.0","0.0","0.0","0.0","0.0","0.0","0.0","0.0","0.0"
"gastrointestinal infections","-0.15311743","-0.006689525","-0.027291033","0.0012765183","-0.02442467","-0.0064697242","-0.01316582","-0.0007020722","-0.005387479","-7.5545504e-05","1.3969154e-05","-0.008930601","-0.0058702943","0.0009144299","-0.002191905","0.00068072375","0.004769958","-0.0026594377","0.0012356257","-0.0005457685","-0.0064956485","-0.06711237","-0.00035602483","0.0015081523","0.00028825126","0.0019035364","-0.0019369373","-0.0018442923","0.0","0.0","0.0","0.0","0.0","0.0","0.0","0.0","0.0","0.0","0.0","0.0","-0.0046900064","0.0","0.0","0.0","0.0","0.0","0.0","0.0","0.0","0.0","0.0","0.0","0.0","0.0","0.0","0.0","0.0","0.0","0.0","0.0","0.0","0.0","0.0","0.0"
"gastrointestinal symptoms","-0.15311743","-0.006689525","-0.027291033","0.0012765183","-0.02442467","-0.0064697242","-0.01316582","-0.0007020722","-0.005387479","-7.5545504e-05","1.3969154e-05","-0.008930601","-0.0058702943","0.0009144299","-0.002191905","0.00068072375","0.004769958","-0.0026594377","0.0012356257","-0.0005457685","-0.0064956485","-0.06711237","-0.00035602483","0.0015081523","0.00028825126","0.0019035364","-0.0019369373","-0.0018442923","0.0","0.0","0.0","0.0","0.0","0.0","0.0","0.0","0.0","0.0","0.0","0.0","-0.0046900064","0.0","0.0","0.0","0.0","0.0","0.0","0.0","0.0","0.0","0.0","0.0","0.0","0.0","0.0","0.0","0.0","0.0","0.0","0.0","0.0","0.0","0.0","0.0"
"gastrointestinal tract infections","-0.15311743","-0.006689525","-0.027291033","0.0012765183","-0.02442467","-0.0064697242","-0.01316582","-0.0007020722","-0.005387479","-7.5545504e-05","1.3969154e-05","-0.008930601","-0.0058702943","0.0009144299","-0.002191905","0.00068072375","0.004769958","-0.0026594377","0.0012356257","-0.0005457685","-0.0064956485","-0.06711237","-0.00035602483","0.0015081523","0.00028825126","0.0019035364","-0.0019369373","-0.0018442923","0.0","0.0","0.0","0.0","0.0","0.0","0.0","0.0","0.0","0.0","0.0","0.0","-0.0046900064","0.0","0.0","0.0","0.0","0.0","0.0","0.0","0.0","0.0","0.0","0.0","0.0","0.0","0.0","0.0","0.0","0.0","0.0","0.0","0.0","0.0","0.0","0.0"
"gestational diabetes mellitus","-0.15311743","-0.006689525","-0.027291033","0.0012765183","-0.02442467","-0.0064697242","-0.01316582","-0.0007020722","-0.005387479","-7.5545504e-05","1.3969154e-05","-0.008930601","-0.0058702943","0.0009144299","-0.002191905","0.00068072375","0.004769958","-0.0026594377","0.0012356257","-0.0005457685","-0.0064956485","-0.06711237","-0.00035602483","0.0015081523","0.00028825126","0.0019035364","-0.0019369373","-0.0018442923","0.0","0.0","0.0","0.0","0.0","0.0","0.0","0.0","0.0","0.0","0.0","0.0","-0.0046900064","0.0","0.0","0.0","0.0","0.0","0.0","0.0","0.0","0.0","0.0","0.0","0.0","0.0","0.0","0.0","0.0","0.0","0.0","0.0","0.0","0.0","0.0","0.0"
"gingival squamous cell carcinoma","-0.15311743","-0.006689525","-0.027291033","0.0012765183","-0.02442467","-0.0064697242","-0.01316582","-0.0007020722","-0.005387479","-7.5545504e-05","1.3969154e-05","-0.008930601","-0.0058702943","0.0009144299","-0.002191905","0.00068072375","0.004769958","-0.0026594377","0.0012356257","-0.0005457685","-0.0064956485","-0.06711237","-0.00035602483","0.0015081523","0.00028825126","0.0019035364","-0.0019369373","-0.0018442923","0.0","0.0","0.0","0.0","0.0","0.0","0.0","0.0","0.0","0.0","0.0","0.0","-0.0046900064","0.0","0.0","0.0","0.0","0.0","0.0","0.0","0.0","0.0","0.0","0.0","0.0","0.0","0.0","0.0","0.0","0.0","0.0","0.0","0.0","0.0","0.0","0.0"
"glucose metabolism disorder","-0.15311743","-0.006689525","-0.027291033","0.0012765183","-0.02442467","-0.0064697242","-0.01316582","-0.0007020722","-0.005387479","-7.5545504e-05","1.3969154e-05","-0.008930601","-0.0058702943","0.0009144299","-0.002191905","0.00068072375","0.004769958","-0.0026594377","0.0012356257","-0.0005457685","-0.0064956485","-0.06711237","-0.00035602483","0.0015081523","0.00028825126","0.0019035364","-0.0019369373","-0.0018442923","0.0","0.0","0.0","0.0","0.0","0.0","0.0","0.0","0.0","0.0","0.0","0.0","-0.0046900064","0.0","0.0","0.0","0.0","0.0","0.0","0.0","0.0","0.0","0.0","0.0","0.0","0.0","0.0","0.0","0.0","0.0","0.0","0.0","0.0","0.0","0.0","0.0"
"gut dysbiosis","-0.15311743","-0.006689525","-0.027291033","0.0012765183","-0.02442467","-0.0064697242","-0.01316582","-0.0007020722","-0.005387479","-7.5545504e-05","1.3969154e-05","-0.008930601","-0.0058702943","0.0009144299","-0.002191905","0.00068072375","0.004769958","-0.0026594377","0.0012356257","-0.0005457685","-0.0064956485","-0.06711237","-0.00035602483","0.0015081523","0.00028825126","0.0019035364","-0.0019369373","-0.0018442923","0.0","0.0","0.0","0.0","0.0","0.0","0.0","0.0","0.0","0.0","0.0","0.0","-0.0046900064","0.0","0.0","0.0","0.0","0.0","0.0","0.0","0.0","0.0","0.0","0.0","0.0","0.0","0.0","0.0","0.0","0.0","0.0","0.0","0.0","0.0","0.0","0.0"
"gut microbiota dysbiosis","-0.15311743","-0.006689525","-0.027291033","0.0012765183","-0.02442467","-0.0064697242","-0.01316582","-0.0007020722","-0.005387479","-7.5545504e-05","1.3969154e-05","-0.008930601","-0.0058702943","0.0009144299","-0.002191905","0.00068072375","0.004769958","-0.0026594377","0.0012356257","-0.0005457685","-0.0064956485","-0.06711237","-0.00035602483","0.0015081523","0.00028825126","0.0019035364","-0.0019369373","-0.0018442923","0.0","0.0","0.0","0.0","0.0","0.0","0.0","0.0","0.0","0.0","0.0","0.0","-0.0046900064","0.0","0.0","0.0","0.0","0.0","0.0","0.0","0.0","0.0","0.0","0.0","0.0","0.0","0.0","0.0","0.0","0.0","0.0","0.0","0.0","0.0","0.0","0.0"
"gut-related conditions","-0.15311743","-0.006689525","-0.027291033","0.0012765183","-0.02442467","-0.0064697242","-0.01316582","-0.0007020722","-0.005387479","-7.5545504e-05","1.3969154e-05","-0.008930601","-0.0058702943","0.0009144299","-0.002191905","0.00068072375","0.004769958","-0.0026594377","0.0012356257","-0.0005457685","-0.0064956485","-0.06711237","-0.00035602483","0.0015081523","0.00028825126","0.0019035364","-0.0019369373","-0.0018442923","0.0","0.0","0.0","0.0","0.0","0.0","0.0","0.0","0.0","0.0","0.0","0.0","-0.0046900064","0.0","0.0","0.0","0.0","0.0","0.0","0.0","0.0","0.0","0.0","0.0","0.0","0.0","0.0","0.0","0.0","0.0","0.0","0.0","0.0","0.0","0.0","0.0"
"harmful enzyme production","-0.15311743","-0.006689525","-0.027291033","0.0012765183","-0.02442467","-0.0064697242","-0.01316582","-0.0007020722","-0.005387479","-7.5545504e-05","1.3969154e-05","-0.008930601","-0.0058702943","0.0009144299","-0.002191905","0.00068072375","0.004769958","-0.0026594377","0.0012356257","-0.0005457685","-0.0064956485","-0.06711237","-0.00035602483","0.0015081523","0.00028825126","0.0019035364","-0.0019369373","-0.0018442923","0.0","0.0","0.0","0.0","0.0","0.0","0.0","0.0","0.0","0.0","0.0","0.0","-0.0046900064","0.0","0.0","0.0","0.0","0.0","0.0","0.0","0.0","0.0","0.0","0.0","0.0","0.0","0.0","0.0","0.0","0.0","0.0","0.0","0.0","0.0","0.0","0.0"
"head and neck squamous cell carcinoma","-0.15311743","-0.006689525","-0.027291033","0.0012765183","-0.02442467","-0.0064697242","-0.01316582","-0.0007020722","-0.005387479","-7.5545504e-05","1.3969154e-05","-0.008930601","-0.0058702943","0.0009144299","-0.002191905","0.00068072375","0.004769958","-0.0026594377","0.0012356257","-0.0005457685","-0.0064956485","-0.06711237","-0.00035602483","0.0015081523","0.00028825126","0.0019035364","-0.0019369373","-0.0018442923","0.0","0.0","0.0","0.0","0.0","0.0","0.0","0.0","0.0","0.0","0.0","0.0","-0.0046900064","0.0","0.0","0.0","0.0","0.0","0.0","0.0","0.0","0.0","0.0","0.0","0.0","0.0","0.0","0.0","0.0","0.0","0.0","0.0","0.0","0.0","0.0","0.0"
"head and neck squamous cell carcinomas","-0.15311743","-0.006689525","-0.027291033","0.0012765183","-0.02442467","-0.0064697242","-0.01316582","-0.0007020722","-0.005387479","-7.5545504e-05","1.3969154e-05","-0.008930601","-0.0058702943","0.0009144299","-0.002191905","0.00068072375","0.004769958","-0.0026594377","0.0012356257","-0.0005457685","-0.0064956485","-0.06711237","-0.00035602483","0.0015081523","0.00028825126","0.0019035364","-0.0019369373","-0.0018442923","0.0","0.0","0.0","0.0","0.0","0.0","0.0","0.0","0.0","0.0","0.0","0.0","-0.0046900064","0.0","0.0","0.0","0.0","0.0","0.0","0.0","0.0","0.0","0.0","0.0","0.0","0.0","0.0","0.0","0.0","0.0","0.0","0.0","0.0","0.0","0.0","0.0"
"heavy metal exposure","-0.15311743","-0.006689525","-0.027291033","0.0012765183","-0.02442467","-0.0064697242","-0.01316582","-0.0007020722","-0.005387479","-7.5545504e-05","1.3969154e-05","-0.008930601","-0.0058702943","0.0009144299","-0.002191905","0.00068072375","0.004769958","-0.0026594377","0.0012356257","-0.0005457685","-0.0064956485","-0.06711237","-0.00035602483","0.0015081523","0.00028825126","0.0019035364","-0.0019369373","-0.0018442923","0.0","0.0","0.0","0.0","0.0","0.0","0.0","0.0","0.0","0.0","0.0","0.0","-0.0046900064","0.0","0.0","0.0","0.0","0.0","0.0","0.0","0.0","0.0","0.0","0.0","0.0","0.0","0.0","0.0","0.0","0.0","0.0","0.0","0.0","0.0","0.0","0.0"
"hepatic diseases","-0.15311743","-0.006689525","-0.027291033","0.0012765183","-0.02442467","-0.0064697242","-0.01316582","-0.0007020722","-0.005387479","-7.5545504e-05","1.3969154e-05","-0.008930601","-0.0058702943","0.0009144299","-0.002191905","0.00068072375","0.004769958","-0.0026594377","0.0012356257","-0.0005457685","-0.0064956485","-0.06711237","-0.00035602483","0.0015081523","0.00028825126","0.0019035364","-0.0019369373","-0.0018442923","0.0","0.0","0.0","0.0","0.0","0.0","0.0","0.0","0.0","0.0","0.0","0.0","-0.0046900064","0.0","0.0","0.0","0.0","0.0","0.0","0.0","0.0","0.0","0.0","0.0","0.0","0.0","0.0","0.0","0.0","0.0","0.0","0.0","0.0","0.0","0.0","0.0"
"hepatic lipid metabolism disorder","-0.15311743","-0.006689525","-0.027291033","0.0012765183","-0.02442467","-0.0064697242","-0.01316582","-0.0007020722","-0.005387479","-7.5545504e-05","1.3969154e-05","-0.008930601","-0.0058702943","0.0009144299","-0.002191905","0.00068072375","0.004769958","-0.0026594377","0.0012356257","-0.0005457685","-0.0064956485","-0.06711237","-0.00035602483","0.0015081523","0.00028825126","0.0019035364","-0.0019369373","-0.0018442923","0.0","0.0","0.0","0.0","0.0","0.0","0.0","0.0","0.0","0.0","0.0","0.0","-0.0046900064","0.0","0.0","0.0","0.0","0.0","0.0","0.0","0.0","0.0","0.0","0.0","0.0","0.0","0.0","0.0","0.0","0.0","0.0","0.0","0.0","0.0","0.0","0.0"
"hepatic steatosis","-0.15311743","-0.006689525","-0.027291033","0.0012765183","-0.02442467","-0.0064697242","-0.01316582","-0.0007020722","-0.005387479","-7.5545504e-05","1.3969154e-05","-0.008930601","-0.0058702943","0.0009144299","-0.002191905","0.00068072375","0.004769958","-0.0026594377","0.0012356257","-0.0005457685","-0.0064956485","-0.06711237","-0.00035602483","0.0015081523","0.00028825126","0.0019035364","-0.0019369373","-0.0018442923","0.0","0.0","0.0","0.0","0.0","0.0","0.0","0.0","0.0","0.0","0.0","0.0","-0.0046900064","0.0","0.0","0.0","0.0","0.0","0.0","0.0","0.0","0.0","0.0","0.0","0.0","0.0","0.0","0.0","0.0","0.0","0.0","0.0","0.0","0.0","0.0","0.0"
"hepatic toxicity","-0.15311743","-0.006689525","-0.027291033","0.0012765183","-0.02442467","-0.0064697242","-0.01316582","-0.0007020722","-0.005387479","-7.5545504e-05","1.3969154e-05","-0.008930601","-0.0058702943","0.0009144299","-0.002191905","0.00068072375","0.004769958","-0.0026594377","0.0012356257","-0.0005457685","-0.0064956485","-0.06711237","-0.00035602483","0.0015081523","0.00028825126","0.0019035364","-0.0019369373","-0.0018442923","0.0","0.0","0.0","0.0","0.0","0.0","0.0","0.0","0.0","0.0","0.0","0.0","-0.0046900064","0.0","0.0","0.0","0.0","0.0","0.0","0.0","0.0","0.0","0.0","0.0","0.0","0.0","0.0","0.0","0.0","0.0","0.0","0.0","0.0","0.0","0.0","0.0"
"hepatitis B cirrhosis treated with liver transplant","-0.15311743","-0.006689525","-0.027291033","0.0012765183","-0.02442467","-0.0064697242","-0.01316582","-0.0007020722","-0.005387479","-7.5545504e-05","1.3969154e-05","-0.008930601","-0.0058702943","0.0009144299","-0.002191905","0.00068072375","0.004769958","-0.0026594377","0.0012356257","-0.0005457685","-0.0064956485","-0.06711237","-0.00035602483","0.0015081523","0.00028825126","0.0019035364","-0.0019369373","-0.0018442923","0.0","0.0","0.0","0.0","0.0","0.0","0.0","0.0","0.0","0.0","0.0","0.0","-0.0046900064","0.0","0.0","0.0","0.0","0.0","0.0","0.0","0.0","0.0","0.0","0.0","0.0","0.0","0.0","0.0","0.0","0.0","0.0","0.0","0.0","0.0","0.0","0.0"
"hepatitis B virus-related decompensated cirrhosis","-0.15311743","-0.006689525","-0.027291033","0.0012765183","-0.02442467","-0.0064697242","-0.01316582","-0.0007020722","-0.005387479","-7.5545504e-05","1.3969154e-05","-0.008930601","-0.0058702943","0.0009144299","-0.002191905","0.00068072375","0.004769958","-0.0026594377","0.0012356257","-0.0005457685","-0.0064956485","-0.06711237","-0.00035602483","0.0015081523","0.00028825126","0.0019035364","-0.0019369373","-0.0018442923","0.0","0.0","0.0","0.0","0.0","0.0","0.0","0.0","0.0","0.0","0.0","0.0","-0.0046900064","0.0","0.0","0.0","0.0","0.0","0.0","0.0","0.0","0.0","0.0","0.0","0.0","0.0","0.0","0.0","0.0","0.0","0.0","0.0","0.0","0.0","0.0","0.0"
"hepatocellular carcinoma","-0.15311743","-0.006689525","-0.027291033","0.0012765183","-0.02442467","-0.0064697242","-0.01316582","-0.0007020722","-0.005387479","-7.5545504e-05","1.3969154e-05","-0.008930601","-0.0058702943","0.0009144299","-0.002191905","0.00068072375","0.004769958","-0.0026594377","0.0012356257","-0.0005457685","-0.0064956485","-0.06711237","-0.00035602483","0.0015081523","0.00028825126","0.0019035364","-0.0019369373","-0.0018442923","0.0","0.0","0.0","0.0","0.0","0.0","0.0","0.0","0.0","0.0","0.0","0.0","-0.0046900064","0.0","0.0","0.0","0.0","0.0","0.0","0.0","0.0","0.0","0.0","0.0","0.0","0.0","0.0","0.0","0.0","0.0","0.0","0.0","0.0","0.0","0.0","0.0"
"high-grade squamous intraepithelial lesion","-0.15311743","-0.006689525","-0.027291033","0.0012765183","-0.02442467","-0.0064697242","-0.01316582","-0.0007020722","-0.005387479","-7.5545504e-05","1.3969154e-05","-0.008930601","-0.0058702943","0.0009144299","-0.002191905","0.00068072375","0.004769958","-0.0026594377","0.0012356257","-0.0005457685","-0.0064956485","-0.06711237","-0.00035602483","0.0015081523","0.00028825126","0.0019035364","-0.0019369373","-0.0018442923","0.0","0.0","0.0","0.0","0.0","0.0","0.0","0.0","0.0","0.0","0.0","0.0","-0.0046900064","0.0","0.0","0.0","0.0","0.0","0.0","0.0","0.0","0.0","0.0","0.0","0.0","0.0","0.0","0.0","0.0","0.0","0.0","0.0","0.0","0.0","0.0","0.0"
"human papilloma virus infection","-0.15311743","-0.006689525","-0.027291033","0.0012765183","-0.02442467","-0.0064697242","-0.01316582","-0.0007020722","-0.005387479","-7.5545504e-05","1.3969154e-05","-0.008930601","-0.0058702943","0.0009144299","-0.002191905","0.00068072375","0.004769958","-0.0026594377","0.0012356257","-0.0005457685","-0.0064956485","-0.06711237","-0.00035602483","0.0015081523","0.00028825126","0.0019035364","-0.0019369373","-0.0018442923","0.0","0.0","0.0","0.0","0.0","0.0","0.0","0.0","0.0","0.0","0.0","0.0","-0.0046900064","0.0","0.0","0.0","0.0","0.0","0.0","0.0","0.0","0.0","0.0","0.0","0.0","0.0","0.0","0.0","0.0","0.0","0.0","0.0","0.0","0.0","0.0","0.0"
"hyperemesis, dyspepsia, gastric discomfort","-0.15311743","-0.006689525","-0.027291033","0.0012765183","-0.02442467","-0.0064697242","-0.01316582","-0.0007020722","-0.005387479","-7.5545504e-05","1.3969154e-05","-0.008930601","-0.0058702943","0.0009144299","-0.002191905","0.00068072375","0.004769958","-0.0026594377","0.0012356257","-0.0005457685","-0.0064956485","-0.06711237","-0.00035602483","0.0015081523","0.00028825126","0.0019035364","-0.0019369373","-0.0018442923","0.0","0.0","0.0","0.0","0.0","0.0","0.0","0.0","0.0","0.0","0.0","0.0","-0.0046900064","0.0","0.0","0.0","0.0","0.0","0.0","0.0","0.0","0.0","0.0","0.0","0.0","0.0","0.0","0.0","0.0","0.0","0.0","0.0","0.0","0.0","0.0","0.0"
"hyperglycemia","-0.15311743","-0.006689525","-0.027291033","0.0012765183","-0.02442467","-0.0064697242","-0.01316582","-0.0007020722","-0.005387479","-7.5545504e-05","1.3969154e-05","-0.008930601","-0.0058702943","0.0009144299","-0.002191905","0.00068072375","0.004769958","-0.0026594377","0.0012356257","-0.0005457685","-0.0064956485","-0.06711237","-0.00035602483","0.0015081523","0.00028825126","0.0019035364","-0.0019369373","-0.0018442923","0.0","0.0","0.0","0.0","0.0","0.0","0.0","0.0","0.0","0.0","0.0","0.0","-0.0046900064","0.0","0.0","0.0","0.0","0.0","0.0","0.0","0.0","0.0","0.0","0.0","0.0","0.0","0.0","0.0","0.0","0.0","0.0","0.0","0.0","0.0","0.0","0.0"
"hypertension","-0.15311743","-0.006689525","-0.027291033","0.0012765183","-0.02442467","-0.0064697242","-0.01316582","-0.0007020722","-0.005387479","-7.5545504e-05","1.3969154e-05","-0.008930601","-0.0058702943","0.0009144299","-0.002191905","0.00068072375","0.004769958","-0.0026594377","0.0012356257","-0.0005457685","-0.0064956485","-0.06711237","-0.00035602483","0.0015081523","0.00028825126","0.0019035364","-0.0019369373","-0.0018442923","0.0","0.0","0.0","0.0","0.0","0.0","0.0","0.0","0.0","0.0","0.0","0.0","-0.0046900064","0.0","0.0","0.0","0.0","0.0","0.0","0.0","0.0","0.0","0.0","0.0","0.0","0.0","0.0","0.0","0.0","0.0","0.0","0.0","0.0","0.0","0.0","0.0"
"hyperthyroidism","-0.15311743","-0.006689525","-0.027291033","0.0012765183","-0.02442467","-0.0064697242","-0.01316582","-0.0007020722","-0.005387479","-7.5545504e-05","1.3969154e-05","-0.008930601","-0.0058702943","0.0009144299","-0.002191905","0.00068072375","0.004769958","-0.0026594377","0.0012356257","-0.0005457685","-0.0064956485","-0.06711237","-0.00035602483","0.0015081523","0.00028825126","0.0019035364","-0.0019369373","-0.0018442923","0.0","0.0","0.0","0.0","0.0","0.0","0.0","0.0","0.0","0.0","0.0","0.0","-0.0046900064","0.0","0.0","0.0","0.0","0.0","0.0","0.0","0.0","0.0","0.0","0.0","0.0","0.0","0.0","0.0","0.0","0.0","0.0","0.0","0.0","0.0","0.0","0.0"
"immune suppression","-0.15311743","-0.006689525","-0.027291033","0.0012765183","-0.02442467","-0.0064697242","-0.01316582","-0.0007020722","-0.005387479","-7.5545504e-05","1.3969154e-05","-0.008930601","-0.0058702943","0.0009144299","-0.002191905","0.00068072375","0.004769958","-0.0026594377","0.0012356257","-0.0005457685","-0.0064956485","-0.06711237","-0.00035602483","0.0015081523","0.00028825126","0.0019035364","-0.0019369373","-0.0018442923","0.0","0.0","0.0","0.0","0.0","0.0","0.0","0.0","0.0","0.0","0.0","0.0","-0.0046900064","0.0","0.0","0.0","0.0","0.0","0.0","0.0","0.0","0.0","0.0","0.0","0.0","0.0","0.0","0.0","0.0","0.0","0.0","0.0","0.0","0.0","0.0","0.0"
"immune system diseases","-0.15311743","-0.006689525","-0.027291033","0.0012765183","-0.02442467","-0.0064697242","-0.01316582","-0.0007020722","-0.005387479","-7.5545504e-05","1.3969154e-05","-0.008930601","-0.0058702943","0.0009144299","-0.002191905","0.00068072375","0.004769958","-0.0026594377","0.0012356257","-0.0005457685","-0.0064956485","-0.06711237","-0.00035602483","0.0015081523","0.00028825126","0.0019035364","-0.0019369373","-0.0018442923","0.0","0.0","0.0","0.0","0.0","0.0","0.0","0.0","0.0","0.0","0.0","0.0","-0.0046900064","0.0","0.0","0.0","0.0","0.0","0.0","0.0","0.0","0.0","0.0","0.0","0.0","0.0","0.0","0.0","0.0","0.0","0.0","0.0","0.0","0.0","0.0","0.0"
"immunological diseases","-0.15311743","-0.006689525","-0.027291033","0.0012765183","-0.02442467","-0.0064697242","-0.01316582","-0.0007020722","-0.005387479","-7.5545504e-05","1.3969154e-05","-0.008930601","-0.0058702943","0.0009144299","-0.002191905","0.00068072375","0.004769958","-0.0026594377","0.0012356257","-0.0005457685","-0.0064956485","-0.06711237","-0.00035602483","0.0015081523","0.00028825126","0.0019035364","-0.0019369373","-0.0018442923","0.0","0.0","0.0","0.0","0.0","0.0","0.0","0.0","0.0","0.0","0.0","0.0","-0.0046900064","0.0","0.0","0.0","0.0","0.0","0.0","0.0","0.0","0.0","0.0","0.0","0.0","0.0","0.0","0.0","0.0","0.0","0.0","0.0","0.0","0.0","0.0","0.0"
"immunosenescence","-0.15311743","-0.006689525","-0.027291033","0.0012765183","-0.02442467","-0.0064697242","-0.01316582","-0.0007020722","-0.005387479","-7.5545504e-05","1.3969154e-05","-0.008930601","-0.0058702943","0.0009144299","-0.002191905","0.00068072375","0.004769958","-0.0026594377","0.0012356257","-0.0005457685","-0.0064956485","-0.06711237","-0.00035602483","0.0015081523","0.00028825126","0.0019035364","-0.0019369373","-0.0018442923","0.0","0.0","0.0","0.0","0.0","0.0","0.0","0.0","0.0","0.0","0.0","0.0","-0.0046900064","0.0","0.0","0.0","0.0","0.0","0.0","0.0","0.0","0.0","0.0","0.0","0.0","0.0","0.0","0.0","0.0","0.0","0.0","0.0","0.0","0.0","0.0","0.0"
"impaired lipid and glucose metabolism","-0.15311743","-0.006689525","-0.027291033","0.0012765183","-0.02442467","-0.0064697242","-0.01316582","-0.0007020722","-0.005387479","-7.5545504e-05","1.3969154e-05","-0.008930601","-0.0058702943","0.0009144299","-0.002191905","0.00068072375","0.004769958","-0.0026594377","0.0012356257","-0.0005457685","-0.0064956485","-0.06711237","-0.00035602483","0.0015081523","0.00028825126","0.0019035364","-0.0019369373","-0.0018442923","0.0","0.0","0.0","0.0","0.0","0.0","0.0","0.0","0.0","0.0","0.0","0.0","-0.0046900064","0.0","0.0","0.0","0.0","0.0","0.0","0.0","0.0","0.0","0.0","0.0","0.0","0.0","0.0","0.0","0.0","0.0","0.0","0.0","0.0","0.0","0.0","0.0"
"infant botulism","-0.15311743","-0.006689525","-0.027291033","0.0012765183","-0.02442467","-0.0064697242","-0.01316582","-0.0007020722","-0.005387479","-7.5545504e-05","1.3969154e-05","-0.008930601","-0.0058702943","0.0009144299","-0.002191905","0.00068072375","0.004769958","-0.0026594377","0.0012356257","-0.0005457685","-0.0064956485","-0.06711237","-0.00035602483","0.0015081523","0.00028825126","0.0019035364","-0.0019369373","-0.0018442923","0.0","0.0","0.0","0.0","0.0","0.0","0.0","0.0","0.0","0.0","0.0","0.0","-0.0046900064","0.0","0.0","0.0","0.0","0.0","0.0","0.0","0.0","0.0","0.0","0.0","0.0","0.0","0.0","0.0","0.0","0.0","0.0","0.0","0.0","0.0","0.0","0.0"
"infant colic","-0.15311743","-0.006689525","-0.027291033","0.0012765183","-0.02442467","-0.0064697242","-0.01316582","-0.0007020722","-0.005387479","-7.5545504e-05","1.3969154e-05","-0.008930601","-0.0058702943","0.0009144299","-0.002191905","0.00068072375","0.004769958","-0.0026594377","0.0012356257","-0.0005457685","-0.0064956485","-0.06711237","-0.00035602483","0.0015081523","0.00028825126","0.0019035364","-0.0019369373","-0.0018442923","0.0","0.0","0.0","0.0","0.0","0.0","0.0","0.0","0.0","0.0","0.0","0.0","-0.0046900064","0.0","0.0","0.0","0.0","0.0","0.0","0.0","0.0","0.0","0.0","0.0","0.0","0.0","0.0","0.0","0.0","0.0","0.0","0.0","0.0","0.0","0.0","0.0"
"infection","-0.15311743","-0.006689525","-0.027291033","0.0012765183","-0.02442467","-0.0064697242","-0.01316582","-0.0007020722","-0.005387479","-7.5545504e-05","1.3969154e-05","-0.008930601","-0.0058702943","0.0009144299","-0.002191905","0.00068072375","0.004769958","-0.0026594377","0.0012356257","-0.0005457685","-0.0064956485","-0.06711237","-0.00035602483","0.0015081523","0.00028825126","0.0019035364","-0.0019369373","-0.0018442923","0.0","0.0","0.0","0.0","0.0","0.0","0.0","0.0","0.0","0.0","0.0","0.0","-0.0046900064","0.0","0.0","0.0","0.0","0.0","0.0","0.0","0.0","0.0","0.0","0.0","0.0","0.0","0.0","0.0","0.0","0.0","0.0","0.0","0.0","0.0","0.0","0.0"
"infectious colitis","-0.15311743","-0.006689525","-0.027291033","0.0012765183","-0.02442467","-0.0064697242","-0.01316582","-0.0007020722","-0.005387479","-7.5545504e-05","1.3969154e-05","-0.008930601","-0.0058702943","0.0009144299","-0.002191905","0.00068072375","0.004769958","-0.0026594377","0.0012356257","-0.0005457685","-0.0064956485","-0.06711237","-0.00035602483","0.0015081523","0.00028825126","0.0019035364","-0.0019369373","-0.0018442923","0.0","0.0","0.0","0.0","0.0","0.0","0.0","0.0","0.0","0.0","0.0","0.0","-0.0046900064","0.0","0.0","0.0","0.0","0.0","0.0","0.0","0.0","0.0","0.0","0.0","0.0","0.0","0.0","0.0","0.0","0.0","0.0","0.0","0.0","0.0","0.0","0.0"
"infectious diarrhea","-0.15311743","-0.006689525","-0.027291033","0.0012765183","-0.02442467","-0.0064697242","-0.01316582","-0.0007020722","-0.005387479","-7.5545504e-05","1.3969154e-05","-0.008930601","-0.0058702943","0.0009144299","-0.002191905","0.00068072375","0.004769958","-0.0026594377","0.0012356257","-0.0005457685","-0.0064956485","-0.06711237","-0.00035602483","0.0015081523","0.00028825126","0.0019035364","-0.0019369373","-0.0018442923","0.0","0.0","0.0","0.0","0.0","0.0","0.0","0.0","0.0","0.0","0.0","0.0","-0.0046900064","0.0","0.0","0.0","0.0","0.0","0.0","0.0","0.0","0.0","0.0","0.0","0.0","0.0","0.0","0.0","0.0","0.0","0.0","0.0","0.0","0.0","0.0","0.0"
"infectious diseases","-0.15311743","-0.006689525","-0.027291033","0.0012765183","-0.02442467","-0.0064697242","-0.01316582","-0.0007020722","-0.005387479","-7.5545504e-05","1.3969154e-05","-0.008930601","-0.0058702943","0.0009144299","-0.002191905","0.00068072375","0.004769958","-0.0026594377","0.0012356257","-0.0005457685","-0.0064956485","-0.06711237","-0.00035602483","0.0015081523","0.00028825126","0.0019035364","-0.0019369373","-0.0018442923","0.0","0.0","0.0","0.0","0.0","0.0","0.0","0.0","0.0","0.0","0.0","0.0","-0.0046900064","0.0","0.0","0.0","0.0","0.0","0.0","0.0","0.0","0.0","0.0","0.0","0.0","0.0","0.0","0.0","0.0","0.0","0.0","0.0","0.0","0.0","0.0","0.0"
"inflammation","-0.15311743","-0.006689525","-0.027291033","0.0012765183","-0.02442467","-0.0064697242","-0.01316582","-0.0007020722","-0.005387479","-7.5545504e-05","1.3969154e-05","-0.008930601","-0.0058702943","0.0009144299","-0.002191905","0.00068072375","0.004769958","-0.0026594377","0.0012356257","-0.0005457685","-0.0064956485","-0.06711237","-0.00035602483","0.0015081523","0.00028825126","0.0019035364","-0.0019369373","-0.0018442923","0.0","0.0","0.0","0.0","0.0","0.0","0.0","0.0","0.0","0.0","0.0","0.0","-0.0046900064","0.0","0.0","0.0","0.0","0.0","0.0","0.0","0.0","0.0","0.0","0.0","0.0","0.0","0.0","0.0","0.0","0.0","0.0","0.0","0.0","0.0","0.0","0.0"
"inflammatory bowel disease","-0.15311743","-0.006689525","-0.027291033","0.0012765183","-0.02442467","-0.0064697242","-0.01316582","-0.0007020722","-0.005387479","-7.5545504e-05","1.3969154e-05","-0.008930601","-0.0058702943","0.0009144299","-0.002191905","0.00068072375","0.004769958","-0.0026594377","0.0012356257","-0.0005457685","-0.0064956485","-0.06711237","-0.00035602483","0.0015081523","0.00028825126","0.0019035364","-0.0019369373","-0.0018442923","0.0","0.0","0.0","0.0","0.0","0.0","0.0","0.0","0.0","0.0","0.0","0.0","-0.0046900064","0.0","0.0","0.0","0.0","0.0","0.0","0.0","0.0","0.0","0.0","0.0","0.0","0.0","0.0","0.0","0.0","0.0","0.0","0.0","0.0","0.0","0.0","0.0"
"inflammatory bowel diseases","-0.15311743","-0.006689525","-0.027291033","0.0012765183","-0.02442467","-0.0064697242","-0.01316582","-0.0007020722","-0.005387479","-7.5545504e-05","1.3969154e-05","-0.008930601","-0.0058702943","0.0009144299","-0.002191905","0.00068072375","0.004769958","-0.0026594377","0.0012356257","-0.0005457685","-0.0064956485","-0.06711237","-0.00035602483","0.0015081523","0.00028825126","0.0019035364","-0.0019369373","-0.0018442923","0.0","0.0","0.0","0.0","0.0","0.0","0.0","0.0","0.0","0.0","0.0","0.0","-0.0046900064","0.0","0.0","0.0","0.0","0.0","0.0","0.0","0.0","0.0","0.0","0.0","0.0","0.0","0.0","0.0","0.0","0.0","0.0","0.0","0.0","0.0","0.0","0.0"
"inflammatory diseases","-0.15311743","-0.006689525","-0.027291033","0.0012765183","-0.02442467","-0.0064697242","-0.01316582","-0.0007020722","-0.005387479","-7.5545504e-05","1.3969154e-05","-0.008930601","-0.0058702943","0.0009144299","-0.002191905","0.00068072375","0.004769958","-0.0026594377","0.0012356257","-0.0005457685","-0.0064956485","-0.06711237","-0.00035602483","0.0015081523","0.00028825126","0.0019035364","-0.0019369373","-0.0018442923","0.0","0.0","0.0","0.0","0.0","0.0","0.0","0.0","0.0","0.0","0.0","0.0","-0.0046900064","0.0","0.0","0.0","0.0","0.0","0.0","0.0","0.0","0.0","0.0","0.0","0.0","0.0","0.0","0.0","0.0","0.0","0.0","0.0","0.0","0.0","0.0","0.0"
"insulin resistance","-0.15311743","-0.006689525","-0.027291033","0.0012765183","-0.02442467","-0.0064697242","-0.01316582","-0.0007020722","-0.005387479","-7.5545504e-05","1.3969154e-05","-0.008930601","-0.0058702943","0.0009144299","-0.002191905","0.00068072375","0.004769958","-0.0026594377","0.0012356257","-0.0005457685","-0.0064956485","-0.06711237","-0.00035602483","0.0015081523","0.00028825126","0.0019035364","-0.0019369373","-0.0018442923","0.0","0.0","0.0","0.0","0.0","0.0","0.0","0.0","0.0","0.0","0.0","0.0","-0.0046900064","0.0","0.0","0.0","0.0","0.0","0.0","0.0","0.0","0.0","0.0","0.0","0.0","0.0","0.0","0.0","0.0","0.0","0.0","0.0","0.0","0.0","0.0","0.0"
"intestinal atrophy","-0.15311743","-0.006689525","-0.027291033","0.0012765183","-0.02442467","-0.0064697242","-0.01316582","-0.0007020722","-0.005387479","-7.5545504e-05","1.3969154e-05","-0.008930601","-0.0058702943","0.0009144299","-0.002191905","0.00068072375","0.004769958","-0.0026594377","0.0012356257","-0.0005457685","-0.0064956485","-0.06711237","-0.00035602483","0.0015081523","0.00028825126","0.0019035364","-0.0019369373","-0.0018442923","0.0","0.0","0.0","0.0","0.0","0.0","0.0","0.0","0.0","0.0","0.0","0.0","-0.0046900064","0.0","0.0","0.0","0.0","0.0","0.0","0.0","0.0","0.0","0.0","0.0","0.0","0.0","0.0","0.0","0.0","0.0","0.0","0.0","0.0","0.0","0.0","0.0"
"intestinal bowel diseases","-0.15311743","-0.006689525","-0.027291033","0.0012765183","-0.02442467","-0.0064697242","-0.01316582","-0.0007020722","-0.005387479","-7.5545504e-05","1.3969154e-05","-0.008930601","-0.0058702943","0.0009144299","-0.002191905","0.00068072375","0.004769958","-0.0026594377","0.0012356257","-0.0005457685","-0.0064956485","-0.06711237","-0.00035602483","0.0015081523","0.00028825126","0.0019035364","-0.0019369373","-0.0018442923","0.0","0.0","0.0","0.0","0.0","0.0","0.0","0.0","0.0","0.0","0.0","0.0","-0.0046900064","0.0","0.0","0.0","0.0","0.0","0.0","0.0","0.0","0.0","0.0","0.0","0.0","0.0","0.0","0.0","0.0","0.0","0.0","0.0","0.0","0.0","0.0","0.0"
"intestinal discomfort","-0.15311743","-0.006689525","-0.027291033","0.0012765183","-0.02442467","-0.0064697242","-0.01316582","-0.0007020722","-0.005387479","-7.5545504e-05","1.3969154e-05","-0.008930601","-0.0058702943","0.0009144299","-0.002191905","0.00068072375","0.004769958","-0.0026594377","0.0012356257","-0.0005457685","-0.0064956485","-0.06711237","-0.00035602483","0.0015081523","0.00028825126","0.0019035364","-0.0019369373","-0.0018442923","0.0","0.0","0.0","0.0","0.0","0.0","0.0","0.0","0.0","0.0","0.0","0.0","-0.0046900064","0.0","0.0","0.0","0.0","0.0","0.0","0.0","0.0","0.0","0.0","0.0","0.0","0.0","0.0","0.0","0.0","0.0","0.0","0.0","0.0","0.0","0.0","0.0"
"intestinal health","-0.15311743","-0.006689525","-0.027291033","0.0012765183","-0.02442467","-0.0064697242","-0.01316582","-0.0007020722","-0.005387479","-7.5545504e-05","1.3969154e-05","-0.008930601","-0.0058702943","0.0009144299","-0.002191905","0.00068072375","0.004769958","-0.0026594377","0.0012356257","-0.0005457685","-0.0064956485","-0.06711237","-0.00035602483","0.0015081523","0.00028825126","0.0019035364","-0.0019369373","-0.0018442923","0.0","0.0","0.0","0.0","0.0","0.0","0.0","0.0","0.0","0.0","0.0","0.0","-0.0046900064","0.0","0.0","0.0","0.0","0.0","0.0","0.0","0.0","0.0","0.0","0.0","0.0","0.0","0.0","0.0","0.0","0.0","0.0","0.0","0.0","0.0","0.0","0.0"
"intestinal immune dysfunction","-0.15311743","-0.006689525","-0.027291033","0.0012765183","-0.02442467","-0.0064697242","-0.01316582","-0.0007020722","-0.005387479","-7.5545504e-05","1.3969154e-05","-0.008930601","-0.0058702943","0.0009144299","-0.002191905","0.00068072375","0.004769958","-0.0026594377","0.0012356257","-0.0005457685","-0.0064956485","-0.06711237","-0.00035602483","0.0015081523","0.00028825126","0.0019035364","-0.0019369373","-0.0018442923","0.0","0.0","0.0","0.0","0.0","0.0","0.0","0.0","0.0","0.0","0.0","0.0","-0.0046900064","0.0","0.0","0.0","0.0","0.0","0.0","0.0","0.0","0.0","0.0","0.0","0.0","0.0","0.0","0.0","0.0","0.0","0.0","0.0","0.0","0.0","0.0","0.0"
"intestinal infection","-0.15311743","-0.006689525","-0.027291033","0.0012765183","-0.02442467","-0.0064697242","-0.01316582","-0.0007020722","-0.005387479","-7.5545504e-05","1.3969154e-05","-0.008930601","-0.0058702943","0.0009144299","-0.002191905","0.00068072375","0.004769958","-0.0026594377","0.0012356257","-0.0005457685","-0.0064956485","-0.06711237","-0.00035602483","0.0015081523","0.00028825126","0.0019035364","-0.0019369373","-0.0018442923","0.0","0.0","0.0","0.0","0.0","0.0","0.0","0.0","0.0","0.0","0.0","0.0","-0.0046900064","0.0","0.0","0.0","0.0","0.0","0.0","0.0","0.0","0.0","0.0","0.0","0.0","0.0","0.0","0.0","0.0","0.0","0.0","0.0","0.0","0.0","0.0","0.0"
"intestinal inflammation","-0.15311743","-0.006689525","-0.027291033","0.0012765183","-0.02442467","-0.0064697242","-0.01316582","-0.0007020722","-0.005387479","-7.5545504e-05","1.3969154e-05","-0.008930601","-0.0058702943","0.0009144299","-0.002191905","0.00068072375","0.004769958","-0.0026594377","0.0012356257","-0.0005457685","-0.0064956485","-0.06711237","-0.00035602483","0.0015081523","0.00028825126","0.0019035364","-0.0019369373","-0.0018442923","0.0","0.0","0.0","0.0","0.0","0.0","0.0","0.0","0.0","0.0","0.0","0.0","-0.0046900064","0.0","0.0","0.0","0.0","0.0","0.0","0.0","0.0","0.0","0.0","0.0","0.0","0.0","0.0","0.0","0.0","0.0","0.0","0.0","0.0","0.0","0.0","0.0"
"intestinal metabolic perturbation","-0.15311743","-0.006689525","-0.027291033","0.0012765183","-0.02442467","-0.0064697242","-0.01316582","-0.0007020722","-0.005387479","-7.5545504e-05","1.3969154e-05","-0.008930601","-0.0058702943","0.0009144299","-0.002191905","0.00068072375","0.004769958","-0.0026594377","0.0012356257","-0.0005457685","-0.0064956485","-0.06711237","-0.00035602483","0.0015081523","0.00028825126","0.0019035364","-0.0019369373","-0.0018442923","0.0","0.0","0.0","0.0","0.0","0.0","0.0","0.0","0.0","0.0","0.0","0.0","-0.0046900064","0.0","0.0","0.0","0.0","0.0","0.0","0.0","0.0","0.0","0.0","0.0","0.0","0.0","0.0","0.0","0.0","0.0","0.0","0.0","0.0","0.0","0.0","0.0"
"intestinal microbiota dysbiosis","-0.15311743","-0.006689525","-0.027291033","0.0012765183","-0.02442467","-0.0064697242","-0.01316582","-0.0007020722","-0.005387479","-7.5545504e-05","1.3969154e-05","-0.008930601","-0.0058702943","0.0009144299","-0.002191905","0.00068072375","0.004769958","-0.0026594377","0.0012356257","-0.0005457685","-0.0064956485","-0.06711237","-0.00035602483","0.0015081523","0.00028825126","0.0019035364","-0.0019369373","-0.0018442923","0.0","0.0","0.0","0.0","0.0","0.0","0.0","0.0","0.0","0.0","0.0","0.0","-0.0046900064","0.0","0.0","0.0","0.0","0.0","0.0","0.0","0.0","0.0","0.0","0.0","0.0","0.0","0.0","0.0","0.0","0.0","0.0","0.0","0.0","0.0","0.0","0.0"
"intestinal microbiota imbalance","-0.15311743","-0.006689525","-0.027291033","0.0012765183","-0.02442467","-0.0064697242","-0.01316582","-0.0007020722","-0.005387479","-7.5545504e-05","1.3969154e-05","-0.008930601","-0.0058702943","0.0009144299","-0.002191905","0.00068072375","0.004769958","-0.0026594377","0.0012356257","-0.0005457685","-0.0064956485","-0.06711237","-0.00035602483","0.0015081523","0.00028825126","0.0019035364","-0.0019369373","-0.0018442923","0.0","0.0","0.0","0.0","0.0","0.0","0.0","0.0","0.0","0.0","0.0","0.0","-0.0046900064","0.0","0.0","0.0","0.0","0.0","0.0","0.0","0.0","0.0","0.0","0.0","0.0","0.0","0.0","0.0","0.0","0.0","0.0","0.0","0.0","0.0","0.0","0.0"
"intestinal microflora dysfunction","-0.15311743","-0.006689525","-0.027291033","0.0012765183","-0.02442467","-0.0064697242","-0.01316582","-0.0007020722","-0.005387479","-7.5545504e-05","1.3969154e-05","-0.008930601","-0.0058702943","0.0009144299","-0.002191905","0.00068072375","0.004769958","-0.0026594377","0.0012356257","-0.0005457685","-0.0064956485","-0.06711237","-0.00035602483","0.0015081523","0.00028825126","0.0019035364","-0.0019369373","-0.0018442923","0.0","0.0","0.0","0.0","0.0","0.0","0.0","0.0","0.0","0.0","0.0","0.0","-0.0046900064","0.0","0.0","0.0","0.0","0.0","0.0","0.0","0.0","0.0","0.0","0.0","0.0","0.0","0.0","0.0","0.0","0.0","0.0","0.0","0.0","0.0","0.0","0.0"
"intestinal permeability","-0.15311743","-0.006689525","-0.027291033","0.0012765183","-0.02442467","-0.0064697242","-0.01316582","-0.0007020722","-0.005387479","-7.5545504e-05","1.3969154e-05","-0.008930601","-0.0058702943","0.0009144299","-0.002191905","0.00068072375","0.004769958","-0.0026594377","0.0012356257","-0.0005457685","-0.0064956485","-0.06711237","-0.00035602483","0.0015081523","0.00028825126","0.0019035364","-0.0019369373","-0.0018442923","0.0","0.0","0.0","0.0","0.0","0.0","0.0","0.0","0.0","0.0","0.0","0.0","-0.0046900064","0.0","0.0","0.0","0.0","0.0","0.0","0.0","0.0","0.0","0.0","0.0","0.0","0.0","0.0","0.0","0.0","0.0","0.0","0.0","0.0","0.0","0.0","0.0"
"intestinal polyps","-0.15311743","-0.006689525","-0.027291033","0.0012765183","-0.02442467","-0.0064697242","-0.01316582","-0.0007020722","-0.005387479","-7.5545504e-05","1.3969154e-05","-0.008930601","-0.0058702943","0.0009144299","-0.002191905","0.00068072375","0.004769958","-0.0026594377","0.0012356257","-0.0005457685","-0.0064956485","-0.06711237","-0.00035602483","0.0015081523","0.00028825126","0.0019035364","-0.0019369373","-0.0018442923","0.0","0.0","0.0","0.0","0.0","0.0","0.0","0.0","0.0","0.0","0.0","0.0","-0.0046900064","0.0","0.0","0.0","0.0","0.0","0.0","0.0","0.0","0.0","0.0","0.0","0.0","0.0","0.0","0.0","0.0","0.0","0.0","0.0","0.0","0.0","0.0","0.0"
"iron-deficiency anaemia","-0.15311743","-0.006689525","-0.027291033","0.0012765183","-0.02442467","-0.0064697242","-0.01316582","-0.0007020722","-0.005387479","-7.5545504e-05","1.3969154e-05","-0.008930601","-0.0058702943","0.0009144299","-0.002191905","0.00068072375","0.004769958","-0.0026594377","0.0012356257","-0.0005457685","-0.0064956485","-0.06711237","-0.00035602483","0.0015081523","0.00028825126","0.0019035364","-0.0019369373","-0.0018442923","0.0","0.0","0.0","0.0","0.0","0.0","0.0","0.0","0.0","0.0","0.0","0.0","-0.0046900064","0.0","0.0","0.0","0.0","0.0","0.0","0.0","0.0","0.0","0.0","0.0","0.0","0.0","0.0","0.0","0.0","0.0","0.0","0.0","0.0","0.0","0.0","0.0"
"irritable bowel syndrome","-0.15311743","-0.006689525","-0.027291033","0.0012765183","-0.02442467","-0.0064697242","-0.01316582","-0.0007020722","-0.005387479","-7.5545504e-05","1.3969154e-05","-0.008930601","-0.0058702943","0.0009144299","-0.002191905","0.00068072375","0.004769958","-0.0026594377","0.0012356257","-0.0005457685","-0.0064956485","-0.06711237","-0.00035602483","0.0015081523","0.00028825126","0.0019035364","-0.0019369373","-0.0018442923","0.0","0.0","0.0","0.0","0.0","0.0","0.0","0.0","0.0","0.0","0.0","0.0","-0.0046900064","0.0","0.0","0.0","0.0","0.0","0.0","0.0","0.0","0.0","0.0","0.0","0.0","0.0","0.0","0.0","0.0","0.0","0.0","0.0","0.0","0.0","0.0","0.0"
"ischemic heart disease","-0.15311743","-0.006689525","-0.027291033","0.0012765183","-0.02442467","-0.0064697242","-0.01316582","-0.0007020722","-0.005387479","-7.5545504e-05","1.3969154e-05","-0.008930601","-0.0058702943","0.0009144299","-0.002191905","0.00068072375","0.004769958","-0.0026594377","0.0012356257","-0.0005457685","-0.0064956485","-0.06711237","-0.00035602483","0.0015081523","0.00028825126","0.0019035364","-0.0019369373","-0.0018442923","0.0","0.0","0.0","0.0","0.0","0.0","0.0","0.0","0.0","0.0","0.0","0.0","-0.0046900064","0.0","0.0","0.0","0.0","0.0","0.0","0.0","0.0","0.0","0.0","0.0","0.0","0.0","0.0","0.0","0.0","0.0","0.0","0.0","0.0","0.0","0.0","0.0"
"lactose intolerance","-0.15311743","-0.006689525","-0.027291033","0.0012765183","-0.02442467","-0.0064697242","-0.01316582","-0.0007020722","-0.005387479","-7.5545504e-05","1.3969154e-05","-0.008930601","-0.0058702943","0.0009144299","-0.002191905","0.00068072375","0.004769958","-0.0026594377","0.0012356257","-0.0005457685","-0.0064956485","-0.06711237","-0.00035602483","0.0015081523","0.00028825126","0.0019035364","-0.0019369373","-0.0018442923","0.0","0.0","0.0","0.0","0.0","0.0","0.0","0.0","0.0","0.0","0.0","0.0","-0.0046900064","0.0","0.0","0.0","0.0","0.0","0.0","0.0","0.0","0.0","0.0","0.0","0.0","0.0","0.0","0.0","0.0","0.0","0.0","0.0","0.0","0.0","0.0","0.0"
"laryngeal cancer","-0.15311743","-0.006689525","-0.027291033","0.0012765183","-0.02442467","-0.0064697242","-0.01316582","-0.0007020722","-0.005387479","-7.5545504e-05","1.3969154e-05","-0.008930601","-0.0058702943","0.0009144299","-0.002191905","0.00068072375","0.004769958","-0.0026594377","0.0012356257","-0.0005457685","-0.0064956485","-0.06711237","-0.00035602483","0.0015081523","0.00028825126","0.0019035364","-0.0019369373","-0.0018442923","0.0","0.0","0.0","0.0","0.0","0.0","0.0","0.0","0.0","0.0","0.0","0.0","-0.0046900064","0.0","0.0","0.0","0.0","0.0","0.0","0.0","0.0","0.0","0.0","0.0","0.0","0.0","0.0","0.0","0.0","0.0","0.0","0.0","0.0","0.0","0.0","0.0"
"laryngeal carcinoma","-0.15311743","-0.006689525","-0.027291033","0.0012765183","-0.02442467","-0.0064697242","-0.01316582","-0.0007020722","-0.005387479","-7.5545504e-05","1.3969154e-05","-0.008930601","-0.0058702943","0.0009144299","-0.002191905","0.00068072375","0.004769958","-0.0026594377","0.0012356257","-0.0005457685","-0.0064956485","-0.06711237","-0.00035602483","0.0015081523","0.00028825126","0.0019035364","-0.0019369373","-0.0018442923","0.0","0.0","0.0","0.0","0.0","0.0","0.0","0.0","0.0","0.0","0.0","0.0","-0.0046900064","0.0","0.0","0.0","0.0","0.0","0.0","0.0","0.0","0.0","0.0","0.0","0.0","0.0","0.0","0.0","0.0","0.0","0.0","0.0","0.0","0.0","0.0","0.0"
"leukemia","-0.15311743","-0.006689525","-0.027291033","0.0012765183","-0.02442467","-0.0064697242","-0.01316582","-0.0007020722","-0.005387479","-7.5545504e-05","1.3969154e-05","-0.008930601","-0.0058702943","0.0009144299","-0.002191905","0.00068072375","0.004769958","-0.0026594377","0.0012356257","-0.0005457685","-0.0064956485","-0.06711237","-0.00035602483","0.0015081523","0.00028825126","0.0019035364","-0.0019369373","-0.0018442923","0.0","0.0","0.0","0.0","0.0","0.0","0.0","0.0","0.0","0.0","0.0","0.0","-0.0046900064","0.0","0.0","0.0","0.0","0.0","0.0","0.0","0.0","0.0","0.0","0.0","0.0","0.0","0.0","0.0","0.0","0.0","0.0","0.0","0.0","0.0","0.0","0.0"
"lipid metabolism disorder","-0.15311743","-0.006689525","-0.027291033","0.0012765183","-0.02442467","-0.0064697242","-0.01316582","-0.0007020722","-0.005387479","-7.5545504e-05","1.3969154e-05","-0.008930601","-0.0058702943","0.0009144299","-0.002191905","0.00068072375","0.004769958","-0.0026594377","0.0012356257","-0.0005457685","-0.0064956485","-0.06711237","-0.00035602483","0.0015081523","0.00028825126","0.0019035364","-0.0019369373","-0.0018442923","0.0","0.0","0.0","0.0","0.0","0.0","0.0","0.0","0.0","0.0","0.0","0.0","-0.0046900064","0.0","0.0","0.0","0.0","0.0","0.0","0.0","0.0","0.0","0.0","0.0","0.0","0.0","0.0","0.0","0.0","0.0","0.0","0.0","0.0","0.0","0.0","0.0"
"lipid metabolism dysfunction","-0.15311743","-0.006689525","-0.027291033","0.0012765183","-0.02442467","-0.0064697242","-0.01316582","-0.0007020722","-0.005387479","-7.5545504e-05","1.3969154e-05","-0.008930601","-0.0058702943","0.0009144299","-0.002191905","0.00068072375","0.004769958","-0.0026594377","0.0012356257","-0.0005457685","-0.0064956485","-0.06711237","-0.00035602483","0.0015081523","0.00028825126","0.0019035364","-0.0019369373","-0.0018442923","0.0","0.0","0.0","0.0","0.0","0.0","0.0","0.0","0.0","0.0","0.0","0.0","-0.0046900064","0.0","0.0","0.0","0.0","0.0","0.0","0.0","0.0","0.0","0.0","0.0","0.0","0.0","0.0","0.0","0.0","0.0","0.0","0.0","0.0","0.0","0.0","0.0"
"liver cancer","-0.15311743","-0.006689525","-0.027291033","0.0012765183","-0.02442467","-0.0064697242","-0.01316582","-0.0007020722","-0.005387479","-7.5545504e-05","1.3969154e-05","-0.008930601","-0.0058702943","0.0009144299","-0.002191905","0.00068072375","0.004769958","-0.0026594377","0.0012356257","-0.0005457685","-0.0064956485","-0.06711237","-0.00035602483","0.0015081523","0.00028825126","0.0019035364","-0.0019369373","-0.0018442923","0.0","0.0","0.0","0.0","0.0","0.0","0.0","0.0","0.0","0.0","0.0","0.0","-0.0046900064","0.0","0.0","0.0","0.0","0.0","0.0","0.0","0.0","0.0","0.0","0.0","0.0","0.0","0.0","0.0","0.0","0.0","0.0","0.0","0.0","0.0","0.0","0.0"
"liver carcinoma","-0.15311743","-0.006689525","-0.027291033","0.0012765183","-0.02442467","-0.0064697242","-0.01316582","-0.0007020722","-0.005387479","-7.5545504e-05","1.3969154e-05","-0.008930601","-0.0058702943","0.0009144299","-0.002191905","0.00068072375","0.004769958","-0.0026594377","0.0012356257","-0.0005457685","-0.0064956485","-0.06711237","-0.00035602483","0.0015081523","0.00028825126","0.0019035364","-0.0019369373","-0.0018442923","0.0","0.0","0.0","0.0","0.0","0.0","0.0","0.0","0.0","0.0","0.0","0.0","-0.0046900064","0.0","0.0","0.0","0.0","0.0","0.0","0.0","0.0","0.0","0.0","0.0","0.0","0.0","0.0","0.0","0.0","0.0","0.0","0.0","0.0","0.0","0.0","0.0"
"liver cirrhosis","-0.15311743","-0.006689525","-0.027291033","0.0012765183","-0.02442467","-0.0064697242","-0.01316582","-0.0007020722","-0.005387479","-7.5545504e-05","1.3969154e-05","-0.008930601","-0.0058702943","0.0009144299","-0.002191905","0.00068072375","0.004769958","-0.0026594377","0.0012356257","-0.0005457685","-0.0064956485","-0.06711237","-0.00035602483","0.0015081523","0.00028825126","0.0019035364","-0.0019369373","-0.0018442923","0.0","0.0","0.0","0.0","0.0","0.0","0.0","0.0","0.0","0.0","0.0","0.0","-0.0046900064","0.0","0.0","0.0","0.0","0.0","0.0","0.0","0.0","0.0","0.0","0.0","0.0","0.0","0.0","0.0","0.0","0.0","0.0","0.0","0.0","0.0","0.0","0.0"
"liver disease","-0.15311743","-0.006689525","-0.027291033","0.0012765183","-0.02442467","-0.0064697242","-0.01316582","-0.0007020722","-0.005387479","-7.5545504e-05","1.3969154e-05","-0.008930601","-0.0058702943","0.0009144299","-0.002191905","0.00068072375","0.004769958","-0.0026594377","0.0012356257","-0.0005457685","-0.0064956485","-0.06711237","-0.00035602483","0.0015081523","0.00028825126","0.0019035364","-0.0019369373","-0.0018442923","0.0","0.0","0.0","0.0","0.0","0.0","0.0","0.0","0.0","0.0","0.0","0.0","-0.0046900064","0.0","0.0","0.0","0.0","0.0","0.0","0.0","0.0","0.0","0.0","0.0","0.0","0.0","0.0","0.0","0.0","0.0","0.0","0.0","0.0","0.0","0.0","0.0"
"liver inflammation","-0.15311743","-0.006689525","-0.027291033","0.0012765183","-0.02442467","-0.0064697242","-0.01316582","-0.0007020722","-0.005387479","-7.5545504e-05","1.3969154e-05","-0.008930601","-0.0058702943","0.0009144299","-0.002191905","0.00068072375","0.004769958","-0.0026594377","0.0012356257","-0.0005457685","-0.0064956485","-0.06711237","-0.00035602483","0.0015081523","0.00028825126","0.0019035364","-0.0019369373","-0.0018442923","0.0","0.0","0.0","0.0","0.0","0.0","0.0","0.0","0.0","0.0","0.0","0.0","-0.0046900064","0.0","0.0","0.0","0.0","0.0","0.0","0.0","0.0","0.0","0.0","0.0","0.0","0.0","0.0","0.0","0.0","0.0","0.0","0.0","0.0","0.0","0.0","0.0"
"low-grade inflammation","-0.15311743","-0.006689525","-0.027291033","0.0012765183","-0.02442467","-0.0064697242","-0.01316582","-0.0007020722","-0.005387479","-7.5545504e-05","1.3969154e-05","-0.008930601","-0.0058702943","0.0009144299","-0.002191905","0.00068072375","0.004769958","-0.0026594377","0.0012356257","-0.0005457685","-0.0064956485","-0.06711237","-0.00035602483","0.0015081523","0.00028825126","0.0019035364","-0.0019369373","-0.0018442923","0.0","0.0","0.0","0.0","0.0","0.0","0.0","0.0","0.0","0.0","0.0","0.0","-0.0046900064","0.0","0.0","0.0","0.0","0.0","0.0","0.0","0.0","0.0","0.0","0.0","0.0","0.0","0.0","0.0","0.0","0.0","0.0","0.0","0.0","0.0","0.0","0.0"
"lung cancer","-0.15311743","-0.006689525","-0.027291033","0.0012765183","-0.02442467","-0.0064697242","-0.01316582","-0.0007020722","-0.005387479","-7.5545504e-05","1.3969154e-05","-0.008930601","-0.0058702943","0.0009144299","-0.002191905","0.00068072375","0.004769958","-0.0026594377","0.0012356257","-0.0005457685","-0.0064956485","-0.06711237","-0.00035602483","0.0015081523","0.00028825126","0.0019035364","-0.0019369373","-0.0018442923","0.0","0.0","0.0","0.0","0.0","0.0","0.0","0.0","0.0","0.0","0.0","0.0","-0.0046900064","0.0","0.0","0.0","0.0","0.0","0.0","0.0","0.0","0.0","0.0","0.0","0.0","0.0","0.0","0.0","0.0","0.0","0.0","0.0","0.0","0.0","0.0","0.0"
"major depressive disorder","-0.15311743","-0.006689525","-0.027291033","0.0012765183","-0.02442467","-0.0064697242","-0.01316582","-0.0007020722","-0.005387479","-7.5545504e-05","1.3969154e-05","-0.008930601","-0.0058702943","0.0009144299","-0.002191905","0.00068072375","0.004769958","-0.0026594377","0.0012356257","-0.0005457685","-0.0064956485","-0.06711237","-0.00035602483","0.0015081523","0.00028825126","0.0019035364","-0.0019369373","-0.0018442923","0.0","0.0","0.0","0.0","0.0","0.0","0.0","0.0","0.0","0.0","0.0","0.0","-0.0046900064","0.0","0.0","0.0","0.0","0.0","0.0","0.0","0.0","0.0","0.0","0.0","0.0","0.0","0.0","0.0","0.0","0.0","0.0","0.0","0.0","0.0","0.0","0.0"
"meningitis","-0.15311743","-0.006689525","-0.027291033","0.0012765183","-0.02442467","-0.0064697242","-0.01316582","-0.0007020722","-0.005387479","-7.5545504e-05","1.3969154e-05","-0.008930601","-0.0058702943","0.0009144299","-0.002191905","0.00068072375","0.004769958","-0.0026594377","0.0012356257","-0.0005457685","-0.0064956485","-0.06711237","-0.00035602483","0.0015081523","0.00028825126","0.0019035364","-0.0019369373","-0.0018442923","0.0","0.0","0.0","0.0","0.0","0.0","0.0","0.0","0.0","0.0","0.0","0.0","-0.0046900064","0.0","0.0","0.0","0.0","0.0","0.0","0.0","0.0","0.0","0.0","0.0","0.0","0.0","0.0","0.0","0.0","0.0","0.0","0.0","0.0","0.0","0.0","0.0"
"metabolic diseases","-0.15311743","-0.006689525","-0.027291033","0.0012765183","-0.02442467","-0.0064697242","-0.01316582","-0.0007020722","-0.005387479","-7.5545504e-05","1.3969154e-05","-0.008930601","-0.0058702943","0.0009144299","-0.002191905","0.00068072375","0.004769958","-0.0026594377","0.0012356257","-0.0005457685","-0.0064956485","-0.06711237","-0.00035602483","0.0015081523","0.00028825126","0.0019035364","-0.0019369373","-0.0018442923","0.0","0.0","0.0","0.0","0.0","0.0","0.0","0.0","0.0","0.0","0.0","0.0","-0.0046900064","0.0","0.0","0.0","0.0","0.0","0.0","0.0","0.0","0.0","0.0","0.0","0.0","0.0","0.0","0.0","0.0","0.0","0.0","0.0","0.0","0.0","0.0","0.0"
"metabolic disorder","-0.15311743","-0.006689525","-0.027291033","0.0012765183","-0.02442467","-0.0064697242","-0.01316582","-0.0007020722","-0.005387479","-7.5545504e-05","1.3969154e-05","-0.008930601","-0.0058702943","0.0009144299","-0.002191905","0.00068072375","0.004769958","-0.0026594377","0.0012356257","-0.0005457685","-0.0064956485","-0.06711237","-0.00035602483","0.0015081523","0.00028825126","0.0019035364","-0.0019369373","-0.0018442923","0.0","0.0","0.0","0.0","0.0","0.0","0.0","0.0","0.0","0.0","0.0","0.0","-0.0046900064","0.0","0.0","0.0","0.0","0.0","0.0","0.0","0.0","0.0","0.0","0.0","0.0","0.0","0.0","0.0","0.0","0.0","0.0","0.0","0.0","0.0","0.0","0.0"
"metabolic disorders","-0.15311743","-0.006689525","-0.027291033","0.0012765183","-0.02442467","-0.0064697242","-0.01316582","-0.0007020722","-0.005387479","-7.5545504e-05","1.3969154e-05","-0.008930601","-0.0058702943","0.0009144299","-0.002191905","0.00068072375","0.004769958","-0.0026594377","0.0012356257","-0.0005457685","-0.0064956485","-0.06711237","-0.00035602483","0.0015081523","0.00028825126","0.0019035364","-0.0019369373","-0.0018442923","0.0","0.0","0.0","0.0","0.0","0.0","0.0","0.0","0.0","0.0","0.0","0.0","-0.0046900064","0.0","0.0","0.0","0.0","0.0","0.0","0.0","0.0","0.0","0.0","0.0","0.0","0.0","0.0","0.0","0.0","0.0","0.0","0.0","0.0","0.0","0.0","0.0"
"metabolic syndrome","-0.15311743","-0.006689525","-0.027291033","0.0012765183","-0.02442467","-0.0064697242","-0.01316582","-0.0007020722","-0.005387479","-7.5545504e-05","1.3969154e-05","-0.008930601","-0.0058702943","0.0009144299","-0.002191905","0.00068072375","0.004769958","-0.0026594377","0.0012356257","-0.0005457685","-0.0064956485","-0.06711237","-0.00035602483","0.0015081523","0.00028825126","0.0019035364","-0.0019369373","-0.0018442923","0.0","0.0","0.0","0.0","0.0","0.0","0.0","0.0","0.0","0.0","0.0","0.0","-0.0046900064","0.0","0.0","0.0","0.0","0.0","0.0","0.0","0.0","0.0","0.0","0.0","0.0","0.0","0.0","0.0","0.0","0.0","0.0","0.0","0.0","0.0","0.0","0.0"
"microbiota imbalance","-0.15311743","-0.006689525","-0.027291033","0.0012765183","-0.02442467","-0.0064697242","-0.01316582","-0.0007020722","-0.005387479","-7.5545504e-05","1.3969154e-05","-0.008930601","-0.0058702943","0.0009144299","-0.002191905","0.00068072375","0.004769958","-0.0026594377","0.0012356257","-0.0005457685","-0.0064956485","-0.06711237","-0.00035602483","0.0015081523","0.00028825126","0.0019035364","-0.0019369373","-0.0018442923","0.0","0.0","0.0","0.0","0.0","0.0","0.0","0.0","0.0","0.0","0.0","0.0","-0.0046900064","0.0","0.0","0.0","0.0","0.0","0.0","0.0","0.0","0.0","0.0","0.0","0.0","0.0","0.0","0.0","0.0","0.0","0.0","0.0","0.0","0.0","0.0","0.0"
"milk allergy","-0.15311743","-0.006689525","-0.027291033","0.0012765183","-0.02442467","-0.0064697242","-0.01316582","-0.0007020722","-0.005387479","-7.5545504e-05","1.3969154e-05","-0.008930601","-0.0058702943","0.0009144299","-0.002191905","0.00068072375","0.004769958","-0.0026594377","0.0012356257","-0.0005457685","-0.0064956485","-0.06711237","-0.00035602483","0.0015081523","0.00028825126","0.0019035364","-0.0019369373","-0.0018442923","0.0","0.0","0.0","0.0","0.0","0.0","0.0","0.0","0.0","0.0","0.0","0.0","-0.0046900064","0.0","0.0","0.0","0.0","0.0","0.0","0.0","0.0","0.0","0.0","0.0","0.0","0.0","0.0","0.0","0.0","0.0","0.0","0.0","0.0","0.0","0.0","0.0"
"multiple sclerosis","-0.15311743","-0.006689525","-0.027291033","0.0012765183","-0.02442467","-0.0064697242","-0.01316582","-0.0007020722","-0.005387479","-7.5545504e-05","1.3969154e-05","-0.008930601","-0.0058702943","0.0009144299","-0.002191905","0.00068072375","0.004769958","-0.0026594377","0.0012356257","-0.0005457685","-0.0064956485","-0.06711237","-0.00035602483","0.0015081523","0.00028825126","0.0019035364","-0.0019369373","-0.0018442923","0.0","0.0","0.0","0.0","0.0","0.0","0.0","0.0","0.0","0.0","0.0","0.0","-0.0046900064","0.0","0.0","0.0","0.0","0.0","0.0","0.0","0.0","0.0","0.0","0.0","0.0","0.0","0.0","0.0","0.0","0.0","0.0","0.0","0.0","0.0","0.0","0.0"
"myalgic encephalomyelitis/chronic fatigue syndrome","-0.15311743","-0.006689525","-0.027291033","0.0012765183","-0.02442467","-0.0064697242","-0.01316582","-0.0007020722","-0.005387479","-7.5545504e-05","1.3969154e-05","-0.008930601","-0.0058702943","0.0009144299","-0.002191905","0.00068072375","0.004769958","-0.0026594377","0.0012356257","-0.0005457685","-0.0064956485","-0.06711237","-0.00035602483","0.0015081523","0.00028825126","0.0019035364","-0.0019369373","-0.0018442923","0.0","0.0","0.0","0.0","0.0","0.0","0.0","0.0","0.0","0.0","0.0","0.0","-0.0046900064","0.0","0.0","0.0","0.0","0.0","0.0","0.0","0.0","0.0","0.0","0.0","0.0","0.0","0.0","0.0","0.0","0.0","0.0","0.0","0.0","0.0","0.0","0.0"
"myelination impairments","-0.15311743","-0.006689525","-0.027291033","0.0012765183","-0.02442467","-0.0064697242","-0.01316582","-0.0007020722","-0.005387479","-7.5545504e-05","1.3969154e-05","-0.008930601","-0.0058702943","0.0009144299","-0.002191905","0.00068072375","0.004769958","-0.0026594377","0.0012356257","-0.0005457685","-0.0064956485","-0.06711237","-0.00035602483","0.0015081523","0.00028825126","0.0019035364","-0.0019369373","-0.0018442923","0.0","0.0","0.0","0.0","0.0","0.0","0.0","0.0","0.0","0.0","0.0","0.0","-0.0046900064","0.0","0.0","0.0","0.0","0.0","0.0","0.0","0.0","0.0","0.0","0.0","0.0","0.0","0.0","0.0","0.0","0.0","0.0","0.0","0.0","0.0","0.0","0.0"
"necrotising enterocolitis","-0.15311743","-0.006689525","-0.027291033","0.0012765183","-0.02442467","-0.0064697242","-0.01316582","-0.0007020722","-0.005387479","-7.5545504e-05","1.3969154e-05","-0.008930601","-0.0058702943","0.0009144299","-0.002191905","0.00068072375","0.004769958","-0.0026594377","0.0012356257","-0.0005457685","-0.0064956485","-0.06711237","-0.00035602483","0.0015081523","0.00028825126","0.0019035364","-0.0019369373","-0.0018442923","0.0","0.0","0.0","0.0","0.0","0.0","0.0","0.0","0.0","0.0","0.0","0.0","-0.0046900064","0.0","0.0","0.0","0.0","0.0","0.0","0.0","0.0","0.0","0.0","0.0","0.0","0.0","0.0","0.0","0.0","0.0","0.0","0.0","0.0","0.0","0.0","0.0"
"necrotizing enterocolitis","-0.15311743","-0.006689525","-0.027291033","0.0012765183","-0.02442467","-0.0064697242","-0.01316582","-0.0007020722","-0.005387479","-7.5545504e-05","1.3969154e-05","-0.008930601","-0.0058702943","0.0009144299","-0.002191905","0.00068072375","0.004769958","-0.0026594377","0.0012356257","-0.0005457685","-0.0064956485","-0.06711237","-0.00035602483","0.0015081523","0.00028825126","0.0019035364","-0.0019369373","-0.0018442923","0.0","0.0","0.0","0.0","0.0","0.0","0.0","0.0","0.0","0.0","0.0","0.0","-0.0046900064","0.0","0.0","0.0","0.0","0.0","0.0","0.0","0.0","0.0","0.0","0.0","0.0","0.0","0.0","0.0","0.0","0.0","0.0","0.0","0.0","0.0","0.0","0.0"
"necrotizing fasciitis","-0.15311743","-0.006689525","-0.027291033","0.0012765183","-0.02442467","-0.0064697242","-0.01316582","-0.0007020722","-0.005387479","-7.5545504e-05","1.3969154e-05","-0.008930601","-0.0058702943","0.0009144299","-0.002191905","0.00068072375","0.004769958","-0.0026594377","0.0012356257","-0.0005457685","-0.0064956485","-0.06711237","-0.00035602483","0.0015081523","0.00028825126","0.0019035364","-0.0019369373","-0.0018442923","0.0","0.0","0.0","0.0","0.0","0.0","0.0","0.0","0.0","0.0","0.0","0.0","-0.0046900064","0.0","0.0","0.0","0.0","0.0","0.0","0.0","0.0","0.0","0.0","0.0","0.0","0.0","0.0","0.0","0.0","0.0","0.0","0.0","0.0","0.0","0.0","0.0"
"neonatal infection","-0.15311743","-0.006689525","-0.027291033","0.0012765183","-0.02442467","-0.0064697242","-0.01316582","-0.0007020722","-0.005387479","-7.5545504e-05","1.3969154e-05","-0.008930601","-0.0058702943","0.0009144299","-0.002191905","0.00068072375","0.004769958","-0.0026594377","0.0012356257","-0.0005457685","-0.0064956485","-0.06711237","-0.00035602483","0.0015081523","0.00028825126","0.0019035364","-0.0019369373","-0.0018442923","0.0","0.0","0.0","0.0","0.0","0.0","0.0","0.0","0.0","0.0","0.0","0.0","-0.0046900064","0.0","0.0","0.0","0.0","0.0","0.0","0.0","0.0","0.0","0.0","0.0","0.0","0.0","0.0","0.0","0.0","0.0","0.0","0.0","0.0","0.0","0.0","0.0"
"neuroblastoma","-0.15311743","-0.006689525","-0.027291033","0.0012765183","-0.02442467","-0.0064697242","-0.01316582","-0.0007020722","-0.005387479","-7.5545504e-05","1.3969154e-05","-0.008930601","-0.0058702943","0.0009144299","-0.002191905","0.00068072375","0.004769958","-0.0026594377","0.0012356257","-0.0005457685","-0.0064956485","-0.06711237","-0.00035602483","0.0015081523","0.00028825126","0.0019035364","-0.0019369373","-0.0018442923","0.0","0.0","0.0","0.0","0.0","0.0","0.0","0.0","0.0","0.0","0.0","0.0","-0.0046900064","0.0","0.0","0.0","0.0","0.0","0.0","0.0","0.0","0.0","0.0","0.0","0.0","0.0","0.0","0.0","0.0","0.0","0.0","0.0","0.0","0.0","0.0","0.0"
"neuromyelitis optica","-0.15311743","-0.006689525","-0.027291033","0.0012765183","-0.02442467","-0.0064697242","-0.01316582","-0.0007020722","-0.005387479","-7.5545504e-05","1.3969154e-05","-0.008930601","-0.0058702943","0.0009144299","-0.002191905","0.00068072375","0.004769958","-0.0026594377","0.0012356257","-0.0005457685","-0.0064956485","-0.06711237","-0.00035602483","0.0015081523","0.00028825126","0.0019035364","-0.0019369373","-0.0018442923","0.0","0.0","0.0","0.0","0.0","0.0","0.0","0.0","0.0","0.0","0.0","0.0","-0.0046900064","0.0","0.0","0.0","0.0","0.0","0.0","0.0","0.0","0.0","0.0","0.0","0.0","0.0","0.0","0.0","0.0","0.0","0.0","0.0","0.0","0.0","0.0","0.0"
"neuropathology","-0.15311743","-0.006689525","-0.027291033","0.0012765183","-0.02442467","-0.0064697242","-0.01316582","-0.0007020722","-0.005387479","-7.5545504e-05","1.3969154e-05","-0.008930601","-0.0058702943","0.0009144299","-0.002191905","0.00068072375","0.004769958","-0.0026594377","0.0012356257","-0.0005457685","-0.0064956485","-0.06711237","-0.00035602483","0.0015081523","0.00028825126","0.0019035364","-0.0019369373","-0.0018442923","0.0","0.0","0.0","0.0","0.0","0.0","0.0","0.0","0.0","0.0","0.0","0.0","-0.0046900064","0.0","0.0","0.0","0.0","0.0","0.0","0.0","0.0","0.0","0.0","0.0","0.0","0.0","0.0","0.0","0.0","0.0","0.0","0.0","0.0","0.0","0.0","0.0"
"non-HBV non-HCV related hepatocellular carcinoma","-0.15311743","-0.006689525","-0.027291033","0.0012765183","-0.02442467","-0.0064697242","-0.01316582","-0.0007020722","-0.005387479","-7.5545504e-05","1.3969154e-05","-0.008930601","-0.0058702943","0.0009144299","-0.002191905","0.00068072375","0.004769958","-0.0026594377","0.0012356257","-0.0005457685","-0.0064956485","-0.06711237","-0.00035602483","0.0015081523","0.00028825126","0.0019035364","-0.0019369373","-0.0018442923","0.0","0.0","0.0","0.0","0.0","0.0","0.0","0.0","0.0","0.0","0.0","0.0","-0.0046900064","0.0","0.0","0.0","0.0","0.0","0.0","0.0","0.0","0.0","0.0","0.0","0.0","0.0","0.0","0.0","0.0","0.0","0.0","0.0","0.0","0.0","0.0","0.0"
"non-alcoholic fatty liver disease","-0.15311743","-0.006689525","-0.027291033","0.0012765183","-0.02442467","-0.0064697242","-0.01316582","-0.0007020722","-0.005387479","-7.5545504e-05","1.3969154e-05","-0.008930601","-0.0058702943","0.0009144299","-0.002191905","0.00068072375","0.004769958","-0.0026594377","0.0012356257","-0.0005457685","-0.0064956485","-0.06711237","-0.00035602483","0.0015081523","0.00028825126","0.0019035364","-0.0019369373","-0.0018442923","0.0","0.0","0.0","0.0","0.0","0.0","0.0","0.0","0.0","0.0","0.0","0.0","-0.0046900064","0.0","0.0","0.0","0.0","0.0","0.0","0.0","0.0","0.0","0.0","0.0","0.0","0.0","0.0","0.0","0.0","0.0","0.0","0.0","0.0","0.0","0.0","0.0"
"non-alcoholic steatohepatitis","-0.15311743","-0.006689525","-0.027291033","0.0012765183","-0.02442467","-0.0064697242","-0.01316582","-0.0007020722","-0.005387479","-7.5545504e-05","1.3969154e-05","-0.008930601","-0.0058702943","0.0009144299","-0.002191905","0.00068072375","0.004769958","-0.0026594377","0.0012356257","-0.0005457685","-0.0064956485","-0.06711237","-0.00035602483","0.0015081523","0.00028825126","0.0019035364","-0.0019369373","-0.0018442923","0.0","0.0","0.0","0.0","0.0","0.0","0.0","0.0","0.0","0.0","0.0","0.0","-0.0046900064","0.0","0.0","0.0","0.0","0.0","0.0","0.0","0.0","0.0","0.0","0.0","0.0","0.0","0.0","0.0","0.0","0.0","0.0","0.0","0.0","0.0","0.0","0.0"
"non-celiac gluten sensitivity","-0.15311743","-0.006689525","-0.027291033","0.0012765183","-0.02442467","-0.0064697242","-0.01316582","-0.0007020722","-0.005387479","-7.5545504e-05","1.3969154e-05","-0.008930601","-0.0058702943","0.0009144299","-0.002191905","0.00068072375","0.004769958","-0.0026594377","0.0012356257","-0.0005457685","-0.0064956485","-0.06711237","-0.00035602483","0.0015081523","0.00028825126","0.0019035364","-0.0019369373","-0.0018442923","0.0","0.0","0.0","0.0","0.0","0.0","0.0","0.0","0.0","0.0","0.0","0.0","-0.0046900064","0.0","0.0","0.0","0.0","0.0","0.0","0.0","0.0","0.0","0.0","0.0","0.0","0.0","0.0","0.0","0.0","0.0","0.0","0.0","0.0","0.0","0.0","0.0"
"nonalcoholic steatohepatitis","-0.15311743","-0.006689525","-0.027291033","0.0012765183","-0.02442467","-0.0064697242","-0.01316582","-0.0007020722","-0.005387479","-7.5545504e-05","1.3969154e-05","-0.008930601","-0.0058702943","0.0009144299","-0.002191905","0.00068072375","0.004769958","-0.0026594377","0.0012356257","-0.0005457685","-0.0064956485","-0.06711237","-0.00035602483","0.0015081523","0.00028825126","0.0019035364","-0.0019369373","-0.0018442923","0.0","0.0","0.0","0.0","0.0","0.0","0.0","0.0","0.0","0.0","0.0","0.0","-0.0046900064","0.0","0.0","0.0","0.0","0.0","0.0","0.0","0.0","0.0","0.0","0.0","0.0","0.0","0.0","0.0","0.0","0.0","0.0","0.0","0.0","0.0","0.0","0.0"
"nosocomial diarrhea","-0.15311743","-0.006689525","-0.027291033","0.0012765183","-0.02442467","-0.0064697242","-0.01316582","-0.0007020722","-0.005387479","-7.5545504e-05","1.3969154e-05","-0.008930601","-0.0058702943","0.0009144299","-0.002191905","0.00068072375","0.004769958","-0.0026594377","0.0012356257","-0.0005457685","-0.0064956485","-0.06711237","-0.00035602483","0.0015081523","0.00028825126","0.0019035364","-0.0019369373","-0.0018442923","0.0","0.0","0.0","0.0","0.0","0.0","0.0","0.0","0.0","0.0","0.0","0.0","-0.0046900064","0.0","0.0","0.0","0.0","0.0","0.0","0.0","0.0","0.0","0.0","0.0","0.0","0.0","0.0","0.0","0.0","0.0","0.0","0.0","0.0","0.0","0.0","0.0"
"nosocomial infections","-0.15311743","-0.006689525","-0.027291033","0.0012765183","-0.02442467","-0.0064697242","-0.01316582","-0.0007020722","-0.005387479","-7.5545504e-05","1.3969154e-05","-0.008930601","-0.0058702943","0.0009144299","-0.002191905","0.00068072375","0.004769958","-0.0026594377","0.0012356257","-0.0005457685","-0.0064956485","-0.06711237","-0.00035602483","0.0015081523","0.00028825126","0.0019035364","-0.0019369373","-0.0018442923","0.0","0.0","0.0","0.0","0.0","0.0","0.0","0.0","0.0","0.0","0.0","0.0","-0.0046900064","0.0","0.0","0.0","0.0","0.0","0.0","0.0","0.0","0.0","0.0","0.0","0.0","0.0","0.0","0.0","0.0","0.0","0.0","0.0","0.0","0.0","0.0","0.0"
"obesity","-0.15311743","-0.006689525","-0.027291033","0.0012765183","-0.02442467","-0.0064697242","-0.01316582","-0.0007020722","-0.005387479","-7.5545504e-05","1.3969154e-05","-0.008930601","-0.0058702943","0.0009144299","-0.002191905","0.00068072375","0.004769958","-0.0026594377","0.0012356257","-0.0005457685","-0.0064956485","-0.06711237","-0.00035602483","0.0015081523","0.00028825126","0.0019035364","-0.0019369373","-0.0018442923","0.0","0.0","0.0","0.0","0.0","0.0","0.0","0.0","0.0","0.0","0.0","0.0","-0.0046900064","0.0","0.0","0.0","0.0","0.0","0.0","0.0","0.0","0.0","0.0","0.0","0.0","0.0","0.0","0.0","0.0","0.0","0.0","0.0","0.0","0.0","0.0","0.0"
"oesophageal adenocarcinoma","-0.15311743","-0.006689525","-0.027291033","0.0012765183","-0.02442467","-0.0064697242","-0.01316582","-0.0007020722","-0.005387479","-7.5545504e-05","1.3969154e-05","-0.008930601","-0.0058702943","0.0009144299","-0.002191905","0.00068072375","0.004769958","-0.0026594377","0.0012356257","-0.0005457685","-0.0064956485","-0.06711237","-0.00035602483","0.0015081523","0.00028825126","0.0019035364","-0.0019369373","-0.0018442923","0.0","0.0","0.0","0.0","0.0","0.0","0.0","0.0","0.0","0.0","0.0","0.0","-0.0046900064","0.0","0.0","0.0","0.0","0.0","0.0","0.0","0.0","0.0","0.0","0.0","0.0","0.0","0.0","0.0","0.0","0.0","0.0","0.0","0.0","0.0","0.0","0.0"
"oesophageal squamous cell carcinoma","-0.15311743","-0.006689525","-0.027291033","0.0012765183","-0.02442467","-0.0064697242","-0.01316582","-0.0007020722","-0.005387479","-7.5545504e-05","1.3969154e-05","-0.008930601","-0.0058702943","0.0009144299","-0.002191905","0.00068072375","0.004769958","-0.0026594377","0.0012356257","-0.0005457685","-0.0064956485","-0.06711237","-0.00035602483","0.0015081523","0.00028825126","0.0019035364","-0.0019369373","-0.0018442923","0.0","0.0","0.0","0.0","0.0","0.0","0.0","0.0","0.0","0.0","0.0","0.0","-0.0046900064","0.0","0.0","0.0","0.0","0.0","0.0","0.0","0.0","0.0","0.0","0.0","0.0","0.0","0.0","0.0","0.0","0.0","0.0","0.0","0.0","0.0","0.0","0.0"
"opportunistic pathogen infection","-0.15311743","-0.006689525","-0.027291033","0.0012765183","-0.02442467","-0.0064697242","-0.01316582","-0.0007020722","-0.005387479","-7.5545504e-05","1.3969154e-05","-0.008930601","-0.0058702943","0.0009144299","-0.002191905","0.00068072375","0.004769958","-0.0026594377","0.0012356257","-0.0005457685","-0.0064956485","-0.06711237","-0.00035602483","0.0015081523","0.00028825126","0.0019035364","-0.0019369373","-0.0018442923","0.0","0.0","0.0","0.0","0.0","0.0","0.0","0.0","0.0","0.0","0.0","0.0","-0.0046900064","0.0","0.0","0.0","0.0","0.0","0.0","0.0","0.0","0.0","0.0","0.0","0.0","0.0","0.0","0.0","0.0","0.0","0.0","0.0","0.0","0.0","0.0","0.0"
"opportunistic pulmonary infections","-0.15311743","-0.006689525","-0.027291033","0.0012765183","-0.02442467","-0.0064697242","-0.01316582","-0.0007020722","-0.005387479","-7.5545504e-05","1.3969154e-05","-0.008930601","-0.0058702943","0.0009144299","-0.002191905","0.00068072375","0.004769958","-0.0026594377","0.0012356257","-0.0005457685","-0.0064956485","-0.06711237","-0.00035602483","0.0015081523","0.00028825126","0.0019035364","-0.0019369373","-0.0018442923","0.0","0.0","0.0","0.0","0.0","0.0","0.0","0.0","0.0","0.0","0.0","0.0","-0.0046900064","0.0","0.0","0.0","0.0","0.0","0.0","0.0","0.0","0.0","0.0","0.0","0.0","0.0","0.0","0.0","0.0","0.0","0.0","0.0","0.0","0.0","0.0","0.0"
"oral cancer","-0.15311743","-0.006689525","-0.027291033","0.0012765183","-0.02442467","-0.0064697242","-0.01316582","-0.0007020722","-0.005387479","-7.5545504e-05","1.3969154e-05","-0.008930601","-0.0058702943","0.0009144299","-0.002191905","0.00068072375","0.004769958","-0.0026594377","0.0012356257","-0.0005457685","-0.0064956485","-0.06711237","-0.00035602483","0.0015081523","0.00028825126","0.0019035364","-0.0019369373","-0.0018442923","0.0","0.0","0.0","0.0","0.0","0.0","0.0","0.0","0.0","0.0","0.0","0.0","-0.0046900064","0.0","0.0","0.0","0.0","0.0","0.0","0.0","0.0","0.0","0.0","0.0","0.0","0.0","0.0","0.0","0.0","0.0","0.0","0.0","0.0","0.0","0.0","0.0"
"oral squamous cell carcinoma","-0.15311743","-0.006689525","-0.027291033","0.0012765183","-0.02442467","-0.0064697242","-0.01316582","-0.0007020722","-0.005387479","-7.5545504e-05","1.3969154e-05","-0.008930601","-0.0058702943","0.0009144299","-0.002191905","0.00068072375","0.004769958","-0.0026594377","0.0012356257","-0.0005457685","-0.0064956485","-0.06711237","-0.00035602483","0.0015081523","0.00028825126","0.0019035364","-0.0019369373","-0.0018442923","0.0","0.0","0.0","0.0","0.0","0.0","0.0","0.0","0.0","0.0","0.0","0.0","-0.0046900064","0.0","0.0","0.0","0.0","0.0","0.0","0.0","0.0","0.0","0.0","0.0","0.0","0.0","0.0","0.0","0.0","0.0","0.0","0.0","0.0","0.0","0.0","0.0"
"oral tongue cancer","-0.15311743","-0.006689525","-0.027291033","0.0012765183","-0.02442467","-0.0064697242","-0.01316582","-0.0007020722","-0.005387479","-7.5545504e-05","1.3969154e-05","-0.008930601","-0.0058702943","0.0009144299","-0.002191905","0.00068072375","0.004769958","-0.0026594377","0.0012356257","-0.0005457685","-0.0064956485","-0.06711237","-0.00035602483","0.0015081523","0.00028825126","0.0019035364","-0.0019369373","-0.0018442923","0.0","0.0","0.0","0.0","0.0","0.0","0.0","0.0","0.0","0.0","0.0","0.0","-0.0046900064","0.0","0.0","0.0","0.0","0.0","0.0","0.0","0.0","0.0","0.0","0.0","0.0","0.0","0.0","0.0","0.0","0.0","0.0","0.0","0.0","0.0","0.0","0.0"
"oropharyngeal cancer","-0.15311743","-0.006689525","-0.027291033","0.0012765183","-0.02442467","-0.0064697242","-0.01316582","-0.0007020722","-0.005387479","-7.5545504e-05","1.3969154e-05","-0.008930601","-0.0058702943","0.0009144299","-0.002191905","0.00068072375","0.004769958","-0.0026594377","0.0012356257","-0.0005457685","-0.0064956485","-0.06711237","-0.00035602483","0.0015081523","0.00028825126","0.0019035364","-0.0019369373","-0.0018442923","0.0","0.0","0.0","0.0","0.0","0.0","0.0","0.0","0.0","0.0","0.0","0.0","-0.0046900064","0.0","0.0","0.0","0.0","0.0","0.0","0.0","0.0","0.0","0.0","0.0","0.0","0.0","0.0","0.0","0.0","0.0","0.0","0.0","0.0","0.0","0.0","0.0"
"osmotic diarrhea","-0.15311743","-0.006689525","-0.027291033","0.0012765183","-0.02442467","-0.0064697242","-0.01316582","-0.0007020722","-0.005387479","-7.5545504e-05","1.3969154e-05","-0.008930601","-0.0058702943","0.0009144299","-0.002191905","0.00068072375","0.004769958","-0.0026594377","0.0012356257","-0.0005457685","-0.0064956485","-0.06711237","-0.00035602483","0.0015081523","0.00028825126","0.0019035364","-0.0019369373","-0.0018442923","0.0","0.0","0.0","0.0","0.0","0.0","0.0","0.0","0.0","0.0","0.0","0.0","-0.0046900064","0.0","0.0","0.0","0.0","0.0","0.0","0.0","0.0","0.0","0.0","0.0","0.0","0.0","0.0","0.0","0.0","0.0","0.0","0.0","0.0","0.0","0.0","0.0"
"osteoarthritis","-0.15311743","-0.006689525","-0.027291033","0.0012765183","-0.02442467","-0.0064697242","-0.01316582","-0.0007020722","-0.005387479","-7.5545504e-05","1.3969154e-05","-0.008930601","-0.0058702943","0.0009144299","-0.002191905","0.00068072375","0.004769958","-0.0026594377","0.0012356257","-0.0005457685","-0.0064956485","-0.06711237","-0.00035602483","0.0015081523","0.00028825126","0.0019035364","-0.0019369373","-0.0018442923","0.0","0.0","0.0","0.0","0.0","0.0","0.0","0.0","0.0","0.0","0.0","0.0","-0.0046900064","0.0","0.0","0.0","0.0","0.0","0.0","0.0","0.0","0.0","0.0","0.0","0.0","0.0","0.0","0.0","0.0","0.0","0.0","0.0","0.0","0.0","0.0","0.0"
"osteoporosis","-0.15311743","-0.006689525","-0.027291033","0.0012765183","-0.02442467","-0.0064697242","-0.01316582","-0.0007020722","-0.005387479","-7.5545504e-05","1.3969154e-05","-0.008930601","-0.0058702943","0.0009144299","-0.002191905","0.00068072375","0.004769958","-0.0026594377","0.0012356257","-0.0005457685","-0.0064956485","-0.06711237","-0.00035602483","0.0015081523","0.00028825126","0.0019035364","-0.0019369373","-0.0018442923","0.0","0.0","0.0","0.0","0.0","0.0","0.0","0.0","0.0","0.0","0.0","0.0","-0.0046900064","0.0","0.0","0.0","0.0","0.0","0.0","0.0","0.0","0.0","0.0","0.0","0.0","0.0","0.0","0.0","0.0","0.0","0.0","0.0","0.0","0.0","0.0","0.0"
"ovarian cancer","-0.15311743","-0.006689525","-0.027291033","0.0012765183","-0.02442467","-0.0064697242","-0.01316582","-0.0007020722","-0.005387479","-7.5545504e-05","1.3969154e-05","-0.008930601","-0.0058702943","0.0009144299","-0.002191905","0.00068072375","0.004769958","-0.0026594377","0.0012356257","-0.0005457685","-0.0064956485","-0.06711237","-0.00035602483","0.0015081523","0.00028825126","0.0019035364","-0.0019369373","-0.0018442923","0.0","0.0","0.0","0.0","0.0","0.0","0.0","0.0","0.0","0.0","0.0","0.0","-0.0046900064","0.0","0.0","0.0","0.0","0.0","0.0","0.0","0.0","0.0","0.0","0.0","0.0","0.0","0.0","0.0","0.0","0.0","0.0","0.0","0.0","0.0","0.0","0.0"
"ovarian carcinoma","-0.15311743","-0.006689525","-0.027291033","0.0012765183","-0.02442467","-0.0064697242","-0.01316582","-0.0007020722","-0.005387479","-7.5545504e-05","1.3969154e-05","-0.008930601","-0.0058702943","0.0009144299","-0.002191905","0.00068072375","0.004769958","-0.0026594377","0.0012356257","-0.0005457685","-0.0064956485","-0.06711237","-0.00035602483","0.0015081523","0.00028825126","0.0019035364","-0.0019369373","-0.0018442923","0.0","0.0","0.0","0.0","0.0","0.0","0.0","0.0","0.0","0.0","0.0","0.0","-0.0046900064","0.0","0.0","0.0","0.0","0.0","0.0","0.0","0.0","0.0","0.0","0.0","0.0","0.0","0.0","0.0","0.0","0.0","0.0","0.0","0.0","0.0","0.0","0.0"
"overweight","-0.15311743","-0.006689525","-0.027291033","0.0012765183","-0.02442467","-0.0064697242","-0.01316582","-0.0007020722","-0.005387479","-7.5545504e-05","1.3969154e-05","-0.008930601","-0.0058702943","0.0009144299","-0.002191905","0.00068072375","0.004769958","-0.0026594377","0.0012356257","-0.0005457685","-0.0064956485","-0.06711237","-0.00035602483","0.0015081523","0.00028825126","0.0019035364","-0.0019369373","-0.0018442923","0.0","0.0","0.0","0.0","0.0","0.0","0.0","0.0","0.0","0.0","0.0","0.0","-0.0046900064","0.0","0.0","0.0","0.0","0.0","0.0","0.0","0.0","0.0","0.0","0.0","0.0","0.0","0.0","0.0","0.0","0.0","0.0","0.0","0.0","0.0","0.0","0.0"
"oxidative stress-related ailments","-0.15311743","-0.006689525","-0.027291033","0.0012765183","-0.02442467","-0.0064697242","-0.01316582","-0.0007020722","-0.005387479","-7.5545504e-05","1.3969154e-05","-0.008930601","-0.0058702943","0.0009144299","-0.002191905","0.00068072375","0.004769958","-0.0026594377","0.0012356257","-0.0005457685","-0.0064956485","-0.06711237","-0.00035602483","0.0015081523","0.00028825126","0.0019035364","-0.0019369373","-0.0018442923","0.0","0.0","0.0","0.0","0.0","0.0","0.0","0.0","0.0","0.0","0.0","0.0","-0.0046900064","0.0","0.0","0.0","0.0","0.0","0.0","0.0","0.0","0.0","0.0","0.0","0.0","0.0","0.0","0.0","0.0","0.0","0.0","0.0","0.0","0.0","0.0","0.0"
"pancreatic cancer","-0.15311743","-0.006689525","-0.027291033","0.0012765183","-0.02442467","-0.0064697242","-0.01316582","-0.0007020722","-0.005387479","-7.5545504e-05","1.3969154e-05","-0.008930601","-0.0058702943","0.0009144299","-0.002191905","0.00068072375","0.004769958","-0.0026594377","0.0012356257","-0.0005457685","-0.0064956485","-0.06711237","-0.00035602483","0.0015081523","0.00028825126","0.0019035364","-0.0019369373","-0.0018442923","0.0","0.0","0.0","0.0","0.0","0.0","0.0","0.0","0.0","0.0","0.0","0.0","-0.0046900064","0.0","0.0","0.0","0.0","0.0","0.0","0.0","0.0","0.0","0.0","0.0","0.0","0.0","0.0","0.0","0.0","0.0","0.0","0.0","0.0","0.0","0.0","0.0"
"pancreatic head cancer","-0.15311743","-0.006689525","-0.027291033","0.0012765183","-0.02442467","-0.0064697242","-0.01316582","-0.0007020722","-0.005387479","-7.5545504e-05","1.3969154e-05","-0.008930601","-0.0058702943","0.0009144299","-0.002191905","0.00068072375","0.004769958","-0.0026594377","0.0012356257","-0.0005457685","-0.0064956485","-0.06711237","-0.00035602483","0.0015081523","0.00028825126","0.0019035364","-0.0019369373","-0.0018442923","0.0","0.0","0.0","0.0","0.0","0.0","0.0","0.0","0.0","0.0","0.0","0.0","-0.0046900064","0.0","0.0","0.0","0.0","0.0","0.0","0.0","0.0","0.0","0.0","0.0","0.0","0.0","0.0","0.0","0.0","0.0","0.0","0.0","0.0","0.0","0.0","0.0"
"pediatric multiple sclerosis","-0.15311743","-0.006689525","-0.027291033","0.0012765183","-0.02442467","-0.0064697242","-0.01316582","-0.0007020722","-0.005387479","-7.5545504e-05","1.3969154e-05","-0.008930601","-0.0058702943","0.0009144299","-0.002191905","0.00068072375","0.004769958","-0.0026594377","0.0012356257","-0.0005457685","-0.0064956485","-0.06711237","-0.00035602483","0.0015081523","0.00028825126","0.0019035364","-0.0019369373","-0.0018442923","0.0","0.0","0.0","0.0","0.0","0.0","0.0","0.0","0.0","0.0","0.0","0.0","-0.0046900064","0.0","0.0","0.0","0.0","0.0","0.0","0.0","0.0","0.0","0.0","0.0","0.0","0.0","0.0","0.0","0.0","0.0","0.0","0.0","0.0","0.0","0.0","0.0"
"pediatric obesity","-0.15311743","-0.006689525","-0.027291033","0.0012765183","-0.02442467","-0.0064697242","-0.01316582","-0.0007020722","-0.005387479","-7.5545504e-05","1.3969154e-05","-0.008930601","-0.0058702943","0.0009144299","-0.002191905","0.00068072375","0.004769958","-0.0026594377","0.0012356257","-0.0005457685","-0.0064956485","-0.06711237","-0.00035602483","0.0015081523","0.00028825126","0.0019035364","-0.0019369373","-0.0018442923","0.0","0.0","0.0","0.0","0.0","0.0","0.0","0.0","0.0","0.0","0.0","0.0","-0.0046900064","0.0","0.0","0.0","0.0","0.0","0.0","0.0","0.0","0.0","0.0","0.0","0.0","0.0","0.0","0.0","0.0","0.0","0.0","0.0","0.0","0.0","0.0","0.0"
"peptic ulcer","-0.15311743","-0.006689525","-0.027291033","0.0012765183","-0.02442467","-0.0064697242","-0.01316582","-0.0007020722","-0.005387479","-7.5545504e-05","1.3969154e-05","-0.008930601","-0.0058702943","0.0009144299","-0.002191905","0.00068072375","0.004769958","-0.0026594377","0.0012356257","-0.0005457685","-0.0064956485","-0.06711237","-0.00035602483","0.0015081523","0.00028825126","0.0019035364","-0.0019369373","-0.0018442923","0.0","0.0","0.0","0.0","0.0","0.0","0.0","0.0","0.0","0.0","0.0","0.0","-0.0046900064","0.0","0.0","0.0","0.0","0.0","0.0","0.0","0.0","0.0","0.0","0.0","0.0","0.0","0.0","0.0","0.0","0.0","0.0","0.0","0.0","0.0","0.0","0.0"
"peptic ulcer disease","-0.15311743","-0.006689525","-0.027291033","0.0012765183","-0.02442467","-0.0064697242","-0.01316582","-0.0007020722","-0.005387479","-7.5545504e-05","1.3969154e-05","-0.008930601","-0.0058702943","0.0009144299","-0.002191905","0.00068072375","0.004769958","-0.0026594377","0.0012356257","-0.0005457685","-0.0064956485","-0.06711237","-0.00035602483","0.0015081523","0.00028825126","0.0019035364","-0.0019369373","-0.0018442923","0.0","0.0","0.0","0.0","0.0","0.0","0.0","0.0","0.0","0.0","0.0","0.0","-0.0046900064","0.0","0.0","0.0","0.0","0.0","0.0","0.0","0.0","0.0","0.0","0.0","0.0","0.0","0.0","0.0","0.0","0.0","0.0","0.0","0.0","0.0","0.0","0.0"
"perceived stress","-0.15311743","-0.006689525","-0.027291033","0.0012765183","-0.02442467","-0.0064697242","-0.01316582","-0.0007020722","-0.005387479","-7.5545504e-05","1.3969154e-05","-0.008930601","-0.0058702943","0.0009144299","-0.002191905","0.00068072375","0.004769958","-0.0026594377","0.0012356257","-0.0005457685","-0.0064956485","-0.06711237","-0.00035602483","0.0015081523","0.00028825126","0.0019035364","-0.0019369373","-0.0018442923","0.0","0.0","0.0","0.0","0.0","0.0","0.0","0.0","0.0","0.0","0.0","0.0","-0.0046900064","0.0","0.0","0.0","0.0","0.0","0.0","0.0","0.0","0.0","0.0","0.0","0.0","0.0","0.0","0.0","0.0","0.0","0.0","0.0","0.0","0.0","0.0","0.0"
"periodontitis","-0.15311743","-0.006689525","-0.027291033","0.0012765183","-0.02442467","-0.0064697242","-0.01316582","-0.0007020722","-0.005387479","-7.5545504e-05","1.3969154e-05","-0.008930601","-0.0058702943","0.0009144299","-0.002191905","0.00068072375","0.004769958","-0.0026594377","0.0012356257","-0.0005457685","-0.0064956485","-0.06711237","-0.00035602483","0.0015081523","0.00028825126","0.0019035364","-0.0019369373","-0.0018442923","0.0","0.0","0.0","0.0","0.0","0.0","0.0","0.0","0.0","0.0","0.0","0.0","-0.0046900064","0.0","0.0","0.0","0.0","0.0","0.0","0.0","0.0","0.0","0.0","0.0","0.0","0.0","0.0","0.0","0.0","0.0","0.0","0.0","0.0","0.0","0.0","0.0"
"photo-ageing","-0.15311743","-0.006689525","-0.027291033","0.0012765183","-0.02442467","-0.0064697242","-0.01316582","-0.0007020722","-0.005387479","-7.5545504e-05","1.3969154e-05","-0.008930601","-0.0058702943","0.0009144299","-0.002191905","0.00068072375","0.004769958","-0.0026594377","0.0012356257","-0.0005457685","-0.0064956485","-0.06711237","-0.00035602483","0.0015081523","0.00028825126","0.0019035364","-0.0019369373","-0.0018442923","0.0","0.0","0.0","0.0","0.0","0.0","0.0","0.0","0.0","0.0","0.0","0.0","-0.0046900064","0.0","0.0","0.0","0.0","0.0","0.0","0.0","0.0","0.0","0.0","0.0","0.0","0.0","0.0","0.0","0.0","0.0","0.0","0.0","0.0","0.0","0.0","0.0"
"plaque psoriasis","-0.15311743","-0.006689525","-0.027291033","0.0012765183","-0.02442467","-0.0064697242","-0.01316582","-0.0007020722","-0.005387479","-7.5545504e-05","1.3969154e-05","-0.008930601","-0.0058702943","0.0009144299","-0.002191905","0.00068072375","0.004769958","-0.0026594377","0.0012356257","-0.0005457685","-0.0064956485","-0.06711237","-0.00035602483","0.0015081523","0.00028825126","0.0019035364","-0.0019369373","-0.0018442923","0.0","0.0","0.0","0.0","0.0","0.0","0.0","0.0","0.0","0.0","0.0","0.0","-0.0046900064","0.0","0.0","0.0","0.0","0.0","0.0","0.0","0.0","0.0","0.0","0.0","0.0","0.0","0.0","0.0","0.0","0.0","0.0","0.0","0.0","0.0","0.0","0.0"
"pneumonia","-0.15311743","-0.006689525","-0.027291033","0.0012765183","-0.02442467","-0.0064697242","-0.01316582","-0.0007020722","-0.005387479","-7.5545504e-05","1.3969154e-05","-0.008930601","-0.0058702943","0.0009144299","-0.002191905","0.00068072375","0.004769958","-0.0026594377","0.0012356257","-0.0005457685","-0.0064956485","-0.06711237","-0.00035602483","0.0015081523","0.00028825126","0.0019035364","-0.0019369373","-0.0018442923","0.0","0.0","0.0","0.0","0.0","0.0","0.0","0.0","0.0","0.0","0.0","0.0","-0.0046900064","0.0","0.0","0.0","0.0","0.0","0.0","0.0","0.0","0.0","0.0","0.0","0.0","0.0","0.0","0.0","0.0","0.0","0.0","0.0","0.0","0.0","0.0","0.0"
"postoperative delirium","-0.15311743","-0.006689525","-0.027291033","0.0012765183","-0.02442467","-0.0064697242","-0.01316582","-0.0007020722","-0.005387479","-7.5545504e-05","1.3969154e-05","-0.008930601","-0.0058702943","0.0009144299","-0.002191905","0.00068072375","0.004769958","-0.0026594377","0.0012356257","-0.0005457685","-0.0064956485","-0.06711237","-0.00035602483","0.0015081523","0.00028825126","0.0019035364","-0.0019369373","-0.0018442923","0.0","0.0","0.0","0.0","0.0","0.0","0.0","0.0","0.0","0.0","0.0","0.0","-0.0046900064","0.0","0.0","0.0","0.0","0.0","0.0","0.0","0.0","0.0","0.0","0.0","0.0","0.0","0.0","0.0","0.0","0.0","0.0","0.0","0.0","0.0","0.0","0.0"
"posttransplant complications","-0.15311743","-0.006689525","-0.027291033","0.0012765183","-0.02442467","-0.0064697242","-0.01316582","-0.0007020722","-0.005387479","-7.5545504e-05","1.3969154e-05","-0.008930601","-0.0058702943","0.0009144299","-0.002191905","0.00068072375","0.004769958","-0.0026594377","0.0012356257","-0.0005457685","-0.0064956485","-0.06711237","-0.00035602483","0.0015081523","0.00028825126","0.0019035364","-0.0019369373","-0.0018442923","0.0","0.0","0.0","0.0","0.0","0.0","0.0","0.0","0.0","0.0","0.0","0.0","-0.0046900064","0.0","0.0","0.0","0.0","0.0","0.0","0.0","0.0","0.0","0.0","0.0","0.0","0.0","0.0","0.0","0.0","0.0","0.0","0.0","0.0","0.0","0.0","0.0"
"posttransplant diarrhea","-0.15311743","-0.006689525","-0.027291033","0.0012765183","-0.02442467","-0.0064697242","-0.01316582","-0.0007020722","-0.005387479","-7.5545504e-05","1.3969154e-05","-0.008930601","-0.0058702943","0.0009144299","-0.002191905","0.00068072375","0.004769958","-0.0026594377","0.0012356257","-0.0005457685","-0.0064956485","-0.06711237","-0.00035602483","0.0015081523","0.00028825126","0.0019035364","-0.0019369373","-0.0018442923","0.0","0.0","0.0","0.0","0.0","0.0","0.0","0.0","0.0","0.0","0.0","0.0","-0.0046900064","0.0","0.0","0.0","0.0","0.0","0.0","0.0","0.0","0.0","0.0","0.0","0.0","0.0","0.0","0.0","0.0","0.0","0.0","0.0","0.0","0.0","0.0","0.0"
"pouchitis","-0.15311743","-0.006689525","-0.027291033","0.0012765183","-0.02442467","-0.0064697242","-0.01316582","-0.0007020722","-0.005387479","-7.5545504e-05","1.3969154e-05","-0.008930601","-0.0058702943","0.0009144299","-0.002191905","0.00068072375","0.004769958","-0.0026594377","0.0012356257","-0.0005457685","-0.0064956485","-0.06711237","-0.00035602483","0.0015081523","0.00028825126","0.0019035364","-0.0019369373","-0.0018442923","0.0","0.0","0.0","0.0","0.0","0.0","0.0","0.0","0.0","0.0","0.0","0.0","-0.0046900064","0.0","0.0","0.0","0.0","0.0","0.0","0.0","0.0","0.0","0.0","0.0","0.0","0.0","0.0","0.0","0.0","0.0","0.0","0.0","0.0","0.0","0.0","0.0"
"pre-cancerous pancreatic lesions","-0.15311743","-0.006689525","-0.027291033","0.0012765183","-0.02442467","-0.0064697242","-0.01316582","-0.0007020722","-0.005387479","-7.5545504e-05","1.3969154e-05","-0.008930601","-0.0058702943","0.0009144299","-0.002191905","0.00068072375","0.004769958","-0.0026594377","0.0012356257","-0.0005457685","-0.0064956485","-0.06711237","-0.00035602483","0.0015081523","0.00028825126","0.0019035364","-0.0019369373","-0.0018442923","0.0","0.0","0.0","0.0","0.0","0.0","0.0","0.0","0.0","0.0","0.0","0.0","-0.0046900064","0.0","0.0","0.0","0.0","0.0","0.0","0.0","0.0","0.0","0.0","0.0","0.0","0.0","0.0","0.0","0.0","0.0","0.0","0.0","0.0","0.0","0.0","0.0"
"preeclampsia","-0.15311743","-0.006689525","-0.027291033","0.0012765183","-0.02442467","-0.0064697242","-0.01316582","-0.0007020722","-0.005387479","-7.5545504e-05","1.3969154e-05","-0.008930601","-0.0058702943","0.0009144299","-0.002191905","0.00068072375","0.004769958","-0.0026594377","0.0012356257","-0.0005457685","-0.0064956485","-0.06711237","-0.00035602483","0.0015081523","0.00028825126","0.0019035364","-0.0019369373","-0.0018442923","0.0","0.0","0.0","0.0","0.0","0.0","0.0","0.0","0.0","0.0","0.0","0.0","-0.0046900064","0.0","0.0","0.0","0.0","0.0","0.0","0.0","0.0","0.0","0.0","0.0","0.0","0.0","0.0","0.0","0.0","0.0","0.0","0.0","0.0","0.0","0.0","0.0"
"pregnancy-related gastrointestinal issues","-0.15311743","-0.006689525","-0.027291033","0.0012765183","-0.02442467","-0.0064697242","-0.01316582","-0.0007020722","-0.005387479","-7.5545504e-05","1.3969154e-05","-0.008930601","-0.0058702943","0.0009144299","-0.002191905","0.00068072375","0.004769958","-0.0026594377","0.0012356257","-0.0005457685","-0.0064956485","-0.06711237","-0.00035602483","0.0015081523","0.00028825126","0.0019035364","-0.0019369373","-0.0018442923","0.0","0.0","0.0","0.0","0.0","0.0","0.0","0.0","0.0","0.0","0.0","0.0","-0.0046900064","0.0","0.0","0.0","0.0","0.0","0.0","0.0","0.0","0.0","0.0","0.0","0.0","0.0","0.0","0.0","0.0","0.0","0.0","0.0","0.0","0.0","0.0","0.0"
"preterm infant gut dysbiosis","-0.15311743","-0.006689525","-0.027291033","0.0012765183","-0.02442467","-0.0064697242","-0.01316582","-0.0007020722","-0.005387479","-7.5545504e-05","1.3969154e-05","-0.008930601","-0.0058702943","0.0009144299","-0.002191905","0.00068072375","0.004769958","-0.0026594377","0.0012356257","-0.0005457685","-0.0064956485","-0.06711237","-0.00035602483","0.0015081523","0.00028825126","0.0019035364","-0.0019369373","-0.0018442923","0.0","0.0","0.0","0.0","0.0","0.0","0.0","0.0","0.0","0.0","0.0","0.0","-0.0046900064","0.0","0.0","0.0","0.0","0.0","0.0","0.0","0.0","0.0","0.0","0.0","0.0","0.0","0.0","0.0","0.0","0.0","0.0","0.0","0.0","0.0","0.0","0.0"
"primary Sjogrens syndrome","-0.15311743","-0.006689525","-0.027291033","0.0012765183","-0.02442467","-0.0064697242","-0.01316582","-0.0007020722","-0.005387479","-7.5545504e-05","1.3969154e-05","-0.008930601","-0.0058702943","0.0009144299","-0.002191905","0.00068072375","0.004769958","-0.0026594377","0.0012356257","-0.0005457685","-0.0064956485","-0.06711237","-0.00035602483","0.0015081523","0.00028825126","0.0019035364","-0.0019369373","-0.0018442923","0.0","0.0","0.0","0.0","0.0","0.0","0.0","0.0","0.0","0.0","0.0","0.0","-0.0046900064","0.0","0.0","0.0","0.0","0.0","0.0","0.0","0.0","0.0","0.0","0.0","0.0","0.0","0.0","0.0","0.0","0.0","0.0","0.0","0.0","0.0","0.0","0.0"
"primary biliary cholangitis","-0.15311743","-0.006689525","-0.027291033","0.0012765183","-0.02442467","-0.0064697242","-0.01316582","-0.0007020722","-0.005387479","-7.5545504e-05","1.3969154e-05","-0.008930601","-0.0058702943","0.0009144299","-0.002191905","0.00068072375","0.004769958","-0.0026594377","0.0012356257","-0.0005457685","-0.0064956485","-0.06711237","-0.00035602483","0.0015081523","0.00028825126","0.0019035364","-0.0019369373","-0.0018442923","0.0","0.0","0.0","0.0","0.0","0.0","0.0","0.0","0.0","0.0","0.0","0.0","-0.0046900064","0.0","0.0","0.0","0.0","0.0","0.0","0.0","0.0","0.0","0.0","0.0","0.0","0.0","0.0","0.0","0.0","0.0","0.0","0.0","0.0","0.0","0.0","0.0"
"primary liver cancer","-0.15311743","-0.006689525","-0.027291033","0.0012765183","-0.02442467","-0.0064697242","-0.01316582","-0.0007020722","-0.005387479","-7.5545504e-05","1.3969154e-05","-0.008930601","-0.0058702943","0.0009144299","-0.002191905","0.00068072375","0.004769958","-0.0026594377","0.0012356257","-0.0005457685","-0.0064956485","-0.06711237","-0.00035602483","0.0015081523","0.00028825126","0.0019035364","-0.0019369373","-0.0018442923","0.0","0.0","0.0","0.0","0.0","0.0","0.0","0.0","0.0","0.0","0.0","0.0","-0.0046900064","0.0","0.0","0.0","0.0","0.0","0.0","0.0","0.0","0.0","0.0","0.0","0.0","0.0","0.0","0.0","0.0","0.0","0.0","0.0","0.0","0.0","0.0","0.0"
"primary sclerosing cholangitis","-0.15311743","-0.006689525","-0.027291033","0.0012765183","-0.02442467","-0.0064697242","-0.01316582","-0.0007020722","-0.005387479","-7.5545504e-05","1.3969154e-05","-0.008930601","-0.0058702943","0.0009144299","-0.002191905","0.00068072375","0.004769958","-0.0026594377","0.0012356257","-0.0005457685","-0.0064956485","-0.06711237","-0.00035602483","0.0015081523","0.00028825126","0.0019035364","-0.0019369373","-0.0018442923","0.0","0.0","0.0","0.0","0.0","0.0","0.0","0.0","0.0","0.0","0.0","0.0","-0.0046900064","0.0","0.0","0.0","0.0","0.0","0.0","0.0","0.0","0.0","0.0","0.0","0.0","0.0","0.0","0.0","0.0","0.0","0.0","0.0","0.0","0.0","0.0","0.0"
"prostate cancer","-0.15311743","-0.006689525","-0.027291033","0.0012765183","-0.02442467","-0.0064697242","-0.01316582","-0.0007020722","-0.005387479","-7.5545504e-05","1.3969154e-05","-0.008930601","-0.0058702943","0.0009144299","-0.002191905","0.00068072375","0.004769958","-0.0026594377","0.0012356257","-0.0005457685","-0.0064956485","-0.06711237","-0.00035602483","0.0015081523","0.00028825126","0.0019035364","-0.0019369373","-0.0018442923","0.0","0.0","0.0","0.0","0.0","0.0","0.0","0.0","0.0","0.0","0.0","0.0","-0.0046900064","0.0","0.0","0.0","0.0","0.0","0.0","0.0","0.0","0.0","0.0","0.0","0.0","0.0","0.0","0.0","0.0","0.0","0.0","0.0","0.0","0.0","0.0","0.0"
"protein-energy undernutrition","-0.15311743","-0.006689525","-0.027291033","0.0012765183","-0.02442467","-0.0064697242","-0.01316582","-0.0007020722","-0.005387479","-7.5545504e-05","1.3969154e-05","-0.008930601","-0.0058702943","0.0009144299","-0.002191905","0.00068072375","0.004769958","-0.0026594377","0.0012356257","-0.0005457685","-0.0064956485","-0.06711237","-0.00035602483","0.0015081523","0.00028825126","0.0019035364","-0.0019369373","-0.0018442923","0.0","0.0","0.0","0.0","0.0","0.0","0.0","0.0","0.0","0.0","0.0","0.0","-0.0046900064","0.0","0.0","0.0","0.0","0.0","0.0","0.0","0.0","0.0","0.0","0.0","0.0","0.0","0.0","0.0","0.0","0.0","0.0","0.0","0.0","0.0","0.0","0.0"
"pseudomembraneous colitis","-0.15311743","-0.006689525","-0.027291033","0.0012765183","-0.02442467","-0.0064697242","-0.01316582","-0.0007020722","-0.005387479","-7.5545504e-05","1.3969154e-05","-0.008930601","-0.0058702943","0.0009144299","-0.002191905","0.00068072375","0.004769958","-0.0026594377","0.0012356257","-0.0005457685","-0.0064956485","-0.06711237","-0.00035602483","0.0015081523","0.00028825126","0.0019035364","-0.0019369373","-0.0018442923","0.0","0.0","0.0","0.0","0.0","0.0","0.0","0.0","0.0","0.0","0.0","0.0","-0.0046900064","0.0","0.0","0.0","0.0","0.0","0.0","0.0","0.0","0.0","0.0","0.0","0.0","0.0","0.0","0.0","0.0","0.0","0.0","0.0","0.0","0.0","0.0","0.0"
"psoriasis","-0.15311743","-0.006689525","-0.027291033","0.0012765183","-0.02442467","-0.0064697242","-0.01316582","-0.0007020722","-0.005387479","-7.5545504e-05","1.3969154e-05","-0.008930601","-0.0058702943","0.0009144299","-0.002191905","0.00068072375","0.004769958","-0.0026594377","0.0012356257","-0.0005457685","-0.0064956485","-0.06711237","-0.00035602483","0.0015081523","0.00028825126","0.0019035364","-0.0019369373","-0.0018442923","0.0","0.0","0.0","0.0","0.0","0.0","0.0","0.0","0.0","0.0","0.0","0.0","-0.0046900064","0.0","0.0","0.0","0.0","0.0","0.0","0.0","0.0","0.0","0.0","0.0","0.0","0.0","0.0","0.0","0.0","0.0","0.0","0.0","0.0","0.0","0.0","0.0"
"pyogenic liver abscess","-0.15311743","-0.006689525","-0.027291033","0.0012765183","-0.02442467","-0.0064697242","-0.01316582","-0.0007020722","-0.005387479","-7.5545504e-05","1.3969154e-05","-0.008930601","-0.0058702943","0.0009144299","-0.002191905","0.00068072375","0.004769958","-0.0026594377","0.0012356257","-0.0005457685","-0.0064956485","-0.06711237","-0.00035602483","0.0015081523","0.00028825126","0.0019035364","-0.0019369373","-0.0018442923","0.0","0.0","0.0","0.0","0.0","0.0","0.0","0.0","0.0","0.0","0.0","0.0","-0.0046900064","0.0","0.0","0.0","0.0","0.0","0.0","0.0","0.0","0.0","0.0","0.0","0.0","0.0","0.0","0.0","0.0","0.0","0.0","0.0","0.0","0.0","0.0","0.0"
"reactive hypoglycemia","-0.15311743","-0.006689525","-0.027291033","0.0012765183","-0.02442467","-0.0064697242","-0.01316582","-0.0007020722","-0.005387479","-7.5545504e-05","1.3969154e-05","-0.008930601","-0.0058702943","0.0009144299","-0.002191905","0.00068072375","0.004769958","-0.0026594377","0.0012356257","-0.0005457685","-0.0064956485","-0.06711237","-0.00035602483","0.0015081523","0.00028825126","0.0019035364","-0.0019369373","-0.0018442923","0.0","0.0","0.0","0.0","0.0","0.0","0.0","0.0","0.0","0.0","0.0","0.0","-0.0046900064","0.0","0.0","0.0","0.0","0.0","0.0","0.0","0.0","0.0","0.0","0.0","0.0","0.0","0.0","0.0","0.0","0.0","0.0","0.0","0.0","0.0","0.0","0.0"
"rectal cancer","-0.15311743","-0.006689525","-0.027291033","0.0012765183","-0.02442467","-0.0064697242","-0.01316582","-0.0007020722","-0.005387479","-7.5545504e-05","1.3969154e-05","-0.008930601","-0.0058702943","0.0009144299","-0.002191905","0.00068072375","0.004769958","-0.0026594377","0.0012356257","-0.0005457685","-0.0064956485","-0.06711237","-0.00035602483","0.0015081523","0.00028825126","0.0019035364","-0.0019369373","-0.0018442923","0.0","0.0","0.0","0.0","0.0","0.0","0.0","0.0","0.0","0.0","0.0","0.0","-0.0046900064","0.0","0.0","0.0","0.0","0.0","0.0","0.0","0.0","0.0","0.0","0.0","0.0","0.0","0.0","0.0","0.0","0.0","0.0","0.0","0.0","0.0","0.0","0.0"
"rectal neoplasms","5.2130938","-2.2468574","0.37287158","-3.2264888","0.12883417","-0.6989923","3.1840384","-11.015463","5.429144","-4.9454994","-15.279964","17.05235","-4.6537147","-3.335269","-2.420294","2.2963295","-3.2413654","-0.33736822","1.0172144","-0.39540312","-9.803817","7.636212","-4.746713","12.704434","-14.830425","-7.946511","0.3734698","-11.515045","0.0","0.0","0.0","0.0","0.0","0.0","0.0","0.0","0.0","0.0","0.0","0.0","5.0180984","0.0","0.0","0.0","0.0","0.0","0.0","0.0","0.0","0.0","0.0","0.0","0.0","0.0","0.0","0.0","0.0","0.0","0.0","0.0","0.0","0.0","0.0","0.0"
"recurrent wheeze","-0.15311743","-0.006689525","-0.027291033","0.0012765183","-0.02442467","-0.0064697242","-0.01316582","-0.0007020722","-0.005387479","-7.5545504e-05","1.3969154e-05","-0.008930601","-0.0058702943","0.0009144299","-0.002191905","0.00068072375","0.004769958","-0.0026594377","0.0012356257","-0.0005457685","-0.0064956485","-0.06711237","-0.00035602483","0.0015081523","0.00028825126","0.0019035364","-0.0019369373","-0.0018442923","0.0","0.0","0.0","0.0","0.0","0.0","0.0","0.0","0.0","0.0","0.0","0.0","-0.0046900064","0.0","0.0","0.0","0.0","0.0","0.0","0.0","0.0","0.0","0.0","0.0","0.0","0.0","0.0","0.0","0.0","0.0","0.0","0.0","0.0","0.0","0.0","0.0"
"refractory epilepsy","-0.15311743","-0.006689525","-0.027291033","0.0012765183","-0.02442467","-0.0064697242","-0.01316582","-0.0007020722","-0.005387479","-7.5545504e-05","1.3969154e-05","-0.008930601","-0.0058702943","0.0009144299","-0.002191905","0.00068072375","0.004769958","-0.0026594377","0.0012356257","-0.0005457685","-0.0064956485","-0.06711237","-0.00035602483","0.0015081523","0.00028825126","0.0019035364","-0.0019369373","-0.0018442923","0.0","0.0","0.0","0.0","0.0","0.0","0.0","0.0","0.0","0.0","0.0","0.0","-0.0046900064","0.0","0.0","0.0","0.0","0.0","0.0","0.0","0.0","0.0","0.0","0.0","0.0","0.0","0.0","0.0","0.0","0.0","0.0","0.0","0.0","0.0","0.0","0.0"
"relapsing-remitting multiple sclerosis","-0.15311743","-0.006689525","-0.027291033","0.0012765183","-0.02442467","-0.0064697242","-0.01316582","-0.0007020722","-0.005387479","-7.5545504e-05","1.3969154e-05","-0.008930601","-0.0058702943","0.0009144299","-0.002191905","0.00068072375","0.004769958","-0.0026594377","0.0012356257","-0.0005457685","-0.0064956485","-0.06711237","-0.00035602483","0.0015081523","0.00028825126","0.0019035364","-0.0019369373","-0.0018442923","0.0","0.0","0.0","0.0","0.0","0.0","0.0","0.0","0.0","0.0","0.0","0.0","-0.0046900064","0.0","0.0","0.0","0.0","0.0","0.0","0.0","0.0","0.0","0.0","0.0","0.0","0.0","0.0","0.0","0.0","0.0","0.0","0.0","0.0","0.0","0.0","0.0"
"respiratory infections","-0.15311743","-0.006689525","-0.027291033","0.0012765183","-0.02442467","-0.0064697242","-0.01316582","-0.0007020722","-0.005387479","-7.5545504e-05","1.3969154e-05","-0.008930601","-0.0058702943","0.0009144299","-0.002191905","0.00068072375","0.004769958","-0.0026594377","0.0012356257","-0.0005457685","-0.0064956485","-0.06711237","-0.00035602483","0.0015081523","0.00028825126","0.0019035364","-0.0019369373","-0.0018442923","0.0","0.0","0.0","0.0","0.0","0.0","0.0","0.0","0.0","0.0","0.0","0.0","-0.0046900064","0.0","0.0","0.0","0.0","0.0","0.0","0.0","0.0","0.0","0.0","0.0","0.0","0.0","0.0","0.0","0.0","0.0","0.0","0.0","0.0","0.0","0.0","0.0"
"respiratory tract infections","-0.15311743","-0.006689525","-0.027291033","0.0012765183","-0.02442467","-0.0064697242","-0.01316582","-0.0007020722","-0.005387479","-7.5545504e-05","1.3969154e-05","-0.008930601","-0.0058702943","0.0009144299","-0.002191905","0.00068072375","0.004769958","-0.0026594377","0.0012356257","-0.0005457685","-0.0064956485","-0.06711237","-0.00035602483","0.0015081523","0.00028825126","0.0019035364","-0.0019369373","-0.0018442923","0.0","0.0","0.0","0.0","0.0","0.0","0.0","0.0","0.0","0.0","0.0","0.0","-0.0046900064","0.0","0.0","0.0","0.0","0.0","0.0","0.0","0.0","0.0","0.0","0.0","0.0","0.0","0.0","0.0","0.0","0.0","0.0","0.0","0.0","0.0","0.0","0.0"
"rheumatoid arthritis","-0.15311743","-0.006689525","-0.027291033","0.0012765183","-0.02442467","-0.0064697242","-0.01316582","-0.0007020722","-0.005387479","-7.5545504e-05","1.3969154e-05","-0.008930601","-0.0058702943","0.0009144299","-0.002191905","0.00068072375","0.004769958","-0.0026594377","0.0012356257","-0.0005457685","-0.0064956485","-0.06711237","-0.00035602483","0.0015081523","0.00028825126","0.0019035364","-0.0019369373","-0.0018442923","0.0","0.0","0.0","0.0","0.0","0.0","0.0","0.0","0.0","0.0","0.0","0.0","-0.0046900064","0.0","0.0","0.0","0.0","0.0","0.0","0.0","0.0","0.0","0.0","0.0","0.0","0.0","0.0","0.0","0.0","0.0","0.0","0.0","0.0","0.0","0.0","0.0"
"sarcopenia","-0.15311743","-0.006689525","-0.027291033","0.0012765183","-0.02442467","-0.0064697242","-0.01316582","-0.0007020722","-0.005387479","-7.5545504e-05","1.3969154e-05","-0.008930601","-0.0058702943","0.0009144299","-0.002191905","0.00068072375","0.004769958","-0.0026594377","0.0012356257","-0.0005457685","-0.0064956485","-0.06711237","-0.00035602483","0.0015081523","0.00028825126","0.0019035364","-0.0019369373","-0.0018442923","0.0","0.0","0.0","0.0","0.0","0.0","0.0","0.0","0.0","0.0","0.0","0.0","-0.0046900064","0.0","0.0","0.0","0.0","0.0","0.0","0.0","0.0","0.0","0.0","0.0","0.0","0.0","0.0","0.0","0.0","0.0","0.0","0.0","0.0","0.0","0.0","0.0"
"sepsis","-0.15311743","-0.006689525","-0.027291033","0.0012765183","-0.02442467","-0.0064697242","-0.01316582","-0.0007020722","-0.005387479","-7.5545504e-05","1.3969154e-05","-0.008930601","-0.0058702943","0.0009144299","-0.002191905","0.00068072375","0.004769958","-0.0026594377","0.0012356257","-0.0005457685","-0.0064956485","-0.06711237","-0.00035602483","0.0015081523","0.00028825126","0.0019035364","-0.0019369373","-0.0018442923","0.0","0.0","0.0","0.0","0.0","0.0","0.0","0.0","0.0","0.0","0.0","0.0","-0.0046900064","0.0","0.0","0.0","0.0","0.0","0.0","0.0","0.0","0.0","0.0","0.0","0.0","0.0","0.0","0.0","0.0","0.0","0.0","0.0","0.0","0.0","0.0","0.0"
"septicemia","-0.15311743","-0.006689525","-0.027291033","0.0012765183","-0.02442467","-0.0064697242","-0.01316582","-0.0007020722","-0.005387479","-7.5545504e-05","1.3969154e-05","-0.008930601","-0.0058702943","0.0009144299","-0.002191905","0.00068072375","0.004769958","-0.0026594377","0.0012356257","-0.0005457685","-0.0064956485","-0.06711237","-0.00035602483","0.0015081523","0.00028825126","0.0019035364","-0.0019369373","-0.0018442923","0.0","0.0","0.0","0.0","0.0","0.0","0.0","0.0","0.0","0.0","0.0","0.0","-0.0046900064","0.0","0.0","0.0","0.0","0.0","0.0","0.0","0.0","0.0","0.0","0.0","0.0","0.0","0.0","0.0","0.0","0.0","0.0","0.0","0.0","0.0","0.0","0.0"
"severe acute malnutrition","-0.15311743","-0.006689525","-0.027291033","0.0012765183","-0.02442467","-0.0064697242","-0.01316582","-0.0007020722","-0.005387479","-7.5545504e-05","1.3969154e-05","-0.008930601","-0.0058702943","0.0009144299","-0.002191905","0.00068072375","0.004769958","-0.0026594377","0.0012356257","-0.0005457685","-0.0064956485","-0.06711237","-0.00035602483","0.0015081523","0.00028825126","0.0019035364","-0.0019369373","-0.0018442923","0.0","0.0","0.0","0.0","0.0","0.0","0.0","0.0","0.0","0.0","0.0","0.0","-0.0046900064","0.0","0.0","0.0","0.0","0.0","0.0","0.0","0.0","0.0","0.0","0.0","0.0","0.0","0.0","0.0","0.0","0.0","0.0","0.0","0.0","0.0","0.0","0.0"
"severe skin and soft tissue infection","-0.15311743","-0.006689525","-0.027291033","0.0012765183","-0.02442467","-0.0064697242","-0.01316582","-0.0007020722","-0.005387479","-7.5545504e-05","1.3969154e-05","-0.008930601","-0.0058702943","0.0009144299","-0.002191905","0.00068072375","0.004769958","-0.0026594377","0.0012356257","-0.0005457685","-0.0064956485","-0.06711237","-0.00035602483","0.0015081523","0.00028825126","0.0019035364","-0.0019369373","-0.0018442923","0.0","0.0","0.0","0.0","0.0","0.0","0.0","0.0","0.0","0.0","0.0","0.0","-0.0046900064","0.0","0.0","0.0","0.0","0.0","0.0","0.0","0.0","0.0","0.0","0.0","0.0","0.0","0.0","0.0","0.0","0.0","0.0","0.0","0.0","0.0","0.0","0.0"
"sinusitis","-0.15311743","-0.006689525","-0.027291033","0.0012765183","-0.02442467","-0.0064697242","-0.01316582","-0.0007020722","-0.005387479","-7.5545504e-05","1.3969154e-05","-0.008930601","-0.0058702943","0.0009144299","-0.002191905","0.00068072375","0.004769958","-0.0026594377","0.0012356257","-0.0005457685","-0.0064956485","-0.06711237","-0.00035602483","0.0015081523","0.00028825126","0.0019035364","-0.0019369373","-0.0018442923","0.0","0.0","0.0","0.0","0.0","0.0","0.0","0.0","0.0","0.0","0.0","0.0","-0.0046900064","0.0","0.0","0.0","0.0","0.0","0.0","0.0","0.0","0.0","0.0","0.0","0.0","0.0","0.0","0.0","0.0","0.0","0.0","0.0","0.0","0.0","0.0","0.0"
"skin diseases","-0.15311743","-0.006689525","-0.027291033","0.0012765183","-0.02442467","-0.0064697242","-0.01316582","-0.0007020722","-0.005387479","-7.5545504e-05","1.3969154e-05","-0.008930601","-0.0058702943","0.0009144299","-0.002191905","0.00068072375","0.004769958","-0.0026594377","0.0012356257","-0.0005457685","-0.0064956485","-0.06711237","-0.00035602483","0.0015081523","0.00028825126","0.0019035364","-0.0019369373","-0.0018442923","0.0","0.0","0.0","0.0","0.0","0.0","0.0","0.0","0.0","0.0","0.0","0.0","-0.0046900064","0.0","0.0","0.0","0.0","0.0","0.0","0.0","0.0","0.0","0.0","0.0","0.0","0.0","0.0","0.0","0.0","0.0","0.0","0.0","0.0","0.0","0.0","0.0"
"slow gastrointestinal transit","-0.15311743","-0.006689525","-0.027291033","0.0012765183","-0.02442467","-0.0064697242","-0.01316582","-0.0007020722","-0.005387479","-7.5545504e-05","1.3969154e-05","-0.008930601","-0.0058702943","0.0009144299","-0.002191905","0.00068072375","0.004769958","-0.0026594377","0.0012356257","-0.0005457685","-0.0064956485","-0.06711237","-0.00035602483","0.0015081523","0.00028825126","0.0019035364","-0.0019369373","-0.0018442923","0.0","0.0","0.0","0.0","0.0","0.0","0.0","0.0","0.0","0.0","0.0","0.0","-0.0046900064","0.0","0.0","0.0","0.0","0.0","0.0","0.0","0.0","0.0","0.0","0.0","0.0","0.0","0.0","0.0","0.0","0.0","0.0","0.0","0.0","0.0","0.0","0.0"
"small intestinal mucositis","-0.15311743","-0.006689525","-0.027291033","0.0012765183","-0.02442467","-0.0064697242","-0.01316582","-0.0007020722","-0.005387479","-7.5545504e-05","1.3969154e-05","-0.008930601","-0.0058702943","0.0009144299","-0.002191905","0.00068072375","0.004769958","-0.0026594377","0.0012356257","-0.0005457685","-0.0064956485","-0.06711237","-0.00035602483","0.0015081523","0.00028825126","0.0019035364","-0.0019369373","-0.0018442923","0.0","0.0","0.0","0.0","0.0","0.0","0.0","0.0","0.0","0.0","0.0","0.0","-0.0046900064","0.0","0.0","0.0","0.0","0.0","0.0","0.0","0.0","0.0","0.0","0.0","0.0","0.0","0.0","0.0","0.0","0.0","0.0","0.0","0.0","0.0","0.0","0.0"
"spondyloarthropathies","-0.15311743","-0.006689525","-0.027291033","0.0012765183","-0.02442467","-0.0064697242","-0.01316582","-0.0007020722","-0.005387479","-7.5545504e-05","1.3969154e-05","-0.008930601","-0.0058702943","0.0009144299","-0.002191905","0.00068072375","0.004769958","-0.0026594377","0.0012356257","-0.0005457685","-0.0064956485","-0.06711237","-0.00035602483","0.0015081523","0.00028825126","0.0019035364","-0.0019369373","-0.0018442923","0.0","0.0","0.0","0.0","0.0","0.0","0.0","0.0","0.0","0.0","0.0","0.0","-0.0046900064","0.0","0.0","0.0","0.0","0.0","0.0","0.0","0.0","0.0","0.0","0.0","0.0","0.0","0.0","0.0","0.0","0.0","0.0","0.0","0.0","0.0","0.0","0.0"
"spontaneous bacterial peritonitis","-0.15311743","-0.006689525","-0.027291033","0.0012765183","-0.02442467","-0.0064697242","-0.01316582","-0.0007020722","-0.005387479","-7.5545504e-05","1.3969154e-05","-0.008930601","-0.0058702943","0.0009144299","-0.002191905","0.00068072375","0.004769958","-0.0026594377","0.0012356257","-0.0005457685","-0.0064956485","-0.06711237","-0.00035602483","0.0015081523","0.00028825126","0.0019035364","-0.0019369373","-0.0018442923","0.0","0.0","0.0","0.0","0.0","0.0","0.0","0.0","0.0","0.0","0.0","0.0","-0.0046900064","0.0","0.0","0.0","0.0","0.0","0.0","0.0","0.0","0.0","0.0","0.0","0.0","0.0","0.0","0.0","0.0","0.0","0.0","0.0","0.0","0.0","0.0","0.0"
"squamous cell carcinoma","-0.15311743","-0.006689525","-0.027291033","0.0012765183","-0.02442467","-0.0064697242","-0.01316582","-0.0007020722","-0.005387479","-7.5545504e-05","1.3969154e-05","-0.008930601","-0.0058702943","0.0009144299","-0.002191905","0.00068072375","0.004769958","-0.0026594377","0.0012356257","-0.0005457685","-0.0064956485","-0.06711237","-0.00035602483","0.0015081523","0.00028825126","0.0019035364","-0.0019369373","-0.0018442923","0.0","0.0","0.0","0.0","0.0","0.0","0.0","0.0","0.0","0.0","0.0","0.0","-0.0046900064","0.0","0.0","0.0","0.0","0.0","0.0","0.0","0.0","0.0","0.0","0.0","0.0","0.0","0.0","0.0","0.0","0.0","0.0","0.0","0.0","0.0","0.0","0.0"
"stomach adenocarcinoma","-0.15311743","-0.006689525","-0.027291033","0.0012765183","-0.02442467","-0.0064697242","-0.01316582","-0.0007020722","-0.005387479","-7.5545504e-05","1.3969154e-05","-0.008930601","-0.0058702943","0.0009144299","-0.002191905","0.00068072375","0.004769958","-0.0026594377","0.0012356257","-0.0005457685","-0.0064956485","-0.06711237","-0.00035602483","0.0015081523","0.00028825126","0.0019035364","-0.0019369373","-0.0018442923","0.0","0.0","0.0","0.0","0.0","0.0","0.0","0.0","0.0","0.0","0.0","0.0","-0.0046900064","0.0","0.0","0.0","0.0","0.0","0.0","0.0","0.0","0.0","0.0","0.0","0.0","0.0","0.0","0.0","0.0","0.0","0.0","0.0","0.0","0.0","0.0","0.0"
"stomach cancer","-0.15311743","-0.006689525","-0.027291033","0.0012765183","-0.02442467","-0.0064697242","-0.01316582","-0.0007020722","-0.005387479","-7.5545504e-05","1.3969154e-05","-0.008930601","-0.0058702943","0.0009144299","-0.002191905","0.00068072375","0.004769958","-0.0026594377","0.0012356257","-0.0005457685","-0.0064956485","-0.06711237","-0.00035602483","0.0015081523","0.00028825126","0.0019035364","-0.0019369373","-0.0018442923","0.0","0.0","0.0","0.0","0.0","0.0","0.0","0.0","0.0","0.0","0.0","0.0","-0.0046900064","0.0","0.0","0.0","0.0","0.0","0.0","0.0","0.0","0.0","0.0","0.0","0.0","0.0","0.0","0.0","0.0","0.0","0.0","0.0","0.0","0.0","0.0","0.0"
"stomach neoplasms","3.3772151","-2.5167193","0.94460696","-6.3357406","23.674196","5.254632","-11.61057","3.1851225","-2.364892","1.6732211","-2.1857023","1.0263304","-0.84098303","0.8562421","0.5767407","-0.494731","0.28119493","0.066806786","-0.044276047","0.71924484","2.4120512","3.551067","2.2835827","2.1255937","-2.2465117","-0.16148803","-1.7806143","-1.0897899","0.0","0.0","0.0","0.0","0.0","0.0","0.0","0.0","0.0","0.0","0.0","0.0","8.559602","0.0","0.0","0.0","0.0","0.0","0.0","0.0","0.0","0.0","0.0","0.0","0.0","0.0","0.0","0.0","0.0","0.0","0.0","0.0","0.0","0.0","0.0","0.0"
"stress and depression","-0.15311743","-0.006689525","-0.027291033","0.0012765183","-0.02442467","-0.0064697242","-0.01316582","-0.0007020722","-0.005387479","-7.5545504e-05","1.3969154e-05","-0.008930601","-0.0058702943","0.0009144299","-0.002191905","0.00068072375","0.004769958","-0.0026594377","0.0012356257","-0.0005457685","-0.0064956485","-0.06711237","-0.00035602483","0.0015081523","0.00028825126","0.0019035364","-0.0019369373","-0.0018442923","0.0","0.0","0.0","0.0","0.0","0.0","0.0","0.0","0.0","0.0","0.0","0.0","-0.0046900064","0.0","0.0","0.0","0.0","0.0","0.0","0.0","0.0","0.0","0.0","0.0","0.0","0.0","0.0","0.0","0.0","0.0","0.0","0.0","0.0","0.0","0.0","0.0"
"stress-induced responses","-0.15311743","-0.006689525","-0.027291033","0.0012765183","-0.02442467","-0.0064697242","-0.01316582","-0.0007020722","-0.005387479","-7.5545504e-05","1.3969154e-05","-0.008930601","-0.0058702943","0.0009144299","-0.002191905","0.00068072375","0.004769958","-0.0026594377","0.0012356257","-0.0005457685","-0.0064956485","-0.06711237","-0.00035602483","0.0015081523","0.00028825126","0.0019035364","-0.0019369373","-0.0018442923","0.0","0.0","0.0","0.0","0.0","0.0","0.0","0.0","0.0","0.0","0.0","0.0","-0.0046900064","0.0","0.0","0.0","0.0","0.0","0.0","0.0","0.0","0.0","0.0","0.0","0.0","0.0","0.0","0.0","0.0","0.0","0.0","0.0","0.0","0.0","0.0","0.0"
"surgical site infections","-0.15311743","-0.006689525","-0.027291033","0.0012765183","-0.02442467","-0.0064697242","-0.01316582","-0.0007020722","-0.005387479","-7.5545504e-05","1.3969154e-05","-0.008930601","-0.0058702943","0.0009144299","-0.002191905","0.00068072375","0.004769958","-0.0026594377","0.0012356257","-0.0005457685","-0.0064956485","-0.06711237","-0.00035602483","0.0015081523","0.00028825126","0.0019035364","-0.0019369373","-0.0018442923","0.0","0.0","0.0","0.0","0.0","0.0","0.0","0.0","0.0","0.0","0.0","0.0","-0.0046900064","0.0","0.0","0.0","0.0","0.0","0.0","0.0","0.0","0.0","0.0","0.0","0.0","0.0","0.0","0.0","0.0","0.0","0.0","0.0","0.0","0.0","0.0","0.0"
"surgical-wound contamination","-0.15311743","-0.006689525","-0.027291033","0.0012765183","-0.02442467","-0.0064697242","-0.01316582","-0.0007020722","-0.005387479","-7.5545504e-05","1.3969154e-05","-0.008930601","-0.0058702943","0.0009144299","-0.002191905","0.00068072375","0.004769958","-0.0026594377","0.0012356257","-0.0005457685","-0.0064956485","-0.06711237","-0.00035602483","0.0015081523","0.00028825126","0.0019035364","-0.0019369373","-0.0018442923","0.0","0.0","0.0","0.0","0.0","0.0","0.0","0.0","0.0","0.0","0.0","0.0","-0.0046900064","0.0","0.0","0.0","0.0","0.0","0.0","0.0","0.0","0.0","0.0","0.0","0.0","0.0","0.0","0.0","0.0","0.0","0.0","0.0","0.0","0.0","0.0","0.0"
"systemic inflammation","-0.15311743","-0.006689525","-0.027291033","0.0012765183","-0.02442467","-0.0064697242","-0.01316582","-0.0007020722","-0.005387479","-7.5545504e-05","1.3969154e-05","-0.008930601","-0.0058702943","0.0009144299","-0.002191905","0.00068072375","0.004769958","-0.0026594377","0.0012356257","-0.0005457685","-0.0064956485","-0.06711237","-0.00035602483","0.0015081523","0.00028825126","0.0019035364","-0.0019369373","-0.0018442923","0.0","0.0","0.0","0.0","0.0","0.0","0.0","0.0","0.0","0.0","0.0","0.0","-0.0046900064","0.0","0.0","0.0","0.0","0.0","0.0","0.0","0.0","0.0","0.0","0.0","0.0","0.0","0.0","0.0","0.0","0.0","0.0","0.0","0.0","0.0","0.0","0.0"
"systemic lupus erythematosus","-0.15311743","-0.006689525","-0.027291033","0.0012765183","-0.02442467","-0.0064697242","-0.01316582","-0.0007020722","-0.005387479","-7.5545504e-05","1.3969154e-05","-0.008930601","-0.0058702943","0.0009144299","-0.002191905","0.00068072375","0.004769958","-0.0026594377","0.0012356257","-0.0005457685","-0.0064956485","-0.06711237","-0.00035602483","0.0015081523","0.00028825126","0.0019035364","-0.0019369373","-0.0018442923","0.0","0.0","0.0","0.0","0.0","0.0","0.0","0.0","0.0","0.0","0.0","0.0","-0.0046900064","0.0","0.0","0.0","0.0","0.0","0.0","0.0","0.0","0.0","0.0","0.0","0.0","0.0","0.0","0.0","0.0","0.0","0.0","0.0","0.0","0.0","0.0","0.0"
"throat cancer","-0.15311743","-0.006689525","-0.027291033","0.0012765183","-0.02442467","-0.0064697242","-0.01316582","-0.0007020722","-0.005387479","-7.5545504e-05","1.3969154e-05","-0.008930601","-0.0058702943","0.0009144299","-0.002191905","0.00068072375","0.004769958","-0.0026594377","0.0012356257","-0.0005457685","-0.0064956485","-0.06711237","-0.00035602483","0.0015081523","0.00028825126","0.0019035364","-0.0019369373","-0.0018442923","0.0","0.0","0.0","0.0","0.0","0.0","0.0","0.0","0.0","0.0","0.0","0.0","-0.0046900064","0.0","0.0","0.0","0.0","0.0","0.0","0.0","0.0","0.0","0.0","0.0","0.0","0.0","0.0","0.0","0.0","0.0","0.0","0.0","0.0","0.0","0.0","0.0"
"thrombosis","7.710413","-2.372129","-0.7965954","-1.551986","-3.5008926","-3.004185","-4.672391","3.1352823","-6.41868","1.2466753","0.6057359","-0.9335825","0.4996338","-13.082232","-4.897306","-9.269384","-9.380799","4.729987","-4.0364103","-15.374744","-10.25169","2.2199557","-10.371213","-5.581389","1.3123883","-11.487853","3.9072847","-1.9691547","0.0","0.0","0.0","0.0","0.0","0.0","0.0","0.0","0.0","0.0","0.0","0.0","-11.650132","0.0","0.0","0.0","0.0","0.0","0.0","0.0","0.0","0.0","0.0","0.0","0.0","0.0","0.0","0.0","0.0","0.0","0.0","0.0","0.0","0.0","0.0","0.0"
"thyroid cancer","-0.15311743","-0.006689525","-0.027291033","0.0012765183","-0.02442467","-0.0064697242","-0.01316582","-0.0007020722","-0.005387479","-7.5545504e-05","1.3969154e-05","-0.008930601","-0.0058702943","0.0009144299","-0.002191905","0.00068072375","0.004769958","-0.0026594377","0.0012356257","-0.0005457685","-0.0064956485","-0.06711237","-0.00035602483","0.0015081523","0.00028825126","0.0019035364","-0.0019369373","-0.0018442923","0.0","0.0","0.0","0.0","0.0","0.0","0.0","0.0","0.0","0.0","0.0","0.0","-0.0046900064","0.0","0.0","0.0","0.0","0.0","0.0","0.0","0.0","0.0","0.0","0.0","0.0","0.0","0.0","0.0","0.0","0.0","0.0","0.0","0.0","0.0","0.0","0.0"
"thyroid carcinoma","-0.15311743","-0.006689525","-0.027291033","0.0012765183","-0.02442467","-0.0064697242","-0.01316582","-0.0007020722","-0.005387479","-7.5545504e-05","1.3969154e-05","-0.008930601","-0.0058702943","0.0009144299","-0.002191905","0.00068072375","0.004769958","-0.0026594377","0.0012356257","-0.0005457685","-0.0064956485","-0.06711237","-0.00035602483","0.0015081523","0.00028825126","0.0019035364","-0.0019369373","-0.0018442923","0.0","0.0","0.0","0.0","0.0","0.0","0.0","0.0","0.0","0.0","0.0","0.0","-0.0046900064","0.0","0.0","0.0","0.0","0.0","0.0","0.0","0.0","0.0","0.0","0.0","0.0","0.0","0.0","0.0","0.0","0.0","0.0","0.0","0.0","0.0","0.0","0.0"
"thyroid nodules","-0.15311743","-0.006689525","-0.027291033","0.0012765183","-0.02442467","-0.0064697242","-0.01316582","-0.0007020722","-0.005387479","-7.5545504e-05","1.3969154e-05","-0.008930601","-0.0058702943","0.0009144299","-0.002191905","0.00068072375","0.004769958","-0.0026594377","0.0012356257","-0.0005457685","-0.0064956485","-0.06711237","-0.00035602483","0.0015081523","0.00028825126","0.0019035364","-0.0019369373","-0.0018442923","0.0","0.0","0.0","0.0","0.0","0.0","0.0","0.0","0.0","0.0","0.0","0.0","-0.0046900064","0.0","0.0","0.0","0.0","0.0","0.0","0.0","0.0","0.0","0.0","0.0","0.0","0.0","0.0","0.0","0.0","0.0","0.0","0.0","0.0","0.0","0.0","0.0"
"trench fever","-0.15311743","-0.006689525","-0.027291033","0.0012765183","-0.02442467","-0.0064697242","-0.01316582","-0.0007020722","-0.005387479","-7.5545504e-05","1.3969154e-05","-0.008930601","-0.0058702943","0.0009144299","-0.002191905","0.00068072375","0.004769958","-0.0026594377","0.0012356257","-0.0005457685","-0.0064956485","-0.06711237","-0.00035602483","0.0015081523","0.00028825126","0.0019035364","-0.0019369373","-0.0018442923","0.0","0.0","0.0","0.0","0.0","0.0","0.0","0.0","0.0","0.0","0.0","0.0","-0.0046900064","0.0","0.0","0.0","0.0","0.0","0.0","0.0","0.0","0.0","0.0","0.0","0.0","0.0","0.0","0.0","0.0","0.0","0.0","0.0","0.0","0.0","0.0","0.0"
"triple negative breast cancer (TNBC)","-0.15311743","-0.006689525","-0.027291033","0.0012765183","-0.02442467","-0.0064697242","-0.01316582","-0.0007020722","-0.005387479","-7.5545504e-05","1.3969154e-05","-0.008930601","-0.0058702943","0.0009144299","-0.002191905","0.00068072375","0.004769958","-0.0026594377","0.0012356257","-0.0005457685","-0.0064956485","-0.06711237","-0.00035602483","0.0015081523","0.00028825126","0.0019035364","-0.0019369373","-0.0018442923","0.0","0.0","0.0","0.0","0.0","0.0","0.0","0.0","0.0","0.0","0.0","0.0","-0.0046900064","0.0","0.0","0.0","0.0","0.0","0.0","0.0","0.0","0.0","0.0","0.0","0.0","0.0","0.0","0.0","0.0","0.0","0.0","0.0","0.0","0.0","0.0","0.0"
"type 1 diabetes","-0.15311743","-0.006689525","-0.027291033","0.0012765183","-0.02442467","-0.0064697242","-0.01316582","-0.0007020722","-0.005387479","-7.5545504e-05","1.3969154e-05","-0.008930601","-0.0058702943","0.0009144299","-0.002191905","0.00068072375","0.004769958","-0.0026594377","0.0012356257","-0.0005457685","-0.0064956485","-0.06711237","-0.00035602483","0.0015081523","0.00028825126","0.0019035364","-0.0019369373","-0.0018442923","0.0","0.0","0.0","0.0","0.0","0.0","0.0","0.0","0.0","0.0","0.0","0.0","-0.0046900064","0.0","0.0","0.0","0.0","0.0","0.0","0.0","0.0","0.0","0.0","0.0","0.0","0.0","0.0","0.0","0.0","0.0","0.0","0.0","0.0","0.0","0.0","0.0"
"type 1 diabetes mellitus","-0.15311743","-0.006689525","-0.027291033","0.0012765183","-0.02442467","-0.0064697242","-0.01316582","-0.0007020722","-0.005387479","-7.5545504e-05","1.3969154e-05","-0.008930601","-0.0058702943","0.0009144299","-0.002191905","0.00068072375","0.004769958","-0.0026594377","0.0012356257","-0.0005457685","-0.0064956485","-0.06711237","-0.00035602483","0.0015081523","0.00028825126","0.0019035364","-0.0019369373","-0.0018442923","0.0","0.0","0.0","0.0","0.0","0.0","0.0","0.0","0.0","0.0","0.0","0.0","-0.0046900064","0.0","0.0","0.0","0.0","0.0","0.0","0.0","0.0","0.0","0.0","0.0","0.0","0.0","0.0","0.0","0.0","0.0","0.0","0.0","0.0","0.0","0.0","0.0"
"type 2 diabetes","-0.15311743","-0.006689525","-0.027291033","0.0012765183","-0.02442467","-0.0064697242","-0.01316582","-0.0007020722","-0.005387479","-7.5545504e-05","1.3969154e-05","-0.008930601","-0.0058702943","0.0009144299","-0.002191905","0.00068072375","0.004769958","-0.0026594377","0.0012356257","-0.0005457685","-0.0064956485","-0.06711237","-0.00035602483","0.0015081523","0.00028825126","0.0019035364","-0.0019369373","-0.0018442923","0.0","0.0","0.0","0.0","0.0","0.0","0.0","0.0","0.0","0.0","0.0","0.0","-0.0046900064","0.0","0.0","0.0","0.0","0.0","0.0","0.0","0.0","0.0","0.0","0.0","0.0","0.0","0.0","0.0","0.0","0.0","0.0","0.0","0.0","0.0","0.0","0.0"
"type 2 diabetes mellitus","-0.15311743","-0.006689525","-0.027291033","0.0012765183","-0.02442467","-0.0064697242","-0.01316582","-0.0007020722","-0.005387479","-7.5545504e-05","1.3969154e-05","-0.008930601","-0.0058702943","0.0009144299","-0.002191905","0.00068072375","0.004769958","-0.0026594377","0.0012356257","-0.0005457685","-0.0064956485","-0.06711237","-0.00035602483","0.0015081523","0.00028825126","0.0019035364","-0.0019369373","-0.0018442923","0.0","0.0","0.0","0.0","0.0","0.0","0.0","0.0","0.0","0.0","0.0","0.0","-0.0046900064","0.0","0.0","0.0","0.0","0.0","0.0","0.0","0.0","0.0","0.0","0.0","0.0","0.0","0.0","0.0","0.0","0.0","0.0","0.0","0.0","0.0","0.0","0.0"
"type II diabetes","-0.15311743","-0.006689525","-0.027291033","0.0012765183","-0.02442467","-0.0064697242","-0.01316582","-0.0007020722","-0.005387479","-7.5545504e-05","1.3969154e-05","-0.008930601","-0.0058702943","0.0009144299","-0.002191905","0.00068072375","0.004769958","-0.0026594377","0.0012356257","-0.0005457685","-0.0064956485","-0.06711237","-0.00035602483","0.0015081523","0.00028825126","0.0019035364","-0.0019369373","-0.0018442923","0.0","0.0","0.0","0.0","0.0","0.0","0.0","0.0","0.0","0.0","0.0","0.0","-0.0046900064","0.0","0.0","0.0","0.0","0.0","0.0","0.0","0.0","0.0","0.0","0.0","0.0","0.0","0.0","0.0","0.0","0.0","0.0","0.0","0.0","0.0","0.0","0.0"
"type-2 diabetes mellitus (T2DM)","-0.15311743","-0.006689525","-0.027291033","0.0012765183","-0.02442467","-0.0064697242","-0.01316582","-0.0007020722","-0.005387479","-7.5545504e-05","1.3969154e-05","-0.008930601","-0.0058702943","0.0009144299","-0.002191905","0.00068072375","0.004769958","-0.0026594377","0.0012356257","-0.0005457685","-0.0064956485","-0.06711237","-0.00035602483","0.0015081523","0.00028825126","0.0019035364","-0.0019369373","-0.0018442923","0.0","0.0","0.0","0.0","0.0","0.0","0.0","0.0","0.0","0.0","0.0","0.0","-0.0046900064","0.0","0.0","0.0","0.0","0.0","0.0","0.0","0.0","0.0","0.0","0.0","0.0","0.0","0.0","0.0","0.0","0.0","0.0","0.0","0.0","0.0","0.0","0.0"
"typhoid fever","-0.15311743","-0.006689525","-0.027291033","0.0012765183","-0.02442467","-0.0064697242","-0.01316582","-0.0007020722","-0.005387479","-7.5545504e-05","1.3969154e-05","-0.008930601","-0.0058702943","0.0009144299","-0.002191905","0.00068072375","0.004769958","-0.0026594377","0.0012356257","-0.0005457685","-0.0064956485","-0.06711237","-0.00035602483","0.0015081523","0.00028825126","0.0019035364","-0.0019369373","-0.0018442923","0.0","0.0","0.0","0.0","0.0","0.0","0.0","0.0","0.0","0.0","0.0","0.0","-0.0046900064","0.0","0.0","0.0","0.0","0.0","0.0","0.0","0.0","0.0","0.0","0.0","0.0","0.0","0.0","0.0","0.0","0.0","0.0","0.0","0.0","0.0","0.0","0.0"
"ulcerative colitis","-0.15311743","-0.006689525","-0.027291033","0.0012765183","-0.02442467","-0.0064697242","-0.01316582","-0.0007020722","-0.005387479","-7.5545504e-05","1.3969154e-05","-0.008930601","-0.0058702943","0.0009144299","-0.002191905","0.00068072375","0.004769958","-0.0026594377","0.0012356257","-0.0005457685","-0.0064956485","-0.06711237","-0.00035602483","0.0015081523","0.00028825126","0.0019035364","-0.0019369373","-0.0018442923","0.0","0.0","0.0","0.0","0.0","0.0","0.0","0.0","0.0","0.0","0.0","0.0","-0.0046900064","0.0","0.0","0.0","0.0","0.0","0.0","0.0","0.0","0.0","0.0","0.0","0.0","0.0","0.0","0.0","0.0","0.0","0.0","0.0","0.0","0.0","0.0","0.0"
"urinary incontinence","-0.15311743","-0.006689525","-0.027291033","0.0012765183","-0.02442467","-0.0064697242","-0.01316582","-0.0007020722","-0.005387479","-7.5545504e-05","1.3969154e-05","-0.008930601","-0.0058702943","0.0009144299","-0.002191905","0.00068072375","0.004769958","-0.0026594377","0.0012356257","-0.0005457685","-0.0064956485","-0.06711237","-0.00035602483","0.0015081523","0.00028825126","0.0019035364","-0.0019369373","-0.0018442923","0.0","0.0","0.0","0.0","0.0","0.0","0.0","0.0","0.0","0.0","0.0","0.0","-0.0046900064","0.0","0.0","0.0","0.0","0.0","0.0","0.0","0.0","0.0","0.0","0.0","0.0","0.0","0.0","0.0","0.0","0.0","0.0","0.0","0.0","0.0","0.0","0.0"
"urinary tract infection","-0.15311743","-0.006689525","-0.027291033","0.0012765183","-0.02442467","-0.0064697242","-0.01316582","-0.0007020722","-0.005387479","-7.5545504e-05","1.3969154e-05","-0.008930601","-0.0058702943","0.0009144299","-0.002191905","0.00068072375","0.004769958","-0.0026594377","0.0012356257","-0.0005457685","-0.0064956485","-0.06711237","-0.00035602483","0.0015081523","0.00028825126","0.0019035364","-0.0019369373","-0.0018442923","0.0","0.0","0.0","0.0","0.0","0.0","0.0","0.0","0.0","0.0","0.0","0.0","-0.0046900064","0.0","0.0","0.0","0.0","0.0","0.0","0.0","0.0","0.0","0.0","0.0","0.0","0.0","0.0","0.0","0.0","0.0","0.0","0.0","0.0","0.0","0.0","0.0"
"ventilator-associated pneumonia","-0.15311743","-0.006689525","-0.027291033","0.0012765183","-0.02442467","-0.0064697242","-0.01316582","-0.0007020722","-0.005387479","-7.5545504e-05","1.3969154e-05","-0.008930601","-0.0058702943","0.0009144299","-0.002191905","0.00068072375","0.004769958","-0.0026594377","0.0012356257","-0.0005457685","-0.0064956485","-0.06711237","-0.00035602483","0.0015081523","0.00028825126","0.0019035364","-0.0019369373","-0.0018442923","0.0","0.0","0.0","0.0","0.0","0.0","0.0","0.0","0.0","0.0","0.0","0.0","-0.0046900064","0.0","0.0","0.0","0.0","0.0","0.0","0.0","0.0","0.0","0.0","0.0","0.0","0.0","0.0","0.0","0.0","0.0","0.0","0.0","0.0","0.0","0.0","0.0"
"viral diarrhea","-0.15311743","-0.006689525","-0.027291033","0.0012765183","-0.02442467","-0.0064697242","-0.01316582","-0.0007020722","-0.005387479","-7.5545504e-05","1.3969154e-05","-0.008930601","-0.0058702943","0.0009144299","-0.002191905","0.00068072375","0.004769958","-0.0026594377","0.0012356257","-0.0005457685","-0.0064956485","-0.06711237","-0.00035602483","0.0015081523","0.00028825126","0.0019035364","-0.0019369373","-0.0018442923","0.0","0.0","0.0","0.0","0.0","0.0","0.0","0.0","0.0","0.0","0.0","0.0","-0.0046900064","0.0","0.0","0.0","0.0","0.0","0.0","0.0","0.0","0.0","0.0","0.0","0.0","0.0","0.0","0.0","0.0","0.0","0.0","0.0","0.0","0.0","0.0","0.0"
"wound infection","-0.15311743","-0.006689525","-0.027291033","0.0012765183","-0.02442467","-0.0064697242","-0.01316582","-0.0007020722","-0.005387479","-7.5545504e-05","1.3969154e-05","-0.008930601","-0.0058702943","0.0009144299","-0.002191905","0.00068072375","0.004769958","-0.0026594377","0.0012356257","-0.0005457685","-0.0064956485","-0.06711237","-0.00035602483","0.0015081523","0.00028825126","0.0019035364","-0.0019369373","-0.0018442923","0.0","0.0","0.0","0.0","0.0","0.0","0.0","0.0","0.0","0.0","0.0","0.0","-0.0046900064","0.0","0.0","0.0","0.0","0.0","0.0","0.0","0.0","0.0","0.0","0.0","0.0","0.0","0.0","0.0","0.0","0.0","0.0","0.0","0.0","0.0","0.0","0.0"
